between,and,width,kept,reason,because_of
wall of tile 045579 (room 0x59),wall of tile 0BD512 (room 0x26),27.463,no,the line between them touches another wall,wall of tile 000F12 (room 0x26)
wall of tile 045579 (room 0x59),door 0x1eec40 (preset 0x002e),19.407,no,"another wall pokes into the space between them, so a tighter pair covers this gap",door 0x1eec40 (preset 0x002e)
wall of tile 045579 (room 0x59),door 0x1eec40 (preset 0x002e),3.881,yes,,
wall of tile 045579 (room 0x59),door 0x1eec40 (preset 0x002e),3.881,yes,,
wall of tile 045579 (room 0x59),door 0x1eec40 (preset 0x002e),19.407,no,"another wall pokes into the space between them, so a tighter pair covers this gap",door 0x1eec40 (preset 0x002e)
wall of tile 04557A (room 0x59),wall of tile 0BD311 (room 0x26),27.463,no,the line between them touches another wall,wall of tile 000F11 (room 0x26)
wall of tile 04557A (room 0x59),door 0x1eed40 (preset 0x002f),1.315,yes,,
wall of tile 04557A (room 0x59),door 0x1eed40 (preset 0x002f),1.315,yes,,
wall of tile 04557A (room 0x59),door 0x1eed40 (preset 0x002f),1.315,no,"another wall pokes into the space between them, so a tighter pair covers this gap",door 0x1eed40 (preset 0x002f)
wall of tile 04557A (room 0x59),door 0x1eed40 (preset 0x002f),6.576,no,"another wall pokes into the space between them, so a tighter pair covers this gap",door 0x1eed40 (preset 0x002f)
wall of tile 03C479 (room 0x55),door 0x1eec40 (preset 0x002e),22.885,no,"the line between them leaves the walkable area (a wall's thickness, or another floor)",
wall of tile 03C479 (room 0x55),door 0x1eec40 (preset 0x002e),4.577,no,"the line between them leaves the walkable area (a wall's thickness, or another floor)",
wall of tile 03C479 (room 0x55),door 0x1eec40 (preset 0x002e),4.577,no,"the line between them leaves the walkable area (a wall's thickness, or another floor)",
wall of tile 03C479 (room 0x55),door 0x1eec40 (preset 0x002e),22.886,no,"the line between them leaves the walkable area (a wall's thickness, or another floor)",
wall of tile 03D778 (room 0x57),wall of tile 03BF7A (room 0x58),18.308,no,the line between them touches another wall,wall of tile 011079 (room 0x57)
wall of tile 03D878 (room 0x57),wall of tile 03BF79 (room 0x58),18.308,no,the line between them touches another wall,wall of tile 01107A (room 0x57)
wall of tile 037679 (room 0x53),door 0x1eed40 (preset 0x002f),4.577,no,"another wall pokes into the space between them, so a tighter pair covers this gap",wall of tile 04557A (room 0x59)
wall of tile 037679 (room 0x53),door 0x1eed40 (preset 0x002f),4.577,no,"the line between them leaves the walkable area (a wall's thickness, or another floor)",
wall of tile 037679 (room 0x53),door 0x1eed40 (preset 0x002f),4.577,no,"the line between them leaves the walkable area (a wall's thickness, or another floor)",
wall of tile 037679 (room 0x53),door 0x1eed40 (preset 0x002f),22.886,no,the line between them touches another wall,door 0x1eed40 (preset 0x002f)
wall of tile 022B7A (room 0x53),wall of tile 037C79 (room 0x53),9.154,no,the line between them touches another wall,wall of tile 022B79 (room 0x53)
wall of tile 022B7A (room 0x53),wall of tile 037C7A (room 0x53),20.469,no,"the line between them leaves the walkable area (a wall's thickness, or another floor)",
wall of tile 022B79 (room 0x53),wall of tile 037C7A (room 0x53),9.154,no,the line between them touches another wall,wall of tile 022B79 (room 0x53)
wall of tile 022B79 (room 0x53),wall of tile 037C7A (room 0x53),20.469,no,"the line between them leaves the walkable area (a wall's thickness, or another floor)",
wall of tile 022B79 (room 0x53),wall of tile 037C7A (room 0x53),18.308,no,the line between them touches another wall,wall of tile 037C7A (room 0x53)
wall of tile 022B79 (room 0x53),wall of tile 037C7A (room 0x53),18.308,no,the line between them touches another wall,wall of tile 037C79 (room 0x53)
wall of tile 0BD412 (room 0x26),wall of tile 002F11 (room 0x25),9.154,no,"the line between them leaves the walkable area (a wall's thickness, or another floor)",
wall of tile 0BD412 (room 0x26),wall of tile 002A10 (room 0x25),9.154,no,"the line between them leaves the walkable area (a wall's thickness, or another floor)",
wall of tile 0BD412 (room 0x26),wall of tile 002810 (room 0x25),9.154,no,"the line between them leaves the walkable area (a wall's thickness, or another floor)",
wall of tile 0BD412 (room 0x26),wall of tile 002B10 (room 0x25),9.154,no,"the line between them leaves the walkable area (a wall's thickness, or another floor)",
wall of tile 0BD412 (room 0x26),wall of tile 003011 (room 0x25),9.154,no,"the line between them leaves the walkable area (a wall's thickness, or another floor)",
wall of tile 0BD412 (room 0x26),wall of tile 002710 (room 0x25),9.154,no,"the line between them leaves the walkable area (a wall's thickness, or another floor)",
wall of tile 0BD412 (room 0x26),door 0x1ee430 (preset 0x0026),9.154,no,"the line between them leaves the walkable area (a wall's thickness, or another floor)",
wall of tile 0BD412 (room 0x26),door 0x1ee430 (preset 0x0026),4.577,no,"the line between them leaves the walkable area (a wall's thickness, or another floor)",
wall of tile 0BD412 (room 0x26),door 0x1ee430 (preset 0x0026),4.577,no,"the line between them leaves the walkable area (a wall's thickness, or another floor)",
wall of tile 0BD412 (room 0x26),door 0x1ee430 (preset 0x0026),9.154,no,"the line between them leaves the walkable area (a wall's thickness, or another floor)",
wall of tile 0BD412 (room 0x26),door 0x1ee530 (preset 0x0027),4.577,no,"another wall pokes into the space between them, so a tighter pair covers this gap",wall of tile 0BD011 (room 0x26)
wall of tile 0BD412 (room 0x26),door 0x1ee530 (preset 0x0027),4.577,no,"another wall pokes into the space between them, so a tighter pair covers this gap",wall of tile 0BD011 (room 0x26)
wall of tile 0BD412 (room 0x26),door 0x1ee530 (preset 0x0027),4.577,no,"another wall pokes into the space between them, so a tighter pair covers this gap",wall of tile 0BD011 (room 0x26)
wall of tile 0BD412 (room 0x26),door 0x1ee530 (preset 0x0027),9.154,no,"another wall pokes into the space between them, so a tighter pair covers this gap",wall of tile 0BD011 (room 0x26)
wall of tile 0BD112 (room 0x26),wall of tile 002A10 (room 0x25),9.154,no,the line between them touches another wall,wall of tile 002F11 (room 0x25)
wall of tile 0BD112 (room 0x26),door 0x1ee430 (preset 0x0026),0.000,no,"the line between them leaves the walkable area (a wall's thickness, or another floor)",
wall of tile 0BD112 (room 0x26),door 0x1ee430 (preset 0x0026),0.000,no,"the line between them leaves the walkable area (a wall's thickness, or another floor)",
wall of tile 0BD112 (room 0x26),door 0x1ee430 (preset 0x0026),0.000,no,the line between them touches another wall,door 0x1ee430 (preset 0x0026)
wall of tile 0BD212 (room 0x26),wall of tile 002F11 (room 0x25),9.154,no,"the line between them leaves the walkable area (a wall's thickness, or another floor)",
wall of tile 0BD212 (room 0x26),wall of tile 005711 (room 0x25),9.154,no,"the line between them leaves the walkable area (a wall's thickness, or another floor)",
wall of tile 0BD212 (room 0x26),wall of tile 005A10 (room 0x25),9.154,no,"the line between them leaves the walkable area (a wall's thickness, or another floor)",
wall of tile 0BD212 (room 0x26),wall of tile 005C10 (room 0x25),9.154,no,"the line between them leaves the walkable area (a wall's thickness, or another floor)",
wall of tile 0BD212 (room 0x26),wall of tile 012110 (room 0x23),4.577,no,"the line between them leaves the walkable area (a wall's thickness, or another floor)",
wall of tile 0BD212 (room 0x26),door 0x1ee430 (preset 0x0026),4.577,no,"another wall pokes into the space between them, so a tighter pair covers this gap",wall of tile 0BD111 (room 0x26)
wall of tile 0BD212 (room 0x26),door 0x1ee430 (preset 0x0026),4.577,no,"another wall pokes into the space between them, so a tighter pair covers this gap",wall of tile 0BD111 (room 0x26)
wall of tile 0BD212 (room 0x26),door 0x1ee430 (preset 0x0026),4.577,no,"another wall pokes into the space between them, so a tighter pair covers this gap",wall of tile 0BD111 (room 0x26)
wall of tile 0BD212 (room 0x26),door 0x1ee430 (preset 0x0026),9.154,no,"another wall pokes into the space between them, so a tighter pair covers this gap",wall of tile 002F11 (room 0x25)
wall of tile 0BD211 (room 0x26),wall of tile 005A10 (room 0x25),9.154,no,"the line between them leaves the walkable area (a wall's thickness, or another floor)",
wall of tile 0BD211 (room 0x26),wall of tile 005C10 (room 0x25),9.154,no,"the line between them leaves the walkable area (a wall's thickness, or another floor)",
wall of tile 0BD211 (room 0x26),wall of tile 012110 (room 0x23),4.577,no,"the line between them leaves the walkable area (a wall's thickness, or another floor)",
wall of tile 0BD211 (room 0x26),wall of tile 001308 (room 0x20),27.463,no,"the line between them leaves the walkable area (a wall's thickness, or another floor)",
wall of tile 0BD211 (room 0x26),wall of tile 001208 (room 0x20),27.463,no,"the line between them leaves the walkable area (a wall's thickness, or another floor)",
wall of tile 0BD211 (room 0x26),wall of tile 001308 (room 0x20),27.463,no,"the line between them leaves the walkable area (a wall's thickness, or another floor)",
wall of tile 0BD211 (room 0x26),wall of tile 001208 (room 0x20),27.463,no,"the line between them leaves the walkable area (a wall's thickness, or another floor)",
wall of tile 0BD111 (room 0x26),wall of tile 005711 (room 0x25),9.154,no,the line between them touches another wall,wall of tile 002F11 (room 0x25)
wall of tile 0BD111 (room 0x26),door 0x1ee430 (preset 0x0026),0.000,yes,,
wall of tile 0BD111 (room 0x26),door 0x1ee430 (preset 0x0026),0.000,yes,,
wall of tile 0BD111 (room 0x26),door 0x1ee430 (preset 0x0026),0.000,yes,,
wall of tile 0BD111 (room 0x26),door 0x1ee430 (preset 0x0026),0.000,no,"another wall pokes into the space between them, so a tighter pair covers this gap",door 0x1ee430 (preset 0x0026)
wall of tile 002F11 (room 0x25),door 0x1ee430 (preset 0x0026),4.577,no,"another wall pokes into the space between them, so a tighter pair covers this gap",wall of tile 0BD111 (room 0x26)
wall of tile 002F11 (room 0x25),door 0x1ee430 (preset 0x0026),4.577,no,"another wall pokes into the space between them, so a tighter pair covers this gap",wall of tile 0BD111 (room 0x26)
wall of tile 002F11 (room 0x25),door 0x1ee430 (preset 0x0026),0.000,yes,,
wall of tile 002F11 (room 0x25),door 0x1ee430 (preset 0x0026),0.000,no,"another wall pokes into the space between them, so a tighter pair covers this gap",door 0x1ee430 (preset 0x0026)
wall of tile 002F11 (room 0x25),door 0x1ee430 (preset 0x0026),0.000,no,"the line between them leaves the walkable area (a wall's thickness, or another floor)",
wall of tile 002F11 (room 0x25),door 0x1ee430 (preset 0x0026),4.577,no,the line between them touches another wall,door 0x1ee430 (preset 0x0026)
wall of tile 002F11 (room 0x25),door 0x1ee430 (preset 0x0026),0.000,no,the line between them touches another wall,door 0x1ee430 (preset 0x0026)
wall of tile 005711 (room 0x25),door 0x1ee430 (preset 0x0026),10.235,no,"the line between them leaves the walkable area (a wall's thickness, or another floor)",
wall of tile 005711 (room 0x25),door 0x1ee430 (preset 0x0026),10.235,no,"the line between them leaves the walkable area (a wall's thickness, or another floor)",
wall of tile 005711 (room 0x25),door 0x1ee430 (preset 0x0026),9.154,no,the line between them touches another wall,wall of tile 002F11 (room 0x25)
wall of tile 005711 (room 0x25),door 0x1ee430 (preset 0x0026),9.154,no,"another wall pokes into the space between them, so a tighter pair covers this gap",wall of tile 002F11 (room 0x25)
wall of tile 002A10 (room 0x25),door 0x1ee430 (preset 0x0026),9.154,no,the line between them touches another wall,wall of tile 002F11 (room 0x25)
wall of tile 002A10 (room 0x25),door 0x1ee430 (preset 0x0026),9.154,no,"the line between them leaves the walkable area (a wall's thickness, or another floor)",
wall of tile 002A10 (room 0x25),door 0x1ee430 (preset 0x0026),10.235,no,"the line between them leaves the walkable area (a wall's thickness, or another floor)",
wall of tile 002A10 (room 0x25),door 0x1ee430 (preset 0x0026),9.154,no,"another wall pokes into the space between them, so a tighter pair covers this gap",wall of tile 002F11 (room 0x25)
wall of tile 001410 (room 0x25),wall of tile 03A410 (room 0x25),27.463,no,the far wall faces the other way (it belongs to floor which isn't linked here),
wall of tile 001410 (room 0x25),wall of tile 008B21 (room 0x29),13.731,no,the line between them touches another wall,wall of tile 03E611 (room 0x25)
wall of tile 001410 (room 0x25),wall of tile 002120 (room 0x29),27.463,no,"the line between them leaves the walkable area (a wall's thickness, or another floor)",
wall of tile 001410 (room 0x25),wall of tile 002120 (room 0x29),27.463,no,"the line between them leaves the walkable area (a wall's thickness, or another floor)",
wall of tile 001410 (room 0x25),wall of tile 007D18 (room 0x27),27.463,no,"the line between them leaves the walkable area (a wall's thickness, or another floor)",
wall of tile 001410 (room 0x25),wall of tile 007F18 (room 0x27),27.463,no,"the line between them leaves the walkable area (a wall's thickness, or another floor)",
wall of tile 001410 (room 0x25),wall of tile 000119 (room 0x27),13.731,no,the line between them touches another wall,wall of tile 03E611 (room 0x25)
wall of tile 001410 (room 0x25),door 0x1ee730 (preset 0x002b),0.000,no,the line between them touches another wall,door 0x1ee730 (preset 0x002b)
wall of tile 001410 (room 0x25),door 0x1ee730 (preset 0x002b),18.308,no,"the line between them leaves the walkable area (a wall's thickness, or another floor)",
wall of tile 001410 (room 0x25),door 0x1ee730 (preset 0x002b),18.308,no,"the line between them leaves the walkable area (a wall's thickness, or another floor)",
wall of tile 001410 (room 0x25),door 0x1ee830 (preset 0x002c),0.000,no,the far wall faces the other way (it belongs to floor which isn't linked here),
wall of tile 001410 (room 0x25),door 0x1ee830 (preset 0x002c),9.154,no,"the line between them leaves the walkable area (a wall's thickness, or another floor)",
wall of tile 001410 (room 0x25),door 0x1ee830 (preset 0x002c),9.154,no,"the line between them leaves the walkable area (a wall's thickness, or another floor)",
wall of tile 001410 (room 0x25),wall of tile 037E11 (room 0x25),49.509,no,the far wall faces the other way (it belongs to floor which isn't linked here),
wall of tile 001410 (room 0x25),wall of tile 037C11 (room 0x25),30.704,no,the far wall faces the other way (it belongs to floor which isn't linked here),
wall of tile 001410 (room 0x25),wall of tile 037A11 (room 0x25),27.463,no,the far wall faces the other way (it belongs to floor which isn't linked here),
wall of tile 001410 (room 0x25),wall of tile 03A512 (room 0x25),27.463,no,the far wall faces the other way (it belongs to floor which isn't linked here),
wall of tile 001410 (room 0x25),wall of tile 008B22 (room 0x29),13.731,no,the line between them touches another wall,wall of tile 03E612 (room 0x25)
wall of tile 001410 (room 0x25),wall of tile 00B221 (room 0x29),27.463,no,"the line between them leaves the walkable area (a wall's thickness, or another floor)",
wall of tile 001410 (room 0x25),wall of tile 00801A (room 0x27),27.463,no,"the line between them leaves the walkable area (a wall's thickness, or another floor)",
wall of tile 001410 (room 0x25),wall of tile 00011A (room 0x27),13.731,no,the line between them touches another wall,wall of tile 03E612 (room 0x25)
wall of tile 001410 (room 0x25),door 0x1ee730 (preset 0x002b),0.000,no,the line between them touches another wall,door 0x1ee730 (preset 0x002b)
wall of tile 001410 (room 0x25),door 0x1ee730 (preset 0x002b),0.000,no,"the line between them leaves the walkable area (a wall's thickness, or another floor)",
wall of tile 001410 (room 0x25),door 0x1ee730 (preset 0x002b),18.308,no,"the line between them leaves the walkable area (a wall's thickness, or another floor)",
wall of tile 001410 (room 0x25),door 0x1ee830 (preset 0x002c),0.000,no,the far wall faces the other way (it belongs to floor which isn't linked here),
wall of tile 001410 (room 0x25),door 0x1ee830 (preset 0x002c),0.000,no,"the line between them leaves the walkable area (a wall's thickness, or another floor)",
wall of tile 001410 (room 0x25),door 0x1ee830 (preset 0x002c),9.154,no,"the line between them leaves the walkable area (a wall's thickness, or another floor)",
wall of tile 03E612 (room 0x25),wall of tile 001610 (room 0x25),41.194,no,the line between them touches another wall,wall of tile 001410 (room 0x25)
wall of tile 03E612 (room 0x25),wall of tile 037A11 (room 0x25),38.838,no,the far wall faces the other way (it belongs to floor which isn't linked here),
wall of tile 03E612 (room 0x25),wall of tile 03A512 (room 0x25),27.463,no,the far wall faces the other way (it belongs to floor which isn't linked here),
wall of tile 03E612 (room 0x25),wall of tile 00B221 (room 0x29),13.731,no,the line between them touches another wall,wall of tile 00011A (room 0x27)
wall of tile 03E612 (room 0x25),wall of tile 00801A (room 0x27),13.731,no,the line between them touches another wall,wall of tile 00011A (room 0x27)
wall of tile 03E612 (room 0x25),door 0x1ee730 (preset 0x002b),0.000,no,the line between them touches another wall,door 0x1ee730 (preset 0x002b)
wall of tile 03E612 (room 0x25),door 0x1ee730 (preset 0x002b),0.000,no,"the line between them leaves the walkable area (a wall's thickness, or another floor)",
wall of tile 03E612 (room 0x25),door 0x1ee730 (preset 0x002b),0.000,no,"the line between them leaves the walkable area (a wall's thickness, or another floor)",
wall of tile 03E612 (room 0x25),door 0x1ee730 (preset 0x002b),4.577,no,the line between them touches another wall,wall of tile 00011A (room 0x27)
wall of tile 03E612 (room 0x25),door 0x1ee830 (preset 0x002c),0.000,no,the far wall faces the other way (it belongs to floor which isn't linked here),
wall of tile 03E612 (room 0x25),door 0x1ee830 (preset 0x002c),0.000,no,"the line between them leaves the walkable area (a wall's thickness, or another floor)",
wall of tile 03E612 (room 0x25),door 0x1ee830 (preset 0x002c),0.000,no,"the line between them leaves the walkable area (a wall's thickness, or another floor)",
wall of tile 001610 (room 0x25),wall of tile 001610 (room 0x25),27.463,yes,,
wall of tile 001610 (room 0x25),wall of tile 040211 (room 0x25),27.463,yes,,
wall of tile 001610 (room 0x25),wall of tile 039011 (room 0x25),41.194,no,the line between them touches another wall,wall of tile 040212 (room 0x25)
wall of tile 001610 (room 0x25),wall of tile 039012 (room 0x25),41.194,no,the line between them touches another wall,wall of tile 040112 (room 0x25)
wall of tile 001610 (room 0x25),wall of tile 038E11 (room 0x25),13.731,no,the line between them touches another wall,wall of tile 040212 (room 0x25)
wall of tile 001610 (room 0x25),wall of tile 038E12 (room 0x25),13.731,no,the line between them touches another wall,wall of tile 040112 (room 0x25)
wall of tile 001610 (room 0x25),wall of tile 038A11 (room 0x25),13.731,no,the far wall faces the other way (it belongs to floor which isn't linked here),
wall of tile 001610 (room 0x25),wall of tile 038A12 (room 0x25),13.731,no,the far wall faces the other way (it belongs to floor which isn't linked here),
wall of tile 001610 (room 0x25),wall of tile 038811 (room 0x25),41.194,no,the far wall faces the other way (it belongs to floor which isn't linked here),
wall of tile 001610 (room 0x25),wall of tile 038812 (room 0x25),41.194,no,the far wall faces the other way (it belongs to floor which isn't linked here),
wall of tile 001610 (room 0x25),wall of tile 002620 (room 0x29),54.925,no,"the line between them leaves the walkable area (a wall's thickness, or another floor)",
wall of tile 001610 (room 0x25),wall of tile 00801A (room 0x27),54.925,no,"the line between them leaves the walkable area (a wall's thickness, or another floor)",
wall of tile 001610 (room 0x25),wall of tile 040212 (room 0x25),27.463,yes,,
wall of tile 001610 (room 0x25),wall of tile 039011 (room 0x25),49.509,no,the far wall faces the other way (it belongs to floor which isn't linked here),
wall of tile 001610 (room 0x25),wall of tile 038E11 (room 0x25),30.704,no,the far wall faces the other way (it belongs to floor which isn't linked here),
wall of tile 001610 (room 0x25),wall of tile 038C11 (room 0x25),27.463,no,the far wall faces the other way (it belongs to floor which isn't linked here),
wall of tile 001610 (room 0x25),wall of tile 038A11 (room 0x25),27.463,no,the far wall faces the other way (it belongs to floor which isn't linked here),
wall of tile 001610 (room 0x25),wall of tile 038811 (room 0x25),27.463,no,the far wall faces the other way (it belongs to floor which isn't linked here),
wall of tile 001610 (room 0x25),wall of tile 038611 (room 0x25),27.463,no,the far wall faces the other way (it belongs to floor which isn't linked here),
wall of tile 001610 (room 0x25),wall of tile 038411 (room 0x25),27.463,no,the far wall faces the other way (it belongs to floor which isn't linked here),
wall of tile 001610 (room 0x25),wall of tile 038211 (room 0x25),27.463,no,the far wall faces the other way (it belongs to floor which isn't linked here),
wall of tile 001610 (room 0x25),wall of tile 038011 (room 0x25),27.463,no,the far wall faces the other way (it belongs to floor which isn't linked here),
wall of tile 001610 (room 0x25),wall of tile 037E11 (room 0x25),27.463,no,the far wall faces the other way (it belongs to floor which isn't linked here),
wall of tile 001610 (room 0x25),wall of tile 037C11 (room 0x25),27.463,no,the far wall faces the other way (it belongs to floor which isn't linked here),
wall of tile 001610 (room 0x25),wall of tile 037A11 (room 0x25),27.463,no,the far wall faces the other way (it belongs to floor which isn't linked here),
wall of tile 001610 (room 0x25),wall of tile 03A512 (room 0x25),30.704,no,the far wall faces the other way (it belongs to floor which isn't linked here),
wall of tile 001610 (room 0x25),wall of tile 03A311 (room 0x25),41.194,no,the line between them touches another wall,wall of tile 001410 (room 0x25)
wall of tile 001610 (room 0x25),wall of tile 040411 (room 0x25),41.194,no,the line between them touches another wall,wall of tile 001410 (room 0x25)
wall of tile 001610 (room 0x25),wall of tile 008B22 (room 0x29),43.422,no,"the line between them leaves the walkable area (a wall's thickness, or another floor)",
wall of tile 001610 (room 0x25),wall of tile 00B221 (room 0x29),27.463,no,"the line between them leaves the walkable area (a wall's thickness, or another floor)",
wall of tile 001610 (room 0x25),wall of tile 002620 (room 0x29),27.463,no,"the line between them leaves the walkable area (a wall's thickness, or another floor)",
wall of tile 001610 (room 0x25),wall of tile 00801A (room 0x27),27.463,no,"the line between them leaves the walkable area (a wall's thickness, or another floor)",
wall of tile 001610 (room 0x25),wall of tile 00011A (room 0x27),43.422,no,"the line between them leaves the walkable area (a wall's thickness, or another floor)",
wall of tile 001610 (room 0x25),door 0x1ee730 (preset 0x002b),41.194,no,"another wall pokes into the space between them, so a tighter pair covers this gap",wall of tile 001410 (room 0x25)
wall of tile 001610 (room 0x25),door 0x1ee730 (preset 0x002b),41.194,no,the line between them touches another wall,wall of tile 001410 (room 0x25)
wall of tile 001610 (room 0x25),door 0x1ee730 (preset 0x002b),41.194,no,"the line between them leaves the walkable area (a wall's thickness, or another floor)",
wall of tile 001610 (room 0x25),door 0x1ee730 (preset 0x002b),45.079,no,"the line between them leaves the walkable area (a wall's thickness, or another floor)",
wall of tile 001610 (room 0x25),door 0x1ee830 (preset 0x002c),41.194,no,the far wall faces the other way (it belongs to floor which isn't linked here),
wall of tile 001610 (room 0x25),door 0x1ee830 (preset 0x002c),41.194,no,the line between them touches another wall,wall of tile 001410 (room 0x25)
wall of tile 001610 (room 0x25),door 0x1ee830 (preset 0x002c),41.194,no,"the line between them leaves the walkable area (a wall's thickness, or another floor)",
wall of tile 001610 (room 0x25),door 0x1ee830 (preset 0x002c),42.199,no,"the line between them leaves the walkable area (a wall's thickness, or another floor)",
wall of tile 040212 (room 0x25),wall of tile 040211 (room 0x25),27.463,yes,,
wall of tile 040212 (room 0x25),wall of tile 038A11 (room 0x25),13.731,no,the far wall faces the other way (it belongs to floor which isn't linked here),
wall of tile 040212 (room 0x25),wall of tile 038811 (room 0x25),41.194,no,the far wall faces the other way (it belongs to floor which isn't linked here),
wall of tile 040212 (room 0x25),wall of tile 002620 (room 0x29),54.925,no,"the line between them leaves the walkable area (a wall's thickness, or another floor)",
wall of tile 040212 (room 0x25),wall of tile 00801A (room 0x27),54.925,no,"the line between them leaves the walkable area (a wall's thickness, or another floor)",
wall of tile 040112 (room 0x25),wall of tile 038A12 (room 0x25),13.731,no,the far wall faces the other way (it belongs to floor which isn't linked here),
wall of tile 040112 (room 0x25),wall of tile 038812 (room 0x25),41.194,no,the far wall faces the other way (it belongs to floor which isn't linked here),
wall of tile 040211 (room 0x25),wall of tile 039A11 (room 0x25),27.463,no,the far wall faces the other way (it belongs to floor which isn't linked here),
wall of tile 040211 (room 0x25),wall of tile 039811 (room 0x25),27.463,no,the far wall faces the other way (it belongs to floor which isn't linked here),
wall of tile 040211 (room 0x25),wall of tile 039611 (room 0x25),27.463,no,the far wall faces the other way (it belongs to floor which isn't linked here),
wall of tile 040211 (room 0x25),wall of tile 039411 (room 0x25),27.463,no,the far wall faces the other way (it belongs to floor which isn't linked here),
wall of tile 040211 (room 0x25),wall of tile 039211 (room 0x25),27.463,no,the far wall faces the other way (it belongs to floor which isn't linked here),
wall of tile 040211 (room 0x25),wall of tile 039011 (room 0x25),27.463,no,the far wall faces the other way (it belongs to floor which isn't linked here),
wall of tile 040211 (room 0x25),wall of tile 038E11 (room 0x25),27.463,no,the far wall faces the other way (it belongs to floor which isn't linked here),
wall of tile 040211 (room 0x25),wall of tile 038C11 (room 0x25),27.463,no,the far wall faces the other way (it belongs to floor which isn't linked here),
wall of tile 040211 (room 0x25),wall of tile 038A11 (room 0x25),30.704,no,the far wall faces the other way (it belongs to floor which isn't linked here),
wall of tile 040211 (room 0x25),wall of tile 038811 (room 0x25),49.509,no,the far wall faces the other way (it belongs to floor which isn't linked here),
wall of tile 040211 (room 0x25),wall of tile 002620 (room 0x29),27.463,no,"the line between them leaves the walkable area (a wall's thickness, or another floor)",
wall of tile 040211 (room 0x25),wall of tile 002320 (room 0x29),27.463,no,"the line between them leaves the walkable area (a wall's thickness, or another floor)",
wall of tile 040211 (room 0x25),wall of tile 00801A (room 0x27),27.463,no,"the line between them leaves the walkable area (a wall's thickness, or another floor)",
wall of tile 040211 (room 0x25),wall of tile 007B18 (room 0x27),27.463,no,"the line between them leaves the walkable area (a wall's thickness, or another floor)",
wall of tile 039A11 (room 0x25),wall of tile 039611 (room 0x25),27.463,no,the line between them touches another wall,wall of tile 039811 (room 0x25)
wall of tile 039A11 (room 0x25),wall of tile 039411 (room 0x25),54.925,no,the line between them touches another wall,wall of tile 039811 (room 0x25)
wall of tile 039A11 (room 0x25),wall of tile 002620 (room 0x29),54.925,no,"the line between them leaves the walkable area (a wall's thickness, or another floor)",
wall of tile 039A11 (room 0x25),wall of tile 00801A (room 0x27),54.925,no,"the line between them leaves the walkable area (a wall's thickness, or another floor)",
wall of tile 039A12 (room 0x25),wall of tile 039612 (room 0x25),27.463,no,the line between them touches another wall,wall of tile 039812 (room 0x25)
wall of tile 039A12 (room 0x25),wall of tile 039412 (room 0x25),54.925,no,the line between them touches another wall,wall of tile 039812 (room 0x25)
wall of tile 039811 (room 0x25),wall of tile 039411 (room 0x25),27.463,no,the line between them touches another wall,wall of tile 039611 (room 0x25)
wall of tile 039811 (room 0x25),wall of tile 039211 (room 0x25),50.348,no,the line between them touches another wall,wall of tile 039611 (room 0x25)
wall of tile 039811 (room 0x25),wall of tile 002620 (room 0x29),54.925,no,"the line between them leaves the walkable area (a wall's thickness, or another floor)",
wall of tile 039811 (room 0x25),wall of tile 00801A (room 0x27),54.925,no,"the line between them leaves the walkable area (a wall's thickness, or another floor)",
wall of tile 039812 (room 0x25),wall of tile 039412 (room 0x25),27.463,no,the line between them touches another wall,wall of tile 039612 (room 0x25)
wall of tile 039812 (room 0x25),wall of tile 039212 (room 0x25),50.348,no,the line between them touches another wall,wall of tile 039612 (room 0x25)
wall of tile 039611 (room 0x25),wall of tile 039211 (room 0x25),22.886,no,the line between them touches another wall,wall of tile 039411 (room 0x25)
wall of tile 039611 (room 0x25),wall of tile 039011 (room 0x25),50.348,no,the line between them touches another wall,wall of tile 039411 (room 0x25)
wall of tile 039611 (room 0x25),wall of tile 002620 (room 0x29),54.925,no,"the line between them leaves the walkable area (a wall's thickness, or another floor)",
wall of tile 039611 (room 0x25),wall of tile 00801A (room 0x27),54.925,no,"the line between them leaves the walkable area (a wall's thickness, or another floor)",
wall of tile 039612 (room 0x25),wall of tile 039212 (room 0x25),22.886,no,the line between them touches another wall,wall of tile 039412 (room 0x25)
wall of tile 039612 (room 0x25),wall of tile 039012 (room 0x25),50.348,no,the line between them touches another wall,wall of tile 039412 (room 0x25)
wall of tile 039411 (room 0x25),wall of tile 039011 (room 0x25),27.463,no,the line between them touches another wall,wall of tile 039211 (room 0x25)
wall of tile 039411 (room 0x25),wall of tile 038E11 (room 0x25),54.925,no,the line between them touches another wall,wall of tile 039211 (room 0x25)
wall of tile 039411 (room 0x25),wall of tile 002620 (room 0x29),54.925,no,"the line between them leaves the walkable area (a wall's thickness, or another floor)",
wall of tile 039411 (room 0x25),wall of tile 00801A (room 0x27),54.925,no,"the line between them leaves the walkable area (a wall's thickness, or another floor)",
wall of tile 039412 (room 0x25),wall of tile 039012 (room 0x25),27.463,no,the line between them touches another wall,wall of tile 039212 (room 0x25)
wall of tile 039412 (room 0x25),wall of tile 038E12 (room 0x25),54.925,no,the line between them touches another wall,wall of tile 039212 (room 0x25)
wall of tile 039211 (room 0x25),wall of tile 038E11 (room 0x25),27.463,no,the line between them touches another wall,wall of tile 039011 (room 0x25)
wall of tile 039211 (room 0x25),wall of tile 038C11 (room 0x25),54.925,no,the line between them touches another wall,wall of tile 039011 (room 0x25)
wall of tile 039211 (room 0x25),wall of tile 002620 (room 0x29),54.925,no,"the line between them leaves the walkable area (a wall's thickness, or another floor)",
wall of tile 039211 (room 0x25),wall of tile 00801A (room 0x27),54.925,no,"the line between them leaves the walkable area (a wall's thickness, or another floor)",
wall of tile 039212 (room 0x25),wall of tile 038E12 (room 0x25),27.463,no,the line between them touches another wall,wall of tile 039012 (room 0x25)
wall of tile 039212 (room 0x25),wall of tile 038C12 (room 0x25),54.925,no,the line between them touches another wall,wall of tile 039012 (room 0x25)
wall of tile 039011 (room 0x25),wall of tile 038C11 (room 0x25),27.463,no,the line between them touches another wall,wall of tile 038E11 (room 0x25)
wall of tile 039011 (room 0x25),wall of tile 038A11 (room 0x25),54.925,no,the line between them touches another wall,wall of tile 038E11 (room 0x25)
wall of tile 039011 (room 0x25),wall of tile 002620 (room 0x29),54.925,no,"the line between them leaves the walkable area (a wall's thickness, or another floor)",
wall of tile 039011 (room 0x25),wall of tile 00801A (room 0x27),54.925,no,"the line between them leaves the walkable area (a wall's thickness, or another floor)",
wall of tile 039012 (room 0x25),wall of tile 038C12 (room 0x25),27.463,no,the line between them touches another wall,wall of tile 038E12 (room 0x25)
wall of tile 039012 (room 0x25),wall of tile 038A12 (room 0x25),54.925,no,the line between them touches another wall,wall of tile 038E12 (room 0x25)
wall of tile 038E11 (room 0x25),wall of tile 038A11 (room 0x25),27.463,no,the line between them touches another wall,wall of tile 038C11 (room 0x25)
wall of tile 038E11 (room 0x25),wall of tile 038811 (room 0x25),54.925,no,the line between them touches another wall,wall of tile 038C11 (room 0x25)
wall of tile 038E11 (room 0x25),wall of tile 002620 (room 0x29),54.925,no,"the line between them leaves the walkable area (a wall's thickness, or another floor)",
wall of tile 038E11 (room 0x25),wall of tile 00801A (room 0x27),54.925,no,"the line between them leaves the walkable area (a wall's thickness, or another floor)",
wall of tile 038E12 (room 0x25),wall of tile 038A12 (room 0x25),27.463,no,the line between them touches another wall,wall of tile 038C12 (room 0x25)
wall of tile 038E12 (room 0x25),wall of tile 038812 (room 0x25),54.925,no,the line between them touches another wall,wall of tile 038C12 (room 0x25)
wall of tile 038C11 (room 0x25),wall of tile 038811 (room 0x25),27.463,no,the line between them touches another wall,wall of tile 038A11 (room 0x25)
wall of tile 038C11 (room 0x25),wall of tile 038611 (room 0x25),54.925,no,the line between them touches another wall,wall of tile 038A11 (room 0x25)
wall of tile 038C11 (room 0x25),wall of tile 002620 (room 0x29),54.925,no,"the line between them leaves the walkable area (a wall's thickness, or another floor)",
wall of tile 038C11 (room 0x25),wall of tile 00801A (room 0x27),54.925,no,"the line between them leaves the walkable area (a wall's thickness, or another floor)",
wall of tile 038C12 (room 0x25),wall of tile 038812 (room 0x25),27.463,no,the line between them touches another wall,wall of tile 038A12 (room 0x25)
wall of tile 038C12 (room 0x25),wall of tile 038612 (room 0x25),54.925,no,the line between them touches another wall,wall of tile 038A12 (room 0x25)
wall of tile 038A11 (room 0x25),wall of tile 038611 (room 0x25),27.463,no,the line between them touches another wall,wall of tile 038811 (room 0x25)
wall of tile 038A11 (room 0x25),wall of tile 038411 (room 0x25),54.925,no,the line between them touches another wall,wall of tile 038811 (room 0x25)
wall of tile 038A11 (room 0x25),wall of tile 002620 (room 0x29),54.925,no,"the line between them leaves the walkable area (a wall's thickness, or another floor)",
wall of tile 038A11 (room 0x25),wall of tile 00801A (room 0x27),54.925,no,"the line between them leaves the walkable area (a wall's thickness, or another floor)",
wall of tile 038A12 (room 0x25),wall of tile 038612 (room 0x25),27.463,no,the line between them touches another wall,wall of tile 038812 (room 0x25)
wall of tile 038A12 (room 0x25),wall of tile 038412 (room 0x25),54.925,no,the line between them touches another wall,wall of tile 038812 (room 0x25)
wall of tile 038811 (room 0x25),wall of tile 038411 (room 0x25),27.463,no,the line between them touches another wall,wall of tile 038611 (room 0x25)
wall of tile 038811 (room 0x25),wall of tile 038211 (room 0x25),50.348,no,the line between them touches another wall,wall of tile 038611 (room 0x25)
wall of tile 038811 (room 0x25),wall of tile 002620 (room 0x29),54.925,no,"the line between them leaves the walkable area (a wall's thickness, or another floor)",
wall of tile 038811 (room 0x25),wall of tile 00801A (room 0x27),54.925,no,"the line between them leaves the walkable area (a wall's thickness, or another floor)",
wall of tile 038812 (room 0x25),wall of tile 038412 (room 0x25),27.463,no,the line between them touches another wall,wall of tile 038612 (room 0x25)
wall of tile 038812 (room 0x25),wall of tile 038212 (room 0x25),50.348,no,the line between them touches another wall,wall of tile 038612 (room 0x25)
wall of tile 038611 (room 0x25),wall of tile 038211 (room 0x25),22.886,no,the line between them touches another wall,wall of tile 038411 (room 0x25)
wall of tile 038611 (room 0x25),wall of tile 038011 (room 0x25),50.348,no,the line between them touches another wall,wall of tile 038411 (room 0x25)
wall of tile 038611 (room 0x25),wall of tile 00B221 (room 0x29),55.683,no,"the line between them leaves the walkable area (a wall's thickness, or another floor)",
wall of tile 038611 (room 0x25),wall of tile 002620 (room 0x29),54.925,no,"the line between them leaves the walkable area (a wall's thickness, or another floor)",
wall of tile 038611 (room 0x25),wall of tile 00801A (room 0x27),54.925,no,"the line between them leaves the walkable area (a wall's thickness, or another floor)",
wall of tile 038612 (room 0x25),wall of tile 038212 (room 0x25),22.886,no,the line between them touches another wall,wall of tile 038412 (room 0x25)
wall of tile 038612 (room 0x25),wall of tile 038012 (room 0x25),50.348,no,the line between them touches another wall,wall of tile 038412 (room 0x25)
wall of tile 038411 (room 0x25),wall of tile 038011 (room 0x25),27.463,no,the line between them touches another wall,wall of tile 038211 (room 0x25)
wall of tile 038411 (room 0x25),wall of tile 037E11 (room 0x25),54.925,no,the line between them touches another wall,wall of tile 038211 (room 0x25)
wall of tile 038411 (room 0x25),wall of tile 00B221 (room 0x29),54.925,no,"the line between them leaves the walkable area (a wall's thickness, or another floor)",
wall of tile 038411 (room 0x25),wall of tile 002620 (room 0x29),54.925,no,"the line between them leaves the walkable area (a wall's thickness, or another floor)",
wall of tile 038411 (room 0x25),wall of tile 00801A (room 0x27),54.925,no,"the line between them leaves the walkable area (a wall's thickness, or another floor)",
wall of tile 038412 (room 0x25),wall of tile 038012 (room 0x25),27.463,no,the line between them touches another wall,wall of tile 038212 (room 0x25)
wall of tile 038412 (room 0x25),wall of tile 037E12 (room 0x25),54.925,no,the line between them touches another wall,wall of tile 038212 (room 0x25)
wall of tile 038211 (room 0x25),wall of tile 037E11 (room 0x25),27.463,no,the line between them touches another wall,wall of tile 038011 (room 0x25)
wall of tile 038211 (room 0x25),wall of tile 037C11 (room 0x25),54.925,no,the line between them touches another wall,wall of tile 038011 (room 0x25)
wall of tile 038211 (room 0x25),wall of tile 00B221 (room 0x29),54.925,no,"the line between them leaves the walkable area (a wall's thickness, or another floor)",
wall of tile 038211 (room 0x25),wall of tile 002620 (room 0x29),56.616,no,"the line between them leaves the walkable area (a wall's thickness, or another floor)",
wall of tile 038211 (room 0x25),wall of tile 00801A (room 0x27),54.925,no,"the line between them leaves the walkable area (a wall's thickness, or another floor)",
wall of tile 038212 (room 0x25),wall of tile 037E12 (room 0x25),27.463,no,the line between them touches another wall,wall of tile 038012 (room 0x25)
wall of tile 038212 (room 0x25),wall of tile 037C12 (room 0x25),54.925,no,the line between them touches another wall,wall of tile 038012 (room 0x25)
wall of tile 038011 (room 0x25),wall of tile 037C11 (room 0x25),27.463,no,the line between them touches another wall,wall of tile 037E11 (room 0x25)
wall of tile 038011 (room 0x25),wall of tile 037A11 (room 0x25),54.925,no,the line between them touches another wall,wall of tile 037E11 (room 0x25)
wall of tile 038011 (room 0x25),wall of tile 00B221 (room 0x29),54.925,no,"the line between them leaves the walkable area (a wall's thickness, or another floor)",
wall of tile 038011 (room 0x25),wall of tile 00801A (room 0x27),54.925,no,"the line between them leaves the walkable area (a wall's thickness, or another floor)",
wall of tile 038012 (room 0x25),wall of tile 037C12 (room 0x25),27.463,no,the line between them touches another wall,wall of tile 037E12 (room 0x25)
wall of tile 038012 (room 0x25),wall of tile 037A12 (room 0x25),54.925,no,the line between them touches another wall,wall of tile 037E12 (room 0x25)
wall of tile 037E11 (room 0x25),wall of tile 037A11 (room 0x25),27.463,no,the line between them touches another wall,wall of tile 037C11 (room 0x25)
wall of tile 037E11 (room 0x25),wall of tile 03A512 (room 0x25),54.925,no,the line between them touches another wall,wall of tile 037C11 (room 0x25)
wall of tile 037E11 (room 0x25),wall of tile 00B221 (room 0x29),54.925,no,"the line between them leaves the walkable area (a wall's thickness, or another floor)",
wall of tile 037E11 (room 0x25),wall of tile 00801A (room 0x27),54.925,no,"the line between them leaves the walkable area (a wall's thickness, or another floor)",
wall of tile 037E12 (room 0x25),wall of tile 037A12 (room 0x25),27.463,no,the line between them touches another wall,wall of tile 037C12 (room 0x25)
wall of tile 037E12 (room 0x25),wall of tile 03A511 (room 0x25),54.925,no,the line between them touches another wall,wall of tile 037C12 (room 0x25)
wall of tile 037C11 (room 0x25),wall of tile 03A512 (room 0x25),27.463,no,the line between them touches another wall,wall of tile 037A11 (room 0x25)
wall of tile 037C11 (room 0x25),wall of tile 03A311 (room 0x25),54.925,no,the line between them touches another wall,wall of tile 037A11 (room 0x25)
wall of tile 037C11 (room 0x25),wall of tile 00B221 (room 0x29),54.925,no,"the line between them leaves the walkable area (a wall's thickness, or another floor)",
wall of tile 037C11 (room 0x25),wall of tile 00801A (room 0x27),54.925,no,"the line between them leaves the walkable area (a wall's thickness, or another floor)",
wall of tile 037C12 (room 0x25),wall of tile 03A511 (room 0x25),27.463,no,the line between them touches another wall,wall of tile 037A12 (room 0x25)
wall of tile 037A11 (room 0x25),wall of tile 03A311 (room 0x25),27.463,no,the line between them touches another wall,wall of tile 03A512 (room 0x25)
wall of tile 037A11 (room 0x25),wall of tile 040411 (room 0x25),38.838,no,"the line between them leaves the walkable area (a wall's thickness, or another floor)",
wall of tile 037A11 (room 0x25),wall of tile 008B22 (room 0x29),49.509,no,"the line between them leaves the walkable area (a wall's thickness, or another floor)",
wall of tile 037A11 (room 0x25),wall of tile 00B221 (room 0x29),54.925,no,"the line between them leaves the walkable area (a wall's thickness, or another floor)",
wall of tile 037A11 (room 0x25),wall of tile 00801A (room 0x27),54.925,no,"the line between them leaves the walkable area (a wall's thickness, or another floor)",
wall of tile 037A11 (room 0x25),wall of tile 00011A (room 0x27),49.509,no,"the line between them leaves the walkable area (a wall's thickness, or another floor)",
wall of tile 037A11 (room 0x25),door 0x1ee730 (preset 0x002b),38.838,no,"the line between them leaves the walkable area (a wall's thickness, or another floor)",
wall of tile 037A11 (room 0x25),door 0x1ee730 (preset 0x002b),38.838,no,"the line between them leaves the walkable area (a wall's thickness, or another floor)",
wall of tile 037A11 (room 0x25),door 0x1ee730 (preset 0x002b),38.838,no,"the line between them leaves the walkable area (a wall's thickness, or another floor)",
wall of tile 037A11 (room 0x25),door 0x1ee730 (preset 0x002b),53.378,no,"the line between them leaves the walkable area (a wall's thickness, or another floor)",
wall of tile 037A11 (room 0x25),door 0x1ee830 (preset 0x002c),38.838,no,"the line between them leaves the walkable area (a wall's thickness, or another floor)",
wall of tile 037A11 (room 0x25),door 0x1ee830 (preset 0x002c),38.838,no,"the line between them leaves the walkable area (a wall's thickness, or another floor)",
wall of tile 037A11 (room 0x25),door 0x1ee830 (preset 0x002c),38.838,no,"the line between them leaves the walkable area (a wall's thickness, or another floor)",
wall of tile 037A11 (room 0x25),door 0x1ee830 (preset 0x002c),45.771,no,"the line between them leaves the walkable area (a wall's thickness, or another floor)",
wall of tile 03A512 (room 0x25),wall of tile 040411 (room 0x25),27.463,no,the line between them touches another wall,wall of tile 03A311 (room 0x25)
wall of tile 03A512 (room 0x25),wall of tile 008B22 (room 0x29),41.194,no,the line between them touches another wall,wall of tile 03A311 (room 0x25)
wall of tile 03A512 (room 0x25),wall of tile 00B221 (room 0x29),54.925,no,"the line between them leaves the walkable area (a wall's thickness, or another floor)",
wall of tile 03A512 (room 0x25),wall of tile 00801A (room 0x27),54.925,no,"the line between them leaves the walkable area (a wall's thickness, or another floor)",
wall of tile 03A512 (room 0x25),wall of tile 00011A (room 0x27),41.194,no,the line between them touches another wall,wall of tile 03A311 (room 0x25)
wall of tile 03A512 (room 0x25),door 0x1ee730 (preset 0x002b),27.463,no,"the line between them leaves the walkable area (a wall's thickness, or another floor)",
wall of tile 03A512 (room 0x25),door 0x1ee730 (preset 0x002b),27.463,no,"the line between them leaves the walkable area (a wall's thickness, or another floor)",
wall of tile 03A512 (room 0x25),door 0x1ee730 (preset 0x002b),27.463,no,"the line between them leaves the walkable area (a wall's thickness, or another floor)",
wall of tile 03A512 (room 0x25),door 0x1ee730 (preset 0x002b),45.771,no,"the line between them leaves the walkable area (a wall's thickness, or another floor)",
wall of tile 03A512 (room 0x25),door 0x1ee830 (preset 0x002c),27.463,no,"the line between them leaves the walkable area (a wall's thickness, or another floor)",
wall of tile 03A512 (room 0x25),door 0x1ee830 (preset 0x002c),27.463,no,"the line between them leaves the walkable area (a wall's thickness, or another floor)",
wall of tile 03A512 (room 0x25),door 0x1ee830 (preset 0x002c),27.463,no,"the line between them leaves the walkable area (a wall's thickness, or another floor)",
wall of tile 03A512 (room 0x25),door 0x1ee830 (preset 0x002c),36.617,no,"the line between them leaves the walkable area (a wall's thickness, or another floor)",
wall of tile 03A410 (room 0x25),wall of tile 040412 (room 0x25),27.463,no,the line between them touches another wall,wall of tile 03A312 (room 0x25)
wall of tile 03A410 (room 0x25),wall of tile 008B21 (room 0x29),41.194,no,the line between them touches another wall,wall of tile 040412 (room 0x25)
wall of tile 03A410 (room 0x25),wall of tile 002120 (room 0x29),54.925,no,the line between them touches another wall,wall of tile 008B21 (room 0x29)
wall of tile 03A410 (room 0x25),wall of tile 007F18 (room 0x27),54.925,no,the line between them touches another wall,wall of tile 008B21 (room 0x29)
wall of tile 03A410 (room 0x25),wall of tile 000119 (room 0x27),41.194,no,the line between them touches another wall,wall of tile 040412 (room 0x25)
wall of tile 03A410 (room 0x25),wall of tile 03E611 (room 0x25),27.463,no,the line between them touches another wall,wall of tile 03A312 (room 0x25)
wall of tile 03A410 (room 0x25),door 0x1ee730 (preset 0x002b),27.463,no,the line between them touches another wall,wall of tile 03A312 (room 0x25)
wall of tile 03A410 (room 0x25),door 0x1ee730 (preset 0x002b),45.771,no,the line between them touches another wall,wall of tile 008B21 (room 0x29)
wall of tile 03A410 (room 0x25),door 0x1ee730 (preset 0x002b),45.771,no,"the line between them leaves the walkable area (a wall's thickness, or another floor)",
wall of tile 03A410 (room 0x25),door 0x1ee730 (preset 0x002b),27.463,no,"the line between them leaves the walkable area (a wall's thickness, or another floor)",
wall of tile 03A410 (room 0x25),door 0x1ee830 (preset 0x002c),27.463,no,the line between them touches another wall,wall of tile 03A312 (room 0x25)
wall of tile 03A410 (room 0x25),door 0x1ee830 (preset 0x002c),36.617,no,the line between them touches another wall,wall of tile 040412 (room 0x25)
wall of tile 03A410 (room 0x25),door 0x1ee830 (preset 0x002c),36.617,no,"the line between them leaves the walkable area (a wall's thickness, or another floor)",
wall of tile 03A410 (room 0x25),door 0x1ee830 (preset 0x002c),27.463,no,"the line between them leaves the walkable area (a wall's thickness, or another floor)",
wall of tile 03A311 (room 0x25),wall of tile 008B22 (room 0x29),13.731,no,the line between them touches another wall,wall of tile 040411 (room 0x25)
wall of tile 03A311 (room 0x25),wall of tile 00B221 (room 0x29),27.463,no,the line between them touches another wall,wall of tile 008B22 (room 0x29)
wall of tile 03A311 (room 0x25),wall of tile 00801A (room 0x27),27.463,no,the line between them touches another wall,wall of tile 008B22 (room 0x29)
wall of tile 03A311 (room 0x25),wall of tile 00011A (room 0x27),13.731,no,the line between them touches another wall,wall of tile 040411 (room 0x25)
wall of tile 03A311 (room 0x25),door 0x1ee730 (preset 0x002b),0.000,no,"the line between them leaves the walkable area (a wall's thickness, or another floor)",
wall of tile 03A311 (room 0x25),door 0x1ee730 (preset 0x002b),0.000,no,"the line between them leaves the walkable area (a wall's thickness, or another floor)",
wall of tile 03A311 (room 0x25),door 0x1ee730 (preset 0x002b),18.308,no,the line between them touches another wall,wall of tile 008B22 (room 0x29)
wall of tile 03A311 (room 0x25),door 0x1ee830 (preset 0x002c),0.000,no,"the line between them leaves the walkable area (a wall's thickness, or another floor)",
wall of tile 03A311 (room 0x25),door 0x1ee830 (preset 0x002c),0.000,no,"the line between them leaves the walkable area (a wall's thickness, or another floor)",
wall of tile 03A311 (room 0x25),door 0x1ee830 (preset 0x002c),9.154,no,the line between them touches another wall,wall of tile 040411 (room 0x25)
wall of tile 03A312 (room 0x25),wall of tile 008B21 (room 0x29),13.731,no,the line between them touches another wall,wall of tile 040412 (room 0x25)
wall of tile 03A312 (room 0x25),wall of tile 002120 (room 0x29),27.463,no,the line between them touches another wall,wall of tile 008B21 (room 0x29)
wall of tile 03A312 (room 0x25),wall of tile 007F18 (room 0x27),27.463,no,the line between them touches another wall,wall of tile 008B21 (room 0x29)
wall of tile 03A312 (room 0x25),wall of tile 000119 (room 0x27),13.731,no,the line between them touches another wall,wall of tile 040412 (room 0x25)
wall of tile 03A312 (room 0x25),door 0x1ee730 (preset 0x002b),18.308,no,the line between them touches another wall,wall of tile 008B21 (room 0x29)
wall of tile 03A312 (room 0x25),door 0x1ee730 (preset 0x002b),18.308,no,"the line between them leaves the walkable area (a wall's thickness, or another floor)",
wall of tile 03A312 (room 0x25),door 0x1ee730 (preset 0x002b),0.000,no,"the line between them leaves the walkable area (a wall's thickness, or another floor)",
wall of tile 03A312 (room 0x25),door 0x1ee830 (preset 0x002c),9.154,no,the line between them touches another wall,wall of tile 040412 (room 0x25)
wall of tile 03A312 (room 0x25),door 0x1ee830 (preset 0x002c),9.154,no,"the line between them leaves the walkable area (a wall's thickness, or another floor)",
wall of tile 03A312 (room 0x25),door 0x1ee830 (preset 0x002c),0.000,no,"the line between them leaves the walkable area (a wall's thickness, or another floor)",
wall of tile 040412 (room 0x25),wall of tile 002120 (room 0x29),13.731,no,the line between them touches another wall,wall of tile 008B21 (room 0x29)
wall of tile 040412 (room 0x25),wall of tile 007F18 (room 0x27),13.731,no,the line between them touches another wall,wall of tile 008B21 (room 0x29)
wall of tile 040412 (room 0x25),door 0x1ee730 (preset 0x002b),0.000,no,the line between them touches another wall,wall of tile 03A312 (room 0x25)
wall of tile 040412 (room 0x25),door 0x1ee730 (preset 0x002b),4.577,no,the line between them touches another wall,wall of tile 008B21 (room 0x29)
wall of tile 040412 (room 0x25),door 0x1ee730 (preset 0x002b),4.577,no,"the line between them leaves the walkable area (a wall's thickness, or another floor)",
wall of tile 040412 (room 0x25),door 0x1ee730 (preset 0x002b),0.000,no,"the line between them leaves the walkable area (a wall's thickness, or another floor)",
wall of tile 040412 (room 0x25),door 0x1ee830 (preset 0x002c),0.000,no,the line between them touches another wall,wall of tile 03A312 (room 0x25)
wall of tile 040412 (room 0x25),door 0x1ee830 (preset 0x002c),0.000,no,"the line between them leaves the walkable area (a wall's thickness, or another floor)",
wall of tile 040412 (room 0x25),door 0x1ee830 (preset 0x002c),0.000,no,"the line between them leaves the walkable area (a wall's thickness, or another floor)",
wall of tile 040411 (room 0x25),wall of tile 00B221 (room 0x29),13.731,no,the line between them touches another wall,wall of tile 008B22 (room 0x29)
wall of tile 040411 (room 0x25),wall of tile 00801A (room 0x27),13.731,no,the line between them touches another wall,wall of tile 008B22 (room 0x29)
wall of tile 040411 (room 0x25),door 0x1ee730 (preset 0x002b),0.000,no,the line between them touches another wall,wall of tile 03A311 (room 0x25)
wall of tile 040411 (room 0x25),door 0x1ee730 (preset 0x002b),0.000,no,"the line between them leaves the walkable area (a wall's thickness, or another floor)",
wall of tile 040411 (room 0x25),door 0x1ee730 (preset 0x002b),0.000,no,"the line between them leaves the walkable area (a wall's thickness, or another floor)",
wall of tile 040411 (room 0x25),door 0x1ee730 (preset 0x002b),4.577,no,the line between them touches another wall,wall of tile 008B22 (room 0x29)
wall of tile 040411 (room 0x25),door 0x1ee830 (preset 0x002c),0.000,no,the line between them touches another wall,wall of tile 03A311 (room 0x25)
wall of tile 040411 (room 0x25),door 0x1ee830 (preset 0x002c),0.000,no,"the line between them leaves the walkable area (a wall's thickness, or another floor)",
wall of tile 040411 (room 0x25),door 0x1ee830 (preset 0x002c),0.000,no,"the line between them leaves the walkable area (a wall's thickness, or another floor)",
wall of tile 008B22 (room 0x29),door 0x1ee730 (preset 0x002b),13.731,no,the line between them touches another wall,wall of tile 040411 (room 0x25)
wall of tile 008B22 (room 0x29),door 0x1ee730 (preset 0x002b),13.731,no,"the line between them leaves the walkable area (a wall's thickness, or another floor)",
wall of tile 008B22 (room 0x29),door 0x1ee730 (preset 0x002b),0.000,no,"the line between them leaves the walkable area (a wall's thickness, or another floor)",
wall of tile 008B22 (room 0x29),door 0x1ee830 (preset 0x002c),13.731,no,the line between them touches another wall,wall of tile 040411 (room 0x25)
wall of tile 008B22 (room 0x29),door 0x1ee830 (preset 0x002c),13.731,no,"the line between them leaves the walkable area (a wall's thickness, or another floor)",
wall of tile 008B22 (room 0x29),door 0x1ee830 (preset 0x002c),4.577,no,"the line between them leaves the walkable area (a wall's thickness, or another floor)",
wall of tile 008B22 (room 0x29),door 0x1ee830 (preset 0x002c),4.577,no,the line between them touches another wall,wall of tile 040411 (room 0x25)
wall of tile 008B21 (room 0x29),door 0x1ee730 (preset 0x002b),13.731,no,the line between them touches another wall,wall of tile 040412 (room 0x25)
wall of tile 008B21 (room 0x29),door 0x1ee730 (preset 0x002b),0.000,no,"the line between them leaves the walkable area (a wall's thickness, or another floor)",
wall of tile 008B21 (room 0x29),door 0x1ee730 (preset 0x002b),0.000,no,"the line between them leaves the walkable area (a wall's thickness, or another floor)",
wall of tile 008B21 (room 0x29),door 0x1ee830 (preset 0x002c),13.731,no,the line between them touches another wall,wall of tile 040412 (room 0x25)
wall of tile 008B21 (room 0x29),door 0x1ee830 (preset 0x002c),4.577,no,the line between them touches another wall,wall of tile 040412 (room 0x25)
wall of tile 008B21 (room 0x29),door 0x1ee830 (preset 0x002c),4.577,no,"the line between them leaves the walkable area (a wall's thickness, or another floor)",
wall of tile 008B21 (room 0x29),door 0x1ee830 (preset 0x002c),4.577,no,"the line between them leaves the walkable area (a wall's thickness, or another floor)",
wall of tile 002120 (room 0x29),wall of tile 001912 (room 0x25),28.948,no,"the line between them leaves the walkable area (a wall's thickness, or another floor)",
wall of tile 002120 (room 0x29),wall of tile 001912 (room 0x25),27.463,no,"the line between them leaves the walkable area (a wall's thickness, or another floor)",
wall of tile 002120 (room 0x29),wall of tile 03E611 (room 0x25),13.731,no,the line between them touches another wall,wall of tile 008B21 (room 0x29)
wall of tile 002120 (room 0x29),wall of tile 001912 (room 0x25),27.463,no,"the line between them leaves the walkable area (a wall's thickness, or another floor)",
wall of tile 002120 (room 0x29),door 0x1ee730 (preset 0x002b),27.463,no,"the line between them leaves the walkable area (a wall's thickness, or another floor)",
wall of tile 002120 (room 0x29),door 0x1ee730 (preset 0x002b),9.154,no,"the line between them leaves the walkable area (a wall's thickness, or another floor)",
wall of tile 002120 (room 0x29),door 0x1ee730 (preset 0x002b),9.154,no,"the line between them leaves the walkable area (a wall's thickness, or another floor)",
wall of tile 002120 (room 0x29),door 0x1ee730 (preset 0x002b),9.154,no,"the line between them leaves the walkable area (a wall's thickness, or another floor)",
wall of tile 002120 (room 0x29),door 0x1ee830 (preset 0x002c),27.463,no,"the line between them leaves the walkable area (a wall's thickness, or another floor)",
wall of tile 002120 (room 0x29),door 0x1ee830 (preset 0x002c),18.308,no,"the line between them leaves the walkable area (a wall's thickness, or another floor)",
wall of tile 002120 (room 0x29),door 0x1ee830 (preset 0x002c),18.308,no,"the line between them leaves the walkable area (a wall's thickness, or another floor)",
wall of tile 002120 (room 0x29),door 0x1ee830 (preset 0x002c),18.308,no,"the line between them leaves the walkable area (a wall's thickness, or another floor)",
wall of tile 001F21 (room 0x29),wall of tile 001912 (room 0x25),27.463,no,"the line between them leaves the walkable area (a wall's thickness, or another floor)",
wall of tile 001F21 (room 0x29),wall of tile 001912 (room 0x25),27.463,no,"the line between them leaves the walkable area (a wall's thickness, or another floor)",
wall of tile 00B221 (room 0x29),door 0x1ee730 (preset 0x002b),27.463,no,"the line between them leaves the walkable area (a wall's thickness, or another floor)",
wall of tile 00B221 (room 0x29),door 0x1ee730 (preset 0x002b),27.463,no,"the line between them leaves the walkable area (a wall's thickness, or another floor)",
wall of tile 00B221 (room 0x29),door 0x1ee730 (preset 0x002b),9.154,no,"the line between them leaves the walkable area (a wall's thickness, or another floor)",
wall of tile 00B221 (room 0x29),door 0x1ee730 (preset 0x002b),9.154,no,"the line between them leaves the walkable area (a wall's thickness, or another floor)",
wall of tile 00B221 (room 0x29),door 0x1ee830 (preset 0x002c),27.463,no,"the line between them leaves the walkable area (a wall's thickness, or another floor)",
wall of tile 00B221 (room 0x29),door 0x1ee830 (preset 0x002c),27.463,no,"the line between them leaves the walkable area (a wall's thickness, or another floor)",
wall of tile 00B221 (room 0x29),door 0x1ee830 (preset 0x002c),18.308,no,"the line between them leaves the walkable area (a wall's thickness, or another floor)",
wall of tile 00B221 (room 0x29),door 0x1ee830 (preset 0x002c),18.308,no,"the line between them leaves the walkable area (a wall's thickness, or another floor)",
wall of tile 00B321 (room 0x29),wall of tile 002F21 (room 0x2a),27.463,no,"the line between them leaves the walkable area (a wall's thickness, or another floor)",
wall of tile 00B321 (room 0x29),wall of tile 002919 (room 0x27),50.348,no,"the line between them leaves the walkable area (a wall's thickness, or another floor)",
wall of tile 00B321 (room 0x29),wall of tile 00291A (room 0x27),50.348,no,"the line between them leaves the walkable area (a wall's thickness, or another floor)",
wall of tile 00B321 (room 0x29),wall of tile 001D19 (room 0x27),22.886,no,"the line between them leaves the walkable area (a wall's thickness, or another floor)",
wall of tile 00B321 (room 0x29),wall of tile 001D1A (room 0x27),22.886,no,"the line between them leaves the walkable area (a wall's thickness, or another floor)",
wall of tile 00B321 (room 0x29),wall of tile 001B19 (room 0x27),4.577,no,the line between them touches another wall,wall of tile 00B322 (room 0x29)
wall of tile 00B321 (room 0x29),wall of tile 001B1A (room 0x27),4.577,no,the far wall faces the other way (it belongs to floor which isn't linked here),
wall of tile 00B321 (room 0x29),wall of tile 001F19 (room 0x27),32.040,no,the line between them touches another wall,wall of tile 00B322 (room 0x29)
wall of tile 00B321 (room 0x29),wall of tile 001F1A (room 0x27),32.040,no,the far wall faces the other way (it belongs to floor which isn't linked here),
wall of tile 00B321 (room 0x29),wall of tile 002C19 (room 0x27),59.502,no,the line between them touches another wall,wall of tile 00B322 (room 0x29)
wall of tile 00B321 (room 0x29),wall of tile 002C1A (room 0x27),59.502,no,the far wall faces the other way (it belongs to floor which isn't linked here),
wall of tile 00B321 (room 0x29),wall of tile 00A018 (room 0x28),30.704,no,"the line between them leaves the walkable area (a wall's thickness, or another floor)",
wall of tile 00B321 (room 0x29),wall of tile 008618 (room 0x28),27.463,no,"the line between them leaves the walkable area (a wall's thickness, or another floor)",
wall of tile 00B322 (room 0x29),wall of tile 002F21 (room 0x2a),27.463,no,"the line between them leaves the walkable area (a wall's thickness, or another floor)",
wall of tile 00B322 (room 0x29),wall of tile 002919 (room 0x27),50.348,no,"the line between them leaves the walkable area (a wall's thickness, or another floor)",
wall of tile 00B322 (room 0x29),wall of tile 001D19 (room 0x27),22.886,no,"the line between them leaves the walkable area (a wall's thickness, or another floor)",
wall of tile 00B322 (room 0x29),wall of tile 007318 (room 0x27),22.886,no,the far wall faces the other way (it belongs to floor which isn't linked here),
wall of tile 00B322 (room 0x29),wall of tile 00A018 (room 0x28),27.463,no,"the line between them leaves the walkable area (a wall's thickness, or another floor)",
wall of tile 00B322 (room 0x29),wall of tile 008618 (room 0x28),27.463,no,"the line between them leaves the walkable area (a wall's thickness, or another floor)",
wall of tile 002A20 (room 0x29),wall of tile 001919 (room 0x27),59.502,no,the line between them touches another wall,wall of tile 00B322 (room 0x29)
wall of tile 002A20 (room 0x29),wall of tile 001B19 (room 0x27),32.040,no,the line between them touches another wall,wall of tile 00B322 (room 0x29)
wall of tile 002A20 (room 0x29),wall of tile 001F19 (room 0x27),4.577,no,the line between them touches another wall,wall of tile 00B322 (room 0x29)
wall of tile 002A20 (room 0x29),wall of tile 007318 (room 0x27),22.886,no,the far wall faces the other way (it belongs to floor which isn't linked here),
wall of tile 002A20 (room 0x29),wall of tile 008618 (room 0x28),50.348,no,the line between them touches another wall,wall of tile 002F21 (room 0x2a)
wall of tile 001D21 (room 0x2a),wall of tile 012B10 (room 0x22),27.463,no,"the line between them leaves the walkable area (a wall's thickness, or another floor)",
wall of tile 001C21 (room 0x2a),wall of tile 008418 (room 0x28),4.577,no,the line between them touches another wall,wall of tile 002D21 (room 0x2a)
wall of tile 001C21 (room 0x2a),wall of tile 01DB12 (room 0x22),53.378,no,"the line between them leaves the walkable area (a wall's thickness, or another floor)",
wall of tile 001C21 (room 0x2a),wall of tile 01DB11 (room 0x22),53.378,no,"the line between them leaves the walkable area (a wall's thickness, or another floor)",
wall of tile 001C21 (room 0x2a),wall of tile 012B10 (room 0x22),27.463,no,"the line between them leaves the walkable area (a wall's thickness, or another floor)",
wall of tile 001C21 (room 0x2a),safe 0x1eb0ec (preset 0x2741),13.731,yes,,
wall of tile 001C21 (room 0x2a),safe 0x1eb0ec (preset 0x2741),13.731,yes,,
wall of tile 002D21 (room 0x2a),wall of tile 03E711 (room 0x24),13.731,no,"the line between them leaves the walkable area (a wall's thickness, or another floor)",
wall of tile 002D21 (room 0x2a),wall of tile 03E712 (room 0x24),13.731,no,"the line between them leaves the walkable area (a wall's thickness, or another floor)",
wall of tile 002D21 (room 0x2a),wall of tile 01DB12 (room 0x22),27.463,no,"the line between them leaves the walkable area (a wall's thickness, or another floor)",
wall of tile 002D21 (room 0x2a),wall of tile 01DB12 (room 0x22),27.463,no,"the line between them leaves the walkable area (a wall's thickness, or another floor)",
wall of tile 002D21 (room 0x2a),wall of tile 01DB11 (room 0x22),27.463,no,"the line between them leaves the walkable area (a wall's thickness, or another floor)",
wall of tile 002D21 (room 0x2a),wall of tile 01D012 (room 0x22),27.463,no,"the line between them leaves the walkable area (a wall's thickness, or another floor)",
wall of tile 002D21 (room 0x2a),wall of tile 01D312 (room 0x22),27.463,no,"the line between them leaves the walkable area (a wall's thickness, or another floor)",
wall of tile 002D21 (room 0x2a),wall of tile 01D612 (room 0x22),27.463,no,"the line between them leaves the walkable area (a wall's thickness, or another floor)",
wall of tile 002D21 (room 0x2a),wall of tile 012910 (room 0x22),27.463,no,"the line between them leaves the walkable area (a wall's thickness, or another floor)",
wall of tile 002D21 (room 0x2a),wall of tile 012610 (room 0x23),27.463,no,"the line between them leaves the walkable area (a wall's thickness, or another floor)",
wall of tile 002D21 (room 0x2a),wall of tile 012B10 (room 0x22),27.463,no,"the line between them leaves the walkable area (a wall's thickness, or another floor)",
wall of tile 002D21 (room 0x2a),wall of tile 012B10 (room 0x22),27.463,no,"the line between them leaves the walkable area (a wall's thickness, or another floor)",
wall of tile 002D21 (room 0x2a),safe 0x1eb0ec (preset 0x2741),13.731,yes,,
wall of tile 002D21 (room 0x2a),safe 0x1eb0ec (preset 0x2741),13.731,yes,,
wall of tile 002D21 (room 0x2a),safe 0x1eb0ec (preset 0x2741),14.474,no,"another wall pokes into the space between them, so a tighter pair covers this gap",wall of tile 001C21 (room 0x2a)
wall of tile 002D21 (room 0x2a),door 0x1ee930 (preset 0x002d),0.000,no,"the line between them leaves the walkable area (a wall's thickness, or another floor)",
wall of tile 002D21 (room 0x2a),door 0x1ee930 (preset 0x002d),0.000,no,"the line between them leaves the walkable area (a wall's thickness, or another floor)",
wall of tile 002D21 (room 0x2a),door 0x1ee930 (preset 0x002d),9.154,no,"the line between them leaves the walkable area (a wall's thickness, or another floor)",
wall of tile 002D21 (room 0x2a),door 0x1ee930 (preset 0x002d),9.154,no,"the line between them leaves the walkable area (a wall's thickness, or another floor)",
wall of tile 002C21 (room 0x2a),wall of tile 00091A (room 0x27),27.463,no,"the line between them leaves the walkable area (a wall's thickness, or another floor)",
wall of tile 002C21 (room 0x2a),wall of tile 00091A (room 0x27),27.463,no,"the line between them leaves the walkable area (a wall's thickness, or another floor)",
wall of tile 002C21 (room 0x2a),wall of tile 012910 (room 0x22),27.463,no,"the line between them leaves the walkable area (a wall's thickness, or another floor)",
wall of tile 002C21 (room 0x2a),wall of tile 012610 (room 0x23),27.463,no,"the line between them leaves the walkable area (a wall's thickness, or another floor)",
wall of tile 002C21 (room 0x2a),wall of tile 012610 (room 0x23),27.463,no,"the line between them leaves the walkable area (a wall's thickness, or another floor)",
wall of tile 002C21 (room 0x2a),wall of tile 03E310 (room 0x23),54.925,no,"the line between them leaves the walkable area (a wall's thickness, or another floor)",
wall of tile 002C21 (room 0x2a),wall of tile 007219 (room 0x27),27.463,no,"the line between them leaves the walkable area (a wall's thickness, or another floor)",
wall of tile 002C21 (room 0x2a),wall of tile 00721A (room 0x27),27.463,no,"the line between them leaves the walkable area (a wall's thickness, or another floor)",
wall of tile 002F21 (room 0x2a),wall of tile 001719 (room 0x27),27.463,no,"the line between them leaves the walkable area (a wall's thickness, or another floor)",
wall of tile 002F21 (room 0x2a),wall of tile 00091A (room 0x27),27.463,no,"the line between them leaves the walkable area (a wall's thickness, or another floor)",
wall of tile 002F21 (room 0x2a),wall of tile 00091A (room 0x27),27.463,no,"the line between them leaves the walkable area (a wall's thickness, or another floor)",
wall of tile 002F21 (room 0x2a),wall of tile 002419 (room 0x27),27.463,no,"the line between them leaves the walkable area (a wall's thickness, or another floor)",
wall of tile 002F21 (room 0x2a),wall of tile 003219 (room 0x27),27.463,no,"the line between them leaves the walkable area (a wall's thickness, or another floor)",
wall of tile 002F21 (room 0x2a),wall of tile 002E19 (room 0x27),27.463,no,"the line between them leaves the walkable area (a wall's thickness, or another floor)",
wall of tile 002F21 (room 0x2a),wall of tile 001519 (room 0x27),27.463,no,"the line between them leaves the walkable area (a wall's thickness, or another floor)",
wall of tile 002F21 (room 0x2a),wall of tile 002919 (room 0x27),27.463,no,"the line between them leaves the walkable area (a wall's thickness, or another floor)",
wall of tile 002F21 (room 0x2a),wall of tile 001D19 (room 0x27),27.463,no,"the line between them leaves the walkable area (a wall's thickness, or another floor)",
wall of tile 002F21 (room 0x2a),wall of tile 001919 (room 0x27),27.463,no,"the line between them leaves the walkable area (a wall's thickness, or another floor)",
wall of tile 002F21 (room 0x2a),wall of tile 001B19 (room 0x27),27.463,no,"the line between them leaves the walkable area (a wall's thickness, or another floor)",
wall of tile 002F21 (room 0x2a),wall of tile 001F19 (room 0x27),27.463,no,"the line between them leaves the walkable area (a wall's thickness, or another floor)",
wall of tile 002F21 (room 0x2a),wall of tile 002C19 (room 0x27),27.463,no,"the line between them leaves the walkable area (a wall's thickness, or another floor)",
wall of tile 002F21 (room 0x2a),wall of tile 007318 (room 0x27),35.748,no,the far wall faces the other way (it belongs to floor which isn't linked here),
wall of tile 002F21 (room 0x2a),wall of tile 03E310 (room 0x23),54.925,no,"the line between them leaves the walkable area (a wall's thickness, or another floor)",
wall of tile 002F21 (room 0x2a),wall of tile 007219 (room 0x27),27.463,no,"the line between them leaves the walkable area (a wall's thickness, or another floor)",
wall of tile 002F21 (room 0x2a),wall of tile 00721A (room 0x27),27.463,no,"the line between them leaves the walkable area (a wall's thickness, or another floor)",
wall of tile 002420 (room 0x29),wall of tile 000D1A (room 0x27),27.463,no,the line between them touches another wall,wall of tile 00211A (room 0x27)
wall of tile 002420 (room 0x29),wall of tile 00261A (room 0x27),54.925,no,the line between them touches another wall,wall of tile 00211A (room 0x27)
wall of tile 002620 (room 0x29),wall of tile 005611 (room 0x25),27.463,no,"the line between them leaves the walkable area (a wall's thickness, or another floor)",
wall of tile 002320 (room 0x29),wall of tile 000D19 (room 0x27),27.463,no,the line between them touches another wall,wall of tile 002119 (room 0x27)
wall of tile 002320 (room 0x29),wall of tile 002619 (room 0x27),54.925,no,the line between them touches another wall,wall of tile 002119 (room 0x27)
wall of tile 002320 (room 0x29),wall of tile 03E210 (room 0x23),54.925,no,"the line between them leaves the walkable area (a wall's thickness, or another floor)",
wall of tile 002320 (room 0x29),wall of tile 005812 (room 0x25),54.925,no,"the line between them leaves the walkable area (a wall's thickness, or another floor)",
wall of tile 002320 (room 0x29),wall of tile 005910 (room 0x25),54.925,no,"the line between them leaves the walkable area (a wall's thickness, or another floor)",
wall of tile 002320 (room 0x29),wall of tile 005910 (room 0x25),27.463,no,"the line between them leaves the walkable area (a wall's thickness, or another floor)",
wall of tile 002320 (room 0x29),wall of tile 005910 (room 0x25),27.463,no,"the line between them leaves the walkable area (a wall's thickness, or another floor)",
wall of tile 002320 (room 0x29),wall of tile 005611 (room 0x25),27.463,no,"the line between them leaves the walkable area (a wall's thickness, or another floor)",
wall of tile 002320 (room 0x29),wall of tile 007219 (room 0x27),54.925,no,the line between them touches another wall,wall of tile 002119 (room 0x27)
wall of tile 002320 (room 0x29),door 0x1ee630 (preset 0x0028),54.925,no,"the line between them leaves the walkable area (a wall's thickness, or another floor)",
wall of tile 002320 (room 0x29),door 0x1ee630 (preset 0x0028),54.925,no,"the line between them leaves the walkable area (a wall's thickness, or another floor)",
wall of tile 002320 (room 0x29),door 0x1ee630 (preset 0x0028),54.925,no,"the line between them leaves the walkable area (a wall's thickness, or another floor)",
wall of tile 002320 (room 0x29),door 0x1ee630 (preset 0x0028),54.925,no,"the line between them leaves the walkable area (a wall's thickness, or another floor)",
wall of tile 002119 (room 0x27),wall of tile 002619 (room 0x27),27.463,no,the line between them touches another wall,wall of tile 000D19 (room 0x27)
wall of tile 002119 (room 0x27),wall of tile 000F19 (room 0x27),50.348,no,the line between them touches another wall,wall of tile 002619 (room 0x27)
wall of tile 002119 (room 0x27),wall of tile 03E210 (room 0x23),54.925,no,"the line between them leaves the walkable area (a wall's thickness, or another floor)",
wall of tile 002119 (room 0x27),wall of tile 005812 (room 0x25),54.925,no,"the line between them leaves the walkable area (a wall's thickness, or another floor)",
wall of tile 002119 (room 0x27),wall of tile 005910 (room 0x25),54.925,no,"the line between them leaves the walkable area (a wall's thickness, or another floor)",
wall of tile 002119 (room 0x27),wall of tile 005910 (room 0x25),27.463,no,"the line between them leaves the walkable area (a wall's thickness, or another floor)",
wall of tile 002119 (room 0x27),wall of tile 005910 (room 0x25),27.463,no,"the line between them leaves the walkable area (a wall's thickness, or another floor)",
wall of tile 002119 (room 0x27),wall of tile 007219 (room 0x27),27.463,no,the line between them touches another wall,wall of tile 000D19 (room 0x27)
wall of tile 002119 (room 0x27),door 0x1ee630 (preset 0x0028),56.616,no,"the line between them leaves the walkable area (a wall's thickness, or another floor)",
wall of tile 002119 (room 0x27),door 0x1ee630 (preset 0x0028),55.116,no,"the line between them leaves the walkable area (a wall's thickness, or another floor)",
wall of tile 002119 (room 0x27),door 0x1ee630 (preset 0x0028),55.116,no,"the line between them leaves the walkable area (a wall's thickness, or another floor)",
wall of tile 002119 (room 0x27),door 0x1ee630 (preset 0x0028),55.116,no,"the line between them leaves the walkable area (a wall's thickness, or another floor)",
wall of tile 00211A (room 0x27),wall of tile 00261A (room 0x27),27.463,no,the line between them touches another wall,wall of tile 000D1A (room 0x27)
wall of tile 00211A (room 0x27),wall of tile 000F1A (room 0x27),50.348,no,the line between them touches another wall,wall of tile 00261A (room 0x27)
wall of tile 000D19 (room 0x27),wall of tile 000F19 (room 0x27),22.886,no,the line between them touches another wall,wall of tile 002619 (room 0x27)
wall of tile 000D19 (room 0x27),wall of tile 001319 (room 0x27),50.348,no,the line between them touches another wall,wall of tile 002619 (room 0x27)
wall of tile 000D19 (room 0x27),wall of tile 03E210 (room 0x23),54.925,no,"the line between them leaves the walkable area (a wall's thickness, or another floor)",
wall of tile 000D19 (room 0x27),wall of tile 005910 (room 0x25),38.838,no,"the line between them leaves the walkable area (a wall's thickness, or another floor)",
wall of tile 000D19 (room 0x27),wall of tile 005910 (room 0x25),38.838,no,"the line between them leaves the walkable area (a wall's thickness, or another floor)",
wall of tile 000D1A (room 0x27),wall of tile 000F1A (room 0x27),22.886,no,the line between them touches another wall,wall of tile 00261A (room 0x27)
wall of tile 000D1A (room 0x27),wall of tile 00131A (room 0x27),50.348,no,the line between them touches another wall,wall of tile 00261A (room 0x27)
wall of tile 002619 (room 0x27),wall of tile 001319 (room 0x27),27.463,no,the line between them touches another wall,wall of tile 000F19 (room 0x27)
wall of tile 002619 (room 0x27),wall of tile 001119 (room 0x27),54.925,no,the line between them touches another wall,wall of tile 001319 (room 0x27)
wall of tile 002619 (room 0x27),wall of tile 03E210 (room 0x23),54.925,no,"the line between them leaves the walkable area (a wall's thickness, or another floor)",
wall of tile 00261A (room 0x27),wall of tile 00131A (room 0x27),27.463,no,the line between them touches another wall,wall of tile 000F1A (room 0x27)
wall of tile 00261A (room 0x27),wall of tile 00111A (room 0x27),54.925,no,the line between them touches another wall,wall of tile 00131A (room 0x27)
wall of tile 000F19 (room 0x27),wall of tile 001119 (room 0x27),27.463,no,the line between them touches another wall,wall of tile 001319 (room 0x27)
wall of tile 000F19 (room 0x27),wall of tile 00091A (room 0x27),54.925,no,the line between them touches another wall,wall of tile 001119 (room 0x27)
wall of tile 000F19 (room 0x27),wall of tile 03E210 (room 0x23),54.925,no,"the line between them leaves the walkable area (a wall's thickness, or another floor)",
wall of tile 000F19 (room 0x27),wall of tile 007B18 (room 0x27),22.886,no,the line between them touches another wall,wall of tile 002619 (room 0x27)
wall of tile 000F1A (room 0x27),wall of tile 00111A (room 0x27),27.463,no,the line between them touches another wall,wall of tile 00131A (room 0x27)
wall of tile 000F1A (room 0x27),wall of tile 000919 (room 0x27),54.925,no,the line between them touches another wall,wall of tile 00131A (room 0x27)
wall of tile 001319 (room 0x27),wall of tile 00091A (room 0x27),27.463,no,the line between them touches another wall,wall of tile 001119 (room 0x27)
wall of tile 001319 (room 0x27),wall of tile 03E210 (room 0x23),54.925,no,"the line between them leaves the walkable area (a wall's thickness, or another floor)",
wall of tile 001319 (room 0x27),wall of tile 007B18 (room 0x27),50.348,no,the line between them touches another wall,wall of tile 002619 (room 0x27)
wall of tile 00131A (room 0x27),wall of tile 000919 (room 0x27),27.463,no,the line between them touches another wall,wall of tile 00111A (room 0x27)
wall of tile 00131A (room 0x27),wall of tile 00171A (room 0x27),53.378,no,"the line between them leaves the walkable area (a wall's thickness, or another floor)",
wall of tile 001119 (room 0x27),wall of tile 03E210 (room 0x23),54.925,no,"the line between them leaves the walkable area (a wall's thickness, or another floor)",
wall of tile 00111A (room 0x27),wall of tile 00171A (room 0x27),45.771,no,the line between them touches another wall,wall of tile 000919 (room 0x27)
wall of tile 00111A (room 0x27),wall of tile 00721A (room 0x27),45.079,no,the far wall faces the other way (it belongs to floor which isn't linked here),
wall of tile 00111A (room 0x27),wall of tile 007618 (room 0x27),38.857,no,the far wall faces the other way (it belongs to floor which isn't linked here),
wall of tile 000919 (room 0x27),wall of tile 00241A (room 0x27),27.463,no,the line between them touches another wall,wall of tile 00171A (room 0x27)
wall of tile 000919 (room 0x27),wall of tile 00321A (room 0x27),54.925,no,the line between them touches another wall,wall of tile 00171A (room 0x27)
wall of tile 000919 (room 0x27),wall of tile 00721A (room 0x27),45.079,no,the far wall faces the other way (it belongs to floor which isn't linked here),
wall of tile 000919 (room 0x27),wall of tile 007618 (room 0x27),33.676,no,the far wall faces the other way (it belongs to floor which isn't linked here),
wall of tile 001719 (room 0x27),wall of tile 003219 (room 0x27),27.463,no,the line between them touches another wall,wall of tile 002419 (room 0x27)
wall of tile 001719 (room 0x27),wall of tile 002E19 (room 0x27),54.925,no,the line between them touches another wall,wall of tile 002419 (room 0x27)
wall of tile 001719 (room 0x27),wall of tile 008618 (room 0x28),27.463,no,"the line between them leaves the walkable area (a wall's thickness, or another floor)",
wall of tile 00091A (room 0x27),wall of tile 002419 (room 0x27),27.463,no,the line between them touches another wall,wall of tile 001719 (room 0x27)
wall of tile 00091A (room 0x27),wall of tile 003219 (room 0x27),54.925,no,the line between them touches another wall,wall of tile 001719 (room 0x27)
wall of tile 00091A (room 0x27),wall of tile 008618 (room 0x28),27.463,no,"the line between them leaves the walkable area (a wall's thickness, or another floor)",
wall of tile 00091A (room 0x27),wall of tile 008518 (room 0x28),27.463,no,"the line between them leaves the walkable area (a wall's thickness, or another floor)",
wall of tile 00091A (room 0x27),wall of tile 03E310 (room 0x23),54.925,no,"the line between them leaves the walkable area (a wall's thickness, or another floor)",
wall of tile 00091A (room 0x27),wall of tile 008618 (room 0x28),27.463,no,"the line between them leaves the walkable area (a wall's thickness, or another floor)",
wall of tile 00091A (room 0x27),wall of tile 008518 (room 0x28),27.463,no,"the line between them leaves the walkable area (a wall's thickness, or another floor)",
wall of tile 00091A (room 0x27),wall of tile 03E310 (room 0x23),54.925,no,"the line between them leaves the walkable area (a wall's thickness, or another floor)",
wall of tile 00091A (room 0x27),wall of tile 03E210 (room 0x23),54.925,no,"the line between them leaves the walkable area (a wall's thickness, or another floor)",
wall of tile 00171A (room 0x27),wall of tile 00321A (room 0x27),27.463,no,the line between them touches another wall,wall of tile 00241A (room 0x27)
wall of tile 00171A (room 0x27),wall of tile 002E1A (room 0x27),54.925,no,the line between them touches another wall,wall of tile 00241A (room 0x27)
wall of tile 00171A (room 0x27),wall of tile 007618 (room 0x27),30.567,no,the far wall faces the other way (it belongs to floor which isn't linked here),
wall of tile 002419 (room 0x27),wall of tile 002E19 (room 0x27),27.463,no,the line between them touches another wall,wall of tile 003219 (room 0x27)
wall of tile 002419 (room 0x27),wall of tile 001519 (room 0x27),54.925,no,the line between them touches another wall,wall of tile 003219 (room 0x27)
wall of tile 002419 (room 0x27),wall of tile 008618 (room 0x28),27.463,no,"the line between them leaves the walkable area (a wall's thickness, or another floor)",
wall of tile 00241A (room 0x27),wall of tile 002E1A (room 0x27),27.463,no,the line between them touches another wall,wall of tile 00321A (room 0x27)
wall of tile 00241A (room 0x27),wall of tile 00151A (room 0x27),54.925,no,the line between them touches another wall,wall of tile 00321A (room 0x27)
wall of tile 00241A (room 0x27),wall of tile 007618 (room 0x27),27.459,no,the far wall faces the other way (it belongs to floor which isn't linked here),
wall of tile 003219 (room 0x27),wall of tile 001519 (room 0x27),27.463,no,the line between them touches another wall,wall of tile 002E19 (room 0x27)
wall of tile 003219 (room 0x27),wall of tile 002919 (room 0x27),54.925,no,the line between them touches another wall,wall of tile 001519 (room 0x27)
wall of tile 003219 (room 0x27),wall of tile 008618 (room 0x28),27.463,no,"the line between them leaves the walkable area (a wall's thickness, or another floor)",
wall of tile 00321A (room 0x27),wall of tile 00151A (room 0x27),27.463,no,the line between them touches another wall,wall of tile 002E1A (room 0x27)
wall of tile 00321A (room 0x27),wall of tile 00291A (room 0x27),54.925,no,the line between them touches another wall,wall of tile 00151A (room 0x27)
wall of tile 00321A (room 0x27),wall of tile 007618 (room 0x27),24.350,no,the far wall faces the other way (it belongs to floor which isn't linked here),
wall of tile 002E19 (room 0x27),wall of tile 002919 (room 0x27),27.463,no,the line between them touches another wall,wall of tile 001519 (room 0x27)
wall of tile 002E19 (room 0x27),wall of tile 001D19 (room 0x27),50.348,no,the line between them touches another wall,wall of tile 002919 (room 0x27)
wall of tile 002E19 (room 0x27),wall of tile 008618 (room 0x28),27.463,no,"the line between them leaves the walkable area (a wall's thickness, or another floor)",
wall of tile 002E1A (room 0x27),wall of tile 00291A (room 0x27),27.463,no,the line between them touches another wall,wall of tile 00151A (room 0x27)
wall of tile 002E1A (room 0x27),wall of tile 001D1A (room 0x27),50.348,no,the line between them touches another wall,wall of tile 00291A (room 0x27)
wall of tile 002E1A (room 0x27),wall of tile 007618 (room 0x27),21.242,no,the far wall faces the other way (it belongs to floor which isn't linked here),
wall of tile 001519 (room 0x27),wall of tile 001D19 (room 0x27),22.886,no,the line between them touches another wall,wall of tile 002919 (room 0x27)
wall of tile 001519 (room 0x27),wall of tile 001919 (room 0x27),50.348,no,the line between them touches another wall,wall of tile 002919 (room 0x27)
wall of tile 001519 (room 0x27),wall of tile 008618 (room 0x28),27.463,no,"the line between them leaves the walkable area (a wall's thickness, or another floor)",
wall of tile 00151A (room 0x27),wall of tile 001D1A (room 0x27),22.886,no,the line between them touches another wall,wall of tile 00291A (room 0x27)
wall of tile 00151A (room 0x27),wall of tile 00191A (room 0x27),50.348,no,the line between them touches another wall,wall of tile 00291A (room 0x27)
wall of tile 00151A (room 0x27),wall of tile 007618 (room 0x27),18.133,no,the far wall faces the other way (it belongs to floor which isn't linked here),
wall of tile 002919 (room 0x27),wall of tile 001919 (room 0x27),27.463,no,the line between them touches another wall,wall of tile 001D19 (room 0x27)
wall of tile 002919 (room 0x27),wall of tile 001B19 (room 0x27),54.925,no,the line between them touches another wall,wall of tile 001919 (room 0x27)
wall of tile 002919 (room 0x27),wall of tile 008618 (room 0x28),27.463,no,"the line between them leaves the walkable area (a wall's thickness, or another floor)",
wall of tile 00291A (room 0x27),wall of tile 00191A (room 0x27),27.463,no,the line between them touches another wall,wall of tile 001D1A (room 0x27)
wall of tile 00291A (room 0x27),wall of tile 001B1A (room 0x27),54.925,no,the line between them touches another wall,wall of tile 00191A (room 0x27)
wall of tile 00291A (room 0x27),wall of tile 007618 (room 0x27),15.543,no,the far wall faces the other way (it belongs to floor which isn't linked here),
wall of tile 001D19 (room 0x27),wall of tile 001B19 (room 0x27),27.463,no,the line between them touches another wall,wall of tile 001919 (room 0x27)
wall of tile 001D19 (room 0x27),wall of tile 001F19 (room 0x27),54.925,no,the line between them touches another wall,wall of tile 001919 (room 0x27)
wall of tile 001D19 (room 0x27),wall of tile 00A018 (room 0x28),45.771,no,"the line between them leaves the walkable area (a wall's thickness, or another floor)",
wall of tile 001D19 (room 0x27),wall of tile 008618 (room 0x28),27.463,no,"the line between them leaves the walkable area (a wall's thickness, or another floor)",
wall of tile 001D1A (room 0x27),wall of tile 001B1A (room 0x27),27.463,no,the line between them touches another wall,wall of tile 00191A (room 0x27)
wall of tile 001D1A (room 0x27),wall of tile 001F1A (room 0x27),54.925,no,the line between them touches another wall,wall of tile 00191A (room 0x27)
wall of tile 001D1A (room 0x27),wall of tile 007618 (room 0x27),12.434,no,the far wall faces the other way (it belongs to floor which isn't linked here),
wall of tile 001919 (room 0x27),wall of tile 001F19 (room 0x27),27.463,no,the line between them touches another wall,wall of tile 001B19 (room 0x27)
wall of tile 001919 (room 0x27),wall of tile 002C19 (room 0x27),54.925,no,the line between them touches another wall,wall of tile 001F19 (room 0x27)
wall of tile 001919 (room 0x27),wall of tile 00A018 (room 0x28),28.948,no,"the line between them leaves the walkable area (a wall's thickness, or another floor)",
wall of tile 001919 (room 0x27),wall of tile 008618 (room 0x28),27.463,no,"the line between them leaves the walkable area (a wall's thickness, or another floor)",
wall of tile 00191A (room 0x27),wall of tile 001F1A (room 0x27),27.463,no,the line between them touches another wall,wall of tile 001B1A (room 0x27)
wall of tile 00191A (room 0x27),wall of tile 002C1A (room 0x27),54.925,no,the line between them touches another wall,wall of tile 001F1A (room 0x27)
wall of tile 00191A (room 0x27),wall of tile 007618 (room 0x27),9.326,no,the far wall faces the other way (it belongs to floor which isn't linked here),
wall of tile 001B19 (room 0x27),wall of tile 002C19 (room 0x27),27.463,no,the line between them touches another wall,wall of tile 001F19 (room 0x27)
wall of tile 001B19 (room 0x27),wall of tile 007318 (room 0x27),54.925,no,the line between them touches another wall,wall of tile 002C19 (room 0x27)
wall of tile 001B19 (room 0x27),wall of tile 00A018 (room 0x28),27.463,no,"the line between them leaves the walkable area (a wall's thickness, or another floor)",
wall of tile 001B19 (room 0x27),wall of tile 008618 (room 0x28),27.463,no,"the line between them leaves the walkable area (a wall's thickness, or another floor)",
wall of tile 001B1A (room 0x27),wall of tile 002C1A (room 0x27),27.463,no,the line between them touches another wall,wall of tile 001F1A (room 0x27)
wall of tile 001B1A (room 0x27),wall of tile 007618 (room 0x27),6.217,no,the far wall faces the other way (it belongs to floor which isn't linked here),
wall of tile 001F19 (room 0x27),wall of tile 007318 (room 0x27),27.463,no,the line between them touches another wall,wall of tile 002C19 (room 0x27)
wall of tile 001F19 (room 0x27),wall of tile 00A018 (room 0x28),27.463,no,"the line between them leaves the walkable area (a wall's thickness, or another floor)",
wall of tile 001F19 (room 0x27),wall of tile 008618 (room 0x28),33.006,no,"the line between them leaves the walkable area (a wall's thickness, or another floor)",
wall of tile 001F1A (room 0x27),wall of tile 007618 (room 0x27),3.109,no,the far wall faces the other way (it belongs to floor which isn't linked here),
wall of tile 002C19 (room 0x27),wall of tile 00A018 (room 0x28),27.463,no,"the line between them leaves the walkable area (a wall's thickness, or another floor)",
wall of tile 002C19 (room 0x27),wall of tile 008618 (room 0x28),53.378,no,"the line between them leaves the walkable area (a wall's thickness, or another floor)",
wall of tile 007318 (room 0x27),wall of tile 00A018 (room 0x28),27.463,no,"the line between them leaves the walkable area (a wall's thickness, or another floor)",
wall of tile 007D18 (room 0x27),wall of tile 001912 (room 0x25),27.463,no,"the line between them leaves the walkable area (a wall's thickness, or another floor)",
wall of tile 007D18 (room 0x27),wall of tile 001912 (room 0x25),27.463,no,"the line between them leaves the walkable area (a wall's thickness, or another floor)",
wall of tile 00A11A (room 0x28),wall of tile 012B10 (room 0x22),27.463,no,"the line between them leaves the walkable area (a wall's thickness, or another floor)",
wall of tile 00A218 (room 0x28),wall of tile 01DB12 (room 0x22),49.509,no,"the line between them leaves the walkable area (a wall's thickness, or another floor)",
wall of tile 00A218 (room 0x28),wall of tile 01DB11 (room 0x22),49.509,no,"the line between them leaves the walkable area (a wall's thickness, or another floor)",
wall of tile 00A218 (room 0x28),wall of tile 012B10 (room 0x22),27.463,no,"the line between them leaves the walkable area (a wall's thickness, or another floor)",
wall of tile 00A218 (room 0x28),safe 0x1eb0ec (preset 0x2741),13.731,no,the far wall faces the other way (it belongs to floor which isn't linked here),
wall of tile 00A218 (room 0x28),safe 0x1eb0ec (preset 0x2741),13.731,no,the far wall faces the other way (it belongs to floor which isn't linked here),
wall of tile 008418 (room 0x28),wall of tile 03E712 (room 0x24),13.731,no,the line between them touches another wall,wall of tile 000619 (room 0x28)
wall of tile 008418 (room 0x28),wall of tile 01DB12 (room 0x22),27.463,no,"the line between them leaves the walkable area (a wall's thickness, or another floor)",
wall of tile 008418 (room 0x28),wall of tile 01DB11 (room 0x22),27.463,no,"the line between them leaves the walkable area (a wall's thickness, or another floor)",
wall of tile 008418 (room 0x28),wall of tile 012B10 (room 0x22),27.463,no,the line between them touches another wall,wall of tile 03E712 (room 0x24)
wall of tile 008418 (room 0x28),wall of tile 012B10 (room 0x22),27.463,no,"the line between them leaves the walkable area (a wall's thickness, or another floor)",
wall of tile 008418 (room 0x28),safe 0x1eb0ec (preset 0x2741),16.503,no,the far wall faces the other way (it belongs to floor which isn't linked here),
wall of tile 008418 (room 0x28),safe 0x1eb0ec (preset 0x2741),13.731,no,the far wall faces the other way (it belongs to floor which isn't linked here),
wall of tile 008418 (room 0x28),safe 0x1eb0ec (preset 0x2741),16.503,no,the far wall faces the other way (it belongs to floor which isn't linked here),
wall of tile 008418 (room 0x28),door 0x1ee930 (preset 0x002d),0.000,no,the line between them touches another wall,door 0x1ee930 (preset 0x002d)
wall of tile 008418 (room 0x28),door 0x1ee930 (preset 0x002d),9.154,no,"the line between them leaves the walkable area (a wall's thickness, or another floor)",
wall of tile 008418 (room 0x28),door 0x1ee930 (preset 0x002d),9.154,no,"the line between them leaves the walkable area (a wall's thickness, or another floor)",
wall of tile 008418 (room 0x28),wall of tile 03E711 (room 0x24),13.731,no,the line between them touches another wall,wall of tile 00061A (room 0x28)
wall of tile 008418 (room 0x28),wall of tile 01DB12 (room 0x22),27.463,no,"the line between them leaves the walkable area (a wall's thickness, or another floor)",
wall of tile 008418 (room 0x28),wall of tile 01D012 (room 0x22),27.463,no,"the line between them leaves the walkable area (a wall's thickness, or another floor)",
wall of tile 008418 (room 0x28),wall of tile 01D312 (room 0x22),27.463,no,"the line between them leaves the walkable area (a wall's thickness, or another floor)",
wall of tile 008418 (room 0x28),wall of tile 01D612 (room 0x22),27.463,no,"the line between them leaves the walkable area (a wall's thickness, or another floor)",
wall of tile 008418 (room 0x28),wall of tile 012910 (room 0x22),27.463,no,"the line between them leaves the walkable area (a wall's thickness, or another floor)",
wall of tile 008418 (room 0x28),wall of tile 012610 (room 0x23),27.463,no,"the line between them leaves the walkable area (a wall's thickness, or another floor)",
wall of tile 008418 (room 0x28),door 0x1ee930 (preset 0x002d),0.000,no,"another wall pokes into the space between them, so a tighter pair covers this gap",wall of tile 00061A (room 0x28)
wall of tile 008418 (room 0x28),door 0x1ee930 (preset 0x002d),0.000,no,"another wall pokes into the space between them, so a tighter pair covers this gap",wall of tile 00061A (room 0x28)
wall of tile 008418 (room 0x28),door 0x1ee930 (preset 0x002d),0.000,no,"another wall pokes into the space between them, so a tighter pair covers this gap",wall of tile 00061A (room 0x28)
wall of tile 008418 (room 0x28),door 0x1ee930 (preset 0x002d),9.154,no,"another wall pokes into the space between them, so a tighter pair covers this gap",wall of tile 00061A (room 0x28)
wall of tile 008618 (room 0x28),wall of tile 03E310 (room 0x23),54.925,no,"the line between them leaves the walkable area (a wall's thickness, or another floor)",
wall of tile 008618 (room 0x28),wall of tile 007219 (room 0x27),27.463,no,"the line between them leaves the walkable area (a wall's thickness, or another floor)",
wall of tile 008618 (room 0x28),wall of tile 00721A (room 0x27),27.463,no,"the line between them leaves the walkable area (a wall's thickness, or another floor)",
wall of tile 008518 (room 0x28),wall of tile 012910 (room 0x22),27.463,no,"the line between them leaves the walkable area (a wall's thickness, or another floor)",
wall of tile 008518 (room 0x28),wall of tile 012610 (room 0x23),27.463,no,"the line between them leaves the walkable area (a wall's thickness, or another floor)",
wall of tile 008518 (room 0x28),wall of tile 012610 (room 0x23),27.463,no,"the line between them leaves the walkable area (a wall's thickness, or another floor)",
wall of tile 008518 (room 0x28),wall of tile 03E310 (room 0x23),54.925,no,"the line between them leaves the walkable area (a wall's thickness, or another floor)",
wall of tile 008518 (room 0x28),wall of tile 007219 (room 0x27),27.463,no,"the line between them leaves the walkable area (a wall's thickness, or another floor)",
wall of tile 008518 (room 0x28),wall of tile 00721A (room 0x27),27.463,no,"the line between them leaves the walkable area (a wall's thickness, or another floor)",
wall of tile 00061A (room 0x28),wall of tile 01DB12 (room 0x22),13.731,no,the line between them touches another wall,wall of tile 03E711 (room 0x24)
wall of tile 00061A (room 0x28),wall of tile 01D012 (room 0x22),19.419,no,"the line between them leaves the walkable area (a wall's thickness, or another floor)",
wall of tile 00061A (room 0x28),wall of tile 01D312 (room 0x22),52.187,no,"the line between them leaves the walkable area (a wall's thickness, or another floor)",
wall of tile 00061A (room 0x28),door 0x1ee930 (preset 0x002d),0.000,yes,,
wall of tile 00061A (room 0x28),door 0x1ee930 (preset 0x002d),0.000,yes,,
wall of tile 00061A (room 0x28),door 0x1ee930 (preset 0x002d),0.000,yes,,
wall of tile 00061A (room 0x28),door 0x1ee930 (preset 0x002d),0.000,yes,,
wall of tile 000619 (room 0x28),wall of tile 01DB12 (room 0x22),13.731,no,the line between them touches another wall,wall of tile 03E712 (room 0x24)
wall of tile 000619 (room 0x28),wall of tile 01DB11 (room 0x22),30.704,no,"the line between them leaves the walkable area (a wall's thickness, or another floor)",
wall of tile 000619 (room 0x28),wall of tile 012B10 (room 0x22),13.731,no,the line between them touches another wall,wall of tile 03E712 (room 0x24)
wall of tile 000619 (room 0x28),wall of tile 012B10 (room 0x22),13.731,no,the line between them touches another wall,wall of tile 03E712 (room 0x24)
wall of tile 000619 (room 0x28),safe 0x1eb0ec (preset 0x2741),16.503,no,the far wall faces the other way (it belongs to floor which isn't linked here),
wall of tile 000619 (room 0x28),safe 0x1eb0ec (preset 0x2741),13.731,no,the far wall faces the other way (it belongs to floor which isn't linked here),
wall of tile 000619 (room 0x28),door 0x1ee930 (preset 0x002d),0.000,no,the line between them touches another wall,door 0x1ee930 (preset 0x002d)
wall of tile 000619 (room 0x28),door 0x1ee930 (preset 0x002d),0.000,no,"the line between them leaves the walkable area (a wall's thickness, or another floor)",
wall of tile 000619 (room 0x28),door 0x1ee930 (preset 0x002d),0.000,no,"the line between them leaves the walkable area (a wall's thickness, or another floor)",
wall of tile 03E711 (room 0x24),wall of tile 01D012 (room 0x22),13.731,no,the line between them touches another wall,wall of tile 01DB12 (room 0x22)
wall of tile 03E711 (room 0x24),wall of tile 01D312 (room 0x22),50.348,no,the line between them touches another wall,wall of tile 01D012 (room 0x22)
wall of tile 03E711 (room 0x24),door 0x1ee930 (preset 0x002d),13.731,no,"another wall pokes into the space between them, so a tighter pair covers this gap",wall of tile 00061A (room 0x28)
wall of tile 03E711 (room 0x24),door 0x1ee930 (preset 0x002d),13.731,no,"another wall pokes into the space between them, so a tighter pair covers this gap",wall of tile 00061A (room 0x28)
wall of tile 03E711 (room 0x24),door 0x1ee930 (preset 0x002d),4.577,no,"another wall pokes into the space between them, so a tighter pair covers this gap",wall of tile 00061A (room 0x28)
wall of tile 03E711 (room 0x24),door 0x1ee930 (preset 0x002d),4.577,no,"another wall pokes into the space between them, so a tighter pair covers this gap",wall of tile 00061A (room 0x28)
wall of tile 03E712 (room 0x24),wall of tile 01DB11 (room 0x22),27.463,no,the line between them touches another wall,wall of tile 01DB12 (room 0x22)
wall of tile 03E712 (room 0x24),safe 0x1eb0ec (preset 0x2741),28.948,no,the far wall faces the other way (it belongs to floor which isn't linked here),
wall of tile 03E712 (room 0x24),safe 0x1eb0ec (preset 0x2741),27.463,no,the line between them touches another wall,wall of tile 000619 (room 0x28)
wall of tile 03E712 (room 0x24),door 0x1ee930 (preset 0x002d),13.731,no,the line between them touches another wall,door 0x1ee930 (preset 0x002d)
wall of tile 03E712 (room 0x24),door 0x1ee930 (preset 0x002d),4.577,no,"another wall pokes into the space between them, so a tighter pair covers this gap",wall of tile 000619 (room 0x28)
wall of tile 03E712 (room 0x24),door 0x1ee930 (preset 0x002d),4.577,no,"the line between them leaves the walkable area (a wall's thickness, or another floor)",
wall of tile 03E712 (room 0x24),door 0x1ee930 (preset 0x002d),4.577,no,"the line between them leaves the walkable area (a wall's thickness, or another floor)",
wall of tile 01DB12 (room 0x22),wall of tile 01D312 (room 0x22),36.617,no,the line between them touches another wall,wall of tile 01D012 (room 0x22)
wall of tile 01DB12 (room 0x22),door 0x1ee930 (preset 0x002d),27.463,no,"another wall pokes into the space between them, so a tighter pair covers this gap",wall of tile 03E711 (room 0x24)
wall of tile 01DB12 (room 0x22),door 0x1ee930 (preset 0x002d),27.463,no,"another wall pokes into the space between them, so a tighter pair covers this gap",wall of tile 03E711 (room 0x24)
wall of tile 01DB12 (room 0x22),door 0x1ee930 (preset 0x002d),18.308,no,"another wall pokes into the space between them, so a tighter pair covers this gap",wall of tile 03E711 (room 0x24)
wall of tile 01DB12 (room 0x22),door 0x1ee930 (preset 0x002d),18.308,no,"another wall pokes into the space between them, so a tighter pair covers this gap",wall of tile 03E711 (room 0x24)
wall of tile 01DB12 (room 0x22),safe 0x1eb0ec (preset 0x2741),42.199,no,the far wall faces the other way (it belongs to floor which isn't linked here),
wall of tile 01DB12 (room 0x22),safe 0x1eb0ec (preset 0x2741),41.194,no,"the line between them leaves the walkable area (a wall's thickness, or another floor)",
wall of tile 01DB12 (room 0x22),door 0x1ee930 (preset 0x002d),27.463,no,the line between them touches another wall,door 0x1ee930 (preset 0x002d)
wall of tile 01DB12 (room 0x22),door 0x1ee930 (preset 0x002d),18.308,no,"another wall pokes into the space between them, so a tighter pair covers this gap",wall of tile 03E712 (room 0x24)
wall of tile 01DB12 (room 0x22),door 0x1ee930 (preset 0x002d),18.308,no,"the line between them leaves the walkable area (a wall's thickness, or another floor)",
wall of tile 01DB12 (room 0x22),door 0x1ee930 (preset 0x002d),18.308,no,"the line between them leaves the walkable area (a wall's thickness, or another floor)",
wall of tile 01DB11 (room 0x22),wall of tile 012A10 (room 0x22),27.463,no,the far wall faces the other way (it belongs to floor which isn't linked here),
wall of tile 01DB11 (room 0x22),wall of tile 012B10 (room 0x22),27.463,no,the far wall faces the other way (it belongs to floor which isn't linked here),
wall of tile 01DB11 (room 0x22),safe 0x1eb0ec (preset 0x2741),55.116,no,"the line between them leaves the walkable area (a wall's thickness, or another floor)",
wall of tile 01DB11 (room 0x22),safe 0x1eb0ec (preset 0x2741),41.194,no,"the line between them leaves the walkable area (a wall's thickness, or another floor)",
wall of tile 01DB11 (room 0x22),door 0x1ee930 (preset 0x002d),38.838,no,"the line between them leaves the walkable area (a wall's thickness, or another floor)",
wall of tile 01DB11 (room 0x22),door 0x1ee930 (preset 0x002d),33.006,no,"the line between them leaves the walkable area (a wall's thickness, or another floor)",
wall of tile 01DB11 (room 0x22),door 0x1ee930 (preset 0x002d),33.006,no,"the line between them leaves the walkable area (a wall's thickness, or another floor)",
wall of tile 01DB11 (room 0x22),door 0x1ee930 (preset 0x002d),33.006,no,"the line between them leaves the walkable area (a wall's thickness, or another floor)",
wall of tile 01DB11 (room 0x22),wall of tile 01D311 (room 0x22),36.617,no,the line between them touches another wall,wall of tile 01D011 (room 0x22)
wall of tile 01DB11 (room 0x22),wall of tile 012A10 (room 0x22),12.490,no,the far wall faces the other way (it belongs to floor which isn't linked here),
wall of tile 01DB11 (room 0x22),wall of tile 012B10 (room 0x22),27.463,no,the far wall faces the other way (it belongs to floor which isn't linked here),
wall of tile 01D011 (room 0x22),wall of tile 01D611 (room 0x22),32.040,no,the line between them touches another wall,wall of tile 01D311 (room 0x22)
wall of tile 01D011 (room 0x22),wall of tile 012A10 (room 0x22),7.948,no,the far wall faces the other way (it belongs to floor which isn't linked here),
wall of tile 01D012 (room 0x22),wall of tile 01D612 (room 0x22),32.040,no,the line between them touches another wall,wall of tile 01D312 (room 0x22)
wall of tile 01D012 (room 0x22),door 0x1ee930 (preset 0x002d),30.704,no,"the line between them leaves the walkable area (a wall's thickness, or another floor)",
wall of tile 01D012 (room 0x22),door 0x1ee930 (preset 0x002d),30.704,no,"the line between them leaves the walkable area (a wall's thickness, or another floor)",
wall of tile 01D012 (room 0x22),door 0x1ee930 (preset 0x002d),22.885,no,"the line between them leaves the walkable area (a wall's thickness, or another floor)",
wall of tile 01D012 (room 0x22),door 0x1ee930 (preset 0x002d),22.885,no,"the line between them leaves the walkable area (a wall's thickness, or another floor)",
wall of tile 01D311 (room 0x22),wall of tile 012A10 (room 0x22),3.974,no,the far wall faces the other way (it belongs to floor which isn't linked here),
wall of tile 01D312 (room 0x22),wall of tile 012910 (room 0x22),32.040,no,the line between them touches another wall,wall of tile 01D612 (room 0x22)
wall of tile 01D312 (room 0x22),door 0x1ee930 (preset 0x002d),57.351,no,"the line between them leaves the walkable area (a wall's thickness, or another floor)",
wall of tile 01D312 (room 0x22),door 0x1ee930 (preset 0x002d),57.351,no,"the line between them leaves the walkable area (a wall's thickness, or another floor)",
wall of tile 01D312 (room 0x22),door 0x1ee930 (preset 0x002d),53.574,no,"the line between them leaves the walkable area (a wall's thickness, or another floor)",
wall of tile 01D312 (room 0x22),door 0x1ee930 (preset 0x002d),53.574,no,"the line between them leaves the walkable area (a wall's thickness, or another floor)",
wall of tile 012610 (room 0x23),wall of tile 03E310 (room 0x23),27.463,no,the line between them touches another wall,wall of tile 012610 (room 0x23)
wall of tile 03E310 (room 0x23),wall of tile 007219 (room 0x27),54.925,no,"the line between them leaves the walkable area (a wall's thickness, or another floor)",
wall of tile 03E310 (room 0x23),wall of tile 00721A (room 0x27),54.925,no,"the line between them leaves the walkable area (a wall's thickness, or another floor)",
wall of tile 03E210 (room 0x23),wall of tile 005910 (room 0x25),27.463,no,"the line between them leaves the walkable area (a wall's thickness, or another floor)",
wall of tile 03E210 (room 0x23),wall of tile 007B18 (room 0x27),54.925,no,"the line between them leaves the walkable area (a wall's thickness, or another floor)",
wall of tile 03E210 (room 0x23),wall of tile 007219 (room 0x27),54.925,no,"the line between them leaves the walkable area (a wall's thickness, or another floor)",
wall of tile 03E210 (room 0x23),door 0x1ee630 (preset 0x0028),13.731,no,the line between them touches another wall,door 0x1ee630 (preset 0x0028)
wall of tile 03E210 (room 0x23),door 0x1ee630 (preset 0x0028),4.577,no,"another wall pokes into the space between them, so a tighter pair covers this gap",wall of tile 005812 (room 0x25)
wall of tile 03E210 (room 0x23),door 0x1ee630 (preset 0x0028),4.577,no,"the line between them leaves the walkable area (a wall's thickness, or another floor)",
wall of tile 03E210 (room 0x23),door 0x1ee630 (preset 0x0028),4.577,no,"the line between them leaves the walkable area (a wall's thickness, or another floor)",
wall of tile 005812 (room 0x25),wall of tile 005910 (room 0x25),27.463,no,"the line between them leaves the walkable area (a wall's thickness, or another floor)",
wall of tile 005812 (room 0x25),wall of tile 007B18 (room 0x27),54.925,no,"the line between them leaves the walkable area (a wall's thickness, or another floor)",
wall of tile 005812 (room 0x25),door 0x1ee630 (preset 0x0028),0.000,no,"the line between them leaves the walkable area (a wall's thickness, or another floor)",
wall of tile 005812 (room 0x25),door 0x1ee630 (preset 0x0028),0.000,no,"the line between them leaves the walkable area (a wall's thickness, or another floor)",
wall of tile 005811 (room 0x25),door 0x1ee630 (preset 0x0028),3.330,no,"another wall pokes into the space between them, so a tighter pair covers this gap",door 0x1ee630 (preset 0x0028)
wall of tile 005811 (room 0x25),door 0x1ee630 (preset 0x0028),3.330,no,"another wall pokes into the space between them, so a tighter pair covers this gap",door 0x1ee630 (preset 0x0028)
wall of tile 005811 (room 0x25),door 0x1ee630 (preset 0x0028),1.110,yes,,
wall of tile 005811 (room 0x25),door 0x1ee630 (preset 0x0028),1.110,yes,,
wall of tile 005910 (room 0x25),wall of tile 005910 (room 0x25),27.463,no,"another wall pokes into the space between them, so a tighter pair covers this gap",wall of tile 005910 (room 0x25)
wall of tile 005910 (room 0x25),wall of tile 007B18 (room 0x27),54.925,no,"the line between them leaves the walkable area (a wall's thickness, or another floor)",
wall of tile 005910 (room 0x25),door 0x1ee630 (preset 0x0028),0.000,no,the line between them touches another wall,door 0x1ee630 (preset 0x0028)
wall of tile 005910 (room 0x25),door 0x1ee630 (preset 0x0028),0.000,no,the line between them touches another wall,door 0x1ee630 (preset 0x0028)
wall of tile 005910 (room 0x25),wall of tile 007B18 (room 0x27),27.463,no,"the line between them leaves the walkable area (a wall's thickness, or another floor)",
wall of tile 005910 (room 0x25),door 0x1ee630 (preset 0x0028),27.463,yes,,
wall of tile 005910 (room 0x25),door 0x1ee630 (preset 0x0028),27.463,no,"another wall pokes into the space between them, so a tighter pair covers this gap",wall of tile 005910 (room 0x25)
wall of tile 005910 (room 0x25),door 0x1ee630 (preset 0x0028),27.463,no,"another wall pokes into the space between them, so a tighter pair covers this gap",wall of tile 005910 (room 0x25)
wall of tile 005910 (room 0x25),door 0x1ee630 (preset 0x0028),27.463,no,"another wall pokes into the space between them, so a tighter pair covers this gap",wall of tile 005910 (room 0x25)
wall of tile 005910 (room 0x25),wall of tile 007B18 (room 0x27),27.463,no,"the line between them leaves the walkable area (a wall's thickness, or another floor)",
wall of tile 005910 (room 0x25),door 0x1ee630 (preset 0x0028),13.731,no,"the line between them leaves the walkable area (a wall's thickness, or another floor)",
wall of tile 005910 (room 0x25),door 0x1ee630 (preset 0x0028),4.577,no,"the line between them leaves the walkable area (a wall's thickness, or another floor)",
wall of tile 005910 (room 0x25),door 0x1ee630 (preset 0x0028),4.577,no,"another wall pokes into the space between them, so a tighter pair covers this gap",wall of tile 005910 (room 0x25)
wall of tile 005910 (room 0x25),door 0x1ee630 (preset 0x0028),4.577,no,the line between them touches another wall,door 0x1ee630 (preset 0x0028)
wall of tile 005A10 (room 0x25),door 0x1ee630 (preset 0x0028),3.330,no,"the line between them leaves the walkable area (a wall's thickness, or another floor)",
wall of tile 005A10 (room 0x25),door 0x1ee630 (preset 0x0028),3.330,no,"the line between them leaves the walkable area (a wall's thickness, or another floor)",
wall of tile 005A10 (room 0x25),door 0x1ee630 (preset 0x0028),1.110,no,"the line between them leaves the walkable area (a wall's thickness, or another floor)",
wall of tile 005A10 (room 0x25),door 0x1ee630 (preset 0x0028),1.110,no,"the line between them leaves the walkable area (a wall's thickness, or another floor)",
wall of tile 005A10 (room 0x25),wall of tile 011F10 (room 0x23),4.577,no,"the line between them leaves the walkable area (a wall's thickness, or another floor)",
wall of tile 005A10 (room 0x25),door 0x1ee630 (preset 0x0028),13.731,no,"the line between them leaves the walkable area (a wall's thickness, or another floor)",
wall of tile 005A10 (room 0x25),door 0x1ee630 (preset 0x0028),13.731,no,"the line between them leaves the walkable area (a wall's thickness, or another floor)",
wall of tile 005A10 (room 0x25),door 0x1ee630 (preset 0x0028),4.577,no,"the line between them leaves the walkable area (a wall's thickness, or another floor)",
wall of tile 005A10 (room 0x25),door 0x1ee630 (preset 0x0028),4.577,no,"the line between them leaves the walkable area (a wall's thickness, or another floor)",
wall of tile 005611 (room 0x25),wall of tile 00801A (room 0x27),27.463,no,"the line between them leaves the walkable area (a wall's thickness, or another floor)",
wall of tile 005611 (room 0x25),wall of tile 007B18 (room 0x27),27.463,no,"the line between them leaves the walkable area (a wall's thickness, or another floor)",
wall of tile 005C10 (room 0x25),wall of tile 011F10 (room 0x23),4.577,no,"the line between them leaves the walkable area (a wall's thickness, or another floor)",
wall of tile 012110 (room 0x23),door 0x1ee630 (preset 0x0028),13.731,no,"another wall pokes into the space between them, so a tighter pair covers this gap",wall of tile 005811 (room 0x25)
wall of tile 012110 (room 0x23),door 0x1ee630 (preset 0x0028),13.731,no,"another wall pokes into the space between them, so a tighter pair covers this gap",wall of tile 005811 (room 0x25)
wall of tile 012110 (room 0x23),door 0x1ee630 (preset 0x0028),4.577,no,"another wall pokes into the space between them, so a tighter pair covers this gap",wall of tile 005811 (room 0x25)
wall of tile 012110 (room 0x23),door 0x1ee630 (preset 0x0028),4.577,no,"another wall pokes into the space between them, so a tighter pair covers this gap",wall of tile 005811 (room 0x25)
wall of tile 026912 (room 0x23),wall of tile 013010 (room 0x23),9.154,no,the line between them touches another wall,wall of tile 0BD810 (room 0x23)
wall of tile 0E5F0A (room 0x1e),wall of tile 0E5C08 (room 0x1e),27.463,no,"the line between them leaves the walkable area (a wall's thickness, or another floor)",
wall of tile 011F08 (room 0x1e),wall of tile 000771 (room 0x52),22.886,no,"the line between them leaves the walkable area (a wall's thickness, or another floor)",
wall of tile 011F08 (room 0x1e),wall of tile 000771 (room 0x52),22.886,no,"the line between them leaves the walkable area (a wall's thickness, or another floor)",
wall of tile 011F08 (room 0x1e),wall of tile 000872 (room 0x52),4.577,no,"the line between them leaves the walkable area (a wall's thickness, or another floor)",
wall of tile 011F08 (room 0x1e),door 0x1ee230 (preset 0x0024),4.577,no,the line between them touches another wall,door 0x1ee230 (preset 0x0024)
wall of tile 011F08 (room 0x1e),door 0x1ee230 (preset 0x0024),4.577,no,"the line between them leaves the walkable area (a wall's thickness, or another floor)",
wall of tile 011F08 (room 0x1e),door 0x1ee230 (preset 0x0024),4.577,no,the line between them touches another wall,door 0x1ee230 (preset 0x0024)
wall of tile 0D8209 (room 0x1e),wall of tile 0D8409 (room 0x1e),32.040,yes,,
wall of tile 0D8209 (room 0x1e),wall of tile 0D8309 (room 0x1e),39.374,no,"another wall pokes into the space between them, so a tighter pair covers this gap",wall of tile 0D8409 (room 0x1e)
wall of tile 0D8C09 (room 0x1d),wall of tile 001161 (room 0x4a),36.617,no,"the line between them leaves the walkable area (a wall's thickness, or another floor)",
wall of tile 0D8C09 (room 0x1d),wall of tile 001161 (room 0x4a),36.617,no,"the line between them leaves the walkable area (a wall's thickness, or another floor)",
wall of tile 0D8C09 (room 0x1d),wall of tile 001062 (room 0x4a),18.308,no,"the line between them leaves the walkable area (a wall's thickness, or another floor)",
wall of tile 0D8C09 (room 0x1d),wall of tile 001061 (room 0x4a),29.308,no,"the line between them leaves the walkable area (a wall's thickness, or another floor)",
wall of tile 0D8C09 (room 0x1d),wall of tile 001061 (room 0x4a),18.308,no,"the line between them leaves the walkable area (a wall's thickness, or another floor)",
wall of tile 0D8C09 (room 0x1d),wall of tile 000F61 (room 0x4a),43.180,no,"the line between them leaves the walkable area (a wall's thickness, or another floor)",
wall of tile 0D8C09 (room 0x1d),wall of tile 000B62 (room 0x4a),40.939,no,"the line between them leaves the walkable area (a wall's thickness, or another floor)",
wall of tile 0D8C09 (room 0x1d),wall of tile 000B61 (room 0x4a),40.939,no,"the line between them leaves the walkable area (a wall's thickness, or another floor)",
wall of tile 0D8709 (room 0x1e),wall of tile 001061 (room 0x4a),18.308,no,"the line between them leaves the walkable area (a wall's thickness, or another floor)",
wall of tile 0D8709 (room 0x1e),wall of tile 001061 (room 0x4a),18.308,no,"the line between them leaves the walkable area (a wall's thickness, or another floor)",
wall of tile 0D8709 (room 0x1e),wall of tile 000F61 (room 0x4a),36.617,no,"the line between them leaves the walkable area (a wall's thickness, or another floor)",
wall of tile 0D8709 (room 0x1e),wall of tile 000B62 (room 0x4a),18.308,no,"the line between them leaves the walkable area (a wall's thickness, or another floor)",
wall of tile 0D8709 (room 0x1e),wall of tile 000B61 (room 0x4a),18.308,no,"the line between them leaves the walkable area (a wall's thickness, or another floor)",
wall of tile 0D8709 (room 0x1e),wall of tile 000A61 (room 0x4a),18.308,no,"the line between them leaves the walkable area (a wall's thickness, or another floor)",
wall of tile 0D8709 (room 0x1e),wall of tile 000A61 (room 0x4a),18.308,no,"the line between them leaves the walkable area (a wall's thickness, or another floor)",
wall of tile 0D8709 (room 0x1e),wall of tile 002562 (room 0x4a),18.308,no,"the line between them leaves the walkable area (a wall's thickness, or another floor)",
wall of tile 0D8709 (room 0x1e),wall of tile 002A62 (room 0x4a),36.617,no,"the line between them leaves the walkable area (a wall's thickness, or another floor)",
wall of tile 0D8709 (room 0x1e),wall of tile 002561 (room 0x4a),18.308,no,"the line between them leaves the walkable area (a wall's thickness, or another floor)",
wall of tile 0D8709 (room 0x1e),wall of tile 002962 (room 0x4a),18.308,no,"the line between them leaves the walkable area (a wall's thickness, or another floor)",
wall of tile 011E08 (room 0x1e),wall of tile 001D61 (room 0x4a),18.308,no,"the line between them leaves the walkable area (a wall's thickness, or another floor)",
wall of tile 011E08 (room 0x1e),wall of tile 002962 (room 0x4a),18.308,no,"the line between them leaves the walkable area (a wall's thickness, or another floor)",
wall of tile 011E08 (room 0x1e),wall of tile 001D62 (room 0x4a),18.308,no,"the line between them leaves the walkable area (a wall's thickness, or another floor)",
wall of tile 0E6408 (room 0x1e),wall of tile 0E6208 (room 0x1e),59.502,no,the line between them touches another wall,wall of tile 0E6208 (room 0x1e)
wall of tile 0E6408 (room 0x1e),wall of tile 0E630A (room 0x1e),59.502,no,the line between them touches another wall,wall of tile 0E6309 (room 0x1e)
wall of tile 0E630A (room 0x1e),wall of tile 001D61 (room 0x4a),41.194,no,"the line between them leaves the walkable area (a wall's thickness, or another floor)",
wall of tile 0E630A (room 0x1e),wall of tile 001D62 (room 0x4a),41.194,no,"the line between them leaves the walkable area (a wall's thickness, or another floor)",
wall of tile 0E630A (room 0x1e),wall of tile 001D62 (room 0x4a),41.194,no,"the line between them leaves the walkable area (a wall's thickness, or another floor)",
wall of tile 0D800A (room 0x1e),wall of tile 0D8409 (room 0x1e),32.040,yes,,
wall of tile 0D840A (room 0x1e),wall of tile 0D8409 (room 0x1e),32.040,yes,,
wall of tile 0D840A (room 0x1e),wall of tile 0D8309 (room 0x1e),39.374,no,"another wall pokes into the space between them, so a tighter pair covers this gap",wall of tile 0D8409 (room 0x1e)
wall of tile 012808 (room 0x1d),door 0x1ee130 (preset 0x0023),0.000,no,the line between them touches another wall,door 0x1ee130 (preset 0x0023)
wall of tile 012808 (room 0x1d),door 0x1ee130 (preset 0x0023),4.577,no,"the line between them leaves the walkable area (a wall's thickness, or another floor)",
wall of tile 012808 (room 0x1d),wall of tile 001161 (room 0x4a),4.577,no,"the line between them leaves the walkable area (a wall's thickness, or another floor)",
wall of tile 012808 (room 0x1d),wall of tile 001062 (room 0x4a),22.886,no,"the line between them leaves the walkable area (a wall's thickness, or another floor)",
wall of tile 012808 (room 0x1d),wall of tile 001061 (room 0x4a),22.886,no,"the line between them leaves the walkable area (a wall's thickness, or another floor)",
wall of tile 012808 (room 0x1d),door 0x1ee130 (preset 0x0023),0.000,no,the line between them touches another wall,door 0x1ee130 (preset 0x0023)
wall of tile 012808 (room 0x1d),door 0x1ee130 (preset 0x0023),4.577,no,"the line between them leaves the walkable area (a wall's thickness, or another floor)",
wall of tile 012908 (room 0x1d),wall of tile 000861 (room 0x4a),0.680,no,"the line between them leaves the walkable area (a wall's thickness, or another floor)",
wall of tile 012908 (room 0x1d),door 0x1ee130 (preset 0x0023),50.348,no,"another wall pokes into the space between them, so a tighter pair covers this gap",wall of tile 012808 (room 0x1d)
wall of tile 012908 (room 0x1d),door 0x1ee130 (preset 0x0023),50.348,no,"another wall pokes into the space between them, so a tighter pair covers this gap",wall of tile 012808 (room 0x1d)
wall of tile 012908 (room 0x1d),door 0x1ee130 (preset 0x0023),50.556,no,"the line between them leaves the walkable area (a wall's thickness, or another floor)",
wall of tile 001161 (room 0x4a),wall of tile 001061 (room 0x4a),18.308,no,the line between them touches another wall,wall of tile 001062 (room 0x4a)
wall of tile 001161 (room 0x4a),wall of tile 001062 (room 0x4a),18.308,no,the line between them touches another wall,wall of tile 001161 (room 0x4a)
wall of tile 001161 (room 0x4a),wall of tile 001061 (room 0x4a),25.892,no,"the line between them leaves the walkable area (a wall's thickness, or another floor)",
wall of tile 001161 (room 0x4a),door 0x1ee130 (preset 0x0023),0.000,no,the line between them touches another wall,door 0x1ee130 (preset 0x0023)
wall of tile 001161 (room 0x4a),door 0x1ee130 (preset 0x0023),4.577,no,"another wall pokes into the space between them, so a tighter pair covers this gap",door 0x1ee130 (preset 0x0023)
wall of tile 001061 (room 0x4a),wall of tile 000B62 (room 0x4a),13.731,no,"the line between them leaves the walkable area (a wall's thickness, or another floor)",
wall of tile 001061 (room 0x4a),wall of tile 000B61 (room 0x4a),13.731,no,"the line between them leaves the walkable area (a wall's thickness, or another floor)",
wall of tile 001061 (room 0x4a),wall of tile 000F61 (room 0x4a),18.308,no,the line between them touches another wall,wall of tile 001061 (room 0x4a)
wall of tile 001061 (room 0x4a),wall of tile 000B62 (room 0x4a),13.731,no,"the line between them leaves the walkable area (a wall's thickness, or another floor)",
wall of tile 001061 (room 0x4a),wall of tile 000B61 (room 0x4a),13.731,no,"the line between them leaves the walkable area (a wall's thickness, or another floor)",
wall of tile 000F61 (room 0x4a),wall of tile 000B61 (room 0x4a),18.308,no,the line between them touches another wall,wall of tile 000B62 (room 0x4a)
wall of tile 000A61 (room 0x4a),wall of tile 002562 (room 0x4a),13.731,no,"the line between them leaves the walkable area (a wall's thickness, or another floor)",
wall of tile 000A61 (room 0x4a),wall of tile 002561 (room 0x4a),13.731,no,"the line between them leaves the walkable area (a wall's thickness, or another floor)",
wall of tile 000A61 (room 0x4a),wall of tile 002562 (room 0x4a),13.731,no,"the line between them leaves the walkable area (a wall's thickness, or another floor)",
wall of tile 000A61 (room 0x4a),wall of tile 002A62 (room 0x4a),18.308,no,the line between them touches another wall,wall of tile 000A61 (room 0x4a)
wall of tile 000A61 (room 0x4a),wall of tile 002561 (room 0x4a),13.731,no,"the line between them leaves the walkable area (a wall's thickness, or another floor)",
wall of tile 002A62 (room 0x4a),wall of tile 002561 (room 0x4a),18.308,no,the line between them touches another wall,wall of tile 002562 (room 0x4a)
wall of tile 001E61 (room 0x4a),wall of tile 000162 (room 0x4a),13.731,no,"the line between them leaves the walkable area (a wall's thickness, or another floor)",
wall of tile 001E61 (room 0x4a),wall of tile 000161 (room 0x4a),13.731,no,"the line between them leaves the walkable area (a wall's thickness, or another floor)",
wall of tile 001E61 (room 0x4a),wall of tile 002361 (room 0x4a),18.308,no,the line between them touches another wall,wall of tile 001E61 (room 0x4a)
wall of tile 001E61 (room 0x4a),wall of tile 000162 (room 0x4a),13.731,no,"the line between them leaves the walkable area (a wall's thickness, or another floor)",
wall of tile 001E61 (room 0x4a),wall of tile 000161 (room 0x4a),13.731,no,"the line between them leaves the walkable area (a wall's thickness, or another floor)",
wall of tile 002361 (room 0x4a),wall of tile 000161 (room 0x4a),18.308,no,the line between them touches another wall,wall of tile 000162 (room 0x4a)
wall of tile 000261 (room 0x4a),wall of tile 000762 (room 0x4a),13.731,no,"the line between them leaves the walkable area (a wall's thickness, or another floor)",
wall of tile 000261 (room 0x4a),wall of tile 000761 (room 0x4a),13.731,no,"the line between them leaves the walkable area (a wall's thickness, or another floor)",
wall of tile 000261 (room 0x4a),wall of tile 000662 (room 0x4a),18.308,no,the line between them touches another wall,wall of tile 000261 (room 0x4a)
wall of tile 000261 (room 0x4a),wall of tile 000762 (room 0x4a),13.731,no,"the line between them leaves the walkable area (a wall's thickness, or another floor)",
wall of tile 000261 (room 0x4a),wall of tile 000761 (room 0x4a),13.731,no,"the line between them leaves the walkable area (a wall's thickness, or another floor)",
wall of tile 000662 (room 0x4a),wall of tile 000761 (room 0x4a),18.308,no,the line between them touches another wall,wall of tile 000762 (room 0x4a)
wall of tile 000761 (room 0x4a),wall of tile 000861 (room 0x4a),18.308,no,the line between them touches another wall,wall of tile 000862 (room 0x4a)
wall of tile 000761 (room 0x4a),wall of tile 000862 (room 0x4a),18.308,no,the line between them touches another wall,wall of tile 000761 (room 0x4a)
wall of tile 000761 (room 0x4a),wall of tile 000861 (room 0x4a),25.892,no,"the line between them leaves the walkable area (a wall's thickness, or another floor)",
wall of tile 000861 (room 0x4a),door 0x1ee130 (preset 0x0023),0.000,no,the line between them touches another wall,door 0x1ee130 (preset 0x0023)
wall of tile 000861 (room 0x4a),door 0x1ee130 (preset 0x0023),4.577,no,"another wall pokes into the space between them, so a tighter pair covers this gap",door 0x1ee130 (preset 0x0023)
wall of tile 012A08 (room 0x1d),wall of tile 001159 (room 0x46),37.744,no,"the line between them leaves the walkable area (a wall's thickness, or another floor)",
wall of tile 012A08 (room 0x1d),wall of tile 001159 (room 0x46),37.744,no,"the line between them leaves the walkable area (a wall's thickness, or another floor)",
wall of tile 012A08 (room 0x1d),wall of tile 00105A (room 0x46),29.308,no,"the line between them leaves the walkable area (a wall's thickness, or another floor)",
wall of tile 012A08 (room 0x1d),wall of tile 001059 (room 0x46),29.308,no,"the line between them leaves the walkable area (a wall's thickness, or another floor)",
wall of tile 012B08 (room 0x1d),wall of tile 001159 (room 0x46),9.154,no,"the line between them leaves the walkable area (a wall's thickness, or another floor)",
wall of tile 012B08 (room 0x1d),wall of tile 001159 (room 0x46),9.154,no,"the line between them leaves the walkable area (a wall's thickness, or another floor)",
wall of tile 012B08 (room 0x1d),wall of tile 00105A (room 0x46),22.886,no,"the line between them leaves the walkable area (a wall's thickness, or another floor)",
wall of tile 012B08 (room 0x1d),wall of tile 001059 (room 0x46),22.886,no,"the line between them leaves the walkable area (a wall's thickness, or another floor)",
wall of tile 012B08 (room 0x1d),door 0x1ee030 (preset 0x0022),0.000,no,"the line between them leaves the walkable area (a wall's thickness, or another floor)",
wall of tile 012B08 (room 0x1d),door 0x1ee030 (preset 0x0022),9.154,no,"the line between them leaves the walkable area (a wall's thickness, or another floor)",
wall of tile 012B08 (room 0x1d),door 0x1ee030 (preset 0x0022),0.000,no,"the line between them leaves the walkable area (a wall's thickness, or another floor)",
wall of tile 012C08 (room 0x1d),wall of tile 000759 (room 0x46),22.886,no,"the line between them leaves the walkable area (a wall's thickness, or another floor)",
wall of tile 012C08 (room 0x1d),wall of tile 000759 (room 0x46),22.886,no,"the line between them leaves the walkable area (a wall's thickness, or another floor)",
wall of tile 012C08 (room 0x1d),wall of tile 00085A (room 0x46),9.154,no,"the line between them leaves the walkable area (a wall's thickness, or another floor)",
wall of tile 012C08 (room 0x1d),wall of tile 000859 (room 0x46),9.154,no,"the line between them leaves the walkable area (a wall's thickness, or another floor)",
wall of tile 012C08 (room 0x1d),door 0x1ee030 (preset 0x0022),9.154,no,"another wall pokes into the space between them, so a tighter pair covers this gap",wall of tile 000859 (room 0x46)
wall of tile 012C08 (room 0x1d),door 0x1ee030 (preset 0x0022),0.000,no,"another wall pokes into the space between them, so a tighter pair covers this gap",wall of tile 0D9C09 (room 0x1d)
wall of tile 012C08 (room 0x1d),door 0x1ee030 (preset 0x0022),0.000,no,"another wall pokes into the space between them, so a tighter pair covers this gap",wall of tile 0D9C09 (room 0x1d)
wall of tile 0D9C09 (room 0x1d),door 0x1ee030 (preset 0x0022),0.000,no,"another wall pokes into the space between them, so a tighter pair covers this gap",door 0x1ee030 (preset 0x0022)
wall of tile 0D9C09 (room 0x1d),door 0x1ee030 (preset 0x0022),0.000,yes,,
wall of tile 0D9C09 (room 0x1d),door 0x1ee030 (preset 0x0022),0.000,yes,,
wall of tile 0D9C0A (room 0x1d),door 0x1ee030 (preset 0x0022),0.000,no,"the line between them leaves the walkable area (a wall's thickness, or another floor)",
wall of tile 0D9C0A (room 0x1d),door 0x1ee030 (preset 0x0022),0.000,no,the line between them touches another wall,door 0x1ee030 (preset 0x0022)
wall of tile 001159 (room 0x46),wall of tile 001059 (room 0x46),18.308,no,the line between them touches another wall,wall of tile 00105A (room 0x46)
wall of tile 001159 (room 0x46),wall of tile 00105A (room 0x46),13.731,no,the line between them touches another wall,wall of tile 001159 (room 0x46)
wall of tile 001159 (room 0x46),wall of tile 001059 (room 0x46),22.886,no,"the line between them leaves the walkable area (a wall's thickness, or another floor)",
wall of tile 001159 (room 0x46),door 0x1ee030 (preset 0x0022),0.000,no,the line between them touches another wall,door 0x1ee030 (preset 0x0022)
wall of tile 001159 (room 0x46),door 0x1ee030 (preset 0x0022),9.154,no,"the line between them leaves the walkable area (a wall's thickness, or another floor)",
wall of tile 001059 (room 0x46),wall of tile 000B5A (room 0x46),18.308,no,"the line between them leaves the walkable area (a wall's thickness, or another floor)",
wall of tile 001059 (room 0x46),wall of tile 000B59 (room 0x46),18.308,no,"the line between them leaves the walkable area (a wall's thickness, or another floor)",
wall of tile 001059 (room 0x46),wall of tile 000F59 (room 0x46),18.308,no,the line between them touches another wall,wall of tile 001059 (room 0x46)
wall of tile 001059 (room 0x46),wall of tile 000B5A (room 0x46),18.308,no,"the line between them leaves the walkable area (a wall's thickness, or another floor)",
wall of tile 001059 (room 0x46),wall of tile 000B59 (room 0x46),18.308,no,"the line between them leaves the walkable area (a wall's thickness, or another floor)",
wall of tile 001059 (room 0x46),generic 0x1ea08c (preset 0x2715),50.310,yes,,
wall of tile 001059 (room 0x46),generic 0x1ea08c (preset 0x2715),50.348,no,"another wall pokes into the space between them, so a tighter pair covers this gap",generic 0x1ea08c (preset 0x2715)
wall of tile 001059 (room 0x46),generic 0x1ea08c (preset 0x2715),50.310,yes,,
wall of tile 001059 (room 0x46),generic 0x1ea08c (preset 0x2715),50.310,yes,,
wall of tile 000F59 (room 0x46),wall of tile 000B59 (room 0x46),18.308,no,the line between them touches another wall,wall of tile 000B5A (room 0x46)
wall of tile 000B59 (room 0x46),generic 0x1ea10c (preset 0x2716),36.615,yes,,
wall of tile 000B59 (room 0x46),generic 0x1ea10c (preset 0x2716),36.615,yes,,
wall of tile 000B59 (room 0x46),generic 0x1ea10c (preset 0x2716),36.615,yes,,
wall of tile 000A59 (room 0x46),wall of tile 00255A (room 0x46),18.308,no,"the line between them leaves the walkable area (a wall's thickness, or another floor)",
wall of tile 000A59 (room 0x46),wall of tile 002559 (room 0x46),18.308,no,"the line between them leaves the walkable area (a wall's thickness, or another floor)",
wall of tile 000A59 (room 0x46),wall of tile 00255A (room 0x46),18.308,no,"the line between them leaves the walkable area (a wall's thickness, or another floor)",
wall of tile 000A59 (room 0x46),wall of tile 002A5A (room 0x46),18.308,no,the line between them touches another wall,wall of tile 000A59 (room 0x46)
wall of tile 000A59 (room 0x46),wall of tile 002559 (room 0x46),18.308,no,"the line between them leaves the walkable area (a wall's thickness, or another floor)",
wall of tile 000A59 (room 0x46),generic 0x1ea10c (preset 0x2716),36.616,no,"another wall pokes into the space between them, so a tighter pair covers this gap",wall of tile 000B59 (room 0x46)
wall of tile 000A59 (room 0x46),generic 0x1ea10c (preset 0x2716),36.617,no,"another wall pokes into the space between them, so a tighter pair covers this gap",generic 0x1ea10c (preset 0x2716)
wall of tile 002A5A (room 0x46),wall of tile 002559 (room 0x46),18.308,no,the line between them touches another wall,wall of tile 00255A (room 0x46)
wall of tile 002259 (room 0x46),wall of tile 015008 (room 0x1a),13.731,no,"the line between them leaves the walkable area (a wall's thickness, or another floor)",
wall of tile 001D5A (room 0x46),wall of tile 015008 (room 0x1a),13.731,no,"the line between them leaves the walkable area (a wall's thickness, or another floor)",
wall of tile 001D5A (room 0x46),wall of tile 014C08 (room 0x1a),47.786,no,"the line between them leaves the walkable area (a wall's thickness, or another floor)",
wall of tile 001D5A (room 0x46),wall of tile 015008 (room 0x1a),13.731,no,"the line between them leaves the walkable area (a wall's thickness, or another floor)",
wall of tile 001D5A (room 0x46),wall of tile 014C08 (room 0x1a),47.786,no,"the line between them leaves the walkable area (a wall's thickness, or another floor)",
wall of tile 001E59 (room 0x46),wall of tile 00015A (room 0x46),18.308,no,"the line between them leaves the walkable area (a wall's thickness, or another floor)",
wall of tile 001E59 (room 0x46),wall of tile 000159 (room 0x46),18.308,no,"the line between them leaves the walkable area (a wall's thickness, or another floor)",
wall of tile 001E59 (room 0x46),wall of tile 015008 (room 0x1a),13.731,no,"the line between them leaves the walkable area (a wall's thickness, or another floor)",
wall of tile 001E59 (room 0x46),generic 0x1ea70c (preset 0x2722),45.771,yes,,
wall of tile 001E59 (room 0x46),generic 0x1ea70c (preset 0x2722),53.443,no,"another wall pokes into the space between them, so a tighter pair covers this gap",wall of tile 002359 (room 0x46)
wall of tile 001E59 (room 0x46),wall of tile 002359 (room 0x46),22.886,no,the line between them touches another wall,wall of tile 001E59 (room 0x46)
wall of tile 001E59 (room 0x46),wall of tile 00015A (room 0x46),18.308,no,"the line between them leaves the walkable area (a wall's thickness, or another floor)",
wall of tile 001E59 (room 0x46),wall of tile 000159 (room 0x46),18.308,no,"the line between them leaves the walkable area (a wall's thickness, or another floor)",
wall of tile 001E59 (room 0x46),wall of tile 015008 (room 0x1a),13.731,no,"the line between them leaves the walkable area (a wall's thickness, or another floor)",
wall of tile 002359 (room 0x46),wall of tile 000159 (room 0x46),22.886,no,the line between them touches another wall,wall of tile 00015A (room 0x46)
wall of tile 002359 (room 0x46),wall of tile 015008 (room 0x1a),36.617,no,"the line between them leaves the walkable area (a wall's thickness, or another floor)",
wall of tile 002359 (room 0x46),generic 0x1ea70c (preset 0x2722),45.771,yes,,
wall of tile 002359 (room 0x46),generic 0x1ea70c (preset 0x2722),46.702,no,"another wall pokes into the space between them, so a tighter pair covers this gap",generic 0x1ea70c (preset 0x2722)
wall of tile 00015A (room 0x46),wall of tile 015008 (room 0x1a),13.731,no,"the line between them leaves the walkable area (a wall's thickness, or another floor)",
wall of tile 00015A (room 0x46),generic 0x1ea70c (preset 0x2722),45.771,no,"another wall pokes into the space between them, so a tighter pair covers this gap",wall of tile 002359 (room 0x46)
wall of tile 00015A (room 0x46),generic 0x1ea70c (preset 0x2722),46.702,no,"another wall pokes into the space between them, so a tighter pair covers this gap",generic 0x1ea70c (preset 0x2722)
wall of tile 000159 (room 0x46),wall of tile 015B08 (room 0x1a),13.731,no,"the line between them leaves the walkable area (a wall's thickness, or another floor)",
wall of tile 000159 (room 0x46),wall of tile 015008 (room 0x1a),13.731,no,"the line between them leaves the walkable area (a wall's thickness, or another floor)",
wall of tile 000259 (room 0x46),wall of tile 00075A (room 0x46),18.308,no,"the line between them leaves the walkable area (a wall's thickness, or another floor)",
wall of tile 000259 (room 0x46),wall of tile 000759 (room 0x46),18.308,no,"the line between them leaves the walkable area (a wall's thickness, or another floor)",
wall of tile 000259 (room 0x46),wall of tile 015908 (room 0x1a),13.731,no,"the line between them leaves the walkable area (a wall's thickness, or another floor)",
wall of tile 000259 (room 0x46),wall of tile 00065A (room 0x46),22.886,no,the line between them touches another wall,wall of tile 000259 (room 0x46)
wall of tile 000259 (room 0x46),wall of tile 00075A (room 0x46),18.308,no,"the line between them leaves the walkable area (a wall's thickness, or another floor)",
wall of tile 000259 (room 0x46),wall of tile 000759 (room 0x46),18.308,no,"the line between them leaves the walkable area (a wall's thickness, or another floor)",
wall of tile 000259 (room 0x46),wall of tile 015908 (room 0x1a),13.731,no,"the line between them leaves the walkable area (a wall's thickness, or another floor)",
wall of tile 000259 (room 0x46),wall of tile 015B08 (room 0x1a),13.731,no,"the line between them leaves the walkable area (a wall's thickness, or another floor)",
wall of tile 00065A (room 0x46),wall of tile 000759 (room 0x46),22.886,no,the line between them touches another wall,wall of tile 00075A (room 0x46)
wall of tile 00065A (room 0x46),wall of tile 015908 (room 0x1a),36.617,no,"the line between them leaves the walkable area (a wall's thickness, or another floor)",
wall of tile 00075A (room 0x46),wall of tile 015908 (room 0x1a),13.731,no,"the line between them leaves the walkable area (a wall's thickness, or another floor)",
wall of tile 000759 (room 0x46),wall of tile 000859 (room 0x46),13.731,no,the line between them touches another wall,wall of tile 00085A (room 0x46)
wall of tile 000759 (room 0x46),wall of tile 015D08 (room 0x1a),13.731,no,"the line between them leaves the walkable area (a wall's thickness, or another floor)",
wall of tile 000759 (room 0x46),wall of tile 00085A (room 0x46),22.886,no,the line between them touches another wall,wall of tile 000759 (room 0x46)
wall of tile 000759 (room 0x46),wall of tile 000859 (room 0x46),26.689,no,"the line between them leaves the walkable area (a wall's thickness, or another floor)",
wall of tile 000759 (room 0x46),wall of tile 015D08 (room 0x1a),13.731,no,"the line between them leaves the walkable area (a wall's thickness, or another floor)",
wall of tile 000759 (room 0x46),wall of tile 015908 (room 0x1a),13.731,no,"the line between them leaves the walkable area (a wall's thickness, or another floor)",
wall of tile 00085A (room 0x46),wall of tile 015D08 (room 0x1a),36.617,no,"the line between them leaves the walkable area (a wall's thickness, or another floor)",
wall of tile 000859 (room 0x46),wall of tile 015D08 (room 0x1a),36.617,no,"the line between them leaves the walkable area (a wall's thickness, or another floor)",
wall of tile 000859 (room 0x46),door 0x1ee030 (preset 0x0022),0.000,no,"another wall pokes into the space between them, so a tighter pair covers this gap",door 0x1ee030 (preset 0x0022)
wall of tile 000859 (room 0x46),door 0x1ee030 (preset 0x0022),0.000,yes,,
wall of tile 000859 (room 0x46),door 0x1ee030 (preset 0x0022),9.154,no,"another wall pokes into the space between them, so a tighter pair covers this gap",wall of tile 0D9C09 (room 0x1d)
wall of tile 012E08 (room 0x1d),wall of tile 001151 (room 0x42),9.154,no,"the line between them leaves the walkable area (a wall's thickness, or another floor)",
wall of tile 012E08 (room 0x1d),wall of tile 001151 (room 0x42),9.154,no,"the line between them leaves the walkable area (a wall's thickness, or another floor)",
wall of tile 012E08 (room 0x1d),wall of tile 001052 (room 0x42),22.886,no,"the line between them leaves the walkable area (a wall's thickness, or another floor)",
wall of tile 012E08 (room 0x1d),wall of tile 001051 (room 0x42),22.886,no,"the line between them leaves the walkable area (a wall's thickness, or another floor)",
wall of tile 012E08 (room 0x1d),door 0x1edf30 (preset 0x0021),0.000,no,"another wall pokes into the space between them, so a tighter pair covers this gap",wall of tile 0D990A (room 0x1d)
wall of tile 012E08 (room 0x1d),door 0x1edf30 (preset 0x0021),9.154,no,"another wall pokes into the space between them, so a tighter pair covers this gap",wall of tile 0D990A (room 0x1d)
wall of tile 012E08 (room 0x1d),door 0x1edf30 (preset 0x0021),0.000,no,"another wall pokes into the space between them, so a tighter pair covers this gap",wall of tile 0D990A (room 0x1d)
wall of tile 013808 (room 0x1d),wall of tile 000751 (room 0x42),22.886,no,"the line between them leaves the walkable area (a wall's thickness, or another floor)",
wall of tile 013808 (room 0x1d),wall of tile 000751 (room 0x42),22.886,no,"the line between them leaves the walkable area (a wall's thickness, or another floor)",
wall of tile 013808 (room 0x1d),wall of tile 000852 (room 0x42),9.154,no,"the line between them leaves the walkable area (a wall's thickness, or another floor)",
wall of tile 013808 (room 0x1d),wall of tile 000851 (room 0x42),9.154,no,"the line between them leaves the walkable area (a wall's thickness, or another floor)",
wall of tile 013808 (room 0x1d),door 0x1edf30 (preset 0x0021),9.154,no,"another wall pokes into the space between them, so a tighter pair covers this gap",wall of tile 0D9909 (room 0x1d)
wall of tile 013808 (room 0x1d),door 0x1edf30 (preset 0x0021),0.000,no,"another wall pokes into the space between them, so a tighter pair covers this gap",wall of tile 0D9909 (room 0x1d)
wall of tile 013808 (room 0x1d),door 0x1edf30 (preset 0x0021),0.000,no,"another wall pokes into the space between them, so a tighter pair covers this gap",wall of tile 0D9909 (room 0x1d)
wall of tile 0D9909 (room 0x1d),door 0x1edf30 (preset 0x0021),0.000,no,"another wall pokes into the space between them, so a tighter pair covers this gap",door 0x1edf30 (preset 0x0021)
wall of tile 0D9909 (room 0x1d),door 0x1edf30 (preset 0x0021),0.000,yes,,
wall of tile 0D9909 (room 0x1d),door 0x1edf30 (preset 0x0021),0.000,yes,,
wall of tile 0D990A (room 0x1d),door 0x1edf30 (preset 0x0021),0.000,yes,,
wall of tile 0D990A (room 0x1d),door 0x1edf30 (preset 0x0021),0.000,no,"another wall pokes into the space between them, so a tighter pair covers this gap",door 0x1edf30 (preset 0x0021)
wall of tile 0D990A (room 0x1d),door 0x1edf30 (preset 0x0021),0.000,yes,,
wall of tile 001151 (room 0x42),wall of tile 001051 (room 0x42),18.308,no,the line between them touches another wall,wall of tile 001052 (room 0x42)
wall of tile 001151 (room 0x42),wall of tile 015C08 (room 0x1a),36.617,no,"the line between them leaves the walkable area (a wall's thickness, or another floor)",
wall of tile 001151 (room 0x42),wall of tile 001052 (room 0x42),13.731,no,the line between them touches another wall,wall of tile 001151 (room 0x42)
wall of tile 001151 (room 0x42),wall of tile 001051 (room 0x42),22.886,no,"the line between them leaves the walkable area (a wall's thickness, or another floor)",
wall of tile 001151 (room 0x42),wall of tile 015C08 (room 0x1a),36.617,no,"the line between them leaves the walkable area (a wall's thickness, or another floor)",
wall of tile 001151 (room 0x42),door 0x1edf30 (preset 0x0021),0.000,yes,,
wall of tile 001151 (room 0x42),door 0x1edf30 (preset 0x0021),0.000,no,"another wall pokes into the space between them, so a tighter pair covers this gap",door 0x1edf30 (preset 0x0021)
wall of tile 001151 (room 0x42),door 0x1edf30 (preset 0x0021),9.154,no,"another wall pokes into the space between them, so a tighter pair covers this gap",wall of tile 0D990A (room 0x1d)
wall of tile 001052 (room 0x42),wall of tile 015C08 (room 0x1a),18.308,no,"the line between them leaves the walkable area (a wall's thickness, or another floor)",
wall of tile 001051 (room 0x42),wall of tile 000B52 (room 0x42),18.308,no,"the line between them leaves the walkable area (a wall's thickness, or another floor)",
wall of tile 001051 (room 0x42),wall of tile 000B51 (room 0x42),18.308,no,"the line between them leaves the walkable area (a wall's thickness, or another floor)",
wall of tile 001051 (room 0x42),wall of tile 015A08 (room 0x1a),18.308,no,"the line between them leaves the walkable area (a wall's thickness, or another floor)",
wall of tile 001051 (room 0x42),wall of tile 000F51 (room 0x42),18.308,no,the line between them touches another wall,wall of tile 001051 (room 0x42)
wall of tile 001051 (room 0x42),wall of tile 000B52 (room 0x42),18.308,no,"the line between them leaves the walkable area (a wall's thickness, or another floor)",
wall of tile 001051 (room 0x42),wall of tile 000B51 (room 0x42),18.308,no,"the line between them leaves the walkable area (a wall's thickness, or another floor)",
wall of tile 001051 (room 0x42),wall of tile 015C08 (room 0x1a),18.308,no,"the line between them leaves the walkable area (a wall's thickness, or another floor)",
wall of tile 001051 (room 0x42),wall of tile 015A08 (room 0x1a),18.308,no,"the line between them leaves the walkable area (a wall's thickness, or another floor)",
wall of tile 000F51 (room 0x42),wall of tile 000B51 (room 0x42),18.308,no,the line between them touches another wall,wall of tile 000B52 (room 0x42)
wall of tile 000F51 (room 0x42),wall of tile 015A08 (room 0x1a),36.617,no,"the line between them leaves the walkable area (a wall's thickness, or another floor)",
wall of tile 000B52 (room 0x42),wall of tile 015A08 (room 0x1a),18.308,no,"the line between them leaves the walkable area (a wall's thickness, or another floor)",
wall of tile 000B51 (room 0x42),wall of tile 015A08 (room 0x1a),18.308,no,"the line between them leaves the walkable area (a wall's thickness, or another floor)",
wall of tile 000A51 (room 0x42),wall of tile 01BC52 (room 0x42),55.305,no,"another wall pokes into the space between them, so a tighter pair covers this gap",wall of tile 002552 (room 0x42)
wall of tile 000A51 (room 0x42),wall of tile 002552 (room 0x42),18.308,no,"the line between them leaves the walkable area (a wall's thickness, or another floor)",
wall of tile 000A51 (room 0x42),wall of tile 002551 (room 0x42),55.305,no,"another wall pokes into the space between them, so a tighter pair covers this gap",wall of tile 002552 (room 0x42)
wall of tile 000A51 (room 0x42),wall of tile 002551 (room 0x42),18.308,no,"the line between them leaves the walkable area (a wall's thickness, or another floor)",
wall of tile 000A51 (room 0x42),wall of tile 015108 (room 0x1a),18.308,no,"the line between them leaves the walkable area (a wall's thickness, or another floor)",
wall of tile 000A51 (room 0x42),wall of tile 002552 (room 0x42),18.308,no,"the line between them leaves the walkable area (a wall's thickness, or another floor)",
wall of tile 000A51 (room 0x42),wall of tile 002A52 (room 0x42),18.308,no,the line between them touches another wall,wall of tile 000A51 (room 0x42)
wall of tile 000A51 (room 0x42),wall of tile 002551 (room 0x42),18.308,no,"the line between them leaves the walkable area (a wall's thickness, or another floor)",
wall of tile 000A51 (room 0x42),wall of tile 015A08 (room 0x1a),18.308,no,"the line between them leaves the walkable area (a wall's thickness, or another floor)",
wall of tile 000A51 (room 0x42),wall of tile 015108 (room 0x1a),18.308,no,"the line between them leaves the walkable area (a wall's thickness, or another floor)",
wall of tile 002751 (room 0x42),wall of tile 01A651 (room 0x42),13.731,no,the line between them touches another wall,wall of tile 002752 (room 0x42)
wall of tile 002751 (room 0x42),wall of tile 01A851 (room 0x42),32.040,no,the line between them touches another wall,wall of tile 002752 (room 0x42)
wall of tile 002751 (room 0x42),wall of tile 01AA51 (room 0x42),50.348,no,the line between them touches another wall,wall of tile 002752 (room 0x42)
wall of tile 002051 (room 0x42),wall of tile 01E852 (room 0x42),50.348,no,the line between them touches another wall,wall of tile 002051 (room 0x42)
wall of tile 002051 (room 0x42),wall of tile 01E652 (room 0x42),32.040,no,the line between them touches another wall,wall of tile 002051 (room 0x42)
wall of tile 002051 (room 0x42),wall of tile 01E452 (room 0x42),13.731,no,the line between them touches another wall,wall of tile 002051 (room 0x42)
wall of tile 000152 (room 0x42),wall of tile 01FA51 (room 0x42),55.305,no,"another wall pokes into the space between them, so a tighter pair covers this gap",wall of tile 002351 (room 0x42)
wall of tile 000152 (room 0x42),wall of tile 001E52 (room 0x42),55.305,no,"another wall pokes into the space between them, so a tighter pair covers this gap",wall of tile 002351 (room 0x42)
wall of tile 000152 (room 0x42),wall of tile 001E51 (room 0x42),18.308,no,"the line between them leaves the walkable area (a wall's thickness, or another floor)",
wall of tile 000152 (room 0x42),wall of tile 001E51 (room 0x42),18.308,no,"the line between them leaves the walkable area (a wall's thickness, or another floor)",
wall of tile 000152 (room 0x42),wall of tile 0DEC08 (room 0x19),18.308,no,"the line between them leaves the walkable area (a wall's thickness, or another floor)",
wall of tile 002351 (room 0x42),wall of tile 01FA51 (room 0x42),39.374,yes,,
wall of tile 002351 (room 0x42),wall of tile 01FC51 (room 0x42),55.305,no,"the line between them leaves the walkable area (a wall's thickness, or another floor)",
wall of tile 002351 (room 0x42),wall of tile 001E52 (room 0x42),39.374,yes,,
wall of tile 002351 (room 0x42),wall of tile 001E51 (room 0x42),18.308,no,the line between them touches another wall,wall of tile 001E51 (room 0x42)
wall of tile 002351 (room 0x42),wall of tile 000151 (room 0x42),18.308,no,the line between them touches another wall,wall of tile 000152 (room 0x42)
wall of tile 002351 (room 0x42),wall of tile 0DEC08 (room 0x19),36.617,no,"the line between them leaves the walkable area (a wall's thickness, or another floor)",
wall of tile 01FA52 (room 0x42),wall of tile 01FE52 (room 0x42),18.308,no,the line between them touches another wall,wall of tile 01FC52 (room 0x42)
wall of tile 01FA52 (room 0x42),wall of tile 020052 (room 0x42),32.040,no,the line between them touches another wall,wall of tile 01FE52 (room 0x42)
wall of tile 01FA52 (room 0x42),wall of tile 020252 (room 0x42),50.348,no,the line between them touches another wall,wall of tile 020052 (room 0x42)
wall of tile 01FA51 (room 0x42),wall of tile 01FE51 (room 0x42),18.308,no,the line between them touches another wall,wall of tile 01FC51 (room 0x42)
wall of tile 01FA51 (room 0x42),wall of tile 020051 (room 0x42),32.040,no,the line between them touches another wall,wall of tile 01FE51 (room 0x42)
wall of tile 01FA51 (room 0x42),wall of tile 020251 (room 0x42),50.348,no,the line between them touches another wall,wall of tile 020051 (room 0x42)
wall of tile 01FA51 (room 0x42),wall of tile 001E51 (room 0x42),39.374,yes,,
wall of tile 01FA51 (room 0x42),wall of tile 001E51 (room 0x42),41.194,no,"the line between them leaves the walkable area (a wall's thickness, or another floor)",
wall of tile 01FA51 (room 0x42),wall of tile 0DEC08 (room 0x19),59.502,no,"the line between them leaves the walkable area (a wall's thickness, or another floor)",
wall of tile 01FC52 (room 0x42),wall of tile 020052 (room 0x42),13.731,no,the line between them touches another wall,wall of tile 01FE52 (room 0x42)
wall of tile 01FC52 (room 0x42),wall of tile 020252 (room 0x42),32.040,no,the line between them touches another wall,wall of tile 020052 (room 0x42)
wall of tile 01FC52 (room 0x42),wall of tile 020452 (room 0x42),50.348,no,the line between them touches another wall,wall of tile 020252 (room 0x42)
wall of tile 01FC51 (room 0x42),wall of tile 020051 (room 0x42),13.731,no,the line between them touches another wall,wall of tile 01FE51 (room 0x42)
wall of tile 01FC51 (room 0x42),wall of tile 020251 (room 0x42),32.040,no,the line between them touches another wall,wall of tile 020051 (room 0x42)
wall of tile 01FC51 (room 0x42),wall of tile 020451 (room 0x42),50.348,no,the line between them touches another wall,wall of tile 020251 (room 0x42)
wall of tile 01FC51 (room 0x42),wall of tile 001E52 (room 0x42),9.420,no,"the line between them leaves the walkable area (a wall's thickness, or another floor)",
wall of tile 01FC51 (room 0x42),wall of tile 001E51 (room 0x42),55.305,no,"the line between them leaves the walkable area (a wall's thickness, or another floor)",
wall of tile 01FC51 (room 0x42),wall of tile 001E51 (room 0x42),41.194,no,"the line between them leaves the walkable area (a wall's thickness, or another floor)",
wall of tile 01FC51 (room 0x42),wall of tile 0DEC08 (room 0x19),59.502,no,"the line between them leaves the walkable area (a wall's thickness, or another floor)",
wall of tile 01FE52 (room 0x42),wall of tile 020252 (room 0x42),18.308,no,the line between them touches another wall,wall of tile 020052 (room 0x42)
wall of tile 01FE52 (room 0x42),wall of tile 020452 (room 0x42),36.617,no,the line between them touches another wall,wall of tile 020252 (room 0x42)
wall of tile 01FE52 (room 0x42),wall of tile 020652 (room 0x42),50.348,no,the line between them touches another wall,wall of tile 020252 (room 0x42)
wall of tile 01FE51 (room 0x42),wall of tile 020251 (room 0x42),18.308,no,the line between them touches another wall,wall of tile 020051 (room 0x42)
wall of tile 01FE51 (room 0x42),wall of tile 020451 (room 0x42),36.617,no,the line between them touches another wall,wall of tile 020251 (room 0x42)
wall of tile 01FE51 (room 0x42),wall of tile 020651 (room 0x42),50.348,no,the line between them touches another wall,wall of tile 020251 (room 0x42)
wall of tile 01FE51 (room 0x42),wall of tile 001E52 (room 0x42),18.839,no,"the line between them leaves the walkable area (a wall's thickness, or another floor)",
wall of tile 01FE51 (room 0x42),wall of tile 001E51 (room 0x42),41.194,no,"the line between them leaves the walkable area (a wall's thickness, or another floor)",
wall of tile 01FE51 (room 0x42),wall of tile 0DEC08 (room 0x19),59.502,no,"the line between them leaves the walkable area (a wall's thickness, or another floor)",
wall of tile 020052 (room 0x42),wall of tile 020452 (room 0x42),18.308,no,the line between them touches another wall,wall of tile 020252 (room 0x42)
wall of tile 020052 (room 0x42),wall of tile 020652 (room 0x42),32.040,no,the line between them touches another wall,wall of tile 020452 (room 0x42)
wall of tile 020052 (room 0x42),wall of tile 01F852 (room 0x42),50.348,no,the line between them touches another wall,wall of tile 020452 (room 0x42)
wall of tile 020051 (room 0x42),wall of tile 020451 (room 0x42),18.308,no,the line between them touches another wall,wall of tile 020251 (room 0x42)
wall of tile 020051 (room 0x42),wall of tile 020651 (room 0x42),32.040,no,the line between them touches another wall,wall of tile 020251 (room 0x42)
wall of tile 020051 (room 0x42),wall of tile 01F851 (room 0x42),50.348,no,the line between them touches another wall,wall of tile 020251 (room 0x42)
wall of tile 020051 (room 0x42),wall of tile 001E52 (room 0x42),25.904,no,"the line between them leaves the walkable area (a wall's thickness, or another floor)",
wall of tile 020051 (room 0x42),wall of tile 001E51 (room 0x42),41.194,no,"the line between them leaves the walkable area (a wall's thickness, or another floor)",
wall of tile 020051 (room 0x42),wall of tile 0DEC08 (room 0x19),59.502,no,"the line between them leaves the walkable area (a wall's thickness, or another floor)",
wall of tile 020252 (room 0x42),wall of tile 020652 (room 0x42),13.731,no,the line between them touches another wall,wall of tile 020452 (room 0x42)
wall of tile 020252 (room 0x42),wall of tile 01F852 (room 0x42),32.040,no,the line between them touches another wall,wall of tile 020652 (room 0x42)
wall of tile 020252 (room 0x42),wall of tile 01F652 (room 0x42),50.348,no,the line between them touches another wall,wall of tile 01F852 (room 0x42)
wall of tile 020251 (room 0x42),wall of tile 020651 (room 0x42),13.731,no,the line between them touches another wall,wall of tile 020451 (room 0x42)
wall of tile 020251 (room 0x42),wall of tile 01F851 (room 0x42),32.040,no,the line between them touches another wall,wall of tile 020651 (room 0x42)
wall of tile 020251 (room 0x42),wall of tile 01F651 (room 0x42),50.348,no,the line between them touches another wall,wall of tile 01F851 (room 0x42)
wall of tile 020251 (room 0x42),wall of tile 001E52 (room 0x42),35.323,no,"the line between them leaves the walkable area (a wall's thickness, or another floor)",
wall of tile 020251 (room 0x42),wall of tile 001E51 (room 0x42),41.194,no,"the line between them leaves the walkable area (a wall's thickness, or another floor)",
wall of tile 020251 (room 0x42),wall of tile 0DEC08 (room 0x19),59.502,no,"the line between them leaves the walkable area (a wall's thickness, or another floor)",
wall of tile 020452 (room 0x42),wall of tile 01F852 (room 0x42),18.308,no,the line between them touches another wall,wall of tile 020652 (room 0x42)
wall of tile 020452 (room 0x42),wall of tile 01F652 (room 0x42),36.617,no,the line between them touches another wall,wall of tile 01F852 (room 0x42)
wall of tile 020452 (room 0x42),wall of tile 01F452 (room 0x42),50.348,no,the line between them touches another wall,wall of tile 01F852 (room 0x42)
wall of tile 020451 (room 0x42),wall of tile 01F851 (room 0x42),18.308,no,the line between them touches another wall,wall of tile 020651 (room 0x42)
wall of tile 020451 (room 0x42),wall of tile 01F651 (room 0x42),36.617,no,the line between them touches another wall,wall of tile 01F851 (room 0x42)
wall of tile 020451 (room 0x42),wall of tile 01F451 (room 0x42),50.348,no,the line between them touches another wall,wall of tile 01F851 (room 0x42)
wall of tile 020451 (room 0x42),wall of tile 001E52 (room 0x42),44.743,no,"the line between them leaves the walkable area (a wall's thickness, or another floor)",
wall of tile 020451 (room 0x42),wall of tile 001E51 (room 0x42),45.079,no,"the line between them leaves the walkable area (a wall's thickness, or another floor)",
wall of tile 020451 (room 0x42),wall of tile 0DEC08 (room 0x19),59.502,no,"the line between them leaves the walkable area (a wall's thickness, or another floor)",
wall of tile 020652 (room 0x42),wall of tile 01F652 (room 0x42),18.308,no,the line between them touches another wall,wall of tile 01F852 (room 0x42)
wall of tile 020652 (room 0x42),wall of tile 01F452 (room 0x42),32.040,no,the line between them touches another wall,wall of tile 01F852 (room 0x42)
wall of tile 020652 (room 0x42),wall of tile 01F252 (room 0x42),50.348,no,the line between them touches another wall,wall of tile 01F852 (room 0x42)
wall of tile 020651 (room 0x42),wall of tile 01F651 (room 0x42),18.308,no,the line between them touches another wall,wall of tile 01F851 (room 0x42)
wall of tile 020651 (room 0x42),wall of tile 01F451 (room 0x42),32.040,no,the line between them touches another wall,wall of tile 01F851 (room 0x42)
wall of tile 020651 (room 0x42),wall of tile 01F251 (room 0x42),50.348,no,the line between them touches another wall,wall of tile 01F851 (room 0x42)
wall of tile 020651 (room 0x42),wall of tile 001E52 (room 0x42),52.187,no,"the line between them leaves the walkable area (a wall's thickness, or another floor)",
wall of tile 020651 (room 0x42),wall of tile 001E51 (room 0x42),52.187,no,"the line between them leaves the walkable area (a wall's thickness, or another floor)",
wall of tile 020651 (room 0x42),wall of tile 0DEC08 (room 0x19),59.502,no,"the line between them leaves the walkable area (a wall's thickness, or another floor)",
wall of tile 01F852 (room 0x42),wall of tile 01F452 (room 0x42),13.731,no,the line between them touches another wall,wall of tile 01F652 (room 0x42)
wall of tile 01F852 (room 0x42),wall of tile 01F252 (room 0x42),32.040,no,the line between them touches another wall,wall of tile 01F452 (room 0x42)
wall of tile 01F852 (room 0x42),wall of tile 01F052 (room 0x42),50.348,no,the line between them touches another wall,wall of tile 01F452 (room 0x42)
wall of tile 01F851 (room 0x42),wall of tile 01F451 (room 0x42),13.731,no,the line between them touches another wall,wall of tile 01F651 (room 0x42)
wall of tile 01F851 (room 0x42),wall of tile 01F251 (room 0x42),32.040,no,the line between them touches another wall,wall of tile 01F651 (room 0x42)
wall of tile 01F851 (room 0x42),wall of tile 01F051 (room 0x42),50.348,no,the line between them touches another wall,wall of tile 01F651 (room 0x42)
wall of tile 01F851 (room 0x42),wall of tile 0DEC08 (room 0x19),59.502,no,"the line between them leaves the walkable area (a wall's thickness, or another floor)",
wall of tile 01F652 (room 0x42),wall of tile 01F252 (room 0x42),18.308,no,the line between them touches another wall,wall of tile 01F452 (room 0x42)
wall of tile 01F652 (room 0x42),wall of tile 01F052 (room 0x42),36.617,no,the line between them touches another wall,wall of tile 01F452 (room 0x42)
wall of tile 01F652 (room 0x42),wall of tile 01EE52 (room 0x42),50.348,no,the line between them touches another wall,wall of tile 01F452 (room 0x42)
wall of tile 01F651 (room 0x42),wall of tile 01F251 (room 0x42),18.308,no,the line between them touches another wall,wall of tile 01F451 (room 0x42)
wall of tile 01F651 (room 0x42),wall of tile 01F051 (room 0x42),36.617,no,the line between them touches another wall,wall of tile 01F451 (room 0x42)
wall of tile 01F651 (room 0x42),wall of tile 01EE51 (room 0x42),50.348,no,the line between them touches another wall,wall of tile 01F451 (room 0x42)
wall of tile 01F651 (room 0x42),wall of tile 0DEC08 (room 0x19),59.502,no,"the line between them leaves the walkable area (a wall's thickness, or another floor)",
wall of tile 01F452 (room 0x42),wall of tile 01F052 (room 0x42),18.308,no,the line between them touches another wall,wall of tile 01F252 (room 0x42)
wall of tile 01F452 (room 0x42),wall of tile 01EE52 (room 0x42),32.040,no,the line between them touches another wall,wall of tile 01F052 (room 0x42)
wall of tile 01F452 (room 0x42),wall of tile 01EC52 (room 0x42),50.348,no,the line between them touches another wall,wall of tile 01F052 (room 0x42)
wall of tile 01F451 (room 0x42),wall of tile 01F051 (room 0x42),18.308,no,the line between them touches another wall,wall of tile 01F251 (room 0x42)
wall of tile 01F451 (room 0x42),wall of tile 01EE51 (room 0x42),32.040,no,the line between them touches another wall,wall of tile 01F251 (room 0x42)
wall of tile 01F451 (room 0x42),wall of tile 01EC51 (room 0x42),50.348,no,the line between them touches another wall,wall of tile 01F251 (room 0x42)
wall of tile 01F451 (room 0x42),wall of tile 0DEC08 (room 0x19),59.502,no,"the line between them leaves the walkable area (a wall's thickness, or another floor)",
wall of tile 01F252 (room 0x42),wall of tile 01EE52 (room 0x42),13.731,no,the line between them touches another wall,wall of tile 01F052 (room 0x42)
wall of tile 01F252 (room 0x42),wall of tile 01EC52 (room 0x42),32.040,no,the line between them touches another wall,wall of tile 01F052 (room 0x42)
wall of tile 01F252 (room 0x42),wall of tile 01EA52 (room 0x42),50.348,no,the line between them touches another wall,wall of tile 01F052 (room 0x42)
wall of tile 01F251 (room 0x42),wall of tile 01EE51 (room 0x42),13.731,no,the line between them touches another wall,wall of tile 01F051 (room 0x42)
wall of tile 01F251 (room 0x42),wall of tile 01EC51 (room 0x42),32.040,no,the line between them touches another wall,wall of tile 01F051 (room 0x42)
wall of tile 01F251 (room 0x42),wall of tile 01EA51 (room 0x42),50.348,no,the line between them touches another wall,wall of tile 01F051 (room 0x42)
wall of tile 01F251 (room 0x42),wall of tile 0DEC08 (room 0x19),59.502,no,"the line between them leaves the walkable area (a wall's thickness, or another floor)",
wall of tile 01F052 (room 0x42),wall of tile 01EC52 (room 0x42),18.308,no,the line between them touches another wall,wall of tile 01EE52 (room 0x42)
wall of tile 01F052 (room 0x42),wall of tile 01EA52 (room 0x42),36.617,no,the line between them touches another wall,wall of tile 01EC52 (room 0x42)
wall of tile 01F052 (room 0x42),wall of tile 01E852 (room 0x42),54.925,no,the line between them touches another wall,wall of tile 01EC52 (room 0x42)
wall of tile 01F051 (room 0x42),wall of tile 01EC51 (room 0x42),18.308,no,the line between them touches another wall,wall of tile 01EE51 (room 0x42)
wall of tile 01F051 (room 0x42),wall of tile 01EA51 (room 0x42),36.617,no,the line between them touches another wall,wall of tile 01EE51 (room 0x42)
wall of tile 01F051 (room 0x42),wall of tile 01E851 (room 0x42),54.925,no,the line between them touches another wall,wall of tile 01EE51 (room 0x42)
wall of tile 01F051 (room 0x42),wall of tile 0DEC08 (room 0x19),59.502,no,"the line between them leaves the walkable area (a wall's thickness, or another floor)",
wall of tile 01EE52 (room 0x42),wall of tile 01EA52 (room 0x42),18.308,no,the line between them touches another wall,wall of tile 01EC52 (room 0x42)
wall of tile 01EE52 (room 0x42),wall of tile 01E852 (room 0x42),36.617,no,the line between them touches another wall,wall of tile 01EC52 (room 0x42)
wall of tile 01EE52 (room 0x42),wall of tile 01E652 (room 0x42),50.348,no,the line between them touches another wall,wall of tile 01E852 (room 0x42)
wall of tile 01EE51 (room 0x42),wall of tile 01EA51 (room 0x42),18.308,no,the line between them touches another wall,wall of tile 01EC51 (room 0x42)
wall of tile 01EE51 (room 0x42),wall of tile 01E851 (room 0x42),36.617,no,the line between them touches another wall,wall of tile 01EC51 (room 0x42)
wall of tile 01EE51 (room 0x42),wall of tile 01E651 (room 0x42),50.348,no,the line between them touches another wall,wall of tile 01EC51 (room 0x42)
wall of tile 01EE51 (room 0x42),wall of tile 0DEC08 (room 0x19),59.502,no,"the line between them leaves the walkable area (a wall's thickness, or another floor)",
wall of tile 01EC52 (room 0x42),wall of tile 01E852 (room 0x42),18.308,no,the line between them touches another wall,wall of tile 01EA52 (room 0x42)
wall of tile 01EC52 (room 0x42),wall of tile 01E652 (room 0x42),32.040,no,the line between them touches another wall,wall of tile 01E852 (room 0x42)
wall of tile 01EC52 (room 0x42),wall of tile 01E452 (room 0x42),50.348,no,the line between them touches another wall,wall of tile 01E652 (room 0x42)
wall of tile 01EC51 (room 0x42),wall of tile 01E851 (room 0x42),18.308,no,the line between them touches another wall,wall of tile 01EA51 (room 0x42)
wall of tile 01EC51 (room 0x42),wall of tile 01E651 (room 0x42),32.040,no,the line between them touches another wall,wall of tile 01EA51 (room 0x42)
wall of tile 01EC51 (room 0x42),wall of tile 01E451 (room 0x42),50.348,no,the line between them touches another wall,wall of tile 01EA51 (room 0x42)
wall of tile 01EC51 (room 0x42),wall of tile 0DEC08 (room 0x19),59.502,no,"the line between them leaves the walkable area (a wall's thickness, or another floor)",
wall of tile 01EA52 (room 0x42),wall of tile 01E652 (room 0x42),13.731,no,the line between them touches another wall,wall of tile 01E852 (room 0x42)
wall of tile 01EA52 (room 0x42),wall of tile 01E452 (room 0x42),32.040,no,the line between them touches another wall,wall of tile 01E652 (room 0x42)
wall of tile 01EA52 (room 0x42),wall of tile 01E252 (room 0x42),50.348,no,the line between them touches another wall,wall of tile 01E452 (room 0x42)
wall of tile 01EA51 (room 0x42),wall of tile 01E651 (room 0x42),13.731,no,the line between them touches another wall,wall of tile 01E851 (room 0x42)
wall of tile 01EA51 (room 0x42),wall of tile 01E451 (room 0x42),32.040,no,the line between them touches another wall,wall of tile 01E851 (room 0x42)
wall of tile 01EA51 (room 0x42),wall of tile 01E251 (room 0x42),50.348,no,the line between them touches another wall,wall of tile 01E851 (room 0x42)
wall of tile 01EA51 (room 0x42),wall of tile 0DEC08 (room 0x19),59.502,no,"the line between them leaves the walkable area (a wall's thickness, or another floor)",
wall of tile 01E852 (room 0x42),wall of tile 01E452 (room 0x42),18.308,no,the line between them touches another wall,wall of tile 01E652 (room 0x42)
wall of tile 01E852 (room 0x42),wall of tile 01E252 (room 0x42),36.617,no,the line between them touches another wall,wall of tile 01E652 (room 0x42)
wall of tile 01E852 (room 0x42),wall of tile 021C52 (room 0x42),50.348,no,the line between them touches another wall,wall of tile 01E252 (room 0x42)
wall of tile 01E851 (room 0x42),wall of tile 01E451 (room 0x42),18.308,no,the line between them touches another wall,wall of tile 01E651 (room 0x42)
wall of tile 01E851 (room 0x42),wall of tile 01E251 (room 0x42),36.617,no,the line between them touches another wall,wall of tile 01E651 (room 0x42)
wall of tile 01E851 (room 0x42),wall of tile 021C52 (room 0x42),50.348,no,the line between them touches another wall,wall of tile 01E251 (room 0x42)
wall of tile 01E851 (room 0x42),wall of tile 0DEC08 (room 0x19),59.502,no,"the line between them leaves the walkable area (a wall's thickness, or another floor)",
wall of tile 01E652 (room 0x42),wall of tile 01E252 (room 0x42),18.308,no,the line between them touches another wall,wall of tile 01E452 (room 0x42)
wall of tile 01E652 (room 0x42),wall of tile 021C52 (room 0x42),32.040,no,the line between them touches another wall,wall of tile 01E252 (room 0x42)
wall of tile 01E651 (room 0x42),wall of tile 01E251 (room 0x42),18.308,no,the line between them touches another wall,wall of tile 01E451 (room 0x42)
wall of tile 01E651 (room 0x42),wall of tile 021C52 (room 0x42),32.040,no,the line between them touches another wall,wall of tile 01E251 (room 0x42)
wall of tile 01E651 (room 0x42),wall of tile 0DEC08 (room 0x19),59.502,no,"the line between them leaves the walkable area (a wall's thickness, or another floor)",
wall of tile 01E452 (room 0x42),wall of tile 021C52 (room 0x42),13.731,no,the line between them touches another wall,wall of tile 01E252 (room 0x42)
wall of tile 01E451 (room 0x42),wall of tile 021C52 (room 0x42),13.731,no,the line between them touches another wall,wall of tile 01E251 (room 0x42)
wall of tile 01E451 (room 0x42),wall of tile 0DEC08 (room 0x19),59.502,no,"the line between them leaves the walkable area (a wall's thickness, or another floor)",
wall of tile 01E251 (room 0x42),wall of tile 0DEC08 (room 0x19),59.502,no,"the line between them leaves the walkable area (a wall's thickness, or another floor)",
wall of tile 021C52 (room 0x42),wall of tile 01A651 (room 0x42),13.731,no,the line between them touches another wall,wall of tile 01A451 (room 0x42)
wall of tile 021C52 (room 0x42),wall of tile 01A851 (room 0x42),32.040,no,the line between them touches another wall,wall of tile 01A651 (room 0x42)
wall of tile 021C52 (room 0x42),wall of tile 01AA51 (room 0x42),50.348,no,the line between them touches another wall,wall of tile 01A851 (room 0x42)
wall of tile 021C52 (room 0x42),wall of tile 0DEC08 (room 0x19),59.502,no,"the line between them leaves the walkable area (a wall's thickness, or another floor)",
wall of tile 021C51 (room 0x42),wall of tile 0DEC08 (room 0x19),59.502,no,"the line between them leaves the walkable area (a wall's thickness, or another floor)",
wall of tile 021C51 (room 0x42),wall of tile 014F08 (room 0x1a),59.502,no,"the line between them leaves the walkable area (a wall's thickness, or another floor)",
wall of tile 021C51 (room 0x42),wall of tile 01A652 (room 0x42),13.731,no,the line between them touches another wall,wall of tile 01A452 (room 0x42)
wall of tile 021C51 (room 0x42),wall of tile 01A852 (room 0x42),32.040,no,the line between them touches another wall,wall of tile 01A652 (room 0x42)
wall of tile 021C51 (room 0x42),wall of tile 01AA52 (room 0x42),50.348,no,the line between them touches another wall,wall of tile 01A852 (room 0x42)
wall of tile 021C51 (room 0x42),wall of tile 014F08 (room 0x1a),59.502,no,"the line between them leaves the walkable area (a wall's thickness, or another floor)",
wall of tile 01A451 (room 0x42),wall of tile 01A851 (room 0x42),18.308,no,the line between them touches another wall,wall of tile 01A651 (room 0x42)
wall of tile 01A451 (room 0x42),wall of tile 01AA51 (room 0x42),36.617,no,the line between them touches another wall,wall of tile 01A851 (room 0x42)
wall of tile 01A451 (room 0x42),wall of tile 01AC51 (room 0x42),50.348,no,the line between them touches another wall,wall of tile 01A851 (room 0x42)
wall of tile 01A452 (room 0x42),wall of tile 01A852 (room 0x42),18.308,no,the line between them touches another wall,wall of tile 01A652 (room 0x42)
wall of tile 01A452 (room 0x42),wall of tile 01AA52 (room 0x42),36.617,no,the line between them touches another wall,wall of tile 01A852 (room 0x42)
wall of tile 01A452 (room 0x42),wall of tile 01AC52 (room 0x42),50.348,no,the line between them touches another wall,wall of tile 01AA52 (room 0x42)
wall of tile 01A452 (room 0x42),wall of tile 014F08 (room 0x1a),59.502,no,"the line between them leaves the walkable area (a wall's thickness, or another floor)",
wall of tile 01A651 (room 0x42),wall of tile 01AA51 (room 0x42),18.308,no,the line between them touches another wall,wall of tile 01A851 (room 0x42)
wall of tile 01A651 (room 0x42),wall of tile 01AC51 (room 0x42),32.040,no,the line between them touches another wall,wall of tile 01AA51 (room 0x42)
wall of tile 01A651 (room 0x42),wall of tile 01AE51 (room 0x42),50.348,no,the line between them touches another wall,wall of tile 01AA51 (room 0x42)
wall of tile 01A652 (room 0x42),wall of tile 01AA52 (room 0x42),18.308,no,the line between them touches another wall,wall of tile 01A852 (room 0x42)
wall of tile 01A652 (room 0x42),wall of tile 01AC52 (room 0x42),32.040,no,the line between them touches another wall,wall of tile 01AA52 (room 0x42)
wall of tile 01A652 (room 0x42),wall of tile 01AE52 (room 0x42),50.348,no,the line between them touches another wall,wall of tile 01AA52 (room 0x42)
wall of tile 01A652 (room 0x42),wall of tile 014F08 (room 0x1a),59.502,no,"the line between them leaves the walkable area (a wall's thickness, or another floor)",
wall of tile 01A851 (room 0x42),wall of tile 01AC51 (room 0x42),13.731,no,the line between them touches another wall,wall of tile 01AA51 (room 0x42)
wall of tile 01A851 (room 0x42),wall of tile 01AE51 (room 0x42),32.040,no,the line between them touches another wall,wall of tile 01AC51 (room 0x42)
wall of tile 01A851 (room 0x42),wall of tile 01B051 (room 0x42),50.348,no,the line between them touches another wall,wall of tile 01AC51 (room 0x42)
wall of tile 01A852 (room 0x42),wall of tile 01AC52 (room 0x42),13.731,no,the line between them touches another wall,wall of tile 01AA52 (room 0x42)
wall of tile 01A852 (room 0x42),wall of tile 01AE52 (room 0x42),32.040,no,the line between them touches another wall,wall of tile 01AC52 (room 0x42)
wall of tile 01A852 (room 0x42),wall of tile 01B052 (room 0x42),50.348,no,the line between them touches another wall,wall of tile 01AC52 (room 0x42)
wall of tile 01A852 (room 0x42),wall of tile 014F08 (room 0x1a),59.502,no,"the line between them leaves the walkable area (a wall's thickness, or another floor)",
wall of tile 01AA51 (room 0x42),wall of tile 01AE51 (room 0x42),18.308,no,the line between them touches another wall,wall of tile 01AC51 (room 0x42)
wall of tile 01AA51 (room 0x42),wall of tile 01B051 (room 0x42),36.617,no,the line between them touches another wall,wall of tile 01AE51 (room 0x42)
wall of tile 01AA51 (room 0x42),wall of tile 01B251 (room 0x42),54.925,no,the line between them touches another wall,wall of tile 01AE51 (room 0x42)
wall of tile 01AA52 (room 0x42),wall of tile 01AE52 (room 0x42),18.308,no,the line between them touches another wall,wall of tile 01AC52 (room 0x42)
wall of tile 01AA52 (room 0x42),wall of tile 01B052 (room 0x42),36.617,no,the line between them touches another wall,wall of tile 01AE52 (room 0x42)
wall of tile 01AA52 (room 0x42),wall of tile 01B252 (room 0x42),54.925,no,the line between them touches another wall,wall of tile 01B052 (room 0x42)
wall of tile 01AA52 (room 0x42),wall of tile 014F08 (room 0x1a),59.502,no,"the line between them leaves the walkable area (a wall's thickness, or another floor)",
wall of tile 01AC51 (room 0x42),wall of tile 01B051 (room 0x42),18.308,no,the line between them touches another wall,wall of tile 01AE51 (room 0x42)
wall of tile 01AC51 (room 0x42),wall of tile 01B251 (room 0x42),36.617,no,the line between them touches another wall,wall of tile 01B051 (room 0x42)
wall of tile 01AC51 (room 0x42),wall of tile 01B451 (room 0x42),50.348,no,the line between them touches another wall,wall of tile 01B051 (room 0x42)
wall of tile 01AC52 (room 0x42),wall of tile 01B052 (room 0x42),18.308,no,the line between them touches another wall,wall of tile 01AE52 (room 0x42)
wall of tile 01AC52 (room 0x42),wall of tile 01B252 (room 0x42),36.617,no,the line between them touches another wall,wall of tile 01B052 (room 0x42)
wall of tile 01AC52 (room 0x42),wall of tile 01B452 (room 0x42),50.348,no,the line between them touches another wall,wall of tile 01B252 (room 0x42)
wall of tile 01AC52 (room 0x42),wall of tile 014F08 (room 0x1a),59.502,no,"the line between them leaves the walkable area (a wall's thickness, or another floor)",
wall of tile 01AE51 (room 0x42),wall of tile 01B251 (room 0x42),18.308,no,the line between them touches another wall,wall of tile 01B051 (room 0x42)
wall of tile 01AE51 (room 0x42),wall of tile 01B451 (room 0x42),32.040,no,the line between them touches another wall,wall of tile 01B251 (room 0x42)
wall of tile 01AE51 (room 0x42),wall of tile 01B651 (room 0x42),50.348,no,the line between them touches another wall,wall of tile 01B251 (room 0x42)
wall of tile 01AE52 (room 0x42),wall of tile 01B252 (room 0x42),18.308,no,the line between them touches another wall,wall of tile 01B052 (room 0x42)
wall of tile 01AE52 (room 0x42),wall of tile 01B452 (room 0x42),32.040,no,the line between them touches another wall,wall of tile 01B252 (room 0x42)
wall of tile 01AE52 (room 0x42),wall of tile 01B652 (room 0x42),50.348,no,the line between them touches another wall,wall of tile 01B252 (room 0x42)
wall of tile 01AE52 (room 0x42),wall of tile 014F08 (room 0x1a),59.502,no,"the line between them leaves the walkable area (a wall's thickness, or another floor)",
wall of tile 01B051 (room 0x42),wall of tile 01B451 (room 0x42),13.731,no,the line between them touches another wall,wall of tile 01B251 (room 0x42)
wall of tile 01B051 (room 0x42),wall of tile 01B651 (room 0x42),32.040,no,the line between them touches another wall,wall of tile 01B251 (room 0x42)
wall of tile 01B051 (room 0x42),wall of tile 01B851 (room 0x42),50.348,no,the line between them touches another wall,wall of tile 01B651 (room 0x42)
wall of tile 01B052 (room 0x42),wall of tile 01B452 (room 0x42),13.731,no,the line between them touches another wall,wall of tile 01B252 (room 0x42)
wall of tile 01B052 (room 0x42),wall of tile 01B652 (room 0x42),32.040,no,the line between them touches another wall,wall of tile 01B252 (room 0x42)
wall of tile 01B052 (room 0x42),wall of tile 01B852 (room 0x42),50.348,no,the line between them touches another wall,wall of tile 01B652 (room 0x42)
wall of tile 01B052 (room 0x42),wall of tile 015108 (room 0x1a),59.502,no,"the line between them leaves the walkable area (a wall's thickness, or another floor)",
wall of tile 01B052 (room 0x42),wall of tile 014F08 (room 0x1a),59.502,no,"the line between them leaves the walkable area (a wall's thickness, or another floor)",
wall of tile 01B251 (room 0x42),wall of tile 01B651 (room 0x42),18.308,no,the line between them touches another wall,wall of tile 01B451 (room 0x42)
wall of tile 01B251 (room 0x42),wall of tile 01B851 (room 0x42),36.617,no,the line between them touches another wall,wall of tile 01B651 (room 0x42)
wall of tile 01B251 (room 0x42),wall of tile 01BA51 (room 0x42),50.348,no,the line between them touches another wall,wall of tile 01B851 (room 0x42)
wall of tile 01B252 (room 0x42),wall of tile 01B652 (room 0x42),18.308,no,the line between them touches another wall,wall of tile 01B452 (room 0x42)
wall of tile 01B252 (room 0x42),wall of tile 01B852 (room 0x42),36.617,no,the line between them touches another wall,wall of tile 01B652 (room 0x42)
wall of tile 01B252 (room 0x42),wall of tile 01BA52 (room 0x42),50.348,no,the line between them touches another wall,wall of tile 01B652 (room 0x42)
wall of tile 01B252 (room 0x42),wall of tile 015108 (room 0x1a),59.502,no,"the line between them leaves the walkable area (a wall's thickness, or another floor)",
wall of tile 01B252 (room 0x42),wall of tile 014F08 (room 0x1a),59.678,no,"the line between them leaves the walkable area (a wall's thickness, or another floor)",
wall of tile 01B451 (room 0x42),wall of tile 01B851 (room 0x42),18.308,no,the line between them touches another wall,wall of tile 01B651 (room 0x42)
wall of tile 01B451 (room 0x42),wall of tile 01BA51 (room 0x42),32.040,no,the line between them touches another wall,wall of tile 01B851 (room 0x42)
wall of tile 01B451 (room 0x42),wall of tile 01C851 (room 0x42),50.348,no,the line between them touches another wall,wall of tile 01BA51 (room 0x42)
wall of tile 01B452 (room 0x42),wall of tile 01B852 (room 0x42),18.308,no,the line between them touches another wall,wall of tile 01B652 (room 0x42)
wall of tile 01B452 (room 0x42),wall of tile 01BA52 (room 0x42),32.040,no,the line between them touches another wall,wall of tile 01B652 (room 0x42)
wall of tile 01B452 (room 0x42),wall of tile 01C852 (room 0x42),50.348,no,the line between them touches another wall,wall of tile 01BA52 (room 0x42)
wall of tile 01B452 (room 0x42),wall of tile 015108 (room 0x1a),59.502,no,"the line between them leaves the walkable area (a wall's thickness, or another floor)",
wall of tile 01B651 (room 0x42),wall of tile 01BA51 (room 0x42),13.731,no,the line between them touches another wall,wall of tile 01B851 (room 0x42)
wall of tile 01B651 (room 0x42),wall of tile 01C851 (room 0x42),32.040,no,the line between them touches another wall,wall of tile 01BA51 (room 0x42)
wall of tile 01B651 (room 0x42),wall of tile 01C651 (room 0x42),50.348,no,the line between them touches another wall,wall of tile 01C851 (room 0x42)
wall of tile 01B652 (room 0x42),wall of tile 01BA52 (room 0x42),13.731,no,the line between them touches another wall,wall of tile 01B852 (room 0x42)
wall of tile 01B652 (room 0x42),wall of tile 01C852 (room 0x42),32.040,no,the line between them touches another wall,wall of tile 01BA52 (room 0x42)
wall of tile 01B652 (room 0x42),wall of tile 01C652 (room 0x42),50.348,no,the line between them touches another wall,wall of tile 01BA52 (room 0x42)
wall of tile 01B652 (room 0x42),wall of tile 015108 (room 0x1a),59.502,no,"the line between them leaves the walkable area (a wall's thickness, or another floor)",
wall of tile 01B851 (room 0x42),wall of tile 01C851 (room 0x42),18.308,no,the line between them touches another wall,wall of tile 01BA51 (room 0x42)
wall of tile 01B851 (room 0x42),wall of tile 01C651 (room 0x42),36.617,no,the line between them touches another wall,wall of tile 01C851 (room 0x42)
wall of tile 01B851 (room 0x42),wall of tile 01C451 (room 0x42),50.348,no,the line between them touches another wall,wall of tile 01C851 (room 0x42)
wall of tile 01B852 (room 0x42),wall of tile 01C852 (room 0x42),18.308,no,the line between them touches another wall,wall of tile 01BA52 (room 0x42)
wall of tile 01B852 (room 0x42),wall of tile 01C652 (room 0x42),36.617,no,the line between them touches another wall,wall of tile 01C852 (room 0x42)
wall of tile 01B852 (room 0x42),wall of tile 01C452 (room 0x42),50.348,no,the line between them touches another wall,wall of tile 01C852 (room 0x42)
wall of tile 01B852 (room 0x42),wall of tile 015108 (room 0x1a),59.502,no,"the line between them leaves the walkable area (a wall's thickness, or another floor)",
wall of tile 01BA51 (room 0x42),wall of tile 01C651 (room 0x42),18.308,no,the line between them touches another wall,wall of tile 01C851 (room 0x42)
wall of tile 01BA51 (room 0x42),wall of tile 01C451 (room 0x42),32.040,no,the line between them touches another wall,wall of tile 01C851 (room 0x42)
wall of tile 01BA51 (room 0x42),wall of tile 01C251 (room 0x42),50.348,no,the line between them touches another wall,wall of tile 01C851 (room 0x42)
wall of tile 01BA52 (room 0x42),wall of tile 01C652 (room 0x42),18.308,no,the line between them touches another wall,wall of tile 01C852 (room 0x42)
wall of tile 01BA52 (room 0x42),wall of tile 01C452 (room 0x42),32.040,no,the line between them touches another wall,wall of tile 01C852 (room 0x42)
wall of tile 01BA52 (room 0x42),wall of tile 01C252 (room 0x42),50.348,no,the line between them touches another wall,wall of tile 01C852 (room 0x42)
wall of tile 01BA52 (room 0x42),wall of tile 015108 (room 0x1a),59.502,no,"the line between them leaves the walkable area (a wall's thickness, or another floor)",
wall of tile 01C851 (room 0x42),wall of tile 01C451 (room 0x42),13.731,no,the line between them touches another wall,wall of tile 01C651 (room 0x42)
wall of tile 01C851 (room 0x42),wall of tile 01C251 (room 0x42),32.040,no,the line between them touches another wall,wall of tile 01C651 (room 0x42)
wall of tile 01C851 (room 0x42),wall of tile 01C051 (room 0x42),50.348,no,the line between them touches another wall,wall of tile 01C651 (room 0x42)
wall of tile 01C852 (room 0x42),wall of tile 01C452 (room 0x42),13.731,no,the line between them touches another wall,wall of tile 01C652 (room 0x42)
wall of tile 01C852 (room 0x42),wall of tile 01C252 (room 0x42),32.040,no,the line between them touches another wall,wall of tile 01C652 (room 0x42)
wall of tile 01C852 (room 0x42),wall of tile 01C052 (room 0x42),50.348,no,the line between them touches another wall,wall of tile 01C652 (room 0x42)
wall of tile 01C852 (room 0x42),wall of tile 002551 (room 0x42),52.187,no,"the line between them leaves the walkable area (a wall's thickness, or another floor)",
wall of tile 01C852 (room 0x42),wall of tile 002551 (room 0x42),52.187,no,"the line between them leaves the walkable area (a wall's thickness, or another floor)",
wall of tile 01C852 (room 0x42),wall of tile 015108 (room 0x1a),59.502,no,"the line between them leaves the walkable area (a wall's thickness, or another floor)",
wall of tile 01C651 (room 0x42),wall of tile 01C251 (room 0x42),18.308,no,the line between them touches another wall,wall of tile 01C451 (room 0x42)
wall of tile 01C651 (room 0x42),wall of tile 01C051 (room 0x42),36.617,no,the line between them touches another wall,wall of tile 01C451 (room 0x42)
wall of tile 01C651 (room 0x42),wall of tile 01BE51 (room 0x42),50.348,no,the line between them touches another wall,wall of tile 01C451 (room 0x42)
wall of tile 01C652 (room 0x42),wall of tile 01C252 (room 0x42),18.308,no,the line between them touches another wall,wall of tile 01C452 (room 0x42)
wall of tile 01C652 (room 0x42),wall of tile 01C052 (room 0x42),36.617,no,the line between them touches another wall,wall of tile 01C252 (room 0x42)
wall of tile 01C652 (room 0x42),wall of tile 01BE52 (room 0x42),50.348,no,the line between them touches another wall,wall of tile 01C252 (room 0x42)
wall of tile 01C652 (room 0x42),wall of tile 002551 (room 0x42),44.743,no,"the line between them leaves the walkable area (a wall's thickness, or another floor)",
wall of tile 01C652 (room 0x42),wall of tile 002551 (room 0x42),45.079,no,"the line between them leaves the walkable area (a wall's thickness, or another floor)",
wall of tile 01C652 (room 0x42),wall of tile 015108 (room 0x1a),59.502,no,"the line between them leaves the walkable area (a wall's thickness, or another floor)",
wall of tile 01C451 (room 0x42),wall of tile 01C051 (room 0x42),18.308,no,the line between them touches another wall,wall of tile 01C251 (room 0x42)
wall of tile 01C451 (room 0x42),wall of tile 01BE51 (room 0x42),32.040,no,the line between them touches another wall,wall of tile 01C051 (room 0x42)
wall of tile 01C451 (room 0x42),wall of tile 01BC51 (room 0x42),50.348,no,the line between them touches another wall,wall of tile 01C051 (room 0x42)
wall of tile 01C452 (room 0x42),wall of tile 01C052 (room 0x42),18.308,no,the line between them touches another wall,wall of tile 01C252 (room 0x42)
wall of tile 01C452 (room 0x42),wall of tile 01BE52 (room 0x42),32.040,no,the line between them touches another wall,wall of tile 01C052 (room 0x42)
wall of tile 01C452 (room 0x42),wall of tile 01BC52 (room 0x42),50.348,no,the line between them touches another wall,wall of tile 01C052 (room 0x42)
wall of tile 01C452 (room 0x42),wall of tile 002551 (room 0x42),35.323,no,"the line between them leaves the walkable area (a wall's thickness, or another floor)",
wall of tile 01C452 (room 0x42),wall of tile 002551 (room 0x42),41.194,no,"the line between them leaves the walkable area (a wall's thickness, or another floor)",
wall of tile 01C452 (room 0x42),wall of tile 015108 (room 0x1a),59.502,no,"the line between them leaves the walkable area (a wall's thickness, or another floor)",
wall of tile 01C251 (room 0x42),wall of tile 01BE51 (room 0x42),13.731,no,the line between them touches another wall,wall of tile 01C051 (room 0x42)
wall of tile 01C251 (room 0x42),wall of tile 01BC51 (room 0x42),32.040,no,the line between them touches another wall,wall of tile 01C051 (room 0x42)
wall of tile 01C252 (room 0x42),wall of tile 01BE52 (room 0x42),13.731,no,the line between them touches another wall,wall of tile 01C052 (room 0x42)
wall of tile 01C252 (room 0x42),wall of tile 01BC52 (room 0x42),32.040,no,the line between them touches another wall,wall of tile 01C052 (room 0x42)
wall of tile 01C252 (room 0x42),wall of tile 002551 (room 0x42),25.904,no,"the line between them leaves the walkable area (a wall's thickness, or another floor)",
wall of tile 01C252 (room 0x42),wall of tile 002551 (room 0x42),41.194,no,"the line between them leaves the walkable area (a wall's thickness, or another floor)",
wall of tile 01C252 (room 0x42),wall of tile 015108 (room 0x1a),59.502,no,"the line between them leaves the walkable area (a wall's thickness, or another floor)",
wall of tile 01C051 (room 0x42),wall of tile 01BC51 (room 0x42),18.308,no,the line between them touches another wall,wall of tile 01BE51 (room 0x42)
wall of tile 01C052 (room 0x42),wall of tile 01BC52 (room 0x42),18.308,no,the line between them touches another wall,wall of tile 01BE52 (room 0x42)
wall of tile 01C052 (room 0x42),wall of tile 002551 (room 0x42),18.839,no,"the line between them leaves the walkable area (a wall's thickness, or another floor)",
wall of tile 01C052 (room 0x42),wall of tile 002551 (room 0x42),41.194,no,"the line between them leaves the walkable area (a wall's thickness, or another floor)",
wall of tile 01C052 (room 0x42),wall of tile 015108 (room 0x1a),59.502,no,"the line between them leaves the walkable area (a wall's thickness, or another floor)",
wall of tile 01BE52 (room 0x42),wall of tile 002552 (room 0x42),55.305,no,"the line between them leaves the walkable area (a wall's thickness, or another floor)",
wall of tile 01BE52 (room 0x42),wall of tile 002A52 (room 0x42),55.305,no,"the line between them leaves the walkable area (a wall's thickness, or another floor)",
wall of tile 01BE52 (room 0x42),wall of tile 002551 (room 0x42),9.420,no,"the line between them leaves the walkable area (a wall's thickness, or another floor)",
wall of tile 01BE52 (room 0x42),wall of tile 002551 (room 0x42),41.194,no,"the line between them leaves the walkable area (a wall's thickness, or another floor)",
wall of tile 01BE52 (room 0x42),wall of tile 015108 (room 0x1a),59.502,no,"the line between them leaves the walkable area (a wall's thickness, or another floor)",
wall of tile 01BC52 (room 0x42),wall of tile 002552 (room 0x42),39.374,yes,,
wall of tile 01BC52 (room 0x42),wall of tile 002A52 (room 0x42),39.374,yes,,
wall of tile 01BC52 (room 0x42),wall of tile 002551 (room 0x42),41.194,no,"the line between them leaves the walkable area (a wall's thickness, or another floor)",
wall of tile 01BC52 (room 0x42),wall of tile 015108 (room 0x1a),59.502,no,"the line between them leaves the walkable area (a wall's thickness, or another floor)",
wall of tile 002552 (room 0x42),wall of tile 002551 (room 0x42),39.374,yes,,
wall of tile 002552 (room 0x42),wall of tile 015108 (room 0x1a),18.308,no,"the line between them leaves the walkable area (a wall's thickness, or another floor)",
wall of tile 002A52 (room 0x42),wall of tile 002551 (room 0x42),39.374,yes,,
wall of tile 002A52 (room 0x42),wall of tile 002551 (room 0x42),18.308,no,the line between them touches another wall,wall of tile 002552 (room 0x42)
wall of tile 002A52 (room 0x42),wall of tile 015108 (room 0x1a),36.617,no,"the line between them leaves the walkable area (a wall's thickness, or another floor)",
wall of tile 002551 (room 0x42),wall of tile 015108 (room 0x1a),18.308,no,"the line between them leaves the walkable area (a wall's thickness, or another floor)",
wall of tile 002551 (room 0x42),wall of tile 015108 (room 0x1a),18.308,no,"the line between them leaves the walkable area (a wall's thickness, or another floor)",
wall of tile 001E52 (room 0x42),wall of tile 001E51 (room 0x42),39.374,yes,,
wall of tile 001E52 (room 0x42),wall of tile 0DEC08 (room 0x19),18.308,no,"the line between them leaves the walkable area (a wall's thickness, or another floor)",
wall of tile 001E51 (room 0x42),wall of tile 000151 (room 0x42),18.308,no,"the line between them leaves the walkable area (a wall's thickness, or another floor)",
wall of tile 001E51 (room 0x42),wall of tile 0DEC08 (room 0x19),18.308,no,"the line between them leaves the walkable area (a wall's thickness, or another floor)",
wall of tile 001E51 (room 0x42),wall of tile 000151 (room 0x42),18.308,no,"the line between them leaves the walkable area (a wall's thickness, or another floor)",
wall of tile 001E51 (room 0x42),wall of tile 0DEC08 (room 0x19),18.308,no,"the line between them leaves the walkable area (a wall's thickness, or another floor)",
wall of tile 000151 (room 0x42),wall of tile 0DEA08 (room 0x19),18.308,no,"the line between them leaves the walkable area (a wall's thickness, or another floor)",
wall of tile 000151 (room 0x42),wall of tile 0DEC08 (room 0x19),18.308,no,"the line between them leaves the walkable area (a wall's thickness, or another floor)",
wall of tile 000251 (room 0x42),wall of tile 000752 (room 0x42),18.308,no,"the line between them leaves the walkable area (a wall's thickness, or another floor)",
wall of tile 000251 (room 0x42),wall of tile 000751 (room 0x42),18.308,no,"the line between them leaves the walkable area (a wall's thickness, or another floor)",
wall of tile 000251 (room 0x42),wall of tile 0DE808 (room 0x19),18.308,no,"the line between them leaves the walkable area (a wall's thickness, or another floor)",
wall of tile 000251 (room 0x42),wall of tile 000652 (room 0x42),18.308,no,the line between them touches another wall,wall of tile 000251 (room 0x42)
wall of tile 000251 (room 0x42),wall of tile 000752 (room 0x42),18.308,no,"the line between them leaves the walkable area (a wall's thickness, or another floor)",
wall of tile 000251 (room 0x42),wall of tile 000751 (room 0x42),18.308,no,"the line between them leaves the walkable area (a wall's thickness, or another floor)",
wall of tile 000251 (room 0x42),wall of tile 0DE808 (room 0x19),18.308,no,"the line between them leaves the walkable area (a wall's thickness, or another floor)",
wall of tile 000251 (room 0x42),wall of tile 0DEA08 (room 0x19),18.308,no,"the line between them leaves the walkable area (a wall's thickness, or another floor)",
wall of tile 000652 (room 0x42),wall of tile 000751 (room 0x42),18.308,no,the line between them touches another wall,wall of tile 000752 (room 0x42)
wall of tile 000652 (room 0x42),wall of tile 0DE808 (room 0x19),36.617,no,"the line between them leaves the walkable area (a wall's thickness, or another floor)",
wall of tile 000752 (room 0x42),wall of tile 0DE808 (room 0x19),18.308,no,"the line between them leaves the walkable area (a wall's thickness, or another floor)",
wall of tile 000751 (room 0x42),wall of tile 000851 (room 0x42),13.731,no,the line between them touches another wall,wall of tile 000852 (room 0x42)
wall of tile 000751 (room 0x42),wall of tile 014A08 (room 0x19),18.308,no,"the line between them leaves the walkable area (a wall's thickness, or another floor)",
wall of tile 000751 (room 0x42),wall of tile 000852 (room 0x42),18.308,no,the line between them touches another wall,wall of tile 000751 (room 0x42)
wall of tile 000751 (room 0x42),wall of tile 000851 (room 0x42),22.886,no,"the line between them leaves the walkable area (a wall's thickness, or another floor)",
wall of tile 000751 (room 0x42),wall of tile 014A08 (room 0x19),18.308,no,"the line between them leaves the walkable area (a wall's thickness, or another floor)",
wall of tile 000751 (room 0x42),wall of tile 0DE808 (room 0x19),18.308,no,"the line between them leaves the walkable area (a wall's thickness, or another floor)",
wall of tile 000852 (room 0x42),wall of tile 014A08 (room 0x19),36.617,no,"the line between them leaves the walkable area (a wall's thickness, or another floor)",
wall of tile 000851 (room 0x42),wall of tile 014A08 (room 0x19),36.617,no,"the line between them leaves the walkable area (a wall's thickness, or another floor)",
wall of tile 000851 (room 0x42),door 0x1edf30 (preset 0x0021),0.000,no,"another wall pokes into the space between them, so a tighter pair covers this gap",door 0x1edf30 (preset 0x0021)
wall of tile 000851 (room 0x42),door 0x1edf30 (preset 0x0021),0.000,yes,,
wall of tile 000851 (room 0x42),door 0x1edf30 (preset 0x0021),9.154,no,"another wall pokes into the space between them, so a tighter pair covers this gap",wall of tile 0D9909 (room 0x1d)
wall of tile 016208 (room 0x1d),wall of tile 0D970A (room 0x1c),13.731,no,the line between them touches another wall,wall of tile 01640A (room 0x1c)
wall of tile 016208 (room 0x1d),wall of tile 001149 (room 0x3e),9.154,no,"the line between them leaves the walkable area (a wall's thickness, or another floor)",
wall of tile 016208 (room 0x1d),wall of tile 001149 (room 0x3e),9.154,no,"the line between them leaves the walkable area (a wall's thickness, or another floor)",
wall of tile 016208 (room 0x1d),wall of tile 00104A (room 0x3e),22.886,no,"the line between them leaves the walkable area (a wall's thickness, or another floor)",
wall of tile 016208 (room 0x1d),wall of tile 001049 (room 0x3e),22.886,no,"the line between them leaves the walkable area (a wall's thickness, or another floor)",
wall of tile 016208 (room 0x1d),door 0x1ede30 (preset 0x0020),13.731,no,"the line between them leaves the walkable area (a wall's thickness, or another floor)",
wall of tile 016208 (room 0x1d),door 0x1ede30 (preset 0x0020),16.503,no,"the line between them leaves the walkable area (a wall's thickness, or another floor)",
wall of tile 016208 (room 0x1d),door 0x1ede30 (preset 0x0020),13.731,no,"the line between them leaves the walkable area (a wall's thickness, or another floor)",
wall of tile 01640A (room 0x1c),wall of tile 001149 (room 0x3e),9.154,no,"the line between them leaves the walkable area (a wall's thickness, or another floor)",
wall of tile 01640A (room 0x1c),door 0x1ede30 (preset 0x0020),0.000,no,"another wall pokes into the space between them, so a tighter pair covers this gap",wall of tile 0D970A (room 0x1c)
wall of tile 01640A (room 0x1c),door 0x1ede30 (preset 0x0020),9.154,no,"another wall pokes into the space between them, so a tighter pair covers this gap",wall of tile 001149 (room 0x3e)
wall of tile 01640A (room 0x1c),door 0x1ede30 (preset 0x0020),0.000,no,"another wall pokes into the space between them, so a tighter pair covers this gap",wall of tile 0D970A (room 0x1c)
wall of tile 0D9709 (room 0x1c),door 0x1ede30 (preset 0x0020),0.000,no,the line between them touches another wall,door 0x1ede30 (preset 0x0020)
wall of tile 0D9709 (room 0x1c),door 0x1ede30 (preset 0x0020),0.000,no,"the line between them leaves the walkable area (a wall's thickness, or another floor)",
wall of tile 016C08 (room 0x1c),wall of tile 000749 (room 0x3e),22.886,no,"the line between them leaves the walkable area (a wall's thickness, or another floor)",
wall of tile 016C08 (room 0x1c),wall of tile 000749 (room 0x3e),22.886,no,"the line between them leaves the walkable area (a wall's thickness, or another floor)",
wall of tile 016C08 (room 0x1c),wall of tile 00084A (room 0x3e),9.154,no,"the line between them leaves the walkable area (a wall's thickness, or another floor)",
wall of tile 016C08 (room 0x1c),wall of tile 000849 (room 0x3e),9.154,no,"the line between them leaves the walkable area (a wall's thickness, or another floor)",
wall of tile 016C08 (room 0x1c),wall of tile 016D08 (room 0x1c),13.731,no,the line between them touches another wall,wall of tile 016B08 (room 0x1c)
wall of tile 016C08 (room 0x1c),wall of tile 025509 (room 0x0a),12.730,no,"the line between them leaves the walkable area (a wall's thickness, or another floor)",
wall of tile 016C08 (room 0x1c),door 0x1ede30 (preset 0x0020),9.154,no,"the line between them leaves the walkable area (a wall's thickness, or another floor)",
wall of tile 016C08 (room 0x1c),door 0x1ede30 (preset 0x0020),0.000,no,"the line between them leaves the walkable area (a wall's thickness, or another floor)",
wall of tile 016C08 (room 0x1c),door 0x1ede30 (preset 0x0020),0.000,no,"the line between them leaves the walkable area (a wall's thickness, or another floor)",
wall of tile 0D970A (room 0x1c),door 0x1ede30 (preset 0x0020),0.000,yes,,
wall of tile 0D970A (room 0x1c),door 0x1ede30 (preset 0x0020),0.000,no,"another wall pokes into the space between them, so a tighter pair covers this gap",door 0x1ede30 (preset 0x0020)
wall of tile 0D970A (room 0x1c),door 0x1ede30 (preset 0x0020),0.000,yes,,
wall of tile 001149 (room 0x3e),wall of tile 001049 (room 0x3e),22.886,no,the line between them touches another wall,wall of tile 00104A (room 0x3e)
wall of tile 001149 (room 0x3e),wall of tile 014908 (room 0x19),41.194,no,"the line between them leaves the walkable area (a wall's thickness, or another floor)",
wall of tile 001149 (room 0x3e),wall of tile 00104A (room 0x3e),13.731,no,the line between them touches another wall,wall of tile 001149 (room 0x3e)
wall of tile 001149 (room 0x3e),wall of tile 001049 (room 0x3e),26.689,no,"the line between them leaves the walkable area (a wall's thickness, or another floor)",
wall of tile 001149 (room 0x3e),wall of tile 014908 (room 0x19),41.194,no,"the line between them leaves the walkable area (a wall's thickness, or another floor)",
wall of tile 001149 (room 0x3e),door 0x1ede30 (preset 0x0020),0.000,yes,,
wall of tile 001149 (room 0x3e),door 0x1ede30 (preset 0x0020),0.000,no,"another wall pokes into the space between them, so a tighter pair covers this gap",door 0x1ede30 (preset 0x0020)
wall of tile 001149 (room 0x3e),door 0x1ede30 (preset 0x0020),9.154,no,"another wall pokes into the space between them, so a tighter pair covers this gap",wall of tile 0D970A (room 0x1c)
wall of tile 00104A (room 0x3e),wall of tile 014908 (room 0x19),18.308,no,"the line between them leaves the walkable area (a wall's thickness, or another floor)",
wall of tile 001049 (room 0x3e),wall of tile 000B4A (room 0x3e),18.308,no,"the line between them leaves the walkable area (a wall's thickness, or another floor)",
wall of tile 001049 (room 0x3e),wall of tile 000B49 (room 0x3e),18.308,no,"the line between them leaves the walkable area (a wall's thickness, or another floor)",
wall of tile 001049 (room 0x3e),wall of tile 0DE908 (room 0x19),18.308,no,"the line between them leaves the walkable area (a wall's thickness, or another floor)",
wall of tile 001049 (room 0x3e),generic 0x1ea20c (preset 0x2718),27.462,yes,,
wall of tile 001049 (room 0x3e),wall of tile 000F49 (room 0x3e),22.886,no,the line between them touches another wall,wall of tile 001049 (room 0x3e)
wall of tile 001049 (room 0x3e),wall of tile 000B4A (room 0x3e),18.308,no,"the line between them leaves the walkable area (a wall's thickness, or another floor)",
wall of tile 001049 (room 0x3e),wall of tile 000B49 (room 0x3e),18.308,no,"the line between them leaves the walkable area (a wall's thickness, or another floor)",
wall of tile 001049 (room 0x3e),wall of tile 014908 (room 0x19),18.308,no,"the line between them leaves the walkable area (a wall's thickness, or another floor)",
wall of tile 001049 (room 0x3e),wall of tile 0DE908 (room 0x19),18.308,no,"the line between them leaves the walkable area (a wall's thickness, or another floor)",
wall of tile 001049 (room 0x3e),generic 0x1ea20c (preset 0x2718),50.345,yes,,
wall of tile 001049 (room 0x3e),generic 0x1ea20c (preset 0x2718),50.345,yes,,
wall of tile 000F49 (room 0x3e),wall of tile 000B49 (room 0x3e),22.886,no,the line between them touches another wall,wall of tile 000B4A (room 0x3e)
wall of tile 000F49 (room 0x3e),wall of tile 0DE908 (room 0x19),41.194,no,"the line between them leaves the walkable area (a wall's thickness, or another floor)",
wall of tile 000F49 (room 0x3e),generic 0x1ea20c (preset 0x2718),27.462,yes,,
wall of tile 000B4A (room 0x3e),wall of tile 0DE908 (room 0x19),18.308,no,"the line between them leaves the walkable area (a wall's thickness, or another floor)",
wall of tile 000B4A (room 0x3e),generic 0x1ea20c (preset 0x2718),27.462,no,"another wall pokes into the space between them, so a tighter pair covers this gap",wall of tile 000F49 (room 0x3e)
wall of tile 000B49 (room 0x3e),wall of tile 0DE908 (room 0x19),18.308,no,"the line between them leaves the walkable area (a wall's thickness, or another floor)",
wall of tile 000B49 (room 0x3e),generic 0x1ea20c (preset 0x2718),50.347,no,"the line between them leaves the walkable area (a wall's thickness, or another floor)",
wall of tile 000B49 (room 0x3e),generic 0x1ea20c (preset 0x2718),50.348,no,"another wall pokes into the space between them, so a tighter pair covers this gap",generic 0x1ea20c (preset 0x2718)
wall of tile 000B49 (room 0x3e),generic 0x1ea20c (preset 0x2718),50.524,no,the line between them touches another wall,generic 0x1ea20c (preset 0x2718)
wall of tile 000A49 (room 0x3e),wall of tile 00254A (room 0x3e),18.308,no,"the line between them leaves the walkable area (a wall's thickness, or another floor)",
wall of tile 000A49 (room 0x3e),wall of tile 002549 (room 0x3e),18.308,no,"the line between them leaves the walkable area (a wall's thickness, or another floor)",
wall of tile 000A49 (room 0x3e),wall of tile 0DED08 (room 0x19),18.308,no,"the line between them leaves the walkable area (a wall's thickness, or another floor)",
wall of tile 000A49 (room 0x3e),wall of tile 00254A (room 0x3e),18.308,no,"the line between them leaves the walkable area (a wall's thickness, or another floor)",
wall of tile 000A49 (room 0x3e),wall of tile 002A4A (room 0x3e),22.886,no,the line between them touches another wall,wall of tile 000A49 (room 0x3e)
wall of tile 000A49 (room 0x3e),wall of tile 002549 (room 0x3e),18.308,no,"the line between them leaves the walkable area (a wall's thickness, or another floor)",
wall of tile 000A49 (room 0x3e),wall of tile 0DE908 (room 0x19),18.308,no,"the line between them leaves the walkable area (a wall's thickness, or another floor)",
wall of tile 000A49 (room 0x3e),wall of tile 0DED08 (room 0x19),18.308,no,"the line between them leaves the walkable area (a wall's thickness, or another floor)",
wall of tile 001D49 (room 0x3e),wall of tile 0DEB08 (room 0x19),18.308,no,"the line between them leaves the walkable area (a wall's thickness, or another floor)",
wall of tile 001D49 (room 0x3e),wall of tile 014208 (room 0x19),49.297,no,"the line between them leaves the walkable area (a wall's thickness, or another floor)",
wall of tile 00254A (room 0x3e),wall of tile 0DED08 (room 0x19),18.308,no,"the line between them leaves the walkable area (a wall's thickness, or another floor)",
wall of tile 002A4A (room 0x3e),wall of tile 002549 (room 0x3e),22.886,no,the line between them touches another wall,wall of tile 00254A (room 0x3e)
wall of tile 002A4A (room 0x3e),wall of tile 0DED08 (room 0x19),41.194,no,"the line between them leaves the walkable area (a wall's thickness, or another floor)",
wall of tile 002549 (room 0x3e),wall of tile 0DED08 (room 0x19),18.308,no,"the line between them leaves the walkable area (a wall's thickness, or another floor)",
wall of tile 00294A (room 0x3e),wall of tile 0DED08 (room 0x19),18.308,no,"the line between them leaves the walkable area (a wall's thickness, or another floor)",
wall of tile 00294A (room 0x3e),wall of tile 0DEB08 (room 0x19),18.308,no,"the line between them leaves the walkable area (a wall's thickness, or another floor)",
wall of tile 002249 (room 0x3e),wall of tile 0D510A (room 0x0a),18.308,no,"the line between them leaves the walkable area (a wall's thickness, or another floor)",
wall of tile 002249 (room 0x3e),wall of tile 025908 (room 0x0a),18.308,no,"the line between them leaves the walkable area (a wall's thickness, or another floor)",
wall of tile 001D4A (room 0x3e),wall of tile 025908 (room 0x0a),18.308,no,"the line between them leaves the walkable area (a wall's thickness, or another floor)",
wall of tile 001D4A (room 0x3e),wall of tile 025C08 (room 0x0a),36.902,no,"the line between them leaves the walkable area (a wall's thickness, or another floor)",
wall of tile 001D4A (room 0x3e),wall of tile 025908 (room 0x0a),18.308,no,"the line between them leaves the walkable area (a wall's thickness, or another floor)",
wall of tile 001D4A (room 0x3e),wall of tile 025C08 (room 0x0a),36.902,no,"the line between them leaves the walkable area (a wall's thickness, or another floor)",
wall of tile 001D4A (room 0x3e),wall of tile 0DEB08 (room 0x19),18.308,no,"the line between them leaves the walkable area (a wall's thickness, or another floor)",
wall of tile 001D4A (room 0x3e),wall of tile 014208 (room 0x19),49.297,no,"the line between them leaves the walkable area (a wall's thickness, or another floor)",
wall of tile 001E49 (room 0x3e),wall of tile 00014A (room 0x3e),18.308,no,"the line between them leaves the walkable area (a wall's thickness, or another floor)",
wall of tile 001E49 (room 0x3e),wall of tile 000149 (room 0x3e),18.308,no,"the line between them leaves the walkable area (a wall's thickness, or another floor)",
wall of tile 001E49 (room 0x3e),wall of tile 0D510A (room 0x0a),18.308,no,"the line between them leaves the walkable area (a wall's thickness, or another floor)",
wall of tile 001E49 (room 0x3e),wall of tile 002349 (room 0x3e),18.308,no,the line between them touches another wall,wall of tile 001E49 (room 0x3e)
wall of tile 001E49 (room 0x3e),wall of tile 00014A (room 0x3e),18.308,no,"the line between them leaves the walkable area (a wall's thickness, or another floor)",
wall of tile 001E49 (room 0x3e),wall of tile 000149 (room 0x3e),18.308,no,"the line between them leaves the walkable area (a wall's thickness, or another floor)",
wall of tile 001E49 (room 0x3e),wall of tile 0D510A (room 0x0a),18.308,no,"the line between them leaves the walkable area (a wall's thickness, or another floor)",
wall of tile 002349 (room 0x3e),wall of tile 000149 (room 0x3e),18.308,no,the line between them touches another wall,wall of tile 00014A (room 0x3e)
wall of tile 002349 (room 0x3e),wall of tile 0D510A (room 0x0a),36.617,no,"the line between them leaves the walkable area (a wall's thickness, or another floor)",
wall of tile 00014A (room 0x3e),wall of tile 0D510A (room 0x0a),18.308,no,"the line between them leaves the walkable area (a wall's thickness, or another floor)",
wall of tile 000149 (room 0x3e),wall of tile 0D5509 (room 0x0a),18.308,no,"the line between them leaves the walkable area (a wall's thickness, or another floor)",
wall of tile 000149 (room 0x3e),wall of tile 0D510A (room 0x0a),18.308,no,"the line between them leaves the walkable area (a wall's thickness, or another floor)",
wall of tile 000249 (room 0x3e),wall of tile 00074A (room 0x3e),18.308,no,"the line between them leaves the walkable area (a wall's thickness, or another floor)",
wall of tile 000249 (room 0x3e),wall of tile 000749 (room 0x3e),18.308,no,"the line between them leaves the walkable area (a wall's thickness, or another floor)",
wall of tile 000249 (room 0x3e),wall of tile 0D5509 (room 0x0a),18.308,no,"the line between them leaves the walkable area (a wall's thickness, or another floor)",
wall of tile 000249 (room 0x3e),wall of tile 00064A (room 0x3e),18.308,no,the line between them touches another wall,wall of tile 000249 (room 0x3e)
wall of tile 000249 (room 0x3e),wall of tile 00074A (room 0x3e),18.308,no,"the line between them leaves the walkable area (a wall's thickness, or another floor)",
wall of tile 000249 (room 0x3e),wall of tile 000749 (room 0x3e),18.308,no,"the line between them leaves the walkable area (a wall's thickness, or another floor)",
wall of tile 000249 (room 0x3e),wall of tile 0D5509 (room 0x0a),18.308,no,"the line between them leaves the walkable area (a wall's thickness, or another floor)",
wall of tile 00064A (room 0x3e),wall of tile 000749 (room 0x3e),18.308,no,the line between them touches another wall,wall of tile 00074A (room 0x3e)
wall of tile 00064A (room 0x3e),wall of tile 0D5509 (room 0x0a),36.617,no,"the line between them leaves the walkable area (a wall's thickness, or another floor)",
wall of tile 00074A (room 0x3e),wall of tile 0D5509 (room 0x0a),18.308,no,"the line between them leaves the walkable area (a wall's thickness, or another floor)",
wall of tile 000749 (room 0x3e),wall of tile 000849 (room 0x3e),13.731,no,the line between them touches another wall,wall of tile 00084A (room 0x3e)
wall of tile 000749 (room 0x3e),wall of tile 016B08 (room 0x1c),39.374,no,"the line between them leaves the walkable area (a wall's thickness, or another floor)",
wall of tile 000749 (room 0x3e),wall of tile 016D08 (room 0x1c),48.655,no,"the line between them leaves the walkable area (a wall's thickness, or another floor)",
wall of tile 000749 (room 0x3e),wall of tile 025509 (room 0x0a),40.939,no,"the line between them leaves the walkable area (a wall's thickness, or another floor)",
wall of tile 000749 (room 0x3e),wall of tile 02550A (room 0x0a),18.308,no,"the line between them leaves the walkable area (a wall's thickness, or another floor)",
wall of tile 000749 (room 0x3e),wall of tile 00084A (room 0x3e),18.308,no,the line between them touches another wall,wall of tile 000749 (room 0x3e)
wall of tile 000749 (room 0x3e),wall of tile 000849 (room 0x3e),22.886,no,"the line between them leaves the walkable area (a wall's thickness, or another floor)",
wall of tile 000749 (room 0x3e),wall of tile 016B08 (room 0x1c),39.374,no,"the line between them leaves the walkable area (a wall's thickness, or another floor)",
wall of tile 000749 (room 0x3e),wall of tile 016D08 (room 0x1c),48.655,no,"the line between them leaves the walkable area (a wall's thickness, or another floor)",
wall of tile 000749 (room 0x3e),wall of tile 025509 (room 0x0a),40.939,no,"the line between them leaves the walkable area (a wall's thickness, or another floor)",
wall of tile 000749 (room 0x3e),wall of tile 02550A (room 0x0a),18.308,no,"the line between them leaves the walkable area (a wall's thickness, or another floor)",
wall of tile 000749 (room 0x3e),wall of tile 0D5509 (room 0x0a),18.308,no,"the line between them leaves the walkable area (a wall's thickness, or another floor)",
wall of tile 00084A (room 0x3e),wall of tile 016B08 (room 0x1c),51.174,no,"the line between them leaves the walkable area (a wall's thickness, or another floor)",
wall of tile 00084A (room 0x3e),wall of tile 016D08 (room 0x1c),55.305,no,"the line between them leaves the walkable area (a wall's thickness, or another floor)",
wall of tile 00084A (room 0x3e),wall of tile 025509 (room 0x0a),43.180,no,"the line between them leaves the walkable area (a wall's thickness, or another floor)",
wall of tile 00084A (room 0x3e),wall of tile 02550A (room 0x0a),36.617,no,"the line between them leaves the walkable area (a wall's thickness, or another floor)",
wall of tile 000849 (room 0x3e),wall of tile 016B08 (room 0x1c),51.174,no,"the line between them leaves the walkable area (a wall's thickness, or another floor)",
wall of tile 000849 (room 0x3e),wall of tile 016D08 (room 0x1c),55.305,no,"the line between them leaves the walkable area (a wall's thickness, or another floor)",
wall of tile 000849 (room 0x3e),wall of tile 025509 (room 0x0a),43.180,no,"the line between them leaves the walkable area (a wall's thickness, or another floor)",
wall of tile 000849 (room 0x3e),wall of tile 02550A (room 0x0a),36.617,no,"the line between them leaves the walkable area (a wall's thickness, or another floor)",
wall of tile 000849 (room 0x3e),door 0x1ede30 (preset 0x0020),0.000,no,the line between them touches another wall,door 0x1ede30 (preset 0x0020)
wall of tile 000849 (room 0x3e),door 0x1ede30 (preset 0x0020),9.154,no,"the line between them leaves the walkable area (a wall's thickness, or another floor)",
wall of tile 016B08 (room 0x1c),wall of tile 02550A (room 0x0a),13.731,no,the far wall faces the other way (it belongs to floor which isn't linked here),
wall of tile 016D08 (room 0x1c),wall of tile 025509 (room 0x0a),0.967,no,the far wall faces the other way (it belongs to floor which isn't linked here),
wall of tile 016D08 (room 0x1c),wall of tile 02550A (room 0x0a),13.731,no,the far wall faces the other way (it belongs to floor which isn't linked here),
wall of tile 0E2E0A (room 0x1b),wall of tile 02AE09 (room 0x0a),41.194,no,"the line between them leaves the walkable area (a wall's thickness, or another floor)",
wall of tile 0E2E0A (room 0x1b),wall of tile 0D4F09 (room 0x0a),27.463,no,the line between them touches another wall,wall of tile 0D470A (room 0x1b)
wall of tile 02550A (room 0x0a),wall of tile 02550A (room 0x0a),50.348,yes,,
wall of tile 02550A (room 0x0a),wall of tile 0D5509 (room 0x0a),50.348,yes,,
wall of tile 02550A (room 0x0a),wall of tile 0D550A (room 0x0a),50.348,yes,,
wall of tile 0D5509 (room 0x0a),wall of tile 0D550A (room 0x0a),50.348,yes,,
wall of tile 0D5509 (room 0x0a),wall of tile 0D530A (room 0x0a),50.348,yes,,
wall of tile 025D08 (room 0x0a),wall of tile 017202 (room 0x08),13.731,no,the line between them touches another wall,wall of tile 0D3E09 (room 0x0a)
wall of tile 025D08 (room 0x0a),door 0x1eea30 (preset 0x0029),4.577,no,"the line between them leaves the walkable area (a wall's thickness, or another floor)",
wall of tile 025D08 (room 0x0a),door 0x1eea30 (preset 0x0029),4.888,no,the line between them touches another wall,door 0x1eea30 (preset 0x0029)
wall of tile 0D3E09 (room 0x0a),door 0x1eea30 (preset 0x0029),4.888,no,the line between them touches another wall,door 0x1eea30 (preset 0x0029)
wall of tile 0D3E09 (room 0x0a),door 0x1eea30 (preset 0x0029),0.010,no,the line between them touches another wall,door 0x1eea30 (preset 0x0029)
wall of tile 024908 (room 0x0a),wall of tile 017201 (room 0x08),13.731,no,"the line between them leaves the walkable area (a wall's thickness, or another floor)",
wall of tile 024908 (room 0x0a),wall of tile 017700 (room 0x08),13.731,no,"the line between them leaves the walkable area (a wall's thickness, or another floor)",
wall of tile 024908 (room 0x0a),door 0x1eeb30 (preset 0x002a),4.577,no,"the line between them leaves the walkable area (a wall's thickness, or another floor)",
wall of tile 024908 (room 0x0a),door 0x1eeb30 (preset 0x002a),4.883,no,the line between them touches another wall,door 0x1eeb30 (preset 0x002a)
wall of tile 0D3E0A (room 0x0a),door 0x1eeb30 (preset 0x002a),0.010,no,the line between them touches another wall,door 0x1eeb30 (preset 0x002a)
wall of tile 0D3E0A (room 0x0a),door 0x1eeb30 (preset 0x002a),4.883,no,the line between them touches another wall,door 0x1eeb30 (preset 0x002a)
wall of tile 017201 (room 0x08),door 0x1eeb30 (preset 0x002a),9.154,no,"another wall pokes into the space between them, so a tighter pair covers this gap",wall of tile 0D3E0A (room 0x0a)
wall of tile 017201 (room 0x08),door 0x1eeb30 (preset 0x002a),9.154,no,"the line between them leaves the walkable area (a wall's thickness, or another floor)",
wall of tile 017201 (room 0x08),door 0x1eeb30 (preset 0x002a),18.614,no,the line between them touches another wall,door 0x1eeb30 (preset 0x002a)
wall of tile 017202 (room 0x08),door 0x1eea30 (preset 0x0029),9.154,no,"another wall pokes into the space between them, so a tighter pair covers this gap",wall of tile 0D3E09 (room 0x0a)
wall of tile 017202 (room 0x08),door 0x1eea30 (preset 0x0029),18.619,no,the line between them touches another wall,door 0x1eea30 (preset 0x0029)
wall of tile 017202 (room 0x08),door 0x1eea30 (preset 0x0029),9.154,no,"the line between them leaves the walkable area (a wall's thickness, or another floor)",
wall of tile 017902 (room 0x06),wall of tile 027A02 (room 0x06),27.463,no,"the line between them leaves the walkable area (a wall's thickness, or another floor)",
wall of tile 017902 (room 0x06),wall of tile 027101 (room 0x06),13.731,no,"the line between them leaves the walkable area (a wall's thickness, or another floor)",
wall of tile 017902 (room 0x06),wall of tile 027102 (room 0x06),13.731,no,"the line between them leaves the walkable area (a wall's thickness, or another floor)",
wall of tile 017902 (room 0x06),wall of tile 027102 (room 0x06),13.731,no,"the line between them leaves the walkable area (a wall's thickness, or another floor)",
wall of tile 027A02 (room 0x06),wall of tile 027102 (room 0x06),13.731,no,the line between them touches another wall,wall of tile 027102 (room 0x06)
wall of tile 017C02 (room 0x06),wall of tile 06A101 (room 0x06),41.194,no,the line between them touches another wall,wall of tile 06A102 (room 0x06)
wall of tile 06A101 (room 0x06),wall of tile 069D01 (room 0x06),50.348,no,"the line between them leaves the walkable area (a wall's thickness, or another floor)",
wall of tile 06A102 (room 0x06),wall of tile 069D01 (room 0x06),50.348,no,"the line between them leaves the walkable area (a wall's thickness, or another floor)",
wall of tile 069B01 (room 0x06),wall of tile 000A39 (room 0x36),18.308,no,"the line between them leaves the walkable area (a wall's thickness, or another floor)",
wall of tile 069B01 (room 0x06),wall of tile 000A39 (room 0x36),18.308,no,"the line between them leaves the walkable area (a wall's thickness, or another floor)",
wall of tile 069B01 (room 0x06),wall of tile 001D39 (room 0x36),18.308,no,"the line between them leaves the walkable area (a wall's thickness, or another floor)",
wall of tile 069B01 (room 0x06),wall of tile 00253A (room 0x36),18.308,no,"the line between them leaves the walkable area (a wall's thickness, or another floor)",
wall of tile 069B01 (room 0x06),wall of tile 002A3A (room 0x36),36.617,no,"the line between them leaves the walkable area (a wall's thickness, or another floor)",
wall of tile 069B01 (room 0x06),wall of tile 002539 (room 0x36),18.308,no,"the line between them leaves the walkable area (a wall's thickness, or another floor)",
wall of tile 069B01 (room 0x06),wall of tile 00293A (room 0x36),18.308,no,"the line between them leaves the walkable area (a wall's thickness, or another floor)",
wall of tile 069B01 (room 0x06),wall of tile 001D3A (room 0x36),18.308,no,"the line between them leaves the walkable area (a wall's thickness, or another floor)",
wall of tile 061E01 (room 0x06),wall of tile 001039 (room 0x36),18.308,no,"the line between them leaves the walkable area (a wall's thickness, or another floor)",
wall of tile 061E01 (room 0x06),wall of tile 001039 (room 0x36),18.308,no,"the line between them leaves the walkable area (a wall's thickness, or another floor)",
wall of tile 061E01 (room 0x06),wall of tile 000F39 (room 0x36),36.617,no,"the line between them leaves the walkable area (a wall's thickness, or another floor)",
wall of tile 061E01 (room 0x06),wall of tile 000B3A (room 0x36),18.308,no,"the line between them leaves the walkable area (a wall's thickness, or another floor)",
wall of tile 061E01 (room 0x06),wall of tile 000B39 (room 0x36),18.308,no,"the line between them leaves the walkable area (a wall's thickness, or another floor)",
wall of tile 061E01 (room 0x06),wall of tile 000A39 (room 0x36),18.308,no,"the line between them leaves the walkable area (a wall's thickness, or another floor)",
wall of tile 06AD02 (room 0x06),wall of tile 068C00 (room 0x08),13.731,no,"the line between them leaves the walkable area (a wall's thickness, or another floor)",
wall of tile 06AD02 (room 0x06),wall of tile 028400 (room 0x08),13.731,no,"the line between them leaves the walkable area (a wall's thickness, or another floor)",
wall of tile 06AD02 (room 0x06),wall of tile 001139 (room 0x36),36.617,no,"the line between them leaves the walkable area (a wall's thickness, or another floor)",
wall of tile 06AD02 (room 0x06),wall of tile 001139 (room 0x36),37.744,no,"the line between them leaves the walkable area (a wall's thickness, or another floor)",
wall of tile 06AD02 (room 0x06),wall of tile 00103A (room 0x36),18.308,no,"the line between them leaves the walkable area (a wall's thickness, or another floor)",
wall of tile 06AD02 (room 0x06),wall of tile 001039 (room 0x36),18.308,no,"the line between them leaves the walkable area (a wall's thickness, or another floor)",
wall of tile 06AC01 (room 0x06),wall of tile 068C00 (room 0x08),13.731,no,"the line between them leaves the walkable area (a wall's thickness, or another floor)",
wall of tile 06AC01 (room 0x06),wall of tile 028400 (room 0x08),13.731,no,"the line between them leaves the walkable area (a wall's thickness, or another floor)",
wall of tile 06AC01 (room 0x06),wall of tile 001139 (room 0x36),36.617,no,"the line between them leaves the walkable area (a wall's thickness, or another floor)",
wall of tile 06AC01 (room 0x06),wall of tile 001139 (room 0x36),37.744,no,"the line between them leaves the walkable area (a wall's thickness, or another floor)",
wall of tile 06AC01 (room 0x06),wall of tile 00103A (room 0x36),20.469,no,"the line between them leaves the walkable area (a wall's thickness, or another floor)",
wall of tile 06AC01 (room 0x06),wall of tile 001039 (room 0x36),20.469,no,"the line between them leaves the walkable area (a wall's thickness, or another floor)",
wall of tile 027101 (room 0x06),wall of tile 068C00 (room 0x08),13.731,no,"the line between them leaves the walkable area (a wall's thickness, or another floor)",
wall of tile 027102 (room 0x06),wall of tile 068C00 (room 0x08),13.731,no,"the line between them leaves the walkable area (a wall's thickness, or another floor)",
wall of tile 068C00 (room 0x08),wall of tile 001139 (room 0x36),36.902,no,"the line between them leaves the walkable area (a wall's thickness, or another floor)",
wall of tile 068C00 (room 0x08),wall of tile 001139 (room 0x36),36.902,no,"the line between them leaves the walkable area (a wall's thickness, or another floor)",
wall of tile 068C00 (room 0x08),wall of tile 00103A (room 0x36),29.308,no,"the line between them leaves the walkable area (a wall's thickness, or another floor)",
wall of tile 068C00 (room 0x08),wall of tile 001039 (room 0x36),29.308,no,"the line between them leaves the walkable area (a wall's thickness, or another floor)",
wall of tile 028400 (room 0x08),wall of tile 001139 (room 0x36),4.577,no,"the line between them leaves the walkable area (a wall's thickness, or another floor)",
wall of tile 028400 (room 0x08),wall of tile 00103A (room 0x36),22.886,no,"the line between them leaves the walkable area (a wall's thickness, or another floor)",
wall of tile 028400 (room 0x08),wall of tile 001039 (room 0x36),22.886,no,"the line between them leaves the walkable area (a wall's thickness, or another floor)",
wall of tile 028400 (room 0x08),door 0x1ed830 (preset 0x001a),4.577,no,"another wall pokes into the space between them, so a tighter pair covers this gap",wall of tile 001139 (room 0x36)
wall of tile 028400 (room 0x08),door 0x1ed830 (preset 0x001a),4.577,no,"another wall pokes into the space between them, so a tighter pair covers this gap",door 0x1ed830 (preset 0x001a)
wall of tile 028400 (room 0x08),door 0x1ed830 (preset 0x001a),0.001,yes,,
wall of tile 028800 (room 0x08),wall of tile 000739 (room 0x36),22.886,no,"the line between them leaves the walkable area (a wall's thickness, or another floor)",
wall of tile 028800 (room 0x08),wall of tile 000739 (room 0x36),22.886,no,"the line between them leaves the walkable area (a wall's thickness, or another floor)",
wall of tile 028800 (room 0x08),wall of tile 00083A (room 0x36),4.577,no,"the line between them leaves the walkable area (a wall's thickness, or another floor)",
wall of tile 028800 (room 0x08),door 0x1ed830 (preset 0x001a),4.577,no,"the line between them leaves the walkable area (a wall's thickness, or another floor)",
wall of tile 028800 (room 0x08),door 0x1ed830 (preset 0x001a),4.577,no,the line between them touches another wall,door 0x1ed830 (preset 0x001a)
wall of tile 001139 (room 0x36),wall of tile 001039 (room 0x36),18.308,no,the line between them touches another wall,wall of tile 00103A (room 0x36)
wall of tile 001139 (room 0x36),wall of tile 00103A (room 0x36),18.308,no,the line between them touches another wall,wall of tile 001139 (room 0x36)
wall of tile 001139 (room 0x36),wall of tile 001039 (room 0x36),25.892,no,"the line between them leaves the walkable area (a wall's thickness, or another floor)",
wall of tile 001139 (room 0x36),door 0x1ed830 (preset 0x001a),4.577,no,"another wall pokes into the space between them, so a tighter pair covers this gap",door 0x1ed830 (preset 0x001a)
wall of tile 001139 (room 0x36),door 0x1ed830 (preset 0x001a),4.577,no,"another wall pokes into the space between them, so a tighter pair covers this gap",door 0x1ed830 (preset 0x001a)
wall of tile 001139 (room 0x36),door 0x1ed830 (preset 0x001a),0.001,yes,,
wall of tile 001039 (room 0x36),wall of tile 000B3A (room 0x36),18.308,no,"the line between them leaves the walkable area (a wall's thickness, or another floor)",
wall of tile 001039 (room 0x36),wall of tile 000B39 (room 0x36),18.308,no,"the line between them leaves the walkable area (a wall's thickness, or another floor)",
wall of tile 001039 (room 0x36),wall of tile 000F39 (room 0x36),18.308,no,the line between them touches another wall,wall of tile 001039 (room 0x36)
wall of tile 001039 (room 0x36),wall of tile 000B3A (room 0x36),18.308,no,"the line between them leaves the walkable area (a wall's thickness, or another floor)",
wall of tile 001039 (room 0x36),wall of tile 000B39 (room 0x36),18.308,no,"the line between them leaves the walkable area (a wall's thickness, or another floor)",
wall of tile 000F39 (room 0x36),wall of tile 000B39 (room 0x36),18.308,no,the line between them touches another wall,wall of tile 000B3A (room 0x36)
wall of tile 000A39 (room 0x36),wall of tile 00253A (room 0x36),13.731,no,"the line between them leaves the walkable area (a wall's thickness, or another floor)",
wall of tile 000A39 (room 0x36),wall of tile 002539 (room 0x36),13.731,no,"the line between them leaves the walkable area (a wall's thickness, or another floor)",
wall of tile 000A39 (room 0x36),wall of tile 00253A (room 0x36),13.731,no,"the line between them leaves the walkable area (a wall's thickness, or another floor)",
wall of tile 000A39 (room 0x36),wall of tile 002A3A (room 0x36),18.308,no,the line between them touches another wall,wall of tile 000A39 (room 0x36)
wall of tile 000A39 (room 0x36),wall of tile 002539 (room 0x36),13.731,no,"the line between them leaves the walkable area (a wall's thickness, or another floor)",
wall of tile 002A3A (room 0x36),wall of tile 002539 (room 0x36),18.308,no,the line between them touches another wall,wall of tile 00253A (room 0x36)
wall of tile 001E39 (room 0x36),wall of tile 00013A (room 0x36),13.731,no,"the line between them leaves the walkable area (a wall's thickness, or another floor)",
wall of tile 001E39 (room 0x36),wall of tile 000139 (room 0x36),13.731,no,"the line between them leaves the walkable area (a wall's thickness, or another floor)",
wall of tile 001E39 (room 0x36),wall of tile 002339 (room 0x36),18.308,no,the line between them touches another wall,wall of tile 001E39 (room 0x36)
wall of tile 001E39 (room 0x36),wall of tile 00013A (room 0x36),13.731,no,"the line between them leaves the walkable area (a wall's thickness, or another floor)",
wall of tile 001E39 (room 0x36),wall of tile 000139 (room 0x36),13.731,no,"the line between them leaves the walkable area (a wall's thickness, or another floor)",
wall of tile 002339 (room 0x36),wall of tile 000139 (room 0x36),18.308,no,the line between them touches another wall,wall of tile 00013A (room 0x36)
wall of tile 000239 (room 0x36),wall of tile 00073A (room 0x36),18.308,no,"the line between them leaves the walkable area (a wall's thickness, or another floor)",
wall of tile 000239 (room 0x36),wall of tile 000739 (room 0x36),18.308,no,"the line between them leaves the walkable area (a wall's thickness, or another floor)",
wall of tile 000239 (room 0x36),wall of tile 00063A (room 0x36),18.308,no,the line between them touches another wall,wall of tile 000239 (room 0x36)
wall of tile 000239 (room 0x36),wall of tile 00073A (room 0x36),18.308,no,"the line between them leaves the walkable area (a wall's thickness, or another floor)",
wall of tile 000239 (room 0x36),wall of tile 000739 (room 0x36),18.308,no,"the line between them leaves the walkable area (a wall's thickness, or another floor)",
wall of tile 00063A (room 0x36),wall of tile 000739 (room 0x36),18.308,no,the line between them touches another wall,wall of tile 00073A (room 0x36)
wall of tile 000739 (room 0x36),wall of tile 000839 (room 0x36),18.308,no,the line between them touches another wall,wall of tile 00083A (room 0x36)
wall of tile 000739 (room 0x36),wall of tile 066B01 (room 0x05),29.308,no,"the line between them leaves the walkable area (a wall's thickness, or another floor)",
wall of tile 000739 (room 0x36),wall of tile 00083A (room 0x36),18.308,no,the line between them touches another wall,wall of tile 000739 (room 0x36)
wall of tile 000739 (room 0x36),wall of tile 000839 (room 0x36),25.892,no,"the line between them leaves the walkable area (a wall's thickness, or another floor)",
wall of tile 000739 (room 0x36),wall of tile 066B01 (room 0x05),29.308,no,"the line between them leaves the walkable area (a wall's thickness, or another floor)",
wall of tile 00083A (room 0x36),wall of tile 066B01 (room 0x05),36.902,no,"the line between them leaves the walkable area (a wall's thickness, or another floor)",
wall of tile 000839 (room 0x36),wall of tile 066B01 (room 0x05),36.902,no,"the line between them leaves the walkable area (a wall's thickness, or another floor)",
wall of tile 000839 (room 0x36),door 0x1ed830 (preset 0x001a),4.577,no,"another wall pokes into the space between them, so a tighter pair covers this gap",door 0x1ed830 (preset 0x001a)
wall of tile 000839 (room 0x36),door 0x1ed830 (preset 0x001a),4.577,no,the line between them touches another wall,door 0x1ed830 (preset 0x001a)
wall of tile 066B02 (room 0x05),wall of tile 066B01 (room 0x05),20.469,no,the line between them touches another wall,wall of tile 066B01 (room 0x05)
wall of tile 066501 (room 0x05),wall of tile 066102 (room 0x05),25.892,no,the line between them touches another wall,wall of tile 066600 (room 0x05)
wall of tile 065D02 (room 0x05),wall of tile 000A29 (room 0x2e),22.886,no,"the line between them leaves the walkable area (a wall's thickness, or another floor)",
wall of tile 065D02 (room 0x05),wall of tile 000A29 (room 0x2e),22.886,no,"the line between them leaves the walkable area (a wall's thickness, or another floor)",
wall of tile 065D02 (room 0x05),wall of tile 003429 (room 0x2e),54.925,no,"the line between them leaves the walkable area (a wall's thickness, or another floor)",
wall of tile 065D02 (room 0x05),wall of tile 003429 (room 0x2e),54.925,no,"the line between them leaves the walkable area (a wall's thickness, or another floor)",
wall of tile 065D02 (room 0x05),wall of tile 00632A (room 0x2e),54.925,no,"the line between them leaves the walkable area (a wall's thickness, or another floor)",
wall of tile 065D02 (room 0x05),wall of tile 00652A (room 0x2e),54.925,no,"the line between them leaves the walkable area (a wall's thickness, or another floor)",
wall of tile 065D02 (room 0x05),wall of tile 00672A (room 0x2e),54.925,no,"the line between them leaves the walkable area (a wall's thickness, or another floor)",
wall of tile 065D02 (room 0x05),wall of tile 00692A (room 0x2e),54.925,no,"the line between them leaves the walkable area (a wall's thickness, or another floor)",
wall of tile 065D02 (room 0x05),wall of tile 006B2A (room 0x2e),54.925,no,"the line between them leaves the walkable area (a wall's thickness, or another floor)",
wall of tile 065D02 (room 0x05),wall of tile 006D2A (room 0x2e),54.925,no,"the line between them leaves the walkable area (a wall's thickness, or another floor)",
wall of tile 065D02 (room 0x05),wall of tile 006F2A (room 0x2e),54.925,no,"the line between them leaves the walkable area (a wall's thickness, or another floor)",
wall of tile 065D02 (room 0x05),wall of tile 00712A (room 0x2e),54.925,no,"the line between them leaves the walkable area (a wall's thickness, or another floor)",
wall of tile 065D02 (room 0x05),wall of tile 00732A (room 0x2e),54.925,no,"the line between them leaves the walkable area (a wall's thickness, or another floor)",
wall of tile 065D02 (room 0x05),wall of tile 00752A (room 0x2e),54.925,no,"the line between them leaves the walkable area (a wall's thickness, or another floor)",
wall of tile 065D02 (room 0x05),wall of tile 00772A (room 0x2e),54.925,no,"the line between them leaves the walkable area (a wall's thickness, or another floor)",
wall of tile 065D02 (room 0x05),wall of tile 00792A (room 0x2e),54.925,no,"the line between them leaves the walkable area (a wall's thickness, or another floor)",
wall of tile 065D02 (room 0x05),wall of tile 00872A (room 0x2e),54.925,no,"the line between them leaves the walkable area (a wall's thickness, or another floor)",
wall of tile 065D02 (room 0x05),wall of tile 00852A (room 0x2e),54.925,no,"the line between them leaves the walkable area (a wall's thickness, or another floor)",
wall of tile 065D02 (room 0x05),wall of tile 00832A (room 0x2e),54.925,no,"the line between them leaves the walkable area (a wall's thickness, or another floor)",
wall of tile 065D02 (room 0x05),wall of tile 00812A (room 0x2e),54.925,no,"the line between them leaves the walkable area (a wall's thickness, or another floor)",
wall of tile 065D02 (room 0x05),wall of tile 007F2A (room 0x2e),54.925,no,"the line between them leaves the walkable area (a wall's thickness, or another floor)",
wall of tile 065D02 (room 0x05),wall of tile 007D2A (room 0x2e),54.925,no,"the line between them leaves the walkable area (a wall's thickness, or another floor)",
wall of tile 065D02 (room 0x05),wall of tile 007B2A (room 0x2e),54.925,no,"the line between them leaves the walkable area (a wall's thickness, or another floor)",
wall of tile 065D02 (room 0x05),wall of tile 00252A (room 0x2e),18.308,no,"the line between them leaves the walkable area (a wall's thickness, or another floor)",
wall of tile 065D02 (room 0x05),wall of tile 002A2A (room 0x2e),36.617,no,"the line between them leaves the walkable area (a wall's thickness, or another floor)",
wall of tile 065D02 (room 0x05),wall of tile 002529 (room 0x2e),18.308,no,"the line between them leaves the walkable area (a wall's thickness, or another floor)",
wall of tile 065D02 (room 0x05),wall of tile 002529 (room 0x2e),18.308,no,"the line between them leaves the walkable area (a wall's thickness, or another floor)",
wall of tile 065C01 (room 0x05),wall of tile 001129 (room 0x2e),36.617,no,"the line between them leaves the walkable area (a wall's thickness, or another floor)",
wall of tile 065C01 (room 0x05),wall of tile 001129 (room 0x2e),36.617,no,"the line between them leaves the walkable area (a wall's thickness, or another floor)",
wall of tile 065C01 (room 0x05),wall of tile 00102A (room 0x2e),18.308,no,"the line between them leaves the walkable area (a wall's thickness, or another floor)",
wall of tile 065C01 (room 0x05),wall of tile 001029 (room 0x2e),18.308,no,"the line between them leaves the walkable area (a wall's thickness, or another floor)",
wall of tile 065C01 (room 0x05),wall of tile 001029 (room 0x2e),18.308,no,"the line between them leaves the walkable area (a wall's thickness, or another floor)",
wall of tile 065C01 (room 0x05),wall of tile 000F29 (room 0x2e),36.617,no,"the line between them leaves the walkable area (a wall's thickness, or another floor)",
wall of tile 065C01 (room 0x05),wall of tile 000B2A (room 0x2e),18.308,no,"the line between them leaves the walkable area (a wall's thickness, or another floor)",
wall of tile 065C01 (room 0x05),wall of tile 000B29 (room 0x2e),18.308,no,"the line between them leaves the walkable area (a wall's thickness, or another floor)",
wall of tile 065C01 (room 0x05),wall of tile 000A29 (room 0x2e),18.308,no,"the line between them leaves the walkable area (a wall's thickness, or another floor)",
wall of tile 065C01 (room 0x05),wall of tile 000A29 (room 0x2e),18.308,no,"the line between them leaves the walkable area (a wall's thickness, or another floor)",
wall of tile 065C01 (room 0x05),wall of tile 00252A (room 0x2e),18.308,no,"the line between them leaves the walkable area (a wall's thickness, or another floor)",
wall of tile 065C01 (room 0x05),wall of tile 002A2A (room 0x2e),36.617,no,"the line between them leaves the walkable area (a wall's thickness, or another floor)",
wall of tile 065C01 (room 0x05),wall of tile 002529 (room 0x2e),18.308,no,"the line between them leaves the walkable area (a wall's thickness, or another floor)",
wall of tile 065C01 (room 0x05),generic 0x1e9f0c (preset 0x2711),59.501,no,"the line between them leaves the walkable area (a wall's thickness, or another floor)",
wall of tile 065C01 (room 0x05),generic 0x1e9f0c (preset 0x2711),59.502,no,"the line between them leaves the walkable area (a wall's thickness, or another floor)",
wall of tile 065C01 (room 0x05),generic 0x1e9f0c (preset 0x2711),59.501,no,"the line between them leaves the walkable area (a wall's thickness, or another floor)",
wall of tile 065C01 (room 0x05),generic 0x1e9f0c (preset 0x2711),59.501,no,"the line between them leaves the walkable area (a wall's thickness, or another floor)",
wall of tile 048200 (room 0x09),wall of tile 067702 (room 0x09),13.731,no,the line between them touches another wall,wall of tile 02EE02 (room 0x09)
wall of tile 048200 (room 0x09),wall of tile 001129 (room 0x2e),5.502,no,"the line between them leaves the walkable area (a wall's thickness, or another floor)",
wall of tile 048200 (room 0x09),wall of tile 001129 (room 0x2e),5.502,no,"the line between them leaves the walkable area (a wall's thickness, or another floor)",
wall of tile 048200 (room 0x09),wall of tile 00102A (room 0x2e),23.342,no,"the line between them leaves the walkable area (a wall's thickness, or another floor)",
wall of tile 048200 (room 0x09),wall of tile 001029 (room 0x2e),23.342,no,"the line between them leaves the walkable area (a wall's thickness, or another floor)",
wall of tile 048200 (room 0x09),door 0x1ed730 (preset 0x0019),14.474,no,"the line between them leaves the walkable area (a wall's thickness, or another floor)",
wall of tile 048200 (room 0x09),door 0x1ed730 (preset 0x0019),19.419,no,"the line between them leaves the walkable area (a wall's thickness, or another floor)",
wall of tile 048200 (room 0x09),door 0x1ed730 (preset 0x0019),14.474,no,"the line between them leaves the walkable area (a wall's thickness, or another floor)",
wall of tile 02EE02 (room 0x09),wall of tile 000829 (room 0x2e),13.731,no,"the line between them leaves the walkable area (a wall's thickness, or another floor)",
wall of tile 02EE02 (room 0x09),door 0x1ed730 (preset 0x0019),13.732,no,"the line between them leaves the walkable area (a wall's thickness, or another floor)",
wall of tile 02EE02 (room 0x09),door 0x1ed730 (preset 0x0019),4.578,no,"the line between them leaves the walkable area (a wall's thickness, or another floor)",
wall of tile 02EE02 (room 0x09),door 0x1ed730 (preset 0x0019),4.578,no,"the line between them leaves the walkable area (a wall's thickness, or another floor)",
wall of tile 02EE02 (room 0x09),wall of tile 001129 (room 0x2e),13.731,no,"the line between them leaves the walkable area (a wall's thickness, or another floor)",
wall of tile 02EE02 (room 0x09),door 0x1ed730 (preset 0x0019),4.578,no,"another wall pokes into the space between them, so a tighter pair covers this gap",wall of tile 067702 (room 0x09)
wall of tile 02EE02 (room 0x09),door 0x1ed730 (preset 0x0019),13.732,no,"another wall pokes into the space between them, so a tighter pair covers this gap",wall of tile 067702 (room 0x09)
wall of tile 02EE02 (room 0x09),door 0x1ed730 (preset 0x0019),4.578,no,"another wall pokes into the space between them, so a tighter pair covers this gap",wall of tile 067702 (room 0x09)
wall of tile 067701 (room 0x09),wall of tile 02F500 (room 0x09),13.731,no,the line between them touches another wall,wall of tile 02EE02 (room 0x09)
wall of tile 067701 (room 0x09),door 0x1ed730 (preset 0x0019),0.001,no,the line between them touches another wall,door 0x1ed730 (preset 0x0019)
wall of tile 067701 (room 0x09),door 0x1ed730 (preset 0x0019),0.000,no,"the line between them leaves the walkable area (a wall's thickness, or another floor)",
wall of tile 067702 (room 0x09),door 0x1ed730 (preset 0x0019),0.000,yes,,
wall of tile 067702 (room 0x09),door 0x1ed730 (preset 0x0019),0.001,no,"another wall pokes into the space between them, so a tighter pair covers this gap",door 0x1ed730 (preset 0x0019)
wall of tile 067702 (room 0x09),door 0x1ed730 (preset 0x0019),0.000,yes,,
wall of tile 001129 (room 0x2e),wall of tile 001029 (room 0x2e),18.308,no,the line between them touches another wall,wall of tile 00102A (room 0x2e)
wall of tile 001129 (room 0x2e),wall of tile 00102A (room 0x2e),18.308,no,the line between them touches another wall,wall of tile 001129 (room 0x2e)
wall of tile 001129 (room 0x2e),wall of tile 001029 (room 0x2e),25.892,no,"the line between them leaves the walkable area (a wall's thickness, or another floor)",
wall of tile 001129 (room 0x2e),door 0x1ed730 (preset 0x0019),0.000,yes,,
wall of tile 001129 (room 0x2e),door 0x1ed730 (preset 0x0019),0.001,no,"another wall pokes into the space between them, so a tighter pair covers this gap",door 0x1ed730 (preset 0x0019)
wall of tile 001129 (room 0x2e),door 0x1ed730 (preset 0x0019),9.154,no,"another wall pokes into the space between them, so a tighter pair covers this gap",wall of tile 067702 (room 0x09)
wall of tile 001029 (room 0x2e),wall of tile 000B2A (room 0x2e),18.308,no,"the line between them leaves the walkable area (a wall's thickness, or another floor)",
wall of tile 001029 (room 0x2e),wall of tile 000B29 (room 0x2e),18.308,no,"the line between them leaves the walkable area (a wall's thickness, or another floor)",
wall of tile 001029 (room 0x2e),wall of tile 000F29 (room 0x2e),18.308,no,the line between them touches another wall,wall of tile 001029 (room 0x2e)
wall of tile 001029 (room 0x2e),wall of tile 000B2A (room 0x2e),18.308,no,"the line between them leaves the walkable area (a wall's thickness, or another floor)",
wall of tile 001029 (room 0x2e),wall of tile 000B29 (room 0x2e),18.308,no,"the line between them leaves the walkable area (a wall's thickness, or another floor)",
wall of tile 000F29 (room 0x2e),wall of tile 000B29 (room 0x2e),18.308,no,the line between them touches another wall,wall of tile 000B2A (room 0x2e)
wall of tile 000B29 (room 0x2e),generic 0x1e9f0c (preset 0x2711),41.192,yes,,
wall of tile 000B29 (room 0x2e),generic 0x1e9f0c (preset 0x2711),41.192,yes,,
wall of tile 000B29 (room 0x2e),generic 0x1e9f0c (preset 0x2711),41.192,yes,,
wall of tile 000A29 (room 0x2e),wall of tile 007B2A (room 0x2e),53.574,no,"another wall pokes into the space between them, so a tighter pair covers this gap",wall of tile 00252A (room 0x2e)
wall of tile 000A29 (room 0x2e),wall of tile 00252A (room 0x2e),13.731,no,"the line between them leaves the walkable area (a wall's thickness, or another floor)",
wall of tile 000A29 (room 0x2e),wall of tile 002529 (room 0x2e),53.574,no,"another wall pokes into the space between them, so a tighter pair covers this gap",wall of tile 00252A (room 0x2e)
wall of tile 000A29 (room 0x2e),wall of tile 002529 (room 0x2e),13.731,no,"the line between them leaves the walkable area (a wall's thickness, or another floor)",
wall of tile 000A29 (room 0x2e),wall of tile 00252A (room 0x2e),13.731,no,"the line between them leaves the walkable area (a wall's thickness, or another floor)",
wall of tile 000A29 (room 0x2e),wall of tile 002A2A (room 0x2e),18.308,no,the line between them touches another wall,wall of tile 000A29 (room 0x2e)
wall of tile 000A29 (room 0x2e),wall of tile 002529 (room 0x2e),13.731,no,"the line between them leaves the walkable area (a wall's thickness, or another floor)",
wall of tile 000A29 (room 0x2e),generic 0x1e9f0c (preset 0x2711),41.193,no,"another wall pokes into the space between them, so a tighter pair covers this gap",wall of tile 000B29 (room 0x2e)
wall of tile 000A29 (room 0x2e),generic 0x1e9f0c (preset 0x2711),41.194,no,"another wall pokes into the space between them, so a tighter pair covers this gap",generic 0x1e9f0c (preset 0x2711)
wall of tile 002729 (room 0x2e),wall of tile 006529 (room 0x2e),18.308,no,the line between them touches another wall,wall of tile 00272A (room 0x2e)
wall of tile 002729 (room 0x2e),wall of tile 006729 (room 0x2e),36.617,no,the line between them touches another wall,wall of tile 00272A (room 0x2e)
wall of tile 002729 (room 0x2e),wall of tile 006929 (room 0x2e),50.348,no,the line between them touches another wall,wall of tile 00272A (room 0x2e)
wall of tile 002029 (room 0x2e),wall of tile 003F2A (room 0x2e),50.348,no,the line between them touches another wall,wall of tile 002029 (room 0x2e)
wall of tile 002029 (room 0x2e),wall of tile 003D2A (room 0x2e),36.617,no,the line between them touches another wall,wall of tile 002029 (room 0x2e)
wall of tile 002029 (room 0x2e),wall of tile 003B2A (room 0x2e),18.308,no,the line between them touches another wall,wall of tile 002029 (room 0x2e)
wall of tile 00012A (room 0x2e),wall of tile 005129 (room 0x2e),53.574,no,"another wall pokes into the space between them, so a tighter pair covers this gap",wall of tile 002329 (room 0x2e)
wall of tile 00012A (room 0x2e),wall of tile 001E2A (room 0x2e),53.574,no,"another wall pokes into the space between them, so a tighter pair covers this gap",wall of tile 002329 (room 0x2e)
wall of tile 00012A (room 0x2e),wall of tile 001E29 (room 0x2e),13.731,no,"the line between them leaves the walkable area (a wall's thickness, or another floor)",
wall of tile 00012A (room 0x2e),wall of tile 001E29 (room 0x2e),13.731,no,"the line between them leaves the walkable area (a wall's thickness, or another floor)",
wall of tile 00012A (room 0x2e),wall of tile 02E600 (room 0x07),13.731,no,"the line between them leaves the walkable area (a wall's thickness, or another floor)",
wall of tile 002329 (room 0x2e),wall of tile 005129 (room 0x2e),40.939,yes,,
wall of tile 002329 (room 0x2e),wall of tile 005329 (room 0x2e),53.574,no,"the line between them leaves the walkable area (a wall's thickness, or another floor)",
wall of tile 002329 (room 0x2e),wall of tile 001E2A (room 0x2e),40.939,yes,,
wall of tile 002329 (room 0x2e),wall of tile 001E29 (room 0x2e),22.886,no,the line between them touches another wall,wall of tile 001E29 (room 0x2e)
wall of tile 002329 (room 0x2e),wall of tile 000129 (room 0x2e),22.886,no,the line between them touches another wall,wall of tile 00012A (room 0x2e)
wall of tile 002329 (room 0x2e),wall of tile 02E600 (room 0x07),36.617,no,"the line between them leaves the walkable area (a wall's thickness, or another floor)",
wall of tile 00512A (room 0x2e),wall of tile 00552A (room 0x2e),18.308,no,the line between them touches another wall,wall of tile 00532A (room 0x2e)
wall of tile 00512A (room 0x2e),wall of tile 00572A (room 0x2e),36.617,no,the line between them touches another wall,wall of tile 00532A (room 0x2e)
wall of tile 00512A (room 0x2e),wall of tile 00592A (room 0x2e),50.348,no,the line between them touches another wall,wall of tile 00572A (room 0x2e)
wall of tile 005129 (room 0x2e),wall of tile 005529 (room 0x2e),18.308,no,the line between them touches another wall,wall of tile 005329 (room 0x2e)
wall of tile 005129 (room 0x2e),wall of tile 005729 (room 0x2e),36.617,no,the line between them touches another wall,wall of tile 005329 (room 0x2e)
wall of tile 005129 (room 0x2e),wall of tile 005929 (room 0x2e),50.348,no,the line between them touches another wall,wall of tile 005729 (room 0x2e)
wall of tile 005129 (room 0x2e),wall of tile 001E29 (room 0x2e),40.939,yes,,
wall of tile 005129 (room 0x2e),wall of tile 001E29 (room 0x2e),41.194,no,"the line between them leaves the walkable area (a wall's thickness, or another floor)",
wall of tile 005129 (room 0x2e),wall of tile 02E600 (room 0x07),54.925,no,"the line between them leaves the walkable area (a wall's thickness, or another floor)",
wall of tile 00532A (room 0x2e),wall of tile 00572A (room 0x2e),18.308,no,the line between them touches another wall,wall of tile 00552A (room 0x2e)
wall of tile 00532A (room 0x2e),wall of tile 00592A (room 0x2e),32.040,no,the line between them touches another wall,wall of tile 00552A (room 0x2e)
wall of tile 00532A (room 0x2e),wall of tile 005B2A (room 0x2e),50.348,no,the line between them touches another wall,wall of tile 00592A (room 0x2e)
wall of tile 005329 (room 0x2e),wall of tile 005729 (room 0x2e),18.308,no,the line between them touches another wall,wall of tile 005529 (room 0x2e)
wall of tile 005329 (room 0x2e),wall of tile 005929 (room 0x2e),32.040,no,the line between them touches another wall,wall of tile 005529 (room 0x2e)
wall of tile 005329 (room 0x2e),wall of tile 005B29 (room 0x2e),50.348,no,the line between them touches another wall,wall of tile 005929 (room 0x2e)
wall of tile 005329 (room 0x2e),wall of tile 001E2A (room 0x2e),7.425,no,"the line between them leaves the walkable area (a wall's thickness, or another floor)",
wall of tile 005329 (room 0x2e),wall of tile 001E29 (room 0x2e),53.574,no,"the line between them leaves the walkable area (a wall's thickness, or another floor)",
wall of tile 005329 (room 0x2e),wall of tile 001E29 (room 0x2e),41.194,no,"the line between them leaves the walkable area (a wall's thickness, or another floor)",
wall of tile 005329 (room 0x2e),wall of tile 02E600 (room 0x07),54.925,no,"the line between them leaves the walkable area (a wall's thickness, or another floor)",
wall of tile 00552A (room 0x2e),wall of tile 00592A (room 0x2e),13.731,no,the line between them touches another wall,wall of tile 00572A (room 0x2e)
wall of tile 00552A (room 0x2e),wall of tile 005B2A (room 0x2e),32.040,no,the line between them touches another wall,wall of tile 00572A (room 0x2e)
wall of tile 00552A (room 0x2e),wall of tile 005D2A (room 0x2e),50.348,no,the line between them touches another wall,wall of tile 005B2A (room 0x2e)
wall of tile 005529 (room 0x2e),wall of tile 005929 (room 0x2e),13.731,no,the line between them touches another wall,wall of tile 005729 (room 0x2e)
wall of tile 005529 (room 0x2e),wall of tile 005B29 (room 0x2e),32.040,no,the line between them touches another wall,wall of tile 005729 (room 0x2e)
wall of tile 005529 (room 0x2e),wall of tile 005D29 (room 0x2e),50.348,no,the line between them touches another wall,wall of tile 005B29 (room 0x2e)
wall of tile 005529 (room 0x2e),wall of tile 001E2A (room 0x2e),17.326,no,"the line between them leaves the walkable area (a wall's thickness, or another floor)",
wall of tile 005529 (room 0x2e),wall of tile 001E29 (room 0x2e),41.194,no,"the line between them leaves the walkable area (a wall's thickness, or another floor)",
wall of tile 005529 (room 0x2e),wall of tile 02E600 (room 0x07),54.925,no,"the line between them leaves the walkable area (a wall's thickness, or another floor)",
wall of tile 00572A (room 0x2e),wall of tile 005B2A (room 0x2e),18.308,no,the line between them touches another wall,wall of tile 00592A (room 0x2e)
wall of tile 00572A (room 0x2e),wall of tile 005D2A (room 0x2e),36.617,no,the line between them touches another wall,wall of tile 00592A (room 0x2e)
wall of tile 00572A (room 0x2e),wall of tile 004F2A (room 0x2e),50.348,no,the line between them touches another wall,wall of tile 005D2A (room 0x2e)
wall of tile 005729 (room 0x2e),wall of tile 005B29 (room 0x2e),18.308,no,the line between them touches another wall,wall of tile 005929 (room 0x2e)
wall of tile 005729 (room 0x2e),wall of tile 005D29 (room 0x2e),36.617,no,the line between them touches another wall,wall of tile 005929 (room 0x2e)
wall of tile 005729 (room 0x2e),wall of tile 004F29 (room 0x2e),50.348,no,the line between them touches another wall,wall of tile 005D29 (room 0x2e)
wall of tile 005729 (room 0x2e),wall of tile 001E2A (room 0x2e),27.226,no,"the line between them leaves the walkable area (a wall's thickness, or another floor)",
wall of tile 005729 (room 0x2e),wall of tile 001E29 (room 0x2e),41.194,no,"the line between them leaves the walkable area (a wall's thickness, or another floor)",
wall of tile 005729 (room 0x2e),wall of tile 02E600 (room 0x07),54.925,no,"the line between them leaves the walkable area (a wall's thickness, or another floor)",
wall of tile 00592A (room 0x2e),wall of tile 005D2A (room 0x2e),18.308,no,the line between them touches another wall,wall of tile 005B2A (room 0x2e)
wall of tile 00592A (room 0x2e),wall of tile 004F2A (room 0x2e),32.040,no,the line between them touches another wall,wall of tile 005B2A (room 0x2e)
wall of tile 00592A (room 0x2e),wall of tile 004D2A (room 0x2e),50.348,no,the line between them touches another wall,wall of tile 004F2A (room 0x2e)
wall of tile 005929 (room 0x2e),wall of tile 005D29 (room 0x2e),18.308,no,the line between them touches another wall,wall of tile 005B29 (room 0x2e)
wall of tile 005929 (room 0x2e),wall of tile 004F29 (room 0x2e),32.040,no,the line between them touches another wall,wall of tile 005B29 (room 0x2e)
wall of tile 005929 (room 0x2e),wall of tile 004D29 (room 0x2e),50.348,no,the line between them touches another wall,wall of tile 004F29 (room 0x2e)
wall of tile 005929 (room 0x2e),wall of tile 001E2A (room 0x2e),34.651,no,"the line between them leaves the walkable area (a wall's thickness, or another floor)",
wall of tile 005929 (room 0x2e),wall of tile 001E29 (room 0x2e),41.194,no,"the line between them leaves the walkable area (a wall's thickness, or another floor)",
wall of tile 005929 (room 0x2e),wall of tile 02E600 (room 0x07),54.925,no,"the line between them leaves the walkable area (a wall's thickness, or another floor)",
wall of tile 005B2A (room 0x2e),wall of tile 004F2A (room 0x2e),13.731,no,the line between them touches another wall,wall of tile 005D2A (room 0x2e)
wall of tile 005B2A (room 0x2e),wall of tile 004D2A (room 0x2e),32.040,no,the line between them touches another wall,wall of tile 005D2A (room 0x2e)
wall of tile 005B2A (room 0x2e),wall of tile 004B2A (room 0x2e),50.348,no,the line between them touches another wall,wall of tile 004D2A (room 0x2e)
wall of tile 005B29 (room 0x2e),wall of tile 004F29 (room 0x2e),13.731,no,the line between them touches another wall,wall of tile 005D29 (room 0x2e)
wall of tile 005B29 (room 0x2e),wall of tile 004D29 (room 0x2e),32.040,no,the line between them touches another wall,wall of tile 005D29 (room 0x2e)
wall of tile 005B29 (room 0x2e),wall of tile 004B29 (room 0x2e),50.348,no,the line between them touches another wall,wall of tile 005D29 (room 0x2e)
wall of tile 005B29 (room 0x2e),wall of tile 001E2A (room 0x2e),44.552,no,"the line between them leaves the walkable area (a wall's thickness, or another floor)",
wall of tile 005B29 (room 0x2e),wall of tile 001E29 (room 0x2e),45.079,no,"the line between them leaves the walkable area (a wall's thickness, or another floor)",
wall of tile 005B29 (room 0x2e),wall of tile 02E600 (room 0x07),54.925,no,"the line between them leaves the walkable area (a wall's thickness, or another floor)",
wall of tile 005D2A (room 0x2e),wall of tile 004D2A (room 0x2e),18.308,no,the line between them touches another wall,wall of tile 004F2A (room 0x2e)
wall of tile 005D2A (room 0x2e),wall of tile 004B2A (room 0x2e),36.617,no,the line between them touches another wall,wall of tile 004F2A (room 0x2e)
wall of tile 005D2A (room 0x2e),wall of tile 00492A (room 0x2e),50.348,no,the line between them touches another wall,wall of tile 004F2A (room 0x2e)
wall of tile 005D29 (room 0x2e),wall of tile 004D29 (room 0x2e),18.308,no,the line between them touches another wall,wall of tile 004F29 (room 0x2e)
wall of tile 005D29 (room 0x2e),wall of tile 004B29 (room 0x2e),36.617,no,the line between them touches another wall,wall of tile 004F29 (room 0x2e)
wall of tile 005D29 (room 0x2e),wall of tile 004929 (room 0x2e),50.348,no,the line between them touches another wall,wall of tile 004B29 (room 0x2e)
wall of tile 005D29 (room 0x2e),wall of tile 001E2A (room 0x2e),55.116,no,"the line between them leaves the walkable area (a wall's thickness, or another floor)",
wall of tile 005D29 (room 0x2e),wall of tile 001E29 (room 0x2e),55.116,no,"the line between them leaves the walkable area (a wall's thickness, or another floor)",
wall of tile 005D29 (room 0x2e),wall of tile 02E600 (room 0x07),54.925,no,"the line between them leaves the walkable area (a wall's thickness, or another floor)",
wall of tile 004F2A (room 0x2e),wall of tile 004B2A (room 0x2e),18.308,no,the line between them touches another wall,wall of tile 004D2A (room 0x2e)
wall of tile 004F2A (room 0x2e),wall of tile 00492A (room 0x2e),32.040,no,the line between them touches another wall,wall of tile 004D2A (room 0x2e)
wall of tile 004F2A (room 0x2e),wall of tile 00472A (room 0x2e),50.348,no,the line between them touches another wall,wall of tile 00492A (room 0x2e)
wall of tile 004F29 (room 0x2e),wall of tile 004B29 (room 0x2e),18.308,no,the line between them touches another wall,wall of tile 004D29 (room 0x2e)
wall of tile 004F29 (room 0x2e),wall of tile 004929 (room 0x2e),32.040,no,the line between them touches another wall,wall of tile 004D29 (room 0x2e)
wall of tile 004F29 (room 0x2e),wall of tile 004729 (room 0x2e),50.348,no,the line between them touches another wall,wall of tile 004D29 (room 0x2e)
wall of tile 004F29 (room 0x2e),wall of tile 02E600 (room 0x07),54.925,no,"the line between them leaves the walkable area (a wall's thickness, or another floor)",
wall of tile 004D2A (room 0x2e),wall of tile 00492A (room 0x2e),13.731,no,the line between them touches another wall,wall of tile 004B2A (room 0x2e)
wall of tile 004D2A (room 0x2e),wall of tile 00472A (room 0x2e),32.040,no,the line between them touches another wall,wall of tile 004B2A (room 0x2e)
wall of tile 004D2A (room 0x2e),wall of tile 00452A (room 0x2e),50.348,no,the line between them touches another wall,wall of tile 00472A (room 0x2e)
wall of tile 004D29 (room 0x2e),wall of tile 004929 (room 0x2e),13.731,no,the line between them touches another wall,wall of tile 004B29 (room 0x2e)
wall of tile 004D29 (room 0x2e),wall of tile 004729 (room 0x2e),32.040,no,the line between them touches another wall,wall of tile 004B29 (room 0x2e)
wall of tile 004D29 (room 0x2e),wall of tile 004529 (room 0x2e),50.348,no,the line between them touches another wall,wall of tile 004729 (room 0x2e)
wall of tile 004D29 (room 0x2e),wall of tile 02E600 (room 0x07),54.925,no,"the line between them leaves the walkable area (a wall's thickness, or another floor)",
wall of tile 004B2A (room 0x2e),wall of tile 00472A (room 0x2e),18.308,no,the line between them touches another wall,wall of tile 00492A (room 0x2e)
wall of tile 004B2A (room 0x2e),wall of tile 00452A (room 0x2e),36.617,no,the line between them touches another wall,wall of tile 00492A (room 0x2e)
wall of tile 004B2A (room 0x2e),wall of tile 00432A (room 0x2e),50.348,no,the line between them touches another wall,wall of tile 00452A (room 0x2e)
wall of tile 004B29 (room 0x2e),wall of tile 004729 (room 0x2e),18.308,no,the line between them touches another wall,wall of tile 004929 (room 0x2e)
wall of tile 004B29 (room 0x2e),wall of tile 004529 (room 0x2e),36.617,no,the line between them touches another wall,wall of tile 004929 (room 0x2e)
wall of tile 004B29 (room 0x2e),wall of tile 004329 (room 0x2e),50.348,no,the line between them touches another wall,wall of tile 004529 (room 0x2e)
wall of tile 004B29 (room 0x2e),wall of tile 02E600 (room 0x07),54.925,no,"the line between them leaves the walkable area (a wall's thickness, or another floor)",
wall of tile 00492A (room 0x2e),wall of tile 00452A (room 0x2e),18.308,no,the line between them touches another wall,wall of tile 00472A (room 0x2e)
wall of tile 00492A (room 0x2e),wall of tile 00432A (room 0x2e),32.040,no,the line between them touches another wall,wall of tile 00472A (room 0x2e)
wall of tile 00492A (room 0x2e),wall of tile 00412A (room 0x2e),50.348,no,the line between them touches another wall,wall of tile 00472A (room 0x2e)
wall of tile 004929 (room 0x2e),wall of tile 004529 (room 0x2e),18.308,no,the line between them touches another wall,wall of tile 004729 (room 0x2e)
wall of tile 004929 (room 0x2e),wall of tile 004329 (room 0x2e),32.040,no,the line between them touches another wall,wall of tile 004729 (room 0x2e)
wall of tile 004929 (room 0x2e),wall of tile 004129 (room 0x2e),50.348,no,the line between them touches another wall,wall of tile 004729 (room 0x2e)
wall of tile 004929 (room 0x2e),wall of tile 02E600 (room 0x07),54.925,no,"the line between them leaves the walkable area (a wall's thickness, or another floor)",
wall of tile 00472A (room 0x2e),wall of tile 00432A (room 0x2e),13.731,no,the line between them touches another wall,wall of tile 00452A (room 0x2e)
wall of tile 00472A (room 0x2e),wall of tile 00412A (room 0x2e),32.040,no,the line between them touches another wall,wall of tile 00452A (room 0x2e)
wall of tile 00472A (room 0x2e),wall of tile 003F2A (room 0x2e),50.348,no,the line between them touches another wall,wall of tile 00412A (room 0x2e)
wall of tile 004729 (room 0x2e),wall of tile 004329 (room 0x2e),13.731,no,the line between them touches another wall,wall of tile 004529 (room 0x2e)
wall of tile 004729 (room 0x2e),wall of tile 004129 (room 0x2e),32.040,no,the line between them touches another wall,wall of tile 004529 (room 0x2e)
wall of tile 004729 (room 0x2e),wall of tile 003F29 (room 0x2e),50.348,no,the line between them touches another wall,wall of tile 004129 (room 0x2e)
wall of tile 004729 (room 0x2e),wall of tile 02E600 (room 0x07),54.925,no,"the line between them leaves the walkable area (a wall's thickness, or another floor)",
wall of tile 00452A (room 0x2e),wall of tile 00412A (room 0x2e),18.308,no,the line between them touches another wall,wall of tile 00432A (room 0x2e)
wall of tile 00452A (room 0x2e),wall of tile 003F2A (room 0x2e),36.617,no,the line between them touches another wall,wall of tile 00432A (room 0x2e)
wall of tile 00452A (room 0x2e),wall of tile 003D2A (room 0x2e),54.925,no,the line between them touches another wall,wall of tile 003F2A (room 0x2e)
wall of tile 004529 (room 0x2e),wall of tile 004129 (room 0x2e),18.308,no,the line between them touches another wall,wall of tile 004329 (room 0x2e)
wall of tile 004529 (room 0x2e),wall of tile 003F29 (room 0x2e),36.617,no,the line between them touches another wall,wall of tile 004329 (room 0x2e)
wall of tile 004529 (room 0x2e),wall of tile 003D29 (room 0x2e),54.925,no,the line between them touches another wall,wall of tile 003F29 (room 0x2e)
wall of tile 004529 (room 0x2e),wall of tile 02E600 (room 0x07),54.925,no,"the line between them leaves the walkable area (a wall's thickness, or another floor)",
wall of tile 00432A (room 0x2e),wall of tile 003F2A (room 0x2e),18.308,no,the line between them touches another wall,wall of tile 00412A (room 0x2e)
wall of tile 00432A (room 0x2e),wall of tile 003D2A (room 0x2e),36.617,no,the line between them touches another wall,wall of tile 00412A (room 0x2e)
wall of tile 00432A (room 0x2e),wall of tile 003B2A (room 0x2e),50.348,no,the line between them touches another wall,wall of tile 003D2A (room 0x2e)
wall of tile 004329 (room 0x2e),wall of tile 003F29 (room 0x2e),18.308,no,the line between them touches another wall,wall of tile 004129 (room 0x2e)
wall of tile 004329 (room 0x2e),wall of tile 003D29 (room 0x2e),36.617,no,the line between them touches another wall,wall of tile 004129 (room 0x2e)
wall of tile 004329 (room 0x2e),wall of tile 003B29 (room 0x2e),50.348,no,the line between them touches another wall,wall of tile 003D29 (room 0x2e)
wall of tile 004329 (room 0x2e),wall of tile 02E600 (room 0x07),54.925,no,"the line between them leaves the walkable area (a wall's thickness, or another floor)",
wall of tile 00412A (room 0x2e),wall of tile 003D2A (room 0x2e),18.308,no,the line between them touches another wall,wall of tile 003F2A (room 0x2e)
wall of tile 00412A (room 0x2e),wall of tile 003B2A (room 0x2e),32.040,no,the line between them touches another wall,wall of tile 003F2A (room 0x2e)
wall of tile 00412A (room 0x2e),wall of tile 00392A (room 0x2e),50.348,no,the line between them touches another wall,wall of tile 003B2A (room 0x2e)
wall of tile 004129 (room 0x2e),wall of tile 003D29 (room 0x2e),18.308,no,the line between them touches another wall,wall of tile 003F29 (room 0x2e)
wall of tile 004129 (room 0x2e),wall of tile 003B29 (room 0x2e),32.040,no,the line between them touches another wall,wall of tile 003F29 (room 0x2e)
wall of tile 004129 (room 0x2e),wall of tile 003929 (room 0x2e),50.348,no,the line between them touches another wall,wall of tile 003B29 (room 0x2e)
wall of tile 004129 (room 0x2e),wall of tile 02E600 (room 0x07),54.925,no,"the line between them leaves the walkable area (a wall's thickness, or another floor)",
wall of tile 003F2A (room 0x2e),wall of tile 003B2A (room 0x2e),13.731,no,the line between them touches another wall,wall of tile 003D2A (room 0x2e)
wall of tile 003F2A (room 0x2e),wall of tile 00392A (room 0x2e),32.040,no,the line between them touches another wall,wall of tile 003D2A (room 0x2e)
wall of tile 003F2A (room 0x2e),wall of tile 00342A (room 0x2e),50.348,no,the line between them touches another wall,wall of tile 00392A (room 0x2e)
wall of tile 003F29 (room 0x2e),wall of tile 003B29 (room 0x2e),13.731,no,the line between them touches another wall,wall of tile 003D29 (room 0x2e)
wall of tile 003F29 (room 0x2e),wall of tile 003929 (room 0x2e),32.040,no,the line between them touches another wall,wall of tile 003D29 (room 0x2e)
wall of tile 003F29 (room 0x2e),wall of tile 00342A (room 0x2e),50.348,no,the line between them touches another wall,wall of tile 003929 (room 0x2e)
wall of tile 003F29 (room 0x2e),wall of tile 02E600 (room 0x07),54.925,no,"the line between them leaves the walkable area (a wall's thickness, or another floor)",
wall of tile 003D2A (room 0x2e),wall of tile 00392A (room 0x2e),18.308,no,the line between them touches another wall,wall of tile 003B2A (room 0x2e)
wall of tile 003D2A (room 0x2e),wall of tile 00342A (room 0x2e),36.617,no,the line between them touches another wall,wall of tile 003B2A (room 0x2e)
wall of tile 003D29 (room 0x2e),wall of tile 003929 (room 0x2e),18.308,no,the line between them touches another wall,wall of tile 003B29 (room 0x2e)
wall of tile 003D29 (room 0x2e),wall of tile 00342A (room 0x2e),36.617,no,the line between them touches another wall,wall of tile 003B29 (room 0x2e)
wall of tile 003D29 (room 0x2e),wall of tile 02E600 (room 0x07),54.925,no,"the line between them leaves the walkable area (a wall's thickness, or another floor)",
wall of tile 003B2A (room 0x2e),wall of tile 00342A (room 0x2e),18.308,no,the line between them touches another wall,wall of tile 00392A (room 0x2e)
wall of tile 003B29 (room 0x2e),wall of tile 00342A (room 0x2e),18.308,no,the line between them touches another wall,wall of tile 003929 (room 0x2e)
wall of tile 003B29 (room 0x2e),wall of tile 02E600 (room 0x07),54.925,no,"the line between them leaves the walkable area (a wall's thickness, or another floor)",
wall of tile 003B29 (room 0x2e),wall of tile 02E502 (room 0x07),55.683,no,"the line between them leaves the walkable area (a wall's thickness, or another floor)",
wall of tile 003929 (room 0x2e),wall of tile 02E600 (room 0x07),54.925,no,"the line between them leaves the walkable area (a wall's thickness, or another floor)",
wall of tile 003929 (room 0x2e),wall of tile 02E502 (room 0x07),54.925,no,"the line between them leaves the walkable area (a wall's thickness, or another floor)",
wall of tile 00342A (room 0x2e),wall of tile 006529 (room 0x2e),18.308,no,the line between them touches another wall,wall of tile 006329 (room 0x2e)
wall of tile 00342A (room 0x2e),wall of tile 006729 (room 0x2e),36.617,no,the line between them touches another wall,wall of tile 006329 (room 0x2e)
wall of tile 00342A (room 0x2e),wall of tile 006929 (room 0x2e),50.348,no,the line between them touches another wall,wall of tile 006729 (room 0x2e)
wall of tile 00342A (room 0x2e),wall of tile 02E600 (room 0x07),55.683,no,"the line between them leaves the walkable area (a wall's thickness, or another floor)",
wall of tile 00342A (room 0x2e),wall of tile 02E502 (room 0x07),54.925,no,"the line between them leaves the walkable area (a wall's thickness, or another floor)",
wall of tile 003429 (room 0x2e),wall of tile 02E502 (room 0x07),54.925,no,"the line between them leaves the walkable area (a wall's thickness, or another floor)",
wall of tile 003429 (room 0x2e),wall of tile 00652A (room 0x2e),18.308,no,the line between them touches another wall,wall of tile 00632A (room 0x2e)
wall of tile 003429 (room 0x2e),wall of tile 00672A (room 0x2e),36.617,no,the line between them touches another wall,wall of tile 00632A (room 0x2e)
wall of tile 003429 (room 0x2e),wall of tile 00692A (room 0x2e),50.348,no,the line between them touches another wall,wall of tile 00672A (room 0x2e)
wall of tile 006329 (room 0x2e),wall of tile 006729 (room 0x2e),18.308,no,the line between them touches another wall,wall of tile 006529 (room 0x2e)
wall of tile 006329 (room 0x2e),wall of tile 006929 (room 0x2e),32.040,no,the line between them touches another wall,wall of tile 006529 (room 0x2e)
wall of tile 006329 (room 0x2e),wall of tile 006B29 (room 0x2e),50.348,no,the line between them touches another wall,wall of tile 006929 (room 0x2e)
wall of tile 00632A (room 0x2e),wall of tile 00672A (room 0x2e),18.308,no,the line between them touches another wall,wall of tile 00652A (room 0x2e)
wall of tile 00632A (room 0x2e),wall of tile 00692A (room 0x2e),32.040,no,the line between them touches another wall,wall of tile 00652A (room 0x2e)
wall of tile 00632A (room 0x2e),wall of tile 006B2A (room 0x2e),50.348,no,the line between them touches another wall,wall of tile 00692A (room 0x2e)
wall of tile 006529 (room 0x2e),wall of tile 006929 (room 0x2e),13.731,no,the line between them touches another wall,wall of tile 006729 (room 0x2e)
wall of tile 006529 (room 0x2e),wall of tile 006B29 (room 0x2e),32.040,no,the line between them touches another wall,wall of tile 006729 (room 0x2e)
wall of tile 006529 (room 0x2e),wall of tile 006D29 (room 0x2e),50.348,no,the line between them touches another wall,wall of tile 006B29 (room 0x2e)
wall of tile 00652A (room 0x2e),wall of tile 00692A (room 0x2e),13.731,no,the line between them touches another wall,wall of tile 00672A (room 0x2e)
wall of tile 00652A (room 0x2e),wall of tile 006B2A (room 0x2e),32.040,no,the line between them touches another wall,wall of tile 00672A (room 0x2e)
wall of tile 00652A (room 0x2e),wall of tile 006D2A (room 0x2e),50.348,no,the line between them touches another wall,wall of tile 006B2A (room 0x2e)
wall of tile 006729 (room 0x2e),wall of tile 006B29 (room 0x2e),18.308,no,the line between them touches another wall,wall of tile 006929 (room 0x2e)
wall of tile 006729 (room 0x2e),wall of tile 006D29 (room 0x2e),36.617,no,the line between them touches another wall,wall of tile 006929 (room 0x2e)
wall of tile 006729 (room 0x2e),wall of tile 006F29 (room 0x2e),54.925,no,the line between them touches another wall,wall of tile 006D29 (room 0x2e)
wall of tile 00672A (room 0x2e),wall of tile 006B2A (room 0x2e),18.308,no,the line between them touches another wall,wall of tile 00692A (room 0x2e)
wall of tile 00672A (room 0x2e),wall of tile 006D2A (room 0x2e),36.617,no,the line between them touches another wall,wall of tile 00692A (room 0x2e)
wall of tile 00672A (room 0x2e),wall of tile 006F2A (room 0x2e),54.925,no,the line between them touches another wall,wall of tile 006D2A (room 0x2e)
wall of tile 006929 (room 0x2e),wall of tile 006D29 (room 0x2e),18.308,no,the line between them touches another wall,wall of tile 006B29 (room 0x2e)
wall of tile 006929 (room 0x2e),wall of tile 006F29 (room 0x2e),36.617,no,the line between them touches another wall,wall of tile 006B29 (room 0x2e)
wall of tile 006929 (room 0x2e),wall of tile 007129 (room 0x2e),50.348,no,the line between them touches another wall,wall of tile 006F29 (room 0x2e)
wall of tile 00692A (room 0x2e),wall of tile 006D2A (room 0x2e),18.308,no,the line between them touches another wall,wall of tile 006B2A (room 0x2e)
wall of tile 00692A (room 0x2e),wall of tile 006F2A (room 0x2e),36.617,no,the line between them touches another wall,wall of tile 006B2A (room 0x2e)
wall of tile 00692A (room 0x2e),wall of tile 00712A (room 0x2e),50.348,no,the line between them touches another wall,wall of tile 006F2A (room 0x2e)
wall of tile 006B29 (room 0x2e),wall of tile 006F29 (room 0x2e),18.308,no,the line between them touches another wall,wall of tile 006D29 (room 0x2e)
wall of tile 006B29 (room 0x2e),wall of tile 007129 (room 0x2e),32.040,no,the line between them touches another wall,wall of tile 006D29 (room 0x2e)
wall of tile 006B29 (room 0x2e),wall of tile 007329 (room 0x2e),50.348,no,the line between them touches another wall,wall of tile 007129 (room 0x2e)
wall of tile 006B2A (room 0x2e),wall of tile 006F2A (room 0x2e),18.308,no,the line between them touches another wall,wall of tile 006D2A (room 0x2e)
wall of tile 006B2A (room 0x2e),wall of tile 00712A (room 0x2e),32.040,no,the line between them touches another wall,wall of tile 006D2A (room 0x2e)
wall of tile 006B2A (room 0x2e),wall of tile 00732A (room 0x2e),50.348,no,the line between them touches another wall,wall of tile 00712A (room 0x2e)
wall of tile 006D29 (room 0x2e),wall of tile 007129 (room 0x2e),13.731,no,the line between them touches another wall,wall of tile 006F29 (room 0x2e)
wall of tile 006D29 (room 0x2e),wall of tile 007329 (room 0x2e),32.040,no,the line between them touches another wall,wall of tile 006F29 (room 0x2e)
wall of tile 006D29 (room 0x2e),wall of tile 007529 (room 0x2e),50.348,no,the line between them touches another wall,wall of tile 007329 (room 0x2e)
wall of tile 006D2A (room 0x2e),wall of tile 00712A (room 0x2e),13.731,no,the line between them touches another wall,wall of tile 006F2A (room 0x2e)
wall of tile 006D2A (room 0x2e),wall of tile 00732A (room 0x2e),32.040,no,the line between them touches another wall,wall of tile 006F2A (room 0x2e)
wall of tile 006D2A (room 0x2e),wall of tile 00752A (room 0x2e),50.348,no,the line between them touches another wall,wall of tile 00732A (room 0x2e)
wall of tile 006F29 (room 0x2e),wall of tile 007329 (room 0x2e),18.308,no,the line between them touches another wall,wall of tile 007129 (room 0x2e)
wall of tile 006F29 (room 0x2e),wall of tile 007529 (room 0x2e),36.617,no,the line between them touches another wall,wall of tile 007129 (room 0x2e)
wall of tile 006F29 (room 0x2e),wall of tile 007729 (room 0x2e),50.348,no,the line between them touches another wall,wall of tile 007529 (room 0x2e)
wall of tile 006F2A (room 0x2e),wall of tile 00732A (room 0x2e),18.308,no,the line between them touches another wall,wall of tile 00712A (room 0x2e)
wall of tile 006F2A (room 0x2e),wall of tile 00752A (room 0x2e),36.617,no,the line between them touches another wall,wall of tile 00712A (room 0x2e)
wall of tile 006F2A (room 0x2e),wall of tile 00772A (room 0x2e),50.348,no,the line between them touches another wall,wall of tile 00752A (room 0x2e)
wall of tile 007129 (room 0x2e),wall of tile 007529 (room 0x2e),18.308,no,the line between them touches another wall,wall of tile 007329 (room 0x2e)
wall of tile 007129 (room 0x2e),wall of tile 007729 (room 0x2e),32.040,no,the line between them touches another wall,wall of tile 007329 (room 0x2e)
wall of tile 007129 (room 0x2e),wall of tile 007929 (room 0x2e),50.348,no,the line between them touches another wall,wall of tile 007729 (room 0x2e)
wall of tile 00712A (room 0x2e),wall of tile 00752A (room 0x2e),18.308,no,the line between them touches another wall,wall of tile 00732A (room 0x2e)
wall of tile 00712A (room 0x2e),wall of tile 00772A (room 0x2e),32.040,no,the line between them touches another wall,wall of tile 00732A (room 0x2e)
wall of tile 00712A (room 0x2e),wall of tile 00792A (room 0x2e),50.348,no,the line between them touches another wall,wall of tile 00772A (room 0x2e)
wall of tile 007329 (room 0x2e),wall of tile 007729 (room 0x2e),13.731,no,the line between them touches another wall,wall of tile 007529 (room 0x2e)
wall of tile 007329 (room 0x2e),wall of tile 007929 (room 0x2e),32.040,no,the line between them touches another wall,wall of tile 007529 (room 0x2e)
wall of tile 007329 (room 0x2e),wall of tile 008729 (room 0x2e),50.348,no,the line between them touches another wall,wall of tile 007929 (room 0x2e)
wall of tile 00732A (room 0x2e),wall of tile 00772A (room 0x2e),13.731,no,the line between them touches another wall,wall of tile 00752A (room 0x2e)
wall of tile 00732A (room 0x2e),wall of tile 00792A (room 0x2e),32.040,no,the line between them touches another wall,wall of tile 00752A (room 0x2e)
wall of tile 00732A (room 0x2e),wall of tile 00872A (room 0x2e),50.348,no,the line between them touches another wall,wall of tile 00792A (room 0x2e)
wall of tile 007529 (room 0x2e),wall of tile 007929 (room 0x2e),18.308,no,the line between them touches another wall,wall of tile 007729 (room 0x2e)
wall of tile 007529 (room 0x2e),wall of tile 008729 (room 0x2e),36.617,no,the line between them touches another wall,wall of tile 007729 (room 0x2e)
wall of tile 007529 (room 0x2e),wall of tile 008529 (room 0x2e),50.348,no,the line between them touches another wall,wall of tile 008729 (room 0x2e)
wall of tile 00752A (room 0x2e),wall of tile 00792A (room 0x2e),18.308,no,the line between them touches another wall,wall of tile 00772A (room 0x2e)
wall of tile 00752A (room 0x2e),wall of tile 00872A (room 0x2e),36.617,no,the line between them touches another wall,wall of tile 00772A (room 0x2e)
wall of tile 00752A (room 0x2e),wall of tile 00852A (room 0x2e),50.348,no,the line between them touches another wall,wall of tile 00872A (room 0x2e)
wall of tile 007729 (room 0x2e),wall of tile 008729 (room 0x2e),18.308,no,the line between them touches another wall,wall of tile 007929 (room 0x2e)
wall of tile 007729 (room 0x2e),wall of tile 008529 (room 0x2e),32.040,no,the line between them touches another wall,wall of tile 007929 (room 0x2e)
wall of tile 007729 (room 0x2e),wall of tile 008329 (room 0x2e),50.348,no,the line between them touches another wall,wall of tile 008529 (room 0x2e)
wall of tile 00772A (room 0x2e),wall of tile 00872A (room 0x2e),18.308,no,the line between them touches another wall,wall of tile 00792A (room 0x2e)
wall of tile 00772A (room 0x2e),wall of tile 00852A (room 0x2e),32.040,no,the line between them touches another wall,wall of tile 00792A (room 0x2e)
wall of tile 00772A (room 0x2e),wall of tile 00832A (room 0x2e),50.348,no,the line between them touches another wall,wall of tile 00852A (room 0x2e)
wall of tile 007929 (room 0x2e),wall of tile 008529 (room 0x2e),13.731,no,the line between them touches another wall,wall of tile 008729 (room 0x2e)
wall of tile 007929 (room 0x2e),wall of tile 008329 (room 0x2e),32.040,no,the line between them touches another wall,wall of tile 008729 (room 0x2e)
wall of tile 007929 (room 0x2e),wall of tile 008129 (room 0x2e),50.348,no,the line between them touches another wall,wall of tile 008329 (room 0x2e)
wall of tile 00792A (room 0x2e),wall of tile 00852A (room 0x2e),13.731,no,the line between them touches another wall,wall of tile 00872A (room 0x2e)
wall of tile 00792A (room 0x2e),wall of tile 00832A (room 0x2e),32.040,no,the line between them touches another wall,wall of tile 00872A (room 0x2e)
wall of tile 00792A (room 0x2e),wall of tile 00812A (room 0x2e),50.348,no,the line between them touches another wall,wall of tile 00872A (room 0x2e)
wall of tile 008729 (room 0x2e),wall of tile 008329 (room 0x2e),18.308,no,the line between them touches another wall,wall of tile 008529 (room 0x2e)
wall of tile 008729 (room 0x2e),wall of tile 008129 (room 0x2e),36.617,no,the line between them touches another wall,wall of tile 008529 (room 0x2e)
wall of tile 008729 (room 0x2e),wall of tile 007F29 (room 0x2e),50.348,no,the line between them touches another wall,wall of tile 008529 (room 0x2e)
wall of tile 00872A (room 0x2e),wall of tile 00832A (room 0x2e),18.308,no,the line between them touches another wall,wall of tile 00852A (room 0x2e)
wall of tile 00872A (room 0x2e),wall of tile 00812A (room 0x2e),36.617,no,the line between them touches another wall,wall of tile 00852A (room 0x2e)
wall of tile 00872A (room 0x2e),wall of tile 007F2A (room 0x2e),50.348,no,the line between them touches another wall,wall of tile 00812A (room 0x2e)
wall of tile 00872A (room 0x2e),wall of tile 002529 (room 0x2e),51.784,no,"the line between them leaves the walkable area (a wall's thickness, or another floor)",
wall of tile 00872A (room 0x2e),wall of tile 002529 (room 0x2e),51.784,no,"the line between them leaves the walkable area (a wall's thickness, or another floor)",
wall of tile 008529 (room 0x2e),wall of tile 008129 (room 0x2e),18.308,no,the line between them touches another wall,wall of tile 008329 (room 0x2e)
wall of tile 008529 (room 0x2e),wall of tile 007F29 (room 0x2e),32.040,no,the line between them touches another wall,wall of tile 008329 (room 0x2e)
wall of tile 008529 (room 0x2e),wall of tile 007D29 (room 0x2e),50.348,no,the line between them touches another wall,wall of tile 007F29 (room 0x2e)
wall of tile 00852A (room 0x2e),wall of tile 00812A (room 0x2e),18.308,no,the line between them touches another wall,wall of tile 00832A (room 0x2e)
wall of tile 00852A (room 0x2e),wall of tile 007F2A (room 0x2e),32.040,no,the line between them touches another wall,wall of tile 00832A (room 0x2e)
wall of tile 00852A (room 0x2e),wall of tile 007D2A (room 0x2e),50.348,no,the line between them touches another wall,wall of tile 007F2A (room 0x2e)
wall of tile 00852A (room 0x2e),wall of tile 002529 (room 0x2e),40.876,no,"the line between them leaves the walkable area (a wall's thickness, or another floor)",
wall of tile 00852A (room 0x2e),wall of tile 002529 (room 0x2e),40.939,no,"the line between them leaves the walkable area (a wall's thickness, or another floor)",
wall of tile 008329 (room 0x2e),wall of tile 007F29 (room 0x2e),13.731,no,the line between them touches another wall,wall of tile 008129 (room 0x2e)
wall of tile 008329 (room 0x2e),wall of tile 007D29 (room 0x2e),32.040,no,the line between them touches another wall,wall of tile 008129 (room 0x2e)
wall of tile 008329 (room 0x2e),wall of tile 007B29 (room 0x2e),50.348,no,the line between them touches another wall,wall of tile 007D29 (room 0x2e)
wall of tile 00832A (room 0x2e),wall of tile 007F2A (room 0x2e),13.731,no,the line between them touches another wall,wall of tile 00812A (room 0x2e)
wall of tile 00832A (room 0x2e),wall of tile 007D2A (room 0x2e),32.040,no,the line between them touches another wall,wall of tile 00812A (room 0x2e)
wall of tile 00832A (room 0x2e),wall of tile 007B2A (room 0x2e),50.348,no,the line between them touches another wall,wall of tile 007D2A (room 0x2e)
wall of tile 00832A (room 0x2e),wall of tile 002529 (room 0x2e),31.792,no,"the line between them leaves the walkable area (a wall's thickness, or another floor)",
wall of tile 00832A (room 0x2e),wall of tile 002529 (room 0x2e),36.617,no,"the line between them leaves the walkable area (a wall's thickness, or another floor)",
wall of tile 008129 (room 0x2e),wall of tile 007D29 (room 0x2e),18.308,no,the line between them touches another wall,wall of tile 007F29 (room 0x2e)
wall of tile 008129 (room 0x2e),wall of tile 007B29 (room 0x2e),36.617,no,the line between them touches another wall,wall of tile 007F29 (room 0x2e)
wall of tile 00812A (room 0x2e),wall of tile 007D2A (room 0x2e),18.308,no,the line between them touches another wall,wall of tile 007F2A (room 0x2e)
wall of tile 00812A (room 0x2e),wall of tile 007B2A (room 0x2e),36.617,no,the line between them touches another wall,wall of tile 007F2A (room 0x2e)
wall of tile 00812A (room 0x2e),wall of tile 002529 (room 0x2e),24.980,no,"the line between them leaves the walkable area (a wall's thickness, or another floor)",
wall of tile 00812A (room 0x2e),wall of tile 002529 (room 0x2e),36.617,no,"the line between them leaves the walkable area (a wall's thickness, or another floor)",
wall of tile 007F29 (room 0x2e),wall of tile 007B29 (room 0x2e),18.308,no,the line between them touches another wall,wall of tile 007D29 (room 0x2e)
wall of tile 007F2A (room 0x2e),wall of tile 007B2A (room 0x2e),18.308,no,the line between them touches another wall,wall of tile 007D2A (room 0x2e)
wall of tile 007F2A (room 0x2e),wall of tile 002529 (room 0x2e),15.896,no,"the line between them leaves the walkable area (a wall's thickness, or another floor)",
wall of tile 007F2A (room 0x2e),wall of tile 002529 (room 0x2e),36.617,no,"the line between them leaves the walkable area (a wall's thickness, or another floor)",
wall of tile 007D2A (room 0x2e),wall of tile 00252A (room 0x2e),53.574,no,"the line between them leaves the walkable area (a wall's thickness, or another floor)",
wall of tile 007D2A (room 0x2e),wall of tile 002A2A (room 0x2e),53.574,no,"the line between them leaves the walkable area (a wall's thickness, or another floor)",
wall of tile 007D2A (room 0x2e),wall of tile 002529 (room 0x2e),6.813,no,"the line between them leaves the walkable area (a wall's thickness, or another floor)",
wall of tile 007D2A (room 0x2e),wall of tile 002529 (room 0x2e),36.617,no,"the line between them leaves the walkable area (a wall's thickness, or another floor)",
wall of tile 007B2A (room 0x2e),wall of tile 00252A (room 0x2e),40.939,yes,,
wall of tile 007B2A (room 0x2e),wall of tile 002A2A (room 0x2e),40.939,yes,,
wall of tile 007B2A (room 0x2e),wall of tile 002529 (room 0x2e),36.617,no,"the line between them leaves the walkable area (a wall's thickness, or another floor)",
wall of tile 00252A (room 0x2e),wall of tile 002529 (room 0x2e),40.939,yes,,
wall of tile 002A2A (room 0x2e),wall of tile 002529 (room 0x2e),40.939,yes,,
wall of tile 002A2A (room 0x2e),wall of tile 002529 (room 0x2e),18.308,no,the line between them touches another wall,wall of tile 00252A (room 0x2e)
wall of tile 001E2A (room 0x2e),wall of tile 001E29 (room 0x2e),40.939,yes,,
wall of tile 001E2A (room 0x2e),wall of tile 02E600 (room 0x07),13.731,no,"the line between them leaves the walkable area (a wall's thickness, or another floor)",
wall of tile 001E29 (room 0x2e),wall of tile 000129 (room 0x2e),13.731,no,"the line between them leaves the walkable area (a wall's thickness, or another floor)",
wall of tile 001E29 (room 0x2e),wall of tile 02E600 (room 0x07),13.731,no,"the line between them leaves the walkable area (a wall's thickness, or another floor)",
wall of tile 001E29 (room 0x2e),wall of tile 000129 (room 0x2e),13.731,no,"the line between them leaves the walkable area (a wall's thickness, or another floor)",
wall of tile 001E29 (room 0x2e),wall of tile 02E600 (room 0x07),13.731,no,"the line between them leaves the walkable area (a wall's thickness, or another floor)",
wall of tile 000129 (room 0x2e),wall of tile 02E800 (room 0x07),13.731,no,"the line between them leaves the walkable area (a wall's thickness, or another floor)",
wall of tile 000129 (room 0x2e),wall of tile 02E600 (room 0x07),13.731,no,"the line between them leaves the walkable area (a wall's thickness, or another floor)",
wall of tile 000229 (room 0x2e),wall of tile 00072A (room 0x2e),18.308,no,"the line between them leaves the walkable area (a wall's thickness, or another floor)",
wall of tile 000229 (room 0x2e),wall of tile 000729 (room 0x2e),18.308,no,"the line between them leaves the walkable area (a wall's thickness, or another floor)",
wall of tile 000229 (room 0x2e),wall of tile 02F200 (room 0x07),13.731,no,"the line between them leaves the walkable area (a wall's thickness, or another floor)",
wall of tile 000229 (room 0x2e),wall of tile 02E800 (room 0x07),13.731,no,"the line between them leaves the walkable area (a wall's thickness, or another floor)",
wall of tile 000229 (room 0x2e),wall of tile 00062A (room 0x2e),22.886,no,the line between them touches another wall,wall of tile 000229 (room 0x2e)
wall of tile 000229 (room 0x2e),wall of tile 00072A (room 0x2e),18.308,no,"the line between them leaves the walkable area (a wall's thickness, or another floor)",
wall of tile 000229 (room 0x2e),wall of tile 000729 (room 0x2e),18.308,no,"the line between them leaves the walkable area (a wall's thickness, or another floor)",
wall of tile 000229 (room 0x2e),wall of tile 02F200 (room 0x07),13.731,no,"the line between them leaves the walkable area (a wall's thickness, or another floor)",
wall of tile 000229 (room 0x2e),wall of tile 02E800 (room 0x07),13.731,no,"the line between them leaves the walkable area (a wall's thickness, or another floor)",
wall of tile 00062A (room 0x2e),wall of tile 000729 (room 0x2e),22.886,no,the line between them touches another wall,wall of tile 00072A (room 0x2e)
wall of tile 00062A (room 0x2e),wall of tile 02F200 (room 0x07),36.617,no,"the line between them leaves the walkable area (a wall's thickness, or another floor)",
wall of tile 00062A (room 0x2e),wall of tile 02E800 (room 0x07),36.617,no,"the line between them leaves the walkable area (a wall's thickness, or another floor)",
wall of tile 00072A (room 0x2e),wall of tile 02F200 (room 0x07),13.731,no,"the line between them leaves the walkable area (a wall's thickness, or another floor)",
wall of tile 00072A (room 0x2e),wall of tile 02E800 (room 0x07),22.886,no,"the line between them leaves the walkable area (a wall's thickness, or another floor)",
wall of tile 000729 (room 0x2e),wall of tile 000829 (room 0x2e),18.308,no,the line between them touches another wall,wall of tile 00082A (room 0x2e)
wall of tile 000729 (room 0x2e),wall of tile 02F500 (room 0x09),23.226,no,"the line between them leaves the walkable area (a wall's thickness, or another floor)",
wall of tile 000729 (room 0x2e),wall of tile 02F200 (room 0x07),13.731,no,"the line between them leaves the walkable area (a wall's thickness, or another floor)",
wall of tile 000729 (room 0x2e),wall of tile 00082A (room 0x2e),22.886,no,the line between them touches another wall,wall of tile 000729 (room 0x2e)
wall of tile 000729 (room 0x2e),wall of tile 000829 (room 0x2e),29.308,no,"the line between them leaves the walkable area (a wall's thickness, or another floor)",
wall of tile 000729 (room 0x2e),wall of tile 02F500 (room 0x09),23.226,no,"the line between them leaves the walkable area (a wall's thickness, or another floor)",
wall of tile 000729 (room 0x2e),wall of tile 02F200 (room 0x07),13.731,no,"the line between them leaves the walkable area (a wall's thickness, or another floor)",
wall of tile 000729 (room 0x2e),wall of tile 02E800 (room 0x07),22.886,no,"the line between them leaves the walkable area (a wall's thickness, or another floor)",
wall of tile 000729 (room 0x2e),generic 0x1e9e8c (preset 0x2710),41.192,yes,,
wall of tile 000729 (room 0x2e),generic 0x1e9e8c (preset 0x2710),41.192,yes,,
wall of tile 000729 (room 0x2e),generic 0x1e9e8c (preset 0x2710),41.192,yes,,
wall of tile 000729 (room 0x2e),generic 0x1e9e8c (preset 0x2710),41.194,no,"another wall pokes into the space between them, so a tighter pair covers this gap",generic 0x1e9e8c (preset 0x2710)
wall of tile 00082A (room 0x2e),wall of tile 02F500 (room 0x09),5.502,no,"the line between them leaves the walkable area (a wall's thickness, or another floor)",
wall of tile 00082A (room 0x2e),wall of tile 02F200 (room 0x07),36.617,no,"the line between them leaves the walkable area (a wall's thickness, or another floor)",
wall of tile 000829 (room 0x2e),wall of tile 02F500 (room 0x09),5.502,no,"the line between them leaves the walkable area (a wall's thickness, or another floor)",
wall of tile 000829 (room 0x2e),wall of tile 02F200 (room 0x07),36.617,no,"the line between them leaves the walkable area (a wall's thickness, or another floor)",
wall of tile 000829 (room 0x2e),door 0x1ed730 (preset 0x0019),0.001,no,the line between them touches another wall,door 0x1ed730 (preset 0x0019)
wall of tile 000829 (room 0x2e),door 0x1ed730 (preset 0x0019),9.154,no,"the line between them leaves the walkable area (a wall's thickness, or another floor)",
wall of tile 062302 (room 0x09),wall of tile 048500 (room 0x09),22.860,no,"the line between them leaves the walkable area (a wall's thickness, or another floor)",
wall of tile 062302 (room 0x09),wall of tile 048500 (room 0x09),3.882,no,"the line between them leaves the walkable area (a wall's thickness, or another floor)",
wall of tile 062302 (room 0x09),wall of tile 001031 (room 0x32),18.308,no,"the line between them leaves the walkable area (a wall's thickness, or another floor)",
wall of tile 02F500 (room 0x09),door 0x1ed730 (preset 0x0019),19.419,no,"the line between them leaves the walkable area (a wall's thickness, or another floor)",
wall of tile 02F500 (room 0x09),door 0x1ed730 (preset 0x0019),14.474,no,"the line between them leaves the walkable area (a wall's thickness, or another floor)",
wall of tile 02F500 (room 0x09),door 0x1ed730 (preset 0x0019),14.474,no,"the line between them leaves the walkable area (a wall's thickness, or another floor)",
wall of tile 062502 (room 0x07),wall of tile 000B31 (room 0x32),29.308,no,"the line between them leaves the walkable area (a wall's thickness, or another floor)",
wall of tile 062502 (room 0x07),wall of tile 000A31 (room 0x32),18.308,no,"the line between them leaves the walkable area (a wall's thickness, or another floor)",
wall of tile 062001 (room 0x07),wall of tile 000B31 (room 0x32),29.308,no,"the line between them leaves the walkable area (a wall's thickness, or another floor)",
wall of tile 062001 (room 0x07),wall of tile 000A31 (room 0x32),18.308,no,"the line between them leaves the walkable area (a wall's thickness, or another floor)",
wall of tile 062001 (room 0x07),wall of tile 000A31 (room 0x32),18.308,no,"the line between them leaves the walkable area (a wall's thickness, or another floor)",
wall of tile 062001 (room 0x07),wall of tile 001D31 (room 0x32),18.308,no,"the line between them leaves the walkable area (a wall's thickness, or another floor)",
wall of tile 062001 (room 0x07),wall of tile 002532 (room 0x32),18.308,no,"the line between them leaves the walkable area (a wall's thickness, or another floor)",
wall of tile 062001 (room 0x07),wall of tile 002A32 (room 0x32),36.617,no,"the line between them leaves the walkable area (a wall's thickness, or another floor)",
wall of tile 062001 (room 0x07),wall of tile 002531 (room 0x32),18.308,no,"the line between them leaves the walkable area (a wall's thickness, or another floor)",
wall of tile 062001 (room 0x07),wall of tile 002932 (room 0x32),18.308,no,"the line between them leaves the walkable area (a wall's thickness, or another floor)",
wall of tile 062001 (room 0x07),wall of tile 001D32 (room 0x32),18.308,no,"the line between them leaves the walkable area (a wall's thickness, or another floor)",
wall of tile 02F200 (room 0x07),generic 0x1e9e8c (preset 0x2710),54.923,no,"the line between them leaves the walkable area (a wall's thickness, or another floor)",
wall of tile 02F200 (room 0x07),generic 0x1e9e8c (preset 0x2710),54.923,no,"the line between them leaves the walkable area (a wall's thickness, or another floor)",
wall of tile 02F200 (room 0x07),generic 0x1e9e8c (preset 0x2710),54.923,no,"the line between them leaves the walkable area (a wall's thickness, or another floor)",
wall of tile 02F200 (room 0x07),generic 0x1e9e8c (preset 0x2710),54.925,no,"the line between them leaves the walkable area (a wall's thickness, or another floor)",
wall of tile 062802 (room 0x09),wall of tile 062301 (room 0x09),45.771,no,the line between them touches another wall,wall of tile 062801 (room 0x09)
wall of tile 062802 (room 0x09),wall of tile 001031 (room 0x32),25.892,no,"the line between them leaves the walkable area (a wall's thickness, or another floor)",
wall of tile 062802 (room 0x09),wall of tile 001031 (room 0x32),18.308,no,"the line between them leaves the walkable area (a wall's thickness, or another floor)",
wall of tile 062802 (room 0x09),wall of tile 000F31 (room 0x32),40.939,no,"the line between them leaves the walkable area (a wall's thickness, or another floor)",
wall of tile 062802 (room 0x09),wall of tile 000B32 (room 0x32),40.939,no,"the line between them leaves the walkable area (a wall's thickness, or another floor)",
wall of tile 062802 (room 0x09),wall of tile 000B31 (room 0x32),40.939,no,"the line between them leaves the walkable area (a wall's thickness, or another floor)",
wall of tile 062801 (room 0x09),wall of tile 001031 (room 0x32),25.892,no,"the line between them leaves the walkable area (a wall's thickness, or another floor)",
wall of tile 062801 (room 0x09),wall of tile 001031 (room 0x32),18.308,no,"the line between them leaves the walkable area (a wall's thickness, or another floor)",
wall of tile 062801 (room 0x09),wall of tile 000F31 (room 0x32),40.939,no,"the line between them leaves the walkable area (a wall's thickness, or another floor)",
wall of tile 062801 (room 0x09),wall of tile 000B32 (room 0x32),40.939,no,"the line between them leaves the walkable area (a wall's thickness, or another floor)",
wall of tile 062801 (room 0x09),wall of tile 000B31 (room 0x32),40.939,no,"the line between them leaves the walkable area (a wall's thickness, or another floor)",
wall of tile 062301 (room 0x09),wall of tile 048500 (room 0x09),22.886,no,"the line between them leaves the walkable area (a wall's thickness, or another floor)",
wall of tile 062301 (room 0x09),wall of tile 048500 (room 0x09),22.886,no,"the line between them leaves the walkable area (a wall's thickness, or another floor)",
wall of tile 062301 (room 0x09),wall of tile 001031 (room 0x32),18.308,no,"the line between them leaves the walkable area (a wall's thickness, or another floor)",
wall of tile 048500 (room 0x09),wall of tile 001131 (room 0x32),36.617,no,"the line between them leaves the walkable area (a wall's thickness, or another floor)",
wall of tile 048500 (room 0x09),wall of tile 001131 (room 0x32),36.617,no,"the line between them leaves the walkable area (a wall's thickness, or another floor)",
wall of tile 048500 (room 0x09),wall of tile 001032 (room 0x32),18.308,no,"the line between them leaves the walkable area (a wall's thickness, or another floor)",
wall of tile 048500 (room 0x09),wall of tile 001031 (room 0x32),18.308,no,"the line between them leaves the walkable area (a wall's thickness, or another floor)",
wall of tile 048500 (room 0x09),wall of tile 001031 (room 0x32),18.308,no,"the line between them leaves the walkable area (a wall's thickness, or another floor)",
wall of tile 048800 (room 0x08),wall of tile 001131 (room 0x32),4.577,no,"the line between them leaves the walkable area (a wall's thickness, or another floor)",
wall of tile 048800 (room 0x08),wall of tile 001131 (room 0x32),0.186,no,"the line between them leaves the walkable area (a wall's thickness, or another floor)",
wall of tile 048800 (room 0x08),wall of tile 001032 (room 0x32),22.886,no,"the line between them leaves the walkable area (a wall's thickness, or another floor)",
wall of tile 048800 (room 0x08),wall of tile 001031 (room 0x32),22.886,no,"the line between them leaves the walkable area (a wall's thickness, or another floor)",
wall of tile 048800 (room 0x08),door 0x1ed930 (preset 0x001b),14.474,no,"another wall pokes into the space between them, so a tighter pair covers this gap",wall of tile 069502 (room 0x08)
wall of tile 048800 (room 0x08),door 0x1ed930 (preset 0x001b),13.731,no,the line between them touches another wall,wall of tile 069502 (room 0x08)
wall of tile 048800 (room 0x08),door 0x1ed930 (preset 0x001b),14.474,no,"the line between them leaves the walkable area (a wall's thickness, or another floor)",
wall of tile 069502 (room 0x08),door 0x1ed930 (preset 0x001b),4.577,no,"another wall pokes into the space between them, so a tighter pair covers this gap",door 0x1ed930 (preset 0x001b)
wall of tile 069502 (room 0x08),door 0x1ed930 (preset 0x001b),4.577,no,"another wall pokes into the space between them, so a tighter pair covers this gap",wall of tile 000831 (room 0x32)
wall of tile 069502 (room 0x08),door 0x1ed930 (preset 0x001b),0.000,yes,,
wall of tile 069502 (room 0x08),door 0x1ed930 (preset 0x001b),4.577,no,the line between them touches another wall,door 0x1ed930 (preset 0x001b)
wall of tile 069502 (room 0x08),door 0x1ed930 (preset 0x001b),4.577,no,"the line between them leaves the walkable area (a wall's thickness, or another floor)",
wall of tile 001131 (room 0x32),wall of tile 001031 (room 0x32),18.308,no,the line between them touches another wall,wall of tile 001032 (room 0x32)
wall of tile 001131 (room 0x32),wall of tile 001032 (room 0x32),18.308,no,the line between them touches another wall,wall of tile 001131 (room 0x32)
wall of tile 001131 (room 0x32),wall of tile 001031 (room 0x32),25.892,no,"the line between them leaves the walkable area (a wall's thickness, or another floor)",
wall of tile 001131 (room 0x32),door 0x1ed930 (preset 0x001b),4.577,no,the line between them touches another wall,door 0x1ed930 (preset 0x001b)
wall of tile 001131 (room 0x32),door 0x1ed930 (preset 0x001b),4.577,no,"another wall pokes into the space between them, so a tighter pair covers this gap",door 0x1ed930 (preset 0x001b)
wall of tile 001031 (room 0x32),wall of tile 000B32 (room 0x32),18.308,no,"the line between them leaves the walkable area (a wall's thickness, or another floor)",
wall of tile 001031 (room 0x32),wall of tile 000B31 (room 0x32),18.308,no,"the line between them leaves the walkable area (a wall's thickness, or another floor)",
wall of tile 001031 (room 0x32),generic 0x1e9f8c (preset 0x2712),45.590,yes,,
wall of tile 001031 (room 0x32),generic 0x1e9f8c (preset 0x2712),55.724,no,"another wall pokes into the space between them, so a tighter pair covers this gap",wall of tile 000F31 (room 0x32)
wall of tile 001031 (room 0x32),generic 0x1e9f8c (preset 0x2712),55.871,no,the line between them touches another wall,generic 0x1e9f8c (preset 0x2712)
wall of tile 001031 (room 0x32),wall of tile 000F31 (room 0x32),18.308,no,the line between them touches another wall,wall of tile 001031 (room 0x32)
wall of tile 001031 (room 0x32),wall of tile 000B32 (room 0x32),18.308,no,"the line between them leaves the walkable area (a wall's thickness, or another floor)",
wall of tile 001031 (room 0x32),wall of tile 000B31 (room 0x32),18.308,no,"the line between them leaves the walkable area (a wall's thickness, or another floor)",
wall of tile 000F31 (room 0x32),wall of tile 000B31 (room 0x32),18.308,no,the line between them touches another wall,wall of tile 000B32 (room 0x32)
wall of tile 000F31 (room 0x32),generic 0x1e9f8c (preset 0x2712),45.590,yes,,
wall of tile 000F31 (room 0x32),generic 0x1e9f8c (preset 0x2712),47.614,no,"another wall pokes into the space between them, so a tighter pair covers this gap",generic 0x1e9f8c (preset 0x2712)
wall of tile 000F31 (room 0x32),generic 0x1e9f8c (preset 0x2712),47.786,no,the line between them touches another wall,generic 0x1e9f8c (preset 0x2712)
wall of tile 000B32 (room 0x32),generic 0x1e9f8c (preset 0x2712),45.591,no,"another wall pokes into the space between them, so a tighter pair covers this gap",wall of tile 000F31 (room 0x32)
wall of tile 000B32 (room 0x32),generic 0x1e9f8c (preset 0x2712),47.614,no,"another wall pokes into the space between them, so a tighter pair covers this gap",generic 0x1e9f8c (preset 0x2712)
wall of tile 000B32 (room 0x32),generic 0x1e9f8c (preset 0x2712),47.786,no,the line between them touches another wall,generic 0x1e9f8c (preset 0x2712)
wall of tile 000A31 (room 0x32),wall of tile 002532 (room 0x32),13.731,no,"the line between them leaves the walkable area (a wall's thickness, or another floor)",
wall of tile 000A31 (room 0x32),wall of tile 002531 (room 0x32),13.731,no,"the line between them leaves the walkable area (a wall's thickness, or another floor)",
wall of tile 000A31 (room 0x32),wall of tile 002532 (room 0x32),13.731,no,"the line between them leaves the walkable area (a wall's thickness, or another floor)",
wall of tile 000A31 (room 0x32),wall of tile 002A32 (room 0x32),18.308,no,the line between them touches another wall,wall of tile 000A31 (room 0x32)
wall of tile 000A31 (room 0x32),wall of tile 002531 (room 0x32),13.731,no,"the line between them leaves the walkable area (a wall's thickness, or another floor)",
wall of tile 002A32 (room 0x32),wall of tile 002531 (room 0x32),18.308,no,the line between them touches another wall,wall of tile 002532 (room 0x32)
wall of tile 001E31 (room 0x32),wall of tile 000132 (room 0x32),13.731,no,"the line between them leaves the walkable area (a wall's thickness, or another floor)",
wall of tile 001E31 (room 0x32),wall of tile 000131 (room 0x32),13.731,no,"the line between them leaves the walkable area (a wall's thickness, or another floor)",
wall of tile 001E31 (room 0x32),wall of tile 002331 (room 0x32),22.886,no,the line between them touches another wall,wall of tile 001E31 (room 0x32)
wall of tile 001E31 (room 0x32),wall of tile 000132 (room 0x32),13.731,no,"the line between them leaves the walkable area (a wall's thickness, or another floor)",
wall of tile 001E31 (room 0x32),wall of tile 000131 (room 0x32),13.731,no,"the line between them leaves the walkable area (a wall's thickness, or another floor)",
wall of tile 002331 (room 0x32),wall of tile 000131 (room 0x32),22.886,no,the line between them touches another wall,wall of tile 000132 (room 0x32)
wall of tile 000131 (room 0x32),generic 0x1ea68c (preset 0x2721),13.606,yes,,
wall of tile 000131 (room 0x32),generic 0x1ea68c (preset 0x2721),13.606,yes,,
wall of tile 000231 (room 0x32),wall of tile 000732 (room 0x32),18.308,no,"the line between them leaves the walkable area (a wall's thickness, or another floor)",
wall of tile 000231 (room 0x32),wall of tile 000731 (room 0x32),18.308,no,"the line between them leaves the walkable area (a wall's thickness, or another floor)",
wall of tile 000231 (room 0x32),wall of tile 000632 (room 0x32),22.886,no,the line between them touches another wall,wall of tile 000231 (room 0x32)
wall of tile 000231 (room 0x32),wall of tile 000732 (room 0x32),18.308,no,"the line between them leaves the walkable area (a wall's thickness, or another floor)",
wall of tile 000231 (room 0x32),wall of tile 000731 (room 0x32),18.308,no,"the line between them leaves the walkable area (a wall's thickness, or another floor)",
wall of tile 000231 (room 0x32),generic 0x1ea68c (preset 0x2721),52.154,no,"another wall pokes into the space between them, so a tighter pair covers this gap",wall of tile 000131 (room 0x32)
wall of tile 000231 (room 0x32),generic 0x1ea68c (preset 0x2721),13.606,no,"another wall pokes into the space between them, so a tighter pair covers this gap",wall of tile 000131 (room 0x32)
wall of tile 000632 (room 0x32),wall of tile 000731 (room 0x32),22.886,no,the line between them touches another wall,wall of tile 000732 (room 0x32)
wall of tile 000632 (room 0x32),generic 0x1ea68c (preset 0x2721),9.278,no,the line between them touches another wall,generic 0x1ea68c (preset 0x2721)
wall of tile 000731 (room 0x32),wall of tile 000831 (room 0x32),18.308,no,the line between them touches another wall,wall of tile 000832 (room 0x32)
wall of tile 000731 (room 0x32),wall of tile 069600 (room 0x08),22.886,no,"the line between them leaves the walkable area (a wall's thickness, or another floor)",
wall of tile 000731 (room 0x32),wall of tile 017700 (room 0x08),26.689,no,"the line between them leaves the walkable area (a wall's thickness, or another floor)",
wall of tile 000731 (room 0x32),wall of tile 000832 (room 0x32),22.886,no,the line between them touches another wall,wall of tile 000731 (room 0x32)
wall of tile 000731 (room 0x32),wall of tile 000831 (room 0x32),29.308,no,"the line between them leaves the walkable area (a wall's thickness, or another floor)",
wall of tile 000731 (room 0x32),wall of tile 069600 (room 0x08),22.886,no,"the line between them leaves the walkable area (a wall's thickness, or another floor)",
wall of tile 000731 (room 0x32),wall of tile 017700 (room 0x08),26.689,no,"the line between them leaves the walkable area (a wall's thickness, or another floor)",
wall of tile 000731 (room 0x32),generic 0x1ea68c (preset 0x2721),13.732,no,the line between them touches another wall,generic 0x1ea68c (preset 0x2721)
wall of tile 000731 (room 0x32),generic 0x1ea68c (preset 0x2721),13.607,no,"the line between them leaves the walkable area (a wall's thickness, or another floor)",
wall of tile 000731 (room 0x32),generic 0x1ea68c (preset 0x2721),13.608,no,"another wall pokes into the space between them, so a tighter pair covers this gap",generic 0x1ea68c (preset 0x2721)
wall of tile 000832 (room 0x32),wall of tile 069600 (room 0x08),4.577,no,"the line between them leaves the walkable area (a wall's thickness, or another floor)",
wall of tile 000832 (room 0x32),wall of tile 017700 (room 0x08),36.902,no,"the line between them leaves the walkable area (a wall's thickness, or another floor)",
wall of tile 000831 (room 0x32),wall of tile 069600 (room 0x08),0.124,no,"the line between them leaves the walkable area (a wall's thickness, or another floor)",
wall of tile 000831 (room 0x32),wall of tile 017700 (room 0x08),36.902,no,"the line between them leaves the walkable area (a wall's thickness, or another floor)",
wall of tile 000831 (room 0x32),door 0x1ed930 (preset 0x001b),4.577,no,"another wall pokes into the space between them, so a tighter pair covers this gap",door 0x1ed930 (preset 0x001b)
wall of tile 000831 (room 0x32),door 0x1ed930 (preset 0x001b),4.577,no,"another wall pokes into the space between them, so a tighter pair covers this gap",door 0x1ed930 (preset 0x001b)
wall of tile 000831 (room 0x32),door 0x1ed930 (preset 0x001b),0.000,yes,,
wall of tile 069600 (room 0x08),door 0x1ed930 (preset 0x001b),10.235,no,"another wall pokes into the space between them, so a tighter pair covers this gap",wall of tile 000831 (room 0x32)
wall of tile 069600 (room 0x08),door 0x1ed930 (preset 0x001b),10.235,no,"the line between them leaves the walkable area (a wall's thickness, or another floor)",
wall of tile 069600 (room 0x08),door 0x1ed930 (preset 0x001b),9.155,no,the line between them touches another wall,wall of tile 000831 (room 0x32)
wall of tile 017700 (room 0x08),wall of tile 0D3F0A (room 0x0a),13.731,no,"the line between them leaves the walkable area (a wall's thickness, or another floor)",
wall of tile 02BF0A (room 0x0a),wall of tile 02C50A (room 0x0a),13.731,no,the line between them touches another wall,wall of tile 02940A (room 0x0a)
wall of tile 02C60A (room 0x0a),wall of tile 026909 (room 0x0b),27.463,no,"the line between them leaves the walkable area (a wall's thickness, or another floor)",
wall of tile 02C60A (room 0x0a),wall of tile 026909 (room 0x0b),27.463,no,"the line between them leaves the walkable area (a wall's thickness, or another floor)",
wall of tile 02C509 (room 0x0a),wall of tile 02C609 (room 0x0a),9.154,no,"another wall pokes into the space between them, so a tighter pair covers this gap",wall of tile 02C60A (room 0x0a)
wall of tile 02C509 (room 0x0a),wall of tile 026909 (room 0x0b),36.617,no,"the line between them leaves the walkable area (a wall's thickness, or another floor)",
wall of tile 02C509 (room 0x0a),wall of tile 026909 (room 0x0b),36.617,no,"the line between them leaves the walkable area (a wall's thickness, or another floor)",
wall of tile 02C609 (room 0x0a),wall of tile 026909 (room 0x0b),27.463,no,"the line between them leaves the walkable area (a wall's thickness, or another floor)",
wall of tile 02C609 (room 0x0a),wall of tile 026909 (room 0x0b),27.463,no,"the line between them leaves the walkable area (a wall's thickness, or another floor)",
wall of tile 02C609 (room 0x0a),door 0x1eda30 (preset 0x001c),4.529,no,"the line between them leaves the walkable area (a wall's thickness, or another floor)",
wall of tile 02C609 (room 0x0a),door 0x1eda30 (preset 0x001c),4.529,no,"the line between them leaves the walkable area (a wall's thickness, or another floor)",
wall of tile 02C609 (room 0x0a),door 0x1eda30 (preset 0x001c),4.529,no,"the line between them leaves the walkable area (a wall's thickness, or another floor)",
wall of tile 02C609 (room 0x0a),door 0x1eda30 (preset 0x001c),13.683,no,"the line between them leaves the walkable area (a wall's thickness, or another floor)",
wall of tile 0E4B09 (room 0x0a),door 0x1eda30 (preset 0x001c),5.659,no,"the line between them leaves the walkable area (a wall's thickness, or another floor)",
wall of tile 0E4B09 (room 0x0a),door 0x1eda30 (preset 0x001c),5.659,no,"the line between them leaves the walkable area (a wall's thickness, or another floor)",
wall of tile 0E4B0A (room 0x0a),door 0x1eda30 (preset 0x001c),4.577,no,the line between them touches another wall,door 0x1eda30 (preset 0x001c)
wall of tile 0E4B0A (room 0x0a),door 0x1eda30 (preset 0x001c),9.781,no,"the line between them leaves the walkable area (a wall's thickness, or another floor)",
wall of tile 0E4B0A (room 0x0a),door 0x1eda30 (preset 0x001c),9.154,no,the line between them touches another wall,wall of tile 02C709 (room 0x0a)
wall of tile 02920A (room 0x0b),generic 0x1ea30c (preset 0x271a),45.771,no,"another wall pokes into the space between them, so a tighter pair covers this gap",generic 0x1ea30c (preset 0x271a)
wall of tile 02920A (room 0x0b),generic 0x1ea30c (preset 0x271a),45.769,yes,,
wall of tile 02920A (room 0x0b),generic 0x1ea30c (preset 0x271a),45.769,yes,,
wall of tile 02920A (room 0x0b),generic 0x1ea30c (preset 0x271a),45.769,yes,,
wall of tile 02670A (room 0x0b),wall of tile 02C40A (room 0x0a),22.886,no,"the line between them leaves the walkable area (a wall's thickness, or another floor)",
wall of tile 02670A (room 0x0b),wall of tile 02C409 (room 0x0a),26.689,no,"the line between them leaves the walkable area (a wall's thickness, or another floor)",
wall of tile 02670A (room 0x0b),wall of tile 017B08 (room 0x1b),22.886,no,"the line between them leaves the walkable area (a wall's thickness, or another floor)",
wall of tile 02670A (room 0x0b),wall of tile 0D5B08 (room 0x1b),22.886,no,"the line between them leaves the walkable area (a wall's thickness, or another floor)",
wall of tile 026709 (room 0x0b),wall of tile 02C40A (room 0x0a),22.886,no,"the line between them leaves the walkable area (a wall's thickness, or another floor)",
wall of tile 026709 (room 0x0b),wall of tile 02C409 (room 0x0a),26.689,no,"the line between them leaves the walkable area (a wall's thickness, or another floor)",
wall of tile 026709 (room 0x0b),wall of tile 017B08 (room 0x1b),22.886,no,"the line between them leaves the walkable area (a wall's thickness, or another floor)",
wall of tile 026709 (room 0x0b),wall of tile 0D5B08 (room 0x1b),22.886,no,"the line between them leaves the walkable area (a wall's thickness, or another floor)",
wall of tile 026709 (room 0x0b),door 0x1edc30 (preset 0x001e),27.463,no,"the line between them leaves the walkable area (a wall's thickness, or another floor)",
wall of tile 026709 (room 0x0b),door 0x1edc30 (preset 0x001e),18.308,no,"the line between them leaves the walkable area (a wall's thickness, or another floor)",
wall of tile 026709 (room 0x0b),door 0x1edc30 (preset 0x001e),18.308,no,"the line between them leaves the walkable area (a wall's thickness, or another floor)",
wall of tile 026709 (room 0x0b),door 0x1edc30 (preset 0x001e),18.309,no,"the line between them leaves the walkable area (a wall's thickness, or another floor)",
wall of tile 0E490A (room 0x0a),door 0x1edc30 (preset 0x001e),4.577,no,the line between them touches another wall,door 0x1edc30 (preset 0x001e)
wall of tile 0E490A (room 0x0a),door 0x1edc30 (preset 0x001e),5.949,no,"the line between them leaves the walkable area (a wall's thickness, or another floor)",
wall of tile 0E490A (room 0x0a),door 0x1edc30 (preset 0x001e),4.576,no,the line between them touches another wall,wall of tile 02C40A (room 0x0a)
wall of tile 0E4909 (room 0x0a),door 0x1edc30 (preset 0x001e),4.577,no,the line between them touches another wall,door 0x1edc30 (preset 0x001e)
wall of tile 0E4909 (room 0x0a),door 0x1edc30 (preset 0x001e),6.473,no,the line between them touches another wall,door 0x1edc30 (preset 0x001e)
wall of tile 0E4909 (room 0x0a),door 0x1edc30 (preset 0x001e),4.577,no,the line between them touches another wall,wall of tile 02C809 (room 0x0a)
wall of tile 02C40A (room 0x0a),door 0x1edc30 (preset 0x001e),4.577,no,the line between them touches another wall,door 0x1edc30 (preset 0x001e)
wall of tile 02C40A (room 0x0a),door 0x1edc30 (preset 0x001e),4.577,no,"the line between them leaves the walkable area (a wall's thickness, or another floor)",
wall of tile 02C40A (room 0x0a),door 0x1edc30 (preset 0x001e),4.577,no,"the line between them leaves the walkable area (a wall's thickness, or another floor)",
wall of tile 02C409 (room 0x0a),wall of tile 017B08 (room 0x1b),6.844,no,"the line between them leaves the walkable area (a wall's thickness, or another floor)",
wall of tile 02C409 (room 0x0a),wall of tile 02AE09 (room 0x0a),13.731,no,the line between them touches another wall,wall of tile 02C409 (room 0x0a)
wall of tile 02AE09 (room 0x0a),wall of tile 017B08 (room 0x1b),20.531,no,"the line between them leaves the walkable area (a wall's thickness, or another floor)",
wall of tile 02AD0A (room 0x0a),wall of tile 0E4E09 (room 0x0a),54.925,no,"the line between them leaves the walkable area (a wall's thickness, or another floor)",
wall of tile 0E4A09 (room 0x0a),door 0x1edb30 (preset 0x001d),4.577,no,the line between them touches another wall,door 0x1edb30 (preset 0x001d)
wall of tile 0E4A09 (room 0x0a),door 0x1edb30 (preset 0x001d),6.473,no,the line between them touches another wall,door 0x1edb30 (preset 0x001d)
wall of tile 0E4A09 (room 0x0a),door 0x1edb30 (preset 0x001d),4.577,no,the line between them touches another wall,wall of tile 02C709 (room 0x0a)
wall of tile 02C709 (room 0x0a),wall of tile 027408 (room 0x0b),22.969,no,"the line between them leaves the walkable area (a wall's thickness, or another floor)",
wall of tile 02C709 (room 0x0a),door 0x1eda30 (preset 0x001c),4.577,no,the line between them touches another wall,door 0x1eda30 (preset 0x001c)
wall of tile 02C709 (room 0x0a),door 0x1eda30 (preset 0x001c),4.577,no,"the line between them leaves the walkable area (a wall's thickness, or another floor)",
wall of tile 02C709 (room 0x0a),door 0x1eda30 (preset 0x001c),4.577,no,"the line between them leaves the walkable area (a wall's thickness, or another floor)",
wall of tile 02C709 (room 0x0a),door 0x1edb30 (preset 0x001d),4.577,no,the line between them touches another wall,door 0x1edb30 (preset 0x001d)
wall of tile 02C709 (room 0x0a),door 0x1edb30 (preset 0x001d),4.577,no,the line between them touches another wall,door 0x1edb30 (preset 0x001d)
wall of tile 02C709 (room 0x0a),door 0x1edb30 (preset 0x001d),4.577,no,"the line between them leaves the walkable area (a wall's thickness, or another floor)",
wall of tile 0E4A0A (room 0x0a),door 0x1edb30 (preset 0x001d),4.577,no,the line between them touches another wall,door 0x1edb30 (preset 0x001d)
wall of tile 0E4A0A (room 0x0a),door 0x1edb30 (preset 0x001d),9.874,no,"the line between them leaves the walkable area (a wall's thickness, or another floor)",
wall of tile 0E4A0A (room 0x0a),door 0x1edb30 (preset 0x001d),9.154,no,the line between them touches another wall,wall of tile 02C809 (room 0x0a)
wall of tile 027408 (room 0x0b),door 0x1eda30 (preset 0x001c),31.770,no,"the line between them leaves the walkable area (a wall's thickness, or another floor)",
wall of tile 027408 (room 0x0b),door 0x1eda30 (preset 0x001c),22.617,no,"the line between them leaves the walkable area (a wall's thickness, or another floor)",
wall of tile 027408 (room 0x0b),door 0x1eda30 (preset 0x001c),22.617,no,"the line between them leaves the walkable area (a wall's thickness, or another floor)",
wall of tile 027408 (room 0x0b),door 0x1eda30 (preset 0x001c),22.617,no,"the line between them leaves the walkable area (a wall's thickness, or another floor)",
wall of tile 027408 (room 0x0b),door 0x1edb30 (preset 0x001d),27.463,no,the line between them touches another wall,door 0x1edb30 (preset 0x001d)
wall of tile 027408 (room 0x0b),door 0x1edb30 (preset 0x001d),27.633,no,"the line between them leaves the walkable area (a wall's thickness, or another floor)",
wall of tile 027408 (room 0x0b),door 0x1edb30 (preset 0x001d),18.481,no,"the line between them leaves the walkable area (a wall's thickness, or another floor)",
wall of tile 027408 (room 0x0b),door 0x1edb30 (preset 0x001d),18.308,no,"another wall pokes into the space between them, so a tighter pair covers this gap",wall of tile 0E4A09 (room 0x0a)
wall of tile 029008 (room 0x0b),wall of tile 02C809 (room 0x0a),22.886,no,"the line between them leaves the walkable area (a wall's thickness, or another floor)",
wall of tile 029008 (room 0x0b),door 0x1edb30 (preset 0x001d),27.463,no,"the line between them leaves the walkable area (a wall's thickness, or another floor)",
wall of tile 029008 (room 0x0b),door 0x1edb30 (preset 0x001d),18.308,no,"the line between them leaves the walkable area (a wall's thickness, or another floor)",
wall of tile 029008 (room 0x0b),door 0x1edb30 (preset 0x001d),18.308,no,"the line between them leaves the walkable area (a wall's thickness, or another floor)",
wall of tile 029008 (room 0x0b),door 0x1edb30 (preset 0x001d),18.309,no,"the line between them leaves the walkable area (a wall's thickness, or another floor)",
wall of tile 029008 (room 0x0b),door 0x1edc30 (preset 0x001e),27.463,no,"the line between them leaves the walkable area (a wall's thickness, or another floor)",
wall of tile 029008 (room 0x0b),door 0x1edc30 (preset 0x001e),27.462,no,"the line between them leaves the walkable area (a wall's thickness, or another floor)",
wall of tile 029008 (room 0x0b),door 0x1edc30 (preset 0x001e),18.308,no,"the line between them leaves the walkable area (a wall's thickness, or another floor)",
wall of tile 029008 (room 0x0b),door 0x1edc30 (preset 0x001e),18.308,no,"the line between them leaves the walkable area (a wall's thickness, or another floor)",
wall of tile 02C809 (room 0x0a),door 0x1edb30 (preset 0x001d),4.577,no,the line between them touches another wall,door 0x1edb30 (preset 0x001d)
wall of tile 02C809 (room 0x0a),door 0x1edb30 (preset 0x001d),4.577,no,"the line between them leaves the walkable area (a wall's thickness, or another floor)",
wall of tile 02C809 (room 0x0a),door 0x1edb30 (preset 0x001d),4.577,no,"the line between them leaves the walkable area (a wall's thickness, or another floor)",
wall of tile 02C809 (room 0x0a),door 0x1edc30 (preset 0x001e),4.577,no,the line between them touches another wall,door 0x1edc30 (preset 0x001e)
wall of tile 02C809 (room 0x0a),door 0x1edc30 (preset 0x001e),4.577,no,the line between them touches another wall,door 0x1edc30 (preset 0x001e)
wall of tile 02C809 (room 0x0a),door 0x1edc30 (preset 0x001e),4.577,no,"the line between them leaves the walkable area (a wall's thickness, or another floor)",
wall of tile 026909 (room 0x0b),door 0x1eda30 (preset 0x001c),27.463,no,"the line between them leaves the walkable area (a wall's thickness, or another floor)",
wall of tile 026909 (room 0x0b),door 0x1eda30 (preset 0x001c),27.462,no,"the line between them leaves the walkable area (a wall's thickness, or another floor)",
wall of tile 026909 (room 0x0b),door 0x1eda30 (preset 0x001c),18.308,no,"the line between them leaves the walkable area (a wall's thickness, or another floor)",
wall of tile 026909 (room 0x0b),door 0x1eda30 (preset 0x001c),18.308,no,"the line between them leaves the walkable area (a wall's thickness, or another floor)",
wall of tile 018408 (room 0x1b),wall of tile 0D5E0A (room 0x1b),41.194,no,the line between them touches another wall,wall of tile 0D5E0A (room 0x1b)
wall of tile 018708 (room 0x1b),generic 0x1ea30c (preset 0x271a),45.771,no,"the line between them leaves the walkable area (a wall's thickness, or another floor)",
wall of tile 018708 (room 0x1b),generic 0x1ea30c (preset 0x271a),45.769,no,"the line between them leaves the walkable area (a wall's thickness, or another floor)",
wall of tile 018508 (room 0x1b),generic 0x1ea30c (preset 0x271a),45.769,no,"the line between them leaves the walkable area (a wall's thickness, or another floor)",
wall of tile 018508 (room 0x1b),generic 0x1ea30c (preset 0x271a),45.769,no,"the line between them leaves the walkable area (a wall's thickness, or another floor)",
wall of tile 018508 (room 0x1b),generic 0x1ea30c (preset 0x271a),45.769,no,"the line between them leaves the walkable area (a wall's thickness, or another floor)",
wall of tile 018908 (room 0x1b),wall of tile 001141 (room 0x3a),4.577,no,"the line between them leaves the walkable area (a wall's thickness, or another floor)",
wall of tile 018908 (room 0x1b),wall of tile 001141 (room 0x3a),0.371,no,"the line between them leaves the walkable area (a wall's thickness, or another floor)",
wall of tile 018908 (room 0x1b),wall of tile 001042 (room 0x3a),22.886,no,"the line between them leaves the walkable area (a wall's thickness, or another floor)",
wall of tile 018908 (room 0x1b),wall of tile 001041 (room 0x3a),22.886,no,"the line between them leaves the walkable area (a wall's thickness, or another floor)",
wall of tile 018908 (room 0x1b),door 0x1edd30 (preset 0x001f),27.463,no,"another wall pokes into the space between them, so a tighter pair covers this gap",wall of tile 001141 (room 0x3a)
wall of tile 018908 (room 0x1b),door 0x1edd30 (preset 0x001f),27.463,no,the line between them touches another wall,wall of tile 001141 (room 0x3a)
wall of tile 018908 (room 0x1b),door 0x1edd30 (preset 0x001f),27.842,no,"the line between them leaves the walkable area (a wall's thickness, or another floor)",
wall of tile 018B08 (room 0x1b),wall of tile 001041 (room 0x3a),18.308,no,"the line between them leaves the walkable area (a wall's thickness, or another floor)",
wall of tile 018B08 (room 0x1b),wall of tile 001141 (room 0x3a),36.617,no,"the line between them leaves the walkable area (a wall's thickness, or another floor)",
wall of tile 018B08 (room 0x1b),wall of tile 001141 (room 0x3a),36.617,no,"the line between them leaves the walkable area (a wall's thickness, or another floor)",
wall of tile 018B08 (room 0x1b),wall of tile 001042 (room 0x3a),18.308,no,"the line between them leaves the walkable area (a wall's thickness, or another floor)",
wall of tile 018B08 (room 0x1b),wall of tile 001041 (room 0x3a),18.308,no,"the line between them leaves the walkable area (a wall's thickness, or another floor)",
wall of tile 01810A (room 0x1b),door 0x1edd30 (preset 0x001f),0.000,no,the line between them touches another wall,door 0x1edd30 (preset 0x001f)
wall of tile 01810A (room 0x1b),door 0x1edd30 (preset 0x001f),4.577,no,"the line between them leaves the walkable area (a wall's thickness, or another floor)",
wall of tile 01810A (room 0x1b),door 0x1edd30 (preset 0x001f),0.000,no,"another wall pokes into the space between them, so a tighter pair covers this gap",door 0x1edd30 (preset 0x001f)
wall of tile 01810A (room 0x1b),door 0x1edd30 (preset 0x001f),0.000,yes,,
wall of tile 01810A (room 0x1b),door 0x1edd30 (preset 0x001f),4.577,no,"another wall pokes into the space between them, so a tighter pair covers this gap",wall of tile 001141 (room 0x3a)
wall of tile 017E08 (room 0x1b),wall of tile 000741 (room 0x3a),22.886,no,"the line between them leaves the walkable area (a wall's thickness, or another floor)",
wall of tile 017E08 (room 0x1b),wall of tile 000741 (room 0x3a),22.886,no,"the line between them leaves the walkable area (a wall's thickness, or another floor)",
wall of tile 017E08 (room 0x1b),wall of tile 000842 (room 0x3a),4.577,no,"the line between them leaves the walkable area (a wall's thickness, or another floor)",
wall of tile 017E08 (room 0x1b),wall of tile 000841 (room 0x3a),0.371,no,"the line between them leaves the walkable area (a wall's thickness, or another floor)",
wall of tile 017E08 (room 0x1b),door 0x1edd30 (preset 0x001f),27.462,no,the line between them touches another wall,wall of tile 01810A (room 0x1b)
wall of tile 017E08 (room 0x1b),door 0x1edd30 (preset 0x001f),27.462,no,"another wall pokes into the space between them, so a tighter pair covers this gap",wall of tile 01810A (room 0x1b)
wall of tile 017E08 (room 0x1b),door 0x1edd30 (preset 0x001f),27.841,no,"the line between them leaves the walkable area (a wall's thickness, or another floor)",
wall of tile 001141 (room 0x3a),wall of tile 001041 (room 0x3a),18.308,no,the line between them touches another wall,wall of tile 001042 (room 0x3a)
wall of tile 001141 (room 0x3a),wall of tile 001042 (room 0x3a),18.308,no,the line between them touches another wall,wall of tile 001141 (room 0x3a)
wall of tile 001141 (room 0x3a),wall of tile 001041 (room 0x3a),25.892,no,"the line between them leaves the walkable area (a wall's thickness, or another floor)",
wall of tile 001141 (room 0x3a),door 0x1edd30 (preset 0x001f),0.000,no,"another wall pokes into the space between them, so a tighter pair covers this gap",door 0x1edd30 (preset 0x001f)
wall of tile 001141 (room 0x3a),door 0x1edd30 (preset 0x001f),0.000,yes,,
wall of tile 001141 (room 0x3a),door 0x1edd30 (preset 0x001f),4.577,no,"another wall pokes into the space between them, so a tighter pair covers this gap",door 0x1edd30 (preset 0x001f)
wall of tile 001041 (room 0x3a),wall of tile 000B42 (room 0x3a),13.731,no,"the line between them leaves the walkable area (a wall's thickness, or another floor)",
wall of tile 001041 (room 0x3a),wall of tile 000B41 (room 0x3a),13.731,no,"the line between them leaves the walkable area (a wall's thickness, or another floor)",
wall of tile 001041 (room 0x3a),wall of tile 000F41 (room 0x3a),18.308,no,the line between them touches another wall,wall of tile 001041 (room 0x3a)
wall of tile 001041 (room 0x3a),wall of tile 000B42 (room 0x3a),13.731,no,"the line between them leaves the walkable area (a wall's thickness, or another floor)",
wall of tile 001041 (room 0x3a),wall of tile 000B41 (room 0x3a),13.731,no,"the line between them leaves the walkable area (a wall's thickness, or another floor)",
wall of tile 000F41 (room 0x3a),wall of tile 000B41 (room 0x3a),18.308,no,the line between them touches another wall,wall of tile 000B42 (room 0x3a)
wall of tile 000A41 (room 0x3a),wall of tile 002542 (room 0x3a),18.308,no,"the line between them leaves the walkable area (a wall's thickness, or another floor)",
wall of tile 000A41 (room 0x3a),wall of tile 002541 (room 0x3a),18.308,no,"the line between them leaves the walkable area (a wall's thickness, or another floor)",
wall of tile 000A41 (room 0x3a),wall of tile 002542 (room 0x3a),18.308,no,"the line between them leaves the walkable area (a wall's thickness, or another floor)",
wall of tile 000A41 (room 0x3a),wall of tile 002A42 (room 0x3a),18.308,no,the line between them touches another wall,wall of tile 000A41 (room 0x3a)
wall of tile 000A41 (room 0x3a),wall of tile 002541 (room 0x3a),18.308,no,"the line between them leaves the walkable area (a wall's thickness, or another floor)",
wall of tile 002A42 (room 0x3a),wall of tile 002541 (room 0x3a),18.308,no,the line between them touches another wall,wall of tile 002542 (room 0x3a)
wall of tile 001E41 (room 0x3a),wall of tile 000142 (room 0x3a),18.308,no,"the line between them leaves the walkable area (a wall's thickness, or another floor)",
wall of tile 001E41 (room 0x3a),wall of tile 000141 (room 0x3a),18.308,no,"the line between them leaves the walkable area (a wall's thickness, or another floor)",
wall of tile 001E41 (room 0x3a),wall of tile 002341 (room 0x3a),22.886,no,the line between them touches another wall,wall of tile 001E41 (room 0x3a)
wall of tile 001E41 (room 0x3a),wall of tile 000142 (room 0x3a),18.308,no,"the line between them leaves the walkable area (a wall's thickness, or another floor)",
wall of tile 001E41 (room 0x3a),wall of tile 000141 (room 0x3a),18.308,no,"the line between them leaves the walkable area (a wall's thickness, or another floor)",
wall of tile 002341 (room 0x3a),wall of tile 000141 (room 0x3a),22.886,no,the line between them touches another wall,wall of tile 000142 (room 0x3a)
wall of tile 000241 (room 0x3a),wall of tile 000742 (room 0x3a),13.731,no,"the line between them leaves the walkable area (a wall's thickness, or another floor)",
wall of tile 000241 (room 0x3a),wall of tile 000741 (room 0x3a),13.731,no,"the line between them leaves the walkable area (a wall's thickness, or another floor)",
wall of tile 000241 (room 0x3a),wall of tile 000642 (room 0x3a),22.886,no,the line between them touches another wall,wall of tile 000241 (room 0x3a)
wall of tile 000241 (room 0x3a),wall of tile 000742 (room 0x3a),13.731,no,"the line between them leaves the walkable area (a wall's thickness, or another floor)",
wall of tile 000241 (room 0x3a),wall of tile 000741 (room 0x3a),13.731,no,"the line between them leaves the walkable area (a wall's thickness, or another floor)",
wall of tile 000642 (room 0x3a),wall of tile 000741 (room 0x3a),22.886,no,the line between them touches another wall,wall of tile 000742 (room 0x3a)
wall of tile 000741 (room 0x3a),wall of tile 000841 (room 0x3a),18.308,no,the line between them touches another wall,wall of tile 000842 (room 0x3a)
wall of tile 000741 (room 0x3a),wall of tile 017D08 (room 0x1b),13.731,no,"the line between them leaves the walkable area (a wall's thickness, or another floor)",
wall of tile 000741 (room 0x3a),wall of tile 000842 (room 0x3a),22.886,no,the line between them touches another wall,wall of tile 000741 (room 0x3a)
wall of tile 000741 (room 0x3a),wall of tile 000841 (room 0x3a),29.308,no,"the line between them leaves the walkable area (a wall's thickness, or another floor)",
wall of tile 000741 (room 0x3a),wall of tile 017D08 (room 0x1b),13.731,no,"the line between them leaves the walkable area (a wall's thickness, or another floor)",
wall of tile 000741 (room 0x3a),wall of tile 017C0A (room 0x1b),13.731,no,"the line between them leaves the walkable area (a wall's thickness, or another floor)",
wall of tile 000741 (room 0x3a),wall of tile 017C09 (room 0x1b),13.731,no,"the line between them leaves the walkable area (a wall's thickness, or another floor)",
wall of tile 000842 (room 0x3a),wall of tile 017D08 (room 0x1b),36.617,no,"the line between them leaves the walkable area (a wall's thickness, or another floor)",
wall of tile 000841 (room 0x3a),wall of tile 017D08 (room 0x1b),36.617,no,"the line between them leaves the walkable area (a wall's thickness, or another floor)",
wall of tile 000841 (room 0x3a),door 0x1edd30 (preset 0x001f),0.000,no,the line between them touches another wall,door 0x1edd30 (preset 0x001f)
wall of tile 000841 (room 0x3a),door 0x1edd30 (preset 0x001f),4.577,no,"another wall pokes into the space between them, so a tighter pair covers this gap",door 0x1edd30 (preset 0x001f)
wall of tile 017308 (room 0x1b),wall of tile 001D69 (room 0x4e),18.308,no,"the line between them leaves the walkable area (a wall's thickness, or another floor)",
wall of tile 017308 (room 0x1b),wall of tile 00296A (room 0x4e),18.308,no,"the line between them leaves the walkable area (a wall's thickness, or another floor)",
wall of tile 017308 (room 0x1b),wall of tile 001D6A (room 0x4e),18.308,no,"the line between them leaves the walkable area (a wall's thickness, or another floor)",
wall of tile 017D08 (room 0x1b),wall of tile 017C09 (room 0x1b),54.925,no,the line between them touches another wall,wall of tile 017C09 (room 0x1b)
wall of tile 017D08 (room 0x1b),wall of tile 017C09 (room 0x1b),54.925,no,the line between them touches another wall,wall of tile 017C0A (room 0x1b)
wall of tile 0D5809 (room 0x1b),wall of tile 000A69 (room 0x4e),43.311,no,"the line between them leaves the walkable area (a wall's thickness, or another floor)",
wall of tile 0D5809 (room 0x1b),wall of tile 000A69 (room 0x4e),43.311,no,"the line between them leaves the walkable area (a wall's thickness, or another floor)",
wall of tile 0D5809 (room 0x1b),wall of tile 00256A (room 0x4e),41.967,no,"the line between them leaves the walkable area (a wall's thickness, or another floor)",
wall of tile 0D5809 (room 0x1b),wall of tile 002569 (room 0x4e),32.110,no,"the line between them leaves the walkable area (a wall's thickness, or another floor)",
wall of tile 0D5809 (room 0x1b),wall of tile 00296A (room 0x4e),18.308,no,"the line between them leaves the walkable area (a wall's thickness, or another floor)",
wall of tile 0D580A (room 0x1b),wall of tile 000A69 (room 0x4e),51.174,no,"the line between them leaves the walkable area (a wall's thickness, or another floor)",
wall of tile 0D580A (room 0x1b),wall of tile 000A69 (room 0x4e),45.771,no,"the line between them leaves the walkable area (a wall's thickness, or another floor)",
wall of tile 0D580A (room 0x1b),wall of tile 00256A (room 0x4e),58.616,no,"the line between them leaves the walkable area (a wall's thickness, or another floor)",
wall of tile 0D580A (room 0x1b),wall of tile 002569 (room 0x4e),58.616,no,"the line between them leaves the walkable area (a wall's thickness, or another floor)",
wall of tile 017008 (room 0x1b),wall of tile 001069 (room 0x4e),18.308,no,"the line between them leaves the walkable area (a wall's thickness, or another floor)",
wall of tile 017008 (room 0x1b),wall of tile 001069 (room 0x4e),18.308,no,"the line between them leaves the walkable area (a wall's thickness, or another floor)",
wall of tile 017008 (room 0x1b),wall of tile 000F69 (room 0x4e),36.617,no,"the line between them leaves the walkable area (a wall's thickness, or another floor)",
wall of tile 017008 (room 0x1b),wall of tile 000B6A (room 0x4e),18.308,no,"the line between them leaves the walkable area (a wall's thickness, or another floor)",
wall of tile 017008 (room 0x1b),wall of tile 000B69 (room 0x4e),18.308,no,"the line between them leaves the walkable area (a wall's thickness, or another floor)",
wall of tile 017008 (room 0x1b),wall of tile 000A69 (room 0x4e),18.308,no,"the line between them leaves the walkable area (a wall's thickness, or another floor)",
wall of tile 017008 (room 0x1b),wall of tile 000B69 (room 0x4e),22.886,no,"the line between them leaves the walkable area (a wall's thickness, or another floor)",
wall of tile 017008 (room 0x1b),wall of tile 000A69 (room 0x4e),18.308,no,"the line between them leaves the walkable area (a wall's thickness, or another floor)",
wall of tile 017208 (room 0x1b),wall of tile 00A908 (room 0x21),13.731,no,"the line between them leaves the walkable area (a wall's thickness, or another floor)",
wall of tile 017208 (room 0x1b),wall of tile 001169 (room 0x4e),36.617,no,"the line between them leaves the walkable area (a wall's thickness, or another floor)",
wall of tile 017208 (room 0x1b),wall of tile 001169 (room 0x4e),37.744,no,"the line between them leaves the walkable area (a wall's thickness, or another floor)",
wall of tile 017208 (room 0x1b),wall of tile 00106A (room 0x4e),20.469,no,"the line between them leaves the walkable area (a wall's thickness, or another floor)",
wall of tile 017208 (room 0x1b),wall of tile 001069 (room 0x4e),20.469,no,"the line between them leaves the walkable area (a wall's thickness, or another floor)",
wall of tile 017208 (room 0x1b),wall of tile 00A708 (room 0x21),13.731,no,"the line between them leaves the walkable area (a wall's thickness, or another floor)",
wall of tile 017208 (room 0x1b),wall of tile 00A708 (room 0x21),13.731,no,the line between them touches another wall,wall of tile 016908 (room 0x1c)
wall of tile 017208 (room 0x1b),wall of tile 00A908 (room 0x21),13.731,no,"the line between them leaves the walkable area (a wall's thickness, or another floor)",
wall of tile 017208 (room 0x1b),wall of tile 001169 (room 0x4e),36.617,no,"the line between them leaves the walkable area (a wall's thickness, or another floor)",
wall of tile 017208 (room 0x1b),wall of tile 001169 (room 0x4e),37.744,no,"the line between them leaves the walkable area (a wall's thickness, or another floor)",
wall of tile 017208 (room 0x1b),wall of tile 00106A (room 0x4e),18.308,no,"the line between them leaves the walkable area (a wall's thickness, or another floor)",
wall of tile 017208 (room 0x1b),wall of tile 001069 (room 0x4e),18.308,no,"the line between them leaves the walkable area (a wall's thickness, or another floor)",
wall of tile 017208 (room 0x1b),wall of tile 00A708 (room 0x21),13.731,no,"the line between them leaves the walkable area (a wall's thickness, or another floor)",
wall of tile 016908 (room 0x1c),wall of tile 0D6409 (room 0x1c),13.731,no,the line between them touches another wall,wall of tile 0D6309 (room 0x1c)
wall of tile 0D6409 (room 0x1c),wall of tile 0D630A (room 0x1c),18.308,yes,,
wall of tile 0D6409 (room 0x1c),wall of tile 0D640A (room 0x1c),18.308,yes,,
wall of tile 0D6409 (room 0x1c),wall of tile 0D610A (room 0x1c),18.308,yes,,
wall of tile 0D6409 (room 0x1c),wall of tile 001D71 (room 0x52),18.308,no,"the line between them leaves the walkable area (a wall's thickness, or another floor)",
wall of tile 0D6409 (room 0x1c),wall of tile 002571 (room 0x52),18.308,no,"the line between them leaves the walkable area (a wall's thickness, or another floor)",
wall of tile 0D6409 (room 0x1c),wall of tile 002972 (room 0x52),18.308,no,"the line between them leaves the walkable area (a wall's thickness, or another floor)",
wall of tile 0D6409 (room 0x1c),wall of tile 001D72 (room 0x52),18.308,no,"the line between them leaves the walkable area (a wall's thickness, or another floor)",
wall of tile 0D6409 (room 0x1c),wall of tile 00A708 (room 0x21),13.731,no,the line between them touches another wall,wall of tile 0D6309 (room 0x1c)
wall of tile 0D640A (room 0x1c),wall of tile 016508 (room 0x1d),36.902,no,"another wall pokes into the space between them, so a tighter pair covers this gap",wall of tile 0D6409 (room 0x1c)
wall of tile 0D640A (room 0x1c),wall of tile 001D71 (room 0x52),36.617,no,"the line between them leaves the walkable area (a wall's thickness, or another floor)",
wall of tile 0D640A (room 0x1c),wall of tile 002571 (room 0x52),43.180,no,"the line between them leaves the walkable area (a wall's thickness, or another floor)",
wall of tile 0D640A (room 0x1c),wall of tile 002972 (room 0x52),36.617,no,"the line between them leaves the walkable area (a wall's thickness, or another floor)",
wall of tile 0D640A (room 0x1c),wall of tile 001D72 (room 0x52),36.617,no,"the line between them leaves the walkable area (a wall's thickness, or another floor)",
wall of tile 0D610A (room 0x1c),wall of tile 016508 (room 0x1d),36.902,no,"another wall pokes into the space between them, so a tighter pair covers this gap",wall of tile 0D6409 (room 0x1c)
wall of tile 0D610A (room 0x1c),wall of tile 002571 (room 0x52),43.180,no,"the line between them leaves the walkable area (a wall's thickness, or another floor)",
wall of tile 0D610A (room 0x1c),wall of tile 002972 (room 0x52),36.617,no,"the line between them leaves the walkable area (a wall's thickness, or another floor)",
wall of tile 016508 (room 0x1d),wall of tile 000A71 (room 0x52),18.308,no,"the line between them leaves the walkable area (a wall's thickness, or another floor)",
wall of tile 016508 (room 0x1d),wall of tile 000A71 (room 0x52),18.308,no,"the line between them leaves the walkable area (a wall's thickness, or another floor)",
wall of tile 016508 (room 0x1d),wall of tile 002572 (room 0x52),18.308,no,"the line between them leaves the walkable area (a wall's thickness, or another floor)",
wall of tile 016508 (room 0x1d),wall of tile 002A72 (room 0x52),36.617,no,"the line between them leaves the walkable area (a wall's thickness, or another floor)",
wall of tile 016508 (room 0x1d),wall of tile 002571 (room 0x52),18.308,no,"the line between them leaves the walkable area (a wall's thickness, or another floor)",
wall of tile 016508 (room 0x1d),wall of tile 002972 (room 0x52),20.469,no,"the line between them leaves the walkable area (a wall's thickness, or another floor)",
wall of tile 016008 (room 0x1d),wall of tile 001071 (room 0x52),18.308,no,"the line between them leaves the walkable area (a wall's thickness, or another floor)",
wall of tile 016008 (room 0x1d),wall of tile 001071 (room 0x52),18.308,no,"the line between them leaves the walkable area (a wall's thickness, or another floor)",
wall of tile 016008 (room 0x1d),wall of tile 000F71 (room 0x52),36.617,no,"the line between them leaves the walkable area (a wall's thickness, or another floor)",
wall of tile 016008 (room 0x1d),wall of tile 000B72 (room 0x52),18.308,no,"the line between them leaves the walkable area (a wall's thickness, or another floor)",
wall of tile 016008 (room 0x1d),wall of tile 000B71 (room 0x52),18.308,no,"the line between them leaves the walkable area (a wall's thickness, or another floor)",
wall of tile 016008 (room 0x1d),wall of tile 000A71 (room 0x52),18.308,no,"the line between them leaves the walkable area (a wall's thickness, or another floor)",
wall of tile 013608 (room 0x1d),wall of tile 001171 (room 0x52),36.617,no,"the line between them leaves the walkable area (a wall's thickness, or another floor)",
wall of tile 013608 (room 0x1d),wall of tile 001171 (room 0x52),36.617,no,"the line between them leaves the walkable area (a wall's thickness, or another floor)",
wall of tile 013608 (room 0x1d),wall of tile 001072 (room 0x52),18.308,no,"the line between them leaves the walkable area (a wall's thickness, or another floor)",
wall of tile 013608 (room 0x1d),wall of tile 001071 (room 0x52),18.308,no,"the line between them leaves the walkable area (a wall's thickness, or another floor)",
wall of tile 013408 (room 0x1e),wall of tile 001171 (room 0x52),4.577,no,"the line between them leaves the walkable area (a wall's thickness, or another floor)",
wall of tile 013408 (room 0x1e),wall of tile 001072 (room 0x52),22.886,no,"the line between them leaves the walkable area (a wall's thickness, or another floor)",
wall of tile 013408 (room 0x1e),wall of tile 001071 (room 0x52),22.886,no,"the line between them leaves the walkable area (a wall's thickness, or another floor)",
wall of tile 013408 (room 0x1e),door 0x1ee230 (preset 0x0024),4.577,no,the line between them touches another wall,door 0x1ee230 (preset 0x0024)
wall of tile 013408 (room 0x1e),door 0x1ee230 (preset 0x0024),4.577,no,"the line between them leaves the walkable area (a wall's thickness, or another floor)",
wall of tile 013408 (room 0x1e),door 0x1ee230 (preset 0x0024),4.577,no,the line between them touches another wall,door 0x1ee230 (preset 0x0024)
wall of tile 001171 (room 0x52),wall of tile 001071 (room 0x52),18.308,no,the line between them touches another wall,wall of tile 001072 (room 0x52)
wall of tile 001171 (room 0x52),wall of tile 001072 (room 0x52),18.308,no,the line between them touches another wall,wall of tile 001171 (room 0x52)
wall of tile 001171 (room 0x52),wall of tile 001071 (room 0x52),25.892,no,"the line between them leaves the walkable area (a wall's thickness, or another floor)",
wall of tile 001171 (room 0x52),door 0x1ee230 (preset 0x0024),4.577,no,the line between them touches another wall,door 0x1ee230 (preset 0x0024)
wall of tile 001171 (room 0x52),door 0x1ee230 (preset 0x0024),4.577,no,"another wall pokes into the space between them, so a tighter pair covers this gap",door 0x1ee230 (preset 0x0024)
wall of tile 001171 (room 0x52),door 0x1ee230 (preset 0x0024),4.577,no,"another wall pokes into the space between them, so a tighter pair covers this gap",door 0x1ee230 (preset 0x0024)
wall of tile 001071 (room 0x52),wall of tile 000B72 (room 0x52),18.308,no,"the line between them leaves the walkable area (a wall's thickness, or another floor)",
wall of tile 001071 (room 0x52),wall of tile 000B71 (room 0x52),18.308,no,"the line between them leaves the walkable area (a wall's thickness, or another floor)",
wall of tile 001071 (room 0x52),wall of tile 000F71 (room 0x52),18.308,no,the line between them touches another wall,wall of tile 001071 (room 0x52)
wall of tile 001071 (room 0x52),wall of tile 000B72 (room 0x52),18.308,no,"the line between them leaves the walkable area (a wall's thickness, or another floor)",
wall of tile 001071 (room 0x52),wall of tile 000B71 (room 0x52),18.308,no,"the line between them leaves the walkable area (a wall's thickness, or another floor)",
wall of tile 000F71 (room 0x52),wall of tile 000B71 (room 0x52),18.308,no,the line between them touches another wall,wall of tile 000B72 (room 0x52)
wall of tile 000A71 (room 0x52),wall of tile 002572 (room 0x52),13.731,no,"the line between them leaves the walkable area (a wall's thickness, or another floor)",
wall of tile 000A71 (room 0x52),wall of tile 002571 (room 0x52),13.731,no,"the line between them leaves the walkable area (a wall's thickness, or another floor)",
wall of tile 000A71 (room 0x52),wall of tile 002572 (room 0x52),13.731,no,"the line between them leaves the walkable area (a wall's thickness, or another floor)",
wall of tile 000A71 (room 0x52),wall of tile 002A72 (room 0x52),18.308,no,the line between them touches another wall,wall of tile 000A71 (room 0x52)
wall of tile 000A71 (room 0x52),wall of tile 002571 (room 0x52),13.731,no,"the line between them leaves the walkable area (a wall's thickness, or another floor)",
wall of tile 002A72 (room 0x52),wall of tile 002571 (room 0x52),18.308,no,the line between them touches another wall,wall of tile 002572 (room 0x52)
wall of tile 002271 (room 0x52),wall of tile 0EAB09 (room 0x20),18.308,no,"the line between them leaves the walkable area (a wall's thickness, or another floor)",
wall of tile 002271 (room 0x52),wall of tile 0EAC0A (room 0x21),18.308,no,"the line between them leaves the walkable area (a wall's thickness, or another floor)",
wall of tile 001D72 (room 0x52),wall of tile 0EAC0A (room 0x21),18.308,no,"the line between them leaves the walkable area (a wall's thickness, or another floor)",
wall of tile 001D72 (room 0x52),wall of tile 0E550A (room 0x21),22.886,no,"the line between them leaves the walkable area (a wall's thickness, or another floor)",
wall of tile 001D72 (room 0x52),wall of tile 0EAC0A (room 0x21),18.308,no,"the line between them leaves the walkable area (a wall's thickness, or another floor)",
wall of tile 001D72 (room 0x52),wall of tile 0E550A (room 0x21),22.886,no,"the line between them leaves the walkable area (a wall's thickness, or another floor)",
wall of tile 001E71 (room 0x52),wall of tile 000172 (room 0x52),13.731,no,"the line between them leaves the walkable area (a wall's thickness, or another floor)",
wall of tile 001E71 (room 0x52),wall of tile 000171 (room 0x52),13.731,no,"the line between them leaves the walkable area (a wall's thickness, or another floor)",
wall of tile 001E71 (room 0x52),wall of tile 0EAB09 (room 0x20),18.308,no,"the line between them leaves the walkable area (a wall's thickness, or another floor)",
wall of tile 001E71 (room 0x52),wall of tile 002371 (room 0x52),18.308,no,the line between them touches another wall,wall of tile 001E71 (room 0x52)
wall of tile 001E71 (room 0x52),wall of tile 000172 (room 0x52),13.731,no,"the line between them leaves the walkable area (a wall's thickness, or another floor)",
wall of tile 001E71 (room 0x52),wall of tile 000171 (room 0x52),13.731,no,"the line between them leaves the walkable area (a wall's thickness, or another floor)",
wall of tile 001E71 (room 0x52),wall of tile 0EAB09 (room 0x20),18.308,no,"the line between them leaves the walkable area (a wall's thickness, or another floor)",
wall of tile 002371 (room 0x52),wall of tile 000171 (room 0x52),18.308,no,the line between them touches another wall,wall of tile 000172 (room 0x52)
wall of tile 002371 (room 0x52),wall of tile 0EAB09 (room 0x20),36.617,no,"the line between them leaves the walkable area (a wall's thickness, or another floor)",
wall of tile 000172 (room 0x52),wall of tile 0EAB09 (room 0x20),18.308,no,"the line between them leaves the walkable area (a wall's thickness, or another floor)",
wall of tile 000171 (room 0x52),wall of tile 0D7D0A (room 0x20),18.308,no,"the line between them leaves the walkable area (a wall's thickness, or another floor)",
wall of tile 000171 (room 0x52),wall of tile 0EAB09 (room 0x20),18.308,no,"the line between them leaves the walkable area (a wall's thickness, or another floor)",
wall of tile 000271 (room 0x52),wall of tile 000772 (room 0x52),18.308,no,"the line between them leaves the walkable area (a wall's thickness, or another floor)",
wall of tile 000271 (room 0x52),wall of tile 000771 (room 0x52),18.308,no,"the line between them leaves the walkable area (a wall's thickness, or another floor)",
wall of tile 000271 (room 0x52),wall of tile 00AF08 (room 0x20),36.902,no,"the line between them leaves the walkable area (a wall's thickness, or another floor)",
wall of tile 000271 (room 0x52),wall of tile 0D7D0A (room 0x20),18.308,no,"the line between them leaves the walkable area (a wall's thickness, or another floor)",
wall of tile 000271 (room 0x52),wall of tile 000672 (room 0x52),18.308,no,the line between them touches another wall,wall of tile 000271 (room 0x52)
wall of tile 000271 (room 0x52),wall of tile 000772 (room 0x52),18.308,no,"the line between them leaves the walkable area (a wall's thickness, or another floor)",
wall of tile 000271 (room 0x52),wall of tile 000771 (room 0x52),18.308,no,"the line between them leaves the walkable area (a wall's thickness, or another floor)",
wall of tile 000271 (room 0x52),wall of tile 00AF08 (room 0x20),36.902,no,"the line between them leaves the walkable area (a wall's thickness, or another floor)",
wall of tile 000271 (room 0x52),wall of tile 0D7D0A (room 0x20),18.308,no,"the line between them leaves the walkable area (a wall's thickness, or another floor)",
wall of tile 000672 (room 0x52),wall of tile 000771 (room 0x52),18.308,no,the line between them touches another wall,wall of tile 000772 (room 0x52)
wall of tile 000672 (room 0x52),wall of tile 00AF08 (room 0x20),39.107,no,"the line between them leaves the walkable area (a wall's thickness, or another floor)",
wall of tile 000672 (room 0x52),wall of tile 0D7D0A (room 0x20),36.617,no,"the line between them leaves the walkable area (a wall's thickness, or another floor)",
wall of tile 000772 (room 0x52),wall of tile 00AF08 (room 0x20),22.886,no,"the line between them leaves the walkable area (a wall's thickness, or another floor)",
wall of tile 000772 (room 0x52),wall of tile 0D7D0A (room 0x20),18.308,no,"the line between them leaves the walkable area (a wall's thickness, or another floor)",
wall of tile 000771 (room 0x52),wall of tile 000871 (room 0x52),18.308,no,the line between them touches another wall,wall of tile 000872 (room 0x52)
wall of tile 000771 (room 0x52),wall of tile 00AF08 (room 0x20),18.308,no,"the line between them leaves the walkable area (a wall's thickness, or another floor)",
wall of tile 000771 (room 0x52),wall of tile 000872 (room 0x52),18.308,no,the line between them touches another wall,wall of tile 000771 (room 0x52)
wall of tile 000771 (room 0x52),wall of tile 000871 (room 0x52),25.892,no,"the line between them leaves the walkable area (a wall's thickness, or another floor)",
wall of tile 000771 (room 0x52),wall of tile 00AF08 (room 0x20),18.308,no,"the line between them leaves the walkable area (a wall's thickness, or another floor)",
wall of tile 000771 (room 0x52),wall of tile 0D7D0A (room 0x20),18.308,no,"the line between them leaves the walkable area (a wall's thickness, or another floor)",
wall of tile 000872 (room 0x52),wall of tile 00AF08 (room 0x20),36.617,no,"the line between them leaves the walkable area (a wall's thickness, or another floor)",
wall of tile 000871 (room 0x52),wall of tile 00AF08 (room 0x20),36.617,no,"the line between them leaves the walkable area (a wall's thickness, or another floor)",
wall of tile 000871 (room 0x52),door 0x1ee230 (preset 0x0024),4.577,no,the line between them touches another wall,door 0x1ee230 (preset 0x0024)
wall of tile 000871 (room 0x52),door 0x1ee230 (preset 0x0024),4.577,no,"another wall pokes into the space between them, so a tighter pair covers this gap",door 0x1ee230 (preset 0x0024)
wall of tile 000871 (room 0x52),door 0x1ee230 (preset 0x0024),4.577,no,the line between them touches another wall,door 0x1ee230 (preset 0x0024)
wall of tile 00A908 (room 0x21),wall of tile 001169 (room 0x4e),4.577,no,"the line between them leaves the walkable area (a wall's thickness, or another floor)",
wall of tile 00A908 (room 0x21),wall of tile 00106A (room 0x4e),22.886,no,"the line between them leaves the walkable area (a wall's thickness, or another floor)",
wall of tile 00A908 (room 0x21),wall of tile 001069 (room 0x4e),22.886,no,"the line between them leaves the walkable area (a wall's thickness, or another floor)",
wall of tile 00A908 (room 0x21),door 0x1ee330 (preset 0x0025),4.577,no,the line between them touches another wall,door 0x1ee330 (preset 0x0025)
wall of tile 00A908 (room 0x21),door 0x1ee330 (preset 0x0025),4.577,no,"the line between them leaves the walkable area (a wall's thickness, or another floor)",
wall of tile 009908 (room 0x21),wall of tile 000769 (room 0x4e),22.886,no,"the line between them leaves the walkable area (a wall's thickness, or another floor)",
wall of tile 009908 (room 0x21),wall of tile 000769 (room 0x4e),22.886,no,"the line between them leaves the walkable area (a wall's thickness, or another floor)",
wall of tile 009908 (room 0x21),wall of tile 00086A (room 0x4e),4.577,no,"the line between them leaves the walkable area (a wall's thickness, or another floor)",
wall of tile 009908 (room 0x21),door 0x1ee330 (preset 0x0025),4.577,no,"another wall pokes into the space between them, so a tighter pair covers this gap",door 0x1ee330 (preset 0x0025)
wall of tile 009908 (room 0x21),door 0x1ee330 (preset 0x0025),4.577,no,"another wall pokes into the space between them, so a tighter pair covers this gap",wall of tile 000869 (room 0x4e)
wall of tile 009908 (room 0x21),door 0x1ee330 (preset 0x0025),0.000,yes,,
wall of tile 001169 (room 0x4e),wall of tile 001069 (room 0x4e),18.308,no,the line between them touches another wall,wall of tile 00106A (room 0x4e)
wall of tile 001169 (room 0x4e),wall of tile 00A708 (room 0x21),36.902,no,"the line between them leaves the walkable area (a wall's thickness, or another floor)",
wall of tile 001169 (room 0x4e),wall of tile 00106A (room 0x4e),18.308,no,the line between them touches another wall,wall of tile 001169 (room 0x4e)
wall of tile 001169 (room 0x4e),wall of tile 001069 (room 0x4e),25.892,no,"the line between them leaves the walkable area (a wall's thickness, or another floor)",
wall of tile 001169 (room 0x4e),wall of tile 00A708 (room 0x21),36.902,no,"the line between them leaves the walkable area (a wall's thickness, or another floor)",
wall of tile 001169 (room 0x4e),door 0x1ee330 (preset 0x0025),4.577,no,the line between them touches another wall,door 0x1ee330 (preset 0x0025)
wall of tile 001169 (room 0x4e),door 0x1ee330 (preset 0x0025),4.577,no,"another wall pokes into the space between them, so a tighter pair covers this gap",door 0x1ee330 (preset 0x0025)
wall of tile 00106A (room 0x4e),wall of tile 00A708 (room 0x21),29.308,no,"the line between them leaves the walkable area (a wall's thickness, or another floor)",
wall of tile 001069 (room 0x4e),wall of tile 000B6A (room 0x4e),18.308,no,"the line between them leaves the walkable area (a wall's thickness, or another floor)",
wall of tile 001069 (room 0x4e),wall of tile 000B69 (room 0x4e),18.308,no,"the line between them leaves the walkable area (a wall's thickness, or another floor)",
wall of tile 001069 (room 0x4e),wall of tile 000F69 (room 0x4e),18.308,no,the line between them touches another wall,wall of tile 001069 (room 0x4e)
wall of tile 001069 (room 0x4e),wall of tile 000B6A (room 0x4e),18.308,no,"the line between them leaves the walkable area (a wall's thickness, or another floor)",
wall of tile 001069 (room 0x4e),wall of tile 000B69 (room 0x4e),18.308,no,"the line between them leaves the walkable area (a wall's thickness, or another floor)",
wall of tile 001069 (room 0x4e),wall of tile 00A708 (room 0x21),29.308,no,"the line between them leaves the walkable area (a wall's thickness, or another floor)",
wall of tile 000F69 (room 0x4e),wall of tile 000B69 (room 0x4e),18.308,no,the line between them touches another wall,wall of tile 000B6A (room 0x4e)
wall of tile 000A69 (room 0x4e),wall of tile 00256A (room 0x4e),13.731,no,"the line between them leaves the walkable area (a wall's thickness, or another floor)",
wall of tile 000A69 (room 0x4e),wall of tile 002569 (room 0x4e),13.731,no,"the line between them leaves the walkable area (a wall's thickness, or another floor)",
wall of tile 000A69 (room 0x4e),wall of tile 00256A (room 0x4e),13.731,no,"the line between them leaves the walkable area (a wall's thickness, or another floor)",
wall of tile 000A69 (room 0x4e),wall of tile 002A6A (room 0x4e),18.308,no,the line between them touches another wall,wall of tile 000A69 (room 0x4e)
wall of tile 000A69 (room 0x4e),wall of tile 002569 (room 0x4e),13.731,no,"the line between them leaves the walkable area (a wall's thickness, or another floor)",
wall of tile 002A6A (room 0x4e),wall of tile 002569 (room 0x4e),18.308,no,the line between them touches another wall,wall of tile 00256A (room 0x4e)
wall of tile 001E69 (room 0x4e),wall of tile 00016A (room 0x4e),13.731,no,"the line between them leaves the walkable area (a wall's thickness, or another floor)",
wall of tile 001E69 (room 0x4e),wall of tile 000169 (room 0x4e),13.731,no,"the line between them leaves the walkable area (a wall's thickness, or another floor)",
wall of tile 001E69 (room 0x4e),wall of tile 002369 (room 0x4e),18.308,no,the line between them touches another wall,wall of tile 001E69 (room 0x4e)
wall of tile 001E69 (room 0x4e),wall of tile 00016A (room 0x4e),13.731,no,"the line between them leaves the walkable area (a wall's thickness, or another floor)",
wall of tile 001E69 (room 0x4e),wall of tile 000169 (room 0x4e),13.731,no,"the line between them leaves the walkable area (a wall's thickness, or another floor)",
wall of tile 002369 (room 0x4e),wall of tile 000169 (room 0x4e),18.308,no,the line between them touches another wall,wall of tile 00016A (room 0x4e)
wall of tile 000269 (room 0x4e),wall of tile 00076A (room 0x4e),18.308,no,"the line between them leaves the walkable area (a wall's thickness, or another floor)",
wall of tile 000269 (room 0x4e),wall of tile 000769 (room 0x4e),18.308,no,"the line between them leaves the walkable area (a wall's thickness, or another floor)",
wall of tile 000269 (room 0x4e),wall of tile 00066A (room 0x4e),18.308,no,the line between them touches another wall,wall of tile 000269 (room 0x4e)
wall of tile 000269 (room 0x4e),wall of tile 00076A (room 0x4e),18.308,no,"the line between them leaves the walkable area (a wall's thickness, or another floor)",
wall of tile 000269 (room 0x4e),wall of tile 000769 (room 0x4e),18.308,no,"the line between them leaves the walkable area (a wall's thickness, or another floor)",
wall of tile 00066A (room 0x4e),wall of tile 000769 (room 0x4e),18.308,no,the line between them touches another wall,wall of tile 00076A (room 0x4e)
wall of tile 000769 (room 0x4e),wall of tile 000869 (room 0x4e),18.308,no,the line between them touches another wall,wall of tile 00086A (room 0x4e)
wall of tile 000769 (room 0x4e),wall of tile 0D660A (room 0x21),18.308,no,"the line between them leaves the walkable area (a wall's thickness, or another floor)",
wall of tile 000769 (room 0x4e),wall of tile 00086A (room 0x4e),18.308,no,the line between them touches another wall,wall of tile 000769 (room 0x4e)
wall of tile 000769 (room 0x4e),wall of tile 000869 (room 0x4e),25.892,no,"the line between them leaves the walkable area (a wall's thickness, or another floor)",
wall of tile 000769 (room 0x4e),wall of tile 0D660A (room 0x21),18.308,no,"the line between them leaves the walkable area (a wall's thickness, or another floor)",
wall of tile 000769 (room 0x4e),wall of tile 0D6B0A (room 0x21),18.308,no,"the line between them leaves the walkable area (a wall's thickness, or another floor)",
wall of tile 00086A (room 0x4e),wall of tile 0D660A (room 0x21),36.617,no,"the line between them leaves the walkable area (a wall's thickness, or another floor)",
wall of tile 000869 (room 0x4e),wall of tile 0D660A (room 0x21),36.617,no,"the line between them leaves the walkable area (a wall's thickness, or another floor)",
wall of tile 000869 (room 0x4e),door 0x1ee330 (preset 0x0025),4.577,no,"another wall pokes into the space between them, so a tighter pair covers this gap",door 0x1ee330 (preset 0x0025)
wall of tile 000869 (room 0x4e),door 0x1ee330 (preset 0x0025),4.577,no,"another wall pokes into the space between them, so a tighter pair covers this gap",door 0x1ee330 (preset 0x0025)
wall of tile 000869 (room 0x4e),door 0x1ee330 (preset 0x0025),0.000,yes,,
wall of tile 0D6609 (room 0x21),wall of tile 0D6B0A (room 0x21),22.886,yes,,
wall of tile 0D6B09 (room 0x21),wall of tile 0D6B0A (room 0x21),22.886,yes,,
wall of tile 0D6B0A (room 0x21),wall of tile 0D6909 (room 0x21),22.886,yes,,
wall of tile 0E5908 (room 0x21),wall of tile 0E5609 (room 0x21),27.463,no,"the line between them leaves the walkable area (a wall's thickness, or another floor)",
wall of tile 012B10 (room 0x22),safe 0x1eb0ec (preset 0x2741),42.199,no,"the line between them leaves the walkable area (a wall's thickness, or another floor)",
wall of tile 012B10 (room 0x22),safe 0x1eb0ec (preset 0x2741),41.194,no,"the line between them leaves the walkable area (a wall's thickness, or another floor)",
wall of tile 012B10 (room 0x22),door 0x1ee930 (preset 0x002d),27.463,no,"the line between them leaves the walkable area (a wall's thickness, or another floor)",
wall of tile 012B10 (room 0x22),door 0x1ee930 (preset 0x002d),18.308,no,"the line between them leaves the walkable area (a wall's thickness, or another floor)",
wall of tile 012B10 (room 0x22),door 0x1ee930 (preset 0x002d),18.308,no,"the line between them leaves the walkable area (a wall's thickness, or another floor)",
wall of tile 012B10 (room 0x22),door 0x1ee930 (preset 0x002d),18.308,no,"the line between them leaves the walkable area (a wall's thickness, or another floor)",
wall of tile 012B10 (room 0x22),safe 0x1eb0ec (preset 0x2741),42.199,no,"the line between them leaves the walkable area (a wall's thickness, or another floor)",
wall of tile 012B10 (room 0x22),safe 0x1eb0ec (preset 0x2741),41.194,no,"the line between them leaves the walkable area (a wall's thickness, or another floor)",
wall of tile 012B10 (room 0x22),safe 0x1eb0ec (preset 0x2741),41.194,no,"the line between them leaves the walkable area (a wall's thickness, or another floor)",
wall of tile 012B10 (room 0x22),door 0x1ee930 (preset 0x002d),27.463,no,"the line between them leaves the walkable area (a wall's thickness, or another floor)",
wall of tile 012B10 (room 0x22),door 0x1ee930 (preset 0x002d),18.308,no,"the line between them leaves the walkable area (a wall's thickness, or another floor)",
wall of tile 012B10 (room 0x22),door 0x1ee930 (preset 0x002d),18.308,no,"the line between them leaves the walkable area (a wall's thickness, or another floor)",
wall of tile 012B10 (room 0x22),door 0x1ee930 (preset 0x002d),18.308,no,"the line between them leaves the walkable area (a wall's thickness, or another floor)",
wall of tile 007F18 (room 0x27),wall of tile 03E611 (room 0x25),13.731,no,the line between them touches another wall,wall of tile 000119 (room 0x27)
wall of tile 007F18 (room 0x27),wall of tile 001912 (room 0x25),27.463,no,"the line between them leaves the walkable area (a wall's thickness, or another floor)",
wall of tile 007F18 (room 0x27),door 0x1ee730 (preset 0x002b),27.463,no,"the line between them leaves the walkable area (a wall's thickness, or another floor)",
wall of tile 007F18 (room 0x27),door 0x1ee730 (preset 0x002b),9.154,no,"the line between them leaves the walkable area (a wall's thickness, or another floor)",
wall of tile 007F18 (room 0x27),door 0x1ee730 (preset 0x002b),9.154,no,"the line between them leaves the walkable area (a wall's thickness, or another floor)",
wall of tile 007F18 (room 0x27),door 0x1ee730 (preset 0x002b),9.154,no,"the line between them leaves the walkable area (a wall's thickness, or another floor)",
wall of tile 007F18 (room 0x27),door 0x1ee830 (preset 0x002c),27.463,no,"the line between them leaves the walkable area (a wall's thickness, or another floor)",
wall of tile 007F18 (room 0x27),door 0x1ee830 (preset 0x002c),18.308,no,"the line between them leaves the walkable area (a wall's thickness, or another floor)",
wall of tile 007F18 (room 0x27),door 0x1ee830 (preset 0x002c),18.308,no,"the line between them leaves the walkable area (a wall's thickness, or another floor)",
wall of tile 007F18 (room 0x27),door 0x1ee830 (preset 0x002c),18.308,no,"the line between them leaves the walkable area (a wall's thickness, or another floor)",
wall of tile 000119 (room 0x27),door 0x1ee730 (preset 0x002b),13.731,no,the line between them touches another wall,wall of tile 001410 (room 0x25)
wall of tile 000119 (room 0x27),door 0x1ee730 (preset 0x002b),0.000,no,"the line between them leaves the walkable area (a wall's thickness, or another floor)",
wall of tile 000119 (room 0x27),door 0x1ee730 (preset 0x002b),0.000,no,"the line between them leaves the walkable area (a wall's thickness, or another floor)",
wall of tile 000119 (room 0x27),door 0x1ee830 (preset 0x002c),13.731,no,the line between them touches another wall,wall of tile 001410 (room 0x25)
wall of tile 000119 (room 0x27),door 0x1ee830 (preset 0x002c),4.577,no,the line between them touches another wall,wall of tile 03E611 (room 0x25)
wall of tile 000119 (room 0x27),door 0x1ee830 (preset 0x002c),4.577,no,"the line between them leaves the walkable area (a wall's thickness, or another floor)",
wall of tile 000119 (room 0x27),door 0x1ee830 (preset 0x002c),4.577,no,"the line between them leaves the walkable area (a wall's thickness, or another floor)",
wall of tile 00801A (room 0x27),door 0x1ee730 (preset 0x002b),27.463,no,"the line between them leaves the walkable area (a wall's thickness, or another floor)",
wall of tile 00801A (room 0x27),door 0x1ee730 (preset 0x002b),27.463,no,"the line between them leaves the walkable area (a wall's thickness, or another floor)",
wall of tile 00801A (room 0x27),door 0x1ee730 (preset 0x002b),9.154,no,"the line between them leaves the walkable area (a wall's thickness, or another floor)",
wall of tile 00801A (room 0x27),door 0x1ee730 (preset 0x002b),9.154,no,"the line between them leaves the walkable area (a wall's thickness, or another floor)",
wall of tile 00801A (room 0x27),door 0x1ee830 (preset 0x002c),27.463,no,"the line between them leaves the walkable area (a wall's thickness, or another floor)",
wall of tile 00801A (room 0x27),door 0x1ee830 (preset 0x002c),27.463,no,"the line between them leaves the walkable area (a wall's thickness, or another floor)",
wall of tile 00801A (room 0x27),door 0x1ee830 (preset 0x002c),18.308,no,"the line between them leaves the walkable area (a wall's thickness, or another floor)",
wall of tile 00801A (room 0x27),door 0x1ee830 (preset 0x002c),18.308,no,"the line between them leaves the walkable area (a wall's thickness, or another floor)",
wall of tile 007B18 (room 0x27),door 0x1ee630 (preset 0x0028),54.925,no,"the line between them leaves the walkable area (a wall's thickness, or another floor)",
wall of tile 007B18 (room 0x27),door 0x1ee630 (preset 0x0028),54.925,no,"the line between them leaves the walkable area (a wall's thickness, or another floor)",
wall of tile 007B18 (room 0x27),door 0x1ee630 (preset 0x0028),54.925,no,"the line between them leaves the walkable area (a wall's thickness, or another floor)",
wall of tile 007B18 (room 0x27),door 0x1ee630 (preset 0x0028),54.925,no,"the line between them leaves the walkable area (a wall's thickness, or another floor)",
wall of tile 00011A (room 0x27),door 0x1ee730 (preset 0x002b),13.731,no,the line between them touches another wall,wall of tile 001410 (room 0x25)
wall of tile 00011A (room 0x27),door 0x1ee730 (preset 0x002b),13.731,no,"the line between them leaves the walkable area (a wall's thickness, or another floor)",
wall of tile 00011A (room 0x27),door 0x1ee730 (preset 0x002b),0.000,no,"the line between them leaves the walkable area (a wall's thickness, or another floor)",
wall of tile 00011A (room 0x27),door 0x1ee830 (preset 0x002c),13.731,no,the line between them touches another wall,wall of tile 001410 (room 0x25)
wall of tile 00011A (room 0x27),door 0x1ee830 (preset 0x002c),13.731,no,"the line between them leaves the walkable area (a wall's thickness, or another floor)",
wall of tile 00011A (room 0x27),door 0x1ee830 (preset 0x002c),4.577,no,"the line between them leaves the walkable area (a wall's thickness, or another floor)",
wall of tile 00011A (room 0x27),door 0x1ee830 (preset 0x002c),4.577,no,the line between them touches another wall,wall of tile 03E612 (room 0x25)
wall of tile 03E611 (room 0x25),door 0x1ee730 (preset 0x002b),0.000,no,the line between them touches another wall,door 0x1ee730 (preset 0x002b)
wall of tile 03E611 (room 0x25),door 0x1ee730 (preset 0x002b),4.577,no,the line between them touches another wall,wall of tile 000119 (room 0x27)
wall of tile 03E611 (room 0x25),door 0x1ee730 (preset 0x002b),4.577,no,"the line between them leaves the walkable area (a wall's thickness, or another floor)",
wall of tile 03E611 (room 0x25),door 0x1ee730 (preset 0x002b),0.000,no,"the line between them leaves the walkable area (a wall's thickness, or another floor)",
wall of tile 03E611 (room 0x25),door 0x1ee830 (preset 0x002c),0.000,no,the far wall faces the other way (it belongs to floor which isn't linked here),
wall of tile 03E611 (room 0x25),door 0x1ee830 (preset 0x002c),0.000,no,"the line between them leaves the walkable area (a wall's thickness, or another floor)",
wall of tile 03E611 (room 0x25),door 0x1ee830 (preset 0x002c),0.000,no,"the line between them leaves the walkable area (a wall's thickness, or another floor)",
wall of tile 003111 (room 0x25),wall of tile 0BD610 (room 0x26),9.154,no,the line between them touches another wall,wall of tile 0BD012 (room 0x26)
wall of tile 003111 (room 0x25),door 0x1ee530 (preset 0x0027),0.000,yes,,
wall of tile 003111 (room 0x25),door 0x1ee530 (preset 0x0027),0.000,no,"another wall pokes into the space between them, so a tighter pair covers this gap",wall of tile 0BD012 (room 0x26)
wall of tile 003111 (room 0x25),door 0x1ee530 (preset 0x0027),4.577,no,"another wall pokes into the space between them, so a tighter pair covers this gap",wall of tile 0BD012 (room 0x26)
wall of tile 003111 (room 0x25),door 0x1ee530 (preset 0x0027),0.000,no,"another wall pokes into the space between them, so a tighter pair covers this gap",door 0x1ee530 (preset 0x0027)
wall of tile 02B010 (room 0x25),wall of tile 0BD012 (room 0x26),9.154,no,the line between them touches another wall,wall of tile 003111 (room 0x25)
wall of tile 02B010 (room 0x25),wall of tile 0BD610 (room 0x26),18.308,no,"the line between them leaves the walkable area (a wall's thickness, or another floor)",
wall of tile 02B010 (room 0x25),wall of tile 0BD610 (room 0x26),9.623,no,"the line between them leaves the walkable area (a wall's thickness, or another floor)",
wall of tile 02B010 (room 0x25),door 0x1ee530 (preset 0x0027),9.154,no,the line between them touches another wall,wall of tile 003111 (room 0x25)
wall of tile 02B010 (room 0x25),door 0x1ee530 (preset 0x0027),9.154,no,"the line between them leaves the walkable area (a wall's thickness, or another floor)",
wall of tile 02B010 (room 0x25),door 0x1ee530 (preset 0x0027),10.235,no,"the line between them leaves the walkable area (a wall's thickness, or another floor)",
wall of tile 02B010 (room 0x25),door 0x1ee530 (preset 0x0027),9.154,no,"another wall pokes into the space between them, so a tighter pair covers this gap",wall of tile 003111 (room 0x25)
wall of tile 02B010 (room 0x25),wall of tile 0BD610 (room 0x26),29.308,no,"the line between them leaves the walkable area (a wall's thickness, or another floor)",
wall of tile 02B010 (room 0x25),wall of tile 0BD610 (room 0x26),29.308,no,"the line between them leaves the walkable area (a wall's thickness, or another floor)",
wall of tile 002810 (room 0x25),door 0x1ee530 (preset 0x0027),6.473,no,"another wall pokes into the space between them, so a tighter pair covers this gap",wall of tile 0BD011 (room 0x26)
wall of tile 002810 (room 0x25),door 0x1ee530 (preset 0x0027),6.473,no,"another wall pokes into the space between them, so a tighter pair covers this gap",wall of tile 0BD011 (room 0x26)
wall of tile 002810 (room 0x25),door 0x1ee530 (preset 0x0027),4.577,no,"another wall pokes into the space between them, so a tighter pair covers this gap",wall of tile 0BD011 (room 0x26)
wall of tile 002810 (room 0x25),door 0x1ee530 (preset 0x0027),4.577,no,"another wall pokes into the space between them, so a tighter pair covers this gap",wall of tile 0BD011 (room 0x26)
wall of tile 0BD011 (room 0x26),door 0x1ee530 (preset 0x0027),2.047,yes,,
wall of tile 0BD011 (room 0x26),door 0x1ee530 (preset 0x0027),2.047,yes,,
wall of tile 0BD011 (room 0x26),door 0x1ee530 (preset 0x0027),2.047,no,"another wall pokes into the space between them, so a tighter pair covers this gap",door 0x1ee530 (preset 0x0027)
wall of tile 0BD011 (room 0x26),door 0x1ee530 (preset 0x0027),4.094,no,"another wall pokes into the space between them, so a tighter pair covers this gap",door 0x1ee530 (preset 0x0027)
wall of tile 0BD012 (room 0x26),door 0x1ee530 (preset 0x0027),0.000,yes,,
wall of tile 0BD012 (room 0x26),door 0x1ee530 (preset 0x0027),0.000,yes,,
wall of tile 0BD012 (room 0x26),door 0x1ee530 (preset 0x0027),0.000,yes,,
wall of tile 0BD012 (room 0x26),door 0x1ee530 (preset 0x0027),0.000,no,"another wall pokes into the space between them, so a tighter pair covers this gap",door 0x1ee530 (preset 0x0027)
wall of tile 0BD610 (room 0x26),door 0x1ee530 (preset 0x0027),9.154,no,"another wall pokes into the space between them, so a tighter pair covers this gap",wall of tile 0BD012 (room 0x26)
wall of tile 0BD610 (room 0x26),door 0x1ee530 (preset 0x0027),4.577,no,"another wall pokes into the space between them, so a tighter pair covers this gap",wall of tile 0BD012 (room 0x26)
wall of tile 0BD610 (room 0x26),door 0x1ee530 (preset 0x0027),4.577,no,"another wall pokes into the space between them, so a tighter pair covers this gap",wall of tile 0BD012 (room 0x26)
wall of tile 0BD610 (room 0x26),door 0x1ee530 (preset 0x0027),9.154,no,"another wall pokes into the space between them, so a tighter pair covers this gap",wall of tile 003111 (room 0x25)
generic 0x1e9e8c (preset 0x2710),generic 0x1e9e8c (preset 0x2710),0.176,no,the line between them touches another wall,generic 0x1e9e8c (preset 0x2710)
generic 0x1e9e8c (preset 0x2710),generic 0x1e9e8c (preset 0x2710),0.176,no,the line between them touches another wall,generic 0x1e9e8c (preset 0x2710)
generic 0x1e9f0c (preset 0x2711),generic 0x1e9f0c (preset 0x2711),0.179,no,the line between them touches another wall,generic 0x1e9f0c (preset 0x2711)
generic 0x1e9f0c (preset 0x2711),generic 0x1e9f0c (preset 0x2711),0.179,no,the line between them touches another wall,generic 0x1e9f0c (preset 0x2711)
generic 0x1e9f8c (preset 0x2712),generic 0x1e9f8c (preset 0x2712),0.180,no,the line between them touches another wall,generic 0x1e9f8c (preset 0x2712)
generic 0x1e9f8c (preset 0x2712),generic 0x1e9f8c (preset 0x2712),0.180,no,the line between them touches another wall,generic 0x1e9f8c (preset 0x2712)
generic 0x1ea00c (preset 0x2713),generic 0x1ea00c (preset 0x2713),0.181,no,the line between them touches another wall,generic 0x1ea00c (preset 0x2713)
generic 0x1ea00c (preset 0x2713),generic 0x1ea00c (preset 0x2713),0.181,no,the line between them touches another wall,generic 0x1ea00c (preset 0x2713)
generic 0x1ea08c (preset 0x2715),generic 0x1ea08c (preset 0x2715),0.178,no,the line between them touches another wall,generic 0x1ea08c (preset 0x2715)
generic 0x1ea08c (preset 0x2715),generic 0x1ea08c (preset 0x2715),0.178,no,the line between them touches another wall,generic 0x1ea08c (preset 0x2715)
generic 0x1ea10c (preset 0x2716),generic 0x1ea10c (preset 0x2716),0.181,no,the line between them touches another wall,generic 0x1ea10c (preset 0x2716)
generic 0x1ea10c (preset 0x2716),generic 0x1ea10c (preset 0x2716),0.181,no,the line between them touches another wall,generic 0x1ea10c (preset 0x2716)
generic 0x1ea18c (preset 0x2717),generic 0x1ea18c (preset 0x2717),0.181,no,the line between them touches another wall,generic 0x1ea18c (preset 0x2717)
generic 0x1ea18c (preset 0x2717),generic 0x1ea18c (preset 0x2717),0.181,no,the line between them touches another wall,generic 0x1ea18c (preset 0x2717)
generic 0x1ea20c (preset 0x2718),generic 0x1ea20c (preset 0x2718),0.176,no,the line between them touches another wall,generic 0x1ea20c (preset 0x2718)
generic 0x1ea20c (preset 0x2718),generic 0x1ea20c (preset 0x2718),0.176,no,the line between them touches another wall,generic 0x1ea20c (preset 0x2718)
generic 0x1ea28c (preset 0x2719),generic 0x1ea28c (preset 0x2719),0.232,no,the line between them touches another wall,generic 0x1ea28c (preset 0x2719)
generic 0x1ea28c (preset 0x2719),generic 0x1ea28c (preset 0x2719),0.232,no,the line between them touches another wall,generic 0x1ea28c (preset 0x2719)
generic 0x1ea30c (preset 0x271a),generic 0x1ea30c (preset 0x271a),0.146,no,the line between them touches another wall,generic 0x1ea30c (preset 0x271a)
generic 0x1ea30c (preset 0x271a),generic 0x1ea30c (preset 0x271a),0.146,no,the line between them touches another wall,generic 0x1ea30c (preset 0x271a)
generic 0x1ea38c (preset 0x271b),generic 0x1ea38c (preset 0x271b),0.146,no,the line between them touches another wall,generic 0x1ea38c (preset 0x271b)
generic 0x1ea38c (preset 0x271b),generic 0x1ea38c (preset 0x271b),0.146,no,the line between them touches another wall,generic 0x1ea38c (preset 0x271b)
generic 0x1ea40c (preset 0x271c),generic 0x1ea40c (preset 0x271c),0.144,no,the line between them touches another wall,generic 0x1ea40c (preset 0x271c)
generic 0x1ea40c (preset 0x271c),generic 0x1ea40c (preset 0x271c),0.144,no,the line between them touches another wall,generic 0x1ea40c (preset 0x271c)
generic 0x1ea48c (preset 0x271d),generic 0x1ea48c (preset 0x271d),0.176,no,the line between them touches another wall,generic 0x1ea48c (preset 0x271d)
generic 0x1ea48c (preset 0x271d),generic 0x1ea48c (preset 0x271d),0.176,no,the line between them touches another wall,generic 0x1ea48c (preset 0x271d)
generic 0x1ea50c (preset 0x271e),generic 0x1ea50c (preset 0x271e),0.181,no,the line between them touches another wall,generic 0x1ea50c (preset 0x271e)
generic 0x1ea50c (preset 0x271e),generic 0x1ea50c (preset 0x271e),0.181,no,the line between them touches another wall,generic 0x1ea50c (preset 0x271e)
generic 0x1ea58c (preset 0x271f),generic 0x1ea58c (preset 0x271f),0.181,no,the line between them touches another wall,generic 0x1ea58c (preset 0x271f)
generic 0x1ea58c (preset 0x271f),generic 0x1ea58c (preset 0x271f),0.181,no,the line between them touches another wall,generic 0x1ea58c (preset 0x271f)
generic 0x1ea60c (preset 0x2720),generic 0x1ea60c (preset 0x2720),0.101,no,the line between them touches another wall,generic 0x1ea60c (preset 0x2720)
generic 0x1ea60c (preset 0x2720),generic 0x1ea60c (preset 0x2720),0.101,no,the line between them touches another wall,generic 0x1ea60c (preset 0x2720)
generic 0x1ea68c (preset 0x2721),generic 0x1ea68c (preset 0x2721),0.123,no,the line between them touches another wall,generic 0x1ea68c (preset 0x2721)
generic 0x1ea68c (preset 0x2721),generic 0x1ea68c (preset 0x2721),0.123,no,the line between them touches another wall,generic 0x1ea68c (preset 0x2721)
generic 0x1ea70c (preset 0x2722),generic 0x1ea70c (preset 0x2722),0.123,no,the line between them touches another wall,generic 0x1ea70c (preset 0x2722)
generic 0x1ea70c (preset 0x2722),generic 0x1ea70c (preset 0x2722),0.123,no,the line between them touches another wall,generic 0x1ea70c (preset 0x2722)
generic 0x1ea78c (preset 0x2723),generic 0x1ea78c (preset 0x2723),0.122,no,the line between them touches another wall,generic 0x1ea78c (preset 0x2723)
generic 0x1ea78c (preset 0x2723),generic 0x1ea78c (preset 0x2723),0.122,no,the line between them touches another wall,generic 0x1ea78c (preset 0x2723)
generic 0x1ea80c (preset 0x2724),generic 0x1ea80c (preset 0x2724),0.100,no,the line between them touches another wall,generic 0x1ea80c (preset 0x2724)
generic 0x1ea80c (preset 0x2724),generic 0x1ea80c (preset 0x2724),0.100,no,the line between them touches another wall,generic 0x1ea80c (preset 0x2724)
generic 0x1ea88c (preset 0x2725),generic 0x1ea88c (preset 0x2725),0.123,no,the line between them touches another wall,generic 0x1ea88c (preset 0x2725)
generic 0x1ea88c (preset 0x2725),generic 0x1ea88c (preset 0x2725),0.123,no,the line between them touches another wall,generic 0x1ea88c (preset 0x2725)
generic 0x1ea90c (preset 0x2726),generic 0x1ea90c (preset 0x2726),0.084,no,the line between them touches another wall,generic 0x1ea90c (preset 0x2726)
generic 0x1ea90c (preset 0x2726),generic 0x1ea90c (preset 0x2726),0.084,no,the line between them touches another wall,generic 0x1ea90c (preset 0x2726)
generic 0x1ea98c (preset 0x2727),generic 0x1ea98c (preset 0x2727),0.084,no,the line between them touches another wall,generic 0x1ea98c (preset 0x2727)
generic 0x1ea98c (preset 0x2727),generic 0x1ea98c (preset 0x2727),0.084,no,the line between them touches another wall,generic 0x1ea98c (preset 0x2727)
generic 0x1eaa0c (preset 0x2728),generic 0x1eaa0c (preset 0x2728),0.083,no,the line between them touches another wall,generic 0x1eaa0c (preset 0x2728)
generic 0x1eaa0c (preset 0x2728),generic 0x1eaa0c (preset 0x2728),0.083,no,the line between them touches another wall,generic 0x1eaa0c (preset 0x2728)
safe 0x1eb0ec (preset 0x2741),door 0x1eb16c (preset 0x0032),9.154,no,the line between them touches another wall,safe 0x1eb0ec (preset 0x2741)
safe 0x1eb0ec (preset 0x2741),door 0x1eb16c (preset 0x0032),9.154,no,the line between them touches another wall,safe 0x1eb0ec (preset 0x2741)
safe 0x1eb0ec (preset 0x2741),door 0x1eb16c (preset 0x0032),9.154,no,"another wall pokes into the space between them, so a tighter pair covers this gap",door 0x1eb16c (preset 0x0032)
safe 0x1eb0ec (preset 0x2741),door 0x1ee930 (preset 0x002d),13.731,no,the far wall faces the other way (it belongs to floor which isn't linked here),
safe 0x1eb0ec (preset 0x2741),door 0x1ee930 (preset 0x002d),22.886,no,"the line between them leaves the walkable area (a wall's thickness, or another floor)",
safe 0x1eb0ec (preset 0x2741),door 0x1ee930 (preset 0x002d),24.648,no,"the line between them leaves the walkable area (a wall's thickness, or another floor)",
safe 0x1eb0ec (preset 0x2741),door 0x1ee930 (preset 0x002d),16.503,no,the far wall faces the other way (it belongs to floor which isn't linked here),
safe 0x1eb0ec (preset 0x2741),door 0x1ee930 (preset 0x002d),13.731,no,the far wall faces the other way (it belongs to floor which isn't linked here),
safe 0x1eb0ec (preset 0x2741),door 0x1ee930 (preset 0x002d),22.886,no,"the line between them leaves the walkable area (a wall's thickness, or another floor)",
safe 0x1eb0ec (preset 0x2741),door 0x1ee930 (preset 0x002d),22.885,no,"the line between them leaves the walkable area (a wall's thickness, or another floor)",
safe 0x1eb0ec (preset 0x2741),door 0x1ee930 (preset 0x002d),13.731,no,the far wall faces the other way (it belongs to floor which isn't linked here),
safe 0x1eb0ec (preset 0x2741),door 0x1eb16c (preset 0x0032),4.577,no,the line between them touches another wall,safe 0x1eb0ec (preset 0x2741)
safe 0x1eb0ec (preset 0x2741),door 0x1eb16c (preset 0x0032),4.577,no,"another wall pokes into the space between them, so a tighter pair covers this gap",safe 0x1eb0ec (preset 0x2741)
safe 0x1eb0ec (preset 0x2741),door 0x1eb16c (preset 0x0032),4.577,no,"another wall pokes into the space between them, so a tighter pair covers this gap",safe 0x1eb0ec (preset 0x2741)
safe 0x1eb0ec (preset 0x2741),door 0x1eb16c (preset 0x0032),4.577,no,"another wall pokes into the space between them, so a tighter pair covers this gap",door 0x1eb16c (preset 0x0032)
safe 0x1eb0ec (preset 0x2741),door 0x1eb16c (preset 0x0032),18.308,no,the line between them touches another wall,safe 0x1eb0ec (preset 0x2741)
safe 0x1eb0ec (preset 0x2741),door 0x1eb16c (preset 0x0032),0.000,no,"another wall pokes into the space between them, so a tighter pair covers this gap",door 0x1eb16c (preset 0x0032)
safe 0x1eb0ec (preset 0x2741),door 0x1eb16c (preset 0x0032),0.000,no,the line between them touches another wall,door 0x1eb16c (preset 0x0032)
door 0x1eb16c (preset 0x0032),door 0x1eb16c (preset 0x0032),18.309,no,the line between them touches another wall,door 0x1eb16c (preset 0x0032)
door 0x1eb16c (preset 0x0032),door 0x1eb16c (preset 0x0032),18.309,no,the line between them touches another wall,door 0x1eb16c (preset 0x0032)
door 0x1eb16c (preset 0x0032),door 0x1eb16c (preset 0x0032),0.000,no,the line between them touches another wall,door 0x1eb16c (preset 0x0032)
generic 0x1eb360 (preset 0x0123),generic 0x1eb360 (preset 0x0123),0.005,no,the line between them touches another wall,generic 0x1eb360 (preset 0x0123)
generic 0x1eb360 (preset 0x0123),generic 0x1eb560 (preset 0x011d),0.263,no,the line between them touches another wall,generic 0x1eb360 (preset 0x0123)
generic 0x1eb360 (preset 0x0123),generic 0x1eb360 (preset 0x0123),0.005,no,the line between them touches another wall,generic 0x1eb360 (preset 0x0123)
generic 0x1eb360 (preset 0x0123),generic 0x1eb560 (preset 0x011d),31.040,no,"another wall pokes into the space between them, so a tighter pair covers this gap",generic 0x1eb360 (preset 0x0123)
generic 0x1eb360 (preset 0x0123),generic 0x1eb560 (preset 0x011d),31.040,no,the line between them touches another wall,generic 0x1eb360 (preset 0x0123)
generic 0x1eb360 (preset 0x0123),generic 0x1eb560 (preset 0x011d),49.360,no,the line between them touches another wall,generic 0x1eb360 (preset 0x0123)
generic 0x1eb360 (preset 0x0123),generic 0x1eb560 (preset 0x011d),49.360,no,the line between them touches another wall,generic 0x1eb360 (preset 0x0123)
generic 0x1eb360 (preset 0x0123),generic 0x1eb560 (preset 0x011d),49.360,no,the line between them touches another wall,generic 0x1eb360 (preset 0x0123)
generic 0x1eb360 (preset 0x0123),generic 0x1eb560 (preset 0x011d),49.361,no,the line between them touches another wall,generic 0x1eb360 (preset 0x0123)
generic 0x1eb5e0 (preset 0x0126),generic 0x1eb5e0 (preset 0x0126),0.005,no,the line between them touches another wall,generic 0x1eb5e0 (preset 0x0126)
generic 0x1eb5e0 (preset 0x0126),generic 0x1eb7e0 (preset 0x011e),15.072,no,"another wall pokes into the space between them, so a tighter pair covers this gap",generic 0x1eb7e0 (preset 0x011e)
generic 0x1eb5e0 (preset 0x0126),generic 0x1eb7e0 (preset 0x011e),40.639,no,"another wall pokes into the space between them, so a tighter pair covers this gap",generic 0x1eb7e0 (preset 0x011e)
generic 0x1eb5e0 (preset 0x0126),generic 0x1eb5e0 (preset 0x0126),0.005,no,the line between them touches another wall,generic 0x1eb5e0 (preset 0x0126)
generic 0x1eb5e0 (preset 0x0126),generic 0x1eb7e0 (preset 0x011e),44.986,no,"another wall pokes into the space between them, so a tighter pair covers this gap",generic 0x1eb5e0 (preset 0x0126)
generic 0x1eb5e0 (preset 0x0126),generic 0x1eb7e0 (preset 0x011e),36.555,no,"another wall pokes into the space between them, so a tighter pair covers this gap",generic 0x1eb5e0 (preset 0x0126)
generic 0x1eb5e0 (preset 0x0126),generic 0x1eb7e0 (preset 0x011e),50.953,no,the line between them touches another wall,generic 0x1eb5e0 (preset 0x0126)
generic 0x1eb5e0 (preset 0x0126),generic 0x1eb7e0 (preset 0x011e),40.530,no,the line between them touches another wall,generic 0x1eb5e0 (preset 0x0126)
generic 0x1eb5e0 (preset 0x0126),generic 0x1eb7e0 (preset 0x011e),40.530,no,the line between them touches another wall,generic 0x1eb5e0 (preset 0x0126)
generic 0x1eb5e0 (preset 0x0126),generic 0x1eb7e0 (preset 0x011e),40.528,no,"another wall pokes into the space between them, so a tighter pair covers this gap",generic 0x1eb5e0 (preset 0x0126)
generic 0x1eb5e0 (preset 0x0126),generic 0x1eb7e0 (preset 0x011e),40.528,no,"another wall pokes into the space between them, so a tighter pair covers this gap",generic 0x1eb5e0 (preset 0x0126)
generic 0x1eb860 (preset 0x0129),generic 0x1eb860 (preset 0x0129),0.005,no,the line between them touches another wall,generic 0x1eb860 (preset 0x0129)
generic 0x1eb860 (preset 0x0129),generic 0x1eba60 (preset 0x011f),56.444,no,"another wall pokes into the space between them, so a tighter pair covers this gap",generic 0x1eba60 (preset 0x011f)
generic 0x1eb860 (preset 0x0129),generic 0x1eba60 (preset 0x011f),0.731,no,the line between them touches another wall,generic 0x1eb860 (preset 0x0129)
generic 0x1eb860 (preset 0x0129),generic 0x1eb860 (preset 0x0129),0.005,no,the line between them touches another wall,generic 0x1eb860 (preset 0x0129)
generic 0x1eb860 (preset 0x0129),generic 0x1eba60 (preset 0x011f),38.437,no,"another wall pokes into the space between them, so a tighter pair covers this gap",generic 0x1eb860 (preset 0x0129)
generic 0x1eb860 (preset 0x0129),generic 0x1eba60 (preset 0x011f),39.726,no,the line between them touches another wall,generic 0x1eb860 (preset 0x0129)
generic 0x1eb860 (preset 0x0129),generic 0x1eba60 (preset 0x011f),41.136,no,the line between them touches another wall,generic 0x1eb860 (preset 0x0129)
generic 0x1eb860 (preset 0x0129),generic 0x1eba60 (preset 0x011f),41.136,no,the line between them touches another wall,generic 0x1eb860 (preset 0x0129)
generic 0x1eb860 (preset 0x0129),generic 0x1eba60 (preset 0x011f),41.143,no,the line between them touches another wall,generic 0x1eb860 (preset 0x0129)
generic 0x1eb860 (preset 0x0129),generic 0x1eba60 (preset 0x011f),41.143,no,the line between them touches another wall,generic 0x1eb860 (preset 0x0129)
generic 0x1ebae0 (preset 0x012c),generic 0x1ebae0 (preset 0x012c),0.005,no,the line between them touches another wall,generic 0x1ebae0 (preset 0x012c)
generic 0x1ebae0 (preset 0x012c),generic 0x1ebce0 (preset 0x0120),29.468,no,"another wall pokes into the space between them, so a tighter pair covers this gap",generic 0x1ebce0 (preset 0x0120)
generic 0x1ebae0 (preset 0x012c),generic 0x1ebce0 (preset 0x0120),24.131,no,"another wall pokes into the space between them, so a tighter pair covers this gap",generic 0x1ebce0 (preset 0x0120)
generic 0x1ebae0 (preset 0x012c),generic 0x1ebae0 (preset 0x012c),0.005,no,the line between them touches another wall,generic 0x1ebae0 (preset 0x012c)
generic 0x1ebae0 (preset 0x012c),generic 0x1ebce0 (preset 0x0120),58.654,no,the line between them touches another wall,generic 0x1ebae0 (preset 0x012c)
generic 0x1ebae0 (preset 0x012c),generic 0x1ebce0 (preset 0x0120),58.654,no,the line between them touches another wall,generic 0x1ebae0 (preset 0x012c)
generic 0x1ebae0 (preset 0x012c),generic 0x1ebce0 (preset 0x0120),29.472,no,"another wall pokes into the space between them, so a tighter pair covers this gap",generic 0x1ebce0 (preset 0x0120)
generic 0x1ebae0 (preset 0x012c),generic 0x1ebce0 (preset 0x0120),27.983,no,the line between them touches another wall,generic 0x1ebae0 (preset 0x012c)
generic 0x1ebae0 (preset 0x012c),generic 0x1ebce0 (preset 0x0120),2.903,no,the line between them touches another wall,generic 0x1ebae0 (preset 0x012c)
generic 0x1ebae0 (preset 0x012c),generic 0x1ebce0 (preset 0x0120),29.468,no,"another wall pokes into the space between them, so a tighter pair covers this gap",generic 0x1ebce0 (preset 0x0120)
generic 0x1ebae0 (preset 0x012c),generic 0x1ebce0 (preset 0x0120),36.188,no,the line between them touches another wall,generic 0x1ebae0 (preset 0x012c)
generic 0x1ebae0 (preset 0x012c),generic 0x1ebce0 (preset 0x0120),2.900,no,"another wall pokes into the space between them, so a tighter pair covers this gap",generic 0x1ebae0 (preset 0x012c)
generic 0x1ec278 (preset 0x012f),generic 0x1ec278 (preset 0x012f),0.003,no,the line between them touches another wall,generic 0x1ec278 (preset 0x012f)
generic 0x1ec278 (preset 0x012f),generic 0x1ecd28 (preset 0x0143),55.294,no,"another wall pokes into the space between them, so a tighter pair covers this gap",generic 0x1ecd28 (preset 0x0143)
generic 0x1ec278 (preset 0x012f),generic 0x1ecd28 (preset 0x0143),28.984,yes,,
generic 0x1ec278 (preset 0x012f),generic 0x1ed080 (preset 0x0149),45.097,no,"another wall pokes into the space between them, so a tighter pair covers this gap",generic 0x1ed080 (preset 0x0149)
generic 0x1ec278 (preset 0x012f),generic 0x1ed080 (preset 0x0149),49.777,no,"another wall pokes into the space between them, so a tighter pair covers this gap",generic 0x1ed080 (preset 0x0149)
generic 0x1ec278 (preset 0x012f),generic 0x1ed080 (preset 0x0149),49.777,no,"another wall pokes into the space between them, so a tighter pair covers this gap",generic 0x1ed080 (preset 0x0149)
generic 0x1ec278 (preset 0x012f),generic 0x1ed080 (preset 0x0149),44.934,yes,,
generic 0x1ec278 (preset 0x012f),generic 0x1ed110 (preset 0x014a),40.531,no,"another wall pokes into the space between them, so a tighter pair covers this gap",generic 0x1ed110 (preset 0x014a)
generic 0x1ec278 (preset 0x012f),generic 0x1ed110 (preset 0x014a),40.254,yes,,
generic 0x1ec278 (preset 0x012f),generic 0x1ed110 (preset 0x014a),40.254,yes,,
generic 0x1ec278 (preset 0x012f),generic 0x1ed110 (preset 0x014a),40.254,no,"another wall pokes into the space between them, so a tighter pair covers this gap",generic 0x1ed110 (preset 0x014a)
generic 0x1ec278 (preset 0x012f),generic 0x1ed1a0 (preset 0x014b),57.719,no,"another wall pokes into the space between them, so a tighter pair covers this gap",generic 0x1ed1a0 (preset 0x014b)
generic 0x1ec278 (preset 0x012f),generic 0x1ed1a0 (preset 0x014b),35.688,yes,,
generic 0x1ec278 (preset 0x012f),generic 0x1ed1a0 (preset 0x014b),35.688,yes,,
generic 0x1ec278 (preset 0x012f),generic 0x1ed1a0 (preset 0x014b),35.688,no,"another wall pokes into the space between them, so a tighter pair covers this gap",generic 0x1ed1a0 (preset 0x014b)
generic 0x1ec278 (preset 0x012f),generic 0x1ec278 (preset 0x012f),0.003,no,the line between them touches another wall,generic 0x1ec278 (preset 0x012f)
generic 0x1ec278 (preset 0x012f),generic 0x1ed080 (preset 0x0149),54.579,no,"another wall pokes into the space between them, so a tighter pair covers this gap",generic 0x1ed080 (preset 0x0149)
generic 0x1ec278 (preset 0x012f),generic 0x1ed080 (preset 0x0149),49.777,no,"another wall pokes into the space between them, so a tighter pair covers this gap",generic 0x1ed080 (preset 0x0149)
generic 0x1ec278 (preset 0x012f),generic 0x1ed080 (preset 0x0149),49.777,no,"another wall pokes into the space between them, so a tighter pair covers this gap",generic 0x1ed080 (preset 0x0149)
generic 0x1ec278 (preset 0x012f),generic 0x1ed080 (preset 0x0149),44.934,yes,,
generic 0x1ec278 (preset 0x012f),generic 0x1ecd28 (preset 0x0143),30.306,no,"another wall pokes into the space between them, so a tighter pair covers this gap",generic 0x1ec278 (preset 0x012f)
generic 0x1ec278 (preset 0x012f),generic 0x1ecd28 (preset 0x0143),30.306,no,"another wall pokes into the space between them, so a tighter pair covers this gap",generic 0x1ec278 (preset 0x012f)
generic 0x1ec278 (preset 0x012f),generic 0x1ecd28 (preset 0x0143),30.306,no,"another wall pokes into the space between them, so a tighter pair covers this gap",generic 0x1ecd28 (preset 0x0143)
generic 0x1ec278 (preset 0x012f),generic 0x1ecd28 (preset 0x0143),55.296,no,"another wall pokes into the space between them, so a tighter pair covers this gap",generic 0x1ecd28 (preset 0x0143)
generic 0x1ec278 (preset 0x012f),generic 0x1ecd28 (preset 0x0143),28.984,no,"another wall pokes into the space between them, so a tighter pair covers this gap",generic 0x1ec278 (preset 0x012f)
generic 0x1ec278 (preset 0x012f),generic 0x1ecd28 (preset 0x0143),29.377,no,"another wall pokes into the space between them, so a tighter pair covers this gap",generic 0x1ecd28 (preset 0x0143)
generic 0x1ec278 (preset 0x012f),generic 0x1ecd28 (preset 0x0143),29.377,no,the line between them touches another wall,generic 0x1ecd28 (preset 0x0143)
generic 0x1ec278 (preset 0x012f),generic 0x1ed110 (preset 0x014a),52.059,no,the line between them touches another wall,generic 0x1ec278 (preset 0x012f)
generic 0x1ec278 (preset 0x012f),generic 0x1ed110 (preset 0x014a),52.059,no,the line between them touches another wall,generic 0x1ec278 (preset 0x012f)
generic 0x1ec278 (preset 0x012f),generic 0x1ed1a0 (preset 0x014b),57.721,no,"another wall pokes into the space between them, so a tighter pair covers this gap",generic 0x1ed1a0 (preset 0x014b)
generic 0x1ec278 (preset 0x012f),generic 0x1ed1a0 (preset 0x014b),36.421,no,the line between them touches another wall,generic 0x1ec278 (preset 0x012f)
generic 0x1ec278 (preset 0x012f),generic 0x1ed1a0 (preset 0x014b),36.421,no,the line between them touches another wall,generic 0x1ec278 (preset 0x012f)
generic 0x1ec278 (preset 0x012f),generic 0x1ed1a0 (preset 0x014b),35.729,no,the line between them touches another wall,generic 0x1ec278 (preset 0x012f)
generic 0x1ec278 (preset 0x012f),generic 0x1ecd28 (preset 0x0143),55.294,no,"another wall pokes into the space between them, so a tighter pair covers this gap",generic 0x1ecd28 (preset 0x0143)
generic 0x1ec278 (preset 0x012f),generic 0x1ecd28 (preset 0x0143),28.984,yes,,
generic 0x1ec278 (preset 0x012f),generic 0x1ed110 (preset 0x014a),52.057,no,"another wall pokes into the space between them, so a tighter pair covers this gap",generic 0x1ec278 (preset 0x012f)
generic 0x1ec278 (preset 0x012f),generic 0x1ed110 (preset 0x014a),52.057,no,"another wall pokes into the space between them, so a tighter pair covers this gap",generic 0x1ec278 (preset 0x012f)
generic 0x1ec278 (preset 0x012f),generic 0x1ed1a0 (preset 0x014b),57.719,no,"another wall pokes into the space between them, so a tighter pair covers this gap",generic 0x1ed1a0 (preset 0x014b)
generic 0x1ec278 (preset 0x012f),generic 0x1ed1a0 (preset 0x014b),36.419,no,"another wall pokes into the space between them, so a tighter pair covers this gap",generic 0x1ed1a0 (preset 0x014b)
generic 0x1ec278 (preset 0x012f),generic 0x1ed1a0 (preset 0x014b),36.418,no,"another wall pokes into the space between them, so a tighter pair covers this gap",generic 0x1ed1a0 (preset 0x014b)
generic 0x1ec278 (preset 0x012f),generic 0x1ed1a0 (preset 0x014b),35.726,no,"another wall pokes into the space between them, so a tighter pair covers this gap",generic 0x1ec278 (preset 0x012f)
generic 0x1ec2f8 (preset 0x0131),generic 0x1ec2f8 (preset 0x0131),0.003,no,the line between them touches another wall,generic 0x1ec2f8 (preset 0x0131)
generic 0x1ec2f8 (preset 0x0131),generic 0x1ece48 (preset 0x0145),15.424,no,"another wall pokes into the space between them, so a tighter pair covers this gap",generic 0x1ec2f8 (preset 0x0131)
generic 0x1ec2f8 (preset 0x0131),generic 0x1ece48 (preset 0x0145),45.672,no,"another wall pokes into the space between them, so a tighter pair covers this gap",generic 0x1ece48 (preset 0x0145)
generic 0x1ec2f8 (preset 0x0131),generic 0x1ece48 (preset 0x0145),45.672,no,the line between them touches another wall,generic 0x1ece48 (preset 0x0145)
generic 0x1ec2f8 (preset 0x0131),generic 0x1ed230 (preset 0x014c),46.248,no,"another wall pokes into the space between them, so a tighter pair covers this gap",generic 0x1ed230 (preset 0x014c)
generic 0x1ec2f8 (preset 0x0131),generic 0x1ed230 (preset 0x014c),40.262,yes,,
generic 0x1ec2f8 (preset 0x0131),generic 0x1ed230 (preset 0x014c),40.262,yes,,
generic 0x1ec2f8 (preset 0x0131),generic 0x1ed230 (preset 0x014c),40.262,no,"another wall pokes into the space between them, so a tighter pair covers this gap",generic 0x1ed230 (preset 0x014c)
generic 0x1ec2f8 (preset 0x0131),generic 0x1ed2c0 (preset 0x014d),45.105,no,"another wall pokes into the space between them, so a tighter pair covers this gap",generic 0x1ed2c0 (preset 0x014d)
generic 0x1ec2f8 (preset 0x0131),generic 0x1ed2c0 (preset 0x014d),44.828,yes,,
generic 0x1ec2f8 (preset 0x0131),generic 0x1ed2c0 (preset 0x014d),44.828,yes,,
generic 0x1ec2f8 (preset 0x0131),generic 0x1ed2c0 (preset 0x014d),44.828,no,"another wall pokes into the space between them, so a tighter pair covers this gap",generic 0x1ed2c0 (preset 0x014d)
generic 0x1ec2f8 (preset 0x0131),generic 0x1ed350 (preset 0x014e),45.093,no,"another wall pokes into the space between them, so a tighter pair covers this gap",generic 0x1ed350 (preset 0x014e)
generic 0x1ec2f8 (preset 0x0131),generic 0x1ed350 (preset 0x014e),45.051,yes,,
generic 0x1ec2f8 (preset 0x0131),generic 0x1ec2f8 (preset 0x0131),0.003,no,the line between them touches another wall,generic 0x1ec2f8 (preset 0x0131)
generic 0x1ec2f8 (preset 0x0131),generic 0x1ece48 (preset 0x0145),15.009,yes,,
generic 0x1ec2f8 (preset 0x0131),generic 0x1ece48 (preset 0x0145),45.672,no,"another wall pokes into the space between them, so a tighter pair covers this gap",generic 0x1ece48 (preset 0x0145)
generic 0x1ec2f8 (preset 0x0131),generic 0x1ece48 (preset 0x0145),45.672,no,the line between them touches another wall,generic 0x1ece48 (preset 0x0145)
generic 0x1ec2f8 (preset 0x0131),generic 0x1ece48 (preset 0x0145),15.009,yes,,
generic 0x1ec2f8 (preset 0x0131),generic 0x1ed2c0 (preset 0x014d),58.668,no,"another wall pokes into the space between them, so a tighter pair covers this gap",generic 0x1ec2f8 (preset 0x0131)
generic 0x1ec2f8 (preset 0x0131),generic 0x1ed2c0 (preset 0x014d),58.668,no,"another wall pokes into the space between them, so a tighter pair covers this gap",generic 0x1ec2f8 (preset 0x0131)
generic 0x1ec2f8 (preset 0x0131),generic 0x1ed2c0 (preset 0x014d),58.668,no,"another wall pokes into the space between them, so a tighter pair covers this gap",generic 0x1ed2c0 (preset 0x014d)
generic 0x1ec2f8 (preset 0x0131),generic 0x1ed350 (preset 0x014e),45.773,no,"another wall pokes into the space between them, so a tighter pair covers this gap",generic 0x1ed350 (preset 0x014e)
generic 0x1ec2f8 (preset 0x0131),generic 0x1ed350 (preset 0x014e),45.051,yes,,
generic 0x1ec2f8 (preset 0x0131),generic 0x1ece48 (preset 0x0145),15.328,no,"another wall pokes into the space between them, so a tighter pair covers this gap",generic 0x1ec2f8 (preset 0x0131)
generic 0x1ec2f8 (preset 0x0131),generic 0x1ece48 (preset 0x0145),15.328,no,"another wall pokes into the space between them, so a tighter pair covers this gap",generic 0x1ec2f8 (preset 0x0131)
generic 0x1ec2f8 (preset 0x0131),generic 0x1ece48 (preset 0x0145),15.328,no,"another wall pokes into the space between them, so a tighter pair covers this gap",generic 0x1ec2f8 (preset 0x0131)
generic 0x1ec2f8 (preset 0x0131),generic 0x1ece48 (preset 0x0145),15.328,no,"another wall pokes into the space between them, so a tighter pair covers this gap",generic 0x1ec2f8 (preset 0x0131)
generic 0x1ec2f8 (preset 0x0131),generic 0x1ed230 (preset 0x014c),46.250,no,"another wall pokes into the space between them, so a tighter pair covers this gap",generic 0x1ec2f8 (preset 0x0131)
generic 0x1ec2f8 (preset 0x0131),generic 0x1ed230 (preset 0x014c),50.297,no,the line between them touches another wall,generic 0x1ec2f8 (preset 0x0131)
generic 0x1ec2f8 (preset 0x0131),generic 0x1ed230 (preset 0x014c),50.297,no,the line between them touches another wall,generic 0x1ec2f8 (preset 0x0131)
generic 0x1ec2f8 (preset 0x0131),generic 0x1ed230 (preset 0x014c),40.424,no,the line between them touches another wall,generic 0x1ec2f8 (preset 0x0131)
generic 0x1ec2f8 (preset 0x0131),generic 0x1ed230 (preset 0x014c),46.248,no,"another wall pokes into the space between them, so a tighter pair covers this gap",generic 0x1ed230 (preset 0x014c)
generic 0x1ec2f8 (preset 0x0131),generic 0x1ed230 (preset 0x014c),50.295,no,"another wall pokes into the space between them, so a tighter pair covers this gap",generic 0x1ed230 (preset 0x014c)
generic 0x1ec2f8 (preset 0x0131),generic 0x1ed230 (preset 0x014c),50.295,no,"another wall pokes into the space between them, so a tighter pair covers this gap",generic 0x1ed230 (preset 0x014c)
generic 0x1ec2f8 (preset 0x0131),generic 0x1ed230 (preset 0x014c),40.421,no,"another wall pokes into the space between them, so a tighter pair covers this gap",generic 0x1ec2f8 (preset 0x0131)
generic 0x1ec378 (preset 0x0130),generic 0x1ec378 (preset 0x0130),0.003,no,the line between them touches another wall,generic 0x1ec378 (preset 0x0130)
generic 0x1ec378 (preset 0x0130),generic 0x1ec378 (preset 0x0130),0.003,no,the line between them touches another wall,generic 0x1ec378 (preset 0x0130)
generic 0x1ec3f8 (preset 0x012e),generic 0x1ec3f8 (preset 0x012e),0.003,no,the line between them touches another wall,generic 0x1ec3f8 (preset 0x012e)
generic 0x1ec3f8 (preset 0x012e),generic 0x1ec3f8 (preset 0x012e),0.003,no,the line between them touches another wall,generic 0x1ec3f8 (preset 0x012e)
generic 0x1ec3f8 (preset 0x012e),generic 0x1ed3e0 (preset 0x014f),55.571,yes,,
generic 0x1ec3f8 (preset 0x012e),generic 0x1ed3e0 (preset 0x014f),55.571,yes,,
generic 0x1ecd28 (preset 0x0143),generic 0x1ecd28 (preset 0x0143),0.001,no,the line between them touches another wall,generic 0x1ecd28 (preset 0x0143)
generic 0x1ecd28 (preset 0x0143),generic 0x1ecd28 (preset 0x0143),52.401,no,the line between them touches another wall,generic 0x1ecd28 (preset 0x0143)
generic 0x1ecd28 (preset 0x0143),generic 0x1ecd28 (preset 0x0143),52.400,no,the line between them touches another wall,generic 0x1ecd28 (preset 0x0143)
generic 0x1ecd28 (preset 0x0143),generic 0x1ecdb8 (preset 0x0144),29.986,no,"another wall pokes into the space between them, so a tighter pair covers this gap",generic 0x1ecdb8 (preset 0x0144)
generic 0x1ecd28 (preset 0x0143),generic 0x1ecdb8 (preset 0x0144),29.986,yes,,
generic 0x1ecd28 (preset 0x0143),generic 0x1ecdb8 (preset 0x0144),29.989,no,"another wall pokes into the space between them, so a tighter pair covers this gap",generic 0x1ecdb8 (preset 0x0144)
generic 0x1ecd28 (preset 0x0143),generic 0x1ecdb8 (preset 0x0144),29.990,no,the line between them touches another wall,generic 0x1ecdb8 (preset 0x0144)
generic 0x1ecd28 (preset 0x0143),generic 0x1ed1a0 (preset 0x014b),36.051,no,the line between them touches another wall,generic 0x1ecd28 (preset 0x0143)
generic 0x1ecd28 (preset 0x0143),generic 0x1ed1a0 (preset 0x014b),36.051,no,the line between them touches another wall,generic 0x1ecd28 (preset 0x0143)
generic 0x1ecd28 (preset 0x0143),generic 0x1ecd28 (preset 0x0143),52.400,no,the line between them touches another wall,generic 0x1ecd28 (preset 0x0143)
generic 0x1ecd28 (preset 0x0143),generic 0x1ecdb8 (preset 0x0144),29.989,no,"another wall pokes into the space between them, so a tighter pair covers this gap",generic 0x1ecd28 (preset 0x0143)
generic 0x1ecd28 (preset 0x0143),generic 0x1ecdb8 (preset 0x0144),29.989,no,"another wall pokes into the space between them, so a tighter pair covers this gap",generic 0x1ecd28 (preset 0x0143)
generic 0x1ecd28 (preset 0x0143),generic 0x1ed1a0 (preset 0x014b),36.050,no,the line between them touches another wall,generic 0x1ecd28 (preset 0x0143)
generic 0x1ecd28 (preset 0x0143),generic 0x1ed1a0 (preset 0x014b),37.798,no,the line between them touches another wall,generic 0x1ecd28 (preset 0x0143)
generic 0x1ecd28 (preset 0x0143),generic 0x1ecdb8 (preset 0x0144),29.990,no,the line between them touches another wall,generic 0x1ecd28 (preset 0x0143)
generic 0x1ecd28 (preset 0x0143),generic 0x1ecdb8 (preset 0x0144),29.990,no,the line between them touches another wall,generic 0x1ecd28 (preset 0x0143)
generic 0x1ecd28 (preset 0x0143),generic 0x1ed1a0 (preset 0x014b),36.051,no,the line between them touches another wall,generic 0x1ed1a0 (preset 0x014b)
generic 0x1ecd28 (preset 0x0143),generic 0x1ed1a0 (preset 0x014b),37.798,no,the line between them touches another wall,generic 0x1ed1a0 (preset 0x014b)
generic 0x1ecd28 (preset 0x0143),generic 0x1ed1a0 (preset 0x014b),11.363,no,the line between them touches another wall,generic 0x1ecd28 (preset 0x0143)
generic 0x1ecd28 (preset 0x0143),generic 0x1ecd28 (preset 0x0143),0.001,no,the line between them touches another wall,generic 0x1ecd28 (preset 0x0143)
generic 0x1ecd28 (preset 0x0143),generic 0x1ed1a0 (preset 0x014b),16.350,no,the line between them touches another wall,generic 0x1ed1a0 (preset 0x014b)
generic 0x1ecd28 (preset 0x0143),generic 0x1ed1a0 (preset 0x014b),36.051,no,the line between them touches another wall,generic 0x1ed1a0 (preset 0x014b)
generic 0x1ecd28 (preset 0x0143),generic 0x1ed1a0 (preset 0x014b),36.050,no,the line between them touches another wall,generic 0x1ed1a0 (preset 0x014b)
generic 0x1ecd28 (preset 0x0143),generic 0x1ecdb8 (preset 0x0144),29.986,yes,,
generic 0x1ecd28 (preset 0x0143),generic 0x1ecdb8 (preset 0x0144),29.989,no,"another wall pokes into the space between them, so a tighter pair covers this gap",generic 0x1ecdb8 (preset 0x0144)
generic 0x1ecd28 (preset 0x0143),generic 0x1ecdb8 (preset 0x0144),29.990,no,the line between them touches another wall,generic 0x1ecdb8 (preset 0x0144)
generic 0x1ecdb8 (preset 0x0144),generic 0x1ecdb8 (preset 0x0144),0.001,no,the line between them touches another wall,generic 0x1ecdb8 (preset 0x0144)
generic 0x1ecdb8 (preset 0x0144),generic 0x1ecdb8 (preset 0x0144),52.401,no,the line between them touches another wall,generic 0x1ecdb8 (preset 0x0144)
generic 0x1ecdb8 (preset 0x0144),generic 0x1ecdb8 (preset 0x0144),52.400,no,the line between them touches another wall,generic 0x1ecdb8 (preset 0x0144)
generic 0x1ecdb8 (preset 0x0144),generic 0x1ece48 (preset 0x0145),25.385,yes,,
generic 0x1ecdb8 (preset 0x0144),generic 0x1ece48 (preset 0x0145),25.385,yes,,
generic 0x1ecdb8 (preset 0x0144),generic 0x1ece48 (preset 0x0145),25.869,no,"another wall pokes into the space between them, so a tighter pair covers this gap",generic 0x1ece48 (preset 0x0145)
generic 0x1ecdb8 (preset 0x0144),generic 0x1ece48 (preset 0x0145),25.869,no,the line between them touches another wall,generic 0x1ece48 (preset 0x0145)
generic 0x1ecdb8 (preset 0x0144),generic 0x1ed350 (preset 0x014e),48.907,yes,,
generic 0x1ecdb8 (preset 0x0144),generic 0x1ed350 (preset 0x014e),48.907,yes,,
generic 0x1ecdb8 (preset 0x0144),generic 0x1ed350 (preset 0x014e),48.908,no,"another wall pokes into the space between them, so a tighter pair covers this gap",generic 0x1ed350 (preset 0x014e)
generic 0x1ecdb8 (preset 0x0144),generic 0x1ecdb8 (preset 0x0144),52.400,no,the line between them touches another wall,generic 0x1ecdb8 (preset 0x0144)
generic 0x1ecdb8 (preset 0x0144),generic 0x1ece48 (preset 0x0145),25.869,no,"another wall pokes into the space between them, so a tighter pair covers this gap",generic 0x1ecdb8 (preset 0x0144)
generic 0x1ecdb8 (preset 0x0144),generic 0x1ece48 (preset 0x0145),25.869,no,"another wall pokes into the space between them, so a tighter pair covers this gap",generic 0x1ecdb8 (preset 0x0144)
generic 0x1ecdb8 (preset 0x0144),generic 0x1ed350 (preset 0x014e),48.907,yes,,
generic 0x1ecdb8 (preset 0x0144),generic 0x1ed350 (preset 0x014e),48.994,no,"another wall pokes into the space between them, so a tighter pair covers this gap",generic 0x1ecdb8 (preset 0x0144)
generic 0x1ecdb8 (preset 0x0144),generic 0x1ed350 (preset 0x014e),48.995,no,the line between them touches another wall,generic 0x1ed350 (preset 0x014e)
generic 0x1ecdb8 (preset 0x0144),generic 0x1ece48 (preset 0x0145),25.869,no,the line between them touches another wall,generic 0x1ecdb8 (preset 0x0144)
generic 0x1ecdb8 (preset 0x0144),generic 0x1ece48 (preset 0x0145),25.869,no,the line between them touches another wall,generic 0x1ecdb8 (preset 0x0144)
generic 0x1ecdb8 (preset 0x0144),generic 0x1ed350 (preset 0x014e),48.908,no,"another wall pokes into the space between them, so a tighter pair covers this gap",generic 0x1ecdb8 (preset 0x0144)
generic 0x1ecdb8 (preset 0x0144),generic 0x1ed350 (preset 0x014e),48.995,no,the line between them touches another wall,generic 0x1ecdb8 (preset 0x0144)
generic 0x1ecdb8 (preset 0x0144),generic 0x1ed350 (preset 0x014e),48.995,no,the line between them touches another wall,generic 0x1ecdb8 (preset 0x0144)
generic 0x1ecdb8 (preset 0x0144),generic 0x1ecdb8 (preset 0x0144),0.001,no,the line between them touches another wall,generic 0x1ecdb8 (preset 0x0144)
generic 0x1ecdb8 (preset 0x0144),generic 0x1ece48 (preset 0x0145),25.385,no,"another wall pokes into the space between them, so a tighter pair covers this gap",generic 0x1ecdb8 (preset 0x0144)
generic 0x1ecdb8 (preset 0x0144),generic 0x1ece48 (preset 0x0145),25.869,no,"another wall pokes into the space between them, so a tighter pair covers this gap",generic 0x1ece48 (preset 0x0145)
generic 0x1ecdb8 (preset 0x0144),generic 0x1ece48 (preset 0x0145),25.869,no,the line between them touches another wall,generic 0x1ece48 (preset 0x0145)
generic 0x1ece48 (preset 0x0145),generic 0x1ece48 (preset 0x0145),0.001,no,the line between them touches another wall,generic 0x1ece48 (preset 0x0145)
generic 0x1ece48 (preset 0x0145),generic 0x1ece48 (preset 0x0145),52.401,no,the line between them touches another wall,generic 0x1ece48 (preset 0x0145)
generic 0x1ece48 (preset 0x0145),generic 0x1ece48 (preset 0x0145),52.400,no,the line between them touches another wall,generic 0x1ece48 (preset 0x0145)
generic 0x1ece48 (preset 0x0145),generic 0x1ed2c0 (preset 0x014d),53.533,yes,,
generic 0x1ece48 (preset 0x0145),generic 0x1ed2c0 (preset 0x014d),53.533,yes,,
generic 0x1ece48 (preset 0x0145),generic 0x1ed2c0 (preset 0x014d),53.533,no,"another wall pokes into the space between them, so a tighter pair covers this gap",generic 0x1ed2c0 (preset 0x014d)
generic 0x1ece48 (preset 0x0145),generic 0x1ed350 (preset 0x014e),23.612,no,"another wall pokes into the space between them, so a tighter pair covers this gap",generic 0x1ed350 (preset 0x014e)
generic 0x1ece48 (preset 0x0145),generic 0x1ed350 (preset 0x014e),28.952,no,"another wall pokes into the space between them, so a tighter pair covers this gap",generic 0x1ece48 (preset 0x0145)
generic 0x1ece48 (preset 0x0145),generic 0x1ed350 (preset 0x014e),28.952,no,"another wall pokes into the space between them, so a tighter pair covers this gap",generic 0x1ece48 (preset 0x0145)
generic 0x1ece48 (preset 0x0145),generic 0x1ed350 (preset 0x014e),2.063,no,"another wall pokes into the space between them, so a tighter pair covers this gap",generic 0x1ece48 (preset 0x0145)
generic 0x1ece48 (preset 0x0145),generic 0x1ece48 (preset 0x0145),52.400,no,the line between them touches another wall,generic 0x1ece48 (preset 0x0145)
generic 0x1ece48 (preset 0x0145),generic 0x1ed2c0 (preset 0x014d),53.533,yes,,
generic 0x1ece48 (preset 0x0145),generic 0x1ed2c0 (preset 0x014d),53.533,yes,,
generic 0x1ece48 (preset 0x0145),generic 0x1ed2c0 (preset 0x014d),53.533,no,"another wall pokes into the space between them, so a tighter pair covers this gap",generic 0x1ed2c0 (preset 0x014d)
generic 0x1ece48 (preset 0x0145),generic 0x1ed350 (preset 0x014e),23.612,no,"another wall pokes into the space between them, so a tighter pair covers this gap",generic 0x1ed350 (preset 0x014e)
generic 0x1ece48 (preset 0x0145),generic 0x1ed350 (preset 0x014e),28.952,no,"another wall pokes into the space between them, so a tighter pair covers this gap",generic 0x1ece48 (preset 0x0145)
generic 0x1ece48 (preset 0x0145),generic 0x1ed350 (preset 0x014e),28.951,no,"another wall pokes into the space between them, so a tighter pair covers this gap",generic 0x1ece48 (preset 0x0145)
generic 0x1ece48 (preset 0x0145),generic 0x1ed350 (preset 0x014e),2.063,yes,,
generic 0x1ece48 (preset 0x0145),generic 0x1ed2c0 (preset 0x014d),53.533,no,"another wall pokes into the space between them, so a tighter pair covers this gap",generic 0x1ece48 (preset 0x0145)
generic 0x1ece48 (preset 0x0145),generic 0x1ed2c0 (preset 0x014d),53.533,no,"another wall pokes into the space between them, so a tighter pair covers this gap",generic 0x1ece48 (preset 0x0145)
generic 0x1ece48 (preset 0x0145),generic 0x1ed2c0 (preset 0x014d),53.534,no,"another wall pokes into the space between them, so a tighter pair covers this gap",generic 0x1ed2c0 (preset 0x014d)
generic 0x1ece48 (preset 0x0145),generic 0x1ed350 (preset 0x014e),23.613,no,"another wall pokes into the space between them, so a tighter pair covers this gap",generic 0x1ece48 (preset 0x0145)
generic 0x1ece48 (preset 0x0145),generic 0x1ed350 (preset 0x014e),2.063,no,"another wall pokes into the space between them, so a tighter pair covers this gap",generic 0x1ed350 (preset 0x014e)
generic 0x1ece48 (preset 0x0145),generic 0x1ed350 (preset 0x014e),2.063,yes,,
generic 0x1ece48 (preset 0x0145),generic 0x1ed350 (preset 0x014e),2.063,yes,,
generic 0x1ece48 (preset 0x0145),generic 0x1ece48 (preset 0x0145),0.001,no,the line between them touches another wall,generic 0x1ece48 (preset 0x0145)
generic 0x1ece48 (preset 0x0145),generic 0x1ed350 (preset 0x014e),23.612,no,"another wall pokes into the space between them, so a tighter pair covers this gap",generic 0x1ece48 (preset 0x0145)
generic 0x1ece48 (preset 0x0145),generic 0x1ed350 (preset 0x014e),23.612,no,"another wall pokes into the space between them, so a tighter pair covers this gap",generic 0x1ece48 (preset 0x0145)
generic 0x1ece48 (preset 0x0145),generic 0x1ed350 (preset 0x014e),23.613,no,"another wall pokes into the space between them, so a tighter pair covers this gap",generic 0x1ece48 (preset 0x0145)
generic 0x1ecf60 (preset 0x0147),generic 0x1ecf60 (preset 0x0147),0.001,no,the line between them touches another wall,generic 0x1ecf60 (preset 0x0147)
generic 0x1ecf60 (preset 0x0147),generic 0x1ecf60 (preset 0x0147),52.401,no,the line between them touches another wall,generic 0x1ecf60 (preset 0x0147)
generic 0x1ecf60 (preset 0x0147),generic 0x1ecf60 (preset 0x0147),52.400,no,the line between them touches another wall,generic 0x1ecf60 (preset 0x0147)
generic 0x1ecf60 (preset 0x0147),generic 0x1ed500 (preset 0x0151),34.450,no,"another wall pokes into the space between them, so a tighter pair covers this gap",generic 0x1ed500 (preset 0x0151)
generic 0x1ecf60 (preset 0x0147),generic 0x1ed500 (preset 0x0151),34.450,no,"another wall pokes into the space between them, so a tighter pair covers this gap",generic 0x1ed500 (preset 0x0151)
generic 0x1ecf60 (preset 0x0147),generic 0x1ed500 (preset 0x0151),34.243,yes,,
generic 0x1ecf60 (preset 0x0147),generic 0x1ed500 (preset 0x0151),59.472,no,"another wall pokes into the space between them, so a tighter pair covers this gap",generic 0x1ecf60 (preset 0x0147)
generic 0x1ecf60 (preset 0x0147),generic 0x1ecf60 (preset 0x0147),52.400,no,the line between them touches another wall,generic 0x1ecf60 (preset 0x0147)
generic 0x1ecf60 (preset 0x0147),generic 0x1ecff0 (preset 0x0148),25.385,no,"another wall pokes into the space between them, so a tighter pair covers this gap",generic 0x1ecf60 (preset 0x0147)
generic 0x1ecf60 (preset 0x0147),generic 0x1ecff0 (preset 0x0148),25.869,no,"another wall pokes into the space between them, so a tighter pair covers this gap",generic 0x1ecff0 (preset 0x0148)
generic 0x1ecf60 (preset 0x0147),generic 0x1ecff0 (preset 0x0148),25.869,no,the line between them touches another wall,generic 0x1ecff0 (preset 0x0148)
generic 0x1ecf60 (preset 0x0147),generic 0x1ecf60 (preset 0x0147),0.001,no,the line between them touches another wall,generic 0x1ecf60 (preset 0x0147)
generic 0x1ecf60 (preset 0x0147),generic 0x1ecff0 (preset 0x0148),25.385,yes,,
generic 0x1ecf60 (preset 0x0147),generic 0x1ecff0 (preset 0x0148),25.869,no,"another wall pokes into the space between them, so a tighter pair covers this gap",generic 0x1ecff0 (preset 0x0148)
generic 0x1ecf60 (preset 0x0147),generic 0x1ecff0 (preset 0x0148),25.869,no,the line between them touches another wall,generic 0x1ecff0 (preset 0x0148)
generic 0x1ecf60 (preset 0x0147),generic 0x1ecff0 (preset 0x0148),25.385,yes,,
generic 0x1ecf60 (preset 0x0147),generic 0x1ed470 (preset 0x0150),36.379,yes,,
generic 0x1ecf60 (preset 0x0147),generic 0x1ed470 (preset 0x0150),36.379,yes,,
generic 0x1ecf60 (preset 0x0147),generic 0x1ed470 (preset 0x0150),36.379,no,"another wall pokes into the space between them, so a tighter pair covers this gap",generic 0x1ed470 (preset 0x0150)
generic 0x1ecf60 (preset 0x0147),generic 0x1ed500 (preset 0x0151),34.450,no,"another wall pokes into the space between them, so a tighter pair covers this gap",generic 0x1ecf60 (preset 0x0147)
generic 0x1ecf60 (preset 0x0147),generic 0x1ed500 (preset 0x0151),34.450,no,"another wall pokes into the space between them, so a tighter pair covers this gap",generic 0x1ecf60 (preset 0x0147)
generic 0x1ecf60 (preset 0x0147),generic 0x1ecff0 (preset 0x0148),25.869,no,"another wall pokes into the space between them, so a tighter pair covers this gap",generic 0x1ecf60 (preset 0x0147)
generic 0x1ecf60 (preset 0x0147),generic 0x1ecff0 (preset 0x0148),25.869,no,"another wall pokes into the space between them, so a tighter pair covers this gap",generic 0x1ecf60 (preset 0x0147)
generic 0x1ecf60 (preset 0x0147),generic 0x1ed470 (preset 0x0150),36.379,yes,,
generic 0x1ecf60 (preset 0x0147),generic 0x1ed470 (preset 0x0150),36.379,yes,,
generic 0x1ecf60 (preset 0x0147),generic 0x1ed470 (preset 0x0150),36.379,no,"another wall pokes into the space between them, so a tighter pair covers this gap",generic 0x1ed470 (preset 0x0150)
generic 0x1ecf60 (preset 0x0147),generic 0x1ed500 (preset 0x0151),34.450,no,"another wall pokes into the space between them, so a tighter pair covers this gap",generic 0x1ecf60 (preset 0x0147)
generic 0x1ecf60 (preset 0x0147),generic 0x1ed500 (preset 0x0151),34.450,no,"another wall pokes into the space between them, so a tighter pair covers this gap",generic 0x1ecf60 (preset 0x0147)
generic 0x1ecf60 (preset 0x0147),generic 0x1ecff0 (preset 0x0148),25.869,no,the line between them touches another wall,generic 0x1ecf60 (preset 0x0147)
generic 0x1ecf60 (preset 0x0147),generic 0x1ecff0 (preset 0x0148),25.869,no,the line between them touches another wall,generic 0x1ecf60 (preset 0x0147)
generic 0x1ecf60 (preset 0x0147),generic 0x1ed470 (preset 0x0150),36.379,no,"another wall pokes into the space between them, so a tighter pair covers this gap",generic 0x1ecf60 (preset 0x0147)
generic 0x1ecf60 (preset 0x0147),generic 0x1ed470 (preset 0x0150),36.379,no,"another wall pokes into the space between them, so a tighter pair covers this gap",generic 0x1ecf60 (preset 0x0147)
generic 0x1ecf60 (preset 0x0147),generic 0x1ed470 (preset 0x0150),36.380,no,"another wall pokes into the space between them, so a tighter pair covers this gap",generic 0x1ecf60 (preset 0x0147)
generic 0x1ecf60 (preset 0x0147),generic 0x1ed500 (preset 0x0151),34.450,no,"another wall pokes into the space between them, so a tighter pair covers this gap",generic 0x1ed500 (preset 0x0151)
generic 0x1ecf60 (preset 0x0147),generic 0x1ed500 (preset 0x0151),34.450,no,"another wall pokes into the space between them, so a tighter pair covers this gap",generic 0x1ed500 (preset 0x0151)
generic 0x1ecf60 (preset 0x0147),generic 0x1ed500 (preset 0x0151),34.243,yes,,
generic 0x1ecf60 (preset 0x0147),generic 0x1ed500 (preset 0x0151),34.243,yes,,
generic 0x1ecff0 (preset 0x0148),generic 0x1ecff0 (preset 0x0148),0.001,no,the line between them touches another wall,generic 0x1ecff0 (preset 0x0148)
generic 0x1ecff0 (preset 0x0148),generic 0x1ecff0 (preset 0x0148),52.401,no,the line between them touches another wall,generic 0x1ecff0 (preset 0x0148)
generic 0x1ecff0 (preset 0x0148),generic 0x1ecff0 (preset 0x0148),52.400,no,the line between them touches another wall,generic 0x1ecff0 (preset 0x0148)
generic 0x1ecff0 (preset 0x0148),generic 0x1ed470 (preset 0x0150),34.450,no,"another wall pokes into the space between them, so a tighter pair covers this gap",generic 0x1ed470 (preset 0x0150)
generic 0x1ecff0 (preset 0x0148),generic 0x1ed470 (preset 0x0150),34.450,no,"another wall pokes into the space between them, so a tighter pair covers this gap",generic 0x1ed470 (preset 0x0150)
generic 0x1ecff0 (preset 0x0148),generic 0x1ed470 (preset 0x0150),34.243,yes,,
generic 0x1ecff0 (preset 0x0148),generic 0x1ed470 (preset 0x0150),59.472,no,"another wall pokes into the space between them, so a tighter pair covers this gap",generic 0x1ecff0 (preset 0x0148)
generic 0x1ecff0 (preset 0x0148),generic 0x1ed500 (preset 0x0151),48.873,yes,,
generic 0x1ecff0 (preset 0x0148),generic 0x1ed500 (preset 0x0151),48.873,yes,,
generic 0x1ecff0 (preset 0x0148),generic 0x1ecff0 (preset 0x0148),52.400,no,the line between them touches another wall,generic 0x1ecff0 (preset 0x0148)
generic 0x1ecff0 (preset 0x0148),generic 0x1ecff0 (preset 0x0148),0.001,no,the line between them touches another wall,generic 0x1ecff0 (preset 0x0148)
generic 0x1ecff0 (preset 0x0148),generic 0x1ed3e0 (preset 0x014f),42.787,yes,,
generic 0x1ecff0 (preset 0x0148),generic 0x1ed3e0 (preset 0x014f),42.787,yes,,
generic 0x1ecff0 (preset 0x0148),generic 0x1ed3e0 (preset 0x014f),42.787,no,"another wall pokes into the space between them, so a tighter pair covers this gap",generic 0x1ed3e0 (preset 0x014f)
generic 0x1ecff0 (preset 0x0148),generic 0x1ed470 (preset 0x0150),34.450,no,"another wall pokes into the space between them, so a tighter pair covers this gap",generic 0x1ecff0 (preset 0x0148)
generic 0x1ecff0 (preset 0x0148),generic 0x1ed470 (preset 0x0150),34.450,no,"another wall pokes into the space between them, so a tighter pair covers this gap",generic 0x1ecff0 (preset 0x0148)
generic 0x1ecff0 (preset 0x0148),generic 0x1ed3e0 (preset 0x014f),42.787,yes,,
generic 0x1ecff0 (preset 0x0148),generic 0x1ed3e0 (preset 0x014f),42.787,yes,,
generic 0x1ecff0 (preset 0x0148),generic 0x1ed3e0 (preset 0x014f),42.787,no,"another wall pokes into the space between them, so a tighter pair covers this gap",generic 0x1ed3e0 (preset 0x014f)
generic 0x1ecff0 (preset 0x0148),generic 0x1ed470 (preset 0x0150),34.450,no,"another wall pokes into the space between them, so a tighter pair covers this gap",generic 0x1ecff0 (preset 0x0148)
generic 0x1ecff0 (preset 0x0148),generic 0x1ed470 (preset 0x0150),34.450,no,"another wall pokes into the space between them, so a tighter pair covers this gap",generic 0x1ecff0 (preset 0x0148)
generic 0x1ecff0 (preset 0x0148),generic 0x1ed3e0 (preset 0x014f),42.787,no,"another wall pokes into the space between them, so a tighter pair covers this gap",generic 0x1ecff0 (preset 0x0148)
generic 0x1ecff0 (preset 0x0148),generic 0x1ed3e0 (preset 0x014f),42.787,no,"another wall pokes into the space between them, so a tighter pair covers this gap",generic 0x1ecff0 (preset 0x0148)
generic 0x1ecff0 (preset 0x0148),generic 0x1ed3e0 (preset 0x014f),42.787,no,"another wall pokes into the space between them, so a tighter pair covers this gap",generic 0x1ed3e0 (preset 0x014f)
generic 0x1ecff0 (preset 0x0148),generic 0x1ed470 (preset 0x0150),34.450,no,"another wall pokes into the space between them, so a tighter pair covers this gap",generic 0x1ed470 (preset 0x0150)
generic 0x1ecff0 (preset 0x0148),generic 0x1ed470 (preset 0x0150),34.450,no,"another wall pokes into the space between them, so a tighter pair covers this gap",generic 0x1ed470 (preset 0x0150)
generic 0x1ecff0 (preset 0x0148),generic 0x1ed470 (preset 0x0150),34.243,yes,,
generic 0x1ecff0 (preset 0x0148),generic 0x1ed470 (preset 0x0150),34.243,yes,,
generic 0x1ecff0 (preset 0x0148),generic 0x1ed500 (preset 0x0151),48.873,yes,,
generic 0x1ecff0 (preset 0x0148),generic 0x1ed500 (preset 0x0151),48.873,yes,,
generic 0x1ed080 (preset 0x0149),generic 0x1ed080 (preset 0x0149),0.001,no,the line between them touches another wall,generic 0x1ed080 (preset 0x0149)
generic 0x1ed080 (preset 0x0149),generic 0x1ed080 (preset 0x0149),52.401,no,the line between them touches another wall,generic 0x1ed080 (preset 0x0149)
generic 0x1ed080 (preset 0x0149),generic 0x1ed080 (preset 0x0149),52.400,no,the line between them touches another wall,generic 0x1ed080 (preset 0x0149)
generic 0x1ed080 (preset 0x0149),generic 0x1ed110 (preset 0x014a),29.962,no,"another wall pokes into the space between them, so a tighter pair covers this gap",generic 0x1ed110 (preset 0x014a)
generic 0x1ed080 (preset 0x0149),generic 0x1ed110 (preset 0x014a),29.962,yes,,
generic 0x1ed080 (preset 0x0149),generic 0x1ed110 (preset 0x014a),30.377,no,"another wall pokes into the space between them, so a tighter pair covers this gap",generic 0x1ed110 (preset 0x014a)
generic 0x1ed080 (preset 0x0149),generic 0x1ed110 (preset 0x014a),30.378,no,the line between them touches another wall,generic 0x1ed110 (preset 0x014a)
generic 0x1ed080 (preset 0x0149),generic 0x1ed6b0 (preset 0x0154),35.109,no,"another wall pokes into the space between them, so a tighter pair covers this gap",generic 0x1ed080 (preset 0x0149)
generic 0x1ed080 (preset 0x0149),generic 0x1ed6b0 (preset 0x0154),22.641,no,"another wall pokes into the space between them, so a tighter pair covers this gap",generic 0x1ed080 (preset 0x0149)
generic 0x1ed080 (preset 0x0149),generic 0x1ed080 (preset 0x0149),52.400,no,the line between them touches another wall,generic 0x1ed080 (preset 0x0149)
generic 0x1ed080 (preset 0x0149),generic 0x1ed110 (preset 0x014a),30.377,no,"another wall pokes into the space between them, so a tighter pair covers this gap",generic 0x1ed080 (preset 0x0149)
generic 0x1ed080 (preset 0x0149),generic 0x1ed110 (preset 0x014a),30.377,no,"another wall pokes into the space between them, so a tighter pair covers this gap",generic 0x1ed080 (preset 0x0149)
generic 0x1ed080 (preset 0x0149),generic 0x1ed6b0 (preset 0x0154),35.109,no,"another wall pokes into the space between them, so a tighter pair covers this gap",generic 0x1ed080 (preset 0x0149)
generic 0x1ed080 (preset 0x0149),generic 0x1ed6b0 (preset 0x0154),22.641,no,"another wall pokes into the space between them, so a tighter pair covers this gap",generic 0x1ed080 (preset 0x0149)
generic 0x1ed080 (preset 0x0149),generic 0x1ed110 (preset 0x014a),30.378,no,the line between them touches another wall,generic 0x1ed080 (preset 0x0149)
generic 0x1ed080 (preset 0x0149),generic 0x1ed110 (preset 0x014a),30.378,no,the line between them touches another wall,generic 0x1ed080 (preset 0x0149)
generic 0x1ed080 (preset 0x0149),generic 0x1ed6b0 (preset 0x0154),22.641,yes,,
generic 0x1ed080 (preset 0x0149),generic 0x1ed6b0 (preset 0x0154),22.641,yes,,
generic 0x1ed080 (preset 0x0149),generic 0x1ed080 (preset 0x0149),0.001,no,the line between them touches another wall,generic 0x1ed080 (preset 0x0149)
generic 0x1ed080 (preset 0x0149),generic 0x1ed6b0 (preset 0x0154),34.151,no,"another wall pokes into the space between them, so a tighter pair covers this gap",generic 0x1ed080 (preset 0x0149)
generic 0x1ed080 (preset 0x0149),generic 0x1ed6b0 (preset 0x0154),34.151,no,"another wall pokes into the space between them, so a tighter pair covers this gap",generic 0x1ed080 (preset 0x0149)
generic 0x1ed080 (preset 0x0149),generic 0x1ed110 (preset 0x014a),29.962,yes,,
generic 0x1ed080 (preset 0x0149),generic 0x1ed110 (preset 0x014a),30.377,no,"another wall pokes into the space between them, so a tighter pair covers this gap",generic 0x1ed110 (preset 0x014a)
generic 0x1ed080 (preset 0x0149),generic 0x1ed110 (preset 0x014a),30.378,no,the line between them touches another wall,generic 0x1ed110 (preset 0x014a)
generic 0x1ed110 (preset 0x014a),generic 0x1ed110 (preset 0x014a),0.001,no,the line between them touches another wall,generic 0x1ed110 (preset 0x014a)
generic 0x1ed110 (preset 0x014a),generic 0x1ed110 (preset 0x014a),52.401,no,the line between them touches another wall,generic 0x1ed110 (preset 0x014a)
generic 0x1ed110 (preset 0x014a),generic 0x1ed110 (preset 0x014a),52.400,no,the line between them touches another wall,generic 0x1ed110 (preset 0x014a)
generic 0x1ed110 (preset 0x014a),generic 0x1ed1a0 (preset 0x014b),25.385,yes,,
generic 0x1ed110 (preset 0x014a),generic 0x1ed1a0 (preset 0x014b),25.385,yes,,
generic 0x1ed110 (preset 0x014a),generic 0x1ed1a0 (preset 0x014b),25.869,no,"another wall pokes into the space between them, so a tighter pair covers this gap",generic 0x1ed1a0 (preset 0x014b)
generic 0x1ed110 (preset 0x014a),generic 0x1ed1a0 (preset 0x014b),25.870,no,the line between them touches another wall,generic 0x1ed1a0 (preset 0x014b)
generic 0x1ed110 (preset 0x014a),generic 0x1ed6b0 (preset 0x0154),30.217,no,"another wall pokes into the space between them, so a tighter pair covers this gap",generic 0x1ed6b0 (preset 0x0154)
generic 0x1ed110 (preset 0x014a),generic 0x1ed6b0 (preset 0x0154),30.217,no,the line between them touches another wall,generic 0x1ed6b0 (preset 0x0154)
generic 0x1ed110 (preset 0x014a),generic 0x1ed6b0 (preset 0x0154),27.643,no,"another wall pokes into the space between them, so a tighter pair covers this gap",generic 0x1ed110 (preset 0x014a)
generic 0x1ed110 (preset 0x014a),generic 0x1ed110 (preset 0x014a),52.400,no,the line between them touches another wall,generic 0x1ed110 (preset 0x014a)
generic 0x1ed110 (preset 0x014a),generic 0x1ed1a0 (preset 0x014b),25.869,no,"another wall pokes into the space between them, so a tighter pair covers this gap",generic 0x1ed110 (preset 0x014a)
generic 0x1ed110 (preset 0x014a),generic 0x1ed1a0 (preset 0x014b),25.869,no,"another wall pokes into the space between them, so a tighter pair covers this gap",generic 0x1ed110 (preset 0x014a)
generic 0x1ed110 (preset 0x014a),generic 0x1ed6b0 (preset 0x0154),30.217,no,"another wall pokes into the space between them, so a tighter pair covers this gap",generic 0x1ed6b0 (preset 0x0154)
generic 0x1ed110 (preset 0x014a),generic 0x1ed6b0 (preset 0x0154),30.217,no,the line between them touches another wall,generic 0x1ed6b0 (preset 0x0154)
generic 0x1ed110 (preset 0x014a),generic 0x1ed6b0 (preset 0x0154),27.643,no,"another wall pokes into the space between them, so a tighter pair covers this gap",generic 0x1ed110 (preset 0x014a)
generic 0x1ed110 (preset 0x014a),generic 0x1ed1a0 (preset 0x014b),25.870,no,the line between them touches another wall,generic 0x1ed110 (preset 0x014a)
generic 0x1ed110 (preset 0x014a),generic 0x1ed1a0 (preset 0x014b),25.870,no,the line between them touches another wall,generic 0x1ed110 (preset 0x014a)
generic 0x1ed110 (preset 0x014a),generic 0x1ed6b0 (preset 0x0154),30.217,no,"another wall pokes into the space between them, so a tighter pair covers this gap",generic 0x1ed110 (preset 0x014a)
generic 0x1ed110 (preset 0x014a),generic 0x1ed6b0 (preset 0x0154),30.218,no,the line between them touches another wall,generic 0x1ed6b0 (preset 0x0154)
generic 0x1ed110 (preset 0x014a),generic 0x1ed6b0 (preset 0x0154),27.643,yes,,
generic 0x1ed110 (preset 0x014a),generic 0x1ed110 (preset 0x014a),0.001,no,the line between them touches another wall,generic 0x1ed110 (preset 0x014a)
generic 0x1ed110 (preset 0x014a),generic 0x1ed6b0 (preset 0x0154),27.643,yes,,
generic 0x1ed110 (preset 0x014a),generic 0x1ed1a0 (preset 0x014b),25.385,yes,,
generic 0x1ed110 (preset 0x014a),generic 0x1ed1a0 (preset 0x014b),25.869,no,"another wall pokes into the space between them, so a tighter pair covers this gap",generic 0x1ed1a0 (preset 0x014b)
generic 0x1ed110 (preset 0x014a),generic 0x1ed1a0 (preset 0x014b),25.870,no,the line between them touches another wall,generic 0x1ed1a0 (preset 0x014b)
generic 0x1ed1a0 (preset 0x014b),generic 0x1ed1a0 (preset 0x014b),0.001,no,the line between them touches another wall,generic 0x1ed1a0 (preset 0x014b)
generic 0x1ed1a0 (preset 0x014b),generic 0x1ed1a0 (preset 0x014b),52.401,no,the line between them touches another wall,generic 0x1ed1a0 (preset 0x014b)
generic 0x1ed1a0 (preset 0x014b),generic 0x1ed1a0 (preset 0x014b),52.400,no,the line between them touches another wall,generic 0x1ed1a0 (preset 0x014b)
generic 0x1ed1a0 (preset 0x014b),generic 0x1ed1a0 (preset 0x014b),52.400,no,the line between them touches another wall,generic 0x1ed1a0 (preset 0x014b)
generic 0x1ed1a0 (preset 0x014b),generic 0x1ed6b0 (preset 0x0154),35.183,yes,,
generic 0x1ed1a0 (preset 0x014b),generic 0x1ed6b0 (preset 0x0154),35.184,no,"another wall pokes into the space between them, so a tighter pair covers this gap",generic 0x1ed6b0 (preset 0x0154)
generic 0x1ed1a0 (preset 0x014b),generic 0x1ed6b0 (preset 0x0154),35.183,yes,,
generic 0x1ed1a0 (preset 0x014b),generic 0x1ed1a0 (preset 0x014b),0.001,no,the line between them touches another wall,generic 0x1ed1a0 (preset 0x014b)
generic 0x1ed1a0 (preset 0x014b),generic 0x1ed6b0 (preset 0x0154),35.183,yes,,
generic 0x1ed1a0 (preset 0x014b),generic 0x1ed6b0 (preset 0x0154),35.184,no,"another wall pokes into the space between them, so a tighter pair covers this gap",generic 0x1ed6b0 (preset 0x0154)
generic 0x1ed1a0 (preset 0x014b),generic 0x1ed6b0 (preset 0x0154),35.183,yes,,
generic 0x1ed230 (preset 0x014c),generic 0x1ed230 (preset 0x014c),0.001,no,the line between them touches another wall,generic 0x1ed230 (preset 0x014c)
generic 0x1ed230 (preset 0x014c),generic 0x1ed230 (preset 0x014c),52.401,no,the line between them touches another wall,generic 0x1ed230 (preset 0x014c)
generic 0x1ed230 (preset 0x014c),generic 0x1ed230 (preset 0x014c),52.400,no,the line between them touches another wall,generic 0x1ed230 (preset 0x014c)
generic 0x1ed230 (preset 0x014c),generic 0x1ed230 (preset 0x014c),52.400,no,the line between them touches another wall,generic 0x1ed230 (preset 0x014c)
generic 0x1ed230 (preset 0x014c),generic 0x1ed2c0 (preset 0x014d),25.385,yes,,
generic 0x1ed230 (preset 0x014c),generic 0x1ed2c0 (preset 0x014d),25.869,no,"another wall pokes into the space between them, so a tighter pair covers this gap",generic 0x1ed2c0 (preset 0x014d)
generic 0x1ed230 (preset 0x014c),generic 0x1ed2c0 (preset 0x014d),25.869,no,the line between them touches another wall,generic 0x1ed2c0 (preset 0x014d)
generic 0x1ed230 (preset 0x014c),generic 0x1ed230 (preset 0x014c),0.001,no,the line between them touches another wall,generic 0x1ed230 (preset 0x014c)
generic 0x1ed230 (preset 0x014c),generic 0x1ed2c0 (preset 0x014d),25.385,yes,,
generic 0x1ed230 (preset 0x014c),generic 0x1ed2c0 (preset 0x014d),25.869,no,"another wall pokes into the space between them, so a tighter pair covers this gap",generic 0x1ed2c0 (preset 0x014d)
generic 0x1ed230 (preset 0x014c),generic 0x1ed2c0 (preset 0x014d),25.869,no,the line between them touches another wall,generic 0x1ed2c0 (preset 0x014d)
generic 0x1ed230 (preset 0x014c),generic 0x1ed2c0 (preset 0x014d),25.385,no,"another wall pokes into the space between them, so a tighter pair covers this gap",generic 0x1ed2c0 (preset 0x014d)
generic 0x1ed230 (preset 0x014c),generic 0x1ed2c0 (preset 0x014d),25.869,no,"another wall pokes into the space between them, so a tighter pair covers this gap",generic 0x1ed230 (preset 0x014c)
generic 0x1ed230 (preset 0x014c),generic 0x1ed2c0 (preset 0x014d),25.869,no,"another wall pokes into the space between them, so a tighter pair covers this gap",generic 0x1ed230 (preset 0x014c)
generic 0x1ed230 (preset 0x014c),generic 0x1ed2c0 (preset 0x014d),25.869,no,the line between them touches another wall,generic 0x1ed230 (preset 0x014c)
generic 0x1ed230 (preset 0x014c),generic 0x1ed2c0 (preset 0x014d),25.869,no,the line between them touches another wall,generic 0x1ed230 (preset 0x014c)
generic 0x1ed2c0 (preset 0x014d),generic 0x1ed2c0 (preset 0x014d),0.001,no,the line between them touches another wall,generic 0x1ed2c0 (preset 0x014d)
generic 0x1ed2c0 (preset 0x014d),generic 0x1ed2c0 (preset 0x014d),52.401,no,the line between them touches another wall,generic 0x1ed2c0 (preset 0x014d)
generic 0x1ed2c0 (preset 0x014d),generic 0x1ed2c0 (preset 0x014d),52.400,no,the line between them touches another wall,generic 0x1ed2c0 (preset 0x014d)
generic 0x1ed2c0 (preset 0x014d),generic 0x1ed2c0 (preset 0x014d),52.400,no,the line between them touches another wall,generic 0x1ed2c0 (preset 0x014d)
generic 0x1ed2c0 (preset 0x014d),generic 0x1ed350 (preset 0x014e),29.986,yes,,
generic 0x1ed2c0 (preset 0x014d),generic 0x1ed350 (preset 0x014e),29.989,no,"another wall pokes into the space between them, so a tighter pair covers this gap",generic 0x1ed350 (preset 0x014e)
generic 0x1ed2c0 (preset 0x014d),generic 0x1ed350 (preset 0x014e),29.990,no,the line between them touches another wall,generic 0x1ed350 (preset 0x014e)
generic 0x1ed2c0 (preset 0x014d),generic 0x1ed2c0 (preset 0x014d),0.001,no,the line between them touches another wall,generic 0x1ed2c0 (preset 0x014d)
generic 0x1ed2c0 (preset 0x014d),generic 0x1ed350 (preset 0x014e),29.986,yes,,
generic 0x1ed2c0 (preset 0x014d),generic 0x1ed350 (preset 0x014e),29.989,no,"another wall pokes into the space between them, so a tighter pair covers this gap",generic 0x1ed350 (preset 0x014e)
generic 0x1ed2c0 (preset 0x014d),generic 0x1ed350 (preset 0x014e),29.990,no,the line between them touches another wall,generic 0x1ed350 (preset 0x014e)
generic 0x1ed2c0 (preset 0x014d),generic 0x1ed350 (preset 0x014e),29.986,yes,,
generic 0x1ed2c0 (preset 0x014d),generic 0x1ed350 (preset 0x014e),29.989,no,"another wall pokes into the space between them, so a tighter pair covers this gap",generic 0x1ed2c0 (preset 0x014d)
generic 0x1ed2c0 (preset 0x014d),generic 0x1ed350 (preset 0x014e),29.989,no,"another wall pokes into the space between them, so a tighter pair covers this gap",generic 0x1ed2c0 (preset 0x014d)
generic 0x1ed2c0 (preset 0x014d),generic 0x1ed350 (preset 0x014e),29.990,no,the line between them touches another wall,generic 0x1ed2c0 (preset 0x014d)
generic 0x1ed2c0 (preset 0x014d),generic 0x1ed350 (preset 0x014e),29.990,no,the line between them touches another wall,generic 0x1ed2c0 (preset 0x014d)
generic 0x1ed350 (preset 0x014e),generic 0x1ed350 (preset 0x014e),0.001,no,the line between them touches another wall,generic 0x1ed350 (preset 0x014e)
generic 0x1ed350 (preset 0x014e),generic 0x1ed350 (preset 0x014e),52.401,no,the line between them touches another wall,generic 0x1ed350 (preset 0x014e)
generic 0x1ed350 (preset 0x014e),generic 0x1ed350 (preset 0x014e),52.400,no,the line between them touches another wall,generic 0x1ed350 (preset 0x014e)
generic 0x1ed350 (preset 0x014e),generic 0x1ed350 (preset 0x014e),52.400,no,the line between them touches another wall,generic 0x1ed350 (preset 0x014e)
generic 0x1ed350 (preset 0x014e),generic 0x1ed350 (preset 0x014e),0.001,no,the line between them touches another wall,generic 0x1ed350 (preset 0x014e)
generic 0x1ed3e0 (preset 0x014f),generic 0x1ed3e0 (preset 0x014f),0.001,no,the line between them touches another wall,generic 0x1ed3e0 (preset 0x014f)
generic 0x1ed3e0 (preset 0x014f),generic 0x1ed3e0 (preset 0x014f),52.401,no,the line between them touches another wall,generic 0x1ed3e0 (preset 0x014f)
generic 0x1ed3e0 (preset 0x014f),generic 0x1ed3e0 (preset 0x014f),52.400,no,the line between them touches another wall,generic 0x1ed3e0 (preset 0x014f)
generic 0x1ed3e0 (preset 0x014f),generic 0x1ed470 (preset 0x0150),29.986,yes,,
generic 0x1ed3e0 (preset 0x014f),generic 0x1ed470 (preset 0x0150),29.986,yes,,
generic 0x1ed3e0 (preset 0x014f),generic 0x1ed470 (preset 0x0150),29.989,no,"another wall pokes into the space between them, so a tighter pair covers this gap",generic 0x1ed470 (preset 0x0150)
generic 0x1ed3e0 (preset 0x014f),generic 0x1ed470 (preset 0x0150),29.990,no,the line between them touches another wall,generic 0x1ed470 (preset 0x0150)
generic 0x1ed3e0 (preset 0x014f),generic 0x1ed590 (preset 0x0152),55.366,yes,,
generic 0x1ed3e0 (preset 0x014f),generic 0x1ed590 (preset 0x0152),57.208,no,"another wall pokes into the space between them, so a tighter pair covers this gap",generic 0x1ed3e0 (preset 0x014f)
generic 0x1ed3e0 (preset 0x014f),generic 0x1ed590 (preset 0x0152),57.208,no,the line between them touches another wall,generic 0x1ed590 (preset 0x0152)
generic 0x1ed3e0 (preset 0x014f),generic 0x1ed620 (preset 0x0153),35.111,no,"another wall pokes into the space between them, so a tighter pair covers this gap",generic 0x1ed3e0 (preset 0x014f)
generic 0x1ed3e0 (preset 0x014f),generic 0x1ed620 (preset 0x0153),35.111,no,"another wall pokes into the space between them, so a tighter pair covers this gap",generic 0x1ed3e0 (preset 0x014f)
generic 0x1ed3e0 (preset 0x014f),generic 0x1ed3e0 (preset 0x014f),52.400,no,the line between them touches another wall,generic 0x1ed3e0 (preset 0x014f)
generic 0x1ed3e0 (preset 0x014f),generic 0x1ed470 (preset 0x0150),29.989,no,"another wall pokes into the space between them, so a tighter pair covers this gap",generic 0x1ed3e0 (preset 0x014f)
generic 0x1ed3e0 (preset 0x014f),generic 0x1ed470 (preset 0x0150),29.989,no,"another wall pokes into the space between them, so a tighter pair covers this gap",generic 0x1ed3e0 (preset 0x014f)
generic 0x1ed3e0 (preset 0x014f),generic 0x1ed470 (preset 0x0150),29.990,no,the line between them touches another wall,generic 0x1ed3e0 (preset 0x014f)
generic 0x1ed3e0 (preset 0x014f),generic 0x1ed470 (preset 0x0150),29.990,no,the line between them touches another wall,generic 0x1ed3e0 (preset 0x014f)
generic 0x1ed3e0 (preset 0x014f),generic 0x1ed3e0 (preset 0x014f),0.001,no,the line between them touches another wall,generic 0x1ed3e0 (preset 0x014f)
generic 0x1ed3e0 (preset 0x014f),generic 0x1ed620 (preset 0x0153),28.669,no,"another wall pokes into the space between them, so a tighter pair covers this gap",generic 0x1ed3e0 (preset 0x014f)
generic 0x1ed3e0 (preset 0x014f),generic 0x1ed620 (preset 0x0153),18.042,no,"another wall pokes into the space between them, so a tighter pair covers this gap",generic 0x1ed3e0 (preset 0x014f)
generic 0x1ed3e0 (preset 0x014f),generic 0x1ed620 (preset 0x0153),28.668,no,"another wall pokes into the space between them, so a tighter pair covers this gap",generic 0x1ed3e0 (preset 0x014f)
generic 0x1ed3e0 (preset 0x014f),generic 0x1ed620 (preset 0x0153),18.042,no,"another wall pokes into the space between them, so a tighter pair covers this gap",generic 0x1ed3e0 (preset 0x014f)
generic 0x1ed3e0 (preset 0x014f),generic 0x1ed470 (preset 0x0150),29.986,yes,,
generic 0x1ed3e0 (preset 0x014f),generic 0x1ed470 (preset 0x0150),29.989,no,"another wall pokes into the space between them, so a tighter pair covers this gap",generic 0x1ed470 (preset 0x0150)
generic 0x1ed3e0 (preset 0x014f),generic 0x1ed470 (preset 0x0150),29.990,no,the line between them touches another wall,generic 0x1ed470 (preset 0x0150)
generic 0x1ed3e0 (preset 0x014f),generic 0x1ed590 (preset 0x0152),55.366,yes,,
generic 0x1ed3e0 (preset 0x014f),generic 0x1ed590 (preset 0x0152),55.366,no,"another wall pokes into the space between them, so a tighter pair covers this gap",generic 0x1ed590 (preset 0x0152)
generic 0x1ed3e0 (preset 0x014f),generic 0x1ed590 (preset 0x0152),55.367,no,"another wall pokes into the space between them, so a tighter pair covers this gap",generic 0x1ed590 (preset 0x0152)
generic 0x1ed3e0 (preset 0x014f),generic 0x1ed620 (preset 0x0153),18.042,yes,,
generic 0x1ed3e0 (preset 0x014f),generic 0x1ed620 (preset 0x0153),18.042,yes,,
generic 0x1ed470 (preset 0x0150),generic 0x1ed470 (preset 0x0150),0.001,no,the line between them touches another wall,generic 0x1ed470 (preset 0x0150)
generic 0x1ed470 (preset 0x0150),generic 0x1ed470 (preset 0x0150),52.401,no,the line between them touches another wall,generic 0x1ed470 (preset 0x0150)
generic 0x1ed470 (preset 0x0150),generic 0x1ed470 (preset 0x0150),52.400,no,the line between them touches another wall,generic 0x1ed470 (preset 0x0150)
generic 0x1ed470 (preset 0x0150),generic 0x1ed500 (preset 0x0151),25.385,no,"another wall pokes into the space between them, so a tighter pair covers this gap",generic 0x1ed500 (preset 0x0151)
generic 0x1ed470 (preset 0x0150),generic 0x1ed500 (preset 0x0151),25.385,yes,,
generic 0x1ed470 (preset 0x0150),generic 0x1ed500 (preset 0x0151),25.869,no,"another wall pokes into the space between them, so a tighter pair covers this gap",generic 0x1ed500 (preset 0x0151)
generic 0x1ed470 (preset 0x0150),generic 0x1ed500 (preset 0x0151),25.869,no,the line between them touches another wall,generic 0x1ed500 (preset 0x0151)
generic 0x1ed470 (preset 0x0150),generic 0x1ed590 (preset 0x0152),54.942,yes,,
generic 0x1ed470 (preset 0x0150),generic 0x1ed470 (preset 0x0150),52.400,no,the line between them touches another wall,generic 0x1ed470 (preset 0x0150)
generic 0x1ed470 (preset 0x0150),generic 0x1ed500 (preset 0x0151),25.869,no,"another wall pokes into the space between them, so a tighter pair covers this gap",generic 0x1ed470 (preset 0x0150)
generic 0x1ed470 (preset 0x0150),generic 0x1ed500 (preset 0x0151),25.869,no,"another wall pokes into the space between them, so a tighter pair covers this gap",generic 0x1ed470 (preset 0x0150)
generic 0x1ed470 (preset 0x0150),generic 0x1ed500 (preset 0x0151),25.869,no,the line between them touches another wall,generic 0x1ed470 (preset 0x0150)
generic 0x1ed470 (preset 0x0150),generic 0x1ed500 (preset 0x0151),25.869,no,the line between them touches another wall,generic 0x1ed470 (preset 0x0150)
generic 0x1ed470 (preset 0x0150),generic 0x1ed470 (preset 0x0150),0.001,no,the line between them touches another wall,generic 0x1ed470 (preset 0x0150)
generic 0x1ed470 (preset 0x0150),generic 0x1ed590 (preset 0x0152),54.942,no,"another wall pokes into the space between them, so a tighter pair covers this gap",generic 0x1ed470 (preset 0x0150)
generic 0x1ed470 (preset 0x0150),generic 0x1ed590 (preset 0x0152),54.942,no,"another wall pokes into the space between them, so a tighter pair covers this gap",generic 0x1ed470 (preset 0x0150)
generic 0x1ed470 (preset 0x0150),generic 0x1ed500 (preset 0x0151),25.385,yes,,
generic 0x1ed470 (preset 0x0150),generic 0x1ed500 (preset 0x0151),25.869,no,"another wall pokes into the space between them, so a tighter pair covers this gap",generic 0x1ed500 (preset 0x0151)
generic 0x1ed470 (preset 0x0150),generic 0x1ed500 (preset 0x0151),25.869,no,the line between them touches another wall,generic 0x1ed500 (preset 0x0151)
generic 0x1ed470 (preset 0x0150),generic 0x1ed590 (preset 0x0152),54.942,yes,,
generic 0x1ed500 (preset 0x0151),generic 0x1ed500 (preset 0x0151),0.001,no,the line between them touches another wall,generic 0x1ed500 (preset 0x0151)
generic 0x1ed500 (preset 0x0151),generic 0x1ed500 (preset 0x0151),52.401,no,the line between them touches another wall,generic 0x1ed500 (preset 0x0151)
generic 0x1ed500 (preset 0x0151),generic 0x1ed500 (preset 0x0151),52.400,no,the line between them touches another wall,generic 0x1ed500 (preset 0x0151)
generic 0x1ed500 (preset 0x0151),generic 0x1ed500 (preset 0x0151),52.400,no,the line between them touches another wall,generic 0x1ed500 (preset 0x0151)
generic 0x1ed500 (preset 0x0151),generic 0x1ed500 (preset 0x0151),0.001,no,the line between them touches another wall,generic 0x1ed500 (preset 0x0151)
generic 0x1ed500 (preset 0x0151),generic 0x1ed590 (preset 0x0152),49.970,yes,,
generic 0x1ed500 (preset 0x0151),generic 0x1ed590 (preset 0x0152),49.970,yes,,
generic 0x1ed500 (preset 0x0151),generic 0x1ed590 (preset 0x0152),49.970,yes,,
generic 0x1ed500 (preset 0x0151),generic 0x1ed590 (preset 0x0152),49.970,yes,,
generic 0x1ed500 (preset 0x0151),generic 0x1ed590 (preset 0x0152),49.970,no,"another wall pokes into the space between them, so a tighter pair covers this gap",generic 0x1ed500 (preset 0x0151)
generic 0x1ed500 (preset 0x0151),generic 0x1ed590 (preset 0x0152),49.970,no,"another wall pokes into the space between them, so a tighter pair covers this gap",generic 0x1ed500 (preset 0x0151)
generic 0x1ed590 (preset 0x0152),generic 0x1ed590 (preset 0x0152),52.400,no,the line between them touches another wall,generic 0x1ed590 (preset 0x0152)
generic 0x1ed590 (preset 0x0152),generic 0x1ed590 (preset 0x0152),0.000,no,the line between them touches another wall,generic 0x1ed590 (preset 0x0152)
generic 0x1ed590 (preset 0x0152),generic 0x1ed590 (preset 0x0152),0.000,no,the line between them touches another wall,generic 0x1ed590 (preset 0x0152)
generic 0x1ed590 (preset 0x0152),generic 0x1ed590 (preset 0x0152),52.401,no,the line between them touches another wall,generic 0x1ed590 (preset 0x0152)
generic 0x1ed590 (preset 0x0152),generic 0x1ed620 (preset 0x0153),21.783,no,"another wall pokes into the space between them, so a tighter pair covers this gap",generic 0x1ed620 (preset 0x0153)
generic 0x1ed590 (preset 0x0152),generic 0x1ed620 (preset 0x0153),15.723,no,"another wall pokes into the space between them, so a tighter pair covers this gap",generic 0x1ed590 (preset 0x0152)
generic 0x1ed590 (preset 0x0152),generic 0x1ed620 (preset 0x0153),40.501,no,"another wall pokes into the space between them, so a tighter pair covers this gap",generic 0x1ed620 (preset 0x0153)
generic 0x1ed590 (preset 0x0152),generic 0x1ed620 (preset 0x0153),21.783,no,"another wall pokes into the space between them, so a tighter pair covers this gap",generic 0x1ed620 (preset 0x0153)
generic 0x1ed590 (preset 0x0152),generic 0x1ed6b0 (preset 0x0154),45.450,no,"another wall pokes into the space between them, so a tighter pair covers this gap",generic 0x1ed590 (preset 0x0152)
generic 0x1ed590 (preset 0x0152),generic 0x1ed6b0 (preset 0x0154),45.450,no,"another wall pokes into the space between them, so a tighter pair covers this gap",generic 0x1ed590 (preset 0x0152)
generic 0x1ed590 (preset 0x0152),generic 0x1ed590 (preset 0x0152),52.400,no,the line between them touches another wall,generic 0x1ed590 (preset 0x0152)
generic 0x1ed590 (preset 0x0152),generic 0x1ed620 (preset 0x0153),21.782,no,"another wall pokes into the space between them, so a tighter pair covers this gap",generic 0x1ed620 (preset 0x0153)
generic 0x1ed590 (preset 0x0152),generic 0x1ed620 (preset 0x0153),15.723,yes,,
generic 0x1ed590 (preset 0x0152),generic 0x1ed620 (preset 0x0153),40.501,no,"another wall pokes into the space between them, so a tighter pair covers this gap",generic 0x1ed620 (preset 0x0153)
generic 0x1ed590 (preset 0x0152),generic 0x1ed620 (preset 0x0153),21.783,no,"another wall pokes into the space between them, so a tighter pair covers this gap",generic 0x1ed620 (preset 0x0153)
generic 0x1ed590 (preset 0x0152),generic 0x1ed6b0 (preset 0x0154),45.450,no,"another wall pokes into the space between them, so a tighter pair covers this gap",generic 0x1ed590 (preset 0x0152)
generic 0x1ed590 (preset 0x0152),generic 0x1ed6b0 (preset 0x0154),45.450,no,"another wall pokes into the space between them, so a tighter pair covers this gap",generic 0x1ed590 (preset 0x0152)
generic 0x1ed590 (preset 0x0152),generic 0x1ed620 (preset 0x0153),15.723,no,"another wall pokes into the space between them, so a tighter pair covers this gap",generic 0x1ed620 (preset 0x0153)
generic 0x1ed590 (preset 0x0152),generic 0x1ed620 (preset 0x0153),15.723,yes,,
generic 0x1ed590 (preset 0x0152),generic 0x1ed620 (preset 0x0153),40.501,no,"another wall pokes into the space between them, so a tighter pair covers this gap",generic 0x1ed620 (preset 0x0153)
generic 0x1ed590 (preset 0x0152),generic 0x1ed620 (preset 0x0153),15.723,no,"another wall pokes into the space between them, so a tighter pair covers this gap",generic 0x1ed620 (preset 0x0153)
generic 0x1ed590 (preset 0x0152),generic 0x1ed6b0 (preset 0x0154),45.450,no,"another wall pokes into the space between them, so a tighter pair covers this gap",generic 0x1ed6b0 (preset 0x0154)
generic 0x1ed590 (preset 0x0152),generic 0x1ed6b0 (preset 0x0154),20.700,yes,,
generic 0x1ed590 (preset 0x0152),generic 0x1ed6b0 (preset 0x0154),20.700,no,"another wall pokes into the space between them, so a tighter pair covers this gap",generic 0x1ed6b0 (preset 0x0154)
generic 0x1ed590 (preset 0x0152),generic 0x1ed6b0 (preset 0x0154),45.450,no,"another wall pokes into the space between them, so a tighter pair covers this gap",generic 0x1ed6b0 (preset 0x0154)
generic 0x1ed590 (preset 0x0152),generic 0x1ed620 (preset 0x0153),40.501,no,"another wall pokes into the space between them, so a tighter pair covers this gap",generic 0x1ed590 (preset 0x0152)
generic 0x1ed590 (preset 0x0152),generic 0x1ed620 (preset 0x0153),40.501,no,"another wall pokes into the space between them, so a tighter pair covers this gap",generic 0x1ed620 (preset 0x0153)
generic 0x1ed590 (preset 0x0152),generic 0x1ed620 (preset 0x0153),40.501,no,"another wall pokes into the space between them, so a tighter pair covers this gap",generic 0x1ed590 (preset 0x0152)
generic 0x1ed590 (preset 0x0152),generic 0x1ed6b0 (preset 0x0154),45.450,no,"another wall pokes into the space between them, so a tighter pair covers this gap",generic 0x1ed6b0 (preset 0x0154)
generic 0x1ed590 (preset 0x0152),generic 0x1ed6b0 (preset 0x0154),20.700,yes,,
generic 0x1ed590 (preset 0x0152),generic 0x1ed6b0 (preset 0x0154),23.896,no,"another wall pokes into the space between them, so a tighter pair covers this gap",generic 0x1ed590 (preset 0x0152)
generic 0x1ed590 (preset 0x0152),generic 0x1ed6b0 (preset 0x0154),45.450,no,"another wall pokes into the space between them, so a tighter pair covers this gap",generic 0x1ed6b0 (preset 0x0154)
generic 0x1ed620 (preset 0x0153),generic 0x1ed620 (preset 0x0153),52.400,no,the line between them touches another wall,generic 0x1ed620 (preset 0x0153)
generic 0x1ed620 (preset 0x0153),generic 0x1ed6b0 (preset 0x0154),25.869,no,"another wall pokes into the space between them, so a tighter pair covers this gap",generic 0x1ed620 (preset 0x0153)
generic 0x1ed620 (preset 0x0153),generic 0x1ed6b0 (preset 0x0154),25.869,no,"another wall pokes into the space between them, so a tighter pair covers this gap",generic 0x1ed620 (preset 0x0153)
generic 0x1ed620 (preset 0x0153),generic 0x1ed620 (preset 0x0153),0.000,no,the line between them touches another wall,generic 0x1ed620 (preset 0x0153)
generic 0x1ed620 (preset 0x0153),generic 0x1ed6b0 (preset 0x0154),25.870,no,the line between them touches another wall,generic 0x1ed620 (preset 0x0153)
generic 0x1ed620 (preset 0x0153),generic 0x1ed6b0 (preset 0x0154),25.870,no,the line between them touches another wall,generic 0x1ed620 (preset 0x0153)
generic 0x1ed620 (preset 0x0153),generic 0x1ed620 (preset 0x0153),0.000,no,the line between them touches another wall,generic 0x1ed620 (preset 0x0153)
generic 0x1ed620 (preset 0x0153),generic 0x1ed620 (preset 0x0153),52.401,no,the line between them touches another wall,generic 0x1ed620 (preset 0x0153)
generic 0x1ed620 (preset 0x0153),generic 0x1ed620 (preset 0x0153),52.400,no,the line between them touches another wall,generic 0x1ed620 (preset 0x0153)
generic 0x1ed620 (preset 0x0153),generic 0x1ed6b0 (preset 0x0154),25.386,no,"another wall pokes into the space between them, so a tighter pair covers this gap",generic 0x1ed620 (preset 0x0153)
generic 0x1ed620 (preset 0x0153),generic 0x1ed6b0 (preset 0x0154),25.869,no,"another wall pokes into the space between them, so a tighter pair covers this gap",generic 0x1ed6b0 (preset 0x0154)
generic 0x1ed620 (preset 0x0153),generic 0x1ed6b0 (preset 0x0154),25.870,no,the line between them touches another wall,generic 0x1ed6b0 (preset 0x0154)
generic 0x1ed620 (preset 0x0153),generic 0x1ed6b0 (preset 0x0154),25.386,yes,,
generic 0x1ed620 (preset 0x0153),generic 0x1ed6b0 (preset 0x0154),25.386,yes,,
generic 0x1ed620 (preset 0x0153),generic 0x1ed6b0 (preset 0x0154),25.869,no,"another wall pokes into the space between them, so a tighter pair covers this gap",generic 0x1ed6b0 (preset 0x0154)
generic 0x1ed620 (preset 0x0153),generic 0x1ed6b0 (preset 0x0154),25.870,no,the line between them touches another wall,generic 0x1ed6b0 (preset 0x0154)
generic 0x1ed6b0 (preset 0x0154),generic 0x1ed6b0 (preset 0x0154),52.400,no,the line between them touches another wall,generic 0x1ed6b0 (preset 0x0154)
generic 0x1ed6b0 (preset 0x0154),generic 0x1ed6b0 (preset 0x0154),0.000,no,the line between them touches another wall,generic 0x1ed6b0 (preset 0x0154)
generic 0x1ed6b0 (preset 0x0154),generic 0x1ed6b0 (preset 0x0154),0.000,no,the line between them touches another wall,generic 0x1ed6b0 (preset 0x0154)
generic 0x1ed6b0 (preset 0x0154),generic 0x1ed6b0 (preset 0x0154),52.401,no,the line between them touches another wall,generic 0x1ed6b0 (preset 0x0154)
generic 0x1ed6b0 (preset 0x0154),generic 0x1ed6b0 (preset 0x0154),52.400,no,the line between them touches another wall,generic 0x1ed6b0 (preset 0x0154)
door 0x1ed730 (preset 0x0019),door 0x1ed730 (preset 0x0019),9.154,no,the line between them touches another wall,door 0x1ed730 (preset 0x0019)
door 0x1ed830 (preset 0x001a),door 0x1ed830 (preset 0x001a),9.154,no,the line between them touches another wall,door 0x1ed830 (preset 0x001a)
door 0x1ed930 (preset 0x001b),door 0x1ed930 (preset 0x001b),9.154,no,the line between them touches another wall,door 0x1ed930 (preset 0x001b)
door 0x1eda30 (preset 0x001c),door 0x1eda30 (preset 0x001c),0.000,no,neither wall could be placed on a tile,
door 0x1eda30 (preset 0x001c),door 0x1eda30 (preset 0x001c),9.154,no,the line between them touches another wall,door 0x1eda30 (preset 0x001c)
door 0x1eda30 (preset 0x001c),door 0x1eda30 (preset 0x001c),9.154,no,"the line between them leaves the walkable area (a wall's thickness, or another floor)",
door 0x1eda30 (preset 0x001c),door 0x1eda30 (preset 0x001c),9.154,no,neither wall could be placed on a tile,
door 0x1eda30 (preset 0x001c),door 0x1eda30 (preset 0x001c),0.000,no,neither wall could be placed on a tile,
door 0x1edb30 (preset 0x001d),door 0x1edb30 (preset 0x001d),0.000,no,the line between them touches another wall,door 0x1edb30 (preset 0x001d)
door 0x1edb30 (preset 0x001d),door 0x1edb30 (preset 0x001d),9.154,no,the line between them touches another wall,door 0x1edb30 (preset 0x001d)
door 0x1edb30 (preset 0x001d),door 0x1edb30 (preset 0x001d),9.154,no,"the line between them leaves the walkable area (a wall's thickness, or another floor)",
door 0x1edb30 (preset 0x001d),door 0x1edb30 (preset 0x001d),9.154,no,"the line between them leaves the walkable area (a wall's thickness, or another floor)",
door 0x1edb30 (preset 0x001d),door 0x1edb30 (preset 0x001d),0.000,no,neither wall could be placed on a tile,
door 0x1edc30 (preset 0x001e),door 0x1edc30 (preset 0x001e),0.000,no,the line between them touches another wall,door 0x1edc30 (preset 0x001e)
door 0x1edc30 (preset 0x001e),door 0x1edc30 (preset 0x001e),9.154,no,the line between them touches another wall,door 0x1edc30 (preset 0x001e)
door 0x1edc30 (preset 0x001e),door 0x1edc30 (preset 0x001e),9.154,no,"the line between them leaves the walkable area (a wall's thickness, or another floor)",
door 0x1edc30 (preset 0x001e),door 0x1edc30 (preset 0x001e),9.154,no,"the line between them leaves the walkable area (a wall's thickness, or another floor)",
door 0x1edc30 (preset 0x001e),door 0x1edc30 (preset 0x001e),0.000,no,neither wall could be placed on a tile,
door 0x1edd30 (preset 0x001f),door 0x1edd30 (preset 0x001f),4.577,no,the line between them touches another wall,door 0x1edd30 (preset 0x001f)
door 0x1ede30 (preset 0x0020),door 0x1ede30 (preset 0x0020),9.154,no,the line between them touches another wall,door 0x1ede30 (preset 0x0020)
door 0x1edf30 (preset 0x0021),door 0x1edf30 (preset 0x0021),9.154,no,the line between them touches another wall,door 0x1edf30 (preset 0x0021)
door 0x1ee030 (preset 0x0022),door 0x1ee030 (preset 0x0022),9.154,no,the line between them touches another wall,door 0x1ee030 (preset 0x0022)
door 0x1ee130 (preset 0x0023),door 0x1ee130 (preset 0x0023),4.577,no,the line between them touches another wall,door 0x1ee130 (preset 0x0023)
door 0x1ee230 (preset 0x0024),door 0x1ee230 (preset 0x0024),9.154,no,"the line between them leaves the walkable area (a wall's thickness, or another floor)",
door 0x1ee230 (preset 0x0024),door 0x1ee230 (preset 0x0024),9.154,no,the line between them touches another wall,door 0x1ee230 (preset 0x0024)
door 0x1ee230 (preset 0x0024),door 0x1ee230 (preset 0x0024),0.000,no,the line between them touches another wall,door 0x1ee230 (preset 0x0024)
door 0x1ee230 (preset 0x0024),door 0x1ee230 (preset 0x0024),0.000,no,the line between them touches another wall,door 0x1ee230 (preset 0x0024)
door 0x1ee230 (preset 0x0024),door 0x1ee230 (preset 0x0024),9.154,no,"the line between them leaves the walkable area (a wall's thickness, or another floor)",
door 0x1ee330 (preset 0x0025),door 0x1ee330 (preset 0x0025),9.154,no,the line between them touches another wall,door 0x1ee330 (preset 0x0025)
door 0x1ee430 (preset 0x0026),door 0x1ee430 (preset 0x0026),4.577,no,neither wall could be placed on a tile,
door 0x1ee430 (preset 0x0026),door 0x1ee430 (preset 0x0026),0.000,no,neither wall could be placed on a tile,
door 0x1ee430 (preset 0x0026),door 0x1ee430 (preset 0x0026),0.000,no,the line between them touches another wall,door 0x1ee430 (preset 0x0026)
door 0x1ee430 (preset 0x0026),door 0x1ee430 (preset 0x0026),4.577,no,the line between them touches another wall,door 0x1ee430 (preset 0x0026)
door 0x1ee430 (preset 0x0026),door 0x1ee430 (preset 0x0026),4.577,no,the line between them touches another wall,door 0x1ee430 (preset 0x0026)
door 0x1ee530 (preset 0x0027),door 0x1ee530 (preset 0x0027),4.577,no,the line between them touches another wall,door 0x1ee530 (preset 0x0027)
door 0x1ee530 (preset 0x0027),door 0x1ee530 (preset 0x0027),0.000,no,the line between them touches another wall,door 0x1ee530 (preset 0x0027)
door 0x1ee530 (preset 0x0027),door 0x1ee530 (preset 0x0027),0.000,no,the line between them touches another wall,door 0x1ee530 (preset 0x0027)
door 0x1ee530 (preset 0x0027),door 0x1ee530 (preset 0x0027),4.577,no,the line between them touches another wall,door 0x1ee530 (preset 0x0027)
door 0x1ee530 (preset 0x0027),door 0x1ee530 (preset 0x0027),4.577,no,the line between them touches another wall,door 0x1ee530 (preset 0x0027)
door 0x1ee630 (preset 0x0028),door 0x1ee630 (preset 0x0028),0.000,no,the line between them touches another wall,door 0x1ee630 (preset 0x0028)
door 0x1ee630 (preset 0x0028),door 0x1ee630 (preset 0x0028),9.154,no,the line between them touches another wall,door 0x1ee630 (preset 0x0028)
door 0x1ee630 (preset 0x0028),door 0x1ee630 (preset 0x0028),9.154,no,the line between them touches another wall,door 0x1ee630 (preset 0x0028)
door 0x1ee630 (preset 0x0028),door 0x1ee630 (preset 0x0028),9.154,no,the line between them touches another wall,door 0x1ee630 (preset 0x0028)
door 0x1ee630 (preset 0x0028),door 0x1ee630 (preset 0x0028),0.000,no,the line between them touches another wall,door 0x1ee630 (preset 0x0028)
door 0x1ee730 (preset 0x002b),door 0x1ee730 (preset 0x002b),0.000,no,"the line between them leaves the walkable area (a wall's thickness, or another floor)",
door 0x1ee730 (preset 0x002b),door 0x1ee730 (preset 0x002b),18.308,no,the line between them touches another wall,door 0x1ee730 (preset 0x002b)
door 0x1ee730 (preset 0x002b),door 0x1ee730 (preset 0x002b),18.308,no,"the line between them leaves the walkable area (a wall's thickness, or another floor)",
door 0x1ee730 (preset 0x002b),door 0x1ee830 (preset 0x002c),0.000,no,"the line between them leaves the walkable area (a wall's thickness, or another floor)",
door 0x1ee730 (preset 0x002b),door 0x1ee830 (preset 0x002c),9.154,no,the line between them touches another wall,door 0x1ee730 (preset 0x002b)
door 0x1ee730 (preset 0x002b),door 0x1ee830 (preset 0x002c),9.154,no,"the line between them leaves the walkable area (a wall's thickness, or another floor)",
door 0x1ee730 (preset 0x002b),door 0x1ee730 (preset 0x002b),18.308,no,neither wall could be placed on a tile,
door 0x1ee730 (preset 0x002b),door 0x1ee830 (preset 0x002c),0.000,no,neither wall could be placed on a tile,
door 0x1ee730 (preset 0x002b),door 0x1ee830 (preset 0x002c),9.154,no,neither wall could be placed on a tile,
door 0x1ee730 (preset 0x002b),door 0x1ee830 (preset 0x002c),0.000,no,neither wall could be placed on a tile,
door 0x1ee730 (preset 0x002b),door 0x1ee730 (preset 0x002b),0.000,no,neither wall could be placed on a tile,
door 0x1ee730 (preset 0x002b),door 0x1ee830 (preset 0x002c),18.308,no,the line between them touches another wall,door 0x1ee730 (preset 0x002b)
door 0x1ee730 (preset 0x002b),door 0x1ee830 (preset 0x002c),18.308,no,neither wall could be placed on a tile,
door 0x1ee730 (preset 0x002b),door 0x1ee830 (preset 0x002c),9.154,no,neither wall could be placed on a tile,
door 0x1ee730 (preset 0x002b),door 0x1ee830 (preset 0x002c),9.154,no,the line between them touches another wall,door 0x1ee730 (preset 0x002b)
door 0x1ee730 (preset 0x002b),door 0x1ee830 (preset 0x002c),9.154,no,neither wall could be placed on a tile,
door 0x1ee730 (preset 0x002b),door 0x1ee830 (preset 0x002c),9.154,no,neither wall could be placed on a tile,
door 0x1ee730 (preset 0x002b),door 0x1ee830 (preset 0x002c),18.308,no,neither wall could be placed on a tile,
door 0x1ee730 (preset 0x002b),door 0x1ee830 (preset 0x002c),9.154,no,neither wall could be placed on a tile,
door 0x1ee730 (preset 0x002b),door 0x1ee830 (preset 0x002c),9.154,no,neither wall could be placed on a tile,
door 0x1ee730 (preset 0x002b),door 0x1ee830 (preset 0x002c),9.154,no,neither wall could be placed on a tile,
door 0x1ee830 (preset 0x002c),door 0x1ee830 (preset 0x002c),0.000,no,neither wall could be placed on a tile,
door 0x1ee830 (preset 0x002c),door 0x1ee830 (preset 0x002c),9.154,no,the line between them touches another wall,door 0x1ee830 (preset 0x002c)
door 0x1ee830 (preset 0x002c),door 0x1ee830 (preset 0x002c),9.154,no,neither wall could be placed on a tile,
door 0x1ee830 (preset 0x002c),door 0x1ee830 (preset 0x002c),9.154,no,neither wall could be placed on a tile,
door 0x1ee830 (preset 0x002c),door 0x1ee830 (preset 0x002c),0.000,no,neither wall could be placed on a tile,
door 0x1ee930 (preset 0x002d),door 0x1ee930 (preset 0x002d),0.000,no,the line between them touches another wall,door 0x1ee930 (preset 0x002d)
door 0x1ee930 (preset 0x002d),door 0x1ee930 (preset 0x002d),9.154,no,the line between them touches another wall,door 0x1ee930 (preset 0x002d)
door 0x1ee930 (preset 0x002d),door 0x1ee930 (preset 0x002d),9.154,no,"the line between them leaves the walkable area (a wall's thickness, or another floor)",
door 0x1ee930 (preset 0x002d),door 0x1ee930 (preset 0x002d),9.154,no,the line between them touches another wall,door 0x1ee930 (preset 0x002d)
door 0x1ee930 (preset 0x002d),door 0x1ee930 (preset 0x002d),0.000,no,neither wall could be placed on a tile,
door 0x1eea30 (preset 0x0029),door 0x1eea30 (preset 0x0029),9.465,no,the line between them touches another wall,door 0x1eea30 (preset 0x0029)
door 0x1eea30 (preset 0x0029),door 0x1eeb30 (preset 0x002a),0.005,no,"another wall pokes into the space between them, so a tighter pair covers this gap",door 0x1eea30 (preset 0x0029)
door 0x1eea30 (preset 0x0029),door 0x1eeb30 (preset 0x002a),0.005,no,"another wall pokes into the space between them, so a tighter pair covers this gap",door 0x1eea30 (preset 0x0029)
door 0x1eea30 (preset 0x0029),door 0x1eeb30 (preset 0x002a),9.465,no,the line between them touches another wall,door 0x1eea30 (preset 0x0029)
door 0x1eea30 (preset 0x0029),door 0x1eeb30 (preset 0x002a),0.001,no,"another wall pokes into the space between them, so a tighter pair covers this gap",door 0x1eeb30 (preset 0x002a)
door 0x1eea30 (preset 0x0029),door 0x1eeb30 (preset 0x002a),0.000,no,the line between them touches another wall,door 0x1eeb30 (preset 0x002a)
door 0x1eea30 (preset 0x0029),door 0x1eeb30 (preset 0x002a),0.000,no,the line between them touches another wall,door 0x1eea30 (preset 0x0029)
door 0x1eea30 (preset 0x0029),door 0x1eeb30 (preset 0x002a),9.460,no,the line between them touches another wall,door 0x1eeb30 (preset 0x002a)
door 0x1eeb30 (preset 0x002a),door 0x1eeb30 (preset 0x002a),9.460,no,the line between them touches another wall,door 0x1eeb30 (preset 0x002a)
door 0x1eec40 (preset 0x002e),door 0x1eec40 (preset 0x002e),18.308,no,the line between them touches another wall,door 0x1eec40 (preset 0x002e)
door 0x1eec40 (preset 0x002e),door 0x1eec40 (preset 0x002e),0.000,no,the line between them touches another wall,door 0x1eec40 (preset 0x002e)
door 0x1eec40 (preset 0x002e),door 0x1eec40 (preset 0x002e),0.000,no,the line between them touches another wall,door 0x1eec40 (preset 0x002e)
door 0x1eec40 (preset 0x002e),door 0x1eec40 (preset 0x002e),18.308,no,the line between them touches another wall,door 0x1eec40 (preset 0x002e)
door 0x1eec40 (preset 0x002e),door 0x1eed40 (preset 0x002f),18.308,no,the line between them touches another wall,door 0x1eec40 (preset 0x002e)
door 0x1eec40 (preset 0x002e),door 0x1eed40 (preset 0x002f),0.000,no,"another wall pokes into the space between them, so a tighter pair covers this gap",door 0x1eed40 (preset 0x002f)
door 0x1eec40 (preset 0x002e),door 0x1eed40 (preset 0x002f),18.308,no,the line between them touches another wall,door 0x1eec40 (preset 0x002e)
door 0x1eec40 (preset 0x002e),door 0x1eec40 (preset 0x002e),18.308,no,the line between them touches another wall,door 0x1eec40 (preset 0x002e)
door 0x1eec40 (preset 0x002e),door 0x1eed40 (preset 0x002f),18.308,no,the line between them touches another wall,door 0x1eec40 (preset 0x002e)
door 0x1eec40 (preset 0x002e),door 0x1eed40 (preset 0x002f),0.000,no,the line between them touches another wall,door 0x1eec40 (preset 0x002e)
door 0x1eec40 (preset 0x002e),door 0x1eed40 (preset 0x002f),0.000,no,the line between them touches another wall,door 0x1eed40 (preset 0x002f)
door 0x1eec40 (preset 0x002e),door 0x1eed40 (preset 0x002f),18.308,no,the line between them touches another wall,door 0x1eec40 (preset 0x002e)
door 0x1eec40 (preset 0x002e),door 0x1eed40 (preset 0x002f),0.000,no,the line between them touches another wall,door 0x1eec40 (preset 0x002e)
door 0x1eec40 (preset 0x002e),door 0x1eed40 (preset 0x002f),0.000,no,the line between them touches another wall,door 0x1eec40 (preset 0x002e)
door 0x1eec40 (preset 0x002e),door 0x1eed40 (preset 0x002f),0.000,no,the line between them touches another wall,door 0x1eed40 (preset 0x002f)
door 0x1eec40 (preset 0x002e),door 0x1eed40 (preset 0x002f),0.000,no,the line between them touches another wall,door 0x1eec40 (preset 0x002e)
door 0x1eec40 (preset 0x002e),door 0x1eed40 (preset 0x002f),0.000,no,the line between them touches another wall,door 0x1eec40 (preset 0x002e)
door 0x1eec40 (preset 0x002e),door 0x1eed40 (preset 0x002f),18.308,no,the line between them touches another wall,door 0x1eed40 (preset 0x002f)
door 0x1eec40 (preset 0x002e),door 0x1eed40 (preset 0x002f),0.000,no,the line between them touches another wall,door 0x1eec40 (preset 0x002e)
door 0x1eed40 (preset 0x002f),door 0x1eed40 (preset 0x002f),18.308,no,the line between them touches another wall,door 0x1eed40 (preset 0x002f)
door 0x1eed40 (preset 0x002f),door 0x1eed40 (preset 0x002f),0.000,no,the line between them touches another wall,door 0x1eed40 (preset 0x002f)
door 0x1eed40 (preset 0x002f),door 0x1eed40 (preset 0x002f),0.000,no,the line between them touches another wall,door 0x1eed40 (preset 0x002f)
door 0x1eed40 (preset 0x002f),door 0x1eed40 (preset 0x002f),18.308,no,the line between them touches another wall,door 0x1eed40 (preset 0x002f)
door 0x1eed40 (preset 0x002f),door 0x1eed40 (preset 0x002f),18.308,no,the line between them touches another wall,door 0x1eed40 (preset 0x002f)
