between,and,width,kept,reason,because_of
wall of tile 008A69 (room 0x5b),wall of tile 000868 (room 0x5b),52.118,no,"the line between them leaves the walkable area (a wall's thickness, or another floor)",
wall of tile 008A69 (room 0x5b),door 0x1d925c (preset 0x00a3),1.065,no,the line between them touches another wall,door 0x1d925c (preset 0x00a3)
wall of tile 008A69 (room 0x5b),door 0x1d925c (preset 0x00a3),1.065,no,the line between them touches another wall,door 0x1d925c (preset 0x00a3)
wall of tile 008A69 (room 0x5b),door 0x1d925c (preset 0x00a3),0.000046,no,the line between them touches another wall,door 0x1d925c (preset 0x00a3)
wall of tile 008A6A (room 0x5b),wall of tile 085A62 (room 0x54),21.309,no,the line between them touches another wall,wall of tile 085F62 (room 0x54)
wall of tile 008A6A (room 0x5b),wall of tile 012261 (room 0x54),53.974,no,"the line between them leaves the walkable area (a wall's thickness, or another floor)",
wall of tile 008A6A (room 0x5b),wall of tile 003368 (room 0x5b),50.274,no,the line between them touches another wall,wall of tile 003968 (room 0x5b)
wall of tile 008A6A (room 0x5b),door 0x1d935c (preset 0x00a4),0.19,no,"the line between them leaves the walkable area (a wall's thickness, or another floor)",
wall of tile 008A6A (room 0x5b),door 0x1d935c (preset 0x00a4),1.737,no,"the line between them leaves the walkable area (a wall's thickness, or another floor)",
wall of tile 085F62 (room 0x54),wall of tile 012261 (room 0x54),52.617,no,"the line between them leaves the walkable area (a wall's thickness, or another floor)",
wall of tile 085F62 (room 0x54),wall of tile 012261 (room 0x54),36.082,no,the line between them touches another wall,wall of tile 085A62 (room 0x54)
wall of tile 085F62 (room 0x54),wall of tile 003968 (room 0x5b),20.145,no,the line between them touches another wall,wall of tile 008A6A (room 0x5b)
wall of tile 085F62 (room 0x54),wall of tile 003368 (room 0x5b),52.464,no,"the line between them leaves the walkable area (a wall's thickness, or another floor)",
wall of tile 085F62 (room 0x54),door 0x1d935c (preset 0x00a4),14.021,no,the line between them touches another wall,door 0x1d935c (preset 0x00a4)
wall of tile 085F62 (room 0x54),door 0x1d935c (preset 0x00a4),3.630,no,"the line between them leaves the walkable area (a wall's thickness, or another floor)",
wall of tile 085F62 (room 0x54),door 0x1d935c (preset 0x00a4),3.629,no,"the line between them leaves the walkable area (a wall's thickness, or another floor)",
wall of tile 085F62 (room 0x54),door 0x1d935c (preset 0x00a4),2.913,no,"another wall pokes into the space between them, so a tighter pair covers this gap",wall of tile 008A6A (room 0x5b)
wall of tile 085A62 (room 0x54),wall of tile 012261 (room 0x54),21.309,no,the line between them touches another wall,wall of tile 012261 (room 0x54)
wall of tile 085A62 (room 0x54),wall of tile 003968 (room 0x5b),35.088,no,"the line between them leaves the walkable area (a wall's thickness, or another floor)",
wall of tile 085A62 (room 0x54),wall of tile 003368 (room 0x5b),38.086,no,"the line between them leaves the walkable area (a wall's thickness, or another floor)",
wall of tile 085A62 (room 0x54),door 0x1d935c (preset 0x00a4),31.618,no,"the line between them leaves the walkable area (a wall's thickness, or another floor)",
wall of tile 085A62 (room 0x54),door 0x1d935c (preset 0x00a4),22.040,no,"the line between them leaves the walkable area (a wall's thickness, or another floor)",
wall of tile 085A62 (room 0x54),door 0x1d935c (preset 0x00a4),22.040,no,"the line between them leaves the walkable area (a wall's thickness, or another floor)",
wall of tile 085A62 (room 0x54),door 0x1d935c (preset 0x00a4),22.040,no,"the line between them leaves the walkable area (a wall's thickness, or another floor)",
wall of tile 012261 (room 0x54),wall of tile 003968 (room 0x5b),26.136,no,"the line between them leaves the walkable area (a wall's thickness, or another floor)",
wall of tile 012261 (room 0x54),wall of tile 003368 (room 0x5b),26.136,no,"the line between them leaves the walkable area (a wall's thickness, or another floor)",
wall of tile 012261 (room 0x54),wall of tile 003968 (room 0x5b),26.136,no,"the line between them leaves the walkable area (a wall's thickness, or another floor)",
wall of tile 012261 (room 0x54),wall of tile 003368 (room 0x5b),26.136,no,"the line between them leaves the walkable area (a wall's thickness, or another floor)",
wall of tile 012261 (room 0x54),door 0x1d935c (preset 0x00a4),57.824,no,"the line between them leaves the walkable area (a wall's thickness, or another floor)",
wall of tile 012261 (room 0x54),door 0x1d935c (preset 0x00a4),52.890,no,"the line between them leaves the walkable area (a wall's thickness, or another floor)",
wall of tile 012261 (room 0x54),door 0x1d935c (preset 0x00a4),52.889,no,"the line between them leaves the walkable area (a wall's thickness, or another floor)",
wall of tile 012261 (room 0x54),door 0x1d935c (preset 0x00a4),52.889,no,"the line between them leaves the walkable area (a wall's thickness, or another floor)",
wall of tile 013661 (room 0x54),wall of tile 013861 (room 0x54),48.587,no,"another wall pokes into the space between them, so a tighter pair covers this gap",wall of tile 013861 (room 0x54)
wall of tile 013661 (room 0x54),wall of tile 013861 (room 0x54),34.136,no,the line between them touches another wall,wall of tile 013760 (room 0x54)
wall of tile 013661 (room 0x54),wall of tile 013760 (room 0x54),21.309,no,the line between them touches another wall,wall of tile 013661 (room 0x54)
wall of tile 013661 (room 0x54),wall of tile 013861 (room 0x54),51.537,no,"the line between them leaves the walkable area (a wall's thickness, or another floor)",
wall of tile 013760 (room 0x54),wall of tile 013861 (room 0x54),14.463,no,"another wall pokes into the space between them, so a tighter pair covers this gap",wall of tile 013861 (room 0x54)
wall of tile 013760 (room 0x54),wall of tile 013861 (room 0x54),19.844,no,the line between them touches another wall,wall of tile 013862 (room 0x54)
wall of tile 013760 (room 0x54),wall of tile 011960 (room 0x50),21.309,no,the line between them touches another wall,wall of tile 086461 (room 0x54)
wall of tile 013862 (room 0x54),wall of tile 086461 (room 0x54),36.082,no,the line between them touches another wall,wall of tile 013760 (room 0x54)
wall of tile 013862 (room 0x54),wall of tile 011960 (room 0x50),52.617,no,"the line between them leaves the walkable area (a wall's thickness, or another floor)",
wall of tile 013861 (room 0x54),wall of tile 086461 (room 0x54),52.041,no,"the line between them leaves the walkable area (a wall's thickness, or another floor)",
wall of tile 085B60 (room 0x54),wall of tile 086061 (room 0x54),21.309,no,the line between them touches another wall,wall of tile 086061 (room 0x54)
wall of tile 085B60 (room 0x54),wall of tile 013F60 (room 0x54),21.309,no,the line between them touches another wall,wall of tile 013961 (room 0x54)
wall of tile 086061 (room 0x54),wall of tile 013961 (room 0x54),52.617,no,"the line between them leaves the walkable area (a wall's thickness, or another floor)",
wall of tile 086061 (room 0x54),wall of tile 013961 (room 0x54),34.136,no,the line between them touches another wall,wall of tile 085B60 (room 0x54)
wall of tile 086061 (room 0x54),wall of tile 013F60 (room 0x54),51.537,no,"the line between them leaves the walkable area (a wall's thickness, or another floor)",
wall of tile 086361 (room 0x54),wall of tile 086260 (room 0x54),50.673,no,"the line between them leaves the walkable area (a wall's thickness, or another floor)",
wall of tile 086361 (room 0x54),wall of tile 086260 (room 0x54),36.082,no,the line between them touches another wall,wall of tile 086161 (room 0x54)
wall of tile 086361 (room 0x54),wall of tile 086161 (room 0x54),19.844,no,the line between them touches another wall,wall of tile 086361 (room 0x54)
wall of tile 086361 (room 0x54),wall of tile 086260 (room 0x54),52.041,no,"the line between them leaves the walkable area (a wall's thickness, or another floor)",
wall of tile 013A60 (room 0x54),wall of tile 013C62 (room 0x54),36.137,no,the line between them touches another wall,wall of tile 013B60 (room 0x54)
wall of tile 013A60 (room 0x54),wall of tile 013C61 (room 0x54),53.262,no,"the line between them leaves the walkable area (a wall's thickness, or another floor)",
wall of tile 013A60 (room 0x54),wall of tile 013B60 (room 0x54),22.679,no,the line between them touches another wall,wall of tile 013A60 (room 0x54)
wall of tile 013A60 (room 0x54),wall of tile 013C62 (room 0x54),53.974,no,"the line between them leaves the walkable area (a wall's thickness, or another floor)",
wall of tile 013A60 (room 0x54),wall of tile 012061 (room 0x50),19.844,no,the line between them touches another wall,wall of tile 011D61 (room 0x50)
wall of tile 013A60 (room 0x54),wall of tile 012A61 (room 0x50),52.617,no,"the line between them leaves the walkable area (a wall's thickness, or another floor)",
wall of tile 013B60 (room 0x54),wall of tile 013C61 (room 0x54),21.309,no,the line between them touches another wall,wall of tile 013C62 (room 0x54)
wall of tile 013C61 (room 0x54),wall of tile 013E60 (room 0x54),21.309,no,the line between them touches another wall,wall of tile 013D60 (room 0x54)
wall of tile 013C61 (room 0x54),wall of tile 013F60 (room 0x54),52.041,no,"the line between them leaves the walkable area (a wall's thickness, or another floor)",
wall of tile 013D60 (room 0x54),wall of tile 013F60 (room 0x54),34.077,no,the line between them touches another wall,wall of tile 013E60 (room 0x54)
wall of tile 013D60 (room 0x54),wall of tile 013F60 (room 0x54),50.476,no,"the line between them leaves the walkable area (a wall's thickness, or another floor)",
wall of tile 013E60 (room 0x54),wall of tile 013F60 (room 0x54),16.408,no,"another wall pokes into the space between them, so a tighter pair covers this gap",wall of tile 013F60 (room 0x54)
wall of tile 011D61 (room 0x50),wall of tile 012A61 (room 0x50),36.138,no,the line between them touches another wall,wall of tile 012061 (room 0x50)
wall of tile 011D61 (room 0x50),wall of tile 012A62 (room 0x50),53.974,no,"the line between them leaves the walkable area (a wall's thickness, or another floor)",
wall of tile 011E62 (room 0x50),wall of tile 012062 (room 0x50),21.309,no,the line between them touches another wall,wall of tile 011E61 (room 0x50)
wall of tile 011E62 (room 0x50),wall of tile 011F60 (room 0x50),52.041,no,"the line between them leaves the walkable area (a wall's thickness, or another floor)",
wall of tile 011960 (room 0x50),wall of tile 011C60 (room 0x50),34.077,no,the line between them touches another wall,wall of tile 011B60 (room 0x50)
wall of tile 011960 (room 0x50),wall of tile 011C60 (room 0x50),50.583,no,"the line between them leaves the walkable area (a wall's thickness, or another floor)",
wall of tile 011960 (room 0x50),wall of tile 011B60 (room 0x50),21.309,no,the line between them touches another wall,wall of tile 011960 (room 0x50)
wall of tile 011960 (room 0x50),wall of tile 011C60 (room 0x50),52.041,no,"the line between them leaves the walkable area (a wall's thickness, or another floor)",
wall of tile 011B60 (room 0x50),wall of tile 011C60 (room 0x50),16.522,no,"another wall pokes into the space between them, so a tighter pair covers this gap",wall of tile 011C60 (room 0x50)
wall of tile 011E61 (room 0x50),wall of tile 011F60 (room 0x50),34.077,no,the line between them touches another wall,wall of tile 012062 (room 0x50)
wall of tile 011E61 (room 0x50),wall of tile 014E62 (room 0x55),50.711,no,"the line between them leaves the walkable area (a wall's thickness, or another floor)",
wall of tile 012062 (room 0x50),wall of tile 014E62 (room 0x55),21.309,no,the line between them touches another wall,wall of tile 011F60 (room 0x50)
wall of tile 012061 (room 0x50),wall of tile 012A62 (room 0x50),22.679,no,the line between them touches another wall,wall of tile 012A61 (room 0x50)
wall of tile 012B60 (room 0x50),wall of tile 010660 (room 0x50),19.844,no,the line between them touches another wall,wall of tile 010761 (room 0x50)
wall of tile 012B60 (room 0x50),wall of tile 010560 (room 0x50),52.617,no,"the line between them leaves the walkable area (a wall's thickness, or another floor)",
wall of tile 010761 (room 0x50),wall of tile 010461 (room 0x50),53.488,no,"the line between them leaves the walkable area (a wall's thickness, or another floor)",
wall of tile 010761 (room 0x50),wall of tile 010560 (room 0x50),36.137,no,the line between them touches another wall,wall of tile 010660 (room 0x50)
wall of tile 010660 (room 0x50),wall of tile 010461 (room 0x50),21.309,no,the line between them touches another wall,wall of tile 010560 (room 0x50)
wall of tile 010360 (room 0x50),wall of tile 010860 (room 0x55),22.679,no,the line between them touches another wall,wall of tile 093660 (room 0x55)
wall of tile 010360 (room 0x50),wall of tile 015061 (room 0x55),52.617,no,"the line between them leaves the walkable area (a wall's thickness, or another floor)",
wall of tile 093660 (room 0x55),wall of tile 015061 (room 0x55),34.077,no,the line between them touches another wall,wall of tile 010860 (room 0x55)
wall of tile 093660 (room 0x55),wall of tile 014F61 (room 0x55),52.041,no,"the line between them leaves the walkable area (a wall's thickness, or another floor)",
wall of tile 010860 (room 0x55),wall of tile 014F61 (room 0x55),21.309,no,the line between them touches another wall,wall of tile 015061 (room 0x55)
wall of tile 014C61 (room 0x55),wall of tile 014B62 (room 0x55),36.137,no,the line between them touches another wall,wall of tile 014A61 (room 0x55)
wall of tile 014C61 (room 0x55),wall of tile 014B61 (room 0x55),53.488,no,"the line between them leaves the walkable area (a wall's thickness, or another floor)",
wall of tile 014A61 (room 0x55),wall of tile 014B61 (room 0x55),21.309,no,the line between them touches another wall,wall of tile 014B62 (room 0x55)
wall of tile 014A61 (room 0x55),wall of tile 014D60 (room 0x55),19.844,no,the line between them touches another wall,wall of tile 014C61 (room 0x55)
wall of tile 014A61 (room 0x55),wall of tile 07CF60 (room 0x55),22.679,no,the line between them touches another wall,wall of tile 07CF60 (room 0x55)
wall of tile 014A61 (room 0x55),wall of tile 014B61 (room 0x55),16.408,no,"another wall pokes into the space between them, so a tighter pair covers this gap",wall of tile 014B61 (room 0x55)
wall of tile 07CF60 (room 0x55),wall of tile 014B61 (room 0x55),50.523,no,"another wall pokes into the space between them, so a tighter pair covers this gap",wall of tile 014A61 (room 0x55)
wall of tile 07CF60 (room 0x55),wall of tile 014B61 (room 0x55),34.136,no,the line between them touches another wall,wall of tile 014A61 (room 0x55)
wall of tile 07CF60 (room 0x55),wall of tile 014B61 (room 0x55),52.041,no,"the line between them leaves the walkable area (a wall's thickness, or another floor)",
wall of tile 07D060 (room 0x55),wall of tile 014360 (room 0x55),34.136,no,the line between them touches another wall,wall of tile 014461 (room 0x55)
wall of tile 07D060 (room 0x55),wall of tile 014261 (room 0x55),52.041,no,"the line between them leaves the walkable area (a wall's thickness, or another floor)",
wall of tile 07D060 (room 0x55),wall of tile 014461 (room 0x55),16.472,no,"another wall pokes into the space between them, so a tighter pair covers this gap",wall of tile 07D060 (room 0x55)
wall of tile 07D060 (room 0x55),wall of tile 014360 (room 0x55),50.592,no,"another wall pokes into the space between them, so a tighter pair covers this gap",wall of tile 07D060 (room 0x55)
wall of tile 014461 (room 0x55),wall of tile 014261 (room 0x55),22.679,no,the line between them touches another wall,wall of tile 014360 (room 0x55)
wall of tile 014062 (room 0x55),wall of tile 014160 (room 0x55),21.309,no,the line between them touches another wall,wall of tile 014061 (room 0x55)
wall of tile 014062 (room 0x55),wall of tile 014261 (room 0x55),53.974,no,"the line between them leaves the walkable area (a wall's thickness, or another floor)",
wall of tile 014E62 (room 0x55),wall of tile 014061 (room 0x55),20.045,no,the line between them touches another wall,wall of tile 014062 (room 0x55)
wall of tile 014E62 (room 0x55),wall of tile 014160 (room 0x55),38.714,no,"another wall pokes into the space between them, so a tighter pair covers this gap",wall of tile 014062 (room 0x55)
wall of tile 014061 (room 0x55),wall of tile 014261 (room 0x55),52.617,no,"the line between them leaves the walkable area (a wall's thickness, or another floor)",
wall of tile 014061 (room 0x55),wall of tile 014261 (room 0x55),36.082,no,the line between them touches another wall,wall of tile 014160 (room 0x55)
wall of tile 014160 (room 0x55),wall of tile 014261 (room 0x55),21.309,no,the line between them touches another wall,wall of tile 014261 (room 0x55)
wall of tile 014B62 (room 0x55),wall of tile 014D60 (room 0x55),52.617,no,"the line between them leaves the walkable area (a wall's thickness, or another floor)",
wall of tile 010262 (room 0x50),wall of tile 010D60 (room 0x50),21.309,no,the line between them touches another wall,wall of tile 010261 (room 0x50)
wall of tile 010262 (room 0x50),wall of tile 010E61 (room 0x50),52.041,no,"the line between them leaves the walkable area (a wall's thickness, or another floor)",
wall of tile 010261 (room 0x50),wall of tile 010E61 (room 0x50),50.712,no,"the line between them leaves the walkable area (a wall's thickness, or another floor)",
wall of tile 010261 (room 0x50),wall of tile 010E61 (room 0x50),34.077,no,the line between them touches another wall,wall of tile 010D60 (room 0x50)
wall of tile 010D60 (room 0x50),wall of tile 010E61 (room 0x50),21.309,no,the line between them touches another wall,wall of tile 010E61 (room 0x50)
wall of tile 010E61 (room 0x50),wall of tile 011761 (room 0x50),53.488,no,"the line between them leaves the walkable area (a wall's thickness, or another floor)",
wall of tile 010E61 (room 0x50),wall of tile 011560 (room 0x50),21.309,no,the line between them touches another wall,wall of tile 010F61 (room 0x50)
wall of tile 010F61 (room 0x50),wall of tile 011761 (room 0x50),36.137,no,the line between them touches another wall,wall of tile 011560 (room 0x50)
wall of tile 010F61 (room 0x50),wall of tile 012C62 (room 0x5a),52.617,no,"the line between them leaves the walkable area (a wall's thickness, or another floor)",
wall of tile 011161 (room 0x50),wall of tile 011360 (room 0x50),21.309,no,the line between them touches another wall,wall of tile 011260 (room 0x50)
wall of tile 011161 (room 0x50),wall of tile 011461 (room 0x50),53.262,no,"the line between them leaves the walkable area (a wall's thickness, or another floor)",
wall of tile 015262 (room 0x50),wall of tile 015360 (room 0x50),19.844,no,the line between them touches another wall,wall of tile 015261 (room 0x50)
wall of tile 015262 (room 0x50),wall of tile 015460 (room 0x50),50.711,no,"the line between them leaves the walkable area (a wall's thickness, or another floor)",
wall of tile 015262 (room 0x50),wall of tile 015A61 (room 0x59),52.041,no,"the line between them leaves the walkable area (a wall's thickness, or another floor)",
wall of tile 015262 (room 0x50),wall of tile 094060 (room 0x59),22.679,no,the line between them touches another wall,wall of tile 093E60 (room 0x59)
wall of tile 015261 (room 0x50),wall of tile 015460 (room 0x50),49.730,no,"the line between them leaves the walkable area (a wall's thickness, or another floor)",
wall of tile 015261 (room 0x50),wall of tile 015460 (room 0x50),34.136,no,the line between them touches another wall,wall of tile 015360 (room 0x50)
wall of tile 015360 (room 0x50),wall of tile 015460 (room 0x50),15.608,no,"another wall pokes into the space between them, so a tighter pair covers this gap",wall of tile 015460 (room 0x50)
wall of tile 015460 (room 0x50),wall of tile 011260 (room 0x50),56.127,no,the line between them touches another wall,wall of tile 011161 (room 0x50)
wall of tile 011260 (room 0x50),wall of tile 011461 (room 0x50),36.137,no,the line between them touches another wall,wall of tile 011360 (room 0x50)
wall of tile 011260 (room 0x50),wall of tile 011461 (room 0x50),52.041,no,"the line between them leaves the walkable area (a wall's thickness, or another floor)",
wall of tile 011360 (room 0x50),wall of tile 011461 (room 0x50),21.309,no,the line between them touches another wall,wall of tile 011461 (room 0x50)
wall of tile 011461 (room 0x50),wall of tile 011860 (room 0x50),22.679,no,the line between them touches another wall,wall of tile 011660 (room 0x50)
wall of tile 011461 (room 0x50),wall of tile 013560 (room 0x50),52.617,no,"the line between them leaves the walkable area (a wall's thickness, or another floor)",
wall of tile 011660 (room 0x50),wall of tile 013560 (room 0x50),34.077,no,the line between them touches another wall,wall of tile 011860 (room 0x50)
wall of tile 011660 (room 0x50),wall of tile 093760 (room 0x5a),52.041,no,"the line between them leaves the walkable area (a wall's thickness, or another floor)",
wall of tile 011860 (room 0x50),wall of tile 093760 (room 0x5a),21.309,no,the line between them touches another wall,wall of tile 013560 (room 0x50)
wall of tile 011560 (room 0x50),wall of tile 012C62 (room 0x5a),19.844,no,the line between them touches another wall,wall of tile 011761 (room 0x50)
wall of tile 093760 (room 0x5a),wall of tile 013461 (room 0x5a),50.154,no,the line between them touches another wall,wall of tile 012C61 (room 0x5a)
wall of tile 012C62 (room 0x5a),wall of tile 013362 (room 0x5a),22.679,no,the line between them touches another wall,wall of tile 013462 (room 0x5a)
wall of tile 012C62 (room 0x5a),wall of tile 013262 (room 0x5a),53.974,no,"the line between them leaves the walkable area (a wall's thickness, or another floor)",
wall of tile 012C61 (room 0x5a),wall of tile 013361 (room 0x5a),19.844,no,the line between them touches another wall,wall of tile 013461 (room 0x5a)
wall of tile 012C61 (room 0x5a),wall of tile 013261 (room 0x5a),52.617,no,"the line between them leaves the walkable area (a wall's thickness, or another floor)",
wall of tile 013461 (room 0x5a),wall of tile 013261 (room 0x5a),36.137,no,the line between them touches another wall,wall of tile 013361 (room 0x5a)
wall of tile 013461 (room 0x5a),wall of tile 013161 (room 0x58),53.974,no,"the line between them leaves the walkable area (a wall's thickness, or another floor)",
wall of tile 013462 (room 0x5a),wall of tile 013262 (room 0x5a),36.137,no,the line between them touches another wall,wall of tile 013362 (room 0x5a)
wall of tile 013462 (room 0x5a),wall of tile 013162 (room 0x58),52.617,no,"the line between them leaves the walkable area (a wall's thickness, or another floor)",
wall of tile 013361 (room 0x5a),wall of tile 013161 (room 0x58),22.679,no,the line between them touches another wall,wall of tile 013261 (room 0x5a)
wall of tile 013362 (room 0x5a),wall of tile 013162 (room 0x58),19.844,no,the line between them touches another wall,wall of tile 013262 (room 0x5a)
wall of tile 013061 (room 0x58),wall of tile 012E62 (room 0x58),21.309,no,the line between them touches another wall,wall of tile 012F61 (room 0x58)
wall of tile 013061 (room 0x58),wall of tile 00FA61 (room 0x58),50.711,no,"the line between them leaves the walkable area (a wall's thickness, or another floor)",
wall of tile 013061 (room 0x58),door 0x1d9acc (preset 0x009f),41.309,no,"the line between them leaves the walkable area (a wall's thickness, or another floor)",
wall of tile 013061 (room 0x58),door 0x1d9acc (preset 0x009f),25.266,no,"the line between them leaves the walkable area (a wall's thickness, or another floor)",
wall of tile 013061 (room 0x58),door 0x1d9acc (preset 0x009f),25.266,no,"the line between them leaves the walkable area (a wall's thickness, or another floor)",
wall of tile 013062 (room 0x58),wall of tile 012E61 (room 0x58),21.309,no,the line between them touches another wall,wall of tile 012F62 (room 0x58)
wall of tile 013062 (room 0x58),wall of tile 012D61 (room 0x58),52.041,no,"the line between them leaves the walkable area (a wall's thickness, or another floor)",
wall of tile 013062 (room 0x58),door 0x1d9acc (preset 0x009f),26.346,no,"the line between them leaves the walkable area (a wall's thickness, or another floor)",
wall of tile 013062 (room 0x58),door 0x1d9acc (preset 0x009f),26.346,no,"the line between them leaves the walkable area (a wall's thickness, or another floor)",
wall of tile 013062 (room 0x58),door 0x1d9acc (preset 0x009f),42.536,no,"the line between them leaves the walkable area (a wall's thickness, or another floor)",
wall of tile 013062 (room 0x58),door 0x1d9acc (preset 0x009f),26.346,no,"the line between them leaves the walkable area (a wall's thickness, or another floor)",
wall of tile 012F61 (room 0x58),wall of tile 00FA61 (room 0x58),34.077,no,the line between them touches another wall,wall of tile 012E62 (room 0x58)
wall of tile 012F61 (room 0x58),wall of tile 00FA61 (room 0x58),52.041,no,"the line between them leaves the walkable area (a wall's thickness, or another floor)",
wall of tile 012F61 (room 0x58),door 0x1d9acc (preset 0x009f),24.029,no,the line between them touches another wall,door 0x1d9acc (preset 0x009f)
wall of tile 012F61 (room 0x58),door 0x1d9acc (preset 0x009f),5.894,no,"the line between them leaves the walkable area (a wall's thickness, or another floor)",
wall of tile 012F61 (room 0x58),door 0x1d9acc (preset 0x009f),5.860,no,"another wall pokes into the space between them, so a tighter pair covers this gap",wall of tile 012E62 (room 0x58)
wall of tile 012F62 (room 0x58),wall of tile 012D61 (room 0x58),34.077,no,the line between them touches another wall,wall of tile 012E61 (room 0x58)
wall of tile 012F62 (room 0x58),wall of tile 012D62 (room 0x58),52.617,no,"the line between them leaves the walkable area (a wall's thickness, or another floor)",
wall of tile 012F62 (room 0x58),door 0x1d9acc (preset 0x009f),5.975,no,"another wall pokes into the space between them, so a tighter pair covers this gap",wall of tile 012E61 (room 0x58)
wall of tile 012F62 (room 0x58),door 0x1d9acc (preset 0x009f),5.975,no,"another wall pokes into the space between them, so a tighter pair covers this gap",wall of tile 012E61 (room 0x58)
wall of tile 012F62 (room 0x58),door 0x1d9acc (preset 0x009f),24.119,no,"the line between them leaves the walkable area (a wall's thickness, or another floor)",
wall of tile 012F62 (room 0x58),door 0x1d9acc (preset 0x009f),5.975,no,"another wall pokes into the space between them, so a tighter pair covers this gap",wall of tile 012E61 (room 0x58)
wall of tile 012E61 (room 0x58),wall of tile 012D62 (room 0x58),22.679,no,the line between them touches another wall,wall of tile 012D61 (room 0x58)
wall of tile 012E61 (room 0x58),door 0x1d9acc (preset 0x009f),0.47,no,"another wall pokes into the space between them, so a tighter pair covers this gap",door 0x1d9acc (preset 0x009f)
wall of tile 012E61 (room 0x58),door 0x1d9acc (preset 0x009f),0.47,no,"another wall pokes into the space between them, so a tighter pair covers this gap",door 0x1d9acc (preset 0x009f)
wall of tile 012E62 (room 0x58),wall of tile 00FA61 (room 0x58),21.309,no,the line between them touches another wall,wall of tile 00FA61 (room 0x58)
wall of tile 012E62 (room 0x58),door 0x1d9acc (preset 0x009f),0.00037,no,"the line between them leaves the walkable area (a wall's thickness, or another floor)",
wall of tile 012D61 (room 0x58),door 0x1d9acc (preset 0x009f),28.125,no,the line between them touches another wall,door 0x1d9acc (preset 0x009f)
wall of tile 012D61 (room 0x58),door 0x1d9acc (preset 0x009f),9.958,no,"the line between them leaves the walkable area (a wall's thickness, or another floor)",
wall of tile 012D61 (room 0x58),door 0x1d9acc (preset 0x009f),9.954,no,"another wall pokes into the space between them, so a tighter pair covers this gap",wall of tile 012E61 (room 0x58)
wall of tile 012D61 (room 0x58),door 0x1d9acc (preset 0x009f),28.124,no,the line between them touches another wall,door 0x1d9acc (preset 0x009f)
wall of tile 012D62 (room 0x58),wall of tile 010062 (room 0x57),53.974,no,the line between them touches another wall,wall of tile 00FF62 (room 0x57)
wall of tile 012D62 (room 0x58),door 0x1d9acc (preset 0x009f),47.143,no,"the line between them leaves the walkable area (a wall's thickness, or another floor)",
wall of tile 012D62 (room 0x58),door 0x1d9acc (preset 0x009f),30.542,no,"the line between them leaves the walkable area (a wall's thickness, or another floor)",
wall of tile 012D62 (room 0x58),door 0x1d9acc (preset 0x009f),30.542,no,"the line between them leaves the walkable area (a wall's thickness, or another floor)",
wall of tile 012D62 (room 0x58),door 0x1d9acc (preset 0x009f),47.143,no,"the line between them leaves the walkable area (a wall's thickness, or another floor)",
wall of tile 00FA61 (room 0x58),door 0x1d9acc (preset 0x009f),10.040,no,"the line between them leaves the walkable area (a wall's thickness, or another floor)",
wall of tile 00FA61 (room 0x58),door 0x1d9acc (preset 0x009f),10.040,no,"the line between them leaves the walkable area (a wall's thickness, or another floor)",
wall of tile 00FA61 (room 0x58),door 0x1d9acc (preset 0x009f),28.207,no,"the line between them leaves the walkable area (a wall's thickness, or another floor)",
wall of tile 00FA61 (room 0x58),wall of tile 00FC60 (room 0x58),21.309,no,the line between them touches another wall,wall of tile 00FB60 (room 0x58)
wall of tile 00FA61 (room 0x58),wall of tile 00FD61 (room 0x58),52.617,no,"the line between them leaves the walkable area (a wall's thickness, or another floor)",
wall of tile 00FA61 (room 0x58),door 0x1d9acc (preset 0x009f),29.612,no,"the line between them leaves the walkable area (a wall's thickness, or another floor)",
wall of tile 00FA61 (room 0x58),door 0x1d9acc (preset 0x009f),29.612,no,"the line between them leaves the walkable area (a wall's thickness, or another floor)",
wall of tile 00FA61 (room 0x58),door 0x1d9acc (preset 0x009f),46.270,no,"the line between them leaves the walkable area (a wall's thickness, or another floor)",
wall of tile 00FB60 (room 0x58),wall of tile 00FD61 (room 0x58),34.136,no,the line between them touches another wall,wall of tile 00FC60 (room 0x58)
wall of tile 00FB60 (room 0x58),wall of tile 00FD61 (room 0x58),49.655,no,"the line between them leaves the walkable area (a wall's thickness, or another floor)",
wall of tile 00FC60 (room 0x58),wall of tile 00FD61 (room 0x58),15.532,no,"another wall pokes into the space between them, so a tighter pair covers this gap",wall of tile 00FD61 (room 0x58)
wall of tile 00FD61 (room 0x58),wall of tile 00FF61 (room 0x57),19.844,no,the line between them touches another wall,wall of tile 00FE60 (room 0x57)
wall of tile 00FD61 (room 0x58),wall of tile 010061 (room 0x57),50.711,no,"the line between them leaves the walkable area (a wall's thickness, or another floor)",
wall of tile 00FE60 (room 0x57),wall of tile 010061 (room 0x57),34.136,no,the line between them touches another wall,wall of tile 00FF61 (room 0x57)
wall of tile 00FE60 (room 0x57),wall of tile 019461 (room 0x57),51.537,no,"the line between them leaves the walkable area (a wall's thickness, or another floor)",
wall of tile 00FF62 (room 0x57),wall of tile 019462 (room 0x57),21.309,no,the line between them touches another wall,wall of tile 010062 (room 0x57)
wall of tile 00FF62 (room 0x57),wall of tile 019662 (room 0x57),46.925,no,"another wall pokes into the space between them, so a tighter pair covers this gap",wall of tile 010062 (room 0x57)
wall of tile 00FF61 (room 0x57),wall of tile 019461 (room 0x57),21.309,no,the line between them touches another wall,wall of tile 010061 (room 0x57)
wall of tile 00FF61 (room 0x57),wall of tile 019661 (room 0x57),48.193,no,"another wall pokes into the space between them, so a tighter pair covers this gap",wall of tile 010061 (room 0x57)
wall of tile 010062 (room 0x57),wall of tile 019662 (room 0x57),30.068,no,the line between them touches another wall,wall of tile 019462 (room 0x57)
wall of tile 010061 (room 0x57),wall of tile 019661 (room 0x57),30.068,no,the line between them touches another wall,wall of tile 019461 (room 0x57)
wall of tile 019462 (room 0x57),wall of tile 019862 (room 0x57),30.068,no,the line between them touches another wall,wall of tile 019662 (room 0x57)
wall of tile 019461 (room 0x57),wall of tile 019861 (room 0x57),30.068,no,the line between them touches another wall,wall of tile 019661 (room 0x57)
wall of tile 019662 (room 0x57),wall of tile 019A62 (room 0x57),30.135,no,the line between them touches another wall,wall of tile 019862 (room 0x57)
wall of tile 019661 (room 0x57),wall of tile 019A61 (room 0x57),30.135,no,the line between them touches another wall,wall of tile 019861 (room 0x57)
wall of tile 019862 (room 0x57),wall of tile 019C62 (room 0x57),30.068,no,the line between them touches another wall,wall of tile 019A62 (room 0x57)
wall of tile 019861 (room 0x57),wall of tile 019C61 (room 0x57),30.068,no,the line between them touches another wall,wall of tile 019A61 (room 0x57)
wall of tile 019A62 (room 0x57),wall of tile 019E62 (room 0x57),30.135,no,the line between them touches another wall,wall of tile 019C62 (room 0x57)
wall of tile 019A61 (room 0x57),wall of tile 019E61 (room 0x57),30.135,no,the line between them touches another wall,wall of tile 019C61 (room 0x57)
wall of tile 019C62 (room 0x57),wall of tile 01A062 (room 0x57),30.068,no,the line between them touches another wall,wall of tile 019E62 (room 0x57)
wall of tile 019C61 (room 0x57),wall of tile 01A061 (room 0x57),32.073,no,the line between them touches another wall,wall of tile 019E61 (room 0x57)
wall of tile 019E62 (room 0x57),wall of tile 01A262 (room 0x57),32.135,no,the line between them touches another wall,wall of tile 01A062 (room 0x57)
wall of tile 019E61 (room 0x57),wall of tile 01A261 (room 0x57),30.135,no,the line between them touches another wall,wall of tile 01A061 (room 0x57)
wall of tile 01A062 (room 0x57),wall of tile 00F261 (room 0x57),30.068,no,the line between them touches another wall,wall of tile 01A262 (room 0x57)
wall of tile 01A062 (room 0x57),wall of tile 00F362 (room 0x57),44.100,no,the line between them touches another wall,wall of tile 01A262 (room 0x57)
wall of tile 01A061 (room 0x57),wall of tile 00F262 (room 0x57),30.068,no,the line between them touches another wall,wall of tile 01A261 (room 0x57)
wall of tile 01A061 (room 0x57),wall of tile 00F361 (room 0x57),44.100,no,the line between them touches another wall,wall of tile 01A261 (room 0x57)
wall of tile 01A262 (room 0x57),wall of tile 00F362 (room 0x57),14.032,no,the line between them touches another wall,wall of tile 00F261 (room 0x57)
wall of tile 01A262 (room 0x57),wall of tile 00F461 (room 0x57),33.181,no,"another wall pokes into the space between them, so a tighter pair covers this gap",wall of tile 00F261 (room 0x57)
wall of tile 01A261 (room 0x57),wall of tile 00F361 (room 0x57),14.032,no,the line between them touches another wall,wall of tile 00F262 (room 0x57)
wall of tile 01A261 (room 0x57),wall of tile 00F462 (room 0x57),32.322,no,"another wall pokes into the space between them, so a tighter pair covers this gap",wall of tile 00F361 (room 0x57)
wall of tile 00F261 (room 0x57),wall of tile 00F461 (room 0x57),21.309,no,the line between them touches another wall,wall of tile 00F362 (room 0x57)
wall of tile 00F261 (room 0x57),wall of tile 00F562 (room 0x57),52.041,no,"the line between them leaves the walkable area (a wall's thickness, or another floor)",
wall of tile 00F262 (room 0x57),wall of tile 00F462 (room 0x57),21.309,no,the line between them touches another wall,wall of tile 00F361 (room 0x57)
wall of tile 00F262 (room 0x57),wall of tile 00F662 (room 0x57),52.617,no,"the line between them leaves the walkable area (a wall's thickness, or another floor)",
wall of tile 00F362 (room 0x57),wall of tile 00F562 (room 0x57),34.077,no,the line between them touches another wall,wall of tile 00F461 (room 0x57)
wall of tile 00F362 (room 0x57),wall of tile 00F960 (room 0x57),52.617,no,"the line between them leaves the walkable area (a wall's thickness, or another floor)",
wall of tile 00F361 (room 0x57),wall of tile 00F662 (room 0x57),36.082,no,the line between them touches another wall,wall of tile 00F462 (room 0x57)
wall of tile 00F361 (room 0x57),wall of tile 01A461 (room 0x56),53.974,no,"the line between them leaves the walkable area (a wall's thickness, or another floor)",
wall of tile 00F462 (room 0x57),wall of tile 01A461 (room 0x56),21.309,no,the line between them touches another wall,wall of tile 00F662 (room 0x57)
wall of tile 00F462 (room 0x57),wall of tile 01A661 (room 0x56),46.925,no,"the line between them leaves the walkable area (a wall's thickness, or another floor)",
wall of tile 00F461 (room 0x57),wall of tile 00F960 (room 0x57),22.679,no,the line between them touches another wall,wall of tile 00F562 (room 0x57)
wall of tile 00F662 (room 0x57),wall of tile 01A661 (room 0x56),30.068,no,the line between them touches another wall,wall of tile 01A461 (room 0x56)
wall of tile 00F861 (room 0x57),wall of tile 00F960 (room 0x57),15.585,no,"another wall pokes into the space between them, so a tighter pair covers this gap",wall of tile 00F960 (room 0x57)
wall of tile 00F861 (room 0x57),wall of tile 00F761 (room 0x57),21.309,no,the line between them touches another wall,wall of tile 00F761 (room 0x57)
wall of tile 00F960 (room 0x57),wall of tile 00F761 (room 0x57),51.381,no,"the line between them leaves the walkable area (a wall's thickness, or another floor)",
wall of tile 00F960 (room 0x57),wall of tile 00F761 (room 0x57),34.136,no,the line between them touches another wall,wall of tile 00F861 (room 0x57)
wall of tile 00F960 (room 0x57),wall of tile 00F761 (room 0x57),49.705,no,"the line between them leaves the walkable area (a wall's thickness, or another floor)",
wall of tile 00F761 (room 0x57),wall of tile 01A662 (room 0x56),30.068,no,the line between them touches another wall,wall of tile 01A462 (room 0x56)
wall of tile 01A462 (room 0x56),wall of tile 01A862 (room 0x56),30.135,no,the line between them touches another wall,wall of tile 01A662 (room 0x56)
wall of tile 01A461 (room 0x56),wall of tile 01A861 (room 0x56),30.135,no,the line between them touches another wall,wall of tile 01A661 (room 0x56)
wall of tile 01A662 (room 0x56),wall of tile 01AA62 (room 0x56),30.068,no,the line between them touches another wall,wall of tile 01A862 (room 0x56)
wall of tile 01A661 (room 0x56),wall of tile 01AA61 (room 0x56),30.068,no,the line between them touches another wall,wall of tile 01A861 (room 0x56)
wall of tile 01A862 (room 0x56),wall of tile 01AC62 (room 0x56),30.068,no,the line between them touches another wall,wall of tile 01AA62 (room 0x56)
wall of tile 01A861 (room 0x56),wall of tile 01AC61 (room 0x56),30.068,no,the line between them touches another wall,wall of tile 01AA61 (room 0x56)
wall of tile 01AA62 (room 0x56),wall of tile 01AE62 (room 0x56),30.135,no,the line between them touches another wall,wall of tile 01AC62 (room 0x56)
wall of tile 01AA61 (room 0x56),wall of tile 01AE61 (room 0x56),30.135,no,the line between them touches another wall,wall of tile 01AC61 (room 0x56)
wall of tile 01AC62 (room 0x56),wall of tile 01B062 (room 0x56),30.068,no,the line between them touches another wall,wall of tile 01AE62 (room 0x56)
wall of tile 01AC61 (room 0x56),wall of tile 01B061 (room 0x56),30.068,no,the line between them touches another wall,wall of tile 01AE61 (room 0x56)
wall of tile 01AE62 (room 0x56),wall of tile 099960 (room 0x56),30.135,no,the line between them touches another wall,wall of tile 01B062 (room 0x56)
wall of tile 01AE61 (room 0x56),wall of tile 099560 (room 0x56),30.135,no,the line between them touches another wall,wall of tile 01B061 (room 0x56)
wall of tile 099560 (room 0x56),wall of tile 00AA49 (room 0x36),47.296,no,"the line between them leaves the walkable area (a wall's thickness, or another floor)",
wall of tile 099560 (room 0x56),wall of tile 00AA49 (room 0x36),47.296,no,"the line between them leaves the walkable area (a wall's thickness, or another floor)",
wall of tile 099560 (room 0x56),wall of tile 017E48 (room 0x32),47.296,no,"the line between them leaves the walkable area (a wall's thickness, or another floor)",
wall of tile 099560 (room 0x56),wall of tile 017E48 (room 0x32),47.296,no,"the line between them leaves the walkable area (a wall's thickness, or another floor)",
wall of tile 099560 (room 0x56),wall of tile 015C48 (room 0x35),50.751,no,"the line between them leaves the walkable area (a wall's thickness, or another floor)",
wall of tile 099560 (room 0x56),wall of tile 015748 (room 0x35),50.751,no,"the line between them leaves the walkable area (a wall's thickness, or another floor)",
wall of tile 099560 (room 0x56),door 0x1d98ac (preset 0x009c),0.015,no,"the line between them leaves the walkable area (a wall's thickness, or another floor)",
wall of tile 099560 (room 0x56),door 0x1d98ac (preset 0x009c),14.735,no,"the line between them leaves the walkable area (a wall's thickness, or another floor)",
wall of tile 099960 (room 0x56),door 0x1d98ac (preset 0x009c),21.795,no,"the line between them leaves the walkable area (a wall's thickness, or another floor)",
wall of tile 099960 (room 0x56),door 0x1d98ac (preset 0x009c),23.857,no,"the line between them leaves the walkable area (a wall's thickness, or another floor)",
wall of tile 099960 (room 0x56),door 0x1d98ac (preset 0x009c),0.015,no,"the line between them leaves the walkable area (a wall's thickness, or another floor)",
wall of tile 065849 (room 0x23),wall of tile 019749 (room 0x34),8.358,no,the far wall faces the other way (it belongs to floor which isn't linked here),
wall of tile 065849 (room 0x23),door 0x1d98ac (preset 0x009c),16.021,no,the line between them touches another wall,door 0x1d98ac (preset 0x009c)
wall of tile 065849 (room 0x23),door 0x1d98ac (preset 0x009c),24.055,no,"the line between them leaves the walkable area (a wall's thickness, or another floor)",
wall of tile 065849 (room 0x23),door 0x1d98ac (preset 0x009c),24.055,no,"the line between them leaves the walkable area (a wall's thickness, or another floor)",
wall of tile 016848 (room 0x23),wall of tile 02154A (room 0x3b),22.050,no,"the line between them leaves the walkable area (a wall's thickness, or another floor)",
wall of tile 016848 (room 0x23),wall of tile 05CE4A (room 0x31),54.123,no,the line between them touches another wall,wall of tile 05D04A (room 0x31)
wall of tile 016848 (room 0x23),glass 0x1d7e7c (preset 0x27c6),0.00016,no,the far wall faces the other way (it belongs to floor which isn't linked here),
wall of tile 016848 (room 0x23),glass 0x1d7e7c (preset 0x27c6),0.000017,no,the far wall faces the other way (it belongs to floor which isn't linked here),
wall of tile 016848 (room 0x23),glass 0x1d83c0 (preset 0x27ce),0.00016,no,the far wall faces the other way (it belongs to floor which isn't linked here),
wall of tile 016848 (room 0x23),glass 0x1d83c0 (preset 0x27ce),0.000017,no,the far wall faces the other way (it belongs to floor which isn't linked here),
wall of tile 01694A (room 0x23),wall of tile 018748 (room 0x3a),44.100,no,the line between them touches another wall,wall of tile 016D4A (room 0x46)
wall of tile 016A48 (room 0x23),wall of tile 00A04A (room 0x37),21.298,no,"the line between them leaves the walkable area (a wall's thickness, or another floor)",
wall of tile 016A48 (room 0x23),wall of tile 009D4A (room 0x37),6.215,no,the far wall faces the other way (it belongs to floor which isn't linked here),
wall of tile 016A48 (room 0x23),wall of tile 019B48 (room 0x34),50.537,no,"the line between them leaves the walkable area (a wall's thickness, or another floor)",
wall of tile 016A48 (room 0x23),wall of tile 019A48 (room 0x34),45.644,no,"the line between them leaves the walkable area (a wall's thickness, or another floor)",
wall of tile 016C4A (room 0x23),wall of tile 00A04A (room 0x37),42.095,no,"the line between them leaves the walkable area (a wall's thickness, or another floor)",
wall of tile 016C4A (room 0x23),wall of tile 019A48 (room 0x34),42.095,no,"the line between them leaves the walkable area (a wall's thickness, or another floor)",
wall of tile 016C4A (room 0x23),wall of tile 00A148 (room 0x37),22.050,no,"the line between them leaves the walkable area (a wall's thickness, or another floor)",
wall of tile 016C4A (room 0x23),wall of tile 00A04A (room 0x37),22.050,no,"the line between them leaves the walkable area (a wall's thickness, or another floor)",
wall of tile 016C4A (room 0x23),wall of tile 019A48 (room 0x34),40.637,no,"the line between them leaves the walkable area (a wall's thickness, or another floor)",
wall of tile 016949 (room 0x23),wall of tile 02154A (room 0x3b),22.050,no,"the line between them leaves the walkable area (a wall's thickness, or another floor)",
wall of tile 016949 (room 0x23),glass 0x1d7cb0 (preset 0x27c7),1.065,no,the far wall faces the other way (it belongs to floor which isn't linked here),
wall of tile 016949 (room 0x23),glass 0x1d7cb0 (preset 0x27c7),1.065,no,the far wall faces the other way (it belongs to floor which isn't linked here),
wall of tile 016949 (room 0x23),glass 0x1d7cb0 (preset 0x27c7),1.062,no,the far wall faces the other way (it belongs to floor which isn't linked here),
wall of tile 016949 (room 0x23),glass 0x1d7e7c (preset 0x27c6),0.00012,no,the far wall faces the other way (it belongs to floor which isn't linked here),
wall of tile 016949 (room 0x23),glass 0x1d7e7c (preset 0x27c6),0.00012,no,the far wall faces the other way (it belongs to floor which isn't linked here),
wall of tile 016949 (room 0x23),glass 0x1d7e7c (preset 0x27c6),0.00037,no,the far wall faces the other way (it belongs to floor which isn't linked here),
wall of tile 016949 (room 0x23),glass 0x1d832c (preset 0x27cd),0.00024,no,"the line between them leaves the walkable area (a wall's thickness, or another floor)",
wall of tile 016949 (room 0x23),glass 0x1d832c (preset 0x27cd),0.000030,no,the far wall faces the other way (it belongs to floor which isn't linked here),
wall of tile 016949 (room 0x23),glass 0x1d832c (preset 0x27cd),0.000031,no,the far wall faces the other way (it belongs to floor which isn't linked here),
wall of tile 016949 (room 0x23),glass 0x1d83c0 (preset 0x27ce),0.00012,no,the far wall faces the other way (it belongs to floor which isn't linked here),
wall of tile 016949 (room 0x23),glass 0x1d83c0 (preset 0x27ce),0.00012,no,the far wall faces the other way (it belongs to floor which isn't linked here),
wall of tile 016949 (room 0x23),glass 0x1d83c0 (preset 0x27ce),0.00037,no,the far wall faces the other way (it belongs to floor which isn't linked here),
wall of tile 016D4A (room 0x46),wall of tile 00A448 (room 0x3d),54.123,no,the far wall faces the other way (it belongs to floor which isn't linked here),
wall of tile 016D49 (room 0x46),wall of tile 00A448 (room 0x3d),10.023,no,the far wall faces the other way (it belongs to floor which isn't linked here),
wall of tile 016D49 (room 0x46),wall of tile 00A249 (room 0x3d),10.023,no,the far wall faces the other way (it belongs to floor which isn't linked here),
wall of tile 016D49 (room 0x46),wall of tile 00A24A (room 0x3d),10.023,no,the line between them touches another wall,wall of tile 016D4A (room 0x46)
wall of tile 016D49 (room 0x46),wall of tile 018948 (room 0x3a),24.221,no,the far wall faces the other way (it belongs to floor which isn't linked here),
wall of tile 016D49 (room 0x46),wall of tile 018748 (room 0x3a),14.757,no,the far wall faces the other way (it belongs to floor which isn't linked here),
wall of tile 016D49 (room 0x46),wall of tile 018748 (room 0x3a),30.068,no,the line between them touches another wall,wall of tile 016D4A (room 0x46)
wall of tile 016F48 (room 0x46),wall of tile 00A448 (room 0x3d),10.023,no,the far wall faces the other way (it belongs to floor which isn't linked here),
wall of tile 016F48 (room 0x46),wall of tile 00A249 (room 0x3d),14.174,no,the far wall faces the other way (it belongs to floor which isn't linked here),
wall of tile 016F48 (room 0x46),wall of tile 066C48 (room 0x3d),21.538,no,the far wall faces the other way (it belongs to floor which isn't linked here),
wall of tile 016F48 (room 0x46),wall of tile 018748 (room 0x3a),12.968,no,the far wall faces the other way (it belongs to floor which isn't linked here),
wall of tile 016E49 (room 0x46),wall of tile 01604A (room 0x1f),22.050,no,"the line between them leaves the walkable area (a wall's thickness, or another floor)",
wall of tile 016E49 (room 0x46),wall of tile 016149 (room 0x1f),22.050,no,"the line between them leaves the walkable area (a wall's thickness, or another floor)",
wall of tile 016E49 (room 0x46),wall of tile 02154A (room 0x3b),11.752,no,"the line between them leaves the walkable area (a wall's thickness, or another floor)",
wall of tile 016E49 (room 0x46),wall of tile 01CC4A (room 0x2f),22.050,no,"the line between them leaves the walkable area (a wall's thickness, or another floor)",
wall of tile 016E49 (room 0x46),glass 0x1d78a4 (preset 0x27bc),22.050,no,"the line between them leaves the walkable area (a wall's thickness, or another floor)",
wall of tile 016E49 (room 0x46),glass 0x1d78a4 (preset 0x27bc),22.050,no,"the line between them leaves the walkable area (a wall's thickness, or another floor)",
wall of tile 016E49 (room 0x46),glass 0x1d78a4 (preset 0x27bc),22.050,no,"the line between them leaves the walkable area (a wall's thickness, or another floor)",
wall of tile 016E49 (room 0x46),glass 0x1d7cb0 (preset 0x27c7),1.065,no,the far wall faces the other way (it belongs to floor which isn't linked here),
wall of tile 016E49 (room 0x46),glass 0x1d7cb0 (preset 0x27c7),0.0025,no,the far wall faces the other way (it belongs to floor which isn't linked here),
wall of tile 016E49 (room 0x46),glass 0x1d7cb0 (preset 0x27c7),0.00015,no,"the line between them leaves the walkable area (a wall's thickness, or another floor)",
wall of tile 016E49 (room 0x46),glass 0x1d832c (preset 0x27cd),0.000026,no,the far wall faces the other way (it belongs to floor which isn't linked here),
wall of tile 01704A (room 0x46),wall of tile 066C48 (room 0x3d),33.336,no,the far wall faces the other way (it belongs to floor which isn't linked here),
wall of tile 017049 (room 0x46),wall of tile 01604A (room 0x1f),22.050,no,"the line between them leaves the walkable area (a wall's thickness, or another floor)",
wall of tile 017049 (room 0x46),wall of tile 016149 (room 0x1f),22.050,no,"the line between them leaves the walkable area (a wall's thickness, or another floor)",
wall of tile 017049 (room 0x46),wall of tile 01CC4A (room 0x2f),22.050,no,"the line between them leaves the walkable area (a wall's thickness, or another floor)",
wall of tile 017049 (room 0x46),generic 0x1d3b98 (preset 0x271d),50.383,no,the far wall faces the other way (it belongs to floor which isn't linked here),
wall of tile 017049 (room 0x46),generic 0x1d3b98 (preset 0x271d),50.383,no,the far wall faces the other way (it belongs to floor which isn't linked here),
wall of tile 017049 (room 0x46),glass 0x1d78a4 (preset 0x27bc),22.050,no,"the line between them leaves the walkable area (a wall's thickness, or another floor)",
wall of tile 017049 (room 0x46),glass 0x1d78a4 (preset 0x27bc),22.050,no,"the line between them leaves the walkable area (a wall's thickness, or another floor)",
wall of tile 017049 (room 0x46),glass 0x1d78a4 (preset 0x27bc),22.050,no,"the line between them leaves the walkable area (a wall's thickness, or another floor)",
wall of tile 017049 (room 0x46),glass 0x1d7cb0 (preset 0x27c7),0.00015,no,"the line between them leaves the walkable area (a wall's thickness, or another floor)",
wall of tile 017049 (room 0x46),glass 0x1d7cb0 (preset 0x27c7),0.00018,no,"the line between them leaves the walkable area (a wall's thickness, or another floor)",
wall of tile 017049 (room 0x46),glass 0x1d8204 (preset 0x27c2),22.050,no,the far wall faces the other way (it belongs to floor which isn't linked here),
wall of tile 017049 (room 0x46),glass 0x1d8204 (preset 0x27c2),22.055,no,the far wall faces the other way (it belongs to floor which isn't linked here),
wall of tile 017049 (room 0x46),glass 0x1d8204 (preset 0x27c2),22.050,no,the far wall faces the other way (it belongs to floor which isn't linked here),
wall of tile 017548 (room 0x46),wall of tile 01F811 (room 0x0d),52.118,no,"the line between them leaves the walkable area (a wall's thickness, or another floor)",
wall of tile 017548 (room 0x46),wall of tile 01F812 (room 0x0d),52.118,no,"the line between them leaves the walkable area (a wall's thickness, or another floor)",
wall of tile 017548 (room 0x46),door 0x1d88dc (preset 0x008f),52.118,no,"the line between them leaves the walkable area (a wall's thickness, or another floor)",
wall of tile 017548 (room 0x46),door 0x1d88dc (preset 0x008f),36.082,no,"the line between them leaves the walkable area (a wall's thickness, or another floor)",
wall of tile 017548 (room 0x46),door 0x1d88dc (preset 0x008f),36.082,no,"the line between them leaves the walkable area (a wall's thickness, or another floor)",
wall of tile 017548 (room 0x46),door 0x1d88dc (preset 0x008f),36.082,no,"the line between them leaves the walkable area (a wall's thickness, or another floor)",
wall of tile 017148 (room 0x46),wall of tile 015F4A (room 0x1f),52.118,no,"the line between them leaves the walkable area (a wall's thickness, or another floor)",
wall of tile 017148 (room 0x46),wall of tile 077119 (room 0x10),43.272,no,"the line between them leaves the walkable area (a wall's thickness, or another floor)",
wall of tile 017148 (room 0x46),wall of tile 07751A (room 0x10),32.073,no,"the line between them leaves the walkable area (a wall's thickness, or another floor)",
wall of tile 017148 (room 0x46),wall of tile 01C348 (room 0x2f),32.073,no,"the line between them leaves the walkable area (a wall's thickness, or another floor)",
wall of tile 017148 (room 0x46),wall of tile 01C348 (room 0x2f),32.073,no,"the line between them leaves the walkable area (a wall's thickness, or another floor)",
wall of tile 017148 (room 0x46),wall of tile 015E48 (room 0x1f),32.073,no,"the line between them leaves the walkable area (a wall's thickness, or another floor)",
wall of tile 017148 (room 0x46),wall of tile 015E48 (room 0x1f),32.073,no,"the line between them leaves the walkable area (a wall's thickness, or another floor)",
wall of tile 017148 (room 0x46),door 0x1d8d0c (preset 0x0091),16.036,no,"the line between them leaves the walkable area (a wall's thickness, or another floor)",
wall of tile 017148 (room 0x46),door 0x1d8d0c (preset 0x0091),0.000061,no,"the line between them leaves the walkable area (a wall's thickness, or another floor)",
wall of tile 017148 (room 0x46),wall of tile 077119 (room 0x10),43.272,no,"the line between them leaves the walkable area (a wall's thickness, or another floor)",
wall of tile 017148 (room 0x46),wall of tile 07751A (room 0x10),32.073,no,"the line between them leaves the walkable area (a wall's thickness, or another floor)",
wall of tile 017148 (room 0x46),door 0x1d8c0c (preset 0x0090),45.047,no,"the line between them leaves the walkable area (a wall's thickness, or another floor)",
wall of tile 017148 (room 0x46),door 0x1d8c0c (preset 0x0090),42.095,no,the line between them touches another wall,wall of tile 017A49 (room 0x46)
wall of tile 017148 (room 0x46),door 0x1d8c0c (preset 0x0090),42.095,no,the line between them touches another wall,wall of tile 017A49 (room 0x46)
wall of tile 017148 (room 0x46),door 0x1d8d0c (preset 0x0091),42.095,no,the line between them touches another wall,wall of tile 017A49 (room 0x46)
wall of tile 017148 (room 0x46),door 0x1d8d0c (preset 0x0091),16.036,no,"the line between them leaves the walkable area (a wall's thickness, or another floor)",
wall of tile 017148 (room 0x46),door 0x1d8d0c (preset 0x0091),0.000061,no,"the line between them leaves the walkable area (a wall's thickness, or another floor)",
wall of tile 017A49 (room 0x46),wall of tile 077418 (room 0x10),43.272,no,"the line between them leaves the walkable area (a wall's thickness, or another floor)",
wall of tile 017A49 (room 0x46),wall of tile 077519 (room 0x10),32.073,no,"the line between them leaves the walkable area (a wall's thickness, or another floor)",
wall of tile 017A49 (room 0x46),door 0x1d8c0c (preset 0x0090),16.036,no,"the line between them leaves the walkable area (a wall's thickness, or another floor)",
wall of tile 017A49 (room 0x46),door 0x1d8d0c (preset 0x0091),16.036,no,"the line between them leaves the walkable area (a wall's thickness, or another floor)",
wall of tile 017A4A (room 0x46),wall of tile 017248 (room 0x46),20.045,no,"the line between them leaves the walkable area (a wall's thickness, or another floor)",
wall of tile 017A4A (room 0x46),wall of tile 017248 (room 0x46),20.045,no,"the line between them leaves the walkable area (a wall's thickness, or another floor)",
wall of tile 017A4A (room 0x46),wall of tile 01734A (room 0x46),42.095,no,"the line between them leaves the walkable area (a wall's thickness, or another floor)",
wall of tile 017A4A (room 0x46),wall of tile 00B649 (room 0x3d),52.118,no,"the line between them leaves the walkable area (a wall's thickness, or another floor)",
wall of tile 017A4A (room 0x46),wall of tile 00B548 (room 0x3d),20.045,no,"the line between them leaves the walkable area (a wall's thickness, or another floor)",
wall of tile 017A4A (room 0x46),wall of tile 00B548 (room 0x3d),20.045,no,"the line between them leaves the walkable area (a wall's thickness, or another floor)",
wall of tile 017A4A (room 0x46),wall of tile 077418 (room 0x10),43.272,no,"the line between them leaves the walkable area (a wall's thickness, or another floor)",
wall of tile 017A4A (room 0x46),wall of tile 077519 (room 0x10),32.073,no,"the line between them leaves the walkable area (a wall's thickness, or another floor)",
wall of tile 017A4A (room 0x46),wall of tile 018E48 (room 0x3a),20.045,no,"the line between them leaves the walkable area (a wall's thickness, or another floor)",
wall of tile 017A4A (room 0x46),wall of tile 018E48 (room 0x3a),20.045,no,"the line between them leaves the walkable area (a wall's thickness, or another floor)",
wall of tile 017A4A (room 0x46),wall of tile 018F4A (room 0x3a),52.118,no,"the line between them leaves the walkable area (a wall's thickness, or another floor)",
wall of tile 017A4A (room 0x46),door 0x1d8c0c (preset 0x0090),16.036,no,"the line between them leaves the walkable area (a wall's thickness, or another floor)",
wall of tile 017948 (room 0x46),wall of tile 017248 (room 0x46),22.050,no,the line between them touches another wall,wall of tile 017248 (room 0x46)
wall of tile 017948 (room 0x46),wall of tile 01734A (room 0x46),31.183,no,"another wall pokes into the space between them, so a tighter pair covers this gap",wall of tile 017248 (room 0x46)
wall of tile 017948 (room 0x46),wall of tile 00B649 (room 0x3d),38.921,no,"the line between them leaves the walkable area (a wall's thickness, or another floor)",
wall of tile 017948 (room 0x46),wall of tile 00B548 (room 0x3d),22.050,no,the line between them touches another wall,wall of tile 017248 (room 0x46)
wall of tile 017948 (room 0x46),wall of tile 018E48 (room 0x3a),22.050,no,the line between them touches another wall,wall of tile 017248 (room 0x46)
wall of tile 017948 (room 0x46),wall of tile 018F4A (room 0x3a),45.358,no,"the line between them leaves the walkable area (a wall's thickness, or another floor)",
wall of tile 017248 (room 0x46),wall of tile 01734A (room 0x46),22.050,no,the line between them touches another wall,wall of tile 017248 (room 0x46)
wall of tile 017248 (room 0x46),wall of tile 00D84A (room 0x42),20.045,no,"the line between them leaves the walkable area (a wall's thickness, or another floor)",
wall of tile 017248 (room 0x46),wall of tile 00B649 (room 0x3d),32.073,no,"the line between them leaves the walkable area (a wall's thickness, or another floor)",
wall of tile 017248 (room 0x46),wall of tile 019548 (room 0x3a),20.045,no,"the line between them leaves the walkable area (a wall's thickness, or another floor)",
wall of tile 017248 (room 0x46),wall of tile 018F4A (room 0x3a),33.602,no,"the line between them leaves the walkable area (a wall's thickness, or another floor)",
wall of tile 017248 (room 0x46),wall of tile 00D84A (room 0x42),20.045,no,"the line between them leaves the walkable area (a wall's thickness, or another floor)",
wall of tile 017248 (room 0x46),wall of tile 00B74A (room 0x42),22.050,no,the line between them touches another wall,wall of tile 017248 (room 0x46)
wall of tile 017248 (room 0x46),wall of tile 00B649 (room 0x3d),10.023,no,"the line between them leaves the walkable area (a wall's thickness, or another floor)",
wall of tile 017248 (room 0x46),wall of tile 019548 (room 0x3a),20.045,no,"the line between them leaves the walkable area (a wall's thickness, or another floor)",
wall of tile 017248 (room 0x46),wall of tile 019248 (room 0x3a),22.050,no,the line between them touches another wall,wall of tile 017248 (room 0x46)
wall of tile 017248 (room 0x46),wall of tile 018F4A (room 0x3a),14.174,no,"the line between them leaves the walkable area (a wall's thickness, or another floor)",
wall of tile 01734A (room 0x46),wall of tile 00D84A (room 0x42),42.095,no,"the line between them leaves the walkable area (a wall's thickness, or another floor)",
wall of tile 01734A (room 0x46),wall of tile 00B74A (room 0x42),31.183,no,the far wall faces the other way (it belongs to floor which isn't linked here),
wall of tile 01734A (room 0x46),wall of tile 00B649 (room 0x3d),1.321,no,"the line between them leaves the walkable area (a wall's thickness, or another floor)",
wall of tile 01734A (room 0x46),wall of tile 065448 (room 0x3d),36.076,no,"the line between them leaves the walkable area (a wall's thickness, or another floor)",
wall of tile 01734A (room 0x46),wall of tile 00B548 (room 0x3d),22.050,no,the line between them touches another wall,wall of tile 017248 (room 0x46)
wall of tile 01734A (room 0x46),wall of tile 019548 (room 0x3a),42.095,no,"the line between them leaves the walkable area (a wall's thickness, or another floor)",
wall of tile 01734A (room 0x46),wall of tile 019248 (room 0x3a),31.183,no,the far wall faces the other way (it belongs to floor which isn't linked here),
wall of tile 01734A (room 0x46),wall of tile 018E48 (room 0x3a),22.050,no,the line between them touches another wall,wall of tile 017248 (room 0x46)
wall of tile 01734A (room 0x46),wall of tile 018E48 (room 0x3a),6.577,no,"the line between them leaves the walkable area (a wall's thickness, or another floor)",
wall of tile 01734A (room 0x46),wall of tile 018F4A (room 0x3a),11.256,no,"the line between them leaves the walkable area (a wall's thickness, or another floor)",
wall of tile 017448 (room 0x46),wall of tile 00AE49 (room 0x3d),57.091,no,the far wall faces the other way (it belongs to floor which isn't linked here),
wall of tile 017448 (room 0x46),wall of tile 00B649 (room 0x3d),23.817,no,"the line between them leaves the walkable area (a wall's thickness, or another floor)",
wall of tile 017749 (room 0x1f),generic 0x1d3b98 (preset 0x271d),42.472,no,the far wall faces the other way (it belongs to floor which isn't linked here),
wall of tile 017749 (room 0x1f),generic 0x1d3b98 (preset 0x271d),42.472,no,the far wall faces the other way (it belongs to floor which isn't linked here),
wall of tile 017749 (room 0x1f),glass 0x1d8204 (preset 0x27c2),0.000031,no,the far wall faces the other way (it belongs to floor which isn't linked here),
wall of tile 017749 (room 0x1f),glass 0x1d8204 (preset 0x27c2),0.0045,no,the far wall faces the other way (it belongs to floor which isn't linked here),
wall of tile 017749 (room 0x1f),glass 0x1d8204 (preset 0x27c2),0.000031,no,the far wall faces the other way (it belongs to floor which isn't linked here),
wall of tile 01604A (room 0x1f),wall of tile 018A49 (room 0x3a),22.050,no,"the line between them leaves the walkable area (a wall's thickness, or another floor)",
wall of tile 01604A (room 0x1f),generic 0x1d3b98 (preset 0x271d),42.472,no,the far wall faces the other way (it belongs to floor which isn't linked here),
wall of tile 01604A (room 0x1f),generic 0x1d3b98 (preset 0x271d),42.472,no,the far wall faces the other way (it belongs to floor which isn't linked here),
wall of tile 01604A (room 0x1f),glass 0x1d78a4 (preset 0x27bc),0.00024,no,"the line between them leaves the walkable area (a wall's thickness, or another floor)",
wall of tile 01604A (room 0x1f),glass 0x1d7cb0 (preset 0x27c7),21.519,no,"the line between them leaves the walkable area (a wall's thickness, or another floor)",
wall of tile 01604A (room 0x1f),glass 0x1d7cb0 (preset 0x27c7),21.519,no,"the line between them leaves the walkable area (a wall's thickness, or another floor)",
wall of tile 01604A (room 0x1f),glass 0x1d7cb0 (preset 0x27c7),22.050,no,"the line between them leaves the walkable area (a wall's thickness, or another floor)",
wall of tile 01604A (room 0x1f),glass 0x1d8204 (preset 0x27c2),0.000068,no,the far wall faces the other way (it belongs to floor which isn't linked here),
wall of tile 01604A (room 0x1f),glass 0x1d8204 (preset 0x27c2),0.0045,no,the far wall faces the other way (it belongs to floor which isn't linked here),
wall of tile 01604A (room 0x1f),glass 0x1d8204 (preset 0x27c2),0.000031,no,the far wall faces the other way (it belongs to floor which isn't linked here),
wall of tile 016149 (room 0x1f),wall of tile 018A49 (room 0x3a),22.050,no,"the line between them leaves the walkable area (a wall's thickness, or another floor)",
wall of tile 016149 (room 0x1f),wall of tile 01C849 (room 0x2f),22.050,no,"the line between them leaves the walkable area (a wall's thickness, or another floor)",
wall of tile 016149 (room 0x1f),wall of tile 016349 (room 0x1f),22.050,no,"the line between them leaves the walkable area (a wall's thickness, or another floor)",
wall of tile 016149 (room 0x1f),wall of tile 016349 (room 0x1f),22.050,no,"the line between them leaves the walkable area (a wall's thickness, or another floor)",
wall of tile 016149 (room 0x1f),glass 0x1d78a4 (preset 0x27bc),0.00024,no,the far wall faces the other way (it belongs to floor which isn't linked here),
wall of tile 016149 (room 0x1f),glass 0x1d7938 (preset 0x27c9),22.050,no,"the line between them leaves the walkable area (a wall's thickness, or another floor)",
wall of tile 016149 (room 0x1f),glass 0x1d7938 (preset 0x27c9),22.050,no,"the line between them leaves the walkable area (a wall's thickness, or another floor)",
wall of tile 016149 (room 0x1f),glass 0x1d7938 (preset 0x27c9),22.050,no,"the line between them leaves the walkable area (a wall's thickness, or another floor)",
wall of tile 016149 (room 0x1f),glass 0x1d7cb0 (preset 0x27c7),21.521,no,"the line between them leaves the walkable area (a wall's thickness, or another floor)",
wall of tile 016149 (room 0x1f),glass 0x1d7cb0 (preset 0x27c7),21.521,no,"the line between them leaves the walkable area (a wall's thickness, or another floor)",
wall of tile 016149 (room 0x1f),glass 0x1d7cb0 (preset 0x27c7),22.050,no,"the line between them leaves the walkable area (a wall's thickness, or another floor)",
wall of tile 016149 (room 0x1f),wall of tile 01C849 (room 0x2f),22.050,no,"the line between them leaves the walkable area (a wall's thickness, or another floor)",
wall of tile 016149 (room 0x1f),wall of tile 016349 (room 0x1f),22.050,no,"the line between them leaves the walkable area (a wall's thickness, or another floor)",
wall of tile 016149 (room 0x1f),wall of tile 016349 (room 0x1f),22.050,no,"the line between them leaves the walkable area (a wall's thickness, or another floor)",
wall of tile 016149 (room 0x1f),glass 0x1d78a4 (preset 0x27bc),0.000031,no,the far wall faces the other way (it belongs to floor which isn't linked here),
wall of tile 016149 (room 0x1f),glass 0x1d7938 (preset 0x27c9),22.050,no,"the line between them leaves the walkable area (a wall's thickness, or another floor)",
wall of tile 016149 (room 0x1f),glass 0x1d7938 (preset 0x27c9),22.050,no,"the line between them leaves the walkable area (a wall's thickness, or another floor)",
wall of tile 016149 (room 0x1f),glass 0x1d7938 (preset 0x27c9),22.050,no,"the line between them leaves the walkable area (a wall's thickness, or another floor)",
wall of tile 01634A (room 0x1f),wall of tile 012D49 (room 0x20),22.050,no,"the line between them leaves the walkable area (a wall's thickness, or another floor)",
wall of tile 01634A (room 0x1f),wall of tile 012B4A (room 0x20),22.050,no,"the line between them leaves the walkable area (a wall's thickness, or another floor)",
wall of tile 01634A (room 0x1f),wall of tile 01C049 (room 0x2e),22.050,no,"the line between them leaves the walkable area (a wall's thickness, or another floor)",
wall of tile 01634A (room 0x1f),glass 0x1d7938 (preset 0x27c9),0.000031,no,the far wall faces the other way (it belongs to floor which isn't linked here),
wall of tile 01634A (room 0x1f),glass 0x1d7938 (preset 0x27c9),0.000031,no,the far wall faces the other way (it belongs to floor which isn't linked here),
wall of tile 01634A (room 0x1f),glass 0x1d7938 (preset 0x27c9),0.000031,no,the far wall faces the other way (it belongs to floor which isn't linked here),
wall of tile 01634A (room 0x1f),glass 0x1d79cc (preset 0x27be),22.050,no,"the line between them leaves the walkable area (a wall's thickness, or another floor)",
wall of tile 01634A (room 0x1f),glass 0x1d79cc (preset 0x27be),22.050,no,"the line between them leaves the walkable area (a wall's thickness, or another floor)",
wall of tile 01634A (room 0x1f),glass 0x1d79cc (preset 0x27be),22.050,no,"the line between them leaves the walkable area (a wall's thickness, or another floor)",
wall of tile 012D49 (room 0x20),wall of tile 01CA48 (room 0x2f),22.050,no,"the line between them leaves the walkable area (a wall's thickness, or another floor)",
wall of tile 012D49 (room 0x20),wall of tile 016349 (room 0x1f),22.050,no,"the line between them leaves the walkable area (a wall's thickness, or another floor)",
wall of tile 012D49 (room 0x20),glass 0x1d7938 (preset 0x27c9),22.050,no,"the line between them leaves the walkable area (a wall's thickness, or another floor)",
wall of tile 012D49 (room 0x20),glass 0x1d7938 (preset 0x27c9),22.050,no,"the line between them leaves the walkable area (a wall's thickness, or another floor)",
wall of tile 012D49 (room 0x20),glass 0x1d7938 (preset 0x27c9),22.050,no,"the line between them leaves the walkable area (a wall's thickness, or another floor)",
wall of tile 012D49 (room 0x20),glass 0x1d79cc (preset 0x27be),0.000022,no,the far wall faces the other way (it belongs to floor which isn't linked here),
wall of tile 012D49 (room 0x20),glass 0x1d79cc (preset 0x27be),0.00012,no,the far wall faces the other way (it belongs to floor which isn't linked here),
wall of tile 012D49 (room 0x20),glass 0x1d79cc (preset 0x27be),0.000031,no,"the line between them leaves the walkable area (a wall's thickness, or another floor)",
wall of tile 015D48 (room 0x1f),wall of tile 015F4A (room 0x1f),52.118,no,the line between them touches another wall,wall of tile 015D48 (room 0x1f)
wall of tile 015D48 (room 0x1f),wall of tile 01C64A (room 0x2f),54.123,no,the line between them touches another wall,wall of tile 016548 (room 0x1f)
wall of tile 015D48 (room 0x1f),wall of tile 01C949 (room 0x2f),42.096,no,the line between them touches another wall,wall of tile 015D48 (room 0x1f)
wall of tile 015F4A (room 0x1f),wall of tile 019648 (room 0x3a),52.118,no,"the line between them leaves the walkable area (a wall's thickness, or another floor)",
wall of tile 015F4A (room 0x1f),wall of tile 01C448 (room 0x2f),10.023,no,the line between them touches another wall,wall of tile 015D48 (room 0x1f)
wall of tile 015F4A (room 0x1f),wall of tile 01C448 (room 0x2f),52.118,no,the line between them touches another wall,wall of tile 015D48 (room 0x1f)
wall of tile 015F4A (room 0x1f),wall of tile 01C348 (room 0x2f),20.045,no,the line between them touches another wall,wall of tile 015E48 (room 0x1f)
wall of tile 015F4A (room 0x1f),wall of tile 015E48 (room 0x1f),20.045,no,the line between them touches another wall,wall of tile 015E48 (room 0x1f)
wall of tile 012E4A (room 0x20),wall of tile 00EA49 (room 0x43),52.118,no,"the line between them leaves the walkable area (a wall's thickness, or another floor)",
wall of tile 012E4A (room 0x20),wall of tile 00ED4A (room 0x43),52.118,no,"the line between them leaves the walkable area (a wall's thickness, or another floor)",
wall of tile 012E4A (room 0x20),wall of tile 00D649 (room 0x43),52.118,no,"the line between them leaves the walkable area (a wall's thickness, or another floor)",
wall of tile 012E4A (room 0x20),glass 0x1d7810 (preset 0x27cb),0.000000012,no,the far wall faces the other way (it belongs to floor which isn't linked here),
wall of tile 012E4A (room 0x20),glass 0x1d7810 (preset 0x27cb),0.0017,no,the far wall faces the other way (it belongs to floor which isn't linked here),
wall of tile 012E4A (room 0x20),glass 0x1d8610 (preset 0x27d2),52.118,no,the far wall faces the other way (it belongs to floor which isn't linked here),
wall of tile 012E4A (room 0x20),glass 0x1d8610 (preset 0x27d2),52.118,no,the far wall faces the other way (it belongs to floor which isn't linked here),
wall of tile 012D4A (room 0x20),glass 0x1d7810 (preset 0x27cb),0.000000012,no,the far wall faces the other way (it belongs to floor which isn't linked here),
wall of tile 012D4A (room 0x20),glass 0x1d7810 (preset 0x27cb),0.0028,no,the far wall faces the other way (it belongs to floor which isn't linked here),
wall of tile 012B4A (room 0x20),wall of tile 01CA48 (room 0x2f),22.050,no,"the line between them leaves the walkable area (a wall's thickness, or another floor)",
wall of tile 012B4A (room 0x20),wall of tile 016349 (room 0x1f),22.050,no,"the line between them leaves the walkable area (a wall's thickness, or another floor)",
wall of tile 012B4A (room 0x20),generic 0x1d3e48 (preset 0x2710),57.646,no,the far wall faces the other way (it belongs to floor which isn't linked here),
wall of tile 012B4A (room 0x20),generic 0x1d3e48 (preset 0x2710),57.649,no,the far wall faces the other way (it belongs to floor which isn't linked here),
wall of tile 012B4A (room 0x20),generic 0x1d3e48 (preset 0x2710),57.646,no,the far wall faces the other way (it belongs to floor which isn't linked here),
wall of tile 012B4A (room 0x20),glass 0x1d7938 (preset 0x27c9),22.050,no,"the line between them leaves the walkable area (a wall's thickness, or another floor)",
wall of tile 012B4A (room 0x20),glass 0x1d7938 (preset 0x27c9),22.050,no,"the line between them leaves the walkable area (a wall's thickness, or another floor)",
wall of tile 012B4A (room 0x20),glass 0x1d7938 (preset 0x27c9),22.050,no,"the line between them leaves the walkable area (a wall's thickness, or another floor)",
wall of tile 012B4A (room 0x20),glass 0x1d79cc (preset 0x27be),0.000028,no,the far wall faces the other way (it belongs to floor which isn't linked here),
wall of tile 012B4A (room 0x20),glass 0x1d79cc (preset 0x27be),1.417,no,"the line between them leaves the walkable area (a wall's thickness, or another floor)",
wall of tile 012B4A (room 0x20),glass 0x1d79cc (preset 0x27be),0.000022,no,"the line between them leaves the walkable area (a wall's thickness, or another floor)",
wall of tile 012B4A (room 0x20),glass 0x1d7a60 (preset 0x27ba),0.000022,no,"the line between them leaves the walkable area (a wall's thickness, or another floor)",
wall of tile 012B4A (room 0x20),glass 0x1d7a60 (preset 0x27ba),0.00017,no,"the line between them leaves the walkable area (a wall's thickness, or another floor)",
wall of tile 012C4A (room 0x20),glass 0x1d7810 (preset 0x27cb),0.0017,no,the far wall faces the other way (it belongs to floor which isn't linked here),
wall of tile 012F49 (room 0x20),wall of tile 01D448 (room 0x2c),22.050,no,"the line between them leaves the walkable area (a wall's thickness, or another floor)",
wall of tile 012F49 (room 0x20),wall of tile 013D49 (room 0x1e),22.050,no,"the line between them leaves the walkable area (a wall's thickness, or another floor)",
wall of tile 012F49 (room 0x20),wall of tile 013D49 (room 0x1e),22.050,no,"the line between them leaves the walkable area (a wall's thickness, or another floor)",
wall of tile 012F49 (room 0x20),glass 0x1d7af4 (preset 0x27bd),0.00012,no,the far wall faces the other way (it belongs to floor which isn't linked here),
wall of tile 012F49 (room 0x20),glass 0x1d7af4 (preset 0x27bd),0.000022,no,the far wall faces the other way (it belongs to floor which isn't linked here),
wall of tile 012F49 (room 0x20),glass 0x1d7af4 (preset 0x27bd),0.000031,no,"the line between them leaves the walkable area (a wall's thickness, or another floor)",
wall of tile 012F49 (room 0x20),glass 0x1d7b88 (preset 0x27ca),22.050,no,"the line between them leaves the walkable area (a wall's thickness, or another floor)",
wall of tile 012F49 (room 0x20),glass 0x1d7b88 (preset 0x27ca),22.050,no,"the line between them leaves the walkable area (a wall's thickness, or another floor)",
wall of tile 012F49 (room 0x20),glass 0x1d7b88 (preset 0x27ca),22.050,no,"the line between them leaves the walkable area (a wall's thickness, or another floor)",
wall of tile 012F4A (room 0x20),glass 0x1d7810 (preset 0x27cb),0.0030,no,the far wall faces the other way (it belongs to floor which isn't linked here),
wall of tile 011C48 (room 0x25),wall of tile 011D48 (room 0x25),54.123,no,the line between them touches another wall,wall of tile 011D48 (room 0x25)
wall of tile 011C48 (room 0x25),wall of tile 01DB48 (room 0x24),54.123,no,the line between them touches another wall,wall of tile 011D48 (room 0x25)
wall of tile 012A4A (room 0x25),wall of tile 01284A (room 0x25),22.050,no,"the line between them leaves the walkable area (a wall's thickness, or another floor)",
wall of tile 012A4A (room 0x25),wall of tile 00E349 (room 0x42),22.050,no,"the line between them leaves the walkable area (a wall's thickness, or another floor)",
wall of tile 012A4A (room 0x25),wall of tile 01E64A (room 0x24),22.050,no,"the line between them leaves the walkable area (a wall's thickness, or another floor)",
wall of tile 012948 (room 0x25),wall of tile 012548 (room 0x25),54.123,no,the line between them touches another wall,wall of tile 012548 (room 0x25)
wall of tile 012948 (room 0x25),wall of tile 01E748 (room 0x24),54.123,no,the line between them touches another wall,wall of tile 012548 (room 0x25)
wall of tile 012548 (room 0x25),wall of tile 01E848 (room 0x24),54.123,no,the line between them touches another wall,wall of tile 012548 (room 0x25)
wall of tile 01284A (room 0x25),wall of tile 00ED4A (room 0x43),22.050,no,"the line between them leaves the walkable area (a wall's thickness, or another floor)",
wall of tile 01284A (room 0x25),wall of tile 01E949 (room 0x24),22.050,no,"the line between them leaves the walkable area (a wall's thickness, or another floor)",
wall of tile 012749 (room 0x25),wall of tile 00E54A (room 0x41),42.095,no,the far wall faces the other way (it belongs to floor which isn't linked here),
wall of tile 012749 (room 0x25),wall of tile 00E149 (room 0x3f),40.091,no,"the line between them leaves the walkable area (a wall's thickness, or another floor)",
wall of tile 012448 (room 0x25),wall of tile 00EE49 (room 0x41),46.625,no,"the line between them leaves the walkable area (a wall's thickness, or another floor)",
wall of tile 012448 (room 0x25),wall of tile 061E49 (room 0x41),20.046,no,the line between them touches another wall,wall of tile 05174A (room 0x25)
wall of tile 012448 (room 0x25),wall of tile 01D84A (room 0x24),32.073,no,"the line between them leaves the walkable area (a wall's thickness, or another floor)",
wall of tile 012448 (room 0x25),wall of tile 01E44A (room 0x24),3.167,no,"the line between them leaves the walkable area (a wall's thickness, or another floor)",
wall of tile 05174A (room 0x25),wall of tile 050248 (room 0x25),22.050,no,the line between them touches another wall,wall of tile 012448 (room 0x25)
wall of tile 05174A (room 0x25),wall of tile 00EE49 (room 0x41),42.095,no,the far wall faces the other way (it belongs to floor which isn't linked here),
wall of tile 05174A (room 0x25),wall of tile 023A48 (room 0x24),22.050,no,the line between them touches another wall,wall of tile 012448 (room 0x25)
wall of tile 012349 (room 0x25),wall of tile 00E749 (room 0x41),42.096,no,"the line between them leaves the walkable area (a wall's thickness, or another floor)",
wall of tile 012349 (room 0x25),wall of tile 00E64A (room 0x41),42.095,no,the far wall faces the other way (it belongs to floor which isn't linked here),
wall of tile 012349 (room 0x25),wall of tile 00E54A (room 0x41),44.373,no,the far wall faces the other way (it belongs to floor which isn't linked here),
wall of tile 012349 (room 0x25),wall of tile 00E448 (room 0x42),28.098,no,the far wall faces the other way (it belongs to floor which isn't linked here),
wall of tile 012349 (room 0x25),wall of tile 00E048 (room 0x3f),27.918,no,"the line between them leaves the walkable area (a wall's thickness, or another floor)",
wall of tile 012349 (room 0x25),wall of tile 00E149 (room 0x3f),42.476,no,"the line between them leaves the walkable area (a wall's thickness, or another floor)",
wall of tile 012349 (room 0x25),wall of tile 00E249 (room 0x3f),40.091,no,"the line between them leaves the walkable area (a wall's thickness, or another floor)",
wall of tile 012349 (room 0x25),wall of tile 01E549 (room 0x24),22.050,no,the line between them touches another wall,wall of tile 012749 (room 0x25)
wall of tile 012248 (room 0x25),wall of tile 00F048 (room 0x41),42.096,no,"the line between them leaves the walkable area (a wall's thickness, or another floor)",
wall of tile 012248 (room 0x25),wall of tile 00E749 (room 0x41),42.096,no,"the line between them leaves the walkable area (a wall's thickness, or another floor)",
wall of tile 012248 (room 0x25),wall of tile 00D349 (room 0x41),42.096,no,"the line between them leaves the walkable area (a wall's thickness, or another floor)",
wall of tile 012248 (room 0x25),wall of tile 00F248 (room 0x41),42.096,no,"the line between them leaves the walkable area (a wall's thickness, or another floor)",
wall of tile 012049 (room 0x25),wall of tile 00D048 (room 0x44),28.098,no,the far wall faces the other way (it belongs to floor which isn't linked here),
wall of tile 012049 (room 0x25),wall of tile 00CC48 (room 0x40),27.918,no,"the line between them leaves the walkable area (a wall's thickness, or another floor)",
wall of tile 012049 (room 0x25),wall of tile 00CD4A (room 0x40),42.476,no,"the line between them leaves the walkable area (a wall's thickness, or another floor)",
wall of tile 012049 (room 0x25),wall of tile 00CE4A (room 0x40),40.091,no,"the line between them leaves the walkable area (a wall's thickness, or another floor)",
wall of tile 012049 (room 0x25),wall of tile 00D349 (room 0x41),42.096,no,"the line between them leaves the walkable area (a wall's thickness, or another floor)",
wall of tile 012049 (room 0x25),wall of tile 00D249 (room 0x41),42.095,no,the far wall faces the other way (it belongs to floor which isn't linked here),
wall of tile 012049 (room 0x25),wall of tile 00D149 (room 0x41),44.373,no,the far wall faces the other way (it belongs to floor which isn't linked here),
wall of tile 012049 (room 0x25),wall of tile 01D949 (room 0x24),22.050,no,the line between them touches another wall,wall of tile 011B49 (room 0x25)
wall of tile 011F48 (room 0x25),wall of tile 00EE49 (room 0x41),46.625,no,"the line between them leaves the walkable area (a wall's thickness, or another floor)",
wall of tile 011F48 (room 0x25),wall of tile 061D4A (room 0x41),20.046,no,the line between them touches another wall,wall of tile 04FA48 (room 0x25)
wall of tile 011F48 (room 0x25),wall of tile 01DD49 (room 0x24),3.167,no,"the line between them leaves the walkable area (a wall's thickness, or another floor)",
wall of tile 011F48 (room 0x25),wall of tile 01D84A (room 0x24),32.073,no,"the line between them leaves the walkable area (a wall's thickness, or another floor)",
wall of tile 012A49 (room 0x25),wall of tile 011A4A (room 0x25),22.050,no,"the line between them leaves the walkable area (a wall's thickness, or another floor)",
wall of tile 012A49 (room 0x25),wall of tile 00CF49 (room 0x44),22.050,no,"the line between them leaves the walkable area (a wall's thickness, or another floor)",
wall of tile 012A49 (room 0x25),wall of tile 01DA4A (room 0x24),22.050,no,"the line between them leaves the walkable area (a wall's thickness, or another floor)",
wall of tile 011B49 (room 0x25),wall of tile 00CD4A (room 0x40),40.091,no,"the line between them leaves the walkable area (a wall's thickness, or another floor)",
wall of tile 011B49 (room 0x25),wall of tile 00D149 (room 0x41),42.095,no,the far wall faces the other way (it belongs to floor which isn't linked here),
wall of tile 011A4A (room 0x25),wall of tile 00ED49 (room 0x43),22.050,no,"the line between them leaves the walkable area (a wall's thickness, or another floor)",
wall of tile 011A4A (room 0x25),wall of tile 01E94A (room 0x24),22.050,no,"the line between them leaves the walkable area (a wall's thickness, or another floor)",
wall of tile 011D48 (room 0x25),wall of tile 01DC48 (room 0x24),54.123,no,the line between them touches another wall,wall of tile 011D48 (room 0x25)
wall of tile 04FA48 (room 0x25),wall of tile 04F848 (room 0x25),42.095,no,the line between them touches another wall,wall of tile 04F948 (room 0x25)
wall of tile 04FA48 (room 0x25),wall of tile 00EE49 (room 0x41),42.095,no,the far wall faces the other way (it belongs to floor which isn't linked here),
wall of tile 04FA48 (room 0x25),wall of tile 023048 (room 0x24),42.095,no,the line between them touches another wall,wall of tile 04F948 (room 0x25)
wall of tile 050348 (room 0x25),wall of tile 050148 (room 0x25),42.095,no,the line between them touches another wall,wall of tile 050248 (room 0x25)
wall of tile 050348 (room 0x25),wall of tile 00EE49 (room 0x41),42.095,no,the far wall faces the other way (it belongs to floor which isn't linked here),
wall of tile 050348 (room 0x25),wall of tile 023948 (room 0x24),42.095,no,the line between them touches another wall,wall of tile 050248 (room 0x25)
wall of tile 04F948 (room 0x25),wall of tile 04F748 (room 0x25),42.095,no,the line between them touches another wall,wall of tile 04F848 (room 0x25)
wall of tile 04F948 (room 0x25),wall of tile 00EE49 (room 0x41),59.532,no,the far wall faces the other way (it belongs to floor which isn't linked here),
wall of tile 04F948 (room 0x25),wall of tile 061D4A (room 0x41),42.096,no,the line between them touches another wall,wall of tile 05164A (room 0x25)
wall of tile 04F948 (room 0x25),wall of tile 05164A (room 0x25),22.050,no,the line between them touches another wall,wall of tile 04FA48 (room 0x25)
wall of tile 04F948 (room 0x25),wall of tile 022F48 (room 0x24),42.095,no,the line between them touches another wall,wall of tile 04F848 (room 0x25)
wall of tile 04F948 (room 0x25),wall of tile 01DD49 (room 0x24),6.651,no,the far wall faces the other way (it belongs to floor which isn't linked here),
wall of tile 050248 (room 0x25),wall of tile 050048 (room 0x25),42.095,no,the line between them touches another wall,wall of tile 050148 (room 0x25)
wall of tile 050248 (room 0x25),wall of tile 00EE49 (room 0x41),59.532,no,the far wall faces the other way (it belongs to floor which isn't linked here),
wall of tile 050248 (room 0x25),wall of tile 061E49 (room 0x41),42.096,no,the line between them touches another wall,wall of tile 05174A (room 0x25)
wall of tile 050248 (room 0x25),wall of tile 023848 (room 0x24),42.095,no,the line between them touches another wall,wall of tile 050148 (room 0x25)
wall of tile 050248 (room 0x25),wall of tile 01E44A (room 0x24),6.651,no,the far wall faces the other way (it belongs to floor which isn't linked here),
wall of tile 04F848 (room 0x25),wall of tile 04F648 (room 0x25),42.096,no,the line between them touches another wall,wall of tile 04F748 (room 0x25)
wall of tile 04F848 (room 0x25),wall of tile 022E48 (room 0x24),42.096,no,the line between them touches another wall,wall of tile 04F748 (room 0x25)
wall of tile 04F848 (room 0x25),wall of tile 023248 (room 0x24),42.095,no,the line between them touches another wall,wall of tile 04F948 (room 0x25)
wall of tile 04F848 (room 0x25),wall of tile 01DD49 (room 0x24),13.301,no,the far wall faces the other way (it belongs to floor which isn't linked here),
wall of tile 050148 (room 0x25),wall of tile 04FF48 (room 0x25),42.096,no,the line between them touches another wall,wall of tile 050048 (room 0x25)
wall of tile 050148 (room 0x25),wall of tile 023748 (room 0x24),42.096,no,the line between them touches another wall,wall of tile 050048 (room 0x25)
wall of tile 050148 (room 0x25),wall of tile 023B48 (room 0x24),42.095,no,the line between them touches another wall,wall of tile 050248 (room 0x25)
wall of tile 050148 (room 0x25),wall of tile 01E44A (room 0x24),13.301,no,the far wall faces the other way (it belongs to floor which isn't linked here),
wall of tile 04F748 (room 0x25),wall of tile 04F548 (room 0x25),44.100,no,the line between them touches another wall,wall of tile 04F648 (room 0x25)
wall of tile 04F748 (room 0x25),wall of tile 022D48 (room 0x24),44.100,no,the line between them touches another wall,wall of tile 04F648 (room 0x25)
wall of tile 04F748 (room 0x25),wall of tile 023148 (room 0x24),42.095,no,the line between them touches another wall,wall of tile 04F848 (room 0x25)
wall of tile 04F748 (room 0x25),wall of tile 01DD49 (room 0x24),19.952,no,the far wall faces the other way (it belongs to floor which isn't linked here),
wall of tile 04F748 (room 0x25),wall of tile 01D84A (room 0x24),45.358,no,the far wall faces the other way (it belongs to floor which isn't linked here),
wall of tile 050048 (room 0x25),wall of tile 04FE48 (room 0x25),44.100,no,the line between them touches another wall,wall of tile 04FF48 (room 0x25)
wall of tile 050048 (room 0x25),wall of tile 023648 (room 0x24),44.100,no,the line between them touches another wall,wall of tile 04FF48 (room 0x25)
wall of tile 050048 (room 0x25),wall of tile 023A48 (room 0x24),42.095,no,the line between them touches another wall,wall of tile 050148 (room 0x25)
wall of tile 050048 (room 0x25),wall of tile 01D84A (room 0x24),45.358,no,the far wall faces the other way (it belongs to floor which isn't linked here),
wall of tile 050048 (room 0x25),wall of tile 01E44A (room 0x24),19.952,no,the far wall faces the other way (it belongs to floor which isn't linked here),
wall of tile 04F648 (room 0x25),wall of tile 04F348 (room 0x25),42.095,no,the line between them touches another wall,wall of tile 04F548 (room 0x25)
wall of tile 04F648 (room 0x25),wall of tile 022B48 (room 0x24),42.095,no,the line between them touches another wall,wall of tile 04F548 (room 0x25)
wall of tile 04F648 (room 0x25),wall of tile 023048 (room 0x24),42.096,no,the line between them touches another wall,wall of tile 04F748 (room 0x25)
wall of tile 04F648 (room 0x25),wall of tile 01DD49 (room 0x24),26.603,no,the far wall faces the other way (it belongs to floor which isn't linked here),
wall of tile 04F648 (room 0x25),wall of tile 01D84A (room 0x24),32.073,no,the far wall faces the other way (it belongs to floor which isn't linked here),
wall of tile 04FF48 (room 0x25),wall of tile 04FC48 (room 0x25),42.095,no,the line between them touches another wall,wall of tile 04FE48 (room 0x25)
wall of tile 04FF48 (room 0x25),wall of tile 023448 (room 0x24),42.095,no,the line between them touches another wall,wall of tile 04FE48 (room 0x25)
wall of tile 04FF48 (room 0x25),wall of tile 023948 (room 0x24),42.096,no,the line between them touches another wall,wall of tile 050048 (room 0x25)
wall of tile 04FF48 (room 0x25),wall of tile 01D84A (room 0x24),32.073,no,the far wall faces the other way (it belongs to floor which isn't linked here),
wall of tile 04FF48 (room 0x25),wall of tile 01E44A (room 0x24),26.603,no,the far wall faces the other way (it belongs to floor which isn't linked here),
wall of tile 04F548 (room 0x25),wall of tile 04F248 (room 0x25),42.096,no,the line between them touches another wall,wall of tile 04F348 (room 0x25)
wall of tile 04F548 (room 0x25),wall of tile 022A48 (room 0x24),42.096,no,the line between them touches another wall,wall of tile 04F348 (room 0x25)
wall of tile 04F548 (room 0x25),wall of tile 022F48 (room 0x24),44.100,no,the line between them touches another wall,wall of tile 04F648 (room 0x25)
wall of tile 04F548 (room 0x25),wall of tile 01DD49 (room 0x24),34.254,no,the far wall faces the other way (it belongs to floor which isn't linked here),
wall of tile 04F548 (room 0x25),wall of tile 01D84A (room 0x24),34.254,no,the far wall faces the other way (it belongs to floor which isn't linked here),
wall of tile 04FE48 (room 0x25),wall of tile 04FB48 (room 0x25),42.096,no,the line between them touches another wall,wall of tile 04FC48 (room 0x25)
wall of tile 04FE48 (room 0x25),wall of tile 023348 (room 0x24),42.096,no,the line between them touches another wall,wall of tile 04FC48 (room 0x25)
wall of tile 04FE48 (room 0x25),wall of tile 023848 (room 0x24),44.100,no,the line between them touches another wall,wall of tile 04FF48 (room 0x25)
wall of tile 04FE48 (room 0x25),wall of tile 01D84A (room 0x24),34.254,no,the far wall faces the other way (it belongs to floor which isn't linked here),
wall of tile 04FE48 (room 0x25),wall of tile 01E44A (room 0x24),34.254,no,the far wall faces the other way (it belongs to floor which isn't linked here),
wall of tile 04F348 (room 0x25),wall of tile 04F448 (room 0x25),42.095,no,the line between them touches another wall,wall of tile 04F248 (room 0x25)
wall of tile 04F348 (room 0x25),wall of tile 022C48 (room 0x24),42.095,no,the line between them touches another wall,wall of tile 04F248 (room 0x25)
wall of tile 04F348 (room 0x25),wall of tile 022E48 (room 0x24),42.095,no,the line between them touches another wall,wall of tile 04F548 (room 0x25)
wall of tile 04FC48 (room 0x25),wall of tile 04FD48 (room 0x25),42.095,no,the line between them touches another wall,wall of tile 04FB48 (room 0x25)
wall of tile 04FC48 (room 0x25),wall of tile 023548 (room 0x24),42.095,no,the line between them touches another wall,wall of tile 04FB48 (room 0x25)
wall of tile 04FC48 (room 0x25),wall of tile 023748 (room 0x24),42.095,no,the line between them touches another wall,wall of tile 04FE48 (room 0x25)
wall of tile 04F248 (room 0x25),wall of tile 022D48 (room 0x24),42.096,no,the line between them touches another wall,wall of tile 04F348 (room 0x25)
wall of tile 04FB48 (room 0x25),wall of tile 023648 (room 0x24),42.096,no,the line between them touches another wall,wall of tile 04FC48 (room 0x25)
wall of tile 04F448 (room 0x25),wall of tile 022B48 (room 0x24),42.095,no,the line between them touches another wall,wall of tile 04F248 (room 0x25)
wall of tile 04FD48 (room 0x25),wall of tile 023448 (room 0x24),42.095,no,the line between them touches another wall,wall of tile 04FB48 (room 0x25)
wall of tile 00F048 (room 0x41),wall of tile 01E148 (room 0x24),42.096,no,the far wall faces the other way (it belongs to floor which isn't linked here),
wall of tile 00F048 (room 0x41),wall of tile 00E749 (room 0x41),44.100,no,the line between them touches another wall,wall of tile 00F048 (room 0x41)
wall of tile 00E749 (room 0x41),wall of tile 00DD4A (room 0x3f),44.100,no,the line between them touches another wall,wall of tile 00DE4A (room 0x3f)
wall of tile 00E749 (room 0x41),wall of tile 01E249 (room 0x24),42.096,no,the far wall faces the other way (it belongs to floor which isn't linked here),
wall of tile 00E749 (room 0x41),wall of tile 01E148 (room 0x24),42.096,no,the far wall faces the other way (it belongs to floor which isn't linked here),
wall of tile 00E64A (room 0x41),wall of tile 00E448 (room 0x42),43.179,no,the line between them touches another wall,wall of tile 00E54A (room 0x41)
wall of tile 00E64A (room 0x41),wall of tile 00E848 (room 0x3f),45.799,no,the line between them touches another wall,wall of tile 00E74A (room 0x41)
wall of tile 00E64A (room 0x41),wall of tile 01E249 (room 0x24),42.095,no,"the line between them leaves the walkable area (a wall's thickness, or another floor)",
wall of tile 00E549 (room 0x41),wall of tile 00EE49 (room 0x41),42.095,no,the line between them touches another wall,wall of tile 061E49 (room 0x41)
wall of tile 00E549 (room 0x41),wall of tile 01D84A (room 0x24),32.073,no,"the line between them leaves the walkable area (a wall's thickness, or another floor)",
wall of tile 00E54A (room 0x41),wall of tile 00E048 (room 0x3f),45.047,no,the line between them touches another wall,wall of tile 00E448 (room 0x42)
wall of tile 00E54A (room 0x41),wall of tile 00E74A (room 0x41),43.179,no,the line between them touches another wall,wall of tile 00E64A (room 0x41)
wall of tile 00E54A (room 0x41),wall of tile 01E249 (room 0x24),42.095,no,"the line between them leaves the walkable area (a wall's thickness, or another floor)",
wall of tile 00E54A (room 0x41),wall of tile 01E549 (room 0x24),42.852,no,"the line between them leaves the walkable area (a wall's thickness, or another floor)",
wall of tile 00E448 (room 0x42),wall of tile 00E149 (room 0x3f),43.179,no,the line between them touches another wall,wall of tile 00E048 (room 0x3f)
wall of tile 00E448 (room 0x42),wall of tile 01E249 (room 0x24),7.493,no,"the line between them leaves the walkable area (a wall's thickness, or another floor)",
wall of tile 00E448 (room 0x42),wall of tile 01E748 (room 0x24),54.123,no,the far wall faces the other way (it belongs to floor which isn't linked here),
wall of tile 00E349 (room 0x42),wall of tile 00ED4A (room 0x43),22.050,no,"the line between them leaves the walkable area (a wall's thickness, or another floor)",
wall of tile 00E349 (room 0x42),wall of tile 01E949 (room 0x24),22.050,no,"the line between them leaves the walkable area (a wall's thickness, or another floor)",
wall of tile 00D84A (room 0x42),wall of tile 00B649 (room 0x3d),52.118,no,"the line between them leaves the walkable area (a wall's thickness, or another floor)",
wall of tile 00D84A (room 0x42),wall of tile 00B548 (room 0x3d),20.045,no,"the line between them leaves the walkable area (a wall's thickness, or another floor)",
wall of tile 00D84A (room 0x42),wall of tile 00B548 (room 0x3d),20.045,no,"the line between them leaves the walkable area (a wall's thickness, or another floor)",
wall of tile 00D84A (room 0x42),wall of tile 077418 (room 0x10),43.272,no,the far wall faces the other way (it belongs to floor which isn't linked here),
wall of tile 00D84A (room 0x42),wall of tile 077519 (room 0x10),32.073,no,the far wall faces the other way (it belongs to floor which isn't linked here),
wall of tile 00D84A (room 0x42),wall of tile 018E48 (room 0x3a),20.045,no,"the line between them leaves the walkable area (a wall's thickness, or another floor)",
wall of tile 00D84A (room 0x42),wall of tile 018E48 (room 0x3a),20.045,no,"the line between them leaves the walkable area (a wall's thickness, or another floor)",
wall of tile 00D84A (room 0x42),wall of tile 018F4A (room 0x3a),52.118,no,"the line between them leaves the walkable area (a wall's thickness, or another floor)",
wall of tile 00D84A (room 0x42),door 0x1d8c0c (preset 0x0090),16.036,no,the far wall faces the other way (it belongs to floor which isn't linked here),
wall of tile 00B74A (room 0x42),wall of tile 00B649 (room 0x3d),38.921,no,"another wall pokes into the space between them, so a tighter pair covers this gap",wall of tile 00B548 (room 0x3d)
wall of tile 00B74A (room 0x42),wall of tile 00B548 (room 0x3d),22.050,no,the line between them touches another wall,wall of tile 00B548 (room 0x3d)
wall of tile 00B74A (room 0x42),wall of tile 018E48 (room 0x3a),22.050,no,the line between them touches another wall,wall of tile 00B548 (room 0x3d)
wall of tile 00B74A (room 0x42),wall of tile 018F4A (room 0x3a),45.358,no,"the line between them leaves the walkable area (a wall's thickness, or another floor)",
wall of tile 00B749 (room 0x42),generic 0x1d3b98 (preset 0x271d),43.898,no,the far wall faces the other way (it belongs to floor which isn't linked here),
wall of tile 00B749 (room 0x42),generic 0x1d3b98 (preset 0x271d),3.454,no,the far wall faces the other way (it belongs to floor which isn't linked here),
wall of tile 00B749 (room 0x42),glass 0x1d832c (preset 0x27cd),0.000058,no,"another wall pokes into the space between them, so a tighter pair covers this gap",glass 0x1d832c (preset 0x27cd)
wall of tile 00B749 (room 0x42),glass 0x1d832c (preset 0x27cd),0.00024,no,the line between them touches another wall,glass 0x1d832c (preset 0x27cd)
wall of tile 00B749 (room 0x42),glass 0x1d8610 (preset 0x27d2),0.00012,no,the line between them touches another wall,glass 0x1d8610 (preset 0x27d2)
wall of tile 00B749 (room 0x42),glass 0x1d8610 (preset 0x27d2),0.00019,no,"the line between them leaves the walkable area (a wall's thickness, or another floor)",
wall of tile 00B749 (room 0x42),glass 0x1d86a4 (preset 0x27d3),0.75,no,the line between them touches another wall,glass 0x1d86a4 (preset 0x27d3)
wall of tile 00B749 (room 0x42),glass 0x1d86a4 (preset 0x27d3),4.420,no,the line between them touches another wall,glass 0x1d86a4 (preset 0x27d3)
wall of tile 00B749 (room 0x42),glass 0x1d86a4 (preset 0x27d3),0.78,no,"another wall pokes into the space between them, so a tighter pair covers this gap",glass 0x1d86a4 (preset 0x27d3)
wall of tile 00BE49 (room 0x3d),wall of tile 00AE4A (room 0x3d),46.625,no,the line between them touches another wall,wall of tile 00BD4A (room 0x3d)
wall of tile 00BE49 (room 0x3d),wall of tile 00C24A (room 0x3d),34.254,no,the line between them touches another wall,wall of tile 00C348 (room 0x3d)
wall of tile 00BC49 (room 0x3d),wall of tile 00BD4A (room 0x3d),44.100,yes,,
wall of tile 00BC49 (room 0x3d),wall of tile 00AE49 (room 0x3d),36.962,no,the line between them touches another wall,wall of tile 00BD49 (room 0x3d)
wall of tile 00BC49 (room 0x3d),wall of tile 00AE4A (room 0x3d),44.100,yes,,
wall of tile 00BC49 (room 0x3d),wall of tile 00BA49 (room 0x3d),34.254,no,the line between them touches another wall,wall of tile 00BB49 (room 0x3d)
wall of tile 00BB49 (room 0x3d),wall of tile 00BD49 (room 0x3d),46.625,no,the line between them touches another wall,wall of tile 00BC49 (room 0x3d)
wall of tile 00BB49 (room 0x3d),wall of tile 00B948 (room 0x3d),43.780,no,the line between them touches another wall,wall of tile 00BA49 (room 0x3d)
wall of tile 00BD4A (room 0x3d),wall of tile 00BD49 (room 0x3d),44.100,yes,,
wall of tile 00BD4A (room 0x3d),wall of tile 00AF48 (room 0x3d),46.625,no,the line between them touches another wall,wall of tile 00AE4A (room 0x3d)
wall of tile 00BD4A (room 0x3d),wall of tile 00C348 (room 0x3d),45.711,no,the line between them touches another wall,wall of tile 00BE49 (room 0x3d)
wall of tile 00BD49 (room 0x3d),wall of tile 00AE49 (room 0x3d),44.275,no,"another wall pokes into the space between them, so a tighter pair covers this gap",wall of tile 00AE49 (room 0x3d)
wall of tile 00BD49 (room 0x3d),wall of tile 00AE4A (room 0x3d),44.100,yes,,
wall of tile 00BD49 (room 0x3d),wall of tile 065448 (room 0x3d),52.118,no,the line between them touches another wall,wall of tile 00AE49 (room 0x3d)
wall of tile 00BD49 (room 0x3d),wall of tile 065448 (room 0x3d),52.118,no,the line between them touches another wall,wall of tile 00AE49 (room 0x3d)
wall of tile 00AE49 (room 0x3d),wall of tile 00AC48 (room 0x3d),22.855,no,"the line between them leaves the walkable area (a wall's thickness, or another floor)",
wall of tile 00AE49 (room 0x3d),wall of tile 00AC48 (room 0x3d),22.855,no,"the line between them leaves the walkable area (a wall's thickness, or another floor)",
wall of tile 00AE49 (room 0x3d),wall of tile 018C48 (room 0x3a),2.330,no,"the line between them leaves the walkable area (a wall's thickness, or another floor)",
wall of tile 00AE49 (room 0x3d),wall of tile 018D48 (room 0x3a),57.091,no,"the line between them leaves the walkable area (a wall's thickness, or another floor)",
wall of tile 00AE49 (room 0x3d),wall of tile 019449 (room 0x3a),2.330,no,"the line between them leaves the walkable area (a wall's thickness, or another floor)",
wall of tile 00AE49 (room 0x3d),wall of tile 01F812 (room 0x0d),44.741,no,"the line between them leaves the walkable area (a wall's thickness, or another floor)",
wall of tile 00AE49 (room 0x3d),door 0x1d88dc (preset 0x008f),32.073,no,"the line between them leaves the walkable area (a wall's thickness, or another floor)",
wall of tile 00AE49 (room 0x3d),door 0x1d88dc (preset 0x008f),31.691,no,"the line between them leaves the walkable area (a wall's thickness, or another floor)",
wall of tile 00AE49 (room 0x3d),door 0x1d88dc (preset 0x008f),16.036,no,"the line between them leaves the walkable area (a wall's thickness, or another floor)",
wall of tile 00AE4A (room 0x3d),wall of tile 05FC48 (room 0x3d),45.225,no,the line between them touches another wall,wall of tile 00AF48 (room 0x3d)
wall of tile 00AF48 (room 0x3d),wall of tile 00BF49 (room 0x3d),33.602,no,the line between them touches another wall,wall of tile 05FC48 (room 0x3d)
wall of tile 05FC48 (room 0x3d),wall of tile 00C24A (room 0x3d),45.798,no,the line between them touches another wall,wall of tile 00BF49 (room 0x3d)
wall of tile 00BF49 (room 0x3d),wall of tile 00B048 (room 0x3d),34.077,yes,,
wall of tile 00BF49 (room 0x3d),wall of tile 00BF4A (room 0x3d),34.077,yes,,
wall of tile 00BF49 (room 0x3d),wall of tile 00C348 (room 0x3d),45.799,no,the line between them touches another wall,wall of tile 00C24A (room 0x3d)
wall of tile 00B048 (room 0x3d),wall of tile 065548 (room 0x3d),17.691,no,"another wall pokes into the space between them, so a tighter pair covers this gap",wall of tile 065548 (room 0x3d)
wall of tile 00B048 (room 0x3d),wall of tile 00C24A (room 0x3d),34.077,yes,,
wall of tile 00B048 (room 0x3d),wall of tile 00C148 (room 0x3d),47.521,no,the line between them touches another wall,wall of tile 00BF4A (room 0x3d)
wall of tile 00B048 (room 0x3d),wall of tile 066C48 (room 0x3d),20.928,no,the line between them touches another wall,wall of tile 065548 (room 0x3d)
wall of tile 00B048 (room 0x3d),wall of tile 066C48 (room 0x3d),20.928,no,the line between them touches another wall,wall of tile 065548 (room 0x3d)
wall of tile 065548 (room 0x3d),wall of tile 018C48 (room 0x3a),37.822,no,"the line between them leaves the walkable area (a wall's thickness, or another floor)",
wall of tile 065548 (room 0x3d),wall of tile 018C48 (room 0x3a),48.010,no,"the line between them leaves the walkable area (a wall's thickness, or another floor)",
wall of tile 065548 (room 0x3d),wall of tile 01944A (room 0x3a),48.010,no,"the line between them leaves the walkable area (a wall's thickness, or another floor)",
wall of tile 065548 (room 0x3d),wall of tile 019449 (room 0x3a),32.073,no,"the line between them leaves the walkable area (a wall's thickness, or another floor)",
wall of tile 065548 (room 0x3d),wall of tile 01F812 (room 0x0d),45.358,no,"the line between them leaves the walkable area (a wall's thickness, or another floor)",
wall of tile 065548 (room 0x3d),door 0x1d88dc (preset 0x008f),32.073,no,"the line between them leaves the walkable area (a wall's thickness, or another floor)",
wall of tile 065548 (room 0x3d),door 0x1d88dc (preset 0x008f),35.858,no,"the line between them leaves the walkable area (a wall's thickness, or another floor)",
wall of tile 065548 (room 0x3d),door 0x1d88dc (preset 0x008f),16.036,no,"the line between them leaves the walkable area (a wall's thickness, or another floor)",
wall of tile 065548 (room 0x3d),wall of tile 00BF4A (room 0x3d),47.521,no,the line between them touches another wall,wall of tile 00B048 (room 0x3d)
wall of tile 00BF4A (room 0x3d),wall of tile 00C24A (room 0x3d),34.077,yes,,
wall of tile 00BF4A (room 0x3d),wall of tile 00C048 (room 0x3d),43.780,no,the line between them touches another wall,wall of tile 00C148 (room 0x3d)
wall of tile 00C148 (room 0x3d),wall of tile 00B849 (room 0x3d),34.254,no,the line between them touches another wall,wall of tile 00C048 (room 0x3d)
wall of tile 00C048 (room 0x3d),wall of tile 00B248 (room 0x3d),46.625,no,the line between them touches another wall,wall of tile 00B849 (room 0x3d)
wall of tile 00B849 (room 0x3d),wall of tile 066C48 (room 0x3d),26.894,no,the line between them touches another wall,wall of tile 00B248 (room 0x3d)
wall of tile 00B849 (room 0x3d),wall of tile 066C48 (room 0x3d),49.370,no,"another wall pokes into the space between them, so a tighter pair covers this gap",wall of tile 066C48 (room 0x3d)
wall of tile 00B248 (room 0x3d),wall of tile 066C48 (room 0x3d),25.113,no,"another wall pokes into the space between them, so a tighter pair covers this gap",wall of tile 066C48 (room 0x3d)
wall of tile 00A448 (room 0x3d),wall of tile 00A24A (room 0x3d),54.123,no,the line between them touches another wall,wall of tile 00A249 (room 0x3d)
wall of tile 00A448 (room 0x3d),wall of tile 018748 (room 0x3a),57.716,no,the far wall faces the other way (it belongs to floor which isn't linked here),
wall of tile 00A249 (room 0x3d),wall of tile 018948 (room 0x3a),32.073,no,the line between them touches another wall,wall of tile 00A448 (room 0x3d)
wall of tile 00A249 (room 0x3d),wall of tile 018748 (room 0x3a),7.265,no,the far wall faces the other way (it belongs to floor which isn't linked here),
wall of tile 00A249 (room 0x3d),wall of tile 018748 (room 0x3a),20.045,no,the line between them touches another wall,wall of tile 00A24A (room 0x3d)
wall of tile 05F448 (room 0x3d),wall of tile 02154A (room 0x3b),22.050,no,"the line between them leaves the walkable area (a wall's thickness, or another floor)",
wall of tile 05F448 (room 0x3d),glass 0x1d7cb0 (preset 0x27c7),0.56,no,the far wall faces the other way (it belongs to floor which isn't linked here),
wall of tile 05F448 (room 0x3d),glass 0x1d832c (preset 0x27cd),0.000061,no,the line between them touches another wall,glass 0x1d832c (preset 0x27cd)
wall of tile 05F448 (room 0x3d),glass 0x1d832c (preset 0x27cd),0.000000000054,no,"the line between them leaves the walkable area (a wall's thickness, or another floor)",
wall of tile 05F448 (room 0x3d),glass 0x1d86a4 (preset 0x27d3),1.954,no,the line between them touches another wall,glass 0x1d86a4 (preset 0x27d3)
wall of tile 05F448 (room 0x3d),glass 0x1d86a4 (preset 0x27d3),0.78,no,"another wall pokes into the space between them, so a tighter pair covers this gap",wall of tile 00B749 (room 0x42)
wall of tile 05F448 (room 0x3d),glass 0x1d86a4 (preset 0x27d3),0.78,no,"another wall pokes into the space between them, so a tighter pair covers this gap",wall of tile 00B749 (room 0x42)
wall of tile 009F49 (room 0x37),wall of tile 02154A (room 0x3b),22.050,no,"the line between them leaves the walkable area (a wall's thickness, or another floor)",
wall of tile 009F49 (room 0x37),glass 0x1d7cb0 (preset 0x27c7),1.065,no,the far wall faces the other way (it belongs to floor which isn't linked here),
wall of tile 009F49 (room 0x37),glass 0x1d7cb0 (preset 0x27c7),1.065,no,the far wall faces the other way (it belongs to floor which isn't linked here),
wall of tile 009F49 (room 0x37),glass 0x1d7cb0 (preset 0x27c7),1.062,no,the far wall faces the other way (it belongs to floor which isn't linked here),
wall of tile 009F49 (room 0x37),glass 0x1d7e7c (preset 0x27c6),0.00012,no,the far wall faces the other way (it belongs to floor which isn't linked here),
wall of tile 009F49 (room 0x37),glass 0x1d7e7c (preset 0x27c6),0.00012,no,the far wall faces the other way (it belongs to floor which isn't linked here),
wall of tile 009F49 (room 0x37),glass 0x1d7e7c (preset 0x27c6),0.00037,no,the far wall faces the other way (it belongs to floor which isn't linked here),
wall of tile 009F49 (room 0x37),glass 0x1d832c (preset 0x27cd),0.00024,no,"the line between them leaves the walkable area (a wall's thickness, or another floor)",
wall of tile 009F49 (room 0x37),glass 0x1d832c (preset 0x27cd),0.000030,no,"the line between them leaves the walkable area (a wall's thickness, or another floor)",
wall of tile 009F49 (room 0x37),glass 0x1d832c (preset 0x27cd),0.000031,no,the line between them touches another wall,wall of tile 05F448 (room 0x3d)
wall of tile 009F49 (room 0x37),glass 0x1d83c0 (preset 0x27ce),0.00012,no,"another wall pokes into the space between them, so a tighter pair covers this gap",glass 0x1d83c0 (preset 0x27ce)
wall of tile 009F49 (room 0x37),glass 0x1d83c0 (preset 0x27ce),0.00012,no,"another wall pokes into the space between them, so a tighter pair covers this gap",wall of tile 009E48 (room 0x37)
wall of tile 009F49 (room 0x37),glass 0x1d83c0 (preset 0x27ce),0.00037,no,the line between them touches another wall,glass 0x1d83c0 (preset 0x27ce)
wall of tile 009F4A (room 0x37),wall of tile 018748 (room 0x3a),44.100,no,the line between them touches another wall,wall of tile 00A24A (room 0x3d)
wall of tile 009E48 (room 0x37),wall of tile 02154A (room 0x3b),22.050,no,"the line between them leaves the walkable area (a wall's thickness, or another floor)",
wall of tile 009E48 (room 0x37),wall of tile 05CE4A (room 0x31),54.123,no,"the line between them leaves the walkable area (a wall's thickness, or another floor)",
wall of tile 009E48 (room 0x37),wall of tile 05CE49 (room 0x31),54.123,no,"the line between them leaves the walkable area (a wall's thickness, or another floor)",
wall of tile 009E48 (room 0x37),glass 0x1d7e7c (preset 0x27c6),0.00016,no,the far wall faces the other way (it belongs to floor which isn't linked here),
wall of tile 009E48 (room 0x37),glass 0x1d7e7c (preset 0x27c6),0.00012,no,"the line between them leaves the walkable area (a wall's thickness, or another floor)",
wall of tile 009E48 (room 0x37),glass 0x1d83c0 (preset 0x27ce),0.00016,no,"another wall pokes into the space between them, so a tighter pair covers this gap",wall of tile 009F49 (room 0x37)
wall of tile 009E48 (room 0x37),glass 0x1d83c0 (preset 0x27ce),0.00012,no,"the line between them leaves the walkable area (a wall's thickness, or another floor)",
wall of tile 00A148 (room 0x37),wall of tile 019B48 (room 0x34),42.096,no,"the line between them leaves the walkable area (a wall's thickness, or another floor)",
wall of tile 00A148 (room 0x37),wall of tile 019A48 (room 0x34),24.870,no,"the line between them leaves the walkable area (a wall's thickness, or another floor)",
wall of tile 009D4A (room 0x37),wall of tile 009C4A (room 0x37),57.716,no,the line between them touches another wall,wall of tile 009C4A (room 0x37)
wall of tile 009D4A (room 0x37),wall of tile 019B48 (room 0x34),59.876,no,"the line between them leaves the walkable area (a wall's thickness, or another floor)",
wall of tile 009D4A (room 0x37),wall of tile 017D48 (room 0x34),54.123,no,"the line between them leaves the walkable area (a wall's thickness, or another floor)",
wall of tile 009D4A (room 0x37),wall of tile 01664A (room 0x23),54.123,no,"the line between them leaves the walkable area (a wall's thickness, or another floor)",
wall of tile 00A949 (room 0x36),wall of tile 009C4A (room 0x37),22.050,no,the line between them touches another wall,wall of tile 009C4A (room 0x37)
wall of tile 00A94A (room 0x36),wall of tile 05CE49 (room 0x31),54.271,no,"the line between them leaves the walkable area (a wall's thickness, or another floor)",
wall of tile 00A94A (room 0x36),glass 0x1d7de8 (preset 0x27c5),0.00024,no,the far wall faces the other way (it belongs to floor which isn't linked here),
wall of tile 00A94A (room 0x36),glass 0x1d7de8 (preset 0x27c5),0.00024,no,the far wall faces the other way (it belongs to floor which isn't linked here),
wall of tile 00A94A (room 0x36),glass 0x1d7de8 (preset 0x27c5),0.00049,no,the far wall faces the other way (it belongs to floor which isn't linked here),
wall of tile 00A94A (room 0x36),glass 0x1d7e7c (preset 0x27c6),0.00037,no,"the line between them leaves the walkable area (a wall's thickness, or another floor)",
wall of tile 00A94A (room 0x36),glass 0x1d7e7c (preset 0x27c6),0.00013,no,"the line between them leaves the walkable area (a wall's thickness, or another floor)",
wall of tile 00A94A (room 0x36),glass 0x1d7e7c (preset 0x27c6),0.00013,no,"the line between them leaves the walkable area (a wall's thickness, or another floor)",
wall of tile 00A94A (room 0x36),glass 0x1d80dc (preset 0x27c0),0.000061,no,the line between them touches another wall,wall of tile 00A848 (room 0x36)
wall of tile 00A94A (room 0x36),glass 0x1d80dc (preset 0x27c0),0.000061,no,the line between them touches another wall,wall of tile 00A848 (room 0x36)
wall of tile 00A94A (room 0x36),glass 0x1d80dc (preset 0x27c0),0.00027,no,"the line between them leaves the walkable area (a wall's thickness, or another floor)",
wall of tile 00A94A (room 0x36),glass 0x1d8298 (preset 0x27cc),0.00014,no,"the line between them leaves the walkable area (a wall's thickness, or another floor)",
wall of tile 00A94A (room 0x36),glass 0x1d8298 (preset 0x27cc),0.00014,no,"the line between them leaves the walkable area (a wall's thickness, or another floor)",
wall of tile 00A94A (room 0x36),glass 0x1d8298 (preset 0x27cc),0.00039,no,"the line between them leaves the walkable area (a wall's thickness, or another floor)",
wall of tile 00A94A (room 0x36),glass 0x1d83c0 (preset 0x27ce),0.00037,no,"the line between them leaves the walkable area (a wall's thickness, or another floor)",
wall of tile 00A94A (room 0x36),glass 0x1d83c0 (preset 0x27ce),0.00013,no,"the line between them leaves the walkable area (a wall's thickness, or another floor)",
wall of tile 00A94A (room 0x36),glass 0x1d83c0 (preset 0x27ce),0.00013,no,"the line between them leaves the walkable area (a wall's thickness, or another floor)",
wall of tile 00A848 (room 0x36),generic 0x1d41c8 (preset 0x2717),30.606,no,the far wall faces the other way (it belongs to floor which isn't linked here),
wall of tile 00A848 (room 0x36),generic 0x1d41c8 (preset 0x2717),30.606,no,the far wall faces the other way (it belongs to floor which isn't linked here),
wall of tile 00A848 (room 0x36),glass 0x1d7de8 (preset 0x27c5),0.00025,no,the far wall faces the other way (it belongs to floor which isn't linked here),
wall of tile 00A848 (room 0x36),glass 0x1d7de8 (preset 0x27c5),0.0000088,no,the far wall faces the other way (it belongs to floor which isn't linked here),
wall of tile 00A848 (room 0x36),glass 0x1d7de8 (preset 0x27c5),0.00025,no,the far wall faces the other way (it belongs to floor which isn't linked here),
wall of tile 00A848 (room 0x36),glass 0x1d80dc (preset 0x27c0),0.0000088,no,"the line between them leaves the walkable area (a wall's thickness, or another floor)",
wall of tile 00A848 (room 0x36),glass 0x1d8298 (preset 0x27cc),0.00012,no,"the line between them leaves the walkable area (a wall's thickness, or another floor)",
wall of tile 00A848 (room 0x36),glass 0x1d8298 (preset 0x27cc),0.00013,no,"the line between them leaves the walkable area (a wall's thickness, or another floor)",
wall of tile 00AB49 (room 0x36),wall of tile 017F48 (room 0x32),7.378,no,the far wall faces the other way (it belongs to floor which isn't linked here),
wall of tile 00AB49 (room 0x36),wall of tile 018048 (room 0x32),24.221,no,the far wall faces the other way (it belongs to floor which isn't linked here),
wall of tile 00AB49 (room 0x36),wall of tile 017E48 (room 0x32),15.656,no,the far wall faces the other way (it belongs to floor which isn't linked here),
wall of tile 00AB49 (room 0x36),wall of tile 05D348 (room 0x35),56.518,no,"the line between them leaves the walkable area (a wall's thickness, or another floor)",
wall of tile 00AB49 (room 0x36),wall of tile 015748 (room 0x35),27.843,no,"the line between them leaves the walkable area (a wall's thickness, or another floor)",
wall of tile 00A54A (room 0x36),wall of tile 021A48 (room 0x31),42.095,no,"the line between them leaves the walkable area (a wall's thickness, or another floor)",
wall of tile 00A54A (room 0x36),generic 0x1d41c8 (preset 0x2717),55.332,no,the far wall faces the other way (it belongs to floor which isn't linked here),
wall of tile 00A54A (room 0x36),generic 0x1d41c8 (preset 0x2717),30.849,no,the far wall faces the other way (it belongs to floor which isn't linked here),
wall of tile 00A54A (room 0x36),generic 0x1d41c8 (preset 0x2717),32.133,no,the far wall faces the other way (it belongs to floor which isn't linked here),
wall of tile 00A54A (room 0x36),generic 0x1d41c8 (preset 0x2717),32.136,no,the far wall faces the other way (it belongs to floor which isn't linked here),
wall of tile 00A54A (room 0x36),glass 0x1d80dc (preset 0x27c0),0.00024,no,the far wall faces the other way (it belongs to floor which isn't linked here),
wall of tile 00A54A (room 0x36),glass 0x1d80dc (preset 0x27c0),0.00027,no,"the line between them leaves the walkable area (a wall's thickness, or another floor)",
wall of tile 00A54A (room 0x36),glass 0x1d8298 (preset 0x27cc),0.00011,no,the line between them touches another wall,glass 0x1d8298 (preset 0x27cc)
wall of tile 00A54A (room 0x36),glass 0x1d8298 (preset 0x27cc),0.00017,no,"the line between them leaves the walkable area (a wall's thickness, or another floor)",
wall of tile 00A549 (room 0x36),wall of tile 021A48 (room 0x31),42.095,no,"the line between them leaves the walkable area (a wall's thickness, or another floor)",
wall of tile 00A549 (room 0x36),generic 0x1d41c8 (preset 0x2717),43.381,no,the far wall faces the other way (it belongs to floor which isn't linked here),
wall of tile 00A549 (room 0x36),generic 0x1d41c8 (preset 0x2717),43.381,no,the far wall faces the other way (it belongs to floor which isn't linked here),
wall of tile 00A549 (room 0x36),generic 0x1d41c8 (preset 0x2717),43.381,no,the far wall faces the other way (it belongs to floor which isn't linked here),
wall of tile 00A549 (room 0x36),glass 0x1d7de8 (preset 0x27c5),0.00024,no,"the line between them leaves the walkable area (a wall's thickness, or another floor)",
wall of tile 00A648 (room 0x36),wall of tile 018248 (room 0x32),32.073,no,"the line between them leaves the walkable area (a wall's thickness, or another floor)",
wall of tile 00A648 (room 0x36),wall of tile 015B49 (room 0x35),32.073,no,"the line between them leaves the walkable area (a wall's thickness, or another floor)",
wall of tile 00A648 (room 0x36),generic 0x1d39e8 (preset 0x271a),0.38,no,"the line between them leaves the walkable area (a wall's thickness, or another floor)",
wall of tile 00A648 (room 0x36),generic 0x1d41c8 (preset 0x2717),44.108,no,the far wall faces the other way (it belongs to floor which isn't linked here),
wall of tile 00A648 (room 0x36),generic 0x1d41c8 (preset 0x2717),43.771,no,the far wall faces the other way (it belongs to floor which isn't linked here),
wall of tile 00A748 (room 0x36),wall of tile 017F48 (room 0x32),7.378,no,the far wall faces the other way (it belongs to floor which isn't linked here),
wall of tile 00A748 (room 0x36),wall of tile 05D348 (room 0x35),54.878,no,"the line between them leaves the walkable area (a wall's thickness, or another floor)",
wall of tile 00A748 (room 0x36),wall of tile 015A48 (room 0x35),31.185,no,the far wall faces the other way (it belongs to floor which isn't linked here),
wall of tile 00A748 (room 0x36),generic 0x1d39e8 (preset 0x271a),53.822,no,the far wall faces the other way (it belongs to floor which isn't linked here),
wall of tile 00A748 (room 0x36),generic 0x1d39e8 (preset 0x271a),53.822,no,the far wall faces the other way (it belongs to floor which isn't linked here),
wall of tile 00A748 (room 0x36),generic 0x1d39e8 (preset 0x271a),0.00085,no,the far wall faces the other way (it belongs to floor which isn't linked here),
wall of tile 00A748 (room 0x36),generic 0x1d39e8 (preset 0x271a),0.025,no,the far wall faces the other way (it belongs to floor which isn't linked here),
wall of tile 00A748 (room 0x36),generic 0x1d39e8 (preset 0x271a),0.000029,no,"the line between them leaves the walkable area (a wall's thickness, or another floor)",
wall of tile 00AA49 (room 0x36),wall of tile 06564A (room 0x23),50.114,no,"the line between them leaves the walkable area (a wall's thickness, or another floor)",
wall of tile 00AA49 (room 0x36),door 0x1d98ac (preset 0x009c),34.077,no,"the line between them leaves the walkable area (a wall's thickness, or another floor)",
wall of tile 00AA49 (room 0x36),door 0x1d98ac (preset 0x009c),34.077,no,"the line between them leaves the walkable area (a wall's thickness, or another floor)",
wall of tile 00AA49 (room 0x36),door 0x1d98ac (preset 0x009c),34.077,no,"the line between them leaves the walkable area (a wall's thickness, or another floor)",
wall of tile 00AA49 (room 0x36),wall of tile 017F48 (room 0x32),12.915,no,the far wall faces the other way (it belongs to floor which isn't linked here),
wall of tile 00AA49 (room 0x36),wall of tile 015C48 (room 0x35),41.909,no,the far wall faces the other way (it belongs to floor which isn't linked here),
wall of tile 00AA49 (room 0x36),door 0x1d98ac (preset 0x009c),38.565,no,"the line between them leaves the walkable area (a wall's thickness, or another floor)",
wall of tile 00AA49 (room 0x36),door 0x1d98ac (preset 0x009c),48.203,no,"the line between them leaves the walkable area (a wall's thickness, or another floor)",
wall of tile 00AA49 (room 0x36),door 0x1d98ac (preset 0x009c),38.565,no,"the line between them leaves the walkable area (a wall's thickness, or another floor)",
wall of tile 009C4A (room 0x37),wall of tile 017C49 (room 0x32),22.050,no,the line between them touches another wall,wall of tile 009C4A (room 0x37)
wall of tile 009C4A (room 0x37),wall of tile 015649 (room 0x35),22.050,no,the line between them touches another wall,wall of tile 009C4A (room 0x37)
wall of tile 066C48 (room 0x3d),wall of tile 018B4A (room 0x3a),33.336,no,"the line between them leaves the walkable area (a wall's thickness, or another floor)",
wall of tile 066C48 (room 0x3d),wall of tile 018948 (room 0x3a),14.233,no,"the line between them leaves the walkable area (a wall's thickness, or another floor)",
wall of tile 00BA49 (room 0x3d),wall of tile 00AC48 (room 0x3d),46.625,no,the line between them touches another wall,wall of tile 00B948 (room 0x3d)
wall of tile 00B948 (room 0x3d),wall of tile 065448 (room 0x3d),46.625,no,the line between them touches another wall,wall of tile 00AC48 (room 0x3d)
wall of tile 00B649 (room 0x3d),wall of tile 00B548 (room 0x3d),32.073,no,the line between them touches another wall,wall of tile 00B548 (room 0x3d)
wall of tile 00B649 (room 0x3d),wall of tile 019548 (room 0x3a),52.118,no,"the line between them leaves the walkable area (a wall's thickness, or another floor)",
wall of tile 00B649 (room 0x3d),wall of tile 019248 (room 0x3a),38.921,no,the far wall faces the other way (it belongs to floor which isn't linked here),
wall of tile 00B649 (room 0x3d),wall of tile 018E48 (room 0x3a),32.073,no,the line between them touches another wall,wall of tile 00B548 (room 0x3d)
wall of tile 00B649 (room 0x3d),wall of tile 018E48 (room 0x3a),9.566,no,"the line between them leaves the walkable area (a wall's thickness, or another floor)",
wall of tile 00B649 (room 0x3d),wall of tile 018F4A (room 0x3a),10.023,no,"the line between them leaves the walkable area (a wall's thickness, or another floor)",
wall of tile 00AC48 (room 0x3d),wall of tile 065448 (room 0x3d),18.821,no,"another wall pokes into the space between them, so a tighter pair covers this gap",wall of tile 065448 (room 0x3d)
wall of tile 00B548 (room 0x3d),wall of tile 019548 (room 0x3a),20.045,no,"the line between them leaves the walkable area (a wall's thickness, or another floor)",
wall of tile 00B548 (room 0x3d),wall of tile 018F4A (room 0x3a),33.602,no,"the line between them leaves the walkable area (a wall's thickness, or another floor)",
wall of tile 00B548 (room 0x3d),wall of tile 019548 (room 0x3a),20.045,no,"the line between them leaves the walkable area (a wall's thickness, or another floor)",
wall of tile 00B548 (room 0x3d),wall of tile 019248 (room 0x3a),22.050,no,the line between them touches another wall,wall of tile 00B548 (room 0x3d)
wall of tile 00B548 (room 0x3d),wall of tile 018F4A (room 0x3a),10.023,no,"the line between them leaves the walkable area (a wall's thickness, or another floor)",
wall of tile 00EA49 (room 0x43),glass 0x1d7810 (preset 0x27cb),52.118,no,the far wall faces the other way (it belongs to floor which isn't linked here),
wall of tile 00EA49 (room 0x43),glass 0x1d8610 (preset 0x27d2),0.00012,no,the line between them touches another wall,glass 0x1d8610 (preset 0x27d2)
wall of tile 00EA49 (room 0x43),glass 0x1d8610 (preset 0x27d2),0.000016,no,"the line between them leaves the walkable area (a wall's thickness, or another floor)",
wall of tile 00EA49 (room 0x43),glass 0x1d8610 (preset 0x27d2),0.00017,no,"the line between them leaves the walkable area (a wall's thickness, or another floor)",
wall of tile 00EA49 (room 0x43),glass 0x1d86a4 (preset 0x27d3),0.75,no,the line between them touches another wall,glass 0x1d86a4 (preset 0x27d3)
wall of tile 00EA49 (room 0x43),glass 0x1d86a4 (preset 0x27d3),0.88,no,"another wall pokes into the space between them, so a tighter pair covers this gap",glass 0x1d86a4 (preset 0x27d3)
wall of tile 00ED4A (room 0x43),wall of tile 01E64A (room 0x24),22.050,no,"the line between them leaves the walkable area (a wall's thickness, or another floor)",
wall of tile 00ED4A (room 0x43),glass 0x1d7810 (preset 0x27cb),52.119,no,the far wall faces the other way (it belongs to floor which isn't linked here),
wall of tile 00ED4A (room 0x43),glass 0x1d8610 (preset 0x27d2),0.00029,no,the line between them touches another wall,glass 0x1d8610 (preset 0x27d2)
wall of tile 00ED49 (room 0x43),wall of tile 00CF49 (room 0x44),22.050,no,"the line between them leaves the walkable area (a wall's thickness, or another floor)",
wall of tile 00ED49 (room 0x43),wall of tile 01DA4A (room 0x24),22.050,no,"the line between them leaves the walkable area (a wall's thickness, or another floor)",
wall of tile 00D649 (room 0x43),glass 0x1d7810 (preset 0x27cb),52.121,no,the far wall faces the other way (it belongs to floor which isn't linked here),
wall of tile 00D649 (room 0x43),glass 0x1d8610 (preset 0x27d2),0.00050,no,the line between them touches another wall,glass 0x1d8610 (preset 0x27d2)
wall of tile 00D649 (room 0x43),glass 0x1d8610 (preset 0x27d2),0.00067,no,the line between them touches another wall,glass 0x1d8610 (preset 0x27d2)
wall of tile 00D649 (room 0x43),glass 0x1d8610 (preset 0x27d2),0.00020,no,"another wall pokes into the space between them, so a tighter pair covers this gap",wall of tile 00ED4A (room 0x43)
wall of tile 00D649 (room 0x43),glass 0x1d8738 (preset 0x27d4),0.0011,no,"another wall pokes into the space between them, so a tighter pair covers this gap",glass 0x1d8738 (preset 0x27d4)
wall of tile 00D649 (room 0x43),glass 0x1d8738 (preset 0x27d4),0.76,no,the line between them touches another wall,glass 0x1d8738 (preset 0x27d4)
wall of tile 00D649 (room 0x43),glass 0x1d8738 (preset 0x27d4),0.00031,yes,,
wall of tile 00EE49 (room 0x41),wall of tile 00D14A (room 0x41),42.095,no,the line between them touches another wall,wall of tile 061D4A (room 0x41)
wall of tile 00EE49 (room 0x41),wall of tile 05164A (room 0x25),42.095,no,the line between them touches another wall,wall of tile 061D4A (room 0x41)
wall of tile 00EE49 (room 0x41),wall of tile 023A48 (room 0x24),59.532,no,"the line between them leaves the walkable area (a wall's thickness, or another floor)",
wall of tile 00EE49 (room 0x41),wall of tile 023148 (room 0x24),59.532,no,"the line between them leaves the walkable area (a wall's thickness, or another floor)",
wall of tile 00EE49 (room 0x41),wall of tile 023B48 (room 0x24),42.095,no,the line between them touches another wall,wall of tile 061E49 (room 0x41)
wall of tile 00EE49 (room 0x41),wall of tile 023248 (room 0x24),42.095,no,the line between them touches another wall,wall of tile 061D4A (room 0x41)
wall of tile 00EE49 (room 0x41),wall of tile 01DD49 (room 0x24),41.567,no,"the line between them leaves the walkable area (a wall's thickness, or another floor)",
wall of tile 00EE49 (room 0x41),wall of tile 01E44A (room 0x24),41.567,no,"the line between them leaves the walkable area (a wall's thickness, or another floor)",
wall of tile 061E49 (room 0x41),wall of tile 023A48 (room 0x24),42.096,no,the line between them touches another wall,wall of tile 00E549 (room 0x41)
wall of tile 061D4A (room 0x41),wall of tile 023148 (room 0x24),42.096,no,the line between them touches another wall,wall of tile 00D14A (room 0x41)
wall of tile 00D14A (room 0x41),wall of tile 01D84A (room 0x24),32.073,no,"the line between them leaves the walkable area (a wall's thickness, or another floor)",
wall of tile 00D048 (room 0x44),wall of tile 00CD4A (room 0x40),43.179,no,the line between them touches another wall,wall of tile 00CC48 (room 0x40)
wall of tile 00D048 (room 0x44),wall of tile 00D249 (room 0x41),43.179,no,the line between them touches another wall,wall of tile 00D149 (room 0x41)
wall of tile 00D048 (room 0x44),wall of tile 01DB48 (room 0x24),54.123,no,the far wall faces the other way (it belongs to floor which isn't linked here),
wall of tile 00D048 (room 0x44),wall of tile 01DF49 (room 0x24),7.493,no,"the line between them leaves the walkable area (a wall's thickness, or another floor)",
wall of tile 00CF49 (room 0x44),wall of tile 01E94A (room 0x24),22.050,no,"the line between them leaves the walkable area (a wall's thickness, or another floor)",
wall of tile 00C449 (room 0x44),wall of tile 008E49 (room 0x3e),52.118,no,"the line between them leaves the walkable area (a wall's thickness, or another floor)",
wall of tile 00C449 (room 0x44),wall of tile 008D48 (room 0x3e),20.045,no,"the line between them leaves the walkable area (a wall's thickness, or another floor)",
wall of tile 00C449 (room 0x44),wall of tile 008D48 (room 0x3e),20.045,no,"the line between them leaves the walkable area (a wall's thickness, or another floor)",
wall of tile 00C449 (room 0x44),wall of tile 032809 (room 0x0b),20.046,no,the far wall faces the other way (it belongs to floor which isn't linked here),
wall of tile 00C449 (room 0x44),wall of tile 01AF49 (room 0x21),52.118,no,"the line between them leaves the walkable area (a wall's thickness, or another floor)",
wall of tile 00C449 (room 0x44),wall of tile 01AE48 (room 0x21),20.045,no,"the line between them leaves the walkable area (a wall's thickness, or another floor)",
wall of tile 00C449 (room 0x44),wall of tile 01AE48 (room 0x21),20.045,no,"the line between them leaves the walkable area (a wall's thickness, or another floor)",
wall of tile 00C449 (room 0x44),wall of tile 014D49 (room 0x45),42.095,no,"the line between them leaves the walkable area (a wall's thickness, or another floor)",
wall of tile 00C449 (room 0x44),wall of tile 014C48 (room 0x45),20.045,no,"the line between them leaves the walkable area (a wall's thickness, or another floor)",
wall of tile 00C449 (room 0x44),wall of tile 014C48 (room 0x45),20.045,no,"the line between them leaves the walkable area (a wall's thickness, or another floor)",
wall of tile 00C449 (room 0x44),door 0x1d946c (preset 0x0092),10.050,no,the far wall faces the other way (it belongs to floor which isn't linked here),
wall of tile 00C449 (room 0x44),door 0x1d946c (preset 0x0092),10.049,no,the far wall faces the other way (it belongs to floor which isn't linked here),
wall of tile 00C449 (room 0x44),door 0x1d946c (preset 0x0092),0.00012,no,the far wall faces the other way (it belongs to floor which isn't linked here),
wall of tile 00C449 (room 0x44),door 0x1d946c (preset 0x0092),0.00012,no,the far wall faces the other way (it belongs to floor which isn't linked here),
wall of tile 008F49 (room 0x44),wall of tile 008E49 (room 0x3e),38.921,no,"another wall pokes into the space between them, so a tighter pair covers this gap",wall of tile 008D48 (room 0x3e)
wall of tile 008F49 (room 0x44),wall of tile 008D48 (room 0x3e),22.050,no,the line between them touches another wall,wall of tile 008D48 (room 0x3e)
wall of tile 008F49 (room 0x44),wall of tile 01AF49 (room 0x21),45.358,no,"the line between them leaves the walkable area (a wall's thickness, or another floor)",
wall of tile 008F49 (room 0x44),wall of tile 01AE48 (room 0x21),22.050,no,the line between them touches another wall,wall of tile 008D48 (room 0x3e)
wall of tile 008F49 (room 0x44),wall of tile 014D49 (room 0x45),31.183,no,the far wall faces the other way (it belongs to floor which isn't linked here),
wall of tile 008F49 (room 0x44),wall of tile 014C48 (room 0x45),22.050,no,the line between them touches another wall,wall of tile 008D48 (room 0x3e)
wall of tile 008F4A (room 0x44),generic 0x1d3a78 (preset 0x271e),3.911,no,the far wall faces the other way (it belongs to floor which isn't linked here),
wall of tile 008F4A (room 0x44),generic 0x1d3a78 (preset 0x271e),3.918,no,the far wall faces the other way (it belongs to floor which isn't linked here),
wall of tile 008F4A (room 0x44),glass 0x1d84e8 (preset 0x27d0),0.000061,no,the line between them touches another wall,wall of tile 007B49 (room 0x3e)
wall of tile 008F4A (room 0x44),glass 0x1d84e8 (preset 0x27d0),0.00014,no,"another wall pokes into the space between them, so a tighter pair covers this gap",wall of tile 007B49 (room 0x3e)
wall of tile 008F4A (room 0x44),glass 0x1d84e8 (preset 0x27d0),0.000094,no,"the line between them leaves the walkable area (a wall's thickness, or another floor)",
wall of tile 008F4A (room 0x44),glass 0x1d8610 (preset 0x27d2),0.00067,no,the line between them touches another wall,glass 0x1d8610 (preset 0x27d2)
wall of tile 008F4A (room 0x44),glass 0x1d8610 (preset 0x27d2),0.00067,no,the line between them touches another wall,glass 0x1d8610 (preset 0x27d2)
wall of tile 008F4A (room 0x44),glass 0x1d8610 (preset 0x27d2),0.00037,no,"another wall pokes into the space between them, so a tighter pair covers this gap",wall of tile 00D649 (room 0x43)
wall of tile 008F4A (room 0x44),glass 0x1d8738 (preset 0x27d4),0.0028,no,"another wall pokes into the space between them, so a tighter pair covers this gap",wall of tile 00D649 (room 0x43)
wall of tile 008F4A (room 0x44),glass 0x1d8738 (preset 0x27d4),0.76,no,the line between them touches another wall,glass 0x1d8738 (preset 0x27d4)
wall of tile 008F4A (room 0x44),glass 0x1d8738 (preset 0x27d4),4.421,no,"another wall pokes into the space between them, so a tighter pair covers this gap",wall of tile 007B49 (room 0x3e)
wall of tile 008F4A (room 0x44),glass 0x1d8738 (preset 0x27d4),0.00031,yes,,
wall of tile 00934A (room 0x3e),wall of tile 009148 (room 0x3e),43.780,no,the line between them touches another wall,wall of tile 00924A (room 0x3e)
wall of tile 00934A (room 0x3e),wall of tile 00954A (room 0x3e),47.521,no,the line between them touches another wall,wall of tile 00944A (room 0x3e)
wall of tile 00924A (room 0x3e),wall of tile 00844A (room 0x3e),46.625,no,the line between them touches another wall,wall of tile 009148 (room 0x3e)
wall of tile 00924A (room 0x3e),wall of tile 00944A (room 0x3e),34.254,no,the line between them touches another wall,wall of tile 00934A (room 0x3e)
wall of tile 009148 (room 0x3e),wall of tile 00854A (room 0x3e),46.625,no,the line between them touches another wall,wall of tile 00844A (room 0x3e)
wall of tile 008E49 (room 0x3e),wall of tile 008D48 (room 0x3e),32.073,no,the line between them touches another wall,wall of tile 008D48 (room 0x3e)
wall of tile 008E49 (room 0x3e),wall of tile 01B548 (room 0x21),52.118,no,"the line between them leaves the walkable area (a wall's thickness, or another floor)",
wall of tile 008E49 (room 0x3e),wall of tile 01B248 (room 0x21),38.921,no,the far wall faces the other way (it belongs to floor which isn't linked here),
wall of tile 008E49 (room 0x3e),wall of tile 01AF49 (room 0x21),10.023,no,"the line between them leaves the walkable area (a wall's thickness, or another floor)",
wall of tile 008E49 (room 0x3e),wall of tile 01AE48 (room 0x21),9.566,no,"the line between them leaves the walkable area (a wall's thickness, or another floor)",
wall of tile 008E49 (room 0x3e),wall of tile 01AE48 (room 0x21),32.073,no,the line between them touches another wall,wall of tile 008D48 (room 0x3e)
wall of tile 008E49 (room 0x3e),wall of tile 015449 (room 0x45),52.118,no,"the line between them leaves the walkable area (a wall's thickness, or another floor)",
wall of tile 008E49 (room 0x3e),wall of tile 015348 (room 0x45),38.921,no,the far wall faces the other way (it belongs to floor which isn't linked here),
wall of tile 008E49 (room 0x3e),wall of tile 014D49 (room 0x45),1.321,no,the far wall faces the other way (it belongs to floor which isn't linked here),
wall of tile 008E49 (room 0x3e),wall of tile 014E48 (room 0x45),26.968,no,"the line between them leaves the walkable area (a wall's thickness, or another floor)",
wall of tile 008E49 (room 0x3e),wall of tile 014C48 (room 0x45),10.023,no,the line between them touches another wall,wall of tile 008D48 (room 0x3e)
wall of tile 008E49 (room 0x3e),wall of tile 014C48 (room 0x45),32.073,no,the line between them touches another wall,wall of tile 008D48 (room 0x3e)
wall of tile 008D48 (room 0x3e),wall of tile 01B548 (room 0x21),20.045,no,"the line between them leaves the walkable area (a wall's thickness, or another floor)",
wall of tile 008D48 (room 0x3e),wall of tile 01B248 (room 0x21),22.050,no,the line between them touches another wall,wall of tile 008D48 (room 0x3e)
wall of tile 008D48 (room 0x3e),wall of tile 01AF49 (room 0x21),10.023,no,"the line between them leaves the walkable area (a wall's thickness, or another floor)",
wall of tile 008D48 (room 0x3e),wall of tile 015449 (room 0x45),20.045,no,"the line between them leaves the walkable area (a wall's thickness, or another floor)",
wall of tile 008D48 (room 0x3e),wall of tile 015348 (room 0x45),22.050,no,the line between them touches another wall,wall of tile 008D48 (room 0x3e)
wall of tile 008D48 (room 0x3e),wall of tile 01B548 (room 0x21),20.045,no,"the line between them leaves the walkable area (a wall's thickness, or another floor)",
wall of tile 008D48 (room 0x3e),wall of tile 01AF49 (room 0x21),33.602,no,"the line between them leaves the walkable area (a wall's thickness, or another floor)",
wall of tile 008D48 (room 0x3e),wall of tile 015449 (room 0x45),20.045,no,"the line between them leaves the walkable area (a wall's thickness, or another floor)",
wall of tile 008D48 (room 0x3e),wall of tile 014D49 (room 0x45),22.050,no,the line between them touches another wall,wall of tile 008D48 (room 0x3e)
wall of tile 00844A (room 0x3e),wall of tile 008549 (room 0x3e),43.272,no,the line between them touches another wall,wall of tile 00854A (room 0x3e)
wall of tile 008449 (room 0x3e),wall of tile 01AC48 (room 0x21),51.731,no,"the line between them leaves the walkable area (a wall's thickness, or another floor)",
wall of tile 008449 (room 0x3e),wall of tile 014F48 (room 0x45),51.731,no,"the line between them leaves the walkable area (a wall's thickness, or another floor)",
wall of tile 008449 (room 0x3e),wall of tile 014E48 (room 0x45),18.041,no,"the line between them leaves the walkable area (a wall's thickness, or another floor)",
wall of tile 00854A (room 0x3e),wall of tile 00954A (room 0x3e),33.602,no,the line between them touches another wall,wall of tile 008549 (room 0x3e)
wall of tile 008549 (room 0x3e),wall of tile 00944A (room 0x3e),47.521,no,the line between them touches another wall,wall of tile 00954A (room 0x3e)
wall of tile 009549 (room 0x3e),wall of tile 00874A (room 0x3e),46.625,no,the line between them touches another wall,wall of tile 00864A (room 0x3e)
wall of tile 009549 (room 0x3e),wall of tile 009B48 (room 0x3e),45.711,no,the line between them touches another wall,wall of tile 00964A (room 0x3e)
wall of tile 009549 (room 0x3e),wall of tile 00954A (room 0x3e),42.095,yes,,
wall of tile 009549 (room 0x3e),wall of tile 00944A (room 0x3e),42.095,yes,,
wall of tile 00864A (room 0x3e),wall of tile 008749 (room 0x3e),45.225,no,the line between them touches another wall,wall of tile 00874A (room 0x3e)
wall of tile 00864A (room 0x3e),wall of tile 00954A (room 0x3e),42.095,yes,,
wall of tile 00864A (room 0x3e),wall of tile 00964A (room 0x3e),46.625,no,the line between them touches another wall,wall of tile 009549 (room 0x3e)
wall of tile 00864A (room 0x3e),wall of tile 00944A (room 0x3e),42.095,yes,,
wall of tile 008649 (room 0x3e),wall of tile 01AD48 (room 0x21),7.907,no,"the line between them leaves the walkable area (a wall's thickness, or another floor)",
wall of tile 008649 (room 0x3e),wall of tile 01AC48 (room 0x21),30.068,no,"the line between them leaves the walkable area (a wall's thickness, or another floor)",
wall of tile 008649 (room 0x3e),wall of tile 01B44A (room 0x21),30.068,no,"the line between them leaves the walkable area (a wall's thickness, or another floor)",
wall of tile 008649 (room 0x3e),wall of tile 014F48 (room 0x45),30.068,no,"the line between them leaves the walkable area (a wall's thickness, or another floor)",
wall of tile 008649 (room 0x3e),wall of tile 014E48 (room 0x45),27.519,no,"the line between them leaves the walkable area (a wall's thickness, or another floor)",
wall of tile 00874A (room 0x3e),wall of tile 00974A (room 0x3e),33.602,no,the line between them touches another wall,wall of tile 008749 (room 0x3e)
wall of tile 008749 (room 0x3e),wall of tile 009A49 (room 0x3e),46.625,no,the line between them touches another wall,wall of tile 00974A (room 0x3e)
wall of tile 009749 (room 0x3e),wall of tile 00894A (room 0x3e),47.521,no,the line between them touches another wall,wall of tile 00884A (room 0x3e)
wall of tile 009749 (room 0x3e),wall of tile 009848 (room 0x3e),43.780,no,the line between them touches another wall,wall of tile 009948 (room 0x3e)
wall of tile 009749 (room 0x3e),wall of tile 009A49 (room 0x3e),32.073,yes,,
wall of tile 009749 (room 0x3e),wall of tile 00974A (room 0x3e),32.073,yes,,
wall of tile 00884A (room 0x3e),wall of tile 008949 (room 0x3e),31.695,no,the line between them touches another wall,wall of tile 00894A (room 0x3e)
wall of tile 00884A (room 0x3e),wall of tile 009948 (room 0x3e),47.521,no,the line between them touches another wall,wall of tile 009749 (room 0x3e)
wall of tile 00884A (room 0x3e),wall of tile 009A49 (room 0x3e),32.073,yes,,
wall of tile 00884A (room 0x3e),wall of tile 00974A (room 0x3e),32.073,yes,,
wall of tile 008849 (room 0x3e),wall of tile 01AC48 (room 0x21),30.068,no,"the line between them leaves the walkable area (a wall's thickness, or another floor)",
wall of tile 008849 (room 0x3e),wall of tile 01AC48 (room 0x21),43.963,no,"the line between them leaves the walkable area (a wall's thickness, or another floor)",
wall of tile 008849 (room 0x3e),wall of tile 01B44A (room 0x21),43.963,no,"the line between them leaves the walkable area (a wall's thickness, or another floor)",
wall of tile 008849 (room 0x3e),wall of tile 01B449 (room 0x21),30.068,no,"the line between them leaves the walkable area (a wall's thickness, or another floor)",
wall of tile 008849 (room 0x3e),wall of tile 014F48 (room 0x45),30.068,no,"the line between them leaves the walkable area (a wall's thickness, or another floor)",
wall of tile 00894A (room 0x3e),wall of tile 008A48 (room 0x3e),45.225,no,the line between them touches another wall,wall of tile 008949 (room 0x3e)
wall of tile 008949 (room 0x3e),wall of tile 05FE48 (room 0x3e),58.620,yes,,
wall of tile 008949 (room 0x3e),wall of tile 009049 (room 0x3e),46.625,no,the line between them touches another wall,wall of tile 008A48 (room 0x3e)
wall of tile 05FE48 (room 0x3e),wall of tile 008A48 (room 0x3e),58.620,yes,,
wall of tile 05FE48 (room 0x3e),wall of tile 01AB49 (room 0x21),10.735,no,"the line between them leaves the walkable area (a wall's thickness, or another floor)",
wall of tile 05FE48 (room 0x3e),wall of tile 01A948 (room 0x21),10.735,no,"the line between them leaves the walkable area (a wall's thickness, or another floor)",
wall of tile 05FE48 (room 0x3e),wall of tile 01AC48 (room 0x21),30.068,no,"the line between them leaves the walkable area (a wall's thickness, or another floor)",
wall of tile 05FE48 (room 0x3e),wall of tile 01B449 (room 0x21),51.731,no,"the line between them leaves the walkable area (a wall's thickness, or another floor)",
wall of tile 05FE48 (room 0x3e),wall of tile 014948 (room 0x45),10.735,no,"the line between them leaves the walkable area (a wall's thickness, or another floor)",
wall of tile 05FE48 (room 0x3e),wall of tile 014A49 (room 0x45),10.735,no,"the line between them leaves the walkable area (a wall's thickness, or another floor)",
wall of tile 05FE48 (room 0x3e),wall of tile 014F48 (room 0x45),30.068,no,"the line between them leaves the walkable area (a wall's thickness, or another floor)",
wall of tile 008A48 (room 0x3e),wall of tile 009848 (room 0x3e),46.625,no,the line between them touches another wall,wall of tile 009049 (room 0x3e)
wall of tile 009049 (room 0x3e),wall of tile 009948 (room 0x3e),34.254,no,the line between them touches another wall,wall of tile 009848 (room 0x3e)
wall of tile 007C48 (room 0x3e),wall of tile 007A49 (room 0x3e),54.123,no,the line between them touches another wall,wall of tile 007A49 (room 0x3e)
wall of tile 007C48 (room 0x3e),wall of tile 01A748 (room 0x21),57.716,no,the far wall faces the other way (it belongs to floor which isn't linked here),
wall of tile 007C48 (room 0x3e),wall of tile 014948 (room 0x45),10.023,no,"the line between them leaves the walkable area (a wall's thickness, or another floor)",
wall of tile 007C48 (room 0x3e),wall of tile 014749 (room 0x45),54.123,no,the line between them touches another wall,wall of tile 007A49 (room 0x3e)
wall of tile 007C48 (room 0x3e),wall of tile 014749 (room 0x45),10.023,no,"the line between them leaves the walkable area (a wall's thickness, or another floor)",
wall of tile 007B49 (room 0x3e),wall of tile 02024A (room 0x3c),22.050,no,"the line between them leaves the walkable area (a wall's thickness, or another floor)",
wall of tile 007B49 (room 0x3e),glass 0x1d7d44 (preset 0x27c8),0.56,no,the far wall faces the other way (it belongs to floor which isn't linked here),
wall of tile 007B49 (room 0x3e),glass 0x1d84e8 (preset 0x27d0),0.00012,no,the line between them touches another wall,glass 0x1d84e8 (preset 0x27d0)
wall of tile 007B49 (room 0x3e),glass 0x1d84e8 (preset 0x27d0),0.00015,no,"another wall pokes into the space between them, so a tighter pair covers this gap",wall of tile 00774A (room 0x22)
wall of tile 007B49 (room 0x3e),glass 0x1d8738 (preset 0x27d4),0.80,no,the line between them touches another wall,glass 0x1d8738 (preset 0x27d4)
wall of tile 007B49 (room 0x3e),glass 0x1d8738 (preset 0x27d4),4.239,no,"another wall pokes into the space between them, so a tighter pair covers this gap",glass 0x1d8738 (preset 0x27d4)
wall of tile 007B49 (room 0x3e),glass 0x1d8738 (preset 0x27d4),0.044,no,"another wall pokes into the space between them, so a tighter pair covers this gap",wall of tile 008F4A (room 0x44)
wall of tile 007A49 (room 0x3e),wall of tile 014749 (room 0x45),10.023,no,"the line between them leaves the walkable area (a wall's thickness, or another floor)",
wall of tile 007A49 (room 0x3e),wall of tile 01A948 (room 0x21),32.073,no,the line between them touches another wall,wall of tile 007C48 (room 0x3e)
wall of tile 007A49 (room 0x3e),wall of tile 01A748 (room 0x21),7.265,no,the far wall faces the other way (it belongs to floor which isn't linked here),
wall of tile 007A49 (room 0x3e),wall of tile 01A748 (room 0x21),20.045,no,the line between them touches another wall,wall of tile 007A49 (room 0x3e)
wall of tile 007A49 (room 0x3e),wall of tile 014948 (room 0x45),14.174,no,"the line between them leaves the walkable area (a wall's thickness, or another floor)",
wall of tile 007A49 (room 0x3e),wall of tile 014749 (room 0x45),10.023,no,"the line between them leaves the walkable area (a wall's thickness, or another floor)",
wall of tile 007749 (room 0x22),wall of tile 01A748 (room 0x21),44.100,no,the line between them touches another wall,wall of tile 007A49 (room 0x3e)
wall of tile 00774A (room 0x22),wall of tile 02024A (room 0x3c),22.050,no,"the line between them leaves the walkable area (a wall's thickness, or another floor)",
wall of tile 00774A (room 0x22),glass 0x1d7d44 (preset 0x27c8),1.066,no,the far wall faces the other way (it belongs to floor which isn't linked here),
wall of tile 00774A (room 0x22),glass 0x1d7d44 (preset 0x27c8),1.064,no,the far wall faces the other way (it belongs to floor which isn't linked here),
wall of tile 00774A (room 0x22),glass 0x1d7d44 (preset 0x27c8),1.064,no,the far wall faces the other way (it belongs to floor which isn't linked here),
wall of tile 00774A (room 0x22),glass 0x1d7fb4 (preset 0x27c4),0.00012,no,"the line between them leaves the walkable area (a wall's thickness, or another floor)",
wall of tile 00774A (room 0x22),glass 0x1d7fb4 (preset 0x27c4),0.00012,no,"the line between them leaves the walkable area (a wall's thickness, or another floor)",
wall of tile 00774A (room 0x22),glass 0x1d7fb4 (preset 0x27c4),0.00037,no,"the line between them leaves the walkable area (a wall's thickness, or another floor)",
wall of tile 00774A (room 0x22),glass 0x1d84e8 (preset 0x27d0),0.00037,no,the line between them touches another wall,glass 0x1d84e8 (preset 0x27d0)
wall of tile 00774A (room 0x22),glass 0x1d84e8 (preset 0x27d0),0.00012,no,"another wall pokes into the space between them, so a tighter pair covers this gap",glass 0x1d84e8 (preset 0x27d0)
wall of tile 00774A (room 0x22),glass 0x1d84e8 (preset 0x27d0),0.00012,no,"another wall pokes into the space between them, so a tighter pair covers this gap",wall of tile 007B49 (room 0x3e)
wall of tile 00774A (room 0x22),glass 0x1d857c (preset 0x27d1),0.00013,no,"the line between them leaves the walkable area (a wall's thickness, or another floor)",
wall of tile 00774A (room 0x22),glass 0x1d857c (preset 0x27d1),0.00013,no,"the line between them leaves the walkable area (a wall's thickness, or another floor)",
wall of tile 00774A (room 0x22),glass 0x1d857c (preset 0x27d1),0.00037,no,"the line between them leaves the walkable area (a wall's thickness, or another floor)",
wall of tile 007648 (room 0x22),wall of tile 02024A (room 0x3c),22.050,no,"the line between them leaves the walkable area (a wall's thickness, or another floor)",
wall of tile 007648 (room 0x22),wall of tile 05E849 (room 0x30),54.123,no,"the line between them leaves the walkable area (a wall's thickness, or another floor)",
wall of tile 007648 (room 0x22),wall of tile 05E84A (room 0x30),54.123,no,"the line between them leaves the walkable area (a wall's thickness, or another floor)",
wall of tile 007648 (room 0x22),glass 0x1d7fb4 (preset 0x27c4),0.00016,no,"the line between them leaves the walkable area (a wall's thickness, or another floor)",
wall of tile 007648 (room 0x22),glass 0x1d7fb4 (preset 0x27c4),0.00012,no,the far wall faces the other way (it belongs to floor which isn't linked here),
wall of tile 007648 (room 0x22),glass 0x1d857c (preset 0x27d1),0.00012,no,"the line between them leaves the walkable area (a wall's thickness, or another floor)",
wall of tile 007648 (room 0x22),glass 0x1d857c (preset 0x27d1),0.00015,no,"another wall pokes into the space between them, so a tighter pair covers this gap",wall of tile 00814A (room 0x38)
wall of tile 00794A (room 0x22),wall of tile 01BB48 (room 0x27),42.096,no,"the line between them leaves the walkable area (a wall's thickness, or another floor)",
wall of tile 00794A (room 0x22),wall of tile 01BA48 (room 0x27),24.870,no,"the line between them leaves the walkable area (a wall's thickness, or another floor)",
wall of tile 00794A (room 0x22),wall of tile 01464A (room 0x2b),22.050,no,the far wall faces the other way (it belongs to floor which isn't linked here),
wall of tile 00754A (room 0x22),wall of tile 00744A (room 0x22),57.716,no,the line between them touches another wall,wall of tile 007449 (room 0x22)
wall of tile 00754A (room 0x22),wall of tile 01BB48 (room 0x27),59.876,no,"the line between them leaves the walkable area (a wall's thickness, or another floor)",
wall of tile 00754A (room 0x22),wall of tile 019D48 (room 0x27),54.123,no,"the line between them leaves the walkable area (a wall's thickness, or another floor)",
wall of tile 00754A (room 0x22),wall of tile 014448 (room 0x2b),6.215,no,"the line between them leaves the walkable area (a wall's thickness, or another floor)",
wall of tile 00754A (room 0x22),wall of tile 014049 (room 0x2b),54.123,no,"the line between them leaves the walkable area (a wall's thickness, or another floor)",
wall of tile 007449 (room 0x22),wall of tile 008149 (room 0x38),22.050,no,the line between them touches another wall,wall of tile 00744A (room 0x22)
wall of tile 007449 (room 0x22),wall of tile 019C49 (room 0x27),22.050,no,the line between them touches another wall,wall of tile 00744A (room 0x22)
wall of tile 007449 (room 0x22),wall of tile 013049 (room 0x2b),22.050,no,the line between them touches another wall,wall of tile 00744A (room 0x22)
wall of tile 00814A (room 0x38),wall of tile 05E849 (room 0x30),54.271,no,"the line between them leaves the walkable area (a wall's thickness, or another floor)",
wall of tile 00814A (room 0x38),glass 0x1d7f20 (preset 0x27c3),0.00012,no,"the line between them leaves the walkable area (a wall's thickness, or another floor)",
wall of tile 00814A (room 0x38),glass 0x1d7f20 (preset 0x27c3),0.00012,no,"the line between them leaves the walkable area (a wall's thickness, or another floor)",
wall of tile 00814A (room 0x38),glass 0x1d7f20 (preset 0x27c3),0.00037,no,"the line between them leaves the walkable area (a wall's thickness, or another floor)",
wall of tile 00814A (room 0x38),glass 0x1d7fb4 (preset 0x27c4),0.00037,no,the far wall faces the other way (it belongs to floor which isn't linked here),
wall of tile 00814A (room 0x38),glass 0x1d7fb4 (preset 0x27c4),0.00013,no,the far wall faces the other way (it belongs to floor which isn't linked here),
wall of tile 00814A (room 0x38),glass 0x1d7fb4 (preset 0x27c4),0.00013,no,the far wall faces the other way (it belongs to floor which isn't linked here),
wall of tile 00814A (room 0x38),glass 0x1d8048 (preset 0x27bf),0.000061,no,the line between them touches another wall,wall of tile 008048 (room 0x38)
wall of tile 00814A (room 0x38),glass 0x1d8048 (preset 0x27bf),0.000061,no,the line between them touches another wall,wall of tile 008048 (room 0x38)
wall of tile 00814A (room 0x38),glass 0x1d8048 (preset 0x27bf),0.00025,no,"the line between them leaves the walkable area (a wall's thickness, or another floor)",
wall of tile 00814A (room 0x38),glass 0x1d8454 (preset 0x27cf),0.00024,no,"another wall pokes into the space between them, so a tighter pair covers this gap",wall of tile 008048 (room 0x38)
wall of tile 00814A (room 0x38),glass 0x1d8454 (preset 0x27cf),0.00024,no,"another wall pokes into the space between them, so a tighter pair covers this gap",glass 0x1d8454 (preset 0x27cf)
wall of tile 00814A (room 0x38),glass 0x1d8454 (preset 0x27cf),0.00049,no,the line between them touches another wall,glass 0x1d8454 (preset 0x27cf)
wall of tile 00814A (room 0x38),glass 0x1d857c (preset 0x27d1),0.00037,no,the line between them touches another wall,glass 0x1d857c (preset 0x27d1)
wall of tile 00814A (room 0x38),glass 0x1d857c (preset 0x27d1),0.00012,no,"another wall pokes into the space between them, so a tighter pair covers this gap",glass 0x1d857c (preset 0x27d1)
wall of tile 00814A (room 0x38),glass 0x1d857c (preset 0x27d1),0.00012,no,"another wall pokes into the space between them, so a tighter pair covers this gap",wall of tile 007648 (room 0x22)
wall of tile 008149 (room 0x38),generic 0x1d4248 (preset 0x2718),14.032,no,the far wall faces the other way (it belongs to floor which isn't linked here),
wall of tile 008149 (room 0x38),generic 0x1d4248 (preset 0x2718),14.037,no,"the line between them leaves the walkable area (a wall's thickness, or another floor)",
wall of tile 008048 (room 0x38),glass 0x1d7f20 (preset 0x27c3),0.00014,no,"the line between them leaves the walkable area (a wall's thickness, or another floor)",
wall of tile 008048 (room 0x38),glass 0x1d7f20 (preset 0x27c3),0.00013,no,"the line between them leaves the walkable area (a wall's thickness, or another floor)",
wall of tile 008048 (room 0x38),glass 0x1d8048 (preset 0x27bf),0.0000088,no,"the line between them leaves the walkable area (a wall's thickness, or another floor)",
wall of tile 008048 (room 0x38),glass 0x1d8454 (preset 0x27cf),0.0000088,no,"another wall pokes into the space between them, so a tighter pair covers this gap",wall of tile 007D49 (room 0x38)
wall of tile 008048 (room 0x38),glass 0x1d8454 (preset 0x27cf),0.00025,no,"another wall pokes into the space between them, so a tighter pair covers this gap",wall of tile 00814A (room 0x38)
wall of tile 008048 (room 0x38),glass 0x1d8454 (preset 0x27cf),0.00025,no,the line between them touches another wall,glass 0x1d8454 (preset 0x27cf)
wall of tile 00824A (room 0x38),generic 0x1d4248 (preset 0x2718),0.056,no,the far wall faces the other way (it belongs to floor which isn't linked here),
wall of tile 00824A (room 0x38),generic 0x1d4248 (preset 0x2718),0.059,no,the far wall faces the other way (it belongs to floor which isn't linked here),
wall of tile 008249 (room 0x38),wall of tile 019F48 (room 0x26),12.915,no,the far wall faces the other way (it belongs to floor which isn't linked here),
wall of tile 008249 (room 0x38),generic 0x1d4248 (preset 0x2718),45.251,no,the far wall faces the other way (it belongs to floor which isn't linked here),
wall of tile 008249 (room 0x38),generic 0x1d4248 (preset 0x2718),45.251,no,the far wall faces the other way (it belongs to floor which isn't linked here),
wall of tile 008249 (room 0x38),generic 0x1d4248 (preset 0x2718),35.939,no,the far wall faces the other way (it belongs to floor which isn't linked here),
wall of tile 008249 (room 0x38),generic 0x1d4248 (preset 0x2718),47.805,no,the far wall faces the other way (it belongs to floor which isn't linked here),
wall of tile 008349 (room 0x38),wall of tile 019F48 (room 0x26),7.378,no,the far wall faces the other way (it belongs to floor which isn't linked here),
wall of tile 008349 (room 0x38),wall of tile 01A048 (room 0x26),24.221,no,the far wall faces the other way (it belongs to floor which isn't linked here),
wall of tile 008349 (room 0x38),wall of tile 019E48 (room 0x26),15.656,no,the far wall faces the other way (it belongs to floor which isn't linked here),
wall of tile 008349 (room 0x38),wall of tile 013148 (room 0x2a),40.522,no,"the line between them leaves the walkable area (a wall's thickness, or another floor)",
wall of tile 008349 (room 0x38),wall of tile 01324A (room 0x2a),56.518,no,"the line between them leaves the walkable area (a wall's thickness, or another floor)",
wall of tile 008349 (room 0x38),generic 0x1d4248 (preset 0x2718),30.702,no,the far wall faces the other way (it belongs to floor which isn't linked here),
wall of tile 008349 (room 0x38),generic 0x1d4248 (preset 0x2718),30.702,no,the far wall faces the other way (it belongs to floor which isn't linked here),
wall of tile 007D49 (room 0x38),wall of tile 01EA48 (room 0x30),42.095,no,"the line between them leaves the walkable area (a wall's thickness, or another floor)",
wall of tile 007D49 (room 0x38),glass 0x1d7f20 (preset 0x27c3),0.00011,no,the far wall faces the other way (it belongs to floor which isn't linked here),
wall of tile 007D49 (room 0x38),glass 0x1d7f20 (preset 0x27c3),0.00012,no,the line between them touches another wall,wall of tile 007D49 (room 0x38)
wall of tile 007D49 (room 0x38),glass 0x1d8048 (preset 0x27bf),0.00024,no,the far wall faces the other way (it belongs to floor which isn't linked here),
wall of tile 007D49 (room 0x38),glass 0x1d8048 (preset 0x27bf),0.00027,no,"the line between them leaves the walkable area (a wall's thickness, or another floor)",
wall of tile 007D49 (room 0x38),wall of tile 01EA48 (room 0x30),42.095,no,"the line between them leaves the walkable area (a wall's thickness, or another floor)",
wall of tile 007D49 (room 0x38),glass 0x1d8048 (preset 0x27bf),0.00012,no,"the line between them leaves the walkable area (a wall's thickness, or another floor)",
wall of tile 007D49 (room 0x38),glass 0x1d8454 (preset 0x27cf),0.00024,no,"the line between them leaves the walkable area (a wall's thickness, or another floor)",
wall of tile 05BB4A (room 0x38),generic 0x1d3b08 (preset 0x2721),3.649,no,the far wall faces the other way (it belongs to floor which isn't linked here),
wall of tile 05BB4A (room 0x38),generic 0x1d3b08 (preset 0x2721),3.650,no,the far wall faces the other way (it belongs to floor which isn't linked here),
wall of tile 05BB4A (room 0x38),generic 0x1d3b08 (preset 0x2721),3.649,no,the far wall faces the other way (it belongs to floor which isn't linked here),
wall of tile 007F48 (room 0x38),generic 0x1d3b08 (preset 0x2721),0.00085,no,the far wall faces the other way (it belongs to floor which isn't linked here),
wall of tile 007F48 (room 0x38),generic 0x1d3b08 (preset 0x2721),0.025,no,the far wall faces the other way (it belongs to floor which isn't linked here),
wall of tile 007F48 (room 0x38),wall of tile 019F48 (room 0x26),7.378,no,the far wall faces the other way (it belongs to floor which isn't linked here),
wall of tile 007F48 (room 0x38),wall of tile 01324A (room 0x2a),54.878,no,"the line between them leaves the walkable area (a wall's thickness, or another floor)",
wall of tile 007F48 (room 0x38),wall of tile 013448 (room 0x2a),31.185,no,the far wall faces the other way (it belongs to floor which isn't linked here),
wall of tile 007F48 (room 0x38),generic 0x1d3b08 (preset 0x2721),51.612,no,the far wall faces the other way (it belongs to floor which isn't linked here),
wall of tile 007F48 (room 0x38),generic 0x1d3b08 (preset 0x2721),51.612,no,the far wall faces the other way (it belongs to floor which isn't linked here),
wall of tile 007F48 (room 0x38),generic 0x1d3b08 (preset 0x2721),51.618,no,the far wall faces the other way (it belongs to floor which isn't linked here),
wall of tile 002829 (room 0x14),wall of tile 000F28 (room 0x14),53.261,no,"another wall pokes into the space between them, so a tighter pair covers this gap",wall of tile 007E28 (room 0x14)
wall of tile 002829 (room 0x14),wall of tile 000E2A (room 0x14),53.788,no,"another wall pokes into the space between them, so a tighter pair covers this gap",wall of tile 007E28 (room 0x14)
wall of tile 000F28 (room 0x14),wall of tile 007E28 (room 0x14),8.018,yes,,
wall of tile 007E28 (room 0x14),wall of tile 007D28 (room 0x14),8.018,yes,,
wall of tile 007E28 (room 0x14),wall of tile 001029 (room 0x14),8.018,yes,,
wall of tile 007E28 (room 0x14),wall of tile 00102A (room 0x14),48.109,no,"another wall pokes into the space between them, so a tighter pair covers this gap",wall of tile 001128 (room 0x14)
wall of tile 007E28 (room 0x14),wall of tile 000E2A (room 0x14),48.109,no,"another wall pokes into the space between them, so a tighter pair covers this gap",wall of tile 000F28 (room 0x14)
wall of tile 001029 (room 0x14),wall of tile 001128 (room 0x14),24.055,no,"another wall pokes into the space between them, so a tighter pair covers this gap",wall of tile 00102A (room 0x14)
wall of tile 00102A (room 0x14),wall of tile 001128 (room 0x14),2.005,yes,,
wall of tile 001128 (room 0x14),wall of tile 000B29 (room 0x14),2.005,yes,,
wall of tile 001128 (room 0x14),wall of tile 000B2A (room 0x14),24.055,no,"another wall pokes into the space between them, so a tighter pair covers this gap",wall of tile 000B29 (room 0x14)
wall of tile 007849 (room 0x22),wall of tile 014448 (room 0x2b),21.298,no,the far wall faces the other way (it belongs to floor which isn't linked here),
wall of tile 007849 (room 0x22),wall of tile 01464A (room 0x2b),22.050,no,the far wall faces the other way (it belongs to floor which isn't linked here),
wall of tile 007849 (room 0x22),wall of tile 014649 (room 0x2b),42.095,no,the line between them touches another wall,wall of tile 007849 (room 0x22)
wall of tile 009A49 (room 0x3e),wall of tile 00964A (room 0x3e),34.254,no,the line between them touches another wall,wall of tile 009B48 (room 0x3e)
wall of tile 00974A (room 0x3e),wall of tile 009B48 (room 0x3e),46.625,no,the line between them touches another wall,wall of tile 009A49 (room 0x3e)
wall of tile 00CC48 (room 0x40),wall of tile 00CE4A (room 0x40),43.179,no,the line between them touches another wall,wall of tile 00CD4A (room 0x40)
wall of tile 00CC48 (room 0x40),wall of tile 00D149 (room 0x41),45.047,no,the line between them touches another wall,wall of tile 00D048 (room 0x44)
wall of tile 00CC48 (room 0x40),wall of tile 01DB48 (room 0x24),54.123,no,the far wall faces the other way (it belongs to floor which isn't linked here),
wall of tile 00CC48 (room 0x40),wall of tile 01DF49 (room 0x24),7.445,no,"the line between them leaves the walkable area (a wall's thickness, or another floor)",
wall of tile 00CD4A (room 0x40),wall of tile 00D448 (room 0x40),43.179,no,the line between them touches another wall,wall of tile 00CE4A (room 0x40)
wall of tile 00CD4A (room 0x40),wall of tile 01D949 (room 0x24),40.885,no,"the line between them leaves the walkable area (a wall's thickness, or another floor)",
wall of tile 00CD4A (room 0x40),wall of tile 01DF49 (room 0x24),40.091,no,"the line between them leaves the walkable area (a wall's thickness, or another floor)",
wall of tile 00CE4A (room 0x40),wall of tile 00D34A (room 0x41),43.963,no,the line between them touches another wall,wall of tile 00D448 (room 0x40)
wall of tile 00CE4A (room 0x40),wall of tile 01DF49 (room 0x24),40.091,no,"the line between them leaves the walkable area (a wall's thickness, or another floor)",
wall of tile 00D448 (room 0x40),wall of tile 00D249 (room 0x41),45.799,no,the line between them touches another wall,wall of tile 00D34A (room 0x41)
wall of tile 00D349 (room 0x41),wall of tile 00F248 (room 0x41),44.100,no,the line between them touches another wall,wall of tile 00F248 (room 0x41)
wall of tile 00D349 (room 0x41),wall of tile 00C949 (room 0x40),44.100,no,the line between them touches another wall,wall of tile 00CA49 (room 0x40)
wall of tile 00D349 (room 0x41),wall of tile 01DF49 (room 0x24),42.096,no,the far wall faces the other way (it belongs to floor which isn't linked here),
wall of tile 00D349 (room 0x41),wall of tile 01E148 (room 0x24),42.096,no,the far wall faces the other way (it belongs to floor which isn't linked here),
wall of tile 00D34A (room 0x41),wall of tile 00D149 (room 0x41),43.179,no,the line between them touches another wall,wall of tile 00D249 (room 0x41)
wall of tile 00D249 (room 0x41),wall of tile 01DF49 (room 0x24),42.095,no,"the line between them leaves the walkable area (a wall's thickness, or another floor)",
wall of tile 00D149 (room 0x41),wall of tile 01D949 (room 0x24),42.852,no,"the line between them leaves the walkable area (a wall's thickness, or another floor)",
wall of tile 00D149 (room 0x41),wall of tile 01DF49 (room 0x24),42.095,no,"the line between them leaves the walkable area (a wall's thickness, or another floor)",
wall of tile 00F248 (room 0x41),wall of tile 01E148 (room 0x24),42.096,no,the far wall faces the other way (it belongs to floor which isn't linked here),
wall of tile 00CA4A (room 0x40),glass 0x1d7654 (preset 0x27b6),4.012,no,the far wall faces the other way (it belongs to floor which isn't linked here),
wall of tile 00CA4A (room 0x40),glass 0x1d7654 (preset 0x27b6),28.349,no,"the line between them leaves the walkable area (a wall's thickness, or another floor)",
wall of tile 00CA4A (room 0x40),glass 0x1d7654 (preset 0x27b6),4.010,no,the far wall faces the other way (it belongs to floor which isn't linked here),
wall of tile 00CA4A (room 0x40),glass 0x1d777c (preset 0x27b8),25.198,no,"the line between them leaves the walkable area (a wall's thickness, or another floor)",
wall of tile 00CA4A (room 0x40),glass 0x1d777c (preset 0x27b8),28.354,no,"the line between them leaves the walkable area (a wall's thickness, or another floor)",
wall of tile 00CA4A (room 0x40),glass 0x1d777c (preset 0x27b8),25.198,no,"the line between them leaves the walkable area (a wall's thickness, or another floor)",
wall of tile 00C949 (room 0x40),wall of tile 033A08 (room 0x0b),28.919,no,"the line between them leaves the walkable area (a wall's thickness, or another floor)",
wall of tile 00C949 (room 0x40),wall of tile 033D08 (room 0x0b),28.919,no,"the line between them leaves the walkable area (a wall's thickness, or another floor)",
wall of tile 00C949 (room 0x40),generic 0x1d3cb8 (preset 0x27b5),19.035,no,"the line between them leaves the walkable area (a wall's thickness, or another floor)",
wall of tile 00C949 (room 0x40),generic 0x1d3cb8 (preset 0x27b5),14.259,no,"the line between them leaves the walkable area (a wall's thickness, or another floor)",
wall of tile 00C94A (room 0x40),glass 0x1d7654 (preset 0x27b6),7.045,no,"the line between them leaves the walkable area (a wall's thickness, or another floor)",
wall of tile 00C94A (room 0x40),glass 0x1d777c (preset 0x27b8),7.045,no,"the line between them leaves the walkable area (a wall's thickness, or another floor)",
wall of tile 00C849 (room 0x40),generic 0x1d3cb8 (preset 0x27b5),50.175,no,"the line between them leaves the walkable area (a wall's thickness, or another floor)",
wall of tile 00C849 (room 0x40),generic 0x1d3cb8 (preset 0x27b5),52.138,no,"the line between them leaves the walkable area (a wall's thickness, or another floor)",
wall of tile 00C849 (room 0x40),generic 0x1d3cb8 (preset 0x27b5),14.259,no,"the line between them leaves the walkable area (a wall's thickness, or another floor)",
wall of tile 00C849 (room 0x40),glass 0x1d76e8 (preset 0x27b7),20.045,no,"the line between them leaves the walkable area (a wall's thickness, or another floor)",
wall of tile 00C849 (room 0x40),glass 0x1d76e8 (preset 0x27b7),57.715,no,the far wall faces the other way (it belongs to floor which isn't linked here),
wall of tile 00C849 (room 0x40),glass 0x1d76e8 (preset 0x27b7),20.043,no,"the line between them leaves the walkable area (a wall's thickness, or another floor)",
wall of tile 00C849 (room 0x40),glass 0x1d777c (preset 0x27b8),55.715,no,the far wall faces the other way (it belongs to floor which isn't linked here),
wall of tile 00C849 (room 0x40),glass 0x1d777c (preset 0x27b8),55.715,no,the far wall faces the other way (it belongs to floor which isn't linked here),
wall of tile 00C84A (room 0x40),glass 0x1d777c (preset 0x27b8),17.481,no,the far wall faces the other way (it belongs to floor which isn't linked here),
wall of tile 00C84A (room 0x40),glass 0x1d777c (preset 0x27b8),16.806,no,the far wall faces the other way (it belongs to floor which isn't linked here),
wall of tile 00C749 (room 0x40),wall of tile 032D0A (room 0x0b),35.659,no,"the line between them leaves the walkable area (a wall's thickness, or another floor)",
wall of tile 00C749 (room 0x40),wall of tile 032C09 (room 0x0b),50.583,no,"the line between them leaves the walkable area (a wall's thickness, or another floor)",
wall of tile 00C749 (room 0x40),wall of tile 032C09 (room 0x0b),35.659,no,"the line between them leaves the walkable area (a wall's thickness, or another floor)",
wall of tile 00C749 (room 0x40),glass 0x1d76e8 (preset 0x27b7),35.196,no,the far wall faces the other way (it belongs to floor which isn't linked here),
wall of tile 00C749 (room 0x40),glass 0x1d777c (preset 0x27b8),31.895,no,the far wall faces the other way (it belongs to floor which isn't linked here),
wall of tile 00C749 (room 0x40),glass 0x1d777c (preset 0x27b8),31.895,no,the far wall faces the other way (it belongs to floor which isn't linked here),
wall of tile 00C64A (room 0x40),wall of tile 032D0A (room 0x0b),42.096,no,"the line between them leaves the walkable area (a wall's thickness, or another floor)",
wall of tile 00C64A (room 0x40),wall of tile 032C0A (room 0x0b),40.091,no,"the line between them leaves the walkable area (a wall's thickness, or another floor)",
wall of tile 00C64A (room 0x40),wall of tile 032B0A (room 0x0b),40.091,no,"the line between them leaves the walkable area (a wall's thickness, or another floor)",
wall of tile 00C64A (room 0x40),wall of tile 03270A (room 0x0b),42.096,no,"the line between them leaves the walkable area (a wall's thickness, or another floor)",
wall of tile 00C64A (room 0x40),wall of tile 032C09 (room 0x0b),46.105,no,"the line between them leaves the walkable area (a wall's thickness, or another floor)",
wall of tile 00C64A (room 0x40),wall of tile 032C09 (room 0x0b),42.096,no,"the line between them leaves the walkable area (a wall's thickness, or another floor)",
wall of tile 00F448 (room 0x40),wall of tile 03270A (room 0x0b),48.307,no,"the line between them leaves the walkable area (a wall's thickness, or another floor)",
wall of tile 00F448 (room 0x40),wall of tile 032809 (room 0x0b),6.014,no,the far wall faces the other way (it belongs to floor which isn't linked here),
wall of tile 00F448 (room 0x40),wall of tile 032709 (room 0x0b),42.096,no,the line between them touches another wall,wall of tile 00F448 (room 0x40)
wall of tile 00F448 (room 0x40),wall of tile 03280A (room 0x0b),20.046,no,the far wall faces the other way (it belongs to floor which isn't linked here),
wall of tile 00F448 (room 0x40),wall of tile 032809 (room 0x0b),20.046,no,the far wall faces the other way (it belongs to floor which isn't linked here),
wall of tile 00F448 (room 0x40),door 0x1d946c (preset 0x0092),10.050,no,the far wall faces the other way (it belongs to floor which isn't linked here),
wall of tile 00F448 (room 0x40),door 0x1d946c (preset 0x0092),10.049,no,the far wall faces the other way (it belongs to floor which isn't linked here),
wall of tile 00F448 (room 0x40),door 0x1d946c (preset 0x0092),0.00012,no,the far wall faces the other way (it belongs to floor which isn't linked here),
wall of tile 00F448 (room 0x40),door 0x1d946c (preset 0x0092),18.014,no,the far wall faces the other way (it belongs to floor which isn't linked here),
wall of tile 00DF49 (room 0x3f),wall of tile 076D19 (room 0x10),36.962,no,the far wall faces the other way (it belongs to floor which isn't linked here),
wall of tile 00DF49 (room 0x3f),wall of tile 076E19 (room 0x10),36.735,no,the far wall faces the other way (it belongs to floor which isn't linked here),
wall of tile 00E048 (room 0x3f),wall of tile 00E249 (room 0x3f),43.179,no,the line between them touches another wall,wall of tile 00E149 (room 0x3f)
wall of tile 00E048 (room 0x3f),wall of tile 01E249 (room 0x24),7.445,no,"the line between them leaves the walkable area (a wall's thickness, or another floor)",
wall of tile 00E048 (room 0x3f),wall of tile 01E748 (room 0x24),54.123,no,the far wall faces the other way (it belongs to floor which isn't linked here),
wall of tile 00E14A (room 0x3f),wall of tile 076B19 (room 0x10),54.123,no,the far wall faces the other way (it belongs to floor which isn't linked here),
wall of tile 00E14A (room 0x3f),wall of tile 076E19 (room 0x10),30.259,no,the far wall faces the other way (it belongs to floor which isn't linked here),
wall of tile 00E149 (room 0x3f),wall of tile 00E848 (room 0x3f),43.179,no,the line between them touches another wall,wall of tile 00E249 (room 0x3f)
wall of tile 00E149 (room 0x3f),wall of tile 01E249 (room 0x24),40.091,no,"the line between them leaves the walkable area (a wall's thickness, or another floor)",
wall of tile 00E149 (room 0x3f),wall of tile 01E549 (room 0x24),40.885,no,"the line between them leaves the walkable area (a wall's thickness, or another floor)",
wall of tile 00E249 (room 0x3f),wall of tile 00E74A (room 0x41),43.963,no,the line between them touches another wall,wall of tile 00E848 (room 0x3f)
wall of tile 00E249 (room 0x3f),wall of tile 01E249 (room 0x24),40.091,no,"the line between them leaves the walkable area (a wall's thickness, or another floor)",
wall of tile 00DE49 (room 0x3f),wall of tile 076B19 (room 0x10),20.730,no,the far wall faces the other way (it belongs to floor which isn't linked here),
wall of tile 00DD49 (room 0x3f),wall of tile 076B19 (room 0x10),44.146,no,the far wall faces the other way (it belongs to floor which isn't linked here),
wall of tile 00DD49 (room 0x3f),wall of tile 076C19 (room 0x10),44.146,no,the far wall faces the other way (it belongs to floor which isn't linked here),
wall of tile 00DD4A (room 0x3f),wall of tile 07631A (room 0x11),14.987,no,"the line between them leaves the walkable area (a wall's thickness, or another floor)",
wall of tile 00DD4A (room 0x3f),wall of tile 076919 (room 0x10),54.147,no,the far wall faces the other way (it belongs to floor which isn't linked here),
wall of tile 00DC4A (room 0x3f),wall of tile 07631A (room 0x11),34.254,no,"the line between them leaves the walkable area (a wall's thickness, or another floor)",
wall of tile 00DC4A (room 0x3f),wall of tile 076819 (room 0x10),34.254,no,"the line between them leaves the walkable area (a wall's thickness, or another floor)",
wall of tile 00DB4A (room 0x3f),wall of tile 076A1A (room 0x10),51.086,no,"the line between them leaves the walkable area (a wall's thickness, or another floor)",
wall of tile 00DB4A (room 0x3f),wall of tile 076C1A (room 0x10),56.420,no,the far wall faces the other way (it belongs to floor which isn't linked here),
wall of tile 00DA4A (room 0x3f),wall of tile 076F1A (room 0x10),24.055,no,the far wall faces the other way (it belongs to floor which isn't linked here),
wall of tile 00DA4A (room 0x3f),wall of tile 077218 (room 0x10),24.055,no,the far wall faces the other way (it belongs to floor which isn't linked here),
wall of tile 00EC48 (room 0x3f),wall of tile 076F1A (room 0x10),24.055,no,the far wall faces the other way (it belongs to floor which isn't linked here),
wall of tile 00EC48 (room 0x3f),wall of tile 077218 (room 0x10),24.055,no,the far wall faces the other way (it belongs to floor which isn't linked here),
wall of tile 00EC48 (room 0x3f),wall of tile 077418 (room 0x10),42.096,no,the far wall faces the other way (it belongs to floor which isn't linked here),
wall of tile 00EC48 (room 0x3f),wall of tile 077418 (room 0x10),42.096,no,the far wall faces the other way (it belongs to floor which isn't linked here),
wall of tile 00EC48 (room 0x3f),wall of tile 077519 (room 0x10),32.073,no,the far wall faces the other way (it belongs to floor which isn't linked here),
wall of tile 00EC48 (room 0x3f),door 0x1d8c0c (preset 0x0090),16.036,no,the far wall faces the other way (it belongs to floor which isn't linked here),
wall of tile 05164A (room 0x25),wall of tile 023148 (room 0x24),22.050,no,the line between them touches another wall,wall of tile 011F48 (room 0x25)
wall of tile 023548 (room 0x24),wall of tile 023448 (room 0x24),42.095,no,the line between them touches another wall,wall of tile 023348 (room 0x24)
wall of tile 022C48 (room 0x24),wall of tile 022B48 (room 0x24),42.095,no,the line between them touches another wall,wall of tile 022A48 (room 0x24)
wall of tile 023348 (room 0x24),wall of tile 023648 (room 0x24),42.096,no,the line between them touches another wall,wall of tile 023448 (room 0x24)
wall of tile 022A48 (room 0x24),wall of tile 022D48 (room 0x24),42.096,no,the line between them touches another wall,wall of tile 022B48 (room 0x24)
wall of tile 023448 (room 0x24),wall of tile 023748 (room 0x24),42.095,no,the line between them touches another wall,wall of tile 023648 (room 0x24)
wall of tile 022B48 (room 0x24),wall of tile 022E48 (room 0x24),42.095,no,the line between them touches another wall,wall of tile 022D48 (room 0x24)
wall of tile 023648 (room 0x24),wall of tile 023848 (room 0x24),44.100,no,the line between them touches another wall,wall of tile 023748 (room 0x24)
wall of tile 023648 (room 0x24),wall of tile 01D84A (room 0x24),34.254,no,the far wall faces the other way (it belongs to floor which isn't linked here),
wall of tile 023648 (room 0x24),wall of tile 01E44A (room 0x24),34.254,no,the far wall faces the other way (it belongs to floor which isn't linked here),
wall of tile 022D48 (room 0x24),wall of tile 022F48 (room 0x24),44.100,no,the line between them touches another wall,wall of tile 022E48 (room 0x24)
wall of tile 022D48 (room 0x24),wall of tile 01DD49 (room 0x24),34.254,no,the far wall faces the other way (it belongs to floor which isn't linked here),
wall of tile 022D48 (room 0x24),wall of tile 01D84A (room 0x24),34.254,no,the far wall faces the other way (it belongs to floor which isn't linked here),
wall of tile 023748 (room 0x24),wall of tile 023948 (room 0x24),42.096,no,the line between them touches another wall,wall of tile 023848 (room 0x24)
wall of tile 023748 (room 0x24),wall of tile 01D84A (room 0x24),32.073,no,the far wall faces the other way (it belongs to floor which isn't linked here),
wall of tile 023748 (room 0x24),wall of tile 01E44A (room 0x24),26.603,no,the far wall faces the other way (it belongs to floor which isn't linked here),
wall of tile 022E48 (room 0x24),wall of tile 023048 (room 0x24),42.096,no,the line between them touches another wall,wall of tile 022F48 (room 0x24)
wall of tile 022E48 (room 0x24),wall of tile 01DD49 (room 0x24),26.603,no,the far wall faces the other way (it belongs to floor which isn't linked here),
wall of tile 022E48 (room 0x24),wall of tile 01D84A (room 0x24),32.073,no,the far wall faces the other way (it belongs to floor which isn't linked here),
wall of tile 023848 (room 0x24),wall of tile 023A48 (room 0x24),42.095,no,the line between them touches another wall,wall of tile 023948 (room 0x24)
wall of tile 023848 (room 0x24),wall of tile 01D84A (room 0x24),45.358,no,the far wall faces the other way (it belongs to floor which isn't linked here),
wall of tile 023848 (room 0x24),wall of tile 01E44A (room 0x24),19.952,no,the far wall faces the other way (it belongs to floor which isn't linked here),
wall of tile 022F48 (room 0x24),wall of tile 023148 (room 0x24),42.095,no,the line between them touches another wall,wall of tile 023048 (room 0x24)
wall of tile 022F48 (room 0x24),wall of tile 01DD49 (room 0x24),19.952,no,the far wall faces the other way (it belongs to floor which isn't linked here),
wall of tile 022F48 (room 0x24),wall of tile 01D84A (room 0x24),45.358,no,the far wall faces the other way (it belongs to floor which isn't linked here),
wall of tile 023948 (room 0x24),wall of tile 023B48 (room 0x24),42.095,no,the line between them touches another wall,wall of tile 023A48 (room 0x24)
wall of tile 023948 (room 0x24),wall of tile 01E44A (room 0x24),13.301,no,the far wall faces the other way (it belongs to floor which isn't linked here),
wall of tile 023048 (room 0x24),wall of tile 023248 (room 0x24),42.095,no,the line between them touches another wall,wall of tile 023148 (room 0x24)
wall of tile 023048 (room 0x24),wall of tile 01DD49 (room 0x24),13.301,no,the far wall faces the other way (it belongs to floor which isn't linked here),
wall of tile 023A48 (room 0x24),wall of tile 01E44A (room 0x24),6.651,no,the far wall faces the other way (it belongs to floor which isn't linked here),
wall of tile 023148 (room 0x24),wall of tile 01DD49 (room 0x24),6.651,no,the far wall faces the other way (it belongs to floor which isn't linked here),
wall of tile 01E949 (room 0x24),wall of tile 01E64A (room 0x24),22.050,no,"the line between them leaves the walkable area (a wall's thickness, or another floor)",
wall of tile 01E94A (room 0x24),wall of tile 01DA4A (room 0x24),22.050,no,"the line between them leaves the walkable area (a wall's thickness, or another floor)",
wall of tile 01DC48 (room 0x24),wall of tile 01DB48 (room 0x24),54.123,no,the line between them touches another wall,wall of tile 01DB48 (room 0x24)
wall of tile 01BE49 (room 0x2e),wall of tile 01D448 (room 0x2c),22.050,no,"the line between them leaves the walkable area (a wall's thickness, or another floor)",
wall of tile 01BE49 (room 0x2e),wall of tile 013D49 (room 0x1e),22.050,no,"the line between them leaves the walkable area (a wall's thickness, or another floor)",
wall of tile 01BE49 (room 0x2e),wall of tile 013D49 (room 0x1e),22.050,no,the line between them touches another wall,wall of tile 020549 (room 0x3c)
wall of tile 01BE49 (room 0x2e),glass 0x1d7af4 (preset 0x27bd),0.00012,no,"another wall pokes into the space between them, so a tighter pair covers this gap",glass 0x1d7af4 (preset 0x27bd)
wall of tile 01BE49 (room 0x2e),glass 0x1d7af4 (preset 0x27bd),0.000022,yes,,
wall of tile 01BE49 (room 0x2e),glass 0x1d7af4 (preset 0x27bd),0.000031,no,"another wall pokes into the space between them, so a tighter pair covers this gap",glass 0x1d7af4 (preset 0x27bd)
wall of tile 01BE49 (room 0x2e),glass 0x1d7b88 (preset 0x27ca),22.050,no,"the line between them leaves the walkable area (a wall's thickness, or another floor)",
wall of tile 01BE49 (room 0x2e),glass 0x1d7b88 (preset 0x27ca),22.050,no,"the line between them leaves the walkable area (a wall's thickness, or another floor)",
wall of tile 01BE49 (room 0x2e),glass 0x1d7b88 (preset 0x27ca),22.050,no,"another wall pokes into the space between them, so a tighter pair covers this gap",wall of tile 020549 (room 0x3c)
wall of tile 020549 (room 0x3c),glass 0x1d7af4 (preset 0x27bd),0.00015,no,"another wall pokes into the space between them, so a tighter pair covers this gap",wall of tile 01BE49 (room 0x2e)
wall of tile 020549 (room 0x3c),glass 0x1d7af4 (preset 0x27bd),0.000022,yes,,
wall of tile 020549 (room 0x3c),glass 0x1d7af4 (preset 0x27bd),0.000031,no,"another wall pokes into the space between them, so a tighter pair covers this gap",glass 0x1d7af4 (preset 0x27bd)
wall of tile 020549 (room 0x3c),glass 0x1d7b88 (preset 0x27ca),0.000046,no,"the line between them leaves the walkable area (a wall's thickness, or another floor)",
wall of tile 020549 (room 0x3c),glass 0x1d7b88 (preset 0x27ca),0.00011,no,the line between them touches another wall,glass 0x1d7b88 (preset 0x27ca)
wall of tile 02044A (room 0x3c),glass 0x1d7b88 (preset 0x27ca),0.00018,no,"another wall pokes into the space between them, so a tighter pair covers this gap",wall of tile 01D24A (room 0x2c)
wall of tile 02044A (room 0x3c),glass 0x1d7b88 (preset 0x27ca),0.000063,no,"another wall pokes into the space between them, so a tighter pair covers this gap",wall of tile 01D24A (room 0x2c)
wall of tile 02044A (room 0x3c),glass 0x1d7b88 (preset 0x27ca),0.000063,no,"another wall pokes into the space between them, so a tighter pair covers this gap",wall of tile 01D24A (room 0x2c)
wall of tile 02044A (room 0x3c),glass 0x1d7c1c (preset 0x27bb),0.00024,no,the line between them touches another wall,glass 0x1d7c1c (preset 0x27bb)
wall of tile 01D649 (room 0x2c),wall of tile 01AA49 (room 0x21),22.050,no,"the line between them leaves the walkable area (a wall's thickness, or another floor)",
wall of tile 01D649 (room 0x2c),wall of tile 01484A (room 0x45),22.050,no,the line between them touches another wall,wall of tile 062C49 (room 0x3c)
wall of tile 01D649 (room 0x2c),wall of tile 014A4A (room 0x45),22.050,no,"the line between them leaves the walkable area (a wall's thickness, or another floor)",
wall of tile 01D649 (room 0x2c),generic 0x1d3a78 (preset 0x271e),42.167,yes,,
wall of tile 01D649 (room 0x2c),generic 0x1d3a78 (preset 0x271e),42.167,yes,,
wall of tile 01D649 (room 0x2c),generic 0x1d3a78 (preset 0x271e),42.170,no,"another wall pokes into the space between them, so a tighter pair covers this gap",generic 0x1d3a78 (preset 0x271e)
wall of tile 01D649 (room 0x2c),glass 0x1d7c1c (preset 0x27bb),0.000061,no,"another wall pokes into the space between them, so a tighter pair covers this gap",glass 0x1d7c1c (preset 0x27bb)
wall of tile 01D649 (room 0x2c),glass 0x1d7d44 (preset 0x27c8),21.824,no,"the line between them leaves the walkable area (a wall's thickness, or another floor)",
wall of tile 01D649 (room 0x2c),glass 0x1d7d44 (preset 0x27c8),22.052,no,"the line between them leaves the walkable area (a wall's thickness, or another floor)",
wall of tile 01D649 (room 0x2c),glass 0x1d7d44 (preset 0x27c8),21.824,no,"the line between them leaves the walkable area (a wall's thickness, or another floor)",
wall of tile 01D649 (room 0x2c),glass 0x1d8170 (preset 0x27c1),0.000068,yes,,
wall of tile 01D649 (room 0x2c),glass 0x1d8170 (preset 0x27c1),0.000068,yes,,
wall of tile 01D649 (room 0x2c),glass 0x1d8170 (preset 0x27c1),0.00019,no,"another wall pokes into the space between them, so a tighter pair covers this gap",glass 0x1d8170 (preset 0x27c1)
wall of tile 01D548 (room 0x2c),wall of tile 01CD48 (room 0x2c),42.095,no,the line between them touches another wall,wall of tile 01CD48 (room 0x2c)
wall of tile 01D548 (room 0x2c),wall of tile 013848 (room 0x1e),22.050,no,the line between them touches another wall,wall of tile 01CD48 (room 0x2c)
wall of tile 01D548 (room 0x2c),wall of tile 013848 (room 0x1e),42.095,no,the line between them touches another wall,wall of tile 01CD48 (room 0x2c)
wall of tile 01D349 (room 0x2c),wall of tile 01CE48 (room 0x2c),42.096,no,the line between them touches another wall,wall of tile 01CE48 (room 0x2c)
wall of tile 01D349 (room 0x2c),wall of tile 013748 (room 0x1e),42.096,no,the line between them touches another wall,wall of tile 01CE48 (room 0x2c)
wall of tile 01D34A (room 0x2c),wall of tile 01D24A (room 0x2c),22.050,no,"the line between them leaves the walkable area (a wall's thickness, or another floor)",
wall of tile 01D34A (room 0x2c),wall of tile 013D4A (room 0x1e),22.050,no,"the line between them leaves the walkable area (a wall's thickness, or another floor)",
wall of tile 01D34A (room 0x2c),wall of tile 013D49 (room 0x1e),22.050,no,the line between them touches another wall,wall of tile 02044A (room 0x3c)
wall of tile 01D34A (room 0x2c),glass 0x1d7b88 (preset 0x27ca),22.050,no,"the line between them leaves the walkable area (a wall's thickness, or another floor)",
wall of tile 01D34A (room 0x2c),glass 0x1d7b88 (preset 0x27ca),22.050,no,"the line between them leaves the walkable area (a wall's thickness, or another floor)",
wall of tile 01D34A (room 0x2c),glass 0x1d7b88 (preset 0x27ca),22.050,no,"the line between them leaves the walkable area (a wall's thickness, or another floor)",
wall of tile 01D34A (room 0x2c),glass 0x1d7c1c (preset 0x27bb),0.000031,no,the line between them touches another wall,wall of tile 02044A (room 0x3c)
wall of tile 01D34A (room 0x2c),glass 0x1d7c1c (preset 0x27bb),0.00024,no,the line between them touches another wall,glass 0x1d7c1c (preset 0x27bb)
wall of tile 01CE48 (room 0x2c),wall of tile 013949 (room 0x1e),10.023,no,the line between them touches another wall,wall of tile 01D349 (room 0x2c)
wall of tile 01CE48 (room 0x2c),wall of tile 01D049 (room 0x2c),54.123,no,the line between them touches another wall,wall of tile 01D149 (room 0x2c)
wall of tile 01CE48 (room 0x2c),wall of tile 013949 (room 0x1e),52.118,no,the line between them touches another wall,wall of tile 01D349 (room 0x2c)
wall of tile 01D24A (room 0x2c),wall of tile 013B4A (room 0x1e),22.050,no,the line between them touches another wall,wall of tile 02044A (room 0x3c)
wall of tile 01D24A (room 0x2c),wall of tile 013B49 (room 0x1e),22.050,no,"the line between them leaves the walkable area (a wall's thickness, or another floor)",
wall of tile 01D24A (room 0x2c),glass 0x1d7b88 (preset 0x27ca),0.000061,yes,,
wall of tile 01D24A (room 0x2c),glass 0x1d7b88 (preset 0x27ca),0.000061,yes,,
wall of tile 01D24A (room 0x2c),glass 0x1d7b88 (preset 0x27ca),0.000061,yes,,
wall of tile 01D24A (room 0x2c),glass 0x1d7c1c (preset 0x27bb),22.050,no,"another wall pokes into the space between them, so a tighter pair covers this gap",wall of tile 02044A (room 0x3c)
wall of tile 01D24A (room 0x2c),glass 0x1d7c1c (preset 0x27bb),22.050,no,the line between them touches another wall,wall of tile 02044A (room 0x3c)
wall of tile 01D24A (room 0x2c),glass 0x1d7c1c (preset 0x27bb),22.050,no,"another wall pokes into the space between them, so a tighter pair covers this gap",wall of tile 02044A (room 0x3c)
wall of tile 01D448 (room 0x2c),wall of tile 012B49 (room 0x20),22.050,no,the line between them touches another wall,wall of tile 020549 (room 0x3c)
wall of tile 01D448 (room 0x2c),glass 0x1d7af4 (preset 0x27bd),22.050,no,"the line between them leaves the walkable area (a wall's thickness, or another floor)",
wall of tile 01D448 (room 0x2c),glass 0x1d7af4 (preset 0x27bd),22.050,no,"another wall pokes into the space between them, so a tighter pair covers this gap",wall of tile 020549 (room 0x3c)
wall of tile 01D448 (room 0x2c),glass 0x1d7af4 (preset 0x27bd),22.050,no,"another wall pokes into the space between them, so a tighter pair covers this gap",wall of tile 020549 (room 0x3c)
wall of tile 01D448 (room 0x2c),glass 0x1d7b88 (preset 0x27ca),0.000092,no,"the line between them leaves the walkable area (a wall's thickness, or another floor)",
wall of tile 01D448 (room 0x2c),glass 0x1d7b88 (preset 0x27ca),0.00011,no,the line between them touches another wall,glass 0x1d7b88 (preset 0x27ca)
wall of tile 01D049 (room 0x2c),wall of tile 013748 (room 0x1e),54.123,no,the line between them touches another wall,wall of tile 01D149 (room 0x2c)
wall of tile 01B049 (room 0x21),generic 0x1d3a78 (preset 0x271e),42.167,yes,,
wall of tile 01B049 (room 0x21),generic 0x1d3a78 (preset 0x271e),42.167,yes,,
wall of tile 01B049 (room 0x21),generic 0x1d3a78 (preset 0x271e),42.170,no,"another wall pokes into the space between them, so a tighter pair covers this gap",generic 0x1d3a78 (preset 0x271e)
wall of tile 01B049 (room 0x21),glass 0x1d8170 (preset 0x27c1),0.000068,yes,,
wall of tile 01B049 (room 0x21),glass 0x1d8170 (preset 0x27c1),0.000068,yes,,
wall of tile 01B049 (room 0x21),glass 0x1d8170 (preset 0x27c1),0.00019,no,"another wall pokes into the space between them, so a tighter pair covers this gap",glass 0x1d8170 (preset 0x27c1)
wall of tile 01CD48 (room 0x2c),wall of tile 01B648 (room 0x21),32.073,no,"the line between them leaves the walkable area (a wall's thickness, or another floor)",
wall of tile 01CD48 (room 0x2c),wall of tile 014B48 (room 0x45),32.073,no,"the line between them leaves the walkable area (a wall's thickness, or another floor)",
wall of tile 01CD48 (room 0x2c),wall of tile 013949 (room 0x1e),20.045,no,the line between them touches another wall,wall of tile 01CD48 (room 0x2c)
wall of tile 01CD48 (room 0x2c),door 0x1d946c (preset 0x0092),56.185,no,"the line between them leaves the walkable area (a wall's thickness, or another floor)",
wall of tile 01CD48 (room 0x2c),door 0x1d946c (preset 0x0092),56.185,no,"the line between them leaves the walkable area (a wall's thickness, or another floor)",
wall of tile 01CD48 (room 0x2c),door 0x1d946c (preset 0x0092),56.185,no,"the line between them leaves the walkable area (a wall's thickness, or another floor)",
wall of tile 01CD48 (room 0x2c),wall of tile 01B648 (room 0x21),32.073,no,"the line between them leaves the walkable area (a wall's thickness, or another floor)",
wall of tile 01CD48 (room 0x2c),wall of tile 014B48 (room 0x45),32.073,no,"the line between them leaves the walkable area (a wall's thickness, or another floor)",
wall of tile 01CD48 (room 0x2c),door 0x1d946c (preset 0x0092),56.185,no,"the line between them leaves the walkable area (a wall's thickness, or another floor)",
wall of tile 01CD48 (room 0x2c),door 0x1d946c (preset 0x0092),56.185,no,"the line between them leaves the walkable area (a wall's thickness, or another floor)",
wall of tile 01CD48 (room 0x2c),door 0x1d946c (preset 0x0092),56.185,no,"the line between them leaves the walkable area (a wall's thickness, or another floor)",
wall of tile 01AA49 (room 0x21),wall of tile 013A49 (room 0x1e),22.050,no,"the line between them leaves the walkable area (a wall's thickness, or another floor)",
wall of tile 01AA49 (room 0x21),wall of tile 013B4A (room 0x1e),22.050,no,the line between them touches another wall,wall of tile 062C49 (room 0x3c)
wall of tile 01AA49 (room 0x21),generic 0x1d3a78 (preset 0x271e),50.294,no,"another wall pokes into the space between them, so a tighter pair covers this gap",wall of tile 01B049 (room 0x21)
wall of tile 01AA49 (room 0x21),generic 0x1d3a78 (preset 0x271e),50.294,no,"another wall pokes into the space between them, so a tighter pair covers this gap",wall of tile 01B049 (room 0x21)
wall of tile 01AA49 (room 0x21),generic 0x1d3a78 (preset 0x271e),50.308,no,"another wall pokes into the space between them, so a tighter pair covers this gap",wall of tile 01B049 (room 0x21)
wall of tile 01AA49 (room 0x21),glass 0x1d7c1c (preset 0x27bb),22.050,no,"the line between them leaves the walkable area (a wall's thickness, or another floor)",
wall of tile 01AA49 (room 0x21),glass 0x1d7c1c (preset 0x27bb),22.050,no,"the line between them leaves the walkable area (a wall's thickness, or another floor)",
wall of tile 01AA49 (room 0x21),glass 0x1d7c1c (preset 0x27bb),22.050,no,"the line between them leaves the walkable area (a wall's thickness, or another floor)",
wall of tile 01AA49 (room 0x21),glass 0x1d7d44 (preset 0x27c8),0.0016,no,the line between them touches another wall,glass 0x1d7d44 (preset 0x27c8)
wall of tile 01AA49 (room 0x21),glass 0x1d8170 (preset 0x27c1),22.050,no,"another wall pokes into the space between them, so a tighter pair covers this gap",wall of tile 01B049 (room 0x21)
wall of tile 01AA49 (room 0x21),glass 0x1d8170 (preset 0x27c1),22.050,no,"another wall pokes into the space between them, so a tighter pair covers this gap",wall of tile 01B049 (room 0x21)
wall of tile 01AA49 (room 0x21),glass 0x1d8170 (preset 0x27c1),22.050,no,"another wall pokes into the space between them, so a tighter pair covers this gap",wall of tile 01B049 (room 0x21)
wall of tile 01A948 (room 0x21),wall of tile 014749 (room 0x45),24.221,no,"the line between them leaves the walkable area (a wall's thickness, or another floor)",
wall of tile 01A748 (room 0x21),wall of tile 01A649 (room 0x27),44.100,no,the line between them touches another wall,wall of tile 01A748 (room 0x21)
wall of tile 01A748 (room 0x21),wall of tile 055949 (room 0x2b),44.100,no,the line between them touches another wall,wall of tile 01A748 (room 0x21)
wall of tile 01A748 (room 0x21),wall of tile 014948 (room 0x45),12.968,no,"the line between them leaves the walkable area (a wall's thickness, or another floor)",
wall of tile 01A748 (room 0x21),wall of tile 014749 (room 0x45),14.757,no,"the line between them leaves the walkable area (a wall's thickness, or another floor)",
wall of tile 01A748 (room 0x21),wall of tile 014749 (room 0x45),30.068,no,"the line between them leaves the walkable area (a wall's thickness, or another floor)",
wall of tile 01A64A (room 0x27),wall of tile 02024A (room 0x3c),22.050,no,"the line between them leaves the walkable area (a wall's thickness, or another floor)",
wall of tile 01A64A (room 0x27),glass 0x1d7d44 (preset 0x27c8),1.066,no,the line between them touches another wall,glass 0x1d7d44 (preset 0x27c8)
wall of tile 01A64A (room 0x27),glass 0x1d7d44 (preset 0x27c8),1.064,no,"another wall pokes into the space between them, so a tighter pair covers this gap",glass 0x1d7d44 (preset 0x27c8)
wall of tile 01A64A (room 0x27),glass 0x1d7d44 (preset 0x27c8),1.064,yes,,
wall of tile 01A64A (room 0x27),glass 0x1d7fb4 (preset 0x27c4),0.00012,no,"the line between them leaves the walkable area (a wall's thickness, or another floor)",
wall of tile 01A64A (room 0x27),glass 0x1d7fb4 (preset 0x27c4),0.00012,no,"another wall pokes into the space between them, so a tighter pair covers this gap",wall of tile 01FA48 (room 0x30)
wall of tile 01A64A (room 0x27),glass 0x1d7fb4 (preset 0x27c4),0.00037,no,the line between them touches another wall,glass 0x1d7fb4 (preset 0x27c4)
wall of tile 01A64A (room 0x27),glass 0x1d84e8 (preset 0x27d0),0.00037,no,the far wall faces the other way (it belongs to floor which isn't linked here),
wall of tile 01A64A (room 0x27),glass 0x1d84e8 (preset 0x27d0),0.00012,no,the far wall faces the other way (it belongs to floor which isn't linked here),
wall of tile 01A64A (room 0x27),glass 0x1d84e8 (preset 0x27d0),0.00012,no,the far wall faces the other way (it belongs to floor which isn't linked here),
wall of tile 01A64A (room 0x27),glass 0x1d857c (preset 0x27d1),0.00013,no,the far wall faces the other way (it belongs to floor which isn't linked here),
wall of tile 01A64A (room 0x27),glass 0x1d857c (preset 0x27d1),0.00013,no,the far wall faces the other way (it belongs to floor which isn't linked here),
wall of tile 01A64A (room 0x27),glass 0x1d857c (preset 0x27d1),0.00037,no,the far wall faces the other way (it belongs to floor which isn't linked here),
wall of tile 01BB48 (room 0x27),wall of tile 014448 (room 0x2b),50.537,no,the far wall faces the other way (it belongs to floor which isn't linked here),
wall of tile 01BA48 (room 0x27),wall of tile 014448 (room 0x2b),45.644,no,the far wall faces the other way (it belongs to floor which isn't linked here),
wall of tile 01BA48 (room 0x27),wall of tile 01464A (room 0x2b),40.637,no,the far wall faces the other way (it belongs to floor which isn't linked here),
wall of tile 01BA48 (room 0x27),wall of tile 014649 (room 0x2b),42.095,no,the line between them touches another wall,wall of tile 01BA48 (room 0x27)
wall of tile 019C4A (room 0x27),wall of tile 05E849 (room 0x30),54.271,no,the far wall faces the other way (it belongs to floor which isn't linked here),
wall of tile 019C4A (room 0x27),glass 0x1d7f20 (preset 0x27c3),0.00012,no,"the line between them leaves the walkable area (a wall's thickness, or another floor)",
wall of tile 019C4A (room 0x27),glass 0x1d7f20 (preset 0x27c3),0.00012,yes,,
wall of tile 019C4A (room 0x27),glass 0x1d7f20 (preset 0x27c3),0.00037,no,the line between them touches another wall,glass 0x1d7f20 (preset 0x27c3)
wall of tile 019C4A (room 0x27),glass 0x1d7fb4 (preset 0x27c4),0.00037,no,"another wall pokes into the space between them, so a tighter pair covers this gap",glass 0x1d7fb4 (preset 0x27c4)
wall of tile 019C4A (room 0x27),glass 0x1d7fb4 (preset 0x27c4),0.00013,yes,,
wall of tile 019C4A (room 0x27),glass 0x1d7fb4 (preset 0x27c4),0.00013,yes,,
wall of tile 019C4A (room 0x27),glass 0x1d8048 (preset 0x27bf),0.000061,no,the far wall faces the other way (it belongs to floor which isn't linked here),
wall of tile 019C4A (room 0x27),glass 0x1d8048 (preset 0x27bf),0.000061,no,the far wall faces the other way (it belongs to floor which isn't linked here),
wall of tile 019C4A (room 0x27),glass 0x1d8048 (preset 0x27bf),0.00025,no,the far wall faces the other way (it belongs to floor which isn't linked here),
wall of tile 019C4A (room 0x27),glass 0x1d8454 (preset 0x27cf),0.00024,no,the far wall faces the other way (it belongs to floor which isn't linked here),
wall of tile 019C4A (room 0x27),glass 0x1d8454 (preset 0x27cf),0.00024,no,the far wall faces the other way (it belongs to floor which isn't linked here),
wall of tile 019C4A (room 0x27),glass 0x1d8454 (preset 0x27cf),0.00049,no,the far wall faces the other way (it belongs to floor which isn't linked here),
wall of tile 019C4A (room 0x27),glass 0x1d857c (preset 0x27d1),0.00037,no,the far wall faces the other way (it belongs to floor which isn't linked here),
wall of tile 019C4A (room 0x27),glass 0x1d857c (preset 0x27d1),0.00012,no,the far wall faces the other way (it belongs to floor which isn't linked here),
wall of tile 019C4A (room 0x27),glass 0x1d857c (preset 0x27d1),0.00012,no,the far wall faces the other way (it belongs to floor which isn't linked here),
wall of tile 019C49 (room 0x27),generic 0x1d4248 (preset 0x2718),14.032,no,the far wall faces the other way (it belongs to floor which isn't linked here),
wall of tile 019C49 (room 0x27),generic 0x1d4248 (preset 0x2718),14.037,no,"the line between them leaves the walkable area (a wall's thickness, or another floor)",
wall of tile 01A549 (room 0x26),wall of tile 01EA48 (room 0x30),42.095,no,the line between them touches another wall,wall of tile 01EB48 (room 0x30)
wall of tile 01A549 (room 0x26),glass 0x1d8048 (preset 0x27bf),0.00012,no,"the line between them leaves the walkable area (a wall's thickness, or another floor)",
wall of tile 01A549 (room 0x26),glass 0x1d8454 (preset 0x27cf),0.00024,no,the far wall faces the other way (it belongs to floor which isn't linked here),
wall of tile 01EB48 (room 0x30),wall of tile 05E849 (room 0x30),54.271,no,the far wall faces the other way (it belongs to floor which isn't linked here),
wall of tile 01EB48 (room 0x30),glass 0x1d7f20 (preset 0x27c3),0.00012,no,"another wall pokes into the space between them, so a tighter pair covers this gap",glass 0x1d7f20 (preset 0x27c3)
wall of tile 01EB48 (room 0x30),glass 0x1d7f20 (preset 0x27c3),0.00012,yes,,
wall of tile 01EB48 (room 0x30),glass 0x1d7f20 (preset 0x27c3),0.00037,no,the line between them touches another wall,glass 0x1d7f20 (preset 0x27c3)
wall of tile 01EB48 (room 0x30),glass 0x1d7fb4 (preset 0x27c4),0.00037,no,"another wall pokes into the space between them, so a tighter pair covers this gap",glass 0x1d7fb4 (preset 0x27c4)
wall of tile 01EB48 (room 0x30),glass 0x1d7fb4 (preset 0x27c4),0.00013,yes,,
wall of tile 01EB48 (room 0x30),glass 0x1d7fb4 (preset 0x27c4),0.00013,yes,,
wall of tile 01EB48 (room 0x30),glass 0x1d8048 (preset 0x27bf),0.000061,no,the far wall faces the other way (it belongs to floor which isn't linked here),
wall of tile 01EB48 (room 0x30),glass 0x1d8048 (preset 0x27bf),0.000061,no,the far wall faces the other way (it belongs to floor which isn't linked here),
wall of tile 01EB48 (room 0x30),glass 0x1d8048 (preset 0x27bf),0.00025,no,the far wall faces the other way (it belongs to floor which isn't linked here),
wall of tile 01EB48 (room 0x30),glass 0x1d8454 (preset 0x27cf),0.00024,no,the far wall faces the other way (it belongs to floor which isn't linked here),
wall of tile 01EB48 (room 0x30),glass 0x1d8454 (preset 0x27cf),0.00024,no,"the line between them leaves the walkable area (a wall's thickness, or another floor)",
wall of tile 01EB48 (room 0x30),glass 0x1d8454 (preset 0x27cf),0.00049,no,the far wall faces the other way (it belongs to floor which isn't linked here),
wall of tile 01EB48 (room 0x30),glass 0x1d857c (preset 0x27d1),0.00037,no,the far wall faces the other way (it belongs to floor which isn't linked here),
wall of tile 01EB48 (room 0x30),glass 0x1d857c (preset 0x27d1),0.00012,no,"the line between them leaves the walkable area (a wall's thickness, or another floor)",
wall of tile 01EB48 (room 0x30),glass 0x1d857c (preset 0x27d1),0.00012,no,the far wall faces the other way (it belongs to floor which isn't linked here),
wall of tile 01EB48 (room 0x30),glass 0x1d7f20 (preset 0x27c3),0.00037,no,the line between them touches another wall,glass 0x1d7f20 (preset 0x27c3)
wall of tile 01EB48 (room 0x30),glass 0x1d7f20 (preset 0x27c3),0.00012,no,the line between them touches another wall,wall of tile 01A549 (room 0x26)
wall of tile 01EB48 (room 0x30),glass 0x1d7f20 (preset 0x27c3),0.00012,no,"another wall pokes into the space between them, so a tighter pair covers this gap",wall of tile 01A549 (room 0x26)
wall of tile 01EB48 (room 0x30),glass 0x1d8048 (preset 0x27bf),0.00049,no,the far wall faces the other way (it belongs to floor which isn't linked here),
wall of tile 01EB48 (room 0x30),glass 0x1d8048 (preset 0x27bf),0.00027,no,"the line between them leaves the walkable area (a wall's thickness, or another floor)",
wall of tile 01EB48 (room 0x30),glass 0x1d8048 (preset 0x27bf),0.00024,no,the far wall faces the other way (it belongs to floor which isn't linked here),
wall of tile 01EA48 (room 0x30),wall of tile 01EE49 (room 0x30),32.073,no,the line between them touches another wall,wall of tile 01EA48 (room 0x30)
wall of tile 01EA48 (room 0x30),wall of tile 01EF49 (room 0x30),45.358,no,"the line between them leaves the walkable area (a wall's thickness, or another floor)",
wall of tile 01EA48 (room 0x30),wall of tile 01EF49 (room 0x30),25.613,no,"the line between them leaves the walkable area (a wall's thickness, or another floor)",
wall of tile 01EA48 (room 0x30),wall of tile 013348 (room 0x2a),42.095,no,the line between them touches another wall,wall of tile 01EB48 (room 0x30)
wall of tile 01EA48 (room 0x30),wall of tile 013448 (room 0x2a),42.095,no,the line between them touches another wall,wall of tile 01EB48 (room 0x30)
wall of tile 01EA48 (room 0x30),glass 0x1d7f20 (preset 0x27c3),42.096,no,the line between them touches another wall,glass 0x1d7f20 (preset 0x27c3)
wall of tile 01EA48 (room 0x30),glass 0x1d7f20 (preset 0x27c3),42.096,no,the line between them touches another wall,wall of tile 01EB48 (room 0x30)
wall of tile 01EA48 (room 0x30),glass 0x1d7f20 (preset 0x27c3),42.096,no,"another wall pokes into the space between them, so a tighter pair covers this gap",wall of tile 01EB48 (room 0x30)
wall of tile 01EA48 (room 0x30),glass 0x1d8048 (preset 0x27bf),42.096,no,the far wall faces the other way (it belongs to floor which isn't linked here),
wall of tile 01EA48 (room 0x30),glass 0x1d8048 (preset 0x27bf),42.096,no,"the line between them leaves the walkable area (a wall's thickness, or another floor)",
wall of tile 01EA48 (room 0x30),glass 0x1d8048 (preset 0x27bf),42.096,no,the far wall faces the other way (it belongs to floor which isn't linked here),
wall of tile 01EA48 (room 0x30),glass 0x1d8454 (preset 0x27cf),42.095,no,the line between them touches another wall,wall of tile 01EB48 (room 0x30)
wall of tile 01EA48 (room 0x30),glass 0x1d8454 (preset 0x27cf),42.095,no,the line between them touches another wall,wall of tile 01EB48 (room 0x30)
wall of tile 01EA48 (room 0x30),glass 0x1d8454 (preset 0x27cf),42.095,no,the line between them touches another wall,wall of tile 01EB48 (room 0x30)
wall of tile 01EA48 (room 0x30),wall of tile 01EF49 (room 0x30),45.358,no,"the line between them leaves the walkable area (a wall's thickness, or another floor)",
wall of tile 01EA48 (room 0x30),wall of tile 01EF49 (room 0x30),20.046,no,the line between them touches another wall,wall of tile 01EE49 (room 0x30)
wall of tile 01FF48 (room 0x30),wall of tile 05D948 (room 0x30),57.716,no,"the line between them leaves the walkable area (a wall's thickness, or another floor)",
wall of tile 01FF48 (room 0x30),wall of tile 05D64A (room 0x30),16.161,no,"the line between them leaves the walkable area (a wall's thickness, or another floor)",
wall of tile 01FF48 (room 0x30),wall of tile 05DA4A (room 0x30),0.56,no,"the line between them leaves the walkable area (a wall's thickness, or another floor)",
wall of tile 01FF48 (room 0x30),wall of tile 05DC4A (room 0x30),2.168,no,"the line between them leaves the walkable area (a wall's thickness, or another floor)",
wall of tile 01FF48 (room 0x30),wall of tile 05E04A (room 0x30),12.835,no,the far wall faces the other way (it belongs to floor which isn't linked here),
wall of tile 01FF48 (room 0x30),wall of tile 05E24A (room 0x30),55.443,no,the far wall faces the other way (it belongs to floor which isn't linked here),
wall of tile 020048 (room 0x30),wall of tile 05D64A (room 0x30),0.34,no,"the line between them leaves the walkable area (a wall's thickness, or another floor)",
wall of tile 020048 (room 0x30),wall of tile 05DA4A (room 0x30),0.56,no,"the line between them leaves the walkable area (a wall's thickness, or another floor)",
wall of tile 020048 (room 0x30),wall of tile 05DC4A (room 0x30),26.894,no,"the line between them leaves the walkable area (a wall's thickness, or another floor)",
wall of tile 02024A (room 0x3c),wall of tile 014248 (room 0x2b),22.050,no,the line between them touches another wall,wall of tile 01FA48 (room 0x30)
wall of tile 02024A (room 0x3c),wall of tile 05594A (room 0x2b),22.050,no,"the line between them leaves the walkable area (a wall's thickness, or another floor)",
wall of tile 02024A (room 0x3c),wall of tile 01484A (room 0x45),11.752,no,the far wall faces the other way (it belongs to floor which isn't linked here),
wall of tile 02024A (room 0x3c),glass 0x1d7d44 (preset 0x27c8),12.753,no,the line between them touches another wall,glass 0x1d7d44 (preset 0x27c8)
wall of tile 02024A (room 0x3c),glass 0x1d7d44 (preset 0x27c8),22.632,no,"another wall pokes into the space between them, so a tighter pair covers this gap",wall of tile 020148 (room 0x47)
wall of tile 02024A (room 0x3c),glass 0x1d7d44 (preset 0x27c8),12.750,no,"another wall pokes into the space between them, so a tighter pair covers this gap",wall of tile 020148 (room 0x47)
wall of tile 02024A (room 0x3c),glass 0x1d7fb4 (preset 0x27c4),22.050,no,"the line between them leaves the walkable area (a wall's thickness, or another floor)",
wall of tile 02024A (room 0x3c),glass 0x1d7fb4 (preset 0x27c4),22.050,no,"the line between them leaves the walkable area (a wall's thickness, or another floor)",
wall of tile 02024A (room 0x3c),glass 0x1d7fb4 (preset 0x27c4),22.050,no,"the line between them leaves the walkable area (a wall's thickness, or another floor)",
wall of tile 02024A (room 0x3c),glass 0x1d84e8 (preset 0x27d0),22.050,no,the far wall faces the other way (it belongs to floor which isn't linked here),
wall of tile 02024A (room 0x3c),glass 0x1d84e8 (preset 0x27d0),22.050,no,"the line between them leaves the walkable area (a wall's thickness, or another floor)",
wall of tile 02024A (room 0x3c),glass 0x1d84e8 (preset 0x27d0),22.050,no,the far wall faces the other way (it belongs to floor which isn't linked here),
wall of tile 02024A (room 0x3c),glass 0x1d857c (preset 0x27d1),22.050,no,the far wall faces the other way (it belongs to floor which isn't linked here),
wall of tile 02024A (room 0x3c),glass 0x1d857c (preset 0x27d1),22.050,no,the far wall faces the other way (it belongs to floor which isn't linked here),
wall of tile 02024A (room 0x3c),glass 0x1d857c (preset 0x27d1),22.050,no,the far wall faces the other way (it belongs to floor which isn't linked here),
wall of tile 01F749 (room 0x30),wall of tile 05DC4A (room 0x30),29.854,no,"the line between them leaves the walkable area (a wall's thickness, or another floor)",
wall of tile 01F749 (room 0x30),wall of tile 05DE49 (room 0x30),1.003,no,the far wall faces the other way (it belongs to floor which isn't linked here),
wall of tile 01F749 (room 0x30),wall of tile 05DE4A (room 0x30),2.263,no,the far wall faces the other way (it belongs to floor which isn't linked here),
wall of tile 01F749 (room 0x30),wall of tile 05E04A (room 0x30),12.835,no,the far wall faces the other way (it belongs to floor which isn't linked here),
wall of tile 01F749 (room 0x30),wall of tile 05E24A (room 0x30),55.443,no,the far wall faces the other way (it belongs to floor which isn't linked here),
wall of tile 01ED48 (room 0x30),wall of tile 01F348 (room 0x2d),54.123,no,the line between them touches another wall,wall of tile 01F14A (room 0x30)
wall of tile 01F24A (room 0x30),wall of tile 05D649 (room 0x30),4.009,no,"the line between them leaves the walkable area (a wall's thickness, or another floor)",
wall of tile 01F24A (room 0x30),wall of tile 05DE49 (room 0x30),2.005,no,the far wall faces the other way (it belongs to floor which isn't linked here),
wall of tile 01F249 (room 0x30),wall of tile 05DA49 (room 0x30),1.303,no,"the line between them leaves the walkable area (a wall's thickness, or another floor)",
wall of tile 022348 (room 0x2d),wall of tile 021D48 (room 0x31),54.123,no,the line between them touches another wall,wall of tile 022149 (room 0x31)
wall of tile 05FF48 (room 0x31),wall of tile 05C049 (room 0x31),1.303,no,"the line between them leaves the walkable area (a wall's thickness, or another floor)",
wall of tile 022248 (room 0x31),wall of tile 05BE49 (room 0x31),4.009,no,"the line between them leaves the walkable area (a wall's thickness, or another floor)",
wall of tile 022248 (room 0x31),wall of tile 05C449 (room 0x31),2.005,no,the far wall faces the other way (it belongs to floor which isn't linked here),
wall of tile 021F4A (room 0x31),wall of tile 021A48 (room 0x31),45.358,no,"the line between them leaves the walkable area (a wall's thickness, or another floor)",
wall of tile 021F4A (room 0x31),wall of tile 021A48 (room 0x31),45.358,no,"the line between them leaves the walkable area (a wall's thickness, or another floor)",
wall of tile 021F49 (room 0x31),wall of tile 021A48 (room 0x31),25.613,no,"the line between them leaves the walkable area (a wall's thickness, or another floor)",
wall of tile 021F49 (room 0x31),wall of tile 021A48 (room 0x31),20.046,no,the line between them touches another wall,wall of tile 021E49 (room 0x31)
wall of tile 021E49 (room 0x31),wall of tile 021A48 (room 0x31),32.073,no,the line between them touches another wall,wall of tile 021A48 (room 0x31)
wall of tile 020A4A (room 0x31),wall of tile 05C24A (room 0x31),29.854,no,"the line between them leaves the walkable area (a wall's thickness, or another floor)",
wall of tile 020A4A (room 0x31),wall of tile 05C44A (room 0x31),2.263,no,the far wall faces the other way (it belongs to floor which isn't linked here),
wall of tile 020A4A (room 0x31),wall of tile 05C449 (room 0x31),1.003,no,the far wall faces the other way (it belongs to floor which isn't linked here),
wall of tile 020A4A (room 0x31),wall of tile 05C64A (room 0x31),12.835,no,the far wall faces the other way (it belongs to floor which isn't linked here),
wall of tile 020A4A (room 0x31),wall of tile 05C84A (room 0x31),55.443,no,the far wall faces the other way (it belongs to floor which isn't linked here),
wall of tile 021248 (room 0x31),wall of tile 05D548 (room 0x31),57.716,no,"the line between them leaves the walkable area (a wall's thickness, or another floor)",
wall of tile 021248 (room 0x31),wall of tile 05BE4A (room 0x31),16.161,no,"the line between them leaves the walkable area (a wall's thickness, or another floor)",
wall of tile 021248 (room 0x31),wall of tile 05C04A (room 0x31),0.56,no,"the line between them leaves the walkable area (a wall's thickness, or another floor)",
wall of tile 021248 (room 0x31),wall of tile 05C24A (room 0x31),2.168,no,"the line between them leaves the walkable area (a wall's thickness, or another floor)",
wall of tile 021248 (room 0x31),wall of tile 05C64A (room 0x31),12.835,no,the far wall faces the other way (it belongs to floor which isn't linked here),
wall of tile 021248 (room 0x31),wall of tile 05C84A (room 0x31),55.443,no,the far wall faces the other way (it belongs to floor which isn't linked here),
wall of tile 021348 (room 0x31),wall of tile 05BE4A (room 0x31),0.34,no,"the line between them leaves the walkable area (a wall's thickness, or another floor)",
wall of tile 021348 (room 0x31),wall of tile 05C04A (room 0x31),0.56,no,"the line between them leaves the walkable area (a wall's thickness, or another floor)",
wall of tile 021348 (room 0x31),wall of tile 05C24A (room 0x31),26.894,no,"the line between them leaves the walkable area (a wall's thickness, or another floor)",
wall of tile 02154A (room 0x3b),wall of tile 018649 (room 0x34),22.050,no,"the line between them leaves the walkable area (a wall's thickness, or another floor)",
wall of tile 02154A (room 0x3b),glass 0x1d7cb0 (preset 0x27c7),22.631,no,the line between them touches another wall,glass 0x1d7cb0 (preset 0x27c7)
wall of tile 02154A (room 0x3b),glass 0x1d7cb0 (preset 0x27c7),12.751,no,the line between them touches another wall,glass 0x1d7cb0 (preset 0x27c7)
wall of tile 02154A (room 0x3b),glass 0x1d7cb0 (preset 0x27c7),12.749,no,"another wall pokes into the space between them, so a tighter pair covers this gap",wall of tile 021448 (room 0x47)
wall of tile 02154A (room 0x3b),glass 0x1d7e7c (preset 0x27c6),22.050,no,"the line between them leaves the walkable area (a wall's thickness, or another floor)",
wall of tile 02154A (room 0x3b),glass 0x1d7e7c (preset 0x27c6),22.050,no,"another wall pokes into the space between them, so a tighter pair covers this gap",wall of tile 020D48 (room 0x31)
wall of tile 02154A (room 0x3b),glass 0x1d7e7c (preset 0x27c6),22.050,no,the line between them touches another wall,glass 0x1d7e7c (preset 0x27c6)
wall of tile 02154A (room 0x3b),glass 0x1d832c (preset 0x27cd),22.050,no,the far wall faces the other way (it belongs to floor which isn't linked here),
wall of tile 02154A (room 0x3b),glass 0x1d832c (preset 0x27cd),22.050,no,the far wall faces the other way (it belongs to floor which isn't linked here),
wall of tile 02154A (room 0x3b),glass 0x1d832c (preset 0x27cd),22.050,no,the far wall faces the other way (it belongs to floor which isn't linked here),
wall of tile 02154A (room 0x3b),glass 0x1d83c0 (preset 0x27ce),22.050,no,"the line between them leaves the walkable area (a wall's thickness, or another floor)",
wall of tile 02154A (room 0x3b),glass 0x1d83c0 (preset 0x27ce),22.050,no,the far wall faces the other way (it belongs to floor which isn't linked here),
wall of tile 02154A (room 0x3b),glass 0x1d83c0 (preset 0x27ce),22.050,no,the far wall faces the other way (it belongs to floor which isn't linked here),
wall of tile 021649 (room 0x3b),glass 0x1d78a4 (preset 0x27bc),0.00024,no,the line between them touches another wall,glass 0x1d78a4 (preset 0x27bc)
wall of tile 021649 (room 0x3b),glass 0x1d7cb0 (preset 0x27c7),0.0025,no,the line between them touches another wall,glass 0x1d7cb0 (preset 0x27c7)
wall of tile 021649 (room 0x3b),glass 0x1d7cb0 (preset 0x27c7),0.00018,no,the line between them touches another wall,glass 0x1d7cb0 (preset 0x27c7)
wall of tile 021448 (room 0x47),glass 0x1d7cb0 (preset 0x27c7),1.065,no,the line between them touches another wall,glass 0x1d7cb0 (preset 0x27c7)
wall of tile 021448 (room 0x47),glass 0x1d7cb0 (preset 0x27c7),1.065,no,the line between them touches another wall,glass 0x1d7cb0 (preset 0x27c7)
wall of tile 021448 (room 0x47),glass 0x1d7cb0 (preset 0x27c7),1.062,yes,,
wall of tile 021448 (room 0x47),glass 0x1d832c (preset 0x27cd),0.000015,no,the far wall faces the other way (it belongs to floor which isn't linked here),
wall of tile 021448 (room 0x47),glass 0x1d832c (preset 0x27cd),0.000015,no,the far wall faces the other way (it belongs to floor which isn't linked here),
wall of tile 021448 (room 0x47),glass 0x1d832c (preset 0x27cd),0.000031,no,the far wall faces the other way (it belongs to floor which isn't linked here),
wall of tile 018A49 (room 0x3a),wall of tile 01CC4A (room 0x2f),22.050,no,"the line between them leaves the walkable area (a wall's thickness, or another floor)",
wall of tile 018A49 (room 0x3a),generic 0x1d3b98 (preset 0x271d),50.383,no,"another wall pokes into the space between them, so a tighter pair covers this gap",wall of tile 019049 (room 0x3a)
wall of tile 018A49 (room 0x3a),generic 0x1d3b98 (preset 0x271d),50.383,no,"another wall pokes into the space between them, so a tighter pair covers this gap",wall of tile 019049 (room 0x3a)
wall of tile 018A49 (room 0x3a),glass 0x1d78a4 (preset 0x27bc),22.050,no,the line between them touches another wall,wall of tile 021649 (room 0x3b)
wall of tile 018A49 (room 0x3a),glass 0x1d78a4 (preset 0x27bc),22.050,no,the line between them touches another wall,wall of tile 021649 (room 0x3b)
wall of tile 018A49 (room 0x3a),glass 0x1d78a4 (preset 0x27bc),22.050,no,"another wall pokes into the space between them, so a tighter pair covers this gap",wall of tile 021649 (room 0x3b)
wall of tile 018A49 (room 0x3a),glass 0x1d7cb0 (preset 0x27c7),0.00015,no,the line between them touches another wall,glass 0x1d7cb0 (preset 0x27c7)
wall of tile 018A49 (room 0x3a),glass 0x1d7cb0 (preset 0x27c7),0.00018,no,the line between them touches another wall,glass 0x1d7cb0 (preset 0x27c7)
wall of tile 018A49 (room 0x3a),glass 0x1d8204 (preset 0x27c2),22.050,no,"another wall pokes into the space between them, so a tighter pair covers this gap",wall of tile 019049 (room 0x3a)
wall of tile 018A49 (room 0x3a),glass 0x1d8204 (preset 0x27c2),22.055,no,"another wall pokes into the space between them, so a tighter pair covers this gap",wall of tile 019049 (room 0x3a)
wall of tile 018A49 (room 0x3a),glass 0x1d8204 (preset 0x27c2),22.050,no,"another wall pokes into the space between them, so a tighter pair covers this gap",wall of tile 019049 (room 0x3a)
wall of tile 019049 (room 0x3a),generic 0x1d3b98 (preset 0x271d),42.472,yes,,
wall of tile 019049 (room 0x3a),generic 0x1d3b98 (preset 0x271d),42.472,yes,,
wall of tile 019049 (room 0x3a),glass 0x1d8204 (preset 0x27c2),0.000031,yes,,
wall of tile 019049 (room 0x3a),glass 0x1d8204 (preset 0x27c2),0.0045,no,"another wall pokes into the space between them, so a tighter pair covers this gap",glass 0x1d8204 (preset 0x27c2)
wall of tile 019049 (room 0x3a),glass 0x1d8204 (preset 0x27c2),0.000031,yes,,
wall of tile 018C48 (room 0x3a),wall of tile 01F812 (room 0x0d),52.118,no,the line between them touches another wall,wall of tile 019449 (room 0x3a)
wall of tile 018C48 (room 0x3a),door 0x1d88dc (preset 0x008f),52.118,no,"another wall pokes into the space between them, so a tighter pair covers this gap",wall of tile 019449 (room 0x3a)
wall of tile 018C48 (room 0x3a),door 0x1d88dc (preset 0x008f),36.082,no,"another wall pokes into the space between them, so a tighter pair covers this gap",wall of tile 019449 (room 0x3a)
wall of tile 018C48 (room 0x3a),door 0x1d88dc (preset 0x008f),36.082,no,"another wall pokes into the space between them, so a tighter pair covers this gap",wall of tile 019449 (room 0x3a)
wall of tile 018C48 (room 0x3a),wall of tile 01F811 (room 0x0d),52.118,no,the line between them touches another wall,wall of tile 01944A (room 0x3a)
wall of tile 018C48 (room 0x3a),door 0x1d88dc (preset 0x008f),52.118,no,"the line between them leaves the walkable area (a wall's thickness, or another floor)",
wall of tile 018C48 (room 0x3a),door 0x1d88dc (preset 0x008f),36.082,no,"the line between them leaves the walkable area (a wall's thickness, or another floor)",
wall of tile 018C48 (room 0x3a),door 0x1d88dc (preset 0x008f),36.082,no,"the line between them leaves the walkable area (a wall's thickness, or another floor)",
wall of tile 018748 (room 0x3a),wall of tile 01864A (room 0x34),44.100,no,the line between them touches another wall,wall of tile 018748 (room 0x3a)
wall of tile 018649 (room 0x34),glass 0x1d7cb0 (preset 0x27c7),1.065,no,the line between them touches another wall,glass 0x1d7cb0 (preset 0x27c7)
wall of tile 018649 (room 0x34),glass 0x1d7cb0 (preset 0x27c7),1.065,no,the line between them touches another wall,glass 0x1d7cb0 (preset 0x27c7)
wall of tile 018649 (room 0x34),glass 0x1d7cb0 (preset 0x27c7),1.062,yes,,
wall of tile 018649 (room 0x34),glass 0x1d7e7c (preset 0x27c6),0.00012,no,"another wall pokes into the space between them, so a tighter pair covers this gap",glass 0x1d7e7c (preset 0x27c6)
wall of tile 018649 (room 0x34),glass 0x1d7e7c (preset 0x27c6),0.00012,yes,,
wall of tile 018649 (room 0x34),glass 0x1d7e7c (preset 0x27c6),0.00037,no,the line between them touches another wall,glass 0x1d7e7c (preset 0x27c6)
wall of tile 018649 (room 0x34),glass 0x1d832c (preset 0x27cd),0.00024,no,the far wall faces the other way (it belongs to floor which isn't linked here),
wall of tile 018649 (room 0x34),glass 0x1d832c (preset 0x27cd),0.000030,no,the far wall faces the other way (it belongs to floor which isn't linked here),
wall of tile 018649 (room 0x34),glass 0x1d832c (preset 0x27cd),0.000031,no,the far wall faces the other way (it belongs to floor which isn't linked here),
wall of tile 018649 (room 0x34),glass 0x1d83c0 (preset 0x27ce),0.00012,no,the far wall faces the other way (it belongs to floor which isn't linked here),
wall of tile 018649 (room 0x34),glass 0x1d83c0 (preset 0x27ce),0.00012,no,the far wall faces the other way (it belongs to floor which isn't linked here),
wall of tile 018649 (room 0x34),glass 0x1d83c0 (preset 0x27ce),0.00037,no,the far wall faces the other way (it belongs to floor which isn't linked here),
wall of tile 020D48 (room 0x31),glass 0x1d7e7c (preset 0x27c6),0.00016,no,"another wall pokes into the space between them, so a tighter pair covers this gap",wall of tile 018649 (room 0x34)
wall of tile 020D48 (room 0x31),glass 0x1d7e7c (preset 0x27c6),0.00012,yes,,
wall of tile 020D48 (room 0x31),glass 0x1d7e7c (preset 0x27c6),0.00037,no,the line between them touches another wall,glass 0x1d7e7c (preset 0x27c6)
wall of tile 020D48 (room 0x31),glass 0x1d83c0 (preset 0x27ce),0.00016,no,the far wall faces the other way (it belongs to floor which isn't linked here),
wall of tile 020D48 (room 0x31),glass 0x1d83c0 (preset 0x27ce),0.00012,no,the far wall faces the other way (it belongs to floor which isn't linked here),
wall of tile 020D48 (room 0x31),glass 0x1d83c0 (preset 0x27ce),0.00037,no,the far wall faces the other way (it belongs to floor which isn't linked here),
wall of tile 021B48 (room 0x31),wall of tile 05CE49 (room 0x31),54.271,no,the far wall faces the other way (it belongs to floor which isn't linked here),
wall of tile 021B48 (room 0x31),glass 0x1d7de8 (preset 0x27c5),0.00024,no,"the line between them leaves the walkable area (a wall's thickness, or another floor)",
wall of tile 021B48 (room 0x31),glass 0x1d7de8 (preset 0x27c5),0.00024,yes,,
wall of tile 021B48 (room 0x31),glass 0x1d7de8 (preset 0x27c5),0.00049,no,the line between them touches another wall,glass 0x1d7de8 (preset 0x27c5)
wall of tile 021B48 (room 0x31),glass 0x1d7e7c (preset 0x27c6),0.00037,no,"another wall pokes into the space between them, so a tighter pair covers this gap",glass 0x1d7e7c (preset 0x27c6)
wall of tile 021B48 (room 0x31),glass 0x1d7e7c (preset 0x27c6),0.00013,yes,,
wall of tile 021B48 (room 0x31),glass 0x1d7e7c (preset 0x27c6),0.00013,yes,,
wall of tile 021B48 (room 0x31),glass 0x1d80dc (preset 0x27c0),0.000061,no,the far wall faces the other way (it belongs to floor which isn't linked here),
wall of tile 021B48 (room 0x31),glass 0x1d80dc (preset 0x27c0),0.000061,no,the far wall faces the other way (it belongs to floor which isn't linked here),
wall of tile 021B48 (room 0x31),glass 0x1d80dc (preset 0x27c0),0.00027,no,the far wall faces the other way (it belongs to floor which isn't linked here),
wall of tile 021B48 (room 0x31),glass 0x1d8298 (preset 0x27cc),0.00014,no,the far wall faces the other way (it belongs to floor which isn't linked here),
wall of tile 021B48 (room 0x31),glass 0x1d8298 (preset 0x27cc),0.00014,no,the far wall faces the other way (it belongs to floor which isn't linked here),
wall of tile 021B48 (room 0x31),glass 0x1d8298 (preset 0x27cc),0.00039,no,the far wall faces the other way (it belongs to floor which isn't linked here),
wall of tile 021B48 (room 0x31),glass 0x1d83c0 (preset 0x27ce),0.00037,no,the far wall faces the other way (it belongs to floor which isn't linked here),
wall of tile 021B48 (room 0x31),glass 0x1d83c0 (preset 0x27ce),0.00013,no,the far wall faces the other way (it belongs to floor which isn't linked here),
wall of tile 021B48 (room 0x31),glass 0x1d83c0 (preset 0x27ce),0.00013,no,the far wall faces the other way (it belongs to floor which isn't linked here),
wall of tile 021B48 (room 0x31),generic 0x1d41c8 (preset 0x2717),53.985,no,the far wall faces the other way (it belongs to floor which isn't linked here),
wall of tile 021B48 (room 0x31),generic 0x1d41c8 (preset 0x2717),53.985,no,the far wall faces the other way (it belongs to floor which isn't linked here),
wall of tile 021B48 (room 0x31),generic 0x1d41c8 (preset 0x2717),53.988,no,the far wall faces the other way (it belongs to floor which isn't linked here),
wall of tile 021B48 (room 0x31),glass 0x1d80dc (preset 0x27c0),0.00049,no,the far wall faces the other way (it belongs to floor which isn't linked here),
wall of tile 021B48 (room 0x31),glass 0x1d80dc (preset 0x27c0),0.00024,no,the far wall faces the other way (it belongs to floor which isn't linked here),
wall of tile 021B48 (room 0x31),glass 0x1d80dc (preset 0x27c0),0.00027,no,"the line between them leaves the walkable area (a wall's thickness, or another floor)",
wall of tile 021B48 (room 0x31),glass 0x1d8298 (preset 0x27cc),0.00037,no,the far wall faces the other way (it belongs to floor which isn't linked here),
wall of tile 021B48 (room 0x31),glass 0x1d8298 (preset 0x27cc),0.00012,no,the far wall faces the other way (it belongs to floor which isn't linked here),
wall of tile 021B48 (room 0x31),glass 0x1d8298 (preset 0x27cc),0.00017,no,"the line between them leaves the walkable area (a wall's thickness, or another floor)",
wall of tile 01854A (room 0x32),wall of tile 021A48 (room 0x31),42.095,no,the line between them touches another wall,wall of tile 021B48 (room 0x31)
wall of tile 01854A (room 0x32),generic 0x1d41c8 (preset 0x2717),43.381,no,the far wall faces the other way (it belongs to floor which isn't linked here),
wall of tile 01854A (room 0x32),generic 0x1d41c8 (preset 0x2717),43.381,no,the far wall faces the other way (it belongs to floor which isn't linked here),
wall of tile 01854A (room 0x32),generic 0x1d41c8 (preset 0x2717),43.381,no,the far wall faces the other way (it belongs to floor which isn't linked here),
wall of tile 01854A (room 0x32),glass 0x1d7de8 (preset 0x27c5),0.00024,no,the line between them touches another wall,glass 0x1d7de8 (preset 0x27c5)
wall of tile 017C4A (room 0x32),wall of tile 05CE49 (room 0x31),54.271,no,the far wall faces the other way (it belongs to floor which isn't linked here),
wall of tile 017C4A (room 0x32),glass 0x1d7de8 (preset 0x27c5),0.00024,no,"another wall pokes into the space between them, so a tighter pair covers this gap",glass 0x1d7de8 (preset 0x27c5)
wall of tile 017C4A (room 0x32),glass 0x1d7de8 (preset 0x27c5),0.00024,yes,,
wall of tile 017C4A (room 0x32),glass 0x1d7de8 (preset 0x27c5),0.00049,no,the line between them touches another wall,glass 0x1d7de8 (preset 0x27c5)
wall of tile 017C4A (room 0x32),glass 0x1d7e7c (preset 0x27c6),0.00037,no,"another wall pokes into the space between them, so a tighter pair covers this gap",glass 0x1d7e7c (preset 0x27c6)
wall of tile 017C4A (room 0x32),glass 0x1d7e7c (preset 0x27c6),0.00013,yes,,
wall of tile 017C4A (room 0x32),glass 0x1d7e7c (preset 0x27c6),0.00013,yes,,
wall of tile 017C4A (room 0x32),glass 0x1d80dc (preset 0x27c0),0.000061,no,the far wall faces the other way (it belongs to floor which isn't linked here),
wall of tile 017C4A (room 0x32),glass 0x1d80dc (preset 0x27c0),0.000061,no,the far wall faces the other way (it belongs to floor which isn't linked here),
wall of tile 017C4A (room 0x32),glass 0x1d80dc (preset 0x27c0),0.00027,no,the far wall faces the other way (it belongs to floor which isn't linked here),
wall of tile 017C4A (room 0x32),glass 0x1d8298 (preset 0x27cc),0.00014,no,the far wall faces the other way (it belongs to floor which isn't linked here),
wall of tile 017C4A (room 0x32),glass 0x1d8298 (preset 0x27cc),0.00014,no,the far wall faces the other way (it belongs to floor which isn't linked here),
wall of tile 017C4A (room 0x32),glass 0x1d8298 (preset 0x27cc),0.00039,no,the far wall faces the other way (it belongs to floor which isn't linked here),
wall of tile 017C4A (room 0x32),glass 0x1d83c0 (preset 0x27ce),0.00037,no,the far wall faces the other way (it belongs to floor which isn't linked here),
wall of tile 017C4A (room 0x32),glass 0x1d83c0 (preset 0x27ce),0.00013,no,the far wall faces the other way (it belongs to floor which isn't linked here),
wall of tile 017C4A (room 0x32),glass 0x1d83c0 (preset 0x27ce),0.00013,no,the far wall faces the other way (it belongs to floor which isn't linked here),
wall of tile 018448 (room 0x32),generic 0x1d41c8 (preset 0x2717),43.771,no,the far wall faces the other way (it belongs to floor which isn't linked here),
wall of tile 017F48 (room 0x32),wall of tile 015748 (room 0x35),32.906,no,"the line between them leaves the walkable area (a wall's thickness, or another floor)",
wall of tile 018148 (room 0x32),generic 0x1d39e8 (preset 0x271a),0.34,no,"the line between them leaves the walkable area (a wall's thickness, or another floor)",
wall of tile 018048 (room 0x32),wall of tile 015A48 (room 0x35),30.773,no,the far wall faces the other way (it belongs to floor which isn't linked here),
wall of tile 018048 (room 0x32),generic 0x1d39e8 (preset 0x271a),46.100,no,the far wall faces the other way (it belongs to floor which isn't linked here),
wall of tile 018048 (room 0x32),generic 0x1d39e8 (preset 0x271a),46.100,no,the far wall faces the other way (it belongs to floor which isn't linked here),
wall of tile 018048 (room 0x32),generic 0x1d39e8 (preset 0x271a),0.00085,no,the far wall faces the other way (it belongs to floor which isn't linked here),
wall of tile 018048 (room 0x32),generic 0x1d39e8 (preset 0x271a),0.025,no,the far wall faces the other way (it belongs to floor which isn't linked here),
wall of tile 018048 (room 0x32),generic 0x1d39e8 (preset 0x271a),0.000029,no,the far wall faces the other way (it belongs to floor which isn't linked here),
wall of tile 017E48 (room 0x32),wall of tile 06564A (room 0x23),50.114,no,"the line between them leaves the walkable area (a wall's thickness, or another floor)",
wall of tile 017E48 (room 0x32),door 0x1d98ac (preset 0x009c),34.077,no,"the line between them leaves the walkable area (a wall's thickness, or another floor)",
wall of tile 017E48 (room 0x32),door 0x1d98ac (preset 0x009c),34.077,no,"the line between them leaves the walkable area (a wall's thickness, or another floor)",
wall of tile 017E48 (room 0x32),door 0x1d98ac (preset 0x009c),34.077,no,"the line between them leaves the walkable area (a wall's thickness, or another floor)",
wall of tile 017E48 (room 0x32),wall of tile 015C48 (room 0x35),41.032,no,the far wall faces the other way (it belongs to floor which isn't linked here),
wall of tile 017E48 (room 0x32),door 0x1d98ac (preset 0x009c),38.565,no,"the line between them leaves the walkable area (a wall's thickness, or another floor)",
wall of tile 017E48 (room 0x32),door 0x1d98ac (preset 0x009c),48.203,no,"the line between them leaves the walkable area (a wall's thickness, or another floor)",
wall of tile 017E48 (room 0x32),door 0x1d98ac (preset 0x009c),38.565,no,"the line between them leaves the walkable area (a wall's thickness, or another floor)",
wall of tile 021A48 (room 0x31),wall of tile 015948 (room 0x35),42.095,no,the line between them touches another wall,wall of tile 021B48 (room 0x31)
wall of tile 021A48 (room 0x31),wall of tile 015A48 (room 0x35),42.095,no,the line between them touches another wall,wall of tile 021B48 (room 0x31)
wall of tile 021A48 (room 0x31),glass 0x1d7de8 (preset 0x27c5),42.095,no,the line between them touches another wall,wall of tile 021B48 (room 0x31)
wall of tile 021A48 (room 0x31),glass 0x1d7de8 (preset 0x27c5),42.095,no,the line between them touches another wall,wall of tile 021B48 (room 0x31)
wall of tile 021A48 (room 0x31),glass 0x1d7de8 (preset 0x27c5),42.095,no,the line between them touches another wall,wall of tile 021B48 (room 0x31)
wall of tile 021A48 (room 0x31),glass 0x1d80dc (preset 0x27c0),42.096,no,the far wall faces the other way (it belongs to floor which isn't linked here),
wall of tile 021A48 (room 0x31),glass 0x1d80dc (preset 0x27c0),42.096,no,the far wall faces the other way (it belongs to floor which isn't linked here),
wall of tile 021A48 (room 0x31),glass 0x1d80dc (preset 0x27c0),42.096,no,"the line between them leaves the walkable area (a wall's thickness, or another floor)",
wall of tile 021A48 (room 0x31),glass 0x1d8298 (preset 0x27cc),42.096,no,the far wall faces the other way (it belongs to floor which isn't linked here),
wall of tile 021A48 (room 0x31),glass 0x1d8298 (preset 0x27cc),42.096,no,the far wall faces the other way (it belongs to floor which isn't linked here),
wall of tile 021A48 (room 0x31),glass 0x1d8298 (preset 0x27cc),42.096,no,"the line between them leaves the walkable area (a wall's thickness, or another floor)",
wall of tile 01944A (room 0x3a),wall of tile 01F711 (room 0x0d),22.050,no,the line between them touches another wall,wall of tile 01F811 (room 0x0d)
wall of tile 01944A (room 0x3a),wall of tile 01FB11 (room 0x0d),47.521,no,"the line between them leaves the walkable area (a wall's thickness, or another floor)",
wall of tile 01944A (room 0x3a),door 0x1d88dc (preset 0x008f),0.000031,no,"the line between them leaves the walkable area (a wall's thickness, or another floor)",
wall of tile 019449 (room 0x3a),wall of tile 01F712 (room 0x0d),22.050,no,the line between them touches another wall,wall of tile 01F812 (room 0x0d)
wall of tile 019449 (room 0x3a),wall of tile 01F611 (room 0x0d),46.625,no,"the line between them leaves the walkable area (a wall's thickness, or another floor)",
wall of tile 019449 (room 0x3a),door 0x1d88dc (preset 0x008f),0.000061,yes,,
wall of tile 019449 (room 0x3a),door 0x1d88dc (preset 0x008f),0.000061,yes,,
wall of tile 019449 (room 0x3a),door 0x1d88dc (preset 0x008f),0.000061,yes,,
wall of tile 01F811 (room 0x0d),wall of tile 01FB11 (room 0x0d),29.800,no,the line between them touches another wall,wall of tile 01F711 (room 0x0d)
wall of tile 01F811 (room 0x0d),door 0x1d88dc (preset 0x008f),16.036,no,the line between them touches another wall,wall of tile 01944A (room 0x3a)
wall of tile 01F811 (room 0x0d),door 0x1d88dc (preset 0x008f),0.000031,no,"the line between them leaves the walkable area (a wall's thickness, or another floor)",
wall of tile 01F812 (room 0x0d),wall of tile 01F611 (room 0x0d),28.349,no,the line between them touches another wall,wall of tile 01F712 (room 0x0d)
wall of tile 01F812 (room 0x0d),door 0x1d88dc (preset 0x008f),0.000061,yes,,
wall of tile 01F812 (room 0x0d),door 0x1d88dc (preset 0x008f),0.000061,yes,,
wall of tile 01F812 (room 0x0d),door 0x1d88dc (preset 0x008f),16.036,no,"another wall pokes into the space between them, so a tighter pair covers this gap",wall of tile 019449 (room 0x3a)
wall of tile 01F711 (room 0x0d),door 0x1d88dc (preset 0x008f),22.050,no,the line between them touches another wall,wall of tile 01F811 (room 0x0d)
wall of tile 01F711 (room 0x0d),door 0x1d88dc (preset 0x008f),38.086,no,the line between them touches another wall,wall of tile 01944A (room 0x3a)
wall of tile 01F711 (room 0x0d),door 0x1d88dc (preset 0x008f),22.050,no,"the line between them leaves the walkable area (a wall's thickness, or another floor)",
wall of tile 01F712 (room 0x0d),wall of tile 01F611 (room 0x0d),54.123,no,the line between them touches another wall,wall of tile 01F611 (room 0x0d)
wall of tile 01F712 (room 0x0d),door 0x1d88dc (preset 0x008f),22.050,no,"another wall pokes into the space between them, so a tighter pair covers this gap",wall of tile 01F812 (room 0x0d)
wall of tile 01F712 (room 0x0d),door 0x1d88dc (preset 0x008f),22.050,no,"another wall pokes into the space between them, so a tighter pair covers this gap",wall of tile 01F812 (room 0x0d)
wall of tile 01F712 (room 0x0d),door 0x1d88dc (preset 0x008f),38.086,no,"another wall pokes into the space between them, so a tighter pair covers this gap",wall of tile 019449 (room 0x3a)
wall of tile 01FB11 (room 0x0d),wall of tile 01FC11 (room 0x0d),54.123,no,the line between them touches another wall,wall of tile 01FB11 (room 0x0d)
wall of tile 01FB11 (room 0x0d),door 0x1d88dc (preset 0x008f),47.521,no,"the line between them leaves the walkable area (a wall's thickness, or another floor)",
wall of tile 01FB11 (room 0x0d),door 0x1d88dc (preset 0x008f),47.521,no,"the line between them leaves the walkable area (a wall's thickness, or another floor)",
wall of tile 01F310 (room 0x0d),wall of tile 020112 (room 0x0c),54.123,no,the line between them touches another wall,wall of tile 01F112 (room 0x0d)
wall of tile 01F410 (room 0x0d),wall of tile 01F611 (room 0x0d),54.123,no,the line between them touches another wall,wall of tile 01F611 (room 0x0d)
wall of tile 01F212 (room 0x0d),wall of tile 020112 (room 0x0c),54.123,no,the line between them touches another wall,wall of tile 01F111 (room 0x0d)
wall of tile 020112 (room 0x0c),wall of tile 009512 (room 0x0c),42.096,no,the line between them touches another wall,wall of tile 020111 (room 0x0c)
wall of tile 020112 (room 0x0c),wall of tile 009511 (room 0x0c),42.096,no,the line between them touches another wall,wall of tile 020112 (room 0x0c)
wall of tile 020112 (room 0x0c),wall of tile 009611 (room 0x0c),42.096,no,the line between them touches another wall,wall of tile 009511 (room 0x0c)
wall of tile 020111 (room 0x0c),wall of tile 009612 (room 0x0c),42.096,no,the line between them touches another wall,wall of tile 009512 (room 0x0c)
wall of tile 009511 (room 0x0c),wall of tile 009711 (room 0x0c),42.096,no,the line between them touches another wall,wall of tile 009611 (room 0x0c)
wall of tile 009512 (room 0x0c),wall of tile 009712 (room 0x0c),42.096,no,the line between them touches another wall,wall of tile 009612 (room 0x0c)
wall of tile 009611 (room 0x0c),wall of tile 009811 (room 0x0c),42.095,no,the line between them touches another wall,wall of tile 009711 (room 0x0c)
wall of tile 009612 (room 0x0c),wall of tile 009812 (room 0x0c),42.095,no,the line between them touches another wall,wall of tile 009712 (room 0x0c)
wall of tile 009711 (room 0x0c),wall of tile 009911 (room 0x0c),44.100,no,the line between them touches another wall,wall of tile 009811 (room 0x0c)
wall of tile 009712 (room 0x0c),wall of tile 009912 (room 0x0c),44.100,no,the line between them touches another wall,wall of tile 009812 (room 0x0c)
wall of tile 009811 (room 0x0c),wall of tile 009A11 (room 0x0c),42.096,no,the line between them touches another wall,wall of tile 009911 (room 0x0c)
wall of tile 009812 (room 0x0c),wall of tile 009A12 (room 0x0c),42.096,no,the line between them touches another wall,wall of tile 009912 (room 0x0c)
wall of tile 009911 (room 0x0c),wall of tile 01FF12 (room 0x0c),42.095,no,the line between them touches another wall,wall of tile 009A11 (room 0x0c)
wall of tile 009912 (room 0x0c),wall of tile 01FF11 (room 0x0c),42.095,no,the line between them touches another wall,wall of tile 009A12 (room 0x0c)
wall of tile 01FF11 (room 0x0c),wall of tile 01CC12 (room 0x0e),52.118,no,the line between them touches another wall,wall of tile 01FE12 (room 0x0c)
wall of tile 01FF12 (room 0x0c),wall of tile 01CC12 (room 0x0e),52.118,no,the line between them touches another wall,wall of tile 01FE11 (room 0x0c)
wall of tile 01CC12 (room 0x0e),wall of tile 009D12 (room 0x0e),42.096,no,the line between them touches another wall,wall of tile 009C12 (room 0x0e)
wall of tile 01CC12 (room 0x0e),wall of tile 009C12 (room 0x0e),44.100,no,the line between them touches another wall,wall of tile 01CC12 (room 0x0e)
wall of tile 01CC12 (room 0x0e),wall of tile 009C11 (room 0x0e),44.100,no,the line between them touches another wall,wall of tile 01CC11 (room 0x0e)
wall of tile 01CC11 (room 0x0e),wall of tile 009D11 (room 0x0e),42.096,no,the line between them touches another wall,wall of tile 009C11 (room 0x0e)
wall of tile 009C11 (room 0x0e),wall of tile 009E11 (room 0x0e),42.095,no,the line between them touches another wall,wall of tile 009D11 (room 0x0e)
wall of tile 009C12 (room 0x0e),wall of tile 009E12 (room 0x0e),42.095,no,the line between them touches another wall,wall of tile 009D12 (room 0x0e)
wall of tile 009D11 (room 0x0e),wall of tile 009F11 (room 0x0e),42.095,no,the line between them touches another wall,wall of tile 009E11 (room 0x0e)
wall of tile 009D12 (room 0x0e),wall of tile 009F12 (room 0x0e),42.095,no,the line between them touches another wall,wall of tile 009E12 (room 0x0e)
wall of tile 009E11 (room 0x0e),wall of tile 00A011 (room 0x0e),42.096,no,the line between them touches another wall,wall of tile 009F11 (room 0x0e)
wall of tile 009E12 (room 0x0e),wall of tile 00A012 (room 0x0e),42.096,no,the line between them touches another wall,wall of tile 009F12 (room 0x0e)
wall of tile 009F11 (room 0x0e),wall of tile 01EF10 (room 0x0e),42.095,no,the line between them touches another wall,wall of tile 00A011 (room 0x0e)
wall of tile 009F12 (room 0x0e),wall of tile 01EE10 (room 0x0e),42.095,no,the line between them touches another wall,wall of tile 00A012 (room 0x0e)
wall of tile 01EF10 (room 0x0e),wall of tile 01ED13 (room 0x0e),52.118,no,the line between them touches another wall,wall of tile 01ED13 (room 0x0e)
wall of tile 01EE10 (room 0x0e),wall of tile 01ED11 (room 0x0e),52.118,no,the line between them touches another wall,wall of tile 01ED11 (room 0x0e)
wall of tile 01ED11 (room 0x0e),wall of tile 01EB12 (room 0x0e),29.800,no,the line between them touches another wall,wall of tile 01EC11 (room 0x0e)
wall of tile 01ED11 (room 0x0e),wall of tile 01AE21 (room 0x13),46.625,no,"the line between them leaves the walkable area (a wall's thickness, or another floor)",
wall of tile 01ED11 (room 0x0e),door 0x1d8afc (preset 0x0094),36.137,no,"the line between them leaves the walkable area (a wall's thickness, or another floor)",
wall of tile 01ED11 (room 0x0e),door 0x1d8afc (preset 0x0094),46.625,no,"the line between them leaves the walkable area (a wall's thickness, or another floor)",
wall of tile 01ED11 (room 0x0e),door 0x1d8afc (preset 0x0094),36.137,no,"the line between them leaves the walkable area (a wall's thickness, or another floor)",
wall of tile 01ED13 (room 0x0e),wall of tile 01EC12 (room 0x0e),42.095,no,the line between them touches another wall,wall of tile 01ED13 (room 0x0e)
wall of tile 01ED13 (room 0x0e),wall of tile 01EB11 (room 0x0e),31.183,no,the line between them touches another wall,wall of tile 01EC12 (room 0x0e)
wall of tile 01ED13 (room 0x0e),wall of tile 01AE22 (room 0x13),47.521,no,"the line between them leaves the walkable area (a wall's thickness, or another floor)",
wall of tile 01ED13 (room 0x0e),door 0x1d8afc (preset 0x0094),47.521,no,"the line between them leaves the walkable area (a wall's thickness, or another floor)",
wall of tile 01ED13 (room 0x0e),door 0x1d8afc (preset 0x0094),37.287,no,"the line between them leaves the walkable area (a wall's thickness, or another floor)",
wall of tile 01ED13 (room 0x0e),door 0x1d8afc (preset 0x0094),37.287,no,"the line between them leaves the walkable area (a wall's thickness, or another floor)",
wall of tile 01EC11 (room 0x0e),wall of tile 01AE21 (room 0x13),20.045,no,the line between them touches another wall,wall of tile 01EB12 (room 0x0e)
wall of tile 01EC11 (room 0x0e),wall of tile 02FB22 (room 0x13),46.625,no,"the line between them leaves the walkable area (a wall's thickness, or another floor)",
wall of tile 01EC11 (room 0x0e),door 0x1d8afc (preset 0x0094),8.018,no,the line between them touches another wall,wall of tile 01EB12 (room 0x0e)
wall of tile 01EC11 (room 0x0e),door 0x1d8afc (preset 0x0094),20.045,no,the line between them touches another wall,wall of tile 01EB12 (room 0x0e)
wall of tile 01EC11 (room 0x0e),door 0x1d8afc (preset 0x0094),8.018,no,the line between them touches another wall,wall of tile 01EB12 (room 0x0e)
wall of tile 01EC12 (room 0x0e),wall of tile 01AE22 (room 0x13),20.045,no,the line between them touches another wall,wall of tile 01EB11 (room 0x0e)
wall of tile 01EC12 (room 0x0e),wall of tile 02FB22 (room 0x13),47.521,no,"the line between them leaves the walkable area (a wall's thickness, or another floor)",
wall of tile 01EC12 (room 0x0e),door 0x1d8afc (preset 0x0094),20.045,no,the line between them touches another wall,wall of tile 01EB11 (room 0x0e)
wall of tile 01EC12 (room 0x0e),door 0x1d8afc (preset 0x0094),8.018,no,the line between them touches another wall,wall of tile 01EB11 (room 0x0e)
wall of tile 01EC12 (room 0x0e),door 0x1d8afc (preset 0x0094),8.018,no,the line between them touches another wall,wall of tile 01EB11 (room 0x0e)
wall of tile 01EB11 (room 0x0e),wall of tile 02FB22 (room 0x13),31.183,no,the line between them touches another wall,wall of tile 01AE22 (room 0x13)
wall of tile 01EB11 (room 0x0e),wall of tile 02DF21 (room 0x13),58.442,no,"another wall pokes into the space between them, so a tighter pair covers this gap",wall of tile 02FB22 (room 0x13)
wall of tile 01EB11 (room 0x0e),wall of tile 054622 (room 0x13),58.442,no,the far wall faces the other way (it belongs to floor which isn't linked here),
wall of tile 01EB11 (room 0x0e),wall of tile 054621 (room 0x13),58.442,no,the far wall faces the other way (it belongs to floor which isn't linked here),
wall of tile 01EB12 (room 0x0e),wall of tile 02FB22 (room 0x13),29.800,no,the line between them touches another wall,wall of tile 01AE21 (room 0x13)
wall of tile 01AE21 (room 0x13),door 0x1d8afc (preset 0x0094),12.027,no,the line between them touches another wall,wall of tile 01EB12 (room 0x0e)
wall of tile 01AE22 (room 0x13),wall of tile 02DF21 (room 0x13),32.073,no,the line between them touches another wall,wall of tile 02FB22 (room 0x13)
wall of tile 01AE22 (room 0x13),wall of tile 054521 (room 0x13),52.731,no,"the line between them leaves the walkable area (a wall's thickness, or another floor)",
wall of tile 01AE22 (room 0x13),wall of tile 054521 (room 0x13),52.731,no,"the line between them leaves the walkable area (a wall's thickness, or another floor)",
wall of tile 01AE22 (room 0x13),wall of tile 054622 (room 0x13),32.073,no,the line between them touches another wall,wall of tile 02FB22 (room 0x13)
wall of tile 01AE22 (room 0x13),wall of tile 054621 (room 0x13),32.073,no,the line between them touches another wall,wall of tile 02FB22 (room 0x13)
wall of tile 01AE22 (room 0x13),door 0x1d8afc (preset 0x0094),12.027,no,the line between them touches another wall,wall of tile 01EB11 (room 0x0e)
wall of tile 02FB22 (room 0x13),wall of tile 02DF22 (room 0x13),32.073,no,the line between them touches another wall,wall of tile 02FB21 (room 0x13)
wall of tile 02FB22 (room 0x13),door 0x1d8afc (preset 0x0094),29.800,no,the line between them touches another wall,wall of tile 01AE21 (room 0x13)
wall of tile 02FB22 (room 0x13),door 0x1d8afc (preset 0x0094),29.800,no,the line between them touches another wall,wall of tile 01AE21 (room 0x13)
wall of tile 02FB22 (room 0x13),door 0x1d8afc (preset 0x0094),39.536,no,"the line between them leaves the walkable area (a wall's thickness, or another floor)",
wall of tile 02FB22 (room 0x13),wall of tile 054521 (room 0x13),52.118,no,"the line between them leaves the walkable area (a wall's thickness, or another floor)",
wall of tile 02FB22 (room 0x13),wall of tile 054521 (room 0x13),52.118,no,"the line between them leaves the walkable area (a wall's thickness, or another floor)",
wall of tile 02FB22 (room 0x13),door 0x1d8afc (preset 0x0094),31.183,no,the line between them touches another wall,wall of tile 01AE22 (room 0x13)
wall of tile 02FB22 (room 0x13),door 0x1d8afc (preset 0x0094),31.183,no,the line between them touches another wall,wall of tile 01AE22 (room 0x13)
wall of tile 02FB22 (room 0x13),door 0x1d8afc (preset 0x0094),40.589,no,"the line between them leaves the walkable area (a wall's thickness, or another floor)",
wall of tile 02DF22 (room 0x13),wall of tile 02F522 (room 0x13),8.965,no,the line between them touches another wall,wall of tile 057121 (room 0x13)
wall of tile 02DF22 (room 0x13),wall of tile 057021 (room 0x13),41.276,no,"another wall pokes into the space between them, so a tighter pair covers this gap",wall of tile 057121 (room 0x13)
wall of tile 02DF22 (room 0x13),wall of tile 02F822 (room 0x13),52.003,no,"the line between them leaves the walkable area (a wall's thickness, or another floor)",
wall of tile 02DF21 (room 0x13),wall of tile 054521 (room 0x13),52.118,no,"the line between them leaves the walkable area (a wall's thickness, or another floor)",
wall of tile 02DF21 (room 0x13),wall of tile 054521 (room 0x13),57.401,no,"the line between them leaves the walkable area (a wall's thickness, or another floor)",
wall of tile 02DF21 (room 0x13),door 0x1d8afc (preset 0x0094),58.442,no,"another wall pokes into the space between them, so a tighter pair covers this gap",wall of tile 02FB22 (room 0x13)
wall of tile 02DF21 (room 0x13),door 0x1d8afc (preset 0x0094),58.442,no,"another wall pokes into the space between them, so a tighter pair covers this gap",wall of tile 02FB22 (room 0x13)
wall of tile 02DF21 (room 0x13),wall of tile 02F521 (room 0x13),10.023,no,the line between them touches another wall,wall of tile 057122 (room 0x13)
wall of tile 02DF21 (room 0x13),wall of tile 057022 (room 0x13),42.286,no,"another wall pokes into the space between them, so a tighter pair covers this gap",wall of tile 02F521 (room 0x13)
wall of tile 02DF21 (room 0x13),wall of tile 02F821 (room 0x13),52.959,no,"another wall pokes into the space between them, so a tighter pair covers this gap",wall of tile 057022 (room 0x13)
wall of tile 02DF21 (room 0x13),wall of tile 054921 (room 0x13),20.586,no,the far wall faces the other way (it belongs to floor which isn't linked here),
wall of tile 057121 (room 0x13),wall of tile 057021 (room 0x13),32.322,no,the line between them touches another wall,wall of tile 02F522 (room 0x13)
wall of tile 057121 (room 0x13),wall of tile 02F822 (room 0x13),43.039,no,"the line between them leaves the walkable area (a wall's thickness, or another floor)",
wall of tile 057122 (room 0x13),wall of tile 057022 (room 0x13),32.322,no,the line between them touches another wall,wall of tile 02F521 (room 0x13)
wall of tile 057122 (room 0x13),wall of tile 02F821 (room 0x13),43.039,no,"another wall pokes into the space between them, so a tighter pair covers this gap",wall of tile 057022 (room 0x13)
wall of tile 057122 (room 0x13),wall of tile 054921 (room 0x13),20.586,no,the far wall faces the other way (it belongs to floor which isn't linked here),
wall of tile 02F522 (room 0x13),wall of tile 02F822 (room 0x13),10.795,no,the line between them touches another wall,wall of tile 057021 (room 0x13)
wall of tile 02F522 (room 0x13),wall of tile 056F21 (room 0x13),41.276,no,"another wall pokes into the space between them, so a tighter pair covers this gap",wall of tile 057021 (room 0x13)
wall of tile 02F522 (room 0x13),wall of tile 02F322 (room 0x13),52.959,no,"another wall pokes into the space between them, so a tighter pair covers this gap",wall of tile 057021 (room 0x13)
wall of tile 02F521 (room 0x13),wall of tile 02F821 (room 0x13),10.795,no,the line between them touches another wall,wall of tile 057022 (room 0x13)
wall of tile 02F521 (room 0x13),wall of tile 056F22 (room 0x13),41.276,no,"the line between them leaves the walkable area (a wall's thickness, or another floor)",
wall of tile 02F521 (room 0x13),wall of tile 02F321 (room 0x13),52.960,no,"the line between them leaves the walkable area (a wall's thickness, or another floor)",
wall of tile 02F521 (room 0x13),wall of tile 054921 (room 0x13),19.337,no,the far wall faces the other way (it belongs to floor which isn't linked here),
wall of tile 02F521 (room 0x13),wall of tile 054922 (room 0x13),10.023,no,the line between them touches another wall,wall of tile 057122 (room 0x13)
wall of tile 02F521 (room 0x13),wall of tile 054821 (room 0x13),10.023,no,the line between them touches another wall,wall of tile 057122 (room 0x13)
wall of tile 057021 (room 0x13),wall of tile 056F21 (room 0x13),30.598,no,the line between them touches another wall,wall of tile 02F822 (room 0x13)
wall of tile 057021 (room 0x13),wall of tile 02F322 (room 0x13),42.286,no,"the line between them leaves the walkable area (a wall's thickness, or another floor)",
wall of tile 057022 (room 0x13),wall of tile 056F22 (room 0x13),30.598,no,the line between them touches another wall,wall of tile 02F821 (room 0x13)
wall of tile 057022 (room 0x13),wall of tile 02F321 (room 0x13),42.286,no,"another wall pokes into the space between them, so a tighter pair covers this gap",wall of tile 02F821 (room 0x13)
wall of tile 057022 (room 0x13),wall of tile 054921 (room 0x13),17.218,no,the far wall faces the other way (it belongs to floor which isn't linked here),
wall of tile 057022 (room 0x13),wall of tile 054922 (room 0x13),42.286,no,the far wall faces the other way (it belongs to floor which isn't linked here),
wall of tile 057022 (room 0x13),wall of tile 054821 (room 0x13),42.286,no,the far wall faces the other way (it belongs to floor which isn't linked here),
wall of tile 02F822 (room 0x13),wall of tile 02F322 (room 0x13),11.688,no,the line between them touches another wall,wall of tile 056F21 (room 0x13)
wall of tile 02F822 (room 0x13),wall of tile 056E21 (room 0x13),44.009,no,"the line between them leaves the walkable area (a wall's thickness, or another floor)",
wall of tile 02F822 (room 0x13),wall of tile 02F122 (room 0x13),52.959,no,"the line between them leaves the walkable area (a wall's thickness, or another floor)",
wall of tile 02F821 (room 0x13),wall of tile 02F321 (room 0x13),11.688,no,the line between them touches another wall,wall of tile 056F22 (room 0x13)
wall of tile 02F821 (room 0x13),wall of tile 056E22 (room 0x13),44.009,no,"another wall pokes into the space between them, so a tighter pair covers this gap",wall of tile 02F321 (room 0x13)
wall of tile 02F821 (room 0x13),wall of tile 02F121 (room 0x13),52.959,no,"another wall pokes into the space between them, so a tighter pair covers this gap",wall of tile 02F321 (room 0x13)
wall of tile 02F821 (room 0x13),wall of tile 054921 (room 0x13),16.409,no,the far wall faces the other way (it belongs to floor which isn't linked here),
wall of tile 02F821 (room 0x13),wall of tile 054922 (room 0x13),52.959,no,the far wall faces the other way (it belongs to floor which isn't linked here),
wall of tile 02F821 (room 0x13),wall of tile 054821 (room 0x13),52.959,no,the far wall faces the other way (it belongs to floor which isn't linked here),
wall of tile 056F21 (room 0x13),wall of tile 056E21 (room 0x13),32.322,no,the line between them touches another wall,wall of tile 02F322 (room 0x13)
wall of tile 056F21 (room 0x13),wall of tile 02F122 (room 0x13),41.276,no,"the line between them leaves the walkable area (a wall's thickness, or another floor)",
wall of tile 056F22 (room 0x13),wall of tile 056E22 (room 0x13),32.322,no,the line between them touches another wall,wall of tile 02F321 (room 0x13)
wall of tile 056F22 (room 0x13),wall of tile 02F121 (room 0x13),41.276,no,"another wall pokes into the space between them, so a tighter pair covers this gap",wall of tile 02F321 (room 0x13)
wall of tile 056F22 (room 0x13),wall of tile 054921 (room 0x13),15.969,no,the far wall faces the other way (it belongs to floor which isn't linked here),
wall of tile 02F322 (room 0x13),wall of tile 02F122 (room 0x13),8.965,no,the line between them touches another wall,wall of tile 056E21 (room 0x13)
wall of tile 02F322 (room 0x13),wall of tile 056D21 (room 0x13),41.276,no,"another wall pokes into the space between them, so a tighter pair covers this gap",wall of tile 02F122 (room 0x13)
wall of tile 02F322 (room 0x13),wall of tile 02EF22 (room 0x13),52.959,no,"another wall pokes into the space between them, so a tighter pair covers this gap",wall of tile 02F122 (room 0x13)
wall of tile 02F321 (room 0x13),wall of tile 02F121 (room 0x13),8.965,no,the line between them touches another wall,wall of tile 056E22 (room 0x13)
wall of tile 02F321 (room 0x13),wall of tile 056D22 (room 0x13),41.276,no,"the line between them leaves the walkable area (a wall's thickness, or another floor)",
wall of tile 02F321 (room 0x13),wall of tile 02EF21 (room 0x13),52.959,no,"the line between them leaves the walkable area (a wall's thickness, or another floor)",
wall of tile 02F321 (room 0x13),wall of tile 054921 (room 0x13),14.065,no,the far wall faces the other way (it belongs to floor which isn't linked here),
wall of tile 056E21 (room 0x13),wall of tile 056D21 (room 0x13),32.322,no,the line between them touches another wall,wall of tile 02F122 (room 0x13)
wall of tile 056E21 (room 0x13),wall of tile 02EF22 (room 0x13),44.009,no,"another wall pokes into the space between them, so a tighter pair covers this gap",wall of tile 02F122 (room 0x13)
wall of tile 056E22 (room 0x13),wall of tile 056D22 (room 0x13),32.322,no,the line between them touches another wall,wall of tile 02F121 (room 0x13)
wall of tile 056E22 (room 0x13),wall of tile 02EF21 (room 0x13),44.009,no,"the line between them leaves the walkable area (a wall's thickness, or another floor)",
wall of tile 056E22 (room 0x13),wall of tile 054921 (room 0x13),13.042,no,the far wall faces the other way (it belongs to floor which isn't linked here),
wall of tile 02F122 (room 0x13),wall of tile 02EF22 (room 0x13),11.688,no,the line between them touches another wall,wall of tile 056D21 (room 0x13)
wall of tile 02F122 (room 0x13),wall of tile 056C21 (room 0x13),42.286,no,"another wall pokes into the space between them, so a tighter pair covers this gap",wall of tile 02EF22 (room 0x13)
wall of tile 02F122 (room 0x13),wall of tile 02EB22 (room 0x13),52.959,no,"the line between them leaves the walkable area (a wall's thickness, or another floor)",
wall of tile 02F121 (room 0x13),wall of tile 02EF21 (room 0x13),11.688,no,the line between them touches another wall,wall of tile 056D22 (room 0x13)
wall of tile 02F121 (room 0x13),wall of tile 056C22 (room 0x13),42.286,no,"the line between them leaves the walkable area (a wall's thickness, or another floor)",
wall of tile 02F121 (room 0x13),wall of tile 02EB21 (room 0x13),53.974,no,"the line between them leaves the walkable area (a wall's thickness, or another floor)",
wall of tile 02F121 (room 0x13),wall of tile 054921 (room 0x13),11.138,no,the far wall faces the other way (it belongs to floor which isn't linked here),
wall of tile 056D21 (room 0x13),wall of tile 056C21 (room 0x13),30.598,no,the line between them touches another wall,wall of tile 02EF22 (room 0x13)
wall of tile 056D21 (room 0x13),wall of tile 02EB22 (room 0x13),41.276,no,"the line between them leaves the walkable area (a wall's thickness, or another floor)",
wall of tile 056D22 (room 0x13),wall of tile 056C22 (room 0x13),30.598,no,the line between them touches another wall,wall of tile 02EF21 (room 0x13)
wall of tile 056D22 (room 0x13),wall of tile 02EB21 (room 0x13),42.286,no,"another wall pokes into the space between them, so a tighter pair covers this gap",wall of tile 02EF21 (room 0x13)
wall of tile 056D22 (room 0x13),wall of tile 054921 (room 0x13),10.697,no,the far wall faces the other way (it belongs to floor which isn't linked here),
wall of tile 02EF22 (room 0x13),wall of tile 02EB22 (room 0x13),10.795,no,the line between them touches another wall,wall of tile 056C21 (room 0x13)
wall of tile 02EF22 (room 0x13),wall of tile 056B21 (room 0x13),43.040,no,"another wall pokes into the space between them, so a tighter pair covers this gap",wall of tile 02EB22 (room 0x13)
wall of tile 02EF22 (room 0x13),wall of tile 02ED22 (room 0x13),52.960,no,"another wall pokes into the space between them, so a tighter pair covers this gap",wall of tile 02EB22 (room 0x13)
wall of tile 02EF21 (room 0x13),wall of tile 02EB21 (room 0x13),11.688,no,the line between them touches another wall,wall of tile 056C22 (room 0x13)
wall of tile 02EF21 (room 0x13),wall of tile 056B22 (room 0x13),44.009,no,"another wall pokes into the space between them, so a tighter pair covers this gap",wall of tile 02EB21 (room 0x13)
wall of tile 02EF21 (room 0x13),wall of tile 02ED21 (room 0x13),52.959,no,"another wall pokes into the space between them, so a tighter pair covers this gap",wall of tile 02EB21 (room 0x13)
wall of tile 02EF21 (room 0x13),wall of tile 054921 (room 0x13),9.889,no,the far wall faces the other way (it belongs to floor which isn't linked here),
wall of tile 056C21 (room 0x13),wall of tile 056B21 (room 0x13),32.322,no,the line between them touches another wall,wall of tile 02EB22 (room 0x13)
wall of tile 056C21 (room 0x13),wall of tile 02ED22 (room 0x13),42.286,no,"another wall pokes into the space between them, so a tighter pair covers this gap",wall of tile 02EB22 (room 0x13)
wall of tile 056C22 (room 0x13),wall of tile 056B22 (room 0x13),32.322,no,the line between them touches another wall,wall of tile 02EB21 (room 0x13)
wall of tile 056C22 (room 0x13),wall of tile 02ED21 (room 0x13),41.276,no,"another wall pokes into the space between them, so a tighter pair covers this gap",wall of tile 02EB21 (room 0x13)
wall of tile 056C22 (room 0x13),wall of tile 054921 (room 0x13),9.449,no,the far wall faces the other way (it belongs to floor which isn't linked here),
wall of tile 02EB22 (room 0x13),wall of tile 02ED22 (room 0x13),10.023,no,the line between them touches another wall,wall of tile 056B21 (room 0x13)
wall of tile 02EB22 (room 0x13),wall of tile 056A21 (room 0x13),42.286,no,"the line between them leaves the walkable area (a wall's thickness, or another floor)",
wall of tile 02EB22 (room 0x13),wall of tile 02E922 (room 0x13),53.974,no,"the line between them leaves the walkable area (a wall's thickness, or another floor)",
wall of tile 02EB21 (room 0x13),wall of tile 02ED21 (room 0x13),8.964,no,the line between them touches another wall,wall of tile 056B22 (room 0x13)
wall of tile 02EB21 (room 0x13),wall of tile 056A22 (room 0x13),41.276,no,"the line between them leaves the walkable area (a wall's thickness, or another floor)",
wall of tile 02EB21 (room 0x13),wall of tile 02E921 (room 0x13),52.959,no,"the line between them leaves the walkable area (a wall's thickness, or another floor)",
wall of tile 02EB21 (room 0x13),wall of tile 054921 (room 0x13),7.544,no,the far wall faces the other way (it belongs to floor which isn't linked here),
wall of tile 056B21 (room 0x13),wall of tile 056A21 (room 0x13),32.322,no,the line between them touches another wall,wall of tile 02ED22 (room 0x13)
wall of tile 056B21 (room 0x13),wall of tile 02E922 (room 0x13),44.009,no,"another wall pokes into the space between them, so a tighter pair covers this gap",wall of tile 02ED22 (room 0x13)
wall of tile 056B22 (room 0x13),wall of tile 056A22 (room 0x13),32.322,no,the line between them touches another wall,wall of tile 02ED21 (room 0x13)
wall of tile 056B22 (room 0x13),wall of tile 02E921 (room 0x13),44.009,no,"the line between them leaves the walkable area (a wall's thickness, or another floor)",
wall of tile 056B22 (room 0x13),wall of tile 054921 (room 0x13),6.521,no,the far wall faces the other way (it belongs to floor which isn't linked here),
wall of tile 02ED22 (room 0x13),wall of tile 02E922 (room 0x13),11.689,no,the line between them touches another wall,wall of tile 056A21 (room 0x13)
wall of tile 02ED22 (room 0x13),wall of tile 056921 (room 0x13),42.286,no,"another wall pokes into the space between them, so a tighter pair covers this gap",wall of tile 02E922 (room 0x13)
wall of tile 02ED22 (room 0x13),wall of tile 02E722 (room 0x13),52.960,no,"the line between them leaves the walkable area (a wall's thickness, or another floor)",
wall of tile 02ED21 (room 0x13),wall of tile 02E921 (room 0x13),11.688,no,the line between them touches another wall,wall of tile 056A22 (room 0x13)
wall of tile 02ED21 (room 0x13),wall of tile 056922 (room 0x13),42.286,no,"the line between them leaves the walkable area (a wall's thickness, or another floor)",
wall of tile 02ED21 (room 0x13),wall of tile 02E721 (room 0x13),52.960,no,"another wall pokes into the space between them, so a tighter pair covers this gap",wall of tile 02E921 (room 0x13)
wall of tile 02ED21 (room 0x13),wall of tile 054921 (room 0x13),4.617,no,the far wall faces the other way (it belongs to floor which isn't linked here),
wall of tile 056A21 (room 0x13),wall of tile 056921 (room 0x13),30.598,no,the line between them touches another wall,wall of tile 02E922 (room 0x13)
wall of tile 056A21 (room 0x13),wall of tile 02E722 (room 0x13),41.276,no,"the line between them leaves the walkable area (a wall's thickness, or another floor)",
wall of tile 056A22 (room 0x13),wall of tile 056922 (room 0x13),30.598,no,the line between them touches another wall,wall of tile 02E921 (room 0x13)
wall of tile 056A22 (room 0x13),wall of tile 02E721 (room 0x13),41.276,no,"another wall pokes into the space between them, so a tighter pair covers this gap",wall of tile 02E921 (room 0x13)
wall of tile 056A22 (room 0x13),wall of tile 054921 (room 0x13),4.177,no,the far wall faces the other way (it belongs to floor which isn't linked here),
wall of tile 02E922 (room 0x13),wall of tile 02E722 (room 0x13),10.795,no,the line between them touches another wall,wall of tile 056921 (room 0x13)
wall of tile 02E922 (room 0x13),wall of tile 056821 (room 0x13),43.040,no,"another wall pokes into the space between them, so a tighter pair covers this gap",wall of tile 02E722 (room 0x13)
wall of tile 02E922 (room 0x13),wall of tile 054A21 (room 0x13),52.959,no,"another wall pokes into the space between them, so a tighter pair covers this gap",wall of tile 02E722 (room 0x13)
wall of tile 02E921 (room 0x13),wall of tile 02E721 (room 0x13),10.795,no,the line between them touches another wall,wall of tile 056922 (room 0x13)
wall of tile 02E921 (room 0x13),wall of tile 056822 (room 0x13),43.039,no,"the line between them leaves the walkable area (a wall's thickness, or another floor)",
wall of tile 02E921 (room 0x13),wall of tile 054921 (room 0x13),3.368,no,the far wall faces the other way (it belongs to floor which isn't linked here),
wall of tile 056921 (room 0x13),wall of tile 056821 (room 0x13),32.322,no,the line between them touches another wall,wall of tile 02E722 (room 0x13)
wall of tile 056921 (room 0x13),wall of tile 054A21 (room 0x13),42.286,no,"another wall pokes into the space between them, so a tighter pair covers this gap",wall of tile 02E722 (room 0x13)
wall of tile 056922 (room 0x13),wall of tile 056822 (room 0x13),32.322,no,the line between them touches another wall,wall of tile 02E721 (room 0x13)
wall of tile 056922 (room 0x13),wall of tile 054921 (room 0x13),1.249,no,the far wall faces the other way (it belongs to floor which isn't linked here),
wall of tile 02E722 (room 0x13),wall of tile 054A21 (room 0x13),10.023,no,the line between them touches another wall,wall of tile 056821 (room 0x13)
wall of tile 054A21 (room 0x13),wall of tile 054B21 (room 0x13),52.118,no,the line between them touches another wall,wall of tile 054B21 (room 0x13)
wall of tile 054A21 (room 0x13),wall of tile 054B21 (room 0x13),32.073,no,the line between them touches another wall,wall of tile 054A21 (room 0x13)
wall of tile 054B21 (room 0x13),wall of tile 054D22 (room 0x13),20.046,no,the line between them touches another wall,wall of tile 054C21 (room 0x13)
wall of tile 054921 (room 0x13),wall of tile 054821 (room 0x13),20.586,no,"another wall pokes into the space between them, so a tighter pair covers this gap",wall of tile 054922 (room 0x13)
wall of tile 054D22 (room 0x13),wall of tile 054F22 (room 0x13),20.046,no,the line between them touches another wall,wall of tile 054F22 (room 0x13)
wall of tile 059221 (room 0x13),wall of tile 055422 (room 0x13),52.118,no,the line between them touches another wall,wall of tile 055322 (room 0x13)
wall of tile 003950 (room 0x4c),wall of tile 002050 (room 0x4b),19.844,no,the line between them touches another wall,wall of tile 003A50 (room 0x4c)
wall of tile 003950 (room 0x4c),wall of tile 027252 (room 0x4b),51.537,no,"the line between them leaves the walkable area (a wall's thickness, or another floor)",
wall of tile 003A50 (room 0x4c),wall of tile 027252 (room 0x4b),52.617,no,"the line between them leaves the walkable area (a wall's thickness, or another floor)",
wall of tile 003A50 (room 0x4c),wall of tile 027252 (room 0x4b),36.137,no,the line between them touches another wall,wall of tile 002050 (room 0x4b)
wall of tile 002050 (room 0x4b),wall of tile 027252 (room 0x4b),19.844,no,the line between them touches another wall,wall of tile 027252 (room 0x4b)
wall of tile 027650 (room 0x4b),wall of tile 027352 (room 0x4b),19.844,no,the line between them touches another wall,wall of tile 027352 (room 0x4b)
wall of tile 027650 (room 0x4b),wall of tile 003D51 (room 0x4c),21.309,no,the line between them touches another wall,wall of tile 003D51 (room 0x4c)
wall of tile 027352 (room 0x4b),wall of tile 003D51 (room 0x4c),52.617,no,"the line between them leaves the walkable area (a wall's thickness, or another floor)",
wall of tile 027352 (room 0x4b),wall of tile 003D51 (room 0x4c),36.082,no,the line between them touches another wall,wall of tile 027650 (room 0x4b)
wall of tile 027352 (room 0x4b),wall of tile 003D51 (room 0x4c),52.041,no,"the line between them leaves the walkable area (a wall's thickness, or another floor)",
wall of tile 002352 (room 0x4b),wall of tile 001150 (room 0x4b),53.974,no,"the line between them leaves the walkable area (a wall's thickness, or another floor)",
wall of tile 002352 (room 0x4b),wall of tile 001050 (room 0x4b),21.309,no,the line between them touches another wall,wall of tile 002351 (room 0x4b)
wall of tile 002351 (room 0x4b),wall of tile 001250 (room 0x4b),52.617,no,"the line between them leaves the walkable area (a wall's thickness, or another floor)",
wall of tile 002351 (room 0x4b),wall of tile 001150 (room 0x4b),36.082,no,the line between them touches another wall,wall of tile 001050 (room 0x4b)
wall of tile 001950 (room 0x4b),wall of tile 001D50 (room 0x4b),21.309,no,the line between them touches another wall,wall of tile 001A50 (room 0x4b)
wall of tile 001950 (room 0x4b),wall of tile 002F51 (room 0x4b),21.309,no,the line between them touches another wall,wall of tile 002F51 (room 0x4b)
wall of tile 001650 (room 0x4b),wall of tile 001250 (room 0x4b),22.679,no,the line between them touches another wall,wall of tile 001350 (room 0x4b)
wall of tile 001650 (room 0x4b),wall of tile 027551 (room 0x4b),21.309,no,the line between them touches another wall,wall of tile 027551 (room 0x4b)
wall of tile 001350 (room 0x4b),wall of tile 027551 (room 0x4b),52.617,no,"the line between them leaves the walkable area (a wall's thickness, or another floor)",
wall of tile 001350 (room 0x4b),wall of tile 027551 (room 0x4b),34.136,no,the line between them touches another wall,wall of tile 001650 (room 0x4b)
wall of tile 001250 (room 0x4b),wall of tile 001050 (room 0x4b),21.309,no,the line between them touches another wall,wall of tile 001150 (room 0x4b)
wall of tile 001250 (room 0x4b),wall of tile 027551 (room 0x4b),52.041,no,"the line between them leaves the walkable area (a wall's thickness, or another floor)",
wall of tile 002952 (room 0x4b),wall of tile 000150 (room 0x4b),52.041,no,"the line between them leaves the walkable area (a wall's thickness, or another floor)",
wall of tile 002952 (room 0x4b),wall of tile 000050 (room 0x4b),19.844,no,the line between them touches another wall,wall of tile 002951 (room 0x4b)
wall of tile 002952 (room 0x4b),generic 0x1d5210 (preset 0x0036),57.739,yes,,
wall of tile 002952 (room 0x4b),generic 0x1d5210 (preset 0x0036),57.739,yes,,
wall of tile 002951 (room 0x4b),wall of tile 000250 (room 0x4b),52.617,no,"the line between them leaves the walkable area (a wall's thickness, or another floor)",
wall of tile 002951 (room 0x4b),wall of tile 000150 (room 0x4b),36.082,no,the line between them touches another wall,wall of tile 000050 (room 0x4b)
wall of tile 000950 (room 0x4b),wall of tile 000D50 (room 0x4b),21.309,no,the line between them touches another wall,wall of tile 000A50 (room 0x4b)
wall of tile 000950 (room 0x4b),wall of tile 003551 (room 0x4b),19.844,no,the line between them touches another wall,wall of tile 003551 (room 0x4b)
wall of tile 000950 (room 0x4b),generic 0x1d5290 (preset 0x0037),46.665,yes,,
wall of tile 000950 (room 0x4b),generic 0x1d5290 (preset 0x0037),51.957,no,"another wall pokes into the space between them, so a tighter pair covers this gap",generic 0x1d5290 (preset 0x0037)
wall of tile 029F50 (room 0x4b),wall of tile 000E51 (room 0x4b),21.309,no,the line between them touches another wall,wall of tile 000E52 (room 0x4b)
wall of tile 029F50 (room 0x4b),wall of tile 002159 (room 0x4d),19.844,no,the line between them touches another wall,wall of tile 000F52 (room 0x4b)
wall of tile 000E52 (room 0x4b),wall of tile 000F52 (room 0x4b),36.137,no,the line between them touches another wall,wall of tile 029F50 (room 0x4b)
wall of tile 000E52 (room 0x4b),wall of tile 002159 (room 0x4d),52.617,no,"the line between them leaves the walkable area (a wall's thickness, or another floor)",
wall of tile 000650 (room 0x4b),wall of tile 000250 (room 0x4b),22.679,no,the line between them touches another wall,wall of tile 000350 (room 0x4b)
wall of tile 000650 (room 0x4b),wall of tile 000E51 (room 0x4b),14.463,no,"another wall pokes into the space between them, so a tighter pair covers this gap",wall of tile 000E51 (room 0x4b)
wall of tile 000350 (room 0x4b),wall of tile 000E51 (room 0x4b),50.590,no,"another wall pokes into the space between them, so a tighter pair covers this gap",wall of tile 000E51 (room 0x4b)
wall of tile 000350 (room 0x4b),wall of tile 000E51 (room 0x4b),36.138,no,the line between them touches another wall,wall of tile 000650 (room 0x4b)
wall of tile 000250 (room 0x4b),wall of tile 000050 (room 0x4b),21.309,no,the line between them touches another wall,wall of tile 000150 (room 0x4b)
wall of tile 000250 (room 0x4b),wall of tile 000E51 (room 0x4b),53.974,no,"the line between them leaves the walkable area (a wall's thickness, or another floor)",
wall of tile 000E51 (room 0x4b),wall of tile 000F52 (room 0x4b),52.041,no,"the line between them leaves the walkable area (a wall's thickness, or another floor)",
wall of tile 000B50 (room 0x4b),wall of tile 002058 (room 0x4d),22.679,no,the line between them touches another wall,wall of tile 000F51 (room 0x4b)
wall of tile 000B50 (room 0x4b),wall of tile 000D50 (room 0x4b),22.679,no,the line between them touches another wall,wall of tile 000C50 (room 0x4b)
wall of tile 000B50 (room 0x4b),generic 0x1d5310 (preset 0x0038),31.379,yes,,
wall of tile 000B50 (room 0x4b),generic 0x1d5310 (preset 0x0038),31.379,yes,,
wall of tile 000F51 (room 0x4b),wall of tile 001E59 (room 0x4d),44.823,no,the line between them touches another wall,wall of tile 002058 (room 0x4d)
wall of tile 000F51 (room 0x4b),wall of tile 000C50 (room 0x4b),34.136,no,the line between them touches another wall,wall of tile 000B50 (room 0x4b)
wall of tile 000F51 (room 0x4b),wall of tile 000D50 (room 0x4b),53.262,no,"the line between them leaves the walkable area (a wall's thickness, or another floor)",
wall of tile 000F51 (room 0x4b),generic 0x1d5310 (preset 0x0038),36.620,no,"another wall pokes into the space between them, so a tighter pair covers this gap",wall of tile 000B50 (room 0x4b)
wall of tile 000F51 (room 0x4b),generic 0x1d5310 (preset 0x0038),36.620,no,"another wall pokes into the space between them, so a tighter pair covers this gap",wall of tile 000B50 (room 0x4b)
wall of tile 002058 (room 0x4d),wall of tile 002A59 (room 0x4f),35.065,no,the line between them touches another wall,wall of tile 001E59 (room 0x4d)
wall of tile 002058 (room 0x4d),wall of tile 023959 (room 0x4f),56.163,no,"the line between them leaves the walkable area (a wall's thickness, or another floor)",
wall of tile 002058 (room 0x4d),wall of tile 000C50 (room 0x4b),52.041,no,"the line between them leaves the walkable area (a wall's thickness, or another floor)",
wall of tile 002058 (room 0x4d),generic 0x1d5310 (preset 0x0038),59.059,no,"another wall pokes into the space between them, so a tighter pair covers this gap",wall of tile 000F51 (room 0x4b)
wall of tile 002058 (room 0x4d),generic 0x1d5310 (preset 0x0038),59.059,no,"another wall pokes into the space between them, so a tighter pair covers this gap",wall of tile 000F51 (room 0x4b)
wall of tile 002358 (room 0x4d),generic 0x1d5390 (preset 0x0039),31.248,yes,,
wall of tile 002358 (room 0x4d),generic 0x1d5390 (preset 0x0039),31.248,yes,,
wall of tile 002458 (room 0x4d),wall of tile 01C862 (room 0x51),21.309,no,the line between them touches another wall,wall of tile 01C962 (room 0x51)
wall of tile 002458 (room 0x4d),wall of tile 01C761 (room 0x51),51.537,no,"the line between them leaves the walkable area (a wall's thickness, or another floor)",
wall of tile 002458 (room 0x4d),generic 0x1d5390 (preset 0x0039),40.528,no,"another wall pokes into the space between them, so a tighter pair covers this gap",wall of tile 002358 (room 0x4d)
wall of tile 002458 (room 0x4d),generic 0x1d5390 (preset 0x0039),40.528,no,"another wall pokes into the space between them, so a tighter pair covers this gap",wall of tile 002358 (room 0x4d)
wall of tile 001D59 (room 0x4d),wall of tile 01C861 (room 0x51),21.308,no,the line between them touches another wall,wall of tile 01C961 (room 0x51)
wall of tile 001D59 (room 0x4d),wall of tile 01C762 (room 0x51),53.262,no,"the line between them leaves the walkable area (a wall's thickness, or another floor)",
wall of tile 01C961 (room 0x51),wall of tile 01C762 (room 0x51),36.137,no,the line between them touches another wall,wall of tile 01C861 (room 0x51)
wall of tile 01C961 (room 0x51),wall of tile 01C660 (room 0x51),53.974,no,"the line between them leaves the walkable area (a wall's thickness, or another floor)",
wall of tile 01C962 (room 0x51),wall of tile 01C761 (room 0x51),34.136,no,the line between them touches another wall,wall of tile 01C862 (room 0x51)
wall of tile 01C962 (room 0x51),wall of tile 01C460 (room 0x51),52.617,no,"the line between them leaves the walkable area (a wall's thickness, or another floor)",
wall of tile 01C861 (room 0x51),wall of tile 01C660 (room 0x51),22.679,no,the line between them touches another wall,wall of tile 01C762 (room 0x51)
wall of tile 01C862 (room 0x51),wall of tile 01C460 (room 0x51),21.309,no,the line between them touches another wall,wall of tile 01C761 (room 0x51)
wall of tile 01C460 (room 0x51),wall of tile 01CF62 (room 0x51),19.844,no,the line between them touches another wall,wall of tile 01D062 (room 0x51)
wall of tile 01C460 (room 0x51),wall of tile 01CE61 (room 0x51),51.537,no,"the line between them leaves the walkable area (a wall's thickness, or another floor)",
wall of tile 01C660 (room 0x51),wall of tile 01CF61 (room 0x51),21.309,no,the line between them touches another wall,wall of tile 01D061 (room 0x51)
wall of tile 01C660 (room 0x51),wall of tile 01CE62 (room 0x51),53.262,no,"the line between them leaves the walkable area (a wall's thickness, or another floor)",
wall of tile 01D061 (room 0x51),wall of tile 01CE62 (room 0x51),36.137,no,the line between them touches another wall,wall of tile 01CF61 (room 0x51)
wall of tile 01D061 (room 0x51),wall of tile 01CD60 (room 0x51),52.041,no,"the line between them leaves the walkable area (a wall's thickness, or another floor)",
wall of tile 01D062 (room 0x51),wall of tile 01CE61 (room 0x51),36.138,no,the line between them touches another wall,wall of tile 01CF62 (room 0x51)
wall of tile 01D062 (room 0x51),wall of tile 01CB60 (room 0x51),52.617,no,"the line between them leaves the walkable area (a wall's thickness, or another floor)",
wall of tile 01CF61 (room 0x51),wall of tile 01CD60 (room 0x51),21.308,no,the line between them touches another wall,wall of tile 01CE62 (room 0x51)
wall of tile 01CF62 (room 0x51),wall of tile 01CB60 (room 0x51),19.844,no,the line between them touches another wall,wall of tile 01CE61 (room 0x51)
wall of tile 01CB60 (room 0x51),wall of tile 01D662 (room 0x52),22.679,no,the line between them touches another wall,wall of tile 01D762 (room 0x52)
wall of tile 01CB60 (room 0x51),wall of tile 01D561 (room 0x52),53.974,no,"the line between them leaves the walkable area (a wall's thickness, or another floor)",
wall of tile 01CD60 (room 0x51),wall of tile 01D661 (room 0x52),21.309,no,the line between them touches another wall,wall of tile 01D761 (room 0x52)
wall of tile 01CD60 (room 0x51),wall of tile 01D562 (room 0x52),52.617,no,"the line between them leaves the walkable area (a wall's thickness, or another floor)",
wall of tile 01D761 (room 0x52),wall of tile 01D562 (room 0x52),34.136,no,the line between them touches another wall,wall of tile 01D661 (room 0x52)
wall of tile 01D761 (room 0x52),wall of tile 01D460 (room 0x52),52.041,no,"the line between them leaves the walkable area (a wall's thickness, or another floor)",
wall of tile 01D762 (room 0x52),wall of tile 01D561 (room 0x52),36.137,no,the line between them touches another wall,wall of tile 01D662 (room 0x52)
wall of tile 01D762 (room 0x52),wall of tile 01D260 (room 0x52),52.617,no,"the line between them leaves the walkable area (a wall's thickness, or another floor)",
wall of tile 01D661 (room 0x52),wall of tile 01D460 (room 0x52),22.679,no,the line between them touches another wall,wall of tile 01D562 (room 0x52)
wall of tile 01D662 (room 0x52),wall of tile 01D260 (room 0x52),19.844,no,the line between them touches another wall,wall of tile 01D561 (room 0x52)
wall of tile 01D260 (room 0x52),wall of tile 01DD62 (room 0x52),21.309,no,the line between them touches another wall,wall of tile 01DE62 (room 0x52)
wall of tile 01D260 (room 0x52),wall of tile 01DC61 (room 0x52),51.537,no,"the line between them leaves the walkable area (a wall's thickness, or another floor)",
wall of tile 01D460 (room 0x52),wall of tile 01DD61 (room 0x52),21.309,no,the line between them touches another wall,wall of tile 01DE61 (room 0x52)
wall of tile 01D460 (room 0x52),wall of tile 01DC62 (room 0x52),53.262,no,"the line between them leaves the walkable area (a wall's thickness, or another floor)",
wall of tile 01DE61 (room 0x52),wall of tile 01DC62 (room 0x52),36.137,no,the line between them touches another wall,wall of tile 01DD61 (room 0x52)
wall of tile 01DE61 (room 0x52),wall of tile 01DB60 (room 0x52),53.974,no,"the line between them leaves the walkable area (a wall's thickness, or another floor)",
wall of tile 01DE62 (room 0x52),wall of tile 01DC61 (room 0x52),34.136,no,the line between them touches another wall,wall of tile 01DD62 (room 0x52)
wall of tile 01DE62 (room 0x52),wall of tile 01D960 (room 0x52),52.617,no,"the line between them leaves the walkable area (a wall's thickness, or another floor)",
wall of tile 01DD61 (room 0x52),wall of tile 01DB60 (room 0x52),22.679,no,the line between them touches another wall,wall of tile 01DC62 (room 0x52)
wall of tile 01DD62 (room 0x52),wall of tile 01D960 (room 0x52),21.309,no,the line between them touches another wall,wall of tile 01DC61 (room 0x52)
wall of tile 01D960 (room 0x52),wall of tile 01B260 (room 0x52),21.308,no,the line between them touches another wall,wall of tile 01B160 (room 0x52)
wall of tile 01D960 (room 0x52),wall of tile 01B461 (room 0x52),52.041,no,"the line between them leaves the walkable area (a wall's thickness, or another floor)",
wall of tile 01D960 (room 0x52),door 0x1d99bc (preset 0x009e),28.013,no,"the line between them leaves the walkable area (a wall's thickness, or another floor)",
wall of tile 01D960 (room 0x52),door 0x1d99bc (preset 0x009e),28.013,no,"the line between them leaves the walkable area (a wall's thickness, or another floor)",
wall of tile 01D960 (room 0x52),door 0x1d99bc (preset 0x009e),43.225,no,"the line between them leaves the walkable area (a wall's thickness, or another floor)",
wall of tile 01D960 (room 0x52),door 0x1d99bc (preset 0x009e),43.225,no,"the line between them leaves the walkable area (a wall's thickness, or another floor)",
wall of tile 01B160 (room 0x52),wall of tile 01B461 (room 0x52),36.137,no,the line between them touches another wall,wall of tile 01B260 (room 0x52)
wall of tile 01B160 (room 0x52),wall of tile 098060 (room 0x59),52.617,no,"the line between them leaves the walkable area (a wall's thickness, or another floor)",
wall of tile 01B160 (room 0x52),door 0x1d99bc (preset 0x009e),10.003,no,"another wall pokes into the space between them, so a tighter pair covers this gap",wall of tile 01B260 (room 0x52)
wall of tile 01B160 (room 0x52),door 0x1d99bc (preset 0x009e),10.090,no,"the line between them leaves the walkable area (a wall's thickness, or another floor)",
wall of tile 01B160 (room 0x52),door 0x1d99bc (preset 0x009e),26.936,no,"the line between them leaves the walkable area (a wall's thickness, or another floor)",
wall of tile 01B160 (room 0x52),door 0x1d99bc (preset 0x009e),26.903,no,the line between them touches another wall,door 0x1d99bc (preset 0x009e)
wall of tile 01B260 (room 0x52),wall of tile 098060 (room 0x59),19.844,no,the line between them touches another wall,wall of tile 01B461 (room 0x52)
wall of tile 01B260 (room 0x52),wall of tile 01C260 (room 0x59),41.130,no,"the line between them leaves the walkable area (a wall's thickness, or another floor)",
wall of tile 01B260 (room 0x52),door 0x1d99bc (preset 0x009e),0.53,no,"the line between them leaves the walkable area (a wall's thickness, or another floor)",
wall of tile 01B260 (room 0x52),door 0x1d99bc (preset 0x009e),0.53,no,"the line between them leaves the walkable area (a wall's thickness, or another floor)",
wall of tile 01B362 (room 0x52),wall of tile 01B462 (room 0x52),19.844,no,the line between them touches another wall,wall of tile 01B361 (room 0x52)
wall of tile 01B362 (room 0x52),wall of tile 092B60 (room 0x52),52.617,no,"the line between them leaves the walkable area (a wall's thickness, or another floor)",
wall of tile 01B362 (room 0x52),door 0x1d99bc (preset 0x009e),26.870,no,"the line between them leaves the walkable area (a wall's thickness, or another floor)",
wall of tile 01B362 (room 0x52),door 0x1d99bc (preset 0x009e),42.460,no,"the line between them leaves the walkable area (a wall's thickness, or another floor)",
wall of tile 01B362 (room 0x52),door 0x1d99bc (preset 0x009e),26.870,no,"the line between them leaves the walkable area (a wall's thickness, or another floor)",
wall of tile 01B362 (room 0x52),door 0x1d99bc (preset 0x009e),26.870,no,"the line between them leaves the walkable area (a wall's thickness, or another floor)",
wall of tile 01B361 (room 0x52),wall of tile 092B60 (room 0x52),36.137,no,the line between them touches another wall,wall of tile 01B462 (room 0x52)
wall of tile 01B361 (room 0x52),wall of tile 098161 (room 0x53),51.537,no,"the line between them leaves the walkable area (a wall's thickness, or another floor)",
wall of tile 01B361 (room 0x52),door 0x1d99bc (preset 0x009e),9.134,no,"the line between them leaves the walkable area (a wall's thickness, or another floor)",
wall of tile 01B361 (room 0x52),door 0x1d99bc (preset 0x009e),26.034,no,"the line between them leaves the walkable area (a wall's thickness, or another floor)",
wall of tile 01B361 (room 0x52),door 0x1d99bc (preset 0x009e),9.159,no,"the line between them leaves the walkable area (a wall's thickness, or another floor)",
wall of tile 01B361 (room 0x52),door 0x1d99bc (preset 0x009e),9.159,no,"the line between them leaves the walkable area (a wall's thickness, or another floor)",
wall of tile 01B462 (room 0x52),wall of tile 098161 (room 0x53),19.844,no,the line between them touches another wall,wall of tile 092B60 (room 0x52)
wall of tile 01B462 (room 0x52),door 0x1d99bc (preset 0x009e),0.95,no,"the line between them leaves the walkable area (a wall's thickness, or another floor)",
wall of tile 01B462 (room 0x52),door 0x1d99bc (preset 0x009e),0.95,no,"the line between them leaves the walkable area (a wall's thickness, or another floor)",
wall of tile 01B461 (room 0x52),wall of tile 01C260 (room 0x59),21.309,no,the line between them touches another wall,wall of tile 098060 (room 0x59)
wall of tile 01B461 (room 0x52),wall of tile 016160 (room 0x59),53.974,no,"the line between them leaves the walkable area (a wall's thickness, or another floor)",
wall of tile 01B461 (room 0x52),door 0x1d99bc (preset 0x009e),26.119,no,"the line between them leaves the walkable area (a wall's thickness, or another floor)",
wall of tile 01B461 (room 0x52),door 0x1d99bc (preset 0x009e),9.222,no,"the line between them leaves the walkable area (a wall's thickness, or another floor)",
wall of tile 01B461 (room 0x52),door 0x1d99bc (preset 0x009e),9.222,no,"the line between them leaves the walkable area (a wall's thickness, or another floor)",
wall of tile 01B461 (room 0x52),door 0x1d99bc (preset 0x009e),9.219,no,"the line between them leaves the walkable area (a wall's thickness, or another floor)",
wall of tile 092B60 (room 0x52),door 0x1d99bc (preset 0x009e),26.988,no,the line between them touches another wall,door 0x1d99bc (preset 0x009e)
wall of tile 092B60 (room 0x52),door 0x1d99bc (preset 0x009e),10.088,no,"another wall pokes into the space between them, so a tighter pair covers this gap",wall of tile 01B462 (room 0x52)
wall of tile 092B60 (room 0x52),door 0x1d99bc (preset 0x009e),10.237,no,"the line between them leaves the walkable area (a wall's thickness, or another floor)",
wall of tile 092B60 (room 0x52),door 0x1d99bc (preset 0x009e),27.044,no,"the line between them leaves the walkable area (a wall's thickness, or another floor)",
wall of tile 098161 (room 0x53),wall of tile 01B960 (room 0x53),52.617,no,"the line between them leaves the walkable area (a wall's thickness, or another floor)",
wall of tile 098161 (room 0x53),wall of tile 01B860 (room 0x53),22.679,no,the line between them touches another wall,wall of tile 01B760 (room 0x53)
wall of tile 098161 (room 0x53),door 0x1d99bc (preset 0x009e),42.572,no,"the line between them leaves the walkable area (a wall's thickness, or another floor)",
wall of tile 098161 (room 0x53),door 0x1d99bc (preset 0x009e),26.908,no,"the line between them leaves the walkable area (a wall's thickness, or another floor)",
wall of tile 098161 (room 0x53),door 0x1d99bc (preset 0x009e),26.908,no,"the line between them leaves the walkable area (a wall's thickness, or another floor)",
wall of tile 098161 (room 0x53),door 0x1d99bc (preset 0x009e),42.571,no,"the line between them leaves the walkable area (a wall's thickness, or another floor)",
wall of tile 01B760 (room 0x53),wall of tile 059560 (room 0x53),52.041,no,"the line between them leaves the walkable area (a wall's thickness, or another floor)",
wall of tile 01B760 (room 0x53),wall of tile 01B960 (room 0x53),34.077,no,the line between them touches another wall,wall of tile 01B860 (room 0x53)
wall of tile 098060 (room 0x59),wall of tile 016160 (room 0x59),36.082,no,the line between them touches another wall,wall of tile 01C260 (room 0x59)
wall of tile 098060 (room 0x59),wall of tile 015E61 (room 0x59),52.617,no,"the line between them leaves the walkable area (a wall's thickness, or another floor)",
wall of tile 098060 (room 0x59),door 0x1d99bc (preset 0x009e),42.671,no,"the line between them leaves the walkable area (a wall's thickness, or another floor)",
wall of tile 098060 (room 0x59),door 0x1d99bc (preset 0x009e),27.149,no,"the line between them leaves the walkable area (a wall's thickness, or another floor)",
wall of tile 098060 (room 0x59),door 0x1d99bc (preset 0x009e),27.149,no,"the line between them leaves the walkable area (a wall's thickness, or another floor)",
wall of tile 098060 (room 0x59),door 0x1d99bc (preset 0x009e),27.149,no,"the line between them leaves the walkable area (a wall's thickness, or another floor)",
wall of tile 01C260 (room 0x59),wall of tile 015E61 (room 0x59),21.309,no,the line between them touches another wall,wall of tile 016160 (room 0x59)
wall of tile 01C260 (room 0x59),door 0x1d99bc (preset 0x009e),47.886,no,"the line between them leaves the walkable area (a wall's thickness, or another floor)",
wall of tile 01C260 (room 0x59),door 0x1d99bc (preset 0x009e),47.886,no,"the line between them leaves the walkable area (a wall's thickness, or another floor)",
wall of tile 01C260 (room 0x59),door 0x1d99bc (preset 0x009e),47.886,no,"the line between them leaves the walkable area (a wall's thickness, or another floor)",
wall of tile 015E61 (room 0x59),wall of tile 016061 (room 0x59),50.476,no,"another wall pokes into the space between them, so a tighter pair covers this gap",wall of tile 016061 (room 0x59)
wall of tile 015E61 (room 0x59),wall of tile 016061 (room 0x59),34.136,no,the line between them touches another wall,wall of tile 015F60 (room 0x59)
wall of tile 015E61 (room 0x59),wall of tile 015F60 (room 0x59),21.309,no,the line between them touches another wall,wall of tile 015E61 (room 0x59)
wall of tile 015E61 (room 0x59),wall of tile 016061 (room 0x59),51.537,no,"the line between them leaves the walkable area (a wall's thickness, or another floor)",
wall of tile 015F60 (room 0x59),wall of tile 016061 (room 0x59),16.361,no,"another wall pokes into the space between them, so a tighter pair covers this gap",wall of tile 016061 (room 0x59)
wall of tile 015F60 (room 0x59),wall of tile 016061 (room 0x59),19.844,no,the line between them touches another wall,wall of tile 016062 (room 0x59)
wall of tile 015F60 (room 0x59),wall of tile 015D60 (room 0x59),19.844,no,the line between them touches another wall,wall of tile 016361 (room 0x59)
wall of tile 016062 (room 0x59),wall of tile 016361 (room 0x59),36.138,no,the line between them touches another wall,wall of tile 015F60 (room 0x59)
wall of tile 016062 (room 0x59),wall of tile 015D60 (room 0x59),52.617,no,"the line between them leaves the walkable area (a wall's thickness, or another floor)",
wall of tile 016061 (room 0x59),wall of tile 016361 (room 0x59),51.537,no,"the line between them leaves the walkable area (a wall's thickness, or another floor)",
wall of tile 059660 (room 0x53),wall of tile 01BD60 (room 0x53),19.844,no,the line between them touches another wall,wall of tile 01BC60 (room 0x53)
wall of tile 059660 (room 0x53),wall of tile 01BE60 (room 0x53),52.617,no,"the line between them leaves the walkable area (a wall's thickness, or another floor)",
wall of tile 059560 (room 0x53),wall of tile 01B860 (room 0x53),21.309,no,the line between them touches another wall,wall of tile 01B960 (room 0x53)
wall of tile 01BC60 (room 0x53),wall of tile 01BE60 (room 0x53),36.137,no,the line between them touches another wall,wall of tile 01BD60 (room 0x53)
wall of tile 01BC60 (room 0x53),wall of tile 01BF61 (room 0x53),53.488,no,"the line between them leaves the walkable area (a wall's thickness, or another floor)",
wall of tile 01BD60 (room 0x53),wall of tile 01BF61 (room 0x53),21.309,no,the line between them touches another wall,wall of tile 01BE60 (room 0x53)
wall of tile 015B62 (room 0x59),wall of tile 094160 (room 0x59),21.309,no,the line between them touches another wall,wall of tile 015B61 (room 0x59)
wall of tile 015B62 (room 0x59),wall of tile 093D60 (room 0x59),53.974,no,"the line between them leaves the walkable area (a wall's thickness, or another floor)",
wall of tile 015B61 (room 0x59),wall of tile 093D60 (room 0x59),36.082,no,the line between them touches another wall,wall of tile 094160 (room 0x59)
wall of tile 015B61 (room 0x59),wall of tile 015562 (room 0x50),52.617,no,"the line between them leaves the walkable area (a wall's thickness, or another floor)",
wall of tile 094160 (room 0x59),wall of tile 015562 (room 0x50),21.309,no,the line between them touches another wall,wall of tile 093D60 (room 0x59)
wall of tile 010560 (room 0x50),wall of tile 015760 (room 0x50),44.100,no,the line between them touches another wall,wall of tile 010461 (room 0x50)
wall of tile 015562 (room 0x50),wall of tile 015660 (room 0x50),22.679,no,the line between them touches another wall,wall of tile 015561 (room 0x50)
wall of tile 015562 (room 0x50),wall of tile 015760 (room 0x50),53.974,no,"the line between them leaves the walkable area (a wall's thickness, or another floor)",
wall of tile 015561 (room 0x50),wall of tile 015760 (room 0x50),50.604,no,"another wall pokes into the space between them, so a tighter pair covers this gap",wall of tile 015760 (room 0x50)
wall of tile 015561 (room 0x50),wall of tile 015760 (room 0x50),36.137,no,the line between them touches another wall,wall of tile 015660 (room 0x50)
wall of tile 015660 (room 0x50),wall of tile 015760 (room 0x50),14.480,no,"another wall pokes into the space between them, so a tighter pair covers this gap",wall of tile 015760 (room 0x50)
wall of tile 015862 (room 0x59),wall of tile 016660 (room 0x59),19.844,no,the line between them touches another wall,wall of tile 015861 (room 0x59)
wall of tile 015862 (room 0x59),wall of tile 016460 (room 0x59),52.041,no,"the line between them leaves the walkable area (a wall's thickness, or another floor)",
wall of tile 015A62 (room 0x59),wall of tile 094060 (room 0x59),21.309,no,the line between them touches another wall,wall of tile 015A61 (room 0x59)
wall of tile 015A62 (room 0x59),wall of tile 093E60 (room 0x59),52.617,no,"the line between them leaves the walkable area (a wall's thickness, or another floor)",
wall of tile 015A61 (room 0x59),wall of tile 093E60 (room 0x59),34.136,no,the line between them touches another wall,wall of tile 094060 (room 0x59)
wall of tile 015861 (room 0x59),wall of tile 016460 (room 0x59),52.617,no,"the line between them leaves the walkable area (a wall's thickness, or another floor)",
wall of tile 015861 (room 0x59),wall of tile 016460 (room 0x59),36.082,no,the line between them touches another wall,wall of tile 016660 (room 0x59)
wall of tile 016660 (room 0x59),wall of tile 016460 (room 0x59),22.679,no,the line between them touches another wall,wall of tile 016560 (room 0x59)
wall of tile 016660 (room 0x59),wall of tile 093060 (room 0x53),19.844,no,the line between them touches another wall,wall of tile 092F60 (room 0x59)
wall of tile 016660 (room 0x59),wall of tile 016460 (room 0x59),21.309,no,the line between them touches another wall,wall of tile 016460 (room 0x59)
wall of tile 016560 (room 0x59),wall of tile 092F60 (room 0x59),36.138,no,the line between them touches another wall,wall of tile 016660 (room 0x59)
wall of tile 016560 (room 0x59),wall of tile 093060 (room 0x53),52.617,no,"the line between them leaves the walkable area (a wall's thickness, or another floor)",
wall of tile 016460 (room 0x59),wall of tile 092F60 (room 0x59),53.974,no,"the line between them leaves the walkable area (a wall's thickness, or another floor)",
wall of tile 001E5A (room 0x4d),wall of tile 02395A (room 0x4f),19.844,no,the line between them touches another wall,wall of tile 002A5A (room 0x4f)
wall of tile 001E5A (room 0x4d),wall of tile 023858 (room 0x4f),52.041,no,"the line between them leaves the walkable area (a wall's thickness, or another floor)",
wall of tile 001E59 (room 0x4d),wall of tile 023959 (room 0x4f),21.309,no,the line between them touches another wall,wall of tile 002A59 (room 0x4f)
wall of tile 001E59 (room 0x4d),wall of tile 02375A (room 0x4f),52.617,no,"the line between them leaves the walkable area (a wall's thickness, or another floor)",
wall of tile 002A59 (room 0x4f),wall of tile 02375A (room 0x4f),36.082,no,the line between them touches another wall,wall of tile 023959 (room 0x4f)
wall of tile 002A5A (room 0x4f),wall of tile 023858 (room 0x4f),36.082,no,the line between them touches another wall,wall of tile 02395A (room 0x4f)
wall of tile 01DC58 (room 0x4f),wall of tile 006458 (room 0x4e),21.308,no,the line between them touches another wall,wall of tile 006458 (room 0x4e)
wall of tile 01DA58 (room 0x4f),wall of tile 006658 (room 0x4e),21.308,no,the line between them touches another wall,wall of tile 006159 (room 0x4e)
wall of tile 006359 (room 0x4e),wall of tile 006258 (room 0x4e),22.679,no,the line between them touches another wall,wall of tile 006359 (room 0x4e)
wall of tile 006359 (room 0x4e),wall of tile 006058 (room 0x4e),52.617,no,"the line between them leaves the walkable area (a wall's thickness, or another floor)",
wall of tile 006359 (room 0x4e),wall of tile 006058 (room 0x4e),34.077,no,the line between them touches another wall,wall of tile 006258 (room 0x4e)
wall of tile 006359 (room 0x4e),wall of tile 006058 (room 0x4e),52.041,no,"the line between them leaves the walkable area (a wall's thickness, or another floor)",
wall of tile 006258 (room 0x4e),wall of tile 006058 (room 0x4e),21.309,no,the line between them touches another wall,wall of tile 006058 (room 0x4e)
wall of tile 005F59 (room 0x4e),wall of tile 005E58 (room 0x4e),19.844,no,the line between them touches another wall,wall of tile 005F59 (room 0x4e)
wall of tile 005F59 (room 0x4e),wall of tile 005D58 (room 0x4e),50.711,no,"the line between them leaves the walkable area (a wall's thickness, or another floor)",
wall of tile 005F59 (room 0x4e),wall of tile 005D58 (room 0x4e),34.136,no,the line between them touches another wall,wall of tile 005E58 (room 0x4e)
wall of tile 005F59 (room 0x4e),wall of tile 005C58 (room 0x4e),52.041,no,"the line between them leaves the walkable area (a wall's thickness, or another floor)",
wall of tile 005E58 (room 0x4e),wall of tile 005C58 (room 0x4e),22.679,no,the line between them touches another wall,wall of tile 005D58 (room 0x4e)
wall of tile 006C58 (room 0x4e),wall of tile 023A58 (room 0x4e),22.679,no,the line between them touches another wall,wall of tile 006D58 (room 0x4e)
wall of tile 006C58 (room 0x4e),wall of tile 006F58 (room 0x4e),53.974,no,"the line between them leaves the walkable area (a wall's thickness, or another floor)",
wall of tile 006D58 (room 0x4e),wall of tile 006F58 (room 0x4e),53.262,no,"the line between them leaves the walkable area (a wall's thickness, or another floor)",
wall of tile 006D58 (room 0x4e),wall of tile 006F58 (room 0x4e),36.138,no,the line between them touches another wall,wall of tile 023A58 (room 0x4e)
wall of tile 023A58 (room 0x4e),wall of tile 006F58 (room 0x4e),21.308,no,the line between them touches another wall,wall of tile 006F58 (room 0x4e)
wall of tile 000C50 (room 0x4b),generic 0x1d5310 (preset 0x0038),33.929,no,"another wall pokes into the space between them, so a tighter pair covers this gap",wall of tile 000B50 (room 0x4b)
wall of tile 000C50 (room 0x4b),generic 0x1d5310 (preset 0x0038),34.891,no,"another wall pokes into the space between them, so a tighter pair covers this gap",wall of tile 000B50 (room 0x4b)
wall of tile 000D50 (room 0x4b),wall of tile 003551 (room 0x4b),51.537,no,"the line between them leaves the walkable area (a wall's thickness, or another floor)",
wall of tile 000D50 (room 0x4b),generic 0x1d5290 (preset 0x0037),46.709,yes,,
wall of tile 000D50 (room 0x4b),generic 0x1d5290 (preset 0x0037),46.709,yes,,
wall of tile 000D50 (room 0x4b),generic 0x1d5310 (preset 0x0038),52.296,no,"another wall pokes into the space between them, so a tighter pair covers this gap",wall of tile 000C50 (room 0x4b)
wall of tile 000D50 (room 0x4b),generic 0x1d5310 (preset 0x0038),56.520,no,"another wall pokes into the space between them, so a tighter pair covers this gap",wall of tile 000C50 (room 0x4b)
wall of tile 000A50 (room 0x4b),wall of tile 003551 (room 0x4b),50.712,no,"the line between them leaves the walkable area (a wall's thickness, or another floor)",
wall of tile 000A50 (room 0x4b),wall of tile 003551 (room 0x4b),34.136,no,the line between them touches another wall,wall of tile 000950 (room 0x4b)
wall of tile 000A50 (room 0x4b),generic 0x1d5290 (preset 0x0037),46.665,yes,,
wall of tile 000A50 (room 0x4b),generic 0x1d5290 (preset 0x0037),55.282,no,"another wall pokes into the space between them, so a tighter pair covers this gap",wall of tile 000950 (room 0x4b)
wall of tile 003551 (room 0x4b),generic 0x1d5290 (preset 0x0037),54.149,no,"another wall pokes into the space between them, so a tighter pair covers this gap",wall of tile 000950 (room 0x4b)
wall of tile 003551 (room 0x4b),generic 0x1d5290 (preset 0x0037),54.149,no,"another wall pokes into the space between them, so a tighter pair covers this gap",wall of tile 000950 (room 0x4b)
wall of tile 027452 (room 0x4b),wall of tile 001C50 (room 0x4b),36.082,no,the line between them touches another wall,wall of tile 001B50 (room 0x4b)
wall of tile 027452 (room 0x4b),wall of tile 001D50 (room 0x4b),52.617,no,"the line between them leaves the walkable area (a wall's thickness, or another floor)",
wall of tile 027452 (room 0x4b),wall of tile 001B50 (room 0x4b),21.309,no,the line between them touches another wall,wall of tile 027452 (room 0x4b)
wall of tile 027452 (room 0x4b),wall of tile 001C50 (room 0x4b),53.974,no,"the line between them leaves the walkable area (a wall's thickness, or another floor)",
wall of tile 001B50 (room 0x4b),wall of tile 001D50 (room 0x4b),21.309,no,the line between them touches another wall,wall of tile 001C50 (room 0x4b)
wall of tile 001D50 (room 0x4b),wall of tile 002F51 (room 0x4b),51.537,no,"the line between them leaves the walkable area (a wall's thickness, or another floor)",
wall of tile 001A50 (room 0x4b),wall of tile 002F51 (room 0x4b),52.617,no,"the line between them leaves the walkable area (a wall's thickness, or another floor)",
wall of tile 001A50 (room 0x4b),wall of tile 002F51 (room 0x4b),34.136,no,the line between them touches another wall,wall of tile 001950 (room 0x4b)
wall of tile 055322 (room 0x13),wall of tile 055421 (room 0x13),32.073,no,the line between them touches another wall,wall of tile 055422 (room 0x13)
wall of tile 055421 (room 0x13),wall of tile 055622 (room 0x13),32.073,no,the line between them touches another wall,wall of tile 055520 (room 0x13)
wall of tile 055421 (room 0x13),wall of tile 055820 (room 0x13),54.123,no,"the line between them leaves the walkable area (a wall's thickness, or another floor)",
wall of tile 055421 (room 0x13),wall of tile 055820 (room 0x13),54.123,no,"the line between them leaves the walkable area (a wall's thickness, or another floor)",
wall of tile 055520 (room 0x13),wall of tile 055820 (room 0x13),54.123,no,"the line between them leaves the walkable area (a wall's thickness, or another floor)",
wall of tile 055520 (room 0x13),wall of tile 055820 (room 0x13),54.123,no,"the line between them leaves the walkable area (a wall's thickness, or another floor)",
wall of tile 055622 (room 0x13),wall of tile 055820 (room 0x13),32.073,no,the line between them touches another wall,wall of tile 055820 (room 0x13)
wall of tile 055A22 (room 0x13),wall of tile 055B22 (room 0x13),32.020,no,"another wall pokes into the space between them, so a tighter pair covers this gap",wall of tile 055A21 (room 0x13)
wall of tile 055A22 (room 0x13),wall of tile 055C22 (room 0x13),52.118,no,"the line between them leaves the walkable area (a wall's thickness, or another floor)",
wall of tile 055A22 (room 0x13),wall of tile 055C21 (room 0x13),52.118,no,"the line between them leaves the walkable area (a wall's thickness, or another floor)",
wall of tile 055A21 (room 0x13),wall of tile 055C22 (room 0x13),52.118,no,"the line between them leaves the walkable area (a wall's thickness, or another floor)",
wall of tile 055A21 (room 0x13),wall of tile 055C21 (room 0x13),52.118,no,"the line between them leaves the walkable area (a wall's thickness, or another floor)",
wall of tile 055B22 (room 0x13),wall of tile 055C21 (room 0x13),29.184,no,"another wall pokes into the space between them, so a tighter pair covers this gap",wall of tile 055C22 (room 0x13)
wall of tile 055D22 (room 0x13),wall of tile 055E22 (room 0x13),31.928,no,"the line between them leaves the walkable area (a wall's thickness, or another floor)",
wall of tile 055D22 (room 0x13),wall of tile 055E21 (room 0x13),50.592,no,"the line between them leaves the walkable area (a wall's thickness, or another floor)",
wall of tile 055D21 (room 0x13),wall of tile 055E21 (room 0x13),42.095,no,"the line between them leaves the walkable area (a wall's thickness, or another floor)",
wall of tile 055F22 (room 0x13),wall of tile 075519 (room 0x12),31.659,no,"the line between them leaves the walkable area (a wall's thickness, or another floor)",
wall of tile 055F22 (room 0x13),door 0x1d957c (preset 0x0095),15.815,no,"the line between them leaves the walkable area (a wall's thickness, or another floor)",
wall of tile 055F22 (room 0x13),door 0x1d957c (preset 0x0095),15.815,no,"the line between them leaves the walkable area (a wall's thickness, or another floor)",
wall of tile 055F22 (room 0x13),door 0x1d957c (preset 0x0095),31.644,no,"the line between them leaves the walkable area (a wall's thickness, or another floor)",
wall of tile 056122 (room 0x13),wall of tile 075318 (room 0x12),32.073,no,the line between them touches another wall,wall of tile 075519 (room 0x12)
wall of tile 056122 (room 0x13),wall of tile 075418 (room 0x12),45.225,no,"the line between them leaves the walkable area (a wall's thickness, or another floor)",
wall of tile 056121 (room 0x13),wall of tile 075219 (room 0x12),32.073,no,the line between them touches another wall,wall of tile 07551A (room 0x12)
wall of tile 056121 (room 0x13),wall of tile 07511A (room 0x12),45.225,no,"the line between them leaves the walkable area (a wall's thickness, or another floor)",
wall of tile 075519 (room 0x12),wall of tile 075418 (room 0x12),15.656,no,the line between them touches another wall,wall of tile 075318 (room 0x12)
wall of tile 075519 (room 0x12),door 0x1d957c (preset 0x0095),16.052,no,the line between them touches another wall,wall of tile 056122 (room 0x13)
wall of tile 075519 (room 0x12),door 0x1d957c (preset 0x0095),0.015,no,the line between them touches another wall,wall of tile 056122 (room 0x13)
wall of tile 075519 (room 0x12),door 0x1d957c (preset 0x0095),0.015,no,the line between them touches another wall,wall of tile 056122 (room 0x13)
wall of tile 07551A (room 0x12),wall of tile 07511A (room 0x12),15.656,no,the line between them touches another wall,wall of tile 075219 (room 0x12)
wall of tile 07551A (room 0x12),wall of tile 056221 (room 0x13),31.659,no,"the line between them leaves the walkable area (a wall's thickness, or another floor)",
wall of tile 07551A (room 0x12),door 0x1d957c (preset 0x0095),16.052,no,the line between them touches another wall,door 0x1d957c (preset 0x0095)
wall of tile 07551A (room 0x12),door 0x1d957c (preset 0x0095),0.015,no,the line between them touches another wall,wall of tile 056121 (room 0x13)
wall of tile 07551A (room 0x12),door 0x1d957c (preset 0x0095),0.015,no,the line between them touches another wall,wall of tile 056121 (room 0x13)
wall of tile 07551A (room 0x12),door 0x1d957c (preset 0x0095),16.052,no,the line between them touches another wall,wall of tile 056121 (room 0x13)
wall of tile 075219 (room 0x12),wall of tile 07501A (room 0x12),54.123,no,the line between them touches another wall,wall of tile 07511A (room 0x12)
wall of tile 075219 (room 0x12),door 0x1d957c (preset 0x0095),48.125,no,the line between them touches another wall,door 0x1d957c (preset 0x0095)
wall of tile 075219 (room 0x12),door 0x1d957c (preset 0x0095),32.088,no,the line between them touches another wall,wall of tile 056121 (room 0x13)
wall of tile 075219 (room 0x12),door 0x1d957c (preset 0x0095),32.088,no,the line between them touches another wall,wall of tile 056121 (room 0x13)
wall of tile 075219 (room 0x12),door 0x1d957c (preset 0x0095),48.124,no,the line between them touches another wall,wall of tile 056121 (room 0x13)
wall of tile 075318 (room 0x12),wall of tile 075418 (room 0x12),52.118,no,the line between them touches another wall,wall of tile 075418 (room 0x12)
wall of tile 075318 (room 0x12),door 0x1d957c (preset 0x0095),48.124,no,the line between them touches another wall,wall of tile 056122 (room 0x13)
wall of tile 075318 (room 0x12),door 0x1d957c (preset 0x0095),32.088,no,the line between them touches another wall,wall of tile 056122 (room 0x13)
wall of tile 075318 (room 0x12),door 0x1d957c (preset 0x0095),32.088,no,the line between them touches another wall,wall of tile 056122 (room 0x13)
wall of tile 075418 (room 0x12),wall of tile 075C1A (room 0x12),54.123,no,"the line between them leaves the walkable area (a wall's thickness, or another floor)",
wall of tile 075418 (room 0x12),wall of tile 075C19 (room 0x12),54.123,no,"the line between them leaves the walkable area (a wall's thickness, or another floor)",
wall of tile 075418 (room 0x12),door 0x1d957c (preset 0x0095),45.239,no,"the line between them leaves the walkable area (a wall's thickness, or another floor)",
wall of tile 075418 (room 0x12),door 0x1d957c (preset 0x0095),45.239,no,"the line between them leaves the walkable area (a wall's thickness, or another floor)",
wall of tile 075619 (room 0x12),wall of tile 075C19 (room 0x12),42.095,no,the line between them touches another wall,wall of tile 075C1A (room 0x12)
wall of tile 07511A (room 0x12),wall of tile 075019 (room 0x12),29.800,no,the line between them touches another wall,wall of tile 07501A (room 0x12)
wall of tile 07511A (room 0x12),door 0x1d957c (preset 0x0095),45.239,no,"the line between them leaves the walkable area (a wall's thickness, or another floor)",
wall of tile 07511A (room 0x12),door 0x1d957c (preset 0x0095),45.239,no,"the line between them leaves the walkable area (a wall's thickness, or another floor)",
wall of tile 074E1A (room 0x12),wall of tile 07471A (room 0x0f),42.095,no,the line between them touches another wall,wall of tile 074818 (room 0x0f)
wall of tile 07381A (room 0x0f),wall of tile 073A19 (room 0x0f),57.716,no,"the line between them leaves the walkable area (a wall's thickness, or another floor)",
wall of tile 07381A (room 0x0f),wall of tile 073A19 (room 0x0f),57.716,no,"the line between them leaves the walkable area (a wall's thickness, or another floor)",
wall of tile 07381A (room 0x0f),generic 0x1d7154 (preset 0x276c),59.137,no,"the line between them leaves the walkable area (a wall's thickness, or another floor)",
wall of tile 07381A (room 0x0f),generic 0x1d7154 (preset 0x276c),59.137,no,"the line between them leaves the walkable area (a wall's thickness, or another floor)",
wall of tile 07381A (room 0x0f),generic 0x1d7154 (preset 0x276c),59.170,no,"the line between them leaves the walkable area (a wall's thickness, or another floor)",
wall of tile 073819 (room 0x0f),wall of tile 073A19 (room 0x0f),54.123,no,"the line between them leaves the walkable area (a wall's thickness, or another floor)",
wall of tile 073819 (room 0x0f),wall of tile 073A19 (room 0x0f),54.123,no,"the line between them leaves the walkable area (a wall's thickness, or another floor)",
wall of tile 073819 (room 0x0f),generic 0x1d7154 (preset 0x276c),53.982,no,"another wall pokes into the space between them, so a tighter pair covers this gap",wall of tile 07391A (room 0x0f)
wall of tile 073819 (room 0x0f),generic 0x1d7154 (preset 0x276c),54.088,no,"the line between them leaves the walkable area (a wall's thickness, or another floor)",
wall of tile 073819 (room 0x0f),generic 0x1d7154 (preset 0x276c),54.123,no,"the line between them leaves the walkable area (a wall's thickness, or another floor)",
wall of tile 073819 (room 0x0f),generic 0x1d7154 (preset 0x276c),54.557,no,"another wall pokes into the space between them, so a tighter pair covers this gap",wall of tile 07391A (room 0x0f)
wall of tile 073819 (room 0x0f),generic 0x1d71d4 (preset 0x276d),54.658,no,"another wall pokes into the space between them, so a tighter pair covers this gap",wall of tile 07391A (room 0x0f)
wall of tile 073819 (room 0x0f),generic 0x1d71d4 (preset 0x276d),54.658,no,"another wall pokes into the space between them, so a tighter pair covers this gap",wall of tile 07391A (room 0x0f)
wall of tile 073819 (room 0x0f),generic 0x1d71d4 (preset 0x276d),54.693,no,"another wall pokes into the space between them, so a tighter pair covers this gap",wall of tile 07391A (room 0x0f)
wall of tile 07391A (room 0x0f),wall of tile 073A19 (room 0x0f),54.051,no,"another wall pokes into the space between them, so a tighter pair covers this gap",wall of tile 073A19 (room 0x0f)
wall of tile 07391A (room 0x0f),generic 0x1d7154 (preset 0x276c),50.258,no,"the line between them leaves the walkable area (a wall's thickness, or another floor)",
wall of tile 07391A (room 0x0f),generic 0x1d7154 (preset 0x276c),50.257,no,the line between them touches another wall,generic 0x1d7154 (preset 0x276c)
wall of tile 07391A (room 0x0f),generic 0x1d7154 (preset 0x276c),8.018,no,"another wall pokes into the space between them, so a tighter pair covers this gap",generic 0x1d7154 (preset 0x276c)
wall of tile 07391A (room 0x0f),generic 0x1d71d4 (preset 0x276d),7.874,yes,,
wall of tile 07391A (room 0x0f),generic 0x1d71d4 (preset 0x276d),7.874,yes,,
wall of tile 07391A (room 0x0f),generic 0x1d71d4 (preset 0x276d),7.874,no,"another wall pokes into the space between them, so a tighter pair covers this gap",generic 0x1d71d4 (preset 0x276d)
wall of tile 073A19 (room 0x0f),generic 0x1d7154 (preset 0x276c),3.862,no,"the line between them leaves the walkable area (a wall's thickness, or another floor)",
wall of tile 073A19 (room 0x0f),generic 0x1d7154 (preset 0x276c),3.860,no,"another wall pokes into the space between them, so a tighter pair covers this gap",wall of tile 073A19 (room 0x0f)
wall of tile 073A19 (room 0x0f),generic 0x1d7154 (preset 0x276c),0.48,yes,,
wall of tile 073A19 (room 0x0f),generic 0x1d7154 (preset 0x276c),0.48,yes,,
wall of tile 073A19 (room 0x0f),generic 0x1d7154 (preset 0x276c),58.681,no,"another wall pokes into the space between them, so a tighter pair covers this gap",generic 0x1d7154 (preset 0x276c)
wall of tile 073A19 (room 0x0f),generic 0x1d7154 (preset 0x276c),58.683,no,the line between them touches another wall,generic 0x1d7154 (preset 0x276c)
wall of tile 073A19 (room 0x0f),generic 0x1d71d4 (preset 0x276d),58.531,yes,,
wall of tile 073A19 (room 0x0f),generic 0x1d71d4 (preset 0x276d),58.531,yes,,
wall of tile 073A19 (room 0x0f),generic 0x1d7154 (preset 0x276c),0.035,no,"the line between them leaves the walkable area (a wall's thickness, or another floor)",
wall of tile 073A19 (room 0x0f),generic 0x1d7154 (preset 0x276c),0.00034,no,the line between them touches another wall,generic 0x1d7154 (preset 0x276c)
wall of tile 073A19 (room 0x0f),generic 0x1d7154 (preset 0x276c),8.018,no,the line between them touches another wall,generic 0x1d7154 (preset 0x276c)
wall of tile 073A19 (room 0x0f),generic 0x1d71d4 (preset 0x276d),7.874,no,"another wall pokes into the space between them, so a tighter pair covers this gap",wall of tile 07391A (room 0x0f)
wall of tile 073A19 (room 0x0f),generic 0x1d71d4 (preset 0x276d),7.874,yes,,
wall of tile 073A19 (room 0x0f),generic 0x1d71d4 (preset 0x276d),7.874,no,"another wall pokes into the space between them, so a tighter pair covers this gap",generic 0x1d71d4 (preset 0x276d)
wall of tile 073B19 (room 0x0f),wall of tile 073D1A (room 0x0f),52.118,no,"the line between them leaves the walkable area (a wall's thickness, or another floor)",
wall of tile 073B19 (room 0x0f),wall of tile 073D19 (room 0x0f),52.118,no,"the line between them leaves the walkable area (a wall's thickness, or another floor)",
wall of tile 073B19 (room 0x0f),wall of tile 073C19 (room 0x0f),53.887,no,"another wall pokes into the space between them, so a tighter pair covers this gap",wall of tile 073B19 (room 0x0f)
wall of tile 073B19 (room 0x0f),wall of tile 073D1A (room 0x0f),52.118,no,"the line between them leaves the walkable area (a wall's thickness, or another floor)",
wall of tile 073B19 (room 0x0f),wall of tile 073D19 (room 0x0f),52.118,no,"the line between them leaves the walkable area (a wall's thickness, or another floor)",
wall of tile 073C19 (room 0x0f),wall of tile 073D19 (room 0x0f),54.123,no,the line between them touches another wall,wall of tile 073D1A (room 0x0f)
wall of tile 07401A (room 0x0f),wall of tile 074119 (room 0x0f),52.118,no,the line between them touches another wall,wall of tile 074019 (room 0x0f)
wall of tile 073F19 (room 0x0f),wall of tile 073D19 (room 0x0f),52.118,no,the line between them touches another wall,wall of tile 073F19 (room 0x0f)
wall of tile 073F19 (room 0x0f),wall of tile 073D19 (room 0x0f),54.123,no,the line between them touches another wall,wall of tile 073D19 (room 0x0f)
wall of tile 074019 (room 0x0f),wall of tile 074119 (room 0x0f),54.050,no,"another wall pokes into the space between them, so a tighter pair covers this gap",wall of tile 074119 (room 0x0f)
wall of tile 074219 (room 0x0f),wall of tile 074419 (room 0x0f),52.118,no,"the line between them leaves the walkable area (a wall's thickness, or another floor)",
wall of tile 074219 (room 0x0f),wall of tile 074419 (room 0x0f),52.118,no,"the line between them leaves the walkable area (a wall's thickness, or another floor)",
wall of tile 074219 (room 0x0f),wall of tile 074319 (room 0x0f),53.845,no,"another wall pokes into the space between them, so a tighter pair covers this gap",wall of tile 074219 (room 0x0f)
wall of tile 074219 (room 0x0f),wall of tile 074419 (room 0x0f),52.118,no,"the line between them leaves the walkable area (a wall's thickness, or another floor)",
wall of tile 074219 (room 0x0f),wall of tile 074419 (room 0x0f),52.118,no,"the line between them leaves the walkable area (a wall's thickness, or another floor)",
wall of tile 074319 (room 0x0f),wall of tile 074419 (room 0x0f),53.886,no,"another wall pokes into the space between them, so a tighter pair covers this gap",wall of tile 074419 (room 0x0f)
wall of tile 074519 (room 0x0f),wall of tile 074719 (room 0x0f),54.123,no,"the line between them leaves the walkable area (a wall's thickness, or another floor)",
wall of tile 074519 (room 0x0f),wall of tile 074719 (room 0x0f),54.123,no,"the line between them leaves the walkable area (a wall's thickness, or another floor)",
wall of tile 074519 (room 0x0f),wall of tile 074619 (room 0x0f),54.050,no,"another wall pokes into the space between them, so a tighter pair covers this gap",wall of tile 074519 (room 0x0f)
wall of tile 074519 (room 0x0f),wall of tile 074719 (room 0x0f),54.123,no,"the line between them leaves the walkable area (a wall's thickness, or another floor)",
wall of tile 074519 (room 0x0f),wall of tile 074719 (room 0x0f),54.123,no,"the line between them leaves the walkable area (a wall's thickness, or another floor)",
wall of tile 074619 (room 0x0f),wall of tile 074719 (room 0x0f),53.271,no,"another wall pokes into the space between them, so a tighter pair covers this gap",wall of tile 074719 (room 0x0f)
wall of tile 07501A (room 0x12),wall of tile 056221 (room 0x13),43.272,no,"the line between them leaves the walkable area (a wall's thickness, or another floor)",
wall of tile 07501A (room 0x12),wall of tile 056320 (room 0x13),42.095,no,"the line between them leaves the walkable area (a wall's thickness, or another floor)",
wall of tile 076719 (room 0x11),wall of tile 076519 (room 0x11),52.732,no,the line between them touches another wall,wall of tile 076619 (room 0x11)
wall of tile 07671A (room 0x11),wall of tile 075019 (room 0x12),54.123,no,the line between them touches another wall,wall of tile 074D1A (room 0x12)
wall of tile 076419 (room 0x11),wall of tile 076819 (room 0x10),52.118,no,the line between them touches another wall,wall of tile 07631A (room 0x11)
wall of tile 07641A (room 0x11),wall of tile 07681A (room 0x10),52.118,no,the line between them touches another wall,wall of tile 076319 (room 0x11)
wall of tile 076B19 (room 0x10),wall of tile 076D19 (room 0x10),54.123,no,the line between them touches another wall,wall of tile 076C19 (room 0x10)
wall of tile 076B1A (room 0x10),wall of tile 076D1A (room 0x10),54.123,no,the line between them touches another wall,wall of tile 076C1A (room 0x10)
wall of tile 07711A (room 0x10),wall of tile 07751A (room 0x10),54.123,no,the line between them touches another wall,wall of tile 077119 (room 0x10)
wall of tile 077119 (room 0x10),wall of tile 07761A (room 0x10),14.174,no,the line between them touches another wall,wall of tile 07751A (room 0x10)
wall of tile 077119 (room 0x10),wall of tile 019648 (room 0x3a),43.272,no,"the line between them leaves the walkable area (a wall's thickness, or another floor)",
wall of tile 077119 (room 0x10),door 0x1d8d0c (preset 0x0091),27.920,no,"the line between them leaves the walkable area (a wall's thickness, or another floor)",
wall of tile 077119 (room 0x10),door 0x1d8d0c (preset 0x0091),27.920,no,"the line between them leaves the walkable area (a wall's thickness, or another floor)",
wall of tile 077119 (room 0x10),door 0x1d8d0c (preset 0x0091),43.272,no,"the line between them leaves the walkable area (a wall's thickness, or another floor)",
wall of tile 077418 (room 0x10),wall of tile 077519 (room 0x10),52.118,no,the line between them touches another wall,wall of tile 077418 (room 0x10)
wall of tile 077418 (room 0x10),wall of tile 077619 (room 0x10),14.174,no,the line between them touches another wall,wall of tile 077519 (room 0x10)
wall of tile 077418 (room 0x10),wall of tile 019548 (room 0x3a),43.272,no,"the line between them leaves the walkable area (a wall's thickness, or another floor)",
wall of tile 077418 (room 0x10),door 0x1d8c0c (preset 0x0090),27.920,no,"the line between them leaves the walkable area (a wall's thickness, or another floor)",
wall of tile 077418 (room 0x10),door 0x1d8c0c (preset 0x0090),27.920,no,"the line between them leaves the walkable area (a wall's thickness, or another floor)",
wall of tile 077418 (room 0x10),door 0x1d8c0c (preset 0x0090),43.272,no,"the line between them leaves the walkable area (a wall's thickness, or another floor)",
wall of tile 07751A (room 0x10),wall of tile 019648 (room 0x3a),32.073,no,the line between them touches another wall,wall of tile 07761A (room 0x10)
wall of tile 07751A (room 0x10),door 0x1d8d0c (preset 0x0091),16.036,no,the line between them touches another wall,wall of tile 07761A (room 0x10)
wall of tile 07751A (room 0x10),door 0x1d8d0c (preset 0x0091),16.036,no,"the line between them leaves the walkable area (a wall's thickness, or another floor)",
wall of tile 07751A (room 0x10),door 0x1d8d0c (preset 0x0091),32.073,no,the line between them touches another wall,wall of tile 07761A (room 0x10)
wall of tile 077519 (room 0x10),wall of tile 019548 (room 0x3a),32.073,no,the line between them touches another wall,wall of tile 077619 (room 0x10)
wall of tile 077519 (room 0x10),door 0x1d8c0c (preset 0x0090),16.036,no,the line between them touches another wall,wall of tile 077619 (room 0x10)
wall of tile 077519 (room 0x10),door 0x1d8c0c (preset 0x0090),16.036,no,the line between them touches another wall,wall of tile 077619 (room 0x10)
wall of tile 077519 (room 0x10),door 0x1d8c0c (preset 0x0090),32.073,no,the line between them touches another wall,wall of tile 077619 (room 0x10)
wall of tile 07761A (room 0x10),door 0x1d8d0c (preset 0x0091),0.000061,no,"the line between them leaves the walkable area (a wall's thickness, or another floor)",
wall of tile 019548 (room 0x3a),wall of tile 018E48 (room 0x3a),20.045,no,"the line between them leaves the walkable area (a wall's thickness, or another floor)",
wall of tile 019548 (room 0x3a),wall of tile 018E48 (room 0x3a),20.045,no,"the line between them leaves the walkable area (a wall's thickness, or another floor)",
wall of tile 019548 (room 0x3a),wall of tile 018F4A (room 0x3a),52.118,no,"the line between them leaves the walkable area (a wall's thickness, or another floor)",
wall of tile 019548 (room 0x3a),door 0x1d8c0c (preset 0x0090),16.036,no,the line between them touches another wall,wall of tile 077619 (room 0x10)
wall of tile 019648 (room 0x3a),wall of tile 01C348 (room 0x2f),32.073,no,"the line between them leaves the walkable area (a wall's thickness, or another floor)",
wall of tile 019648 (room 0x3a),wall of tile 01C348 (room 0x2f),32.073,no,"the line between them leaves the walkable area (a wall's thickness, or another floor)",
wall of tile 019648 (room 0x3a),wall of tile 015E48 (room 0x1f),32.073,no,"the line between them leaves the walkable area (a wall's thickness, or another floor)",
wall of tile 019648 (room 0x3a),wall of tile 015E48 (room 0x1f),32.073,no,"the line between them leaves the walkable area (a wall's thickness, or another floor)",
wall of tile 019648 (room 0x3a),door 0x1d8d0c (preset 0x0091),16.036,no,the line between them touches another wall,wall of tile 07761A (room 0x10)
wall of tile 019648 (room 0x3a),door 0x1d8d0c (preset 0x0091),0.000061,no,"the line between them leaves the walkable area (a wall's thickness, or another floor)",
wall of tile 019248 (room 0x3a),wall of tile 018E48 (room 0x3a),22.050,no,the line between them touches another wall,wall of tile 018E48 (room 0x3a)
wall of tile 019248 (room 0x3a),wall of tile 018F4A (room 0x3a),45.358,no,"another wall pokes into the space between them, so a tighter pair covers this gap",wall of tile 018E48 (room 0x3a)
wall of tile 018E48 (room 0x3a),wall of tile 018F4A (room 0x3a),33.602,no,the line between them touches another wall,wall of tile 018E48 (room 0x3a)
wall of tile 01CC4A (room 0x2f),generic 0x1d3b98 (preset 0x271d),42.472,yes,,
wall of tile 01CC4A (room 0x2f),generic 0x1d3b98 (preset 0x271d),42.472,yes,,
wall of tile 01CC4A (room 0x2f),glass 0x1d78a4 (preset 0x27bc),0.00024,no,the line between them touches another wall,glass 0x1d78a4 (preset 0x27bc)
wall of tile 01CC4A (room 0x2f),glass 0x1d7cb0 (preset 0x27c7),21.519,no,"the line between them leaves the walkable area (a wall's thickness, or another floor)",
wall of tile 01CC4A (room 0x2f),glass 0x1d7cb0 (preset 0x27c7),21.519,no,"the line between them leaves the walkable area (a wall's thickness, or another floor)",
wall of tile 01CC4A (room 0x2f),glass 0x1d7cb0 (preset 0x27c7),22.050,no,"another wall pokes into the space between them, so a tighter pair covers this gap",wall of tile 021649 (room 0x3b)
wall of tile 01CC4A (room 0x2f),glass 0x1d8204 (preset 0x27c2),0.000068,no,"another wall pokes into the space between them, so a tighter pair covers this gap",wall of tile 019049 (room 0x3a)
wall of tile 01CC4A (room 0x2f),glass 0x1d8204 (preset 0x27c2),0.0045,no,"another wall pokes into the space between them, so a tighter pair covers this gap",glass 0x1d8204 (preset 0x27c2)
wall of tile 01CC4A (room 0x2f),glass 0x1d8204 (preset 0x27c2),0.000031,yes,,
wall of tile 02174A (room 0x3b),glass 0x1d78a4 (preset 0x27bc),0.00049,no,the line between them touches another wall,glass 0x1d78a4 (preset 0x27bc)
wall of tile 02174A (room 0x3b),glass 0x1d78a4 (preset 0x27bc),0.00025,no,"another wall pokes into the space between them, so a tighter pair covers this gap",wall of tile 01C94A (room 0x2f)
wall of tile 02174A (room 0x3b),glass 0x1d78a4 (preset 0x27bc),0.00025,no,"another wall pokes into the space between them, so a tighter pair covers this gap",wall of tile 01C94A (room 0x2f)
wall of tile 02174A (room 0x3b),glass 0x1d7938 (preset 0x27c9),0.000046,no,"the line between them leaves the walkable area (a wall's thickness, or another floor)",
wall of tile 02174A (room 0x3b),glass 0x1d7938 (preset 0x27c9),0.00011,no,the line between them touches another wall,glass 0x1d7938 (preset 0x27c9)
wall of tile 02184A (room 0x3b),glass 0x1d7938 (preset 0x27c9),0.00017,no,"another wall pokes into the space between them, so a tighter pair covers this gap",wall of tile 01CA48 (room 0x2f)
wall of tile 02184A (room 0x3b),glass 0x1d7938 (preset 0x27c9),0.000034,no,"another wall pokes into the space between them, so a tighter pair covers this gap",wall of tile 01CA48 (room 0x2f)
wall of tile 02184A (room 0x3b),glass 0x1d7938 (preset 0x27c9),0.000034,no,"another wall pokes into the space between them, so a tighter pair covers this gap",wall of tile 01CA48 (room 0x2f)
wall of tile 02184A (room 0x3b),glass 0x1d79cc (preset 0x27be),0.000022,yes,,
wall of tile 02184A (room 0x3b),glass 0x1d79cc (preset 0x27be),0.00015,no,"another wall pokes into the space between them, so a tighter pair covers this gap",wall of tile 01C049 (room 0x2e)
wall of tile 02184A (room 0x3b),glass 0x1d79cc (preset 0x27be),0.000031,no,"another wall pokes into the space between them, so a tighter pair covers this gap",glass 0x1d79cc (preset 0x27be)
wall of tile 01C849 (room 0x2f),wall of tile 01C94A (room 0x2f),22.050,no,"the line between them leaves the walkable area (a wall's thickness, or another floor)",
wall of tile 01C849 (room 0x2f),glass 0x1d78a4 (preset 0x27bc),22.050,no,"the line between them leaves the walkable area (a wall's thickness, or another floor)",
wall of tile 01C849 (room 0x2f),glass 0x1d78a4 (preset 0x27bc),22.050,no,"the line between them leaves the walkable area (a wall's thickness, or another floor)",
wall of tile 01C849 (room 0x2f),glass 0x1d78a4 (preset 0x27bc),22.050,no,"the line between them leaves the walkable area (a wall's thickness, or another floor)",
wall of tile 01C849 (room 0x2f),glass 0x1d7938 (preset 0x27c9),0.000061,no,"the line between them leaves the walkable area (a wall's thickness, or another floor)",
wall of tile 01C849 (room 0x2f),glass 0x1d7938 (preset 0x27c9),0.00011,no,the line between them touches another wall,glass 0x1d7938 (preset 0x27c9)
wall of tile 01CA48 (room 0x2f),wall of tile 01C049 (room 0x2e),22.050,no,"the line between them leaves the walkable area (a wall's thickness, or another floor)",
wall of tile 01CA48 (room 0x2f),glass 0x1d7938 (preset 0x27c9),0.000031,yes,,
wall of tile 01CA48 (room 0x2f),glass 0x1d7938 (preset 0x27c9),0.000031,yes,,
wall of tile 01CA48 (room 0x2f),glass 0x1d7938 (preset 0x27c9),0.000031,yes,,
wall of tile 01CA48 (room 0x2f),glass 0x1d79cc (preset 0x27be),22.050,no,"another wall pokes into the space between them, so a tighter pair covers this gap",wall of tile 02184A (room 0x3b)
wall of tile 01CA48 (room 0x2f),glass 0x1d79cc (preset 0x27be),22.050,no,"the line between them leaves the walkable area (a wall's thickness, or another floor)",
wall of tile 01CA48 (room 0x2f),glass 0x1d79cc (preset 0x27be),22.050,no,"another wall pokes into the space between them, so a tighter pair covers this gap",wall of tile 02184A (room 0x3b)
wall of tile 01C64A (room 0x2f),wall of tile 01C448 (room 0x2f),54.123,no,the line between them touches another wall,wall of tile 01C74A (room 0x2f)
wall of tile 01C448 (room 0x2f),wall of tile 01C949 (room 0x2f),42.096,no,the line between them touches another wall,wall of tile 01C448 (room 0x2f)
wall of tile 01C94A (room 0x2f),wall of tile 016349 (room 0x1f),22.050,no,"the line between them leaves the walkable area (a wall's thickness, or another floor)",
wall of tile 01C94A (room 0x2f),wall of tile 016349 (room 0x1f),22.050,no,the line between them touches another wall,wall of tile 02174A (room 0x3b)
wall of tile 01C94A (room 0x2f),glass 0x1d78a4 (preset 0x27bc),0.000031,no,"another wall pokes into the space between them, so a tighter pair covers this gap",glass 0x1d78a4 (preset 0x27bc)
wall of tile 01C94A (room 0x2f),glass 0x1d7938 (preset 0x27c9),22.050,no,"the line between them leaves the walkable area (a wall's thickness, or another floor)",
wall of tile 01C94A (room 0x2f),glass 0x1d7938 (preset 0x27c9),22.050,no,"the line between them leaves the walkable area (a wall's thickness, or another floor)",
wall of tile 01C94A (room 0x2f),glass 0x1d7938 (preset 0x27c9),22.050,no,"another wall pokes into the space between them, so a tighter pair covers this gap",wall of tile 02174A (room 0x3b)
wall of tile 01CB48 (room 0x2f),wall of tile 01C348 (room 0x2f),42.095,no,the line between them touches another wall,wall of tile 01C348 (room 0x2f)
wall of tile 01CB48 (room 0x2f),wall of tile 015E48 (room 0x1f),22.050,no,the line between them touches another wall,wall of tile 01C348 (room 0x2f)
wall of tile 01CB48 (room 0x2f),wall of tile 015E48 (room 0x1f),42.095,no,the line between them touches another wall,wall of tile 01C348 (room 0x2f)
wall of tile 01C049 (room 0x2e),wall of tile 016349 (room 0x1f),22.050,no,the line between them touches another wall,wall of tile 02184A (room 0x3b)
wall of tile 01C049 (room 0x2e),glass 0x1d7938 (preset 0x27c9),22.050,no,"the line between them leaves the walkable area (a wall's thickness, or another floor)",
wall of tile 01C049 (room 0x2e),glass 0x1d7938 (preset 0x27c9),22.050,no,"the line between them leaves the walkable area (a wall's thickness, or another floor)",
wall of tile 01C049 (room 0x2e),glass 0x1d7938 (preset 0x27c9),22.050,no,"the line between them leaves the walkable area (a wall's thickness, or another floor)",
wall of tile 01C049 (room 0x2e),glass 0x1d79cc (preset 0x27be),0.000022,yes,,
wall of tile 01C049 (room 0x2e),glass 0x1d79cc (preset 0x27be),0.00012,no,"another wall pokes into the space between them, so a tighter pair covers this gap",glass 0x1d79cc (preset 0x27be)
wall of tile 01C049 (room 0x2e),glass 0x1d79cc (preset 0x27be),0.000031,no,"another wall pokes into the space between them, so a tighter pair covers this gap",glass 0x1d79cc (preset 0x27be)
wall of tile 075019 (room 0x12),wall of tile 056221 (room 0x13),43.272,no,"the line between them leaves the walkable area (a wall's thickness, or another floor)",
wall of tile 075019 (room 0x12),wall of tile 056320 (room 0x13),42.095,no,"the line between them leaves the walkable area (a wall's thickness, or another floor)",
wall of tile 075019 (room 0x12),wall of tile 056320 (room 0x13),42.095,no,"the line between them leaves the walkable area (a wall's thickness, or another floor)",
wall of tile 07561A (room 0x12),wall of tile 075818 (room 0x12),45.040,no,"another wall pokes into the space between them, so a tighter pair covers this gap",wall of tile 075818 (room 0x12)
wall of tile 075919 (room 0x12),wall of tile 075B19 (room 0x12),54.123,no,the line between them touches another wall,wall of tile 075B19 (room 0x12)
wall of tile 075A19 (room 0x12),wall of tile 076219 (room 0x12),17.009,no,the line between them touches another wall,wall of tile 075D19 (room 0x12)
wall of tile 075A19 (room 0x12),wall of tile 07AC32 (room 0x18),45.711,no,"the line between them leaves the walkable area (a wall's thickness, or another floor)",
wall of tile 075A19 (room 0x12),wall of tile 075B19 (room 0x12),52.118,no,"another wall pokes into the space between them, so a tighter pair covers this gap",wall of tile 075B19 (room 0x12)
wall of tile 075A19 (room 0x12),wall of tile 075B19 (room 0x12),29.800,no,the line between them touches another wall,wall of tile 075B1A (room 0x12)
wall of tile 075A19 (room 0x12),door 0x1d968c (preset 0x0096),45.694,no,"the line between them leaves the walkable area (a wall's thickness, or another floor)",
wall of tile 075A19 (room 0x12),door 0x1d968c (preset 0x0096),28.685,no,"the line between them leaves the walkable area (a wall's thickness, or another floor)",
wall of tile 075A19 (room 0x12),door 0x1d968c (preset 0x0096),28.685,no,"the line between them leaves the walkable area (a wall's thickness, or another floor)",
wall of tile 075C19 (room 0x12),wall of tile 075E1A (room 0x12),52.731,no,the line between them touches another wall,wall of tile 075D1A (room 0x12)
wall of tile 075D19 (room 0x12),wall of tile 07AC32 (room 0x18),32.073,no,the line between them touches another wall,wall of tile 076219 (room 0x12)
wall of tile 075D19 (room 0x12),door 0x1d968c (preset 0x0096),32.055,no,the line between them touches another wall,wall of tile 076219 (room 0x12)
wall of tile 075D19 (room 0x12),door 0x1d968c (preset 0x0096),14.015,no,the line between them touches another wall,wall of tile 076219 (room 0x12)
wall of tile 075D19 (room 0x12),door 0x1d968c (preset 0x0096),14.015,no,the line between them touches another wall,wall of tile 076219 (room 0x12)
wall of tile 076118 (room 0x12),wall of tile 07AC31 (room 0x18),32.073,no,the line between them touches another wall,wall of tile 07621A (room 0x12)
wall of tile 076118 (room 0x12),door 0x1d968c (preset 0x0096),14.015,no,the line between them touches another wall,wall of tile 07621A (room 0x12)
wall of tile 076118 (room 0x12),door 0x1d968c (preset 0x0096),32.055,no,the line between them touches another wall,wall of tile 07621A (room 0x12)
wall of tile 076118 (room 0x12),door 0x1d968c (preset 0x0096),32.056,no,the line between them touches another wall,door 0x1d968c (preset 0x0096)
wall of tile 076118 (room 0x12),door 0x1d968c (preset 0x0096),14.015,no,the line between them touches another wall,wall of tile 07621A (room 0x12)
wall of tile 075F18 (room 0x12),wall of tile 075E1A (room 0x12),51.029,no,"another wall pokes into the space between them, so a tighter pair covers this gap",wall of tile 075E19 (room 0x12)
wall of tile 075F18 (room 0x12),wall of tile 075E19 (room 0x12),29.800,no,the line between them touches another wall,wall of tile 075E19 (room 0x12)
wall of tile 075F18 (room 0x12),wall of tile 07621A (room 0x12),15.656,no,the line between them touches another wall,wall of tile 076118 (room 0x12)
wall of tile 075F18 (room 0x12),wall of tile 07AC31 (room 0x18),45.224,no,"the line between them leaves the walkable area (a wall's thickness, or another floor)",
wall of tile 075F18 (room 0x12),door 0x1d968c (preset 0x0096),27.904,no,"the line between them leaves the walkable area (a wall's thickness, or another floor)",
wall of tile 075F18 (room 0x12),door 0x1d968c (preset 0x0096),45.208,no,"the line between them leaves the walkable area (a wall's thickness, or another floor)",
wall of tile 075F18 (room 0x12),door 0x1d968c (preset 0x0096),45.208,no,"the line between them leaves the walkable area (a wall's thickness, or another floor)",
wall of tile 075F18 (room 0x12),door 0x1d968c (preset 0x0096),27.904,no,"the line between them leaves the walkable area (a wall's thickness, or another floor)",
wall of tile 075E1A (room 0x12),wall of tile 075E19 (room 0x12),32.038,no,"another wall pokes into the space between them, so a tighter pair covers this gap",wall of tile 075E19 (room 0x12)
wall of tile 075E1A (room 0x12),wall of tile 07AE32 (room 0x18),59.532,no,"the line between them leaves the walkable area (a wall's thickness, or another floor)",
wall of tile 075E1A (room 0x12),wall of tile 07AE31 (room 0x18),42.095,no,"the line between them leaves the walkable area (a wall's thickness, or another floor)",
wall of tile 075E19 (room 0x12),wall of tile 07AE32 (room 0x18),43.272,no,"the line between them leaves the walkable area (a wall's thickness, or another floor)",
wall of tile 075E19 (room 0x12),wall of tile 07AE31 (room 0x18),42.095,no,"the line between them leaves the walkable area (a wall's thickness, or another floor)",
wall of tile 075E19 (room 0x12),wall of tile 07AE32 (room 0x18),43.272,no,"the line between them leaves the walkable area (a wall's thickness, or another floor)",
wall of tile 075E19 (room 0x12),wall of tile 07AE31 (room 0x18),42.095,no,"the line between them leaves the walkable area (a wall's thickness, or another floor)",
wall of tile 07621A (room 0x12),wall of tile 07AE32 (room 0x18),43.206,no,"the line between them leaves the walkable area (a wall's thickness, or another floor)",
wall of tile 076219 (room 0x12),wall of tile 07AB30 (room 0x18),43.778,no,"the line between them leaves the walkable area (a wall's thickness, or another floor)",
wall of tile 07AC31 (room 0x18),door 0x1d968c (preset 0x0096),0.017,no,the line between them touches another wall,wall of tile 07621A (room 0x12)
wall of tile 07AC31 (room 0x18),door 0x1d968c (preset 0x0096),0.017,no,the line between them touches another wall,wall of tile 07621A (room 0x12)
wall of tile 07AC31 (room 0x18),door 0x1d968c (preset 0x0096),0.017,no,the line between them touches another wall,wall of tile 07621A (room 0x12)
wall of tile 07AC31 (room 0x18),door 0x1d968c (preset 0x0096),18.058,no,the line between them touches another wall,wall of tile 07621A (room 0x12)
wall of tile 07AC32 (room 0x18),door 0x1d968c (preset 0x0096),0.017,no,"another wall pokes into the space between them, so a tighter pair covers this gap",wall of tile 076219 (room 0x12)
wall of tile 07AC32 (room 0x18),door 0x1d968c (preset 0x0096),0.017,no,the line between them touches another wall,wall of tile 076219 (room 0x12)
wall of tile 07AC32 (room 0x18),door 0x1d968c (preset 0x0096),18.058,no,the line between them touches another wall,wall of tile 076219 (room 0x12)
wall of tile 07B032 (room 0x18),wall of tile 07AE31 (room 0x18),42.095,no,the line between them touches another wall,wall of tile 07AE31 (room 0x18)
wall of tile 07AE32 (room 0x18),door 0x1d968c (preset 0x0096),43.223,no,"the line between them leaves the walkable area (a wall's thickness, or another floor)",
wall of tile 07AE32 (room 0x18),door 0x1d968c (preset 0x0096),43.223,no,"the line between them leaves the walkable area (a wall's thickness, or another floor)",
wall of tile 07AE32 (room 0x18),door 0x1d968c (preset 0x0096),43.223,no,"the line between them leaves the walkable area (a wall's thickness, or another floor)",
wall of tile 07AE31 (room 0x18),wall of tile 07B031 (room 0x18),42.095,no,the line between them touches another wall,wall of tile 07B032 (room 0x18)
wall of tile 07AE31 (room 0x18),wall of tile 07B031 (room 0x18),59.532,no,"the line between them leaves the walkable area (a wall's thickness, or another floor)",
wall of tile 07B031 (room 0x18),wall of tile 07B132 (room 0x18),22.050,no,"another wall pokes into the space between them, so a tighter pair covers this gap",wall of tile 07B031 (room 0x18)
wall of tile 07AB30 (room 0x18),wall of tile 075B1A (room 0x12),43.272,no,"the line between them leaves the walkable area (a wall's thickness, or another floor)",
wall of tile 07AB30 (room 0x18),wall of tile 075B19 (room 0x12),59.532,no,"the line between them leaves the walkable area (a wall's thickness, or another floor)",
wall of tile 07AB30 (room 0x18),wall of tile 075B19 (room 0x12),43.272,no,"the line between them leaves the walkable area (a wall's thickness, or another floor)",
wall of tile 07AB30 (room 0x18),door 0x1d968c (preset 0x0096),43.794,no,"the line between them leaves the walkable area (a wall's thickness, or another floor)",
wall of tile 07AB30 (room 0x18),door 0x1d968c (preset 0x0096),43.794,no,"the line between them leaves the walkable area (a wall's thickness, or another floor)",
wall of tile 07B132 (room 0x18),wall of tile 07B231 (room 0x18),24.053,no,"another wall pokes into the space between them, so a tighter pair covers this gap",wall of tile 07B232 (room 0x18)
wall of tile 07B930 (room 0x18),wall of tile 003538 (room 0x1c),52.118,no,the line between them touches another wall,wall of tile 07BE32 (room 0x18)
wall of tile 07B930 (room 0x18),door 0x1d8e2c (preset 0x0097),52.118,no,the line between them touches another wall,wall of tile 07BE32 (room 0x18)
wall of tile 07B930 (room 0x18),door 0x1d8e2c (preset 0x0097),36.082,no,the line between them touches another wall,wall of tile 07BE32 (room 0x18)
wall of tile 07B930 (room 0x18),door 0x1d8e2c (preset 0x0097),36.082,no,the line between them touches another wall,wall of tile 07BE32 (room 0x18)
wall of tile 07BE32 (room 0x18),wall of tile 000838 (room 0x1c),54.123,no,the line between them touches another wall,wall of tile 003538 (room 0x1c)
wall of tile 07BE31 (room 0x18),wall of tile 003338 (room 0x1c),52.119,no,the line between them touches another wall,wall of tile 003938 (room 0x1c)
wall of tile 003938 (room 0x1c),wall of tile 07BD31 (room 0x18),52.118,no,the line between them touches another wall,wall of tile 07BE31 (room 0x18)
wall of tile 003938 (room 0x1c),door 0x1d8f2c (preset 0x0098),16.036,no,the line between them touches another wall,wall of tile 07BE31 (room 0x18)
wall of tile 003538 (room 0x1c),door 0x1d8e2c (preset 0x0097),16.036,no,the line between them touches another wall,wall of tile 07BE32 (room 0x18)
wall of tile 000838 (room 0x1c),door 0x1d8e2c (preset 0x0097),54.123,no,the line between them touches another wall,wall of tile 003538 (room 0x1c)
wall of tile 000838 (room 0x1c),door 0x1d8e2c (preset 0x0097),56.448,no,"the line between them leaves the walkable area (a wall's thickness, or another floor)",
wall of tile 000838 (room 0x1c),door 0x1d8e2c (preset 0x0097),54.123,no,the line between them touches another wall,wall of tile 003538 (room 0x1c)
wall of tile 003338 (room 0x1c),wall of tile 07BD31 (room 0x18),55.047,no,"the line between them leaves the walkable area (a wall's thickness, or another floor)",
wall of tile 003338 (room 0x1c),door 0x1d8f2c (preset 0x0098),52.119,no,the line between them touches another wall,wall of tile 003938 (room 0x1c)
wall of tile 003338 (room 0x1c),door 0x1d8f2c (preset 0x0098),52.119,no,the line between them touches another wall,wall of tile 003938 (room 0x1c)
wall of tile 003338 (room 0x1c),door 0x1d8f2c (preset 0x0098),54.530,no,"the line between them leaves the walkable area (a wall's thickness, or another floor)",
wall of tile 07BD31 (room 0x18),wall of tile 07BC30 (room 0x18),24.055,no,the line between them touches another wall,wall of tile 07BD31 (room 0x18)
wall of tile 07BD31 (room 0x18),door 0x1d8f2c (preset 0x0098),52.118,no,the line between them touches another wall,wall of tile 07BE31 (room 0x18)
wall of tile 07BD31 (room 0x18),door 0x1d8f2c (preset 0x0098),36.082,no,the line between them touches another wall,wall of tile 07BE31 (room 0x18)
wall of tile 07BD31 (room 0x18),door 0x1d8f2c (preset 0x0098),36.082,no,the line between them touches another wall,wall of tile 07BE31 (room 0x18)
wall of tile 07BC30 (room 0x18),wall of tile 07B830 (room 0x18),20.046,no,the line between them touches another wall,wall of tile 07B830 (room 0x18)
wall of tile 07B731 (room 0x18),wall of tile 07B631 (room 0x18),44.036,no,"another wall pokes into the space between them, so a tighter pair covers this gap",wall of tile 07B632 (room 0x18)
wall of tile 07B632 (room 0x18),wall of tile 07B830 (room 0x18),42.095,no,the line between them touches another wall,wall of tile 07B731 (room 0x18)
wall of tile 07B431 (room 0x18),wall of tile 07A830 (room 0x19),31.784,no,"another wall pokes into the space between them, so a tighter pair covers this gap",wall of tile 07B431 (room 0x18)
wall of tile 07A830 (room 0x19),wall of tile 07A731 (room 0x19),30.259,no,"another wall pokes into the space between them, so a tighter pair covers this gap",wall of tile 07A732 (room 0x19)
wall of tile 07A332 (room 0x19),wall of tile 07A130 (room 0x19),42.095,no,the line between them touches another wall,wall of tile 07A130 (room 0x19)
wall of tile 07A332 (room 0x19),wall of tile 07A930 (room 0x18),42.095,no,the line between them touches another wall,wall of tile 07A930 (room 0x18)
wall of tile 07A130 (room 0x19),wall of tile 079B30 (room 0x1a),42.095,no,the line between them touches another wall,wall of tile 07A030 (room 0x19)
wall of tile 079B30 (room 0x1a),wall of tile 079A32 (room 0x1a),42.095,no,the line between them touches another wall,wall of tile 079A32 (room 0x1a)
wall of tile 079F30 (room 0x1a),wall of tile 07A432 (room 0x19),44.036,no,"another wall pokes into the space between them, so a tighter pair covers this gap",wall of tile 07A431 (room 0x19)
wall of tile 079D32 (room 0x1a),wall of tile 079032 (room 0x1b),30.130,no,"another wall pokes into the space between them, so a tighter pair covers this gap",wall of tile 079D31 (room 0x1a)
wall of tile 078E31 (room 0x1b),wall of tile 078F30 (room 0x1b),20.473,no,"another wall pokes into the space between them, so a tighter pair covers this gap",wall of tile 078F30 (room 0x1b)
wall of tile 078E31 (room 0x1b),wall of tile 078B31 (room 0x1b),32.073,no,the line between them touches another wall,wall of tile 078B32 (room 0x1b)
wall of tile 078A31 (room 0x1b),wall of tile 003940 (room 0x1d),32.073,no,"the line between them leaves the walkable area (a wall's thickness, or another floor)",
wall of tile 078A31 (room 0x1b),wall of tile 003340 (room 0x1d),32.073,no,"the line between them leaves the walkable area (a wall's thickness, or another floor)",
wall of tile 078831 (room 0x1b),wall of tile 078732 (room 0x1b),42.095,no,the line between them touches another wall,wall of tile 078832 (room 0x1b)
wall of tile 078831 (room 0x1b),wall of tile 078D31 (room 0x1b),44.100,no,the line between them touches another wall,wall of tile 078A31 (room 0x1b)
wall of tile 078831 (room 0x1b),wall of tile 003940 (room 0x1d),32.073,no,"the line between them leaves the walkable area (a wall's thickness, or another floor)",
wall of tile 078831 (room 0x1b),wall of tile 003340 (room 0x1d),32.073,no,"the line between them leaves the walkable area (a wall's thickness, or another floor)",
wall of tile 078732 (room 0x1b),wall of tile 078632 (room 0x1b),21.269,no,"another wall pokes into the space between them, so a tighter pair covers this gap",wall of tile 078631 (room 0x1b)
wall of tile 078532 (room 0x1b),wall of tile 078431 (room 0x1b),57.050,no,"another wall pokes into the space between them, so a tighter pair covers this gap",wall of tile 078531 (room 0x1b)
wall of tile 078431 (room 0x1b),wall of tile 078030 (room 0x17),3.967,no,"the line between them leaves the walkable area (a wall's thickness, or another floor)",
wall of tile 077732 (room 0x17),wall of tile 077631 (room 0x17),42.075,no,"another wall pokes into the space between them, so a tighter pair covers this gap",wall of tile 077632 (room 0x17)
wall of tile 077732 (room 0x17),wall of tile 077831 (room 0x17),41.975,no,"another wall pokes into the space between them, so a tighter pair covers this gap",wall of tile 077831 (room 0x17)
wall of tile 077631 (room 0x17),wall of tile 077431 (room 0x17),20.046,no,the line between them touches another wall,wall of tile 077530 (room 0x17)
wall of tile 077432 (room 0x17),wall of tile 077232 (room 0x17),42.523,no,the line between them touches another wall,wall of tile 077331 (room 0x17)
wall of tile 077432 (room 0x17),door 0x1d979c (preset 0x009b),18.024,no,the line between them touches another wall,wall of tile 033309 (room 0x0b)
wall of tile 077432 (room 0x17),door 0x1d979c (preset 0x009b),18.024,no,the line between them touches another wall,wall of tile 033309 (room 0x0b)
wall of tile 077431 (room 0x17),door 0x1d979c (preset 0x009b),18.024,no,the line between them touches another wall,wall of tile 03330A (room 0x0b)
wall of tile 033309 (room 0x0b),door 0x1d979c (preset 0x009b),0.017,no,the line between them touches another wall,door 0x1d979c (preset 0x009b)
wall of tile 03330A (room 0x0b),door 0x1d979c (preset 0x009b),0.017,no,the line between them touches another wall,wall of tile 077431 (room 0x17)
wall of tile 033009 (room 0x0b),glass 0x1d76e8 (preset 0x27b7),0.51,no,"the line between them leaves the walkable area (a wall's thickness, or another floor)",
wall of tile 033009 (room 0x0b),glass 0x1d76e8 (preset 0x27b7),0.0014,no,"another wall pokes into the space between them, so a tighter pair covers this gap",wall of tile 033A08 (room 0x0b)
wall of tile 033009 (room 0x0b),glass 0x1d76e8 (preset 0x27b7),0.0032,no,the line between them touches another wall,glass 0x1d76e8 (preset 0x27b7)
wall of tile 033009 (room 0x0b),door 0x1d979c (preset 0x009b),45.706,no,"the line between them leaves the walkable area (a wall's thickness, or another floor)",
wall of tile 033009 (room 0x0b),door 0x1d979c (preset 0x009b),45.706,no,"the line between them leaves the walkable area (a wall's thickness, or another floor)",
wall of tile 033009 (room 0x0b),door 0x1d979c (preset 0x009b),45.706,no,"the line between them leaves the walkable area (a wall's thickness, or another floor)",
wall of tile 032D0A (room 0x0b),wall of tile 032C09 (room 0x0b),52.085,no,"another wall pokes into the space between them, so a tighter pair covers this gap",wall of tile 032C09 (room 0x0b)
wall of tile 032E09 (room 0x0b),wall of tile 033109 (room 0x0b),41.869,no,"another wall pokes into the space between them, so a tighter pair covers this gap",wall of tile 033109 (room 0x0b)
wall of tile 032F08 (room 0x0b),wall of tile 032C09 (room 0x0b),44.373,no,"the line between them leaves the walkable area (a wall's thickness, or another floor)",
wall of tile 032F08 (room 0x0b),wall of tile 032C09 (room 0x0b),44.373,no,"the line between them leaves the walkable area (a wall's thickness, or another floor)",
wall of tile 032F08 (room 0x0b),wall of tile 032C09 (room 0x0b),42.501,no,"the line between them leaves the walkable area (a wall's thickness, or another floor)",
wall of tile 032F08 (room 0x0b),wall of tile 032C09 (room 0x0b),42.501,no,"the line between them leaves the walkable area (a wall's thickness, or another floor)",
wall of tile 032C0A (room 0x0b),wall of tile 03270A (room 0x0b),54.123,no,"the line between them leaves the walkable area (a wall's thickness, or another floor)",
wall of tile 032B0A (room 0x0b),wall of tile 032C09 (room 0x0b),6.009,no,"the line between them leaves the walkable area (a wall's thickness, or another floor)",
wall of tile 03270A (room 0x0b),wall of tile 032C09 (room 0x0b),54.271,no,"the line between them leaves the walkable area (a wall's thickness, or another floor)",
wall of tile 032709 (room 0x0b),wall of tile 032809 (room 0x0b),22.855,no,the line between them touches another wall,wall of tile 03280A (room 0x0b)
wall of tile 032809 (room 0x0b),wall of tile 01B548 (room 0x21),20.046,no,the line between them touches another wall,wall of tile 03260A (room 0x0b)
wall of tile 032809 (room 0x0b),wall of tile 015449 (room 0x45),20.046,no,the line between them touches another wall,wall of tile 03260A (room 0x0b)
wall of tile 032809 (room 0x0b),wall of tile 015449 (room 0x45),20.046,no,the line between them touches another wall,wall of tile 03260A (room 0x0b)
wall of tile 032809 (room 0x0b),door 0x1d946c (preset 0x0092),9.996,no,"another wall pokes into the space between them, so a tighter pair covers this gap",wall of tile 03260A (room 0x0b)
wall of tile 032809 (room 0x0b),door 0x1d946c (preset 0x0092),9.996,no,"another wall pokes into the space between them, so a tighter pair covers this gap",wall of tile 03260A (room 0x0b)
wall of tile 032809 (room 0x0b),door 0x1d946c (preset 0x0092),9.996,no,"another wall pokes into the space between them, so a tighter pair covers this gap",wall of tile 03260A (room 0x0b)
wall of tile 032809 (room 0x0b),door 0x1d946c (preset 0x0092),38.060,no,"another wall pokes into the space between them, so a tighter pair covers this gap",wall of tile 03260A (room 0x0b)
wall of tile 032509 (room 0x0b),wall of tile 032409 (room 0x0b),20.046,no,the line between them touches another wall,wall of tile 03250A (room 0x0b)
wall of tile 032509 (room 0x0b),door 0x1d946c (preset 0x0092),18.014,no,"the line between them leaves the walkable area (a wall's thickness, or another floor)",
wall of tile 032509 (room 0x0b),door 0x1d946c (preset 0x0092),10.050,no,the line between them touches another wall,door 0x1d946c (preset 0x0092)
wall of tile 032509 (room 0x0b),door 0x1d946c (preset 0x0092),18.014,no,"the line between them leaves the walkable area (a wall's thickness, or another floor)",
wall of tile 03260A (room 0x0b),door 0x1d946c (preset 0x0092),0.00012,yes,,
wall of tile 03260A (room 0x0b),door 0x1d946c (preset 0x0092),0.00012,yes,,
wall of tile 03260A (room 0x0b),door 0x1d946c (preset 0x0092),0.00012,yes,,
wall of tile 03260A (room 0x0b),door 0x1d946c (preset 0x0092),18.014,no,"another wall pokes into the space between them, so a tighter pair covers this gap",wall of tile 01B548 (room 0x21)
wall of tile 01B548 (room 0x21),wall of tile 01AF49 (room 0x21),52.118,no,"the line between them leaves the walkable area (a wall's thickness, or another floor)",
wall of tile 01B548 (room 0x21),wall of tile 01AE48 (room 0x21),20.045,no,"the line between them leaves the walkable area (a wall's thickness, or another floor)",
wall of tile 01B548 (room 0x21),wall of tile 01AE48 (room 0x21),20.045,no,"the line between them leaves the walkable area (a wall's thickness, or another floor)",
wall of tile 01B548 (room 0x21),wall of tile 014D49 (room 0x45),42.095,no,"the line between them leaves the walkable area (a wall's thickness, or another floor)",
wall of tile 01B548 (room 0x21),wall of tile 014C48 (room 0x45),20.045,no,"the line between them leaves the walkable area (a wall's thickness, or another floor)",
wall of tile 01B548 (room 0x21),wall of tile 014C48 (room 0x45),20.045,no,"the line between them leaves the walkable area (a wall's thickness, or another floor)",
wall of tile 01B548 (room 0x21),door 0x1d946c (preset 0x0092),10.050,no,"another wall pokes into the space between them, so a tighter pair covers this gap",wall of tile 03260A (room 0x0b)
wall of tile 01B548 (room 0x21),door 0x1d946c (preset 0x0092),10.049,no,"another wall pokes into the space between them, so a tighter pair covers this gap",wall of tile 03260A (room 0x0b)
wall of tile 01B548 (room 0x21),door 0x1d946c (preset 0x0092),0.00012,yes,,
wall of tile 01B548 (room 0x21),door 0x1d946c (preset 0x0092),0.00012,yes,,
wall of tile 01B248 (room 0x21),wall of tile 01AF49 (room 0x21),45.358,no,"another wall pokes into the space between them, so a tighter pair covers this gap",wall of tile 01AE48 (room 0x21)
wall of tile 01B248 (room 0x21),wall of tile 01AE48 (room 0x21),22.050,no,the line between them touches another wall,wall of tile 01AE48 (room 0x21)
wall of tile 01B248 (room 0x21),wall of tile 014D49 (room 0x45),31.183,no,the far wall faces the other way (it belongs to floor which isn't linked here),
wall of tile 01B248 (room 0x21),wall of tile 014C48 (room 0x45),22.050,no,the line between them touches another wall,wall of tile 01AE48 (room 0x21)
wall of tile 01AF49 (room 0x21),wall of tile 01AE48 (room 0x21),33.602,no,the line between them touches another wall,wall of tile 01AE48 (room 0x21)
wall of tile 01AF49 (room 0x21),wall of tile 015449 (room 0x45),52.118,no,"the line between them leaves the walkable area (a wall's thickness, or another floor)",
wall of tile 01AF49 (room 0x21),wall of tile 015348 (room 0x45),45.358,no,the far wall faces the other way (it belongs to floor which isn't linked here),
wall of tile 01AF49 (room 0x21),wall of tile 014D49 (room 0x45),11.256,no,the far wall faces the other way (it belongs to floor which isn't linked here),
wall of tile 01AF49 (room 0x21),wall of tile 014C48 (room 0x45),14.174,no,the far wall faces the other way (it belongs to floor which isn't linked here),
wall of tile 01AF49 (room 0x21),wall of tile 014C48 (room 0x45),33.602,no,the line between them touches another wall,wall of tile 01AE48 (room 0x21)
wall of tile 01AC48 (room 0x21),wall of tile 048901 (room 0x0a),52.118,no,the line between them touches another wall,wall of tile 01B449 (room 0x21)
wall of tile 01AC48 (room 0x21),door 0x1d89ec (preset 0x0093),36.082,no,"the line between them leaves the walkable area (a wall's thickness, or another floor)",
wall of tile 01AC48 (room 0x21),door 0x1d89ec (preset 0x0093),52.118,no,"the line between them leaves the walkable area (a wall's thickness, or another floor)",
wall of tile 01AC48 (room 0x21),door 0x1d89ec (preset 0x0093),36.082,no,"the line between them leaves the walkable area (a wall's thickness, or another floor)",
wall of tile 01AC48 (room 0x21),wall of tile 048902 (room 0x0a),52.118,no,the line between them touches another wall,wall of tile 01B44A (room 0x21)
wall of tile 01AC48 (room 0x21),door 0x1d89ec (preset 0x0093),36.082,no,"another wall pokes into the space between them, so a tighter pair covers this gap",wall of tile 01B44A (room 0x21)
wall of tile 01AC48 (room 0x21),door 0x1d89ec (preset 0x0093),36.082,no,"another wall pokes into the space between them, so a tighter pair covers this gap",wall of tile 01B44A (room 0x21)
wall of tile 01AC48 (room 0x21),door 0x1d89ec (preset 0x0093),52.118,no,"another wall pokes into the space between them, so a tighter pair covers this gap",wall of tile 01B44A (room 0x21)
wall of tile 01B44A (room 0x21),door 0x1d89ec (preset 0x0093),0.000061,yes,,
wall of tile 01B44A (room 0x21),door 0x1d89ec (preset 0x0093),0.000061,yes,,
wall of tile 01B44A (room 0x21),door 0x1d89ec (preset 0x0093),0.000061,yes,,
wall of tile 01B449 (room 0x21),door 0x1d89ec (preset 0x0093),0.000031,no,"the line between them leaves the walkable area (a wall's thickness, or another floor)",
wall of tile 048901 (room 0x0a),wall of tile 007A01 (room 0x0a),32.073,no,the line between them touches another wall,wall of tile 007B01 (room 0x0a)
wall of tile 048901 (room 0x0a),wall of tile 014F48 (room 0x45),52.118,no,the line between them touches another wall,wall of tile 01B449 (room 0x21)
wall of tile 048901 (room 0x0a),door 0x1d89ec (preset 0x0093),16.036,no,the line between them touches another wall,wall of tile 01B449 (room 0x21)
wall of tile 048901 (room 0x0a),door 0x1d89ec (preset 0x0093),0.000031,no,"the line between them leaves the walkable area (a wall's thickness, or another floor)",
wall of tile 048902 (room 0x0a),wall of tile 007A02 (room 0x0a),32.073,no,the line between them touches another wall,wall of tile 007B02 (room 0x0a)
wall of tile 048902 (room 0x0a),wall of tile 014F48 (room 0x45),52.118,no,the line between them touches another wall,wall of tile 01B44A (room 0x21)
wall of tile 048902 (room 0x0a),door 0x1d89ec (preset 0x0093),16.036,no,"another wall pokes into the space between them, so a tighter pair covers this gap",wall of tile 01B44A (room 0x21)
wall of tile 048902 (room 0x0a),door 0x1d89ec (preset 0x0093),0.000061,yes,,
wall of tile 048902 (room 0x0a),door 0x1d89ec (preset 0x0093),0.000061,yes,,
wall of tile 007B01 (room 0x0a),wall of tile 008401 (room 0x0a),45.358,no,the line between them touches another wall,wall of tile 007A01 (room 0x0a)
wall of tile 007B02 (room 0x0a),wall of tile 008401 (room 0x0a),43.963,no,the line between them touches another wall,wall of tile 007A02 (room 0x0a)
wall of tile 008401 (room 0x0a),wall of tile 012802 (room 0x0a),52.118,no,the line between them touches another wall,wall of tile 01B401 (room 0x0a)
wall of tile 008401 (room 0x0a),wall of tile 012801 (room 0x0a),52.118,no,the line between them touches another wall,wall of tile 01B401 (room 0x0a)
wall of tile 008401 (room 0x0a),wall of tile 01B401 (room 0x0a),32.073,no,the line between them touches another wall,wall of tile 008401 (room 0x0a)
wall of tile 008401 (room 0x0a),wall of tile 035201 (room 0x0a),32.073,no,the line between them touches another wall,wall of tile 008402 (room 0x0a)
wall of tile 008402 (room 0x0a),wall of tile 02C602 (room 0x0a),54.123,no,the line between them touches another wall,wall of tile 035201 (room 0x0a)
wall of tile 008402 (room 0x0a),wall of tile 02C602 (room 0x0a),54.123,no,the line between them touches another wall,wall of tile 035201 (room 0x0a)
wall of tile 035201 (room 0x0a),wall of tile 02C301 (room 0x0a),32.073,no,"the line between them leaves the walkable area (a wall's thickness, or another floor)",
wall of tile 035201 (room 0x0a),wall of tile 02C200 (room 0x0a),32.073,no,"the line between them leaves the walkable area (a wall's thickness, or another floor)",
wall of tile 01B401 (room 0x0a),wall of tile 012501 (room 0x0a),32.073,no,"the line between them leaves the walkable area (a wall's thickness, or another floor)",
wall of tile 01B401 (room 0x0a),wall of tile 012400 (room 0x0a),32.073,no,"the line between them leaves the walkable area (a wall's thickness, or another floor)",
wall of tile 01B201 (room 0x0a),wall of tile 007C02 (room 0x0a),20.045,no,the line between them touches another wall,wall of tile 007D01 (room 0x0a)
wall of tile 01AE02 (room 0x05),wall of tile 011801 (room 0x0a),32.073,no,the line between them touches another wall,wall of tile 01B201 (room 0x0a)
wall of tile 007D01 (room 0x0a),wall of tile 012801 (room 0x0a),52.118,no,the line between them touches another wall,wall of tile 01B201 (room 0x0a)
wall of tile 007D01 (room 0x0a),wall of tile 012801 (room 0x0a),52.118,no,the line between them touches another wall,wall of tile 01B201 (room 0x0a)
wall of tile 007D02 (room 0x0a),wall of tile 02C601 (room 0x0a),54.123,no,the line between them touches another wall,wall of tile 035001 (room 0x0a)
wall of tile 007D02 (room 0x0a),wall of tile 02C602 (room 0x0a),54.123,no,the line between them touches another wall,wall of tile 035001 (room 0x0a)
wall of tile 007C02 (room 0x0a),wall of tile 01AD01 (room 0x0a),22.050,no,the line between them touches another wall,wall of tile 008D01 (room 0x0a)
wall of tile 007C02 (room 0x0a),wall of tile 011602 (room 0x0a),56.591,no,"the line between them leaves the walkable area (a wall's thickness, or another floor)",
wall of tile 007C02 (room 0x0a),wall of tile 011602 (room 0x0a),56.591,no,"the line between them leaves the walkable area (a wall's thickness, or another floor)",
wall of tile 007C02 (room 0x0a),wall of tile 012801 (room 0x0a),55.840,no,"the line between them leaves the walkable area (a wall's thickness, or another floor)",
wall of tile 007C02 (room 0x0a),wall of tile 012801 (room 0x0a),55.840,no,"the line between them leaves the walkable area (a wall's thickness, or another floor)",
wall of tile 007C01 (room 0x0a),wall of tile 034B01 (room 0x0a),22.050,no,the line between them touches another wall,wall of tile 008D02 (room 0x0a)
wall of tile 007C01 (room 0x0a),wall of tile 02C601 (room 0x0a),57.716,no,"the line between them leaves the walkable area (a wall's thickness, or another floor)",
wall of tile 007C01 (room 0x0a),wall of tile 02C602 (room 0x0a),57.716,no,"the line between them leaves the walkable area (a wall's thickness, or another floor)",
wall of tile 007C01 (room 0x0a),wall of tile 02B401 (room 0x0a),58.442,no,"the line between them leaves the walkable area (a wall's thickness, or another floor)",
wall of tile 007C01 (room 0x0a),wall of tile 02B402 (room 0x0a),58.442,no,"the line between them leaves the walkable area (a wall's thickness, or another floor)",
wall of tile 007C01 (room 0x0a),wall of tile 035001 (room 0x0a),20.045,no,the line between them touches another wall,wall of tile 007D02 (room 0x0a)
wall of tile 007C01 (room 0x0a),generic 0x1d6854 (preset 0x2784),37.818,no,"the line between them leaves the walkable area (a wall's thickness, or another floor)",
wall of tile 007C01 (room 0x0a),generic 0x1d6854 (preset 0x2784),37.822,no,"the line between them leaves the walkable area (a wall's thickness, or another floor)",
wall of tile 007C01 (room 0x0a),generic 0x1d6854 (preset 0x2784),37.818,no,"the line between them leaves the walkable area (a wall's thickness, or another floor)",
wall of tile 007C01 (room 0x0a),generic 0x1d6ad4 (preset 0x278d),37.818,no,"the line between them leaves the walkable area (a wall's thickness, or another floor)",
wall of tile 007C01 (room 0x0a),generic 0x1d6ad4 (preset 0x278d),37.822,no,"the line between them leaves the walkable area (a wall's thickness, or another floor)",
wall of tile 007C01 (room 0x0a),generic 0x1d6ad4 (preset 0x278d),37.818,no,"the line between them leaves the walkable area (a wall's thickness, or another floor)",
wall of tile 008D01 (room 0x0a),wall of tile 011602 (room 0x0a),52.118,no,the line between them touches another wall,wall of tile 01AD01 (room 0x0a)
wall of tile 008D01 (room 0x0a),wall of tile 011602 (room 0x0a),52.118,no,the line between them touches another wall,wall of tile 01AD01 (room 0x0a)
wall of tile 008D02 (room 0x0a),wall of tile 02B401 (room 0x0a),54.123,no,the line between them touches another wall,wall of tile 034B01 (room 0x0a)
wall of tile 008D02 (room 0x0a),wall of tile 02B402 (room 0x0a),54.123,no,the line between them touches another wall,wall of tile 034B01 (room 0x0a)
wall of tile 008D02 (room 0x0a),generic 0x1d6854 (preset 0x2784),22.406,no,"another wall pokes into the space between them, so a tighter pair covers this gap",wall of tile 034B01 (room 0x0a)
wall of tile 008D02 (room 0x0a),generic 0x1d6854 (preset 0x2784),22.411,no,"another wall pokes into the space between them, so a tighter pair covers this gap",wall of tile 034B01 (room 0x0a)
wall of tile 008D02 (room 0x0a),generic 0x1d6854 (preset 0x2784),22.406,no,"another wall pokes into the space between them, so a tighter pair covers this gap",wall of tile 034B01 (room 0x0a)
wall of tile 008D02 (room 0x0a),generic 0x1d6ad4 (preset 0x278d),22.406,no,"another wall pokes into the space between them, so a tighter pair covers this gap",wall of tile 034B01 (room 0x0a)
wall of tile 008D02 (room 0x0a),generic 0x1d6ad4 (preset 0x278d),22.411,no,"another wall pokes into the space between them, so a tighter pair covers this gap",wall of tile 034B01 (room 0x0a)
wall of tile 008D02 (room 0x0a),generic 0x1d6ad4 (preset 0x278d),22.406,no,"another wall pokes into the space between them, so a tighter pair covers this gap",wall of tile 034B01 (room 0x0a)
wall of tile 034B01 (room 0x0a),generic 0x1d6854 (preset 0x2784),10.022,yes,,
wall of tile 034B01 (room 0x0a),generic 0x1d6854 (preset 0x2784),10.023,no,"another wall pokes into the space between them, so a tighter pair covers this gap",generic 0x1d6854 (preset 0x2784)
wall of tile 034B01 (room 0x0a),generic 0x1d6854 (preset 0x2784),10.022,yes,,
wall of tile 034B01 (room 0x0a),generic 0x1d6854 (preset 0x2784),10.022,yes,,
wall of tile 034B01 (room 0x0a),generic 0x1d6ad4 (preset 0x278d),10.022,yes,,
wall of tile 034B01 (room 0x0a),generic 0x1d6ad4 (preset 0x278d),10.023,no,"another wall pokes into the space between them, so a tighter pair covers this gap",generic 0x1d6ad4 (preset 0x278d)
wall of tile 034B01 (room 0x0a),generic 0x1d6ad4 (preset 0x278d),10.022,yes,,
wall of tile 034B01 (room 0x0a),generic 0x1d6ad4 (preset 0x278d),10.022,yes,,
wall of tile 01AB01 (room 0x0a),wall of tile 008502 (room 0x0a),22.050,no,the line between them touches another wall,wall of tile 008601 (room 0x0a)
wall of tile 01AB01 (room 0x0a),generic 0x1d69d4 (preset 0x278b),6.014,no,the line between them touches another wall,generic 0x1d69d4 (preset 0x278b)
wall of tile 01AB01 (room 0x0a),generic 0x1d69d4 (preset 0x278b),6.008,no,"another wall pokes into the space between them, so a tighter pair covers this gap",generic 0x1d69d4 (preset 0x278b)
wall of tile 01AB01 (room 0x0a),generic 0x1d69d4 (preset 0x278b),6.008,yes,,
wall of tile 01AB01 (room 0x0a),generic 0x1d69d4 (preset 0x278b),6.008,yes,,
wall of tile 01AB01 (room 0x0a),generic 0x1d6c54 (preset 0x2791),6.014,no,the line between them touches another wall,generic 0x1d6c54 (preset 0x2791)
wall of tile 01AB01 (room 0x0a),generic 0x1d6c54 (preset 0x2791),6.008,no,"another wall pokes into the space between them, so a tighter pair covers this gap",generic 0x1d6c54 (preset 0x2791)
wall of tile 01AB01 (room 0x0a),generic 0x1d6c54 (preset 0x2791),6.007,yes,,
wall of tile 01AB01 (room 0x0a),generic 0x1d6c54 (preset 0x2791),6.007,yes,,
wall of tile 01A702 (room 0x06),wall of tile 011D01 (room 0x0a),32.073,no,the line between them touches another wall,wall of tile 01AB01 (room 0x0a)
wall of tile 008601 (room 0x0a),wall of tile 011601 (room 0x0a),52.118,no,the line between them touches another wall,wall of tile 01AB01 (room 0x0a)
wall of tile 008601 (room 0x0a),wall of tile 011602 (room 0x0a),52.118,no,the line between them touches another wall,wall of tile 01AB01 (room 0x0a)
wall of tile 008602 (room 0x0a),wall of tile 02B402 (room 0x0a),54.123,no,the line between them touches another wall,wall of tile 034901 (room 0x0a)
wall of tile 008602 (room 0x0a),wall of tile 02B402 (room 0x0a),54.123,no,the line between them touches another wall,wall of tile 034901 (room 0x0a)
wall of tile 008502 (room 0x0a),wall of tile 01A601 (room 0x0a),20.046,no,the line between them touches another wall,wall of tile 009601 (room 0x0a)
wall of tile 008502 (room 0x0a),wall of tile 011B02 (room 0x0a),55.840,no,"the line between them leaves the walkable area (a wall's thickness, or another floor)",
wall of tile 008502 (room 0x0a),wall of tile 011B02 (room 0x0a),55.840,no,"the line between them leaves the walkable area (a wall's thickness, or another floor)",
wall of tile 008502 (room 0x0a),wall of tile 011601 (room 0x0a),56.591,no,"the line between them leaves the walkable area (a wall's thickness, or another floor)",
wall of tile 008502 (room 0x0a),wall of tile 011602 (room 0x0a),56.591,no,"the line between them leaves the walkable area (a wall's thickness, or another floor)",
wall of tile 008501 (room 0x0a),wall of tile 034401 (room 0x0a),20.046,no,the line between them touches another wall,wall of tile 009602 (room 0x0a)
wall of tile 008501 (room 0x0a),wall of tile 02B402 (room 0x0a),58.442,no,"the line between them leaves the walkable area (a wall's thickness, or another floor)",
wall of tile 008501 (room 0x0a),wall of tile 02B402 (room 0x0a),58.442,no,"the line between them leaves the walkable area (a wall's thickness, or another floor)",
wall of tile 008501 (room 0x0a),wall of tile 02B901 (room 0x0a),57.716,no,"the line between them leaves the walkable area (a wall's thickness, or another floor)",
wall of tile 008501 (room 0x0a),wall of tile 02B902 (room 0x0a),57.716,no,"the line between them leaves the walkable area (a wall's thickness, or another floor)",
wall of tile 008501 (room 0x0a),wall of tile 034901 (room 0x0a),22.050,no,the line between them touches another wall,wall of tile 008602 (room 0x0a)
wall of tile 009601 (room 0x0a),wall of tile 011B02 (room 0x0a),52.118,no,the line between them touches another wall,wall of tile 01A601 (room 0x0a)
wall of tile 009601 (room 0x0a),wall of tile 011B02 (room 0x0a),52.118,no,the line between them touches another wall,wall of tile 01A601 (room 0x0a)
wall of tile 009602 (room 0x0a),wall of tile 02B901 (room 0x0a),54.123,no,the line between them touches another wall,wall of tile 034401 (room 0x0a)
wall of tile 009602 (room 0x0a),wall of tile 02B902 (room 0x0a),54.123,no,the line between them touches another wall,wall of tile 034401 (room 0x0a)
wall of tile 01A401 (room 0x0a),wall of tile 008E02 (room 0x0a),20.046,no,the line between them touches another wall,wall of tile 008F01 (room 0x0a)
wall of tile 01A002 (room 0x07),wall of tile 012201 (room 0x0a),32.073,no,the line between them touches another wall,wall of tile 01A401 (room 0x0a)
wall of tile 008F01 (room 0x0a),wall of tile 011B01 (room 0x0a),52.118,no,the line between them touches another wall,wall of tile 01A401 (room 0x0a)
wall of tile 008F01 (room 0x0a),wall of tile 011B02 (room 0x0a),52.118,no,the line between them touches another wall,wall of tile 01A401 (room 0x0a)
wall of tile 008F02 (room 0x0a),wall of tile 02B902 (room 0x0a),54.123,no,the line between them touches another wall,wall of tile 034201 (room 0x0a)
wall of tile 008F02 (room 0x0a),wall of tile 02B902 (room 0x0a),54.123,no,the line between them touches another wall,wall of tile 034201 (room 0x0a)
wall of tile 008E02 (room 0x0a),wall of tile 019F01 (room 0x0a),22.050,no,the line between them touches another wall,wall of tile 009F01 (room 0x0a)
wall of tile 008E02 (room 0x0a),wall of tile 012002 (room 0x0a),56.591,no,"the line between them leaves the walkable area (a wall's thickness, or another floor)",
wall of tile 008E02 (room 0x0a),wall of tile 012002 (room 0x0a),56.591,no,"the line between them leaves the walkable area (a wall's thickness, or another floor)",
wall of tile 008E02 (room 0x0a),wall of tile 011B01 (room 0x0a),55.840,no,"the line between them leaves the walkable area (a wall's thickness, or another floor)",
wall of tile 008E02 (room 0x0a),wall of tile 011B02 (room 0x0a),55.840,no,"the line between them leaves the walkable area (a wall's thickness, or another floor)",
wall of tile 008E01 (room 0x0a),wall of tile 033D01 (room 0x0a),22.050,no,the line between them touches another wall,wall of tile 009F02 (room 0x0a)
wall of tile 008E01 (room 0x0a),wall of tile 02BE01 (room 0x0a),58.442,no,"the line between them leaves the walkable area (a wall's thickness, or another floor)",
wall of tile 008E01 (room 0x0a),wall of tile 02BE02 (room 0x0a),58.442,no,"the line between them leaves the walkable area (a wall's thickness, or another floor)",
wall of tile 008E01 (room 0x0a),wall of tile 02B902 (room 0x0a),57.716,no,"the line between them leaves the walkable area (a wall's thickness, or another floor)",
wall of tile 008E01 (room 0x0a),wall of tile 02B902 (room 0x0a),57.716,no,"the line between them leaves the walkable area (a wall's thickness, or another floor)",
wall of tile 008E01 (room 0x0a),wall of tile 034201 (room 0x0a),20.046,no,the line between them touches another wall,wall of tile 008F02 (room 0x0a)
wall of tile 009F01 (room 0x0a),wall of tile 012002 (room 0x0a),52.118,no,the line between them touches another wall,wall of tile 019F01 (room 0x0a)
wall of tile 009F01 (room 0x0a),wall of tile 012002 (room 0x0a),52.118,no,the line between them touches another wall,wall of tile 019F01 (room 0x0a)
wall of tile 009F02 (room 0x0a),wall of tile 02BE01 (room 0x0a),54.123,no,the line between them touches another wall,wall of tile 033D01 (room 0x0a)
wall of tile 009F02 (room 0x0a),wall of tile 02BE02 (room 0x0a),54.123,no,the line between them touches another wall,wall of tile 033D01 (room 0x0a)
wall of tile 019D01 (room 0x0a),wall of tile 009702 (room 0x0a),22.050,no,the line between them touches another wall,wall of tile 009801 (room 0x0a)
wall of tile 019902 (room 0x08),wall of tile 00E601 (room 0x0a),32.073,no,the line between them touches another wall,wall of tile 019D01 (room 0x0a)
wall of tile 009801 (room 0x0a),wall of tile 012001 (room 0x0a),52.118,no,the line between them touches another wall,wall of tile 019D01 (room 0x0a)
wall of tile 009801 (room 0x0a),wall of tile 012002 (room 0x0a),52.118,no,the line between them touches another wall,wall of tile 019D01 (room 0x0a)
wall of tile 009802 (room 0x0a),wall of tile 02BE02 (room 0x0a),54.123,no,the line between them touches another wall,wall of tile 033B01 (room 0x0a)
wall of tile 009802 (room 0x0a),wall of tile 02BE02 (room 0x0a),54.123,no,the line between them touches another wall,wall of tile 033B01 (room 0x0a)
wall of tile 009802 (room 0x0a),generic 0x1d4348 (preset 0x2794),50.099,no,"another wall pokes into the space between them, so a tighter pair covers this gap",wall of tile 033B01 (room 0x0a)
wall of tile 009802 (room 0x0a),generic 0x1d4348 (preset 0x2794),50.126,no,"the line between them leaves the walkable area (a wall's thickness, or another floor)",
wall of tile 009702 (room 0x0a),wall of tile 012001 (room 0x0a),56.591,no,"the line between them leaves the walkable area (a wall's thickness, or another floor)",
wall of tile 009702 (room 0x0a),wall of tile 012002 (room 0x0a),56.591,no,"the line between them leaves the walkable area (a wall's thickness, or another floor)",
wall of tile 00C300 (room 0x09),wall of tile 04AD01 (room 0x09),40.091,no,the far wall faces the other way (it belongs to floor which isn't linked here),
wall of tile 00B902 (room 0x09),wall of tile 041300 (room 0x09),42.095,no,the line between them touches another wall,wall of tile 00BC00 (room 0x09)
wall of tile 00B902 (room 0x09),wall of tile 04AB02 (room 0x09),48.525,no,the far wall faces the other way (it belongs to floor which isn't linked here),
wall of tile 00B902 (room 0x09),wall of tile 04AD02 (room 0x09),20.045,no,the far wall faces the other way (it belongs to floor which isn't linked here),
wall of tile 00B902 (room 0x09),wall of tile 04AF01 (room 0x09),20.045,no,the far wall faces the other way (it belongs to floor which isn't linked here),
wall of tile 00B902 (room 0x09),wall of tile 04B001 (room 0x09),20.045,no,the line between them touches another wall,wall of tile 00B902 (room 0x09)
wall of tile 00B902 (room 0x09),wall of tile 00BC00 (room 0x09),54.123,no,the line between them touches another wall,wall of tile 00B902 (room 0x09)
wall of tile 00B902 (room 0x09),wall of tile 04AD02 (room 0x09),40.091,no,the far wall faces the other way (it belongs to floor which isn't linked here),
wall of tile 00B902 (room 0x09),wall of tile 04AD01 (room 0x09),40.091,no,the far wall faces the other way (it belongs to floor which isn't linked here),
wall of tile 00B902 (room 0x09),wall of tile 00E502 (room 0x0a),10.023,no,the line between them touches another wall,wall of tile 00C300 (room 0x09)
wall of tile 00BC00 (room 0x09),wall of tile 04AB02 (room 0x09),30.068,no,the far wall faces the other way (it belongs to floor which isn't linked here),
wall of tile 00BC00 (room 0x09),wall of tile 04AD02 (room 0x09),22.335,no,the far wall faces the other way (it belongs to floor which isn't linked here),
wall of tile 00BC00 (room 0x09),wall of tile 04AF01 (room 0x09),24.469,no,the far wall faces the other way (it belongs to floor which isn't linked here),
wall of tile 00BC00 (room 0x09),wall of tile 04B001 (room 0x09),57.716,no,the far wall faces the other way (it belongs to floor which isn't linked here),
wall of tile 00BC00 (room 0x09),wall of tile 00E602 (room 0x0a),54.123,no,the line between them touches another wall,wall of tile 00B902 (room 0x09)
wall of tile 041300 (room 0x09),wall of tile 04A902 (room 0x09),44.100,no,the far wall faces the other way (it belongs to floor which isn't linked here),
wall of tile 041300 (room 0x09),wall of tile 04AB02 (room 0x09),30.334,no,the far wall faces the other way (it belongs to floor which isn't linked here),
wall of tile 041300 (room 0x09),wall of tile 04AD02 (room 0x09),30.284,no,the far wall faces the other way (it belongs to floor which isn't linked here),
wall of tile 041300 (room 0x09),wall of tile 04AF01 (room 0x09),59.599,no,the far wall faces the other way (it belongs to floor which isn't linked here),
wall of tile 00BB01 (room 0x09),wall of tile 00C700 (room 0x09),45.358,no,the line between them touches another wall,wall of tile 00C600 (room 0x09)
wall of tile 00BB01 (room 0x09),wall of tile 04A101 (room 0x09),58.132,no,"the line between them leaves the walkable area (a wall's thickness, or another floor)",
wall of tile 00BB01 (room 0x09),wall of tile 04A302 (room 0x09),23.023,no,"the line between them leaves the walkable area (a wall's thickness, or another floor)",
wall of tile 00BB01 (room 0x09),wall of tile 04A301 (room 0x09),27.108,no,"the line between them leaves the walkable area (a wall's thickness, or another floor)",
wall of tile 00BB01 (room 0x09),wall of tile 04A702 (room 0x09),29.568,no,the far wall faces the other way (it belongs to floor which isn't linked here),
wall of tile 00BB01 (room 0x09),wall of tile 04A701 (room 0x09),5.523,no,the far wall faces the other way (it belongs to floor which isn't linked here),
wall of tile 00BB01 (room 0x09),wall of tile 04A901 (room 0x09),36.962,no,the far wall faces the other way (it belongs to floor which isn't linked here),
wall of tile 00BE02 (room 0x09),wall of tile 04A102 (room 0x09),18.481,no,"the line between them leaves the walkable area (a wall's thickness, or another floor)",
wall of tile 00BE02 (room 0x09),wall of tile 04A302 (room 0x09),15.049,no,"the line between them leaves the walkable area (a wall's thickness, or another floor)",
wall of tile 00BE02 (room 0x09),wall of tile 04A502 (room 0x09),18.109,no,"the line between them leaves the walkable area (a wall's thickness, or another floor)",
wall of tile 00BE02 (room 0x09),wall of tile 04A702 (room 0x09),38.139,no,the far wall faces the other way (it belongs to floor which isn't linked here),
wall of tile 00BF02 (room 0x09),wall of tile 049D02 (room 0x09),26.744,no,"the line between them leaves the walkable area (a wall's thickness, or another floor)",
wall of tile 00BF02 (room 0x09),wall of tile 049F02 (room 0x09),4.482,no,"the line between them leaves the walkable area (a wall's thickness, or another floor)",
wall of tile 00BF02 (room 0x09),wall of tile 04A102 (room 0x09),4.482,no,"the line between them leaves the walkable area (a wall's thickness, or another floor)",
wall of tile 00BF02 (room 0x09),wall of tile 04A302 (room 0x09),11.654,no,"the line between them leaves the walkable area (a wall's thickness, or another floor)",
wall of tile 00BF02 (room 0x09),wall of tile 04A502 (room 0x09),45.755,no,"the line between them leaves the walkable area (a wall's thickness, or another floor)",
wall of tile 00C002 (room 0x09),wall of tile 049B02 (room 0x09),12.027,no,"the line between them leaves the walkable area (a wall's thickness, or another floor)",
wall of tile 00C002 (room 0x09),wall of tile 049D02 (room 0x09),2.784,no,"the line between them leaves the walkable area (a wall's thickness, or another floor)",
wall of tile 00C002 (room 0x09),wall of tile 049F02 (room 0x09),2.784,no,"the line between them leaves the walkable area (a wall's thickness, or another floor)",
wall of tile 00C002 (room 0x09),wall of tile 04A102 (room 0x09),27.265,no,"the line between them leaves the walkable area (a wall's thickness, or another floor)",
wall of tile 00C102 (room 0x09),wall of tile 04B200 (room 0x09),38.139,no,"the line between them leaves the walkable area (a wall's thickness, or another floor)",
wall of tile 00C102 (room 0x09),wall of tile 049902 (room 0x09),0.095,no,"the line between them leaves the walkable area (a wall's thickness, or another floor)",
wall of tile 00C102 (room 0x09),wall of tile 049B02 (room 0x09),0.095,no,"the line between them leaves the walkable area (a wall's thickness, or another floor)",
wall of tile 00C102 (room 0x09),wall of tile 049D02 (room 0x09),1.422,no,"the line between them leaves the walkable area (a wall's thickness, or another floor)",
wall of tile 00C102 (room 0x09),wall of tile 049F02 (room 0x09),41.325,no,"the line between them leaves the walkable area (a wall's thickness, or another floor)",
wall of tile 00C101 (room 0x09),wall of tile 00A201 (room 0x09),42.096,no,the line between them touches another wall,wall of tile 00C201 (room 0x09)
wall of tile 00C202 (room 0x09),wall of tile 049902 (room 0x09),2.005,no,"the line between them leaves the walkable area (a wall's thickness, or another floor)",
wall of tile 00C202 (room 0x09),wall of tile 049B02 (room 0x09),16.161,no,"the line between them leaves the walkable area (a wall's thickness, or another floor)",
wall of tile 00A201 (room 0x09),wall of tile 025F01 (room 0x09),42.095,no,the line between them touches another wall,wall of tile 026001 (room 0x09)
wall of tile 04B200 (room 0x09),wall of tile 049B02 (room 0x09),54.123,no,the line between them touches another wall,wall of tile 049902 (room 0x09)
wall of tile 00CA00 (room 0x09),wall of tile 00C800 (room 0x09),43.272,no,the line between them touches another wall,wall of tile 00C900 (room 0x09)
wall of tile 00CA00 (room 0x09),wall of tile 049D01 (room 0x09),30.334,no,"the line between them leaves the walkable area (a wall's thickness, or another floor)",
wall of tile 00C900 (room 0x09),wall of tile 00C700 (room 0x09),43.272,no,the line between them touches another wall,wall of tile 00C800 (room 0x09)
wall of tile 00C900 (room 0x09),wall of tile 04B100 (room 0x09),40.141,no,the far wall faces the other way (it belongs to floor which isn't linked here),
wall of tile 00C900 (room 0x09),wall of tile 049901 (room 0x09),4.009,no,the line between them touches another wall,wall of tile 00CA00 (room 0x09)
wall of tile 00C900 (room 0x09),wall of tile 049D01 (room 0x09),2.712,no,"the line between them leaves the walkable area (a wall's thickness, or another floor)",
wall of tile 00C900 (room 0x09),wall of tile 049F01 (room 0x09),18.152,no,"the line between them leaves the walkable area (a wall's thickness, or another floor)",
wall of tile 00C900 (room 0x09),wall of tile 04A101 (room 0x09),50.114,no,"the line between them leaves the walkable area (a wall's thickness, or another floor)",
wall of tile 00C800 (room 0x09),wall of tile 00C600 (room 0x09),52.922,no,the line between them touches another wall,wall of tile 00C700 (room 0x09)
wall of tile 00C800 (room 0x09),wall of tile 049901 (room 0x09),47.181,no,the far wall faces the other way (it belongs to floor which isn't linked here),
wall of tile 00C800 (room 0x09),wall of tile 049B01 (room 0x09),13.447,no,"the line between them leaves the walkable area (a wall's thickness, or another floor)",
wall of tile 00C800 (room 0x09),wall of tile 049D01 (room 0x09),2.229,no,"the line between them leaves the walkable area (a wall's thickness, or another floor)",
wall of tile 00C800 (room 0x09),wall of tile 04A101 (room 0x09),7.227,no,"the line between them leaves the walkable area (a wall's thickness, or another floor)",
wall of tile 00C800 (room 0x09),wall of tile 04A301 (room 0x09),40.589,no,"the line between them leaves the walkable area (a wall's thickness, or another floor)",
wall of tile 00C700 (room 0x09),wall of tile 049B01 (room 0x09),56.449,no,"the line between them leaves the walkable area (a wall's thickness, or another floor)",
wall of tile 00C700 (room 0x09),wall of tile 049D01 (room 0x09),25.356,no,"the line between them leaves the walkable area (a wall's thickness, or another floor)",
wall of tile 00C700 (room 0x09),wall of tile 04A101 (room 0x09),0.46,no,"the line between them leaves the walkable area (a wall's thickness, or another floor)",
wall of tile 00C700 (room 0x09),wall of tile 04A301 (room 0x09),2.567,no,"the line between them leaves the walkable area (a wall's thickness, or another floor)",
wall of tile 00C700 (room 0x09),wall of tile 04A501 (room 0x09),18.911,no,"the line between them leaves the walkable area (a wall's thickness, or another floor)",
wall of tile 00C700 (room 0x09),wall of tile 04A701 (room 0x09),51.106,no,"the line between them leaves the walkable area (a wall's thickness, or another floor)",
wall of tile 00C600 (room 0x09),wall of tile 049F01 (room 0x09),45.711,no,"the line between them leaves the walkable area (a wall's thickness, or another floor)",
wall of tile 00C600 (room 0x09),wall of tile 04A101 (room 0x09),12.836,no,"the line between them leaves the walkable area (a wall's thickness, or another floor)",
wall of tile 00C600 (room 0x09),wall of tile 04A301 (room 0x09),2.567,no,"the line between them leaves the walkable area (a wall's thickness, or another floor)",
wall of tile 00C600 (room 0x09),wall of tile 04A501 (room 0x09),3.079,no,"the line between them leaves the walkable area (a wall's thickness, or another floor)",
wall of tile 00C600 (room 0x09),wall of tile 04A701 (room 0x09),6.339,no,the far wall faces the other way (it belongs to floor which isn't linked here),
wall of tile 00C600 (room 0x09),wall of tile 04A901 (room 0x09),36.962,no,the far wall faces the other way (it belongs to floor which isn't linked here),
wall of tile 04B100 (room 0x09),wall of tile 049B01 (room 0x09),36.138,no,the line between them touches another wall,wall of tile 049901 (room 0x09)
wall of tile 049902 (room 0x09),wall of tile 049D02 (room 0x09),56.697,no,the line between them touches another wall,wall of tile 049B02 (room 0x09)
wall of tile 049901 (room 0x09),wall of tile 049D01 (room 0x09),34.312,no,the line between them touches another wall,wall of tile 049B01 (room 0x09)
wall of tile 049B02 (room 0x09),wall of tile 049F02 (room 0x09),52.617,no,the line between them touches another wall,wall of tile 049D02 (room 0x09)
wall of tile 049B01 (room 0x09),wall of tile 049F01 (room 0x09),31.119,no,the line between them touches another wall,wall of tile 049D01 (room 0x09)
wall of tile 049D02 (room 0x09),wall of tile 04A102 (room 0x09),52.922,no,the line between them touches another wall,wall of tile 049F02 (room 0x09)
wall of tile 049D01 (room 0x09),wall of tile 04A101 (room 0x09),32.385,no,the line between them touches another wall,wall of tile 049F01 (room 0x09)
wall of tile 049F02 (room 0x09),wall of tile 04A302 (room 0x09),53.375,no,the line between them touches another wall,wall of tile 04A102 (room 0x09)
wall of tile 049F01 (room 0x09),wall of tile 04A301 (room 0x09),33.362,no,the line between them touches another wall,wall of tile 04A101 (room 0x09)
wall of tile 04A102 (room 0x09),wall of tile 04A502 (room 0x09),53.937,no,the line between them touches another wall,wall of tile 04A302 (room 0x09)
wall of tile 04A101 (room 0x09),wall of tile 04A501 (room 0x09),31.312,no,the line between them touches another wall,wall of tile 04A301 (room 0x09)
wall of tile 04A302 (room 0x09),wall of tile 04A702 (room 0x09),52.617,no,the line between them touches another wall,wall of tile 04A502 (room 0x09)
wall of tile 04A301 (room 0x09),wall of tile 04A701 (room 0x09),32.632,no,the line between them touches another wall,wall of tile 04A501 (room 0x09)
wall of tile 04A502 (room 0x09),wall of tile 04A902 (room 0x09),53.974,no,the line between them touches another wall,wall of tile 04A702 (room 0x09)
wall of tile 04A501 (room 0x09),wall of tile 04A901 (room 0x09),31.695,no,the line between them touches another wall,wall of tile 04A701 (room 0x09)
wall of tile 04A702 (room 0x09),wall of tile 04AB02 (room 0x09),52.921,no,the line between them touches another wall,wall of tile 04A902 (room 0x09)
wall of tile 04A701 (room 0x09),wall of tile 04AB01 (room 0x09),33.181,no,the line between them touches another wall,wall of tile 04A901 (room 0x09)
wall of tile 04A902 (room 0x09),wall of tile 04AD02 (room 0x09),53.974,no,the line between them touches another wall,wall of tile 04AB02 (room 0x09)
wall of tile 04A901 (room 0x09),wall of tile 04AD01 (room 0x09),31.694,no,the line between them touches another wall,wall of tile 04AB01 (room 0x09)
wall of tile 04AB02 (room 0x09),wall of tile 04AF01 (room 0x09),53.073,no,the line between them touches another wall,wall of tile 04AD02 (room 0x09)
wall of tile 04AB01 (room 0x09),wall of tile 04AF02 (room 0x09),32.632,no,the line between them touches another wall,wall of tile 04AD01 (room 0x09)
wall of tile 04AD02 (room 0x09),wall of tile 04B001 (room 0x09),40.091,no,"the line between them leaves the walkable area (a wall's thickness, or another floor)",
wall of tile 04AD02 (room 0x09),wall of tile 00E602 (room 0x0a),40.091,no,"the line between them leaves the walkable area (a wall's thickness, or another floor)",
wall of tile 04AD01 (room 0x09),wall of tile 00E501 (room 0x0a),40.091,no,the line between them touches another wall,wall of tile 04AF02 (room 0x09)
wall of tile 04AD01 (room 0x09),wall of tile 00E502 (room 0x0a),41.325,no,"the line between them leaves the walkable area (a wall's thickness, or another floor)",
wall of tile 04AF02 (room 0x09),wall of tile 00E502 (room 0x0a),10.023,no,the line between them touches another wall,wall of tile 00E501 (room 0x0a)
wall of tile 04AF01 (room 0x09),wall of tile 00E602 (room 0x0a),2.002,no,"the line between them leaves the walkable area (a wall's thickness, or another floor)",
wall of tile 00E502 (room 0x0a),wall of tile 012002 (room 0x0a),44.100,no,the line between them touches another wall,wall of tile 012001 (room 0x0a)
wall of tile 012002 (room 0x0a),wall of tile 011F02 (room 0x0a),44.100,no,the line between them touches another wall,wall of tile 012002 (room 0x0a)
wall of tile 011F02 (room 0x0a),wall of tile 011B02 (room 0x0a),44.100,no,the line between them touches another wall,wall of tile 011B01 (room 0x0a)
wall of tile 011B02 (room 0x0a),wall of tile 011A02 (room 0x0a),44.100,no,the line between them touches another wall,wall of tile 011B02 (room 0x0a)
wall of tile 011A02 (room 0x0a),wall of tile 011602 (room 0x0a),44.100,no,the line between them touches another wall,wall of tile 011601 (room 0x0a)
wall of tile 011602 (room 0x0a),wall of tile 011502 (room 0x0a),44.100,no,the line between them touches another wall,wall of tile 011602 (room 0x0a)
wall of tile 011502 (room 0x0a),wall of tile 012801 (room 0x0a),44.100,no,the line between them touches another wall,wall of tile 012801 (room 0x0a)
wall of tile 012802 (room 0x0a),wall of tile 012400 (room 0x0a),32.073,no,the line between them touches another wall,wall of tile 012400 (room 0x0a)
wall of tile 012501 (room 0x0a),wall of tile 01B001 (room 0x05),32.073,no,"the line between them leaves the walkable area (a wall's thickness, or another floor)",
wall of tile 012501 (room 0x0a),wall of tile 01B001 (room 0x05),45.358,no,"the line between them leaves the walkable area (a wall's thickness, or another floor)",
wall of tile 012400 (room 0x0a),wall of tile 012801 (room 0x0a),54.530,no,"the line between them leaves the walkable area (a wall's thickness, or another floor)",
wall of tile 012400 (room 0x0a),wall of tile 012801 (room 0x0a),44.100,no,the line between them touches another wall,wall of tile 012802 (room 0x0a)
wall of tile 011801 (room 0x0a),wall of tile 01A901 (room 0x06),32.073,no,"the line between them leaves the walkable area (a wall's thickness, or another floor)",
wall of tile 011901 (room 0x0a),generic 0x1d69d4 (preset 0x278b),50.113,no,the far wall faces the other way (it belongs to floor which isn't linked here),
wall of tile 011901 (room 0x0a),generic 0x1d69d4 (preset 0x278b),50.114,no,the far wall faces the other way (it belongs to floor which isn't linked here),
wall of tile 011901 (room 0x0a),generic 0x1d6a54 (preset 0x278c),32.073,no,the far wall faces the other way (it belongs to floor which isn't linked here),
wall of tile 011901 (room 0x0a),generic 0x1d6a54 (preset 0x278c),32.079,no,the far wall faces the other way (it belongs to floor which isn't linked here),
wall of tile 011901 (room 0x0a),generic 0x1d6c54 (preset 0x2791),50.113,no,the far wall faces the other way (it belongs to floor which isn't linked here),
wall of tile 011901 (room 0x0a),generic 0x1d6c54 (preset 0x2791),50.114,no,the far wall faces the other way (it belongs to floor which isn't linked here),
wall of tile 011D01 (room 0x0a),wall of tile 01A201 (room 0x07),32.073,no,"the line between them leaves the walkable area (a wall's thickness, or another floor)",
wall of tile 011D01 (room 0x0a),generic 0x1d69d4 (preset 0x278b),50.113,no,the far wall faces the other way (it belongs to floor which isn't linked here),
wall of tile 011D01 (room 0x0a),generic 0x1d69d4 (preset 0x278b),50.113,no,the far wall faces the other way (it belongs to floor which isn't linked here),
wall of tile 011D01 (room 0x0a),generic 0x1d69d4 (preset 0x278b),50.113,no,the far wall faces the other way (it belongs to floor which isn't linked here),
wall of tile 011D01 (room 0x0a),generic 0x1d6a54 (preset 0x278c),50.113,no,the far wall faces the other way (it belongs to floor which isn't linked here),
wall of tile 011D01 (room 0x0a),generic 0x1d6a54 (preset 0x278c),59.498,no,the far wall faces the other way (it belongs to floor which isn't linked here),
wall of tile 011D01 (room 0x0a),generic 0x1d6a54 (preset 0x278c),59.501,no,the far wall faces the other way (it belongs to floor which isn't linked here),
wall of tile 011D01 (room 0x0a),generic 0x1d6c54 (preset 0x2791),50.113,no,the far wall faces the other way (it belongs to floor which isn't linked here),
wall of tile 011D01 (room 0x0a),generic 0x1d6c54 (preset 0x2791),50.113,no,the far wall faces the other way (it belongs to floor which isn't linked here),
wall of tile 011D01 (room 0x0a),generic 0x1d6c54 (preset 0x2791),50.113,no,the far wall faces the other way (it belongs to floor which isn't linked here),
wall of tile 012201 (room 0x0a),wall of tile 019B01 (room 0x08),32.073,no,"the line between them leaves the walkable area (a wall's thickness, or another floor)",
wall of tile 026800 (room 0x09),wall of tile 026600 (room 0x09),45.225,no,the line between them touches another wall,wall of tile 026700 (room 0x09)
wall of tile 026800 (room 0x09),wall of tile 04B901 (room 0x09),32.322,no,"the line between them leaves the walkable area (a wall's thickness, or another floor)",
wall of tile 04B600 (room 0x09),wall of tile 025F02 (room 0x09),38.139,no,"the line between them leaves the walkable area (a wall's thickness, or another floor)",
wall of tile 04B600 (room 0x09),wall of tile 04B702 (room 0x09),56.127,no,the line between them touches another wall,wall of tile 04B302 (room 0x09)
wall of tile 026002 (room 0x09),wall of tile 04B302 (room 0x09),2.005,no,"the line between them leaves the walkable area (a wall's thickness, or another floor)",
wall of tile 026002 (room 0x09),wall of tile 04B702 (room 0x09),18.152,no,the far wall faces the other way (it belongs to floor which isn't linked here),
wall of tile 025F02 (room 0x09),wall of tile 04B902 (room 0x09),1.621,no,"the line between them leaves the walkable area (a wall's thickness, or another floor)",
wall of tile 025F02 (room 0x09),wall of tile 04BB02 (room 0x09),41.325,no,"the line between them leaves the walkable area (a wall's thickness, or another floor)",
wall of tile 025E02 (room 0x09),wall of tile 04B702 (room 0x09),14.032,no,"the line between them leaves the walkable area (a wall's thickness, or another floor)",
wall of tile 025E02 (room 0x09),wall of tile 04B902 (room 0x09),2.784,no,"the line between them leaves the walkable area (a wall's thickness, or another floor)",
wall of tile 025E02 (room 0x09),wall of tile 04BB02 (room 0x09),2.784,no,"the line between them leaves the walkable area (a wall's thickness, or another floor)",
wall of tile 025E02 (room 0x09),wall of tile 04BD02 (room 0x09),27.265,no,"the line between them leaves the walkable area (a wall's thickness, or another floor)",
wall of tile 025D02 (room 0x09),wall of tile 04B902 (room 0x09),26.744,no,"the line between them leaves the walkable area (a wall's thickness, or another floor)",
wall of tile 025D02 (room 0x09),wall of tile 04BB02 (room 0x09),4.482,no,"the line between them leaves the walkable area (a wall's thickness, or another floor)",
wall of tile 025D02 (room 0x09),wall of tile 04BD02 (room 0x09),4.482,no,"the line between them leaves the walkable area (a wall's thickness, or another floor)",
wall of tile 025D02 (room 0x09),wall of tile 04BF02 (room 0x09),11.654,no,"the line between them leaves the walkable area (a wall's thickness, or another floor)",
wall of tile 025D02 (room 0x09),wall of tile 04C102 (room 0x09),45.755,no,"the line between them leaves the walkable area (a wall's thickness, or another floor)",
wall of tile 025C02 (room 0x09),wall of tile 04BD02 (room 0x09),18.481,no,"the line between them leaves the walkable area (a wall's thickness, or another floor)",
wall of tile 025C02 (room 0x09),wall of tile 04BF02 (room 0x09),15.049,no,"the line between them leaves the walkable area (a wall's thickness, or another floor)",
wall of tile 025C02 (room 0x09),wall of tile 04C102 (room 0x09),18.109,no,"the line between them leaves the walkable area (a wall's thickness, or another floor)",
wall of tile 025C02 (room 0x09),wall of tile 04C302 (room 0x09),38.139,no,the far wall faces the other way (it belongs to floor which isn't linked here),
wall of tile 025902 (room 0x09),wall of tile 026500 (room 0x09),45.358,no,the line between them touches another wall,wall of tile 026400 (room 0x09)
wall of tile 025902 (room 0x09),wall of tile 04BD01 (room 0x09),59.532,no,"the line between them leaves the walkable area (a wall's thickness, or another floor)",
wall of tile 025902 (room 0x09),wall of tile 04BF01 (room 0x09),27.108,no,"the line between them leaves the walkable area (a wall's thickness, or another floor)",
wall of tile 025902 (room 0x09),wall of tile 04BF02 (room 0x09),23.023,no,"the line between them leaves the walkable area (a wall's thickness, or another floor)",
wall of tile 025902 (room 0x09),wall of tile 04C301 (room 0x09),4.177,no,the far wall faces the other way (it belongs to floor which isn't linked here),
wall of tile 025902 (room 0x09),wall of tile 04C302 (room 0x09),29.568,no,the far wall faces the other way (it belongs to floor which isn't linked here),
wall of tile 025902 (room 0x09),wall of tile 04C501 (room 0x09),35.690,no,the far wall faces the other way (it belongs to floor which isn't linked here),
wall of tile 026400 (room 0x09),wall of tile 026600 (room 0x09),52.922,no,the line between them touches another wall,wall of tile 026500 (room 0x09)
wall of tile 026400 (room 0x09),wall of tile 04BB01 (room 0x09),45.711,no,"the line between them leaves the walkable area (a wall's thickness, or another floor)",
wall of tile 026400 (room 0x09),wall of tile 04BD01 (room 0x09),14.174,no,"the line between them leaves the walkable area (a wall's thickness, or another floor)",
wall of tile 026400 (room 0x09),wall of tile 04BF01 (room 0x09),1.833,no,"the line between them leaves the walkable area (a wall's thickness, or another floor)",
wall of tile 026400 (room 0x09),wall of tile 04C101 (room 0x09),1.797,no,the far wall faces the other way (it belongs to floor which isn't linked here),
wall of tile 026400 (room 0x09),wall of tile 04C301 (room 0x09),4.482,no,the far wall faces the other way (it belongs to floor which isn't linked here),
wall of tile 026400 (room 0x09),wall of tile 04C501 (room 0x09),35.690,no,the far wall faces the other way (it belongs to floor which isn't linked here),
wall of tile 026500 (room 0x09),wall of tile 026700 (room 0x09),43.272,no,the line between them touches another wall,wall of tile 026600 (room 0x09)
wall of tile 026500 (room 0x09),wall of tile 04B701 (room 0x09),56.449,no,"the line between them leaves the walkable area (a wall's thickness, or another floor)",
wall of tile 026500 (room 0x09),wall of tile 04B901 (room 0x09),25.356,no,"the line between them leaves the walkable area (a wall's thickness, or another floor)",
wall of tile 026500 (room 0x09),wall of tile 04BD01 (room 0x09),0.46,no,"the line between them leaves the walkable area (a wall's thickness, or another floor)",
wall of tile 026500 (room 0x09),wall of tile 04BF01 (room 0x09),1.833,no,"the line between them leaves the walkable area (a wall's thickness, or another floor)",
wall of tile 026500 (room 0x09),wall of tile 04C101 (room 0x09),18.911,no,"the line between them leaves the walkable area (a wall's thickness, or another floor)",
wall of tile 026500 (room 0x09),wall of tile 04C301 (room 0x09),49.630,no,"the line between them leaves the walkable area (a wall's thickness, or another floor)",
wall of tile 026600 (room 0x09),wall of tile 04B301 (room 0x09),49.142,no,the far wall faces the other way (it belongs to floor which isn't linked here),
wall of tile 026600 (room 0x09),wall of tile 04B701 (room 0x09),13.447,no,"the line between them leaves the walkable area (a wall's thickness, or another floor)",
wall of tile 026600 (room 0x09),wall of tile 04B901 (room 0x09),2.229,no,"the line between them leaves the walkable area (a wall's thickness, or another floor)",
wall of tile 026600 (room 0x09),wall of tile 04BD01 (room 0x09),7.227,no,"the line between them leaves the walkable area (a wall's thickness, or another floor)",
wall of tile 026600 (room 0x09),wall of tile 04BF01 (room 0x09),38.921,no,"the line between them leaves the walkable area (a wall's thickness, or another floor)",
wall of tile 026700 (room 0x09),wall of tile 04B500 (room 0x09),38.139,no,the far wall faces the other way (it belongs to floor which isn't linked here),
wall of tile 026700 (room 0x09),wall of tile 04B301 (room 0x09),4.009,no,the line between them touches another wall,wall of tile 026800 (room 0x09)
wall of tile 026700 (room 0x09),wall of tile 04B901 (room 0x09),2.712,no,"the line between them leaves the walkable area (a wall's thickness, or another floor)",
wall of tile 026700 (room 0x09),wall of tile 04BB01 (room 0x09),18.152,no,"the line between them leaves the walkable area (a wall's thickness, or another floor)",
wall of tile 026700 (room 0x09),wall of tile 04BD01 (room 0x09),50.114,no,"the line between them leaves the walkable area (a wall's thickness, or another floor)",
wall of tile 00A001 (room 0x0a),wall of tile 02BE02 (room 0x0a),58.442,no,"the line between them leaves the walkable area (a wall's thickness, or another floor)",
wall of tile 00A001 (room 0x0a),wall of tile 02BE02 (room 0x0a),58.442,no,"the line between them leaves the walkable area (a wall's thickness, or another floor)",
wall of tile 00A001 (room 0x0a),wall of tile 033B01 (room 0x0a),22.050,no,the line between them touches another wall,wall of tile 009802 (room 0x0a)
wall of tile 00A001 (room 0x0a),generic 0x1d4348 (preset 0x2794),53.326,no,"the line between them leaves the walkable area (a wall's thickness, or another floor)",
wall of tile 00A001 (room 0x0a),generic 0x1d4348 (preset 0x2794),53.326,no,"the line between them leaves the walkable area (a wall's thickness, or another floor)",
wall of tile 026100 (room 0x09),wall of tile 04C901 (room 0x09),40.141,no,the far wall faces the other way (it belongs to floor which isn't linked here),
wall of tile 025702 (room 0x09),wall of tile 025A00 (room 0x09),54.123,no,the line between them touches another wall,wall of tile 025701 (room 0x09)
wall of tile 025702 (room 0x09),wall of tile 04C901 (room 0x09),40.091,no,the far wall faces the other way (it belongs to floor which isn't linked here),
wall of tile 025702 (room 0x09),wall of tile 04C902 (room 0x09),40.091,no,the far wall faces the other way (it belongs to floor which isn't linked here),
wall of tile 025702 (room 0x09),wall of tile 028302 (room 0x0a),10.023,no,the line between them touches another wall,wall of tile 026100 (room 0x09)
wall of tile 025701 (room 0x09),wall of tile 041400 (room 0x09),42.095,no,the line between them touches another wall,wall of tile 025A00 (room 0x09)
wall of tile 025701 (room 0x09),wall of tile 04C702 (room 0x09),47.309,no,the far wall faces the other way (it belongs to floor which isn't linked here),
wall of tile 025701 (room 0x09),wall of tile 04C902 (room 0x09),20.045,no,the far wall faces the other way (it belongs to floor which isn't linked here),
wall of tile 025701 (room 0x09),wall of tile 04CB02 (room 0x09),20.045,no,the far wall faces the other way (it belongs to floor which isn't linked here),
wall of tile 025A00 (room 0x09),wall of tile 04C702 (room 0x09),28.064,no,the far wall faces the other way (it belongs to floor which isn't linked here),
wall of tile 025A00 (room 0x09),wall of tile 04C902 (room 0x09),21.946,no,the far wall faces the other way (it belongs to floor which isn't linked here),
wall of tile 025A00 (room 0x09),wall of tile 04CB02 (room 0x09),24.469,no,the far wall faces the other way (it belongs to floor which isn't linked here),
wall of tile 025A00 (room 0x09),wall of tile 028402 (room 0x0a),54.123,no,the line between them touches another wall,wall of tile 025701 (room 0x09)
wall of tile 041400 (room 0x09),wall of tile 04C502 (room 0x09),44.100,no,the far wall faces the other way (it belongs to floor which isn't linked here),
wall of tile 041400 (room 0x09),wall of tile 04C702 (room 0x09),28.349,no,the far wall faces the other way (it belongs to floor which isn't linked here),
wall of tile 041400 (room 0x09),wall of tile 04C902 (room 0x09),28.347,no,the far wall faces the other way (it belongs to floor which isn't linked here),
wall of tile 041400 (room 0x09),wall of tile 04CB02 (room 0x09),59.599,no,the far wall faces the other way (it belongs to floor which isn't linked here),
wall of tile 04B500 (room 0x09),wall of tile 04B701 (room 0x09),34.136,no,the line between them touches another wall,wall of tile 04B301 (room 0x09)
wall of tile 04B301 (room 0x09),wall of tile 04B901 (room 0x09),36.304,no,the line between them touches another wall,wall of tile 04B701 (room 0x09)
wall of tile 04B302 (room 0x09),wall of tile 04B902 (room 0x09),54.713,no,the line between them touches another wall,wall of tile 04B702 (room 0x09)
wall of tile 04B701 (room 0x09),wall of tile 04BB01 (room 0x09),31.119,no,the line between them touches another wall,wall of tile 04B901 (room 0x09)
wall of tile 04B702 (room 0x09),wall of tile 04BB02 (room 0x09),54.530,no,the line between them touches another wall,wall of tile 04B902 (room 0x09)
wall of tile 04B901 (room 0x09),wall of tile 04BD01 (room 0x09),32.384,no,the line between them touches another wall,wall of tile 04BB01 (room 0x09)
wall of tile 04B902 (room 0x09),wall of tile 04BD02 (room 0x09),52.922,no,the line between them touches another wall,wall of tile 04BB02 (room 0x09)
wall of tile 04BB01 (room 0x09),wall of tile 04BF01 (room 0x09),31.695,no,the line between them touches another wall,wall of tile 04BD01 (room 0x09)
wall of tile 04BB02 (room 0x09),wall of tile 04BF02 (room 0x09),53.375,no,the line between them touches another wall,wall of tile 04BD02 (room 0x09)
wall of tile 04BD01 (room 0x09),wall of tile 04C101 (room 0x09),32.877,no,the line between them touches another wall,wall of tile 04BF01 (room 0x09)
wall of tile 04BD02 (room 0x09),wall of tile 04C102 (room 0x09),53.937,no,the line between them touches another wall,wall of tile 04BF02 (room 0x09)
wall of tile 04BF01 (room 0x09),wall of tile 04C301 (room 0x09),31.312,no,the line between them touches another wall,wall of tile 04C101 (room 0x09)
wall of tile 04BF02 (room 0x09),wall of tile 04C302 (room 0x09),52.617,no,the line between them touches another wall,wall of tile 04C102 (room 0x09)
wall of tile 04C101 (room 0x09),wall of tile 04C501 (room 0x09),31.695,no,the line between them touches another wall,wall of tile 04C301 (room 0x09)
wall of tile 04C102 (room 0x09),wall of tile 04C502 (room 0x09),53.974,no,the line between them touches another wall,wall of tile 04C302 (room 0x09)
wall of tile 04C301 (room 0x09),wall of tile 04C701 (room 0x09),33.181,no,the line between them touches another wall,wall of tile 04C501 (room 0x09)
wall of tile 04C302 (room 0x09),wall of tile 04C702 (room 0x09),52.118,no,the line between them touches another wall,wall of tile 04C502 (room 0x09)
wall of tile 04C501 (room 0x09),wall of tile 04C901 (room 0x09),32.384,no,the line between them touches another wall,wall of tile 04C701 (room 0x09)
wall of tile 04C502 (room 0x09),wall of tile 04C902 (room 0x09),54.530,no,the line between them touches another wall,wall of tile 04C702 (room 0x09)
wall of tile 04C701 (room 0x09),wall of tile 04CB01 (room 0x09),32.632,no,the line between them touches another wall,wall of tile 04C901 (room 0x09)
wall of tile 04C702 (room 0x09),wall of tile 04CB02 (room 0x09),52.731,no,the line between them touches another wall,wall of tile 04C902 (room 0x09)
wall of tile 04C901 (room 0x09),wall of tile 04CC02 (room 0x09),40.091,no,"another wall pokes into the space between them, so a tighter pair covers this gap",wall of tile 04CB01 (room 0x09)
wall of tile 04C901 (room 0x09),wall of tile 028302 (room 0x0a),40.091,no,"another wall pokes into the space between them, so a tighter pair covers this gap",wall of tile 04CB01 (room 0x09)
wall of tile 04C901 (room 0x09),wall of tile 028302 (room 0x0a),41.857,no,"the line between them leaves the walkable area (a wall's thickness, or another floor)",
wall of tile 04C902 (room 0x09),wall of tile 028402 (room 0x0a),40.091,no,the line between them touches another wall,wall of tile 04CB02 (room 0x09)
wall of tile 04CB01 (room 0x09),wall of tile 028302 (room 0x0a),10.023,no,"the line between them leaves the walkable area (a wall's thickness, or another floor)",
wall of tile 04CC02 (room 0x09),wall of tile 028302 (room 0x0a),10.023,no,"the line between them leaves the walkable area (a wall's thickness, or another floor)",
wall of tile 028302 (room 0x0a),wall of tile 02BE02 (room 0x0a),42.095,no,the line between them touches another wall,wall of tile 02BE02 (room 0x0a)
wall of tile 028302 (room 0x0a),generic 0x1d4348 (preset 0x2794),46.092,no,"the line between them leaves the walkable area (a wall's thickness, or another floor)",
wall of tile 028402 (room 0x0a),wall of tile 033701 (room 0x04),32.073,no,"the line between them leaves the walkable area (a wall's thickness, or another floor)",
wall of tile 028402 (room 0x0a),generic 0x1d3c28 (preset 0x2798),46.105,no,the far wall faces the other way (it belongs to floor which isn't linked here),
wall of tile 028402 (room 0x0a),generic 0x1d3c28 (preset 0x2798),46.105,no,the far wall faces the other way (it belongs to floor which isn't linked here),
wall of tile 028402 (room 0x0a),generic 0x1d4348 (preset 0x2794),43.372,no,the far wall faces the other way (it belongs to floor which isn't linked here),
wall of tile 028402 (room 0x0a),generic 0x1d4348 (preset 0x2794),43.372,no,the far wall faces the other way (it belongs to floor which isn't linked here),
wall of tile 028402 (room 0x0a),generic 0x1d4348 (preset 0x2794),43.372,no,the far wall faces the other way (it belongs to floor which isn't linked here),
wall of tile 02C101 (room 0x0a),generic 0x1d3c28 (preset 0x2798),46.105,no,the far wall faces the other way (it belongs to floor which isn't linked here),
wall of tile 02C101 (room 0x0a),generic 0x1d4348 (preset 0x2794),44.113,no,the far wall faces the other way (it belongs to floor which isn't linked here),
wall of tile 02C101 (room 0x0a),generic 0x1d4348 (preset 0x2794),43.808,no,the far wall faces the other way (it belongs to floor which isn't linked here),
wall of tile 02BD02 (room 0x0a),wall of tile 02BE02 (room 0x0a),42.095,no,the line between them touches another wall,wall of tile 02BE01 (room 0x0a)
wall of tile 02BD02 (room 0x0a),wall of tile 02B902 (room 0x0a),42.095,no,the line between them touches another wall,wall of tile 02B902 (room 0x0a)
wall of tile 02BE02 (room 0x0a),generic 0x1d4348 (preset 0x2794),4.022,no,"the line between them leaves the walkable area (a wall's thickness, or another floor)",
wall of tile 02BE02 (room 0x0a),generic 0x1d4348 (preset 0x2794),3.549,no,the far wall faces the other way (it belongs to floor which isn't linked here),
wall of tile 02BE02 (room 0x0a),generic 0x1d4348 (preset 0x2794),4.738,no,"the line between them leaves the walkable area (a wall's thickness, or another floor)",
wall of tile 02BE02 (room 0x0a),generic 0x1d4348 (preset 0x2794),4.022,no,"the line between them leaves the walkable area (a wall's thickness, or another floor)",
wall of tile 02BE02 (room 0x0a),generic 0x1d4348 (preset 0x2794),3.827,no,"the line between them leaves the walkable area (a wall's thickness, or another floor)",
wall of tile 02C001 (room 0x0a),wall of tile 033902 (room 0x04),32.073,no,"the line between them leaves the walkable area (a wall's thickness, or another floor)",
wall of tile 02C001 (room 0x0a),wall of tile 033E01 (room 0x03),32.073,no,"the line between them leaves the walkable area (a wall's thickness, or another floor)",
wall of tile 02B802 (room 0x0a),wall of tile 02B402 (room 0x0a),42.095,no,the line between them touches another wall,wall of tile 02B402 (room 0x0a)
wall of tile 02B802 (room 0x0a),wall of tile 02B902 (room 0x0a),42.095,no,the line between them touches another wall,wall of tile 02B901 (room 0x0a)
wall of tile 02B802 (room 0x0a),generic 0x1d68d4 (preset 0x2785),10.028,no,the far wall faces the other way (it belongs to floor which isn't linked here),
wall of tile 02B802 (room 0x0a),generic 0x1d68d4 (preset 0x2785),6.014,no,the far wall faces the other way (it belongs to floor which isn't linked here),
wall of tile 02B802 (room 0x0a),generic 0x1d6b54 (preset 0x278e),10.028,no,the far wall faces the other way (it belongs to floor which isn't linked here),
wall of tile 02B802 (room 0x0a),generic 0x1d6b54 (preset 0x278e),6.014,no,the far wall faces the other way (it belongs to floor which isn't linked here),
wall of tile 02BB01 (room 0x0a),wall of tile 034002 (room 0x03),32.073,no,"the line between them leaves the walkable area (a wall's thickness, or another floor)",
wall of tile 02BB01 (room 0x0a),wall of tile 034501 (room 0x02),32.073,no,"the line between them leaves the walkable area (a wall's thickness, or another floor)",
wall of tile 02BB01 (room 0x0a),generic 0x1d6bd4 (preset 0x2790),18.041,no,the far wall faces the other way (it belongs to floor which isn't linked here),
wall of tile 02BB01 (room 0x0a),generic 0x1d6bd4 (preset 0x2790),18.041,no,the far wall faces the other way (it belongs to floor which isn't linked here),
wall of tile 02B701 (room 0x0a),generic 0x1d6bd4 (preset 0x2790),18.041,no,the far wall faces the other way (it belongs to floor which isn't linked here),
wall of tile 02B701 (room 0x0a),generic 0x1d6bd4 (preset 0x2790),57.051,no,the far wall faces the other way (it belongs to floor which isn't linked here),
wall of tile 02B701 (room 0x0a),generic 0x1d6bd4 (preset 0x2790),54.129,no,the far wall faces the other way (it belongs to floor which isn't linked here),
wall of tile 02B302 (room 0x0a),wall of tile 02C602 (room 0x0a),42.095,no,the line between them touches another wall,wall of tile 02C601 (room 0x0a)
wall of tile 02B302 (room 0x0a),wall of tile 02B402 (room 0x0a),42.095,no,the line between them touches another wall,wall of tile 02B401 (room 0x0a)
wall of tile 02B302 (room 0x0a),generic 0x1d6854 (preset 0x2784),47.188,no,the far wall faces the other way (it belongs to floor which isn't linked here),
wall of tile 02B302 (room 0x0a),generic 0x1d6854 (preset 0x2784),10.023,no,the far wall faces the other way (it belongs to floor which isn't linked here),
wall of tile 02B302 (room 0x0a),generic 0x1d6ad4 (preset 0x278d),47.188,no,the far wall faces the other way (it belongs to floor which isn't linked here),
wall of tile 02B302 (room 0x0a),generic 0x1d6ad4 (preset 0x278d),10.023,no,the far wall faces the other way (it belongs to floor which isn't linked here),
wall of tile 02B601 (room 0x0a),wall of tile 034702 (room 0x02),32.073,no,"the line between them leaves the walkable area (a wall's thickness, or another floor)",
wall of tile 02B601 (room 0x0a),wall of tile 034C01 (room 0x01),32.073,no,"the line between them leaves the walkable area (a wall's thickness, or another floor)",
wall of tile 02C302 (room 0x0a),wall of tile 034E02 (room 0x01),32.073,no,"the line between them leaves the walkable area (a wall's thickness, or another floor)",
wall of tile 02C301 (room 0x0a),wall of tile 034E02 (room 0x01),45.358,no,"the line between them leaves the walkable area (a wall's thickness, or another floor)",
wall of tile 02C200 (room 0x0a),wall of tile 02C602 (room 0x0a),42.095,no,the line between them touches another wall,wall of tile 02C602 (room 0x0a)
wall of tile 02C200 (room 0x0a),wall of tile 02C602 (room 0x0a),52.922,no,"the line between them leaves the walkable area (a wall's thickness, or another floor)",
wall of tile 02C200 (room 0x0a),wall of tile 02C602 (room 0x0a),32.073,no,the line between them touches another wall,wall of tile 02C200 (room 0x0a)
wall of tile 02B401 (room 0x0a),generic 0x1d6854 (preset 0x2784),35.526,no,"the line between them leaves the walkable area (a wall's thickness, or another floor)",
wall of tile 02B401 (room 0x0a),generic 0x1d6854 (preset 0x2784),47.188,no,the far wall faces the other way (it belongs to floor which isn't linked here),
wall of tile 02B401 (room 0x0a),generic 0x1d6854 (preset 0x2784),10.023,no,"the line between them leaves the walkable area (a wall's thickness, or another floor)",
wall of tile 02B401 (room 0x0a),generic 0x1d6854 (preset 0x2784),35.521,no,"the line between them leaves the walkable area (a wall's thickness, or another floor)",
wall of tile 02B401 (room 0x0a),generic 0x1d6ad4 (preset 0x278d),35.526,no,"the line between them leaves the walkable area (a wall's thickness, or another floor)",
wall of tile 02B401 (room 0x0a),generic 0x1d6ad4 (preset 0x278d),47.188,no,the far wall faces the other way (it belongs to floor which isn't linked here),
wall of tile 02B401 (room 0x0a),generic 0x1d6ad4 (preset 0x278d),10.023,no,"the line between them leaves the walkable area (a wall's thickness, or another floor)",
wall of tile 02B401 (room 0x0a),generic 0x1d6ad4 (preset 0x278d),35.521,no,"the line between them leaves the walkable area (a wall's thickness, or another floor)",
wall of tile 02B402 (room 0x0a),generic 0x1d68d4 (preset 0x2785),6.014,no,the far wall faces the other way (it belongs to floor which isn't linked here),
wall of tile 02B402 (room 0x0a),generic 0x1d68d4 (preset 0x2785),6.014,no,the far wall faces the other way (it belongs to floor which isn't linked here),
wall of tile 02B402 (room 0x0a),generic 0x1d6b54 (preset 0x278e),6.014,no,the far wall faces the other way (it belongs to floor which isn't linked here),
wall of tile 02B402 (room 0x0a),generic 0x1d6b54 (preset 0x278e),6.014,no,the far wall faces the other way (it belongs to floor which isn't linked here),
wall of tile 02B402 (room 0x0a),generic 0x1d6854 (preset 0x2784),34.083,no,"the line between them leaves the walkable area (a wall's thickness, or another floor)",
wall of tile 02B402 (room 0x0a),generic 0x1d6854 (preset 0x2784),34.077,no,"the line between them leaves the walkable area (a wall's thickness, or another floor)",
wall of tile 02B402 (room 0x0a),generic 0x1d68d4 (preset 0x2785),34.071,no,the far wall faces the other way (it belongs to floor which isn't linked here),
wall of tile 02B402 (room 0x0a),generic 0x1d68d4 (preset 0x2785),34.071,no,the far wall faces the other way (it belongs to floor which isn't linked here),
wall of tile 02B402 (room 0x0a),generic 0x1d68d4 (preset 0x2785),34.077,no,the far wall faces the other way (it belongs to floor which isn't linked here),
wall of tile 02B402 (room 0x0a),generic 0x1d68d4 (preset 0x2785),34.072,no,the far wall faces the other way (it belongs to floor which isn't linked here),
wall of tile 02B402 (room 0x0a),generic 0x1d6ad4 (preset 0x278d),34.083,no,"the line between them leaves the walkable area (a wall's thickness, or another floor)",
wall of tile 02B402 (room 0x0a),generic 0x1d6ad4 (preset 0x278d),34.077,no,"the line between them leaves the walkable area (a wall's thickness, or another floor)",
wall of tile 02B402 (room 0x0a),generic 0x1d6b54 (preset 0x278e),34.071,no,the far wall faces the other way (it belongs to floor which isn't linked here),
wall of tile 02B402 (room 0x0a),generic 0x1d6b54 (preset 0x278e),34.071,no,the far wall faces the other way (it belongs to floor which isn't linked here),
wall of tile 02B402 (room 0x0a),generic 0x1d6b54 (preset 0x278e),34.077,no,the far wall faces the other way (it belongs to floor which isn't linked here),
wall of tile 02B402 (room 0x0a),generic 0x1d6b54 (preset 0x278e),34.071,no,the far wall faces the other way (it belongs to floor which isn't linked here),
wall of tile 033B01 (room 0x0a),generic 0x1d3c28 (preset 0x2798),0.00024,no,the line between them touches another wall,generic 0x1d3c28 (preset 0x2798)
wall of tile 033B01 (room 0x0a),generic 0x1d3c28 (preset 0x2798),0.032,no,"the line between them leaves the walkable area (a wall's thickness, or another floor)",
wall of tile 033B01 (room 0x0a),generic 0x1d3c28 (preset 0x2798),56.127,no,"the line between them leaves the walkable area (a wall's thickness, or another floor)",
wall of tile 033B01 (room 0x0a),generic 0x1d4348 (preset 0x2794),1.941,no,"the line between them leaves the walkable area (a wall's thickness, or another floor)",
wall of tile 033B01 (room 0x0a),generic 0x1d4348 (preset 0x2794),1.936,no,"the line between them leaves the walkable area (a wall's thickness, or another floor)",
wall of tile 033B01 (room 0x0a),generic 0x1d43c8 (preset 0x2795),56.116,no,"another wall pokes into the space between them, so a tighter pair covers this gap",wall of tile 033701 (room 0x04)
wall of tile 033B01 (room 0x0a),generic 0x1d43c8 (preset 0x2795),56.223,no,"the line between them leaves the walkable area (a wall's thickness, or another floor)",
wall of tile 033702 (room 0x04),generic 0x1d42c8 (preset 0x2792),3.514,no,"the line between them leaves the walkable area (a wall's thickness, or another floor)",
wall of tile 033702 (room 0x04),generic 0x1d42c8 (preset 0x2792),3.413,no,"the line between them leaves the walkable area (a wall's thickness, or another floor)",
wall of tile 033702 (room 0x04),generic 0x1d43c8 (preset 0x2795),0.0067,no,"another wall pokes into the space between them, so a tighter pair covers this gap",generic 0x1d43c8 (preset 0x2795)
wall of tile 033702 (room 0x04),generic 0x1d43c8 (preset 0x2795),1.959,no,"the line between them leaves the walkable area (a wall's thickness, or another floor)",
wall of tile 033702 (room 0x04),generic 0x1d43c8 (preset 0x2795),2.037,no,"the line between them leaves the walkable area (a wall's thickness, or another floor)",
wall of tile 033802 (room 0x04),generic 0x1d42c8 (preset 0x2792),58.761,no,the line between them touches another wall,generic 0x1d42c8 (preset 0x2792)
wall of tile 033802 (room 0x04),generic 0x1d42c8 (preset 0x2792),18.054,no,"the line between them leaves the walkable area (a wall's thickness, or another floor)",
wall of tile 033802 (room 0x04),generic 0x1d42c8 (preset 0x2792),18.372,no,"the line between them leaves the walkable area (a wall's thickness, or another floor)",
wall of tile 033802 (room 0x04),generic 0x1d42c8 (preset 0x2792),2.296,no,"the line between them leaves the walkable area (a wall's thickness, or another floor)",
wall of tile 033802 (room 0x04),generic 0x1d43c8 (preset 0x2795),16.776,no,"another wall pokes into the space between them, so a tighter pair covers this gap",wall of tile 033702 (room 0x04)
wall of tile 033802 (room 0x04),generic 0x1d43c8 (preset 0x2795),16.776,no,"another wall pokes into the space between them, so a tighter pair covers this gap",wall of tile 033702 (room 0x04)
wall of tile 033902 (room 0x04),generic 0x1d42c8 (preset 0x2792),1.955,no,"the line between them leaves the walkable area (a wall's thickness, or another floor)",
wall of tile 033701 (room 0x04),generic 0x1d3c28 (preset 0x2798),0.033,no,"the line between them leaves the walkable area (a wall's thickness, or another floor)",
wall of tile 033701 (room 0x04),generic 0x1d43c8 (preset 0x2795),1.959,no,"the line between them leaves the walkable area (a wall's thickness, or another floor)",
wall of tile 033701 (room 0x04),generic 0x1d43c8 (preset 0x2795),2.037,no,"the line between them leaves the walkable area (a wall's thickness, or another floor)",
wall of tile 033701 (room 0x04),generic 0x1d43c8 (preset 0x2795),0.57,no,"the line between them leaves the walkable area (a wall's thickness, or another floor)",
wall of tile 034901 (room 0x0a),generic 0x1d68d4 (preset 0x2785),6.014,no,"another wall pokes into the space between them, so a tighter pair covers this gap",generic 0x1d68d4 (preset 0x2785)
wall of tile 034901 (room 0x0a),generic 0x1d68d4 (preset 0x2785),6.013,yes,,
wall of tile 034901 (room 0x0a),generic 0x1d68d4 (preset 0x2785),6.013,yes,,
wall of tile 034901 (room 0x0a),generic 0x1d68d4 (preset 0x2785),6.013,yes,,
wall of tile 034901 (room 0x0a),generic 0x1d6b54 (preset 0x278e),6.014,no,"another wall pokes into the space between them, so a tighter pair covers this gap",generic 0x1d6b54 (preset 0x278e)
wall of tile 034901 (room 0x0a),generic 0x1d6b54 (preset 0x278e),6.013,yes,,
wall of tile 034901 (room 0x0a),generic 0x1d6b54 (preset 0x278e),6.013,yes,,
wall of tile 034901 (room 0x0a),generic 0x1d6b54 (preset 0x278e),6.013,yes,,
wall of tile 034901 (room 0x0a),generic 0x1d6bd4 (preset 0x2790),10.023,no,the line between them touches another wall,generic 0x1d6bd4 (preset 0x2790)
wall of tile 034901 (room 0x0a),generic 0x1d6bd4 (preset 0x2790),10.017,no,"another wall pokes into the space between them, so a tighter pair covers this gap",generic 0x1d6bd4 (preset 0x2790)
wall of tile 034901 (room 0x0a),generic 0x1d6bd4 (preset 0x2790),10.017,no,"another wall pokes into the space between them, so a tighter pair covers this gap",wall of tile 034501 (room 0x02)
wall of tile 034501 (room 0x02),generic 0x1d6954 (preset 0x2789),10.023,no,the line between them touches another wall,generic 0x1d6954 (preset 0x2789)
wall of tile 034501 (room 0x02),generic 0x1d6954 (preset 0x2789),10.017,no,"another wall pokes into the space between them, so a tighter pair covers this gap",generic 0x1d6954 (preset 0x2789)
wall of tile 034501 (room 0x02),generic 0x1d6954 (preset 0x2789),10.017,yes,,
wall of tile 034501 (room 0x02),generic 0x1d6954 (preset 0x2789),10.017,yes,,
wall of tile 034501 (room 0x02),generic 0x1d6bd4 (preset 0x2790),51.106,no,the line between them touches another wall,generic 0x1d6bd4 (preset 0x2790)
wall of tile 034501 (room 0x02),generic 0x1d6bd4 (preset 0x2790),51.105,no,"another wall pokes into the space between them, so a tighter pair covers this gap",wall of tile 034901 (room 0x0a)
wall of tile 034501 (room 0x02),generic 0x1d6bd4 (preset 0x2790),10.016,yes,,
wall of tile 034501 (room 0x02),generic 0x1d6bd4 (preset 0x2790),10.016,yes,,
wall of tile 01AE48 (room 0x21),wall of tile 015449 (room 0x45),20.045,no,"the line between them leaves the walkable area (a wall's thickness, or another floor)",
wall of tile 01AE48 (room 0x21),wall of tile 015348 (room 0x45),22.050,no,the line between them touches another wall,wall of tile 01AE48 (room 0x21)
wall of tile 01AE48 (room 0x21),wall of tile 014D49 (room 0x45),6.577,no,the far wall faces the other way (it belongs to floor which isn't linked here),
wall of tile 01AE48 (room 0x21),wall of tile 015449 (room 0x45),20.045,no,"the line between them leaves the walkable area (a wall's thickness, or another floor)",
wall of tile 01AE48 (room 0x21),wall of tile 014D49 (room 0x45),22.050,no,the far wall faces the other way (it belongs to floor which isn't linked here),
wall of tile 01B648 (room 0x21),wall of tile 03250A (room 0x0b),32.073,no,the line between them touches another wall,wall of tile 032509 (room 0x0b)
wall of tile 01B648 (room 0x21),wall of tile 032409 (room 0x0b),37.822,no,"another wall pokes into the space between them, so a tighter pair covers this gap",wall of tile 032509 (room 0x0b)
wall of tile 01B648 (room 0x21),wall of tile 013848 (room 0x1e),32.073,no,"the line between them leaves the walkable area (a wall's thickness, or another floor)",
wall of tile 01B648 (room 0x21),wall of tile 013848 (room 0x1e),32.073,no,"the line between them leaves the walkable area (a wall's thickness, or another floor)",
wall of tile 01B648 (room 0x21),wall of tile 013949 (room 0x1e),52.118,no,"the line between them leaves the walkable area (a wall's thickness, or another floor)",
wall of tile 01B648 (room 0x21),door 0x1d946c (preset 0x0092),0.000061,no,"the line between them leaves the walkable area (a wall's thickness, or another floor)",
wall of tile 01B648 (room 0x21),door 0x1d946c (preset 0x0092),0.000022,no,the line between them touches another wall,door 0x1d946c (preset 0x0092)
wall of tile 01B648 (room 0x21),door 0x1d946c (preset 0x0092),10.050,no,the line between them touches another wall,door 0x1d946c (preset 0x0092)
wall of tile 03250A (room 0x0b),wall of tile 014B48 (room 0x45),32.073,no,the line between them touches another wall,wall of tile 032509 (room 0x0b)
wall of tile 03250A (room 0x0b),wall of tile 014B48 (room 0x45),32.073,no,the line between them touches another wall,wall of tile 032509 (room 0x0b)
wall of tile 03250A (room 0x0b),door 0x1d946c (preset 0x0092),36.785,no,"the line between them leaves the walkable area (a wall's thickness, or another floor)",
wall of tile 03250A (room 0x0b),door 0x1d946c (preset 0x0092),32.073,no,"the line between them leaves the walkable area (a wall's thickness, or another floor)",
wall of tile 03250A (room 0x0b),door 0x1d946c (preset 0x0092),32.073,no,"another wall pokes into the space between them, so a tighter pair covers this gap",wall of tile 032509 (room 0x0b)
wall of tile 03250A (room 0x0b),door 0x1d946c (preset 0x0092),36.785,no,"the line between them leaves the walkable area (a wall's thickness, or another floor)",
wall of tile 032409 (room 0x0b),wall of tile 03210A (room 0x0b),22.050,no,the line between them touches another wall,wall of tile 03240A (room 0x0b)
wall of tile 032409 (room 0x0b),wall of tile 014B48 (room 0x45),37.822,no,the far wall faces the other way (it belongs to floor which isn't linked here),
wall of tile 032409 (room 0x0b),wall of tile 014B48 (room 0x45),37.822,no,the far wall faces the other way (it belongs to floor which isn't linked here),
wall of tile 032409 (room 0x0b),door 0x1d946c (preset 0x0092),49.771,no,"the line between them leaves the walkable area (a wall's thickness, or another floor)",
wall of tile 032409 (room 0x0b),door 0x1d946c (preset 0x0092),33.594,no,"another wall pokes into the space between them, so a tighter pair covers this gap",wall of tile 03250A (room 0x0b)
wall of tile 032409 (room 0x0b),door 0x1d946c (preset 0x0092),33.594,no,"another wall pokes into the space between them, so a tighter pair covers this gap",wall of tile 03250A (room 0x0b)
wall of tile 032409 (room 0x0b),door 0x1d946c (preset 0x0092),49.771,no,"the line between them leaves the walkable area (a wall's thickness, or another floor)",
wall of tile 03220A (room 0x0b),wall of tile 033709 (room 0x0b),4.009,no,the line between them touches another wall,wall of tile 033609 (room 0x0b)
wall of tile 03220A (room 0x0b),glass 0x1d7654 (preset 0x27b6),52.633,no,"the line between them leaves the walkable area (a wall's thickness, or another floor)",
wall of tile 03220A (room 0x0b),glass 0x1d7654 (preset 0x27b6),0.0020,no,the line between them touches another wall,glass 0x1d7654 (preset 0x27b6)
wall of tile 03220A (room 0x0b),glass 0x1d7654 (preset 0x27b6),0.00026,no,"another wall pokes into the space between them, so a tighter pair covers this gap",wall of tile 033609 (room 0x0b)
wall of tile 032109 (room 0x0b),wall of tile 033609 (room 0x0b),44.100,no,"the line between them leaves the walkable area (a wall's thickness, or another floor)",
wall of tile 032109 (room 0x0b),wall of tile 033709 (room 0x0b),44.100,no,"the line between them leaves the walkable area (a wall's thickness, or another floor)",
wall of tile 032109 (room 0x0b),glass 0x1d7654 (preset 0x27b6),44.100,no,"the line between them leaves the walkable area (a wall's thickness, or another floor)",
wall of tile 032109 (room 0x0b),glass 0x1d7654 (preset 0x27b6),44.102,no,"the line between them leaves the walkable area (a wall's thickness, or another floor)",
wall of tile 032109 (room 0x0b),glass 0x1d7654 (preset 0x27b6),44.100,no,"the line between them leaves the walkable area (a wall's thickness, or another floor)",
wall of tile 03210A (room 0x0b),glass 0x1d7654 (preset 0x27b6),53.373,no,"the line between them leaves the walkable area (a wall's thickness, or another floor)",
wall of tile 03210A (room 0x0b),glass 0x1d7654 (preset 0x27b6),54.230,no,"the line between them leaves the walkable area (a wall's thickness, or another floor)",
wall of tile 03210A (room 0x0b),glass 0x1d7654 (preset 0x27b6),53.373,no,"the line between them leaves the walkable area (a wall's thickness, or another floor)",
wall of tile 033609 (room 0x0b),glass 0x1d7654 (preset 0x27b6),48.623,no,"the line between them leaves the walkable area (a wall's thickness, or another floor)",
wall of tile 033609 (room 0x0b),glass 0x1d7654 (preset 0x27b6),0.0019,no,the line between them touches another wall,glass 0x1d7654 (preset 0x27b6)
wall of tile 033609 (room 0x0b),glass 0x1d7654 (preset 0x27b6),0.00024,no,"another wall pokes into the space between them, so a tighter pair covers this gap",wall of tile 033709 (room 0x0b)
wall of tile 033709 (room 0x0b),wall of tile 033C09 (room 0x0b),57.402,no,"the line between them leaves the walkable area (a wall's thickness, or another floor)",
wall of tile 033709 (room 0x0b),wall of tile 033C09 (room 0x0b),52.118,no,the line between them touches another wall,wall of tile 033809 (room 0x0b)
wall of tile 033709 (room 0x0b),glass 0x1d7654 (preset 0x27b6),55.040,no,"the line between them leaves the walkable area (a wall's thickness, or another floor)",
wall of tile 033709 (room 0x0b),glass 0x1d7654 (preset 0x27b6),55.870,no,"the line between them leaves the walkable area (a wall's thickness, or another floor)",
wall of tile 033709 (room 0x0b),glass 0x1d7654 (preset 0x27b6),55.040,no,"the line between them leaves the walkable area (a wall's thickness, or another floor)",
wall of tile 033709 (room 0x0b),glass 0x1d7654 (preset 0x27b6),24.236,no,"the line between them leaves the walkable area (a wall's thickness, or another floor)",
wall of tile 033809 (room 0x0b),wall of tile 033C09 (room 0x0b),22.710,no,"another wall pokes into the space between them, so a tighter pair covers this gap",wall of tile 033C09 (room 0x0b)
wall of tile 033A08 (room 0x0b),wall of tile 033C09 (room 0x0b),57.716,no,"the line between them leaves the walkable area (a wall's thickness, or another floor)",
wall of tile 033A08 (room 0x0b),wall of tile 033D08 (room 0x0b),52.118,no,the far wall faces the other way (it belongs to floor which isn't linked here),
wall of tile 033A08 (room 0x0b),wall of tile 033D08 (room 0x0b),52.118,no,the far wall faces the other way (it belongs to floor which isn't linked here),
wall of tile 033A08 (room 0x0b),glass 0x1d76e8 (preset 0x27b7),0.51,no,"the line between them leaves the walkable area (a wall's thickness, or another floor)",
wall of tile 033A08 (room 0x0b),wall of tile 033C09 (room 0x0b),22.597,no,"the line between them leaves the walkable area (a wall's thickness, or another floor)",
wall of tile 033A08 (room 0x0b),generic 0x1d3cb8 (preset 0x27b5),25.222,yes,,
wall of tile 033A08 (room 0x0b),generic 0x1d3cb8 (preset 0x27b5),25.222,yes,,
wall of tile 033A08 (room 0x0b),generic 0x1d3cb8 (preset 0x27b5),25.245,no,"another wall pokes into the space between them, so a tighter pair covers this gap",generic 0x1d3cb8 (preset 0x27b5)
wall of tile 033C09 (room 0x0b),wall of tile 033D08 (room 0x0b),24.055,no,"another wall pokes into the space between them, so a tighter pair covers this gap",wall of tile 033A08 (room 0x0b)
wall of tile 033C09 (room 0x0b),generic 0x1d3cb8 (preset 0x27b5),57.835,no,"the line between them leaves the walkable area (a wall's thickness, or another floor)",
wall of tile 033C09 (room 0x0b),generic 0x1d3cb8 (preset 0x27b5),57.835,no,"the line between them leaves the walkable area (a wall's thickness, or another floor)",
wall of tile 033C09 (room 0x0b),generic 0x1d3cb8 (preset 0x27b5),57.858,no,"the line between them leaves the walkable area (a wall's thickness, or another floor)",
wall of tile 033D08 (room 0x0b),generic 0x1d3cb8 (preset 0x27b5),46.434,no,"the line between them leaves the walkable area (a wall's thickness, or another floor)",
wall of tile 033D08 (room 0x0b),generic 0x1d3cb8 (preset 0x27b5),46.434,no,"the line between them leaves the walkable area (a wall's thickness, or another floor)",
wall of tile 033D08 (room 0x0b),generic 0x1d3cb8 (preset 0x27b5),46.446,no,"the line between them leaves the walkable area (a wall's thickness, or another floor)",
wall of tile 033D08 (room 0x0b),generic 0x1d3cb8 (preset 0x27b5),25.222,yes,,
wall of tile 033D08 (room 0x0b),generic 0x1d3cb8 (preset 0x27b5),25.222,yes,,
wall of tile 033D08 (room 0x0b),generic 0x1d3cb8 (preset 0x27b5),25.245,no,"another wall pokes into the space between them, so a tighter pair covers this gap",generic 0x1d3cb8 (preset 0x27b5)
wall of tile 033109 (room 0x0b),door 0x1d979c (preset 0x009b),45.873,no,"the line between them leaves the walkable area (a wall's thickness, or another floor)",
wall of tile 033109 (room 0x0b),door 0x1d979c (preset 0x009b),45.873,no,"the line between them leaves the walkable area (a wall's thickness, or another floor)",
wall of tile 077C31 (room 0x17),wall of tile 077030 (room 0x17),41.862,no,"another wall pokes into the space between them, so a tighter pair covers this gap",wall of tile 077231 (room 0x17)
wall of tile 077C31 (room 0x17),wall of tile 077D31 (room 0x17),42.096,no,the line between them touches another wall,wall of tile 077D32 (room 0x17)
wall of tile 077C31 (room 0x17),generic 0x1d6cd4 (preset 0x275d),22.466,no,"another wall pokes into the space between them, so a tighter pair covers this gap",wall of tile 077231 (room 0x17)
wall of tile 077C31 (room 0x17),generic 0x1d6cd4 (preset 0x275d),22.411,no,"another wall pokes into the space between them, so a tighter pair covers this gap",wall of tile 077231 (room 0x17)
wall of tile 077C31 (room 0x17),generic 0x1d6cd4 (preset 0x275d),10.021,no,"another wall pokes into the space between them, so a tighter pair covers this gap",wall of tile 077231 (room 0x17)
wall of tile 077232 (room 0x17),wall of tile 077130 (room 0x17),41.906,no,"another wall pokes into the space between them, so a tighter pair covers this gap",wall of tile 077130 (room 0x17)
wall of tile 077231 (room 0x17),generic 0x1d6cd4 (preset 0x275d),10.021,yes,,
wall of tile 077231 (room 0x17),generic 0x1d6cd4 (preset 0x275d),10.021,yes,,
wall of tile 077231 (room 0x17),generic 0x1d6cd4 (preset 0x275d),10.021,yes,,
wall of tile 077030 (room 0x17),generic 0x1d6cd4 (preset 0x275d),20.814,no,"another wall pokes into the space between them, so a tighter pair covers this gap",generic 0x1d6cd4 (preset 0x275d)
wall of tile 077030 (room 0x17),generic 0x1d6cd4 (preset 0x275d),20.875,no,the line between them touches another wall,generic 0x1d6cd4 (preset 0x275d)
wall of tile 079732 (room 0x1b),wall of tile 077D31 (room 0x17),42.096,no,the line between them touches another wall,wall of tile 077D31 (room 0x17)
wall of tile 079630 (room 0x1b),wall of tile 079832 (room 0x1a),9.903,no,"the line between them leaves the walkable area (a wall's thickness, or another floor)",
wall of tile 079630 (room 0x1b),wall of tile 079831 (room 0x1a),51.493,no,"the line between them leaves the walkable area (a wall's thickness, or another floor)",
wall of tile 079931 (room 0x1a),wall of tile 079831 (room 0x1a),42.095,no,the line between them touches another wall,wall of tile 079832 (room 0x1a)
wall of tile 079832 (room 0x1a),wall of tile 077D31 (room 0x17),29.800,no,"the line between them leaves the walkable area (a wall's thickness, or another floor)",
wall of tile 079832 (room 0x1a),wall of tile 077D31 (room 0x17),29.800,no,"the line between them leaves the walkable area (a wall's thickness, or another floor)",
wall of tile 079A32 (room 0x1a),wall of tile 079831 (room 0x1a),27.764,no,"another wall pokes into the space between them, so a tighter pair covers this gap",wall of tile 079831 (room 0x1a)
wall of tile 079A32 (room 0x1a),generic 0x1d6fd4 (preset 0x276a),48.109,no,the line between them touches another wall,generic 0x1d6fd4 (preset 0x276a)
wall of tile 079A32 (room 0x1a),generic 0x1d6fd4 (preset 0x276a),48.025,yes,,
wall of tile 079A32 (room 0x1a),generic 0x1d6fd4 (preset 0x276a),48.027,no,"another wall pokes into the space between them, so a tighter pair covers this gap",generic 0x1d6fd4 (preset 0x276a)
wall of tile 079831 (room 0x1a),generic 0x1d6fd4 (preset 0x276a),48.025,yes,,
wall of tile 079831 (room 0x1a),wall of tile 077D31 (room 0x17),29.800,no,"the line between them leaves the walkable area (a wall's thickness, or another floor)",
wall of tile 079831 (room 0x1a),wall of tile 077D31 (room 0x17),29.800,no,"the line between them leaves the walkable area (a wall's thickness, or another floor)",
wall of tile 078C30 (room 0x1b),wall of tile 003540 (room 0x1d),32.073,no,"the line between them leaves the walkable area (a wall's thickness, or another floor)",
wall of tile 078C30 (room 0x1b),wall of tile 000840 (room 0x1d),32.073,no,"the line between them leaves the walkable area (a wall's thickness, or another floor)",
wall of tile 078C30 (room 0x1b),wall of tile 003540 (room 0x1d),38.921,no,"the line between them leaves the walkable area (a wall's thickness, or another floor)",
wall of tile 078C30 (room 0x1b),wall of tile 000840 (room 0x1d),38.921,no,"the line between them leaves the walkable area (a wall's thickness, or another floor)",
wall of tile 078D32 (room 0x1b),wall of tile 000840 (room 0x1d),49.746,no,"the line between them leaves the walkable area (a wall's thickness, or another floor)",
wall of tile 078D31 (room 0x1b),wall of tile 003340 (room 0x1d),51.659,no,"the line between them leaves the walkable area (a wall's thickness, or another floor)",
wall of tile 07A930 (room 0x18),wall of tile 075B1A (room 0x12),42.095,no,"the line between them leaves the walkable area (a wall's thickness, or another floor)",
wall of tile 07A930 (room 0x18),wall of tile 075B19 (room 0x12),42.095,no,"the line between them leaves the walkable area (a wall's thickness, or another floor)",
wall of tile 07A930 (room 0x18),wall of tile 075B19 (room 0x12),42.095,no,"the line between them leaves the walkable area (a wall's thickness, or another floor)",
wall of tile 075B1A (room 0x12),wall of tile 075B19 (room 0x12),32.073,no,the line between them touches another wall,wall of tile 075B19 (room 0x12)
wall of tile 075B19 (room 0x12),wall of tile 075719 (room 0x12),20.045,no,the line between them touches another wall,wall of tile 075919 (room 0x12)
wall of tile 075B19 (room 0x12),wall of tile 075719 (room 0x12),57.716,no,"the line between them leaves the walkable area (a wall's thickness, or another floor)",
wall of tile 056221 (room 0x13),door 0x1d957c (preset 0x0095),15.814,no,"the line between them leaves the walkable area (a wall's thickness, or another floor)",
wall of tile 056221 (room 0x13),door 0x1d957c (preset 0x0095),31.644,no,"the line between them leaves the walkable area (a wall's thickness, or another floor)",
wall of tile 056221 (room 0x13),door 0x1d957c (preset 0x0095),15.815,no,"the line between them leaves the walkable area (a wall's thickness, or another floor)",
wall of tile 056221 (room 0x13),door 0x1d957c (preset 0x0095),15.814,no,"the line between them leaves the walkable area (a wall's thickness, or another floor)",
wall of tile 056320 (room 0x13),wall of tile 054421 (room 0x13),32.036,no,"the line between them leaves the walkable area (a wall's thickness, or another floor)",
wall of tile 056320 (room 0x13),wall of tile 054421 (room 0x13),51.731,no,"the line between them leaves the walkable area (a wall's thickness, or another floor)",
wall of tile 056320 (room 0x13),wall of tile 054421 (room 0x13),42.095,no,"the line between them leaves the walkable area (a wall's thickness, or another floor)",
wall of tile 054521 (room 0x13),wall of tile 054621 (room 0x13),52.118,no,the line between them touches another wall,wall of tile 054622 (room 0x13)
wall of tile 054521 (room 0x13),wall of tile 054622 (room 0x13),21.841,no,"another wall pokes into the space between them, so a tighter pair covers this gap",wall of tile 054521 (room 0x13)
wall of tile 054521 (room 0x13),wall of tile 054621 (room 0x13),57.401,no,"the line between them leaves the walkable area (a wall's thickness, or another floor)",
wall of tile 054622 (room 0x13),door 0x1d8afc (preset 0x0094),58.442,no,"the line between them leaves the walkable area (a wall's thickness, or another floor)",
wall of tile 054622 (room 0x13),door 0x1d8afc (preset 0x0094),58.442,no,"the line between them leaves the walkable area (a wall's thickness, or another floor)",
wall of tile 054621 (room 0x13),door 0x1d8afc (preset 0x0094),58.442,no,"the line between them leaves the walkable area (a wall's thickness, or another floor)",
wall of tile 054621 (room 0x13),door 0x1d8afc (preset 0x0094),58.442,no,"the line between them leaves the walkable area (a wall's thickness, or another floor)",
wall of tile 01F611 (room 0x0d),door 0x1d88dc (preset 0x008f),46.625,no,"the line between them leaves the walkable area (a wall's thickness, or another floor)",
wall of tile 01F611 (room 0x0d),door 0x1d88dc (preset 0x008f),46.625,no,"the line between them leaves the walkable area (a wall's thickness, or another floor)",
wall of tile 05D548 (room 0x31),wall of tile 05C04A (room 0x31),41.856,no,the line between them touches another wall,wall of tile 05BE4A (room 0x31)
wall of tile 05BE4A (room 0x31),wall of tile 05C24A (room 0x31),43.039,no,the line between them touches another wall,wall of tile 05C04A (room 0x31)
wall of tile 05C04A (room 0x31),wall of tile 05C44A (room 0x31),43.365,no,the line between them touches another wall,wall of tile 05C24A (room 0x31)
wall of tile 05C24A (room 0x31),wall of tile 05C64A (room 0x31),42.617,no,the line between them touches another wall,wall of tile 05C44A (room 0x31)
wall of tile 05C44A (room 0x31),wall of tile 05C84A (room 0x31),42.617,no,the line between them touches another wall,wall of tile 05C64A (room 0x31)
wall of tile 05C64A (room 0x31),wall of tile 05CA4A (room 0x31),43.365,no,the line between them touches another wall,wall of tile 05C84A (room 0x31)
wall of tile 05C84A (room 0x31),wall of tile 05CC4A (room 0x31),42.143,no,the line between them touches another wall,wall of tile 05CA4A (room 0x31)
wall of tile 05CA4A (room 0x31),wall of tile 05CE4A (room 0x31),43.780,no,the line between them touches another wall,wall of tile 05CC4A (room 0x31)
wall of tile 05CC4A (room 0x31),wall of tile 05D04A (room 0x31),42.523,no,the line between them touches another wall,wall of tile 05CE4A (room 0x31)
wall of tile 05CE4A (room 0x31),glass 0x1d7e7c (preset 0x27c6),54.123,no,the far wall faces the other way (it belongs to floor which isn't linked here),
wall of tile 05CE4A (room 0x31),glass 0x1d7e7c (preset 0x27c6),54.123,no,the far wall faces the other way (it belongs to floor which isn't linked here),
wall of tile 05CE4A (room 0x31),glass 0x1d83c0 (preset 0x27ce),54.123,no,the far wall faces the other way (it belongs to floor which isn't linked here),
wall of tile 05CE4A (room 0x31),glass 0x1d83c0 (preset 0x27ce),54.123,no,the far wall faces the other way (it belongs to floor which isn't linked here),
wall of tile 05CE49 (room 0x31),wall of tile 01564A (room 0x35),54.271,no,the line between them touches another wall,wall of tile 05D049 (room 0x31)
wall of tile 05CE49 (room 0x31),glass 0x1d7e7c (preset 0x27c6),54.122,no,the far wall faces the other way (it belongs to floor which isn't linked here),
wall of tile 05CE49 (room 0x31),glass 0x1d7e7c (preset 0x27c6),54.271,no,the far wall faces the other way (it belongs to floor which isn't linked here),
wall of tile 05CE49 (room 0x31),glass 0x1d7e7c (preset 0x27c6),54.123,no,the far wall faces the other way (it belongs to floor which isn't linked here),
wall of tile 05CE49 (room 0x31),glass 0x1d83c0 (preset 0x27ce),54.122,no,the far wall faces the other way (it belongs to floor which isn't linked here),
wall of tile 05CE49 (room 0x31),glass 0x1d83c0 (preset 0x27ce),54.271,no,the far wall faces the other way (it belongs to floor which isn't linked here),
wall of tile 05CE49 (room 0x31),glass 0x1d83c0 (preset 0x27ce),54.123,no,the far wall faces the other way (it belongs to floor which isn't linked here),
wall of tile 05D04A (room 0x31),glass 0x1d7e7c (preset 0x27c6),0.000017,no,the far wall faces the other way (it belongs to floor which isn't linked here),
wall of tile 05D04A (room 0x31),glass 0x1d83c0 (preset 0x27ce),0.000017,no,the far wall faces the other way (it belongs to floor which isn't linked here),
wall of tile 05D049 (room 0x31),glass 0x1d7e7c (preset 0x27c6),0.0000034,no,the far wall faces the other way (it belongs to floor which isn't linked here),
wall of tile 05D049 (room 0x31),glass 0x1d7e7c (preset 0x27c6),0.0000034,no,the far wall faces the other way (it belongs to floor which isn't linked here),
wall of tile 05D049 (room 0x31),glass 0x1d7e7c (preset 0x27c6),0.000021,no,the far wall faces the other way (it belongs to floor which isn't linked here),
wall of tile 05D049 (room 0x31),glass 0x1d83c0 (preset 0x27ce),0.0000034,no,the far wall faces the other way (it belongs to floor which isn't linked here),
wall of tile 05D049 (room 0x31),glass 0x1d83c0 (preset 0x27ce),0.0000034,no,the far wall faces the other way (it belongs to floor which isn't linked here),
wall of tile 05D049 (room 0x31),glass 0x1d83c0 (preset 0x27ce),0.000021,no,the far wall faces the other way (it belongs to floor which isn't linked here),
wall of tile 01FA48 (room 0x30),glass 0x1d7fb4 (preset 0x27c4),0.00010,no,"the line between them leaves the walkable area (a wall's thickness, or another floor)",
wall of tile 01FA48 (room 0x30),glass 0x1d857c (preset 0x27d1),0.0000038,no,the far wall faces the other way (it belongs to floor which isn't linked here),
wall of tile 01FA48 (room 0x30),glass 0x1d857c (preset 0x27d1),0.000034,no,the far wall faces the other way (it belongs to floor which isn't linked here),
wall of tile 01FA48 (room 0x30),glass 0x1d857c (preset 0x27d1),0.0000038,no,the far wall faces the other way (it belongs to floor which isn't linked here),
wall of tile 019F48 (room 0x26),wall of tile 013148 (room 0x2a),49.110,no,"the line between them leaves the walkable area (a wall's thickness, or another floor)",
wall of tile 019F48 (room 0x26),generic 0x1d4248 (preset 0x2718),19.062,no,the far wall faces the other way (it belongs to floor which isn't linked here),
wall of tile 019F48 (room 0x26),generic 0x1d4248 (preset 0x2718),19.062,no,the far wall faces the other way (it belongs to floor which isn't linked here),
wall of tile 01A148 (room 0x26),generic 0x1d3b08 (preset 0x2721),3.649,no,the far wall faces the other way (it belongs to floor which isn't linked here),
wall of tile 01A148 (room 0x26),generic 0x1d3b08 (preset 0x2721),3.650,no,the far wall faces the other way (it belongs to floor which isn't linked here),
wall of tile 01A148 (room 0x26),generic 0x1d3b08 (preset 0x2721),3.649,no,the far wall faces the other way (it belongs to floor which isn't linked here),
wall of tile 01A048 (room 0x26),generic 0x1d3b08 (preset 0x2721),0.00085,no,the far wall faces the other way (it belongs to floor which isn't linked here),
wall of tile 01A048 (room 0x26),generic 0x1d3b08 (preset 0x2721),0.025,no,the far wall faces the other way (it belongs to floor which isn't linked here),
wall of tile 01A048 (room 0x26),wall of tile 013448 (room 0x2a),30.773,no,the far wall faces the other way (it belongs to floor which isn't linked here),
wall of tile 01A048 (room 0x26),generic 0x1d3b08 (preset 0x2721),43.938,no,the far wall faces the other way (it belongs to floor which isn't linked here),
wall of tile 01A048 (room 0x26),generic 0x1d3b08 (preset 0x2721),43.938,no,the far wall faces the other way (it belongs to floor which isn't linked here),
wall of tile 01A048 (room 0x26),generic 0x1d3b08 (preset 0x2721),43.945,no,the far wall faces the other way (it belongs to floor which isn't linked here),
wall of tile 019E48 (room 0x26),generic 0x1d4248 (preset 0x2718),44.296,no,the far wall faces the other way (it belongs to floor which isn't linked here),
wall of tile 019E48 (room 0x26),generic 0x1d4248 (preset 0x2718),44.296,no,the far wall faces the other way (it belongs to floor which isn't linked here),
wall of tile 019E48 (room 0x26),generic 0x1d4248 (preset 0x2718),23.864,no,the far wall faces the other way (it belongs to floor which isn't linked here),
wall of tile 019E48 (room 0x26),generic 0x1d4248 (preset 0x2718),47.863,no,the far wall faces the other way (it belongs to floor which isn't linked here),
wall of tile 019E48 (room 0x26),generic 0x1d4248 (preset 0x2718),0.056,no,the far wall faces the other way (it belongs to floor which isn't linked here),
wall of tile 019E48 (room 0x26),generic 0x1d4248 (preset 0x2718),0.059,no,the far wall faces the other way (it belongs to floor which isn't linked here),
wall of tile 020148 (room 0x47),glass 0x1d7d44 (preset 0x27c8),1.066,no,the line between them touches another wall,glass 0x1d7d44 (preset 0x27c8)
wall of tile 020148 (room 0x47),glass 0x1d7d44 (preset 0x27c8),1.064,no,"another wall pokes into the space between them, so a tighter pair covers this gap",glass 0x1d7d44 (preset 0x27c8)
wall of tile 020148 (room 0x47),glass 0x1d7d44 (preset 0x27c8),1.064,yes,,
wall of tile 020148 (room 0x47),glass 0x1d84e8 (preset 0x27d0),0.00037,no,the far wall faces the other way (it belongs to floor which isn't linked here),
wall of tile 020148 (room 0x47),glass 0x1d84e8 (preset 0x27d0),0.00015,no,the far wall faces the other way (it belongs to floor which isn't linked here),
wall of tile 020148 (room 0x47),glass 0x1d84e8 (preset 0x27d0),0.00012,no,the far wall faces the other way (it belongs to floor which isn't linked here),
wall of tile 062C49 (room 0x3c),glass 0x1d7c1c (preset 0x27bb),0.00049,no,the line between them touches another wall,glass 0x1d7c1c (preset 0x27bb)
wall of tile 062C49 (room 0x3c),glass 0x1d7c1c (preset 0x27bb),0.00025,no,"another wall pokes into the space between them, so a tighter pair covers this gap",wall of tile 01D649 (room 0x2c)
wall of tile 062C49 (room 0x3c),glass 0x1d7c1c (preset 0x27bb),0.00025,no,"another wall pokes into the space between them, so a tighter pair covers this gap",wall of tile 01D649 (room 0x2c)
wall of tile 062C49 (room 0x3c),glass 0x1d7d44 (preset 0x27c8),0.0026,no,the line between them touches another wall,glass 0x1d7d44 (preset 0x27c8)
wall of tile 062C49 (room 0x3c),glass 0x1d7d44 (preset 0x27c8),0.0026,no,the line between them touches another wall,glass 0x1d7d44 (preset 0x27c8)
wall of tile 062C49 (room 0x3c),glass 0x1d7d44 (preset 0x27c8),0.000079,no,"another wall pokes into the space between them, so a tighter pair covers this gap",wall of tile 01AA49 (room 0x21)
wall of tile 05D948 (room 0x30),wall of tile 05DA4A (room 0x30),41.856,no,the line between them touches another wall,wall of tile 05D64A (room 0x30)
wall of tile 05D64A (room 0x30),wall of tile 05DC4A (room 0x30),43.039,no,the line between them touches another wall,wall of tile 05DA4A (room 0x30)
wall of tile 05DA4A (room 0x30),wall of tile 05DE4A (room 0x30),43.365,no,the line between them touches another wall,wall of tile 05DC4A (room 0x30)
wall of tile 05DC4A (room 0x30),wall of tile 05E04A (room 0x30),42.617,no,the line between them touches another wall,wall of tile 05DE4A (room 0x30)
wall of tile 05DE4A (room 0x30),wall of tile 05E24A (room 0x30),42.617,no,the line between them touches another wall,wall of tile 05E04A (room 0x30)
wall of tile 05E04A (room 0x30),wall of tile 05E44A (room 0x30),43.365,no,the line between them touches another wall,wall of tile 05E24A (room 0x30)
wall of tile 05E24A (room 0x30),wall of tile 05E64A (room 0x30),42.143,no,the line between them touches another wall,wall of tile 05E44A (room 0x30)
wall of tile 05E44A (room 0x30),wall of tile 05E84A (room 0x30),43.780,no,the line between them touches another wall,wall of tile 05E64A (room 0x30)
wall of tile 05E64A (room 0x30),wall of tile 05EA4A (room 0x30),42.523,no,the line between them touches another wall,wall of tile 05E84A (room 0x30)
wall of tile 05E849 (room 0x30),wall of tile 01304A (room 0x2b),54.271,no,the line between them touches another wall,wall of tile 05EA49 (room 0x30)
wall of tile 05E849 (room 0x30),glass 0x1d7fb4 (preset 0x27c4),54.123,no,the far wall faces the other way (it belongs to floor which isn't linked here),
wall of tile 05E849 (room 0x30),glass 0x1d7fb4 (preset 0x27c4),54.271,no,the far wall faces the other way (it belongs to floor which isn't linked here),
wall of tile 05E849 (room 0x30),glass 0x1d7fb4 (preset 0x27c4),54.123,no,the far wall faces the other way (it belongs to floor which isn't linked here),
wall of tile 05E849 (room 0x30),glass 0x1d857c (preset 0x27d1),54.123,no,the far wall faces the other way (it belongs to floor which isn't linked here),
wall of tile 05E849 (room 0x30),glass 0x1d857c (preset 0x27d1),54.271,no,"the line between them leaves the walkable area (a wall's thickness, or another floor)",
wall of tile 05E849 (room 0x30),glass 0x1d857c (preset 0x27d1),54.123,no,the far wall faces the other way (it belongs to floor which isn't linked here),
wall of tile 05E84A (room 0x30),wall of tile 014248 (room 0x2b),54.123,no,the line between them touches another wall,wall of tile 05EA4A (room 0x30)
wall of tile 05E84A (room 0x30),glass 0x1d7fb4 (preset 0x27c4),54.123,no,"the line between them leaves the walkable area (a wall's thickness, or another floor)",
wall of tile 05E84A (room 0x30),glass 0x1d7fb4 (preset 0x27c4),54.123,no,"the line between them leaves the walkable area (a wall's thickness, or another floor)",
wall of tile 05E84A (room 0x30),glass 0x1d857c (preset 0x27d1),54.123,no,"the line between them leaves the walkable area (a wall's thickness, or another floor)",
wall of tile 05E84A (room 0x30),glass 0x1d857c (preset 0x27d1),54.123,no,"the line between them leaves the walkable area (a wall's thickness, or another floor)",
wall of tile 05EA49 (room 0x30),glass 0x1d7fb4 (preset 0x27c4),0.00037,no,the far wall faces the other way (it belongs to floor which isn't linked here),
wall of tile 05EA49 (room 0x30),glass 0x1d7fb4 (preset 0x27c4),0.00013,no,the far wall faces the other way (it belongs to floor which isn't linked here),
wall of tile 05EA49 (room 0x30),glass 0x1d7fb4 (preset 0x27c4),0.00013,no,the far wall faces the other way (it belongs to floor which isn't linked here),
wall of tile 05EA49 (room 0x30),glass 0x1d857c (preset 0x27d1),0.00037,no,the far wall faces the other way (it belongs to floor which isn't linked here),
wall of tile 05EA49 (room 0x30),glass 0x1d857c (preset 0x27d1),0.00015,no,the far wall faces the other way (it belongs to floor which isn't linked here),
wall of tile 05EA49 (room 0x30),glass 0x1d857c (preset 0x27d1),0.00012,no,the far wall faces the other way (it belongs to floor which isn't linked here),
wall of tile 05EA4A (room 0x30),glass 0x1d7fb4 (preset 0x27c4),0.00023,no,the far wall faces the other way (it belongs to floor which isn't linked here),
wall of tile 05EA4A (room 0x30),glass 0x1d857c (preset 0x27d1),0.00023,no,the far wall faces the other way (it belongs to floor which isn't linked here),
wall of tile 014248 (room 0x2b),glass 0x1d7fb4 (preset 0x27c4),0.00016,no,"the line between them leaves the walkable area (a wall's thickness, or another floor)",
wall of tile 014248 (room 0x2b),glass 0x1d7fb4 (preset 0x27c4),0.000017,no,the far wall faces the other way (it belongs to floor which isn't linked here),
wall of tile 014248 (room 0x2b),glass 0x1d857c (preset 0x27d1),0.00012,no,"the line between them leaves the walkable area (a wall's thickness, or another floor)",
wall of tile 014248 (room 0x2b),glass 0x1d857c (preset 0x27d1),0.000017,no,the far wall faces the other way (it belongs to floor which isn't linked here),
wall of tile 05594A (room 0x2b),glass 0x1d7d44 (preset 0x27c8),1.066,no,the far wall faces the other way (it belongs to floor which isn't linked here),
wall of tile 05594A (room 0x2b),glass 0x1d7d44 (preset 0x27c8),1.064,no,the far wall faces the other way (it belongs to floor which isn't linked here),
wall of tile 05594A (room 0x2b),glass 0x1d7d44 (preset 0x27c8),1.064,no,the far wall faces the other way (it belongs to floor which isn't linked here),
wall of tile 05594A (room 0x2b),glass 0x1d7fb4 (preset 0x27c4),0.00012,no,"the line between them leaves the walkable area (a wall's thickness, or another floor)",
wall of tile 05594A (room 0x2b),glass 0x1d7fb4 (preset 0x27c4),0.00012,no,"the line between them leaves the walkable area (a wall's thickness, or another floor)",
wall of tile 05594A (room 0x2b),glass 0x1d7fb4 (preset 0x27c4),0.00037,no,"the line between them leaves the walkable area (a wall's thickness, or another floor)",
wall of tile 05594A (room 0x2b),glass 0x1d84e8 (preset 0x27d0),0.00037,no,the far wall faces the other way (it belongs to floor which isn't linked here),
wall of tile 05594A (room 0x2b),glass 0x1d84e8 (preset 0x27d0),0.00012,no,the far wall faces the other way (it belongs to floor which isn't linked here),
wall of tile 05594A (room 0x2b),glass 0x1d84e8 (preset 0x27d0),0.00012,no,the far wall faces the other way (it belongs to floor which isn't linked here),
wall of tile 05594A (room 0x2b),glass 0x1d857c (preset 0x27d1),0.00013,no,"the line between them leaves the walkable area (a wall's thickness, or another floor)",
wall of tile 05594A (room 0x2b),glass 0x1d857c (preset 0x27d1),0.00013,no,"the line between them leaves the walkable area (a wall's thickness, or another floor)",
wall of tile 05594A (room 0x2b),glass 0x1d857c (preset 0x27d1),0.00037,no,"the line between them leaves the walkable area (a wall's thickness, or another floor)",
wall of tile 01484A (room 0x45),wall of tile 013A49 (room 0x1e),22.050,no,"the line between them leaves the walkable area (a wall's thickness, or another floor)",
wall of tile 01484A (room 0x45),wall of tile 013B4A (room 0x1e),22.050,no,"the line between them leaves the walkable area (a wall's thickness, or another floor)",
wall of tile 01484A (room 0x45),glass 0x1d7c1c (preset 0x27bb),22.050,no,"the line between them leaves the walkable area (a wall's thickness, or another floor)",
wall of tile 01484A (room 0x45),glass 0x1d7c1c (preset 0x27bb),22.050,no,"the line between them leaves the walkable area (a wall's thickness, or another floor)",
wall of tile 01484A (room 0x45),glass 0x1d7c1c (preset 0x27bb),22.050,no,"the line between them leaves the walkable area (a wall's thickness, or another floor)",
wall of tile 01484A (room 0x45),glass 0x1d7d44 (preset 0x27c8),0.0026,no,the far wall faces the other way (it belongs to floor which isn't linked here),
wall of tile 01484A (room 0x45),glass 0x1d7d44 (preset 0x27c8),0.0026,no,the far wall faces the other way (it belongs to floor which isn't linked here),
wall of tile 01484A (room 0x45),glass 0x1d7d44 (preset 0x27c8),1.064,no,the far wall faces the other way (it belongs to floor which isn't linked here),
wall of tile 01484A (room 0x45),glass 0x1d7d44 (preset 0x27c8),0.000079,no,the far wall faces the other way (it belongs to floor which isn't linked here),
wall of tile 01484A (room 0x45),glass 0x1d84e8 (preset 0x27d0),0.00037,no,the far wall faces the other way (it belongs to floor which isn't linked here),
wall of tile 01484A (room 0x45),glass 0x1d84e8 (preset 0x27d0),0.00015,no,the far wall faces the other way (it belongs to floor which isn't linked here),
wall of tile 01484A (room 0x45),glass 0x1d84e8 (preset 0x27d0),0.00012,no,the far wall faces the other way (it belongs to floor which isn't linked here),
wall of tile 014A4A (room 0x45),wall of tile 013A49 (room 0x1e),22.050,no,"the line between them leaves the walkable area (a wall's thickness, or another floor)",
wall of tile 014A4A (room 0x45),wall of tile 013B4A (room 0x1e),22.050,no,"the line between them leaves the walkable area (a wall's thickness, or another floor)",
wall of tile 014A4A (room 0x45),generic 0x1d3a78 (preset 0x271e),50.294,no,the far wall faces the other way (it belongs to floor which isn't linked here),
wall of tile 014A4A (room 0x45),generic 0x1d3a78 (preset 0x271e),50.294,no,the far wall faces the other way (it belongs to floor which isn't linked here),
wall of tile 014A4A (room 0x45),generic 0x1d3a78 (preset 0x271e),50.308,no,the far wall faces the other way (it belongs to floor which isn't linked here),
wall of tile 014A4A (room 0x45),glass 0x1d7c1c (preset 0x27bb),22.050,no,"the line between them leaves the walkable area (a wall's thickness, or another floor)",
wall of tile 014A4A (room 0x45),glass 0x1d7c1c (preset 0x27bb),22.050,no,"the line between them leaves the walkable area (a wall's thickness, or another floor)",
wall of tile 014A4A (room 0x45),glass 0x1d7c1c (preset 0x27bb),22.050,no,"the line between them leaves the walkable area (a wall's thickness, or another floor)",
wall of tile 014A4A (room 0x45),glass 0x1d7d44 (preset 0x27c8),0.0016,no,the far wall faces the other way (it belongs to floor which isn't linked here),
wall of tile 014A4A (room 0x45),glass 0x1d8170 (preset 0x27c1),22.050,no,the far wall faces the other way (it belongs to floor which isn't linked here),
wall of tile 014A4A (room 0x45),glass 0x1d8170 (preset 0x27c1),22.050,no,the far wall faces the other way (it belongs to floor which isn't linked here),
wall of tile 014A4A (room 0x45),glass 0x1d8170 (preset 0x27c1),22.050,no,the far wall faces the other way (it belongs to floor which isn't linked here),
wall of tile 014F48 (room 0x45),door 0x1d89ec (preset 0x0093),36.082,no,"the line between them leaves the walkable area (a wall's thickness, or another floor)",
wall of tile 014F48 (room 0x45),door 0x1d89ec (preset 0x0093),36.082,no,"the line between them leaves the walkable area (a wall's thickness, or another floor)",
wall of tile 014F48 (room 0x45),door 0x1d89ec (preset 0x0093),52.118,no,"the line between them leaves the walkable area (a wall's thickness, or another floor)",
wall of tile 014F48 (room 0x45),door 0x1d89ec (preset 0x0093),36.082,no,"the line between them leaves the walkable area (a wall's thickness, or another floor)",
wall of tile 01514A (room 0x1e),generic 0x1d3a78 (preset 0x271e),42.167,no,the far wall faces the other way (it belongs to floor which isn't linked here),
wall of tile 01514A (room 0x1e),generic 0x1d3a78 (preset 0x271e),42.167,no,the far wall faces the other way (it belongs to floor which isn't linked here),
wall of tile 01514A (room 0x1e),generic 0x1d3a78 (preset 0x271e),42.170,no,the far wall faces the other way (it belongs to floor which isn't linked here),
wall of tile 01514A (room 0x1e),glass 0x1d8170 (preset 0x27c1),0.000068,no,the far wall faces the other way (it belongs to floor which isn't linked here),
wall of tile 01514A (room 0x1e),glass 0x1d8170 (preset 0x27c1),0.000068,no,the far wall faces the other way (it belongs to floor which isn't linked here),
wall of tile 01514A (room 0x1e),glass 0x1d8170 (preset 0x27c1),0.00019,no,the far wall faces the other way (it belongs to floor which isn't linked here),
wall of tile 014B48 (room 0x45),door 0x1d946c (preset 0x0092),18.014,no,"the line between them leaves the walkable area (a wall's thickness, or another floor)",
wall of tile 014B48 (room 0x45),door 0x1d946c (preset 0x0092),0.000022,no,"the line between them leaves the walkable area (a wall's thickness, or another floor)",
wall of tile 014B48 (room 0x45),door 0x1d946c (preset 0x0092),10.050,no,"the line between them leaves the walkable area (a wall's thickness, or another floor)",
wall of tile 014B48 (room 0x45),door 0x1d946c (preset 0x0092),18.014,no,the far wall faces the other way (it belongs to floor which isn't linked here),
wall of tile 014B48 (room 0x45),wall of tile 013848 (room 0x1e),32.073,no,"the line between them leaves the walkable area (a wall's thickness, or another floor)",
wall of tile 014B48 (room 0x45),wall of tile 013848 (room 0x1e),32.073,no,"the line between them leaves the walkable area (a wall's thickness, or another floor)",
wall of tile 014B48 (room 0x45),wall of tile 013949 (room 0x1e),52.118,no,"the line between them leaves the walkable area (a wall's thickness, or another floor)",
wall of tile 014B48 (room 0x45),door 0x1d946c (preset 0x0092),0.000061,no,"the line between them leaves the walkable area (a wall's thickness, or another floor)",
wall of tile 014B48 (room 0x45),door 0x1d946c (preset 0x0092),0.000022,no,"the line between them leaves the walkable area (a wall's thickness, or another floor)",
wall of tile 014B48 (room 0x45),door 0x1d946c (preset 0x0092),10.050,no,"the line between them leaves the walkable area (a wall's thickness, or another floor)",
wall of tile 015449 (room 0x45),wall of tile 014D49 (room 0x45),42.095,no,"the line between them leaves the walkable area (a wall's thickness, or another floor)",
wall of tile 015449 (room 0x45),wall of tile 014C48 (room 0x45),20.045,no,"the line between them leaves the walkable area (a wall's thickness, or another floor)",
wall of tile 015449 (room 0x45),wall of tile 014C48 (room 0x45),20.045,no,"the line between them leaves the walkable area (a wall's thickness, or another floor)",
wall of tile 015449 (room 0x45),door 0x1d946c (preset 0x0092),10.050,no,"the line between them leaves the walkable area (a wall's thickness, or another floor)",
wall of tile 015449 (room 0x45),door 0x1d946c (preset 0x0092),10.049,no,"the line between them leaves the walkable area (a wall's thickness, or another floor)",
wall of tile 015449 (room 0x45),door 0x1d946c (preset 0x0092),0.00012,no,the far wall faces the other way (it belongs to floor which isn't linked here),
wall of tile 015449 (room 0x45),door 0x1d946c (preset 0x0092),0.00012,no,the far wall faces the other way (it belongs to floor which isn't linked here),
wall of tile 015449 (room 0x45),door 0x1d946c (preset 0x0092),10.050,no,"the line between them leaves the walkable area (a wall's thickness, or another floor)",
wall of tile 015449 (room 0x45),door 0x1d946c (preset 0x0092),10.049,no,"the line between them leaves the walkable area (a wall's thickness, or another floor)",
wall of tile 015449 (room 0x45),door 0x1d946c (preset 0x0092),18.014,no,the far wall faces the other way (it belongs to floor which isn't linked here),
wall of tile 015348 (room 0x45),wall of tile 014D49 (room 0x45),31.183,no,"another wall pokes into the space between them, so a tighter pair covers this gap",wall of tile 014C48 (room 0x45)
wall of tile 015348 (room 0x45),wall of tile 014C48 (room 0x45),22.050,no,the line between them touches another wall,wall of tile 014C48 (room 0x45)
wall of tile 014D49 (room 0x45),wall of tile 014C48 (room 0x45),22.050,no,the line between them touches another wall,wall of tile 014C48 (room 0x45)
wall of tile 013A49 (room 0x1e),generic 0x1d3a78 (preset 0x271e),42.167,no,the far wall faces the other way (it belongs to floor which isn't linked here),
wall of tile 013A49 (room 0x1e),generic 0x1d3a78 (preset 0x271e),42.167,no,the far wall faces the other way (it belongs to floor which isn't linked here),
wall of tile 013A49 (room 0x1e),generic 0x1d3a78 (preset 0x271e),42.170,no,the far wall faces the other way (it belongs to floor which isn't linked here),
wall of tile 013A49 (room 0x1e),glass 0x1d7c1c (preset 0x27bb),0.000061,no,the far wall faces the other way (it belongs to floor which isn't linked here),
wall of tile 013A49 (room 0x1e),glass 0x1d7d44 (preset 0x27c8),21.824,no,"the line between them leaves the walkable area (a wall's thickness, or another floor)",
wall of tile 013A49 (room 0x1e),glass 0x1d7d44 (preset 0x27c8),22.052,no,"the line between them leaves the walkable area (a wall's thickness, or another floor)",
wall of tile 013A49 (room 0x1e),glass 0x1d7d44 (preset 0x27c8),21.824,no,"the line between them leaves the walkable area (a wall's thickness, or another floor)",
wall of tile 013A49 (room 0x1e),glass 0x1d8170 (preset 0x27c1),0.000068,no,the far wall faces the other way (it belongs to floor which isn't linked here),
wall of tile 013A49 (room 0x1e),glass 0x1d8170 (preset 0x27c1),0.000068,no,the far wall faces the other way (it belongs to floor which isn't linked here),
wall of tile 013A49 (room 0x1e),glass 0x1d8170 (preset 0x27c1),0.00019,no,the far wall faces the other way (it belongs to floor which isn't linked here),
wall of tile 013848 (room 0x1e),door 0x1d946c (preset 0x0092),56.185,no,"the line between them leaves the walkable area (a wall's thickness, or another floor)",
wall of tile 013848 (room 0x1e),door 0x1d946c (preset 0x0092),56.185,no,"the line between them leaves the walkable area (a wall's thickness, or another floor)",
wall of tile 013848 (room 0x1e),door 0x1d946c (preset 0x0092),56.185,no,"the line between them leaves the walkable area (a wall's thickness, or another floor)",
wall of tile 013848 (room 0x1e),wall of tile 013949 (room 0x1e),20.045,no,the line between them touches another wall,wall of tile 013848 (room 0x1e)
wall of tile 013848 (room 0x1e),door 0x1d946c (preset 0x0092),56.185,no,"the line between them leaves the walkable area (a wall's thickness, or another floor)",
wall of tile 013848 (room 0x1e),door 0x1d946c (preset 0x0092),56.185,no,"the line between them leaves the walkable area (a wall's thickness, or another floor)",
wall of tile 013848 (room 0x1e),door 0x1d946c (preset 0x0092),56.185,no,"the line between them leaves the walkable area (a wall's thickness, or another floor)",
wall of tile 013B4A (room 0x1e),wall of tile 013D4A (room 0x1e),22.050,no,"the line between them leaves the walkable area (a wall's thickness, or another floor)",
wall of tile 013B4A (room 0x1e),wall of tile 013D49 (room 0x1e),22.050,no,"the line between them leaves the walkable area (a wall's thickness, or another floor)",
wall of tile 013B4A (room 0x1e),glass 0x1d7b88 (preset 0x27ca),22.050,no,"the line between them leaves the walkable area (a wall's thickness, or another floor)",
wall of tile 013B4A (room 0x1e),glass 0x1d7b88 (preset 0x27ca),22.050,no,"the line between them leaves the walkable area (a wall's thickness, or another floor)",
wall of tile 013B4A (room 0x1e),glass 0x1d7b88 (preset 0x27ca),22.050,no,"the line between them leaves the walkable area (a wall's thickness, or another floor)",
wall of tile 013B4A (room 0x1e),glass 0x1d7c1c (preset 0x27bb),0.000031,no,"the line between them leaves the walkable area (a wall's thickness, or another floor)",
wall of tile 013B4A (room 0x1e),glass 0x1d7c1c (preset 0x27bb),0.000000000031,no,"the line between them leaves the walkable area (a wall's thickness, or another floor)",
wall of tile 013B4A (room 0x1e),glass 0x1d7c1c (preset 0x27bb),0.00024,no,the far wall faces the other way (it belongs to floor which isn't linked here),
wall of tile 013B4A (room 0x1e),glass 0x1d7d44 (preset 0x27c8),21.825,no,"the line between them leaves the walkable area (a wall's thickness, or another floor)",
wall of tile 013B4A (room 0x1e),glass 0x1d7d44 (preset 0x27c8),22.052,no,"the line between them leaves the walkable area (a wall's thickness, or another floor)",
wall of tile 013B4A (room 0x1e),glass 0x1d7d44 (preset 0x27c8),21.825,no,"the line between them leaves the walkable area (a wall's thickness, or another floor)",
wall of tile 013B49 (room 0x1e),wall of tile 013D4A (room 0x1e),22.050,no,"the line between them leaves the walkable area (a wall's thickness, or another floor)",
wall of tile 013B49 (room 0x1e),wall of tile 013D49 (room 0x1e),22.050,no,"the line between them leaves the walkable area (a wall's thickness, or another floor)",
wall of tile 013B49 (room 0x1e),glass 0x1d7b88 (preset 0x27ca),22.050,no,"the line between them leaves the walkable area (a wall's thickness, or another floor)",
wall of tile 013B49 (room 0x1e),glass 0x1d7b88 (preset 0x27ca),22.050,no,"the line between them leaves the walkable area (a wall's thickness, or another floor)",
wall of tile 013B49 (room 0x1e),glass 0x1d7b88 (preset 0x27ca),22.050,no,"the line between them leaves the walkable area (a wall's thickness, or another floor)",
wall of tile 013B49 (room 0x1e),glass 0x1d7c1c (preset 0x27bb),0.000031,no,"the line between them leaves the walkable area (a wall's thickness, or another floor)",
wall of tile 013B49 (room 0x1e),glass 0x1d7c1c (preset 0x27bb),0.00024,no,"the line between them leaves the walkable area (a wall's thickness, or another floor)",
wall of tile 013949 (room 0x1e),wall of tile 013748 (room 0x1e),52.118,no,the line between them touches another wall,wall of tile 013748 (room 0x1e)
wall of tile 01304A (room 0x2b),glass 0x1d7f20 (preset 0x27c3),0.00012,no,"the line between them leaves the walkable area (a wall's thickness, or another floor)",
wall of tile 01304A (room 0x2b),glass 0x1d7f20 (preset 0x27c3),0.00012,no,"the line between them leaves the walkable area (a wall's thickness, or another floor)",
wall of tile 01304A (room 0x2b),glass 0x1d7f20 (preset 0x27c3),0.00037,no,"the line between them leaves the walkable area (a wall's thickness, or another floor)",
wall of tile 01304A (room 0x2b),glass 0x1d7fb4 (preset 0x27c4),0.00037,no,the far wall faces the other way (it belongs to floor which isn't linked here),
wall of tile 01304A (room 0x2b),glass 0x1d7fb4 (preset 0x27c4),0.00013,no,the far wall faces the other way (it belongs to floor which isn't linked here),
wall of tile 01304A (room 0x2b),glass 0x1d7fb4 (preset 0x27c4),0.00013,no,the far wall faces the other way (it belongs to floor which isn't linked here),
wall of tile 01304A (room 0x2b),glass 0x1d8048 (preset 0x27bf),0.000061,no,the line between them touches another wall,wall of tile 013348 (room 0x2a)
wall of tile 01304A (room 0x2b),glass 0x1d8048 (preset 0x27bf),0.000061,no,the line between them touches another wall,wall of tile 013348 (room 0x2a)
wall of tile 01304A (room 0x2b),glass 0x1d8048 (preset 0x27bf),0.00025,no,"the line between them leaves the walkable area (a wall's thickness, or another floor)",
wall of tile 01304A (room 0x2b),glass 0x1d8454 (preset 0x27cf),0.00024,no,the far wall faces the other way (it belongs to floor which isn't linked here),
wall of tile 01304A (room 0x2b),glass 0x1d8454 (preset 0x27cf),0.00024,no,the far wall faces the other way (it belongs to floor which isn't linked here),
wall of tile 01304A (room 0x2b),glass 0x1d8454 (preset 0x27cf),0.00049,no,the far wall faces the other way (it belongs to floor which isn't linked here),
wall of tile 01304A (room 0x2b),glass 0x1d857c (preset 0x27d1),0.00037,no,the far wall faces the other way (it belongs to floor which isn't linked here),
wall of tile 01304A (room 0x2b),glass 0x1d857c (preset 0x27d1),0.00012,no,the far wall faces the other way (it belongs to floor which isn't linked here),
wall of tile 01304A (room 0x2b),glass 0x1d857c (preset 0x27d1),0.00012,no,the far wall faces the other way (it belongs to floor which isn't linked here),
wall of tile 013049 (room 0x2b),generic 0x1d4248 (preset 0x2718),14.032,no,"another wall pokes into the space between them, so a tighter pair covers this gap",wall of tile 013648 (room 0x2a)
wall of tile 013049 (room 0x2b),generic 0x1d4248 (preset 0x2718),14.037,no,"the line between them leaves the walkable area (a wall's thickness, or another floor)",
wall of tile 013648 (room 0x2a),generic 0x1d4248 (preset 0x2718),0.056,no,"another wall pokes into the space between them, so a tighter pair covers this gap",generic 0x1d4248 (preset 0x2718)
wall of tile 013648 (room 0x2a),generic 0x1d4248 (preset 0x2718),0.059,no,the line between them touches another wall,generic 0x1d4248 (preset 0x2718)
wall of tile 013148 (room 0x2a),generic 0x1d4248 (preset 0x2718),45.457,no,"another wall pokes into the space between them, so a tighter pair covers this gap",wall of tile 013648 (room 0x2a)
wall of tile 013148 (room 0x2a),generic 0x1d4248 (preset 0x2718),45.457,no,"another wall pokes into the space between them, so a tighter pair covers this gap",wall of tile 013648 (room 0x2a)
wall of tile 013148 (room 0x2a),generic 0x1d4248 (preset 0x2718),45.457,no,"another wall pokes into the space between them, so a tighter pair covers this gap",wall of tile 013648 (room 0x2a)
wall of tile 013348 (room 0x2a),glass 0x1d7f20 (preset 0x27c3),0.00014,no,"the line between them leaves the walkable area (a wall's thickness, or another floor)",
wall of tile 013348 (room 0x2a),glass 0x1d7f20 (preset 0x27c3),0.00012,no,the line between them touches another wall,wall of tile 013448 (room 0x2a)
wall of tile 013348 (room 0x2a),glass 0x1d8048 (preset 0x27bf),0.00027,no,"the line between them leaves the walkable area (a wall's thickness, or another floor)",
wall of tile 013348 (room 0x2a),glass 0x1d8454 (preset 0x27cf),0.00025,no,the far wall faces the other way (it belongs to floor which isn't linked here),
wall of tile 013448 (room 0x2a),glass 0x1d8048 (preset 0x27bf),0.00012,no,"the line between them leaves the walkable area (a wall's thickness, or another floor)",
wall of tile 013448 (room 0x2a),glass 0x1d8454 (preset 0x27cf),0.00024,no,"the line between them leaves the walkable area (a wall's thickness, or another floor)",
wall of tile 013448 (room 0x2a),generic 0x1d3b08 (preset 0x2721),0.00085,no,"another wall pokes into the space between them, so a tighter pair covers this gap",generic 0x1d3b08 (preset 0x2721)
wall of tile 013448 (room 0x2a),generic 0x1d3b08 (preset 0x2721),0.025,no,the line between them touches another wall,generic 0x1d3b08 (preset 0x2721)
wall of tile 013448 (room 0x2a),generic 0x1d3b08 (preset 0x2721),54.123,no,"another wall pokes into the space between them, so a tighter pair covers this gap",wall of tile 013448 (room 0x2a)
wall of tile 013448 (room 0x2a),generic 0x1d3b08 (preset 0x2721),54.125,no,"the line between them leaves the walkable area (a wall's thickness, or another floor)",
wall of tile 01354A (room 0x2a),generic 0x1d3b08 (preset 0x2721),3.649,no,"another wall pokes into the space between them, so a tighter pair covers this gap",wall of tile 013448 (room 0x2a)
wall of tile 01354A (room 0x2a),generic 0x1d3b08 (preset 0x2721),3.650,no,"another wall pokes into the space between them, so a tighter pair covers this gap",wall of tile 013448 (room 0x2a)
wall of tile 01354A (room 0x2a),generic 0x1d3b08 (preset 0x2721),3.649,no,"another wall pokes into the space between them, so a tighter pair covers this gap",wall of tile 013448 (room 0x2a)
wall of tile 01E848 (room 0x24),wall of tile 01E748 (room 0x24),54.123,no,the line between them touches another wall,wall of tile 01E748 (room 0x24)
wall of tile 013D4A (room 0x1e),glass 0x1d7b88 (preset 0x27ca),0.000061,no,the far wall faces the other way (it belongs to floor which isn't linked here),
wall of tile 013D4A (room 0x1e),glass 0x1d7b88 (preset 0x27ca),0.000061,no,the far wall faces the other way (it belongs to floor which isn't linked here),
wall of tile 013D4A (room 0x1e),glass 0x1d7b88 (preset 0x27ca),0.000061,no,the far wall faces the other way (it belongs to floor which isn't linked here),
wall of tile 013D4A (room 0x1e),glass 0x1d7c1c (preset 0x27bb),22.050,no,"the line between them leaves the walkable area (a wall's thickness, or another floor)",
wall of tile 013D4A (room 0x1e),glass 0x1d7c1c (preset 0x27bb),22.050,no,"the line between them leaves the walkable area (a wall's thickness, or another floor)",
wall of tile 013D4A (room 0x1e),glass 0x1d7c1c (preset 0x27bb),22.050,no,"the line between them leaves the walkable area (a wall's thickness, or another floor)",
wall of tile 013D49 (room 0x1e),wall of tile 012B49 (room 0x20),22.050,no,"the line between them leaves the walkable area (a wall's thickness, or another floor)",
wall of tile 013D49 (room 0x1e),glass 0x1d7af4 (preset 0x27bd),22.050,no,"the line between them leaves the walkable area (a wall's thickness, or another floor)",
wall of tile 013D49 (room 0x1e),glass 0x1d7af4 (preset 0x27bd),22.050,no,"the line between them leaves the walkable area (a wall's thickness, or another floor)",
wall of tile 013D49 (room 0x1e),glass 0x1d7af4 (preset 0x27bd),22.050,no,"the line between them leaves the walkable area (a wall's thickness, or another floor)",
wall of tile 013D49 (room 0x1e),glass 0x1d7b88 (preset 0x27ca),0.000092,no,"the line between them leaves the walkable area (a wall's thickness, or another floor)",
wall of tile 013D49 (room 0x1e),glass 0x1d7b88 (preset 0x27ca),0.00011,no,"the line between them leaves the walkable area (a wall's thickness, or another floor)",
wall of tile 013D49 (room 0x1e),wall of tile 012B49 (room 0x20),22.050,no,"the line between them leaves the walkable area (a wall's thickness, or another floor)",
wall of tile 013D49 (room 0x1e),glass 0x1d7af4 (preset 0x27bd),22.050,no,"the line between them leaves the walkable area (a wall's thickness, or another floor)",
wall of tile 013D49 (room 0x1e),glass 0x1d7af4 (preset 0x27bd),22.050,no,"the line between them leaves the walkable area (a wall's thickness, or another floor)",
wall of tile 013D49 (room 0x1e),glass 0x1d7af4 (preset 0x27bd),22.050,no,"the line between them leaves the walkable area (a wall's thickness, or another floor)",
wall of tile 013D49 (room 0x1e),glass 0x1d7b88 (preset 0x27ca),0.000092,no,"the line between them leaves the walkable area (a wall's thickness, or another floor)",
wall of tile 013D49 (room 0x1e),glass 0x1d7b88 (preset 0x27ca),0.000046,no,"the line between them leaves the walkable area (a wall's thickness, or another floor)",
wall of tile 013D49 (room 0x1e),glass 0x1d7b88 (preset 0x27ca),0.000015,no,the far wall faces the other way (it belongs to floor which isn't linked here),
wall of tile 013D49 (room 0x1e),glass 0x1d7c1c (preset 0x27bb),22.050,no,"the line between them leaves the walkable area (a wall's thickness, or another floor)",
wall of tile 013D49 (room 0x1e),glass 0x1d7c1c (preset 0x27bb),22.050,no,"the line between them leaves the walkable area (a wall's thickness, or another floor)",
wall of tile 013D49 (room 0x1e),glass 0x1d7c1c (preset 0x27bb),22.050,no,"the line between them leaves the walkable area (a wall's thickness, or another floor)",
wall of tile 012B49 (room 0x20),generic 0x1d3e48 (preset 0x2710),48.166,no,the far wall faces the other way (it belongs to floor which isn't linked here),
wall of tile 012B49 (room 0x20),generic 0x1d3e48 (preset 0x2710),48.169,no,the far wall faces the other way (it belongs to floor which isn't linked here),
wall of tile 012B49 (room 0x20),generic 0x1d3e48 (preset 0x2710),46.649,no,the far wall faces the other way (it belongs to floor which isn't linked here),
wall of tile 012B49 (room 0x20),generic 0x1d3e48 (preset 0x2710),46.649,no,the far wall faces the other way (it belongs to floor which isn't linked here),
wall of tile 012B49 (room 0x20),glass 0x1d79cc (preset 0x27be),1.002,no,"the line between them leaves the walkable area (a wall's thickness, or another floor)",
wall of tile 012B49 (room 0x20),glass 0x1d79cc (preset 0x27be),0.00013,no,"the line between them leaves the walkable area (a wall's thickness, or another floor)",
wall of tile 012B49 (room 0x20),glass 0x1d7a60 (preset 0x27ba),0.000047,no,"the line between them leaves the walkable area (a wall's thickness, or another floor)",
wall of tile 012B49 (room 0x20),glass 0x1d7a60 (preset 0x27ba),0.000015,no,the far wall faces the other way (it belongs to floor which isn't linked here),
wall of tile 012B49 (room 0x20),glass 0x1d7a60 (preset 0x27ba),0.00020,no,the far wall faces the other way (it belongs to floor which isn't linked here),
wall of tile 012B49 (room 0x20),glass 0x1d7af4 (preset 0x27bd),0.00013,no,"the line between them leaves the walkable area (a wall's thickness, or another floor)",
wall of tile 012B49 (room 0x20),glass 0x1d7af4 (preset 0x27bd),0.000015,no,"the line between them leaves the walkable area (a wall's thickness, or another floor)",
wall of tile 012B49 (room 0x20),glass 0x1d7a60 (preset 0x27ba),0.00029,no,the far wall faces the other way (it belongs to floor which isn't linked here),
wall of tile 012B49 (room 0x20),glass 0x1d7a60 (preset 0x27ba),0.00017,no,the far wall faces the other way (it belongs to floor which isn't linked here),
wall of tile 012B49 (room 0x20),glass 0x1d7a60 (preset 0x27ba),0.00017,no,the far wall faces the other way (it belongs to floor which isn't linked here),
wall of tile 012B49 (room 0x20),glass 0x1d7af4 (preset 0x27bd),0.000032,no,the far wall faces the other way (it belongs to floor which isn't linked here),
wall of tile 012B49 (room 0x20),glass 0x1d7af4 (preset 0x27bd),0.000022,no,"the line between them leaves the walkable area (a wall's thickness, or another floor)",
wall of tile 012B49 (room 0x20),glass 0x1d7af4 (preset 0x27bd),0.000056,no,"the line between them leaves the walkable area (a wall's thickness, or another floor)",
wall of tile 012B49 (room 0x20),glass 0x1d7b88 (preset 0x27ca),22.050,no,"the line between them leaves the walkable area (a wall's thickness, or another floor)",
wall of tile 012B49 (room 0x20),glass 0x1d7b88 (preset 0x27ca),22.050,no,"the line between them leaves the walkable area (a wall's thickness, or another floor)",
wall of tile 012B49 (room 0x20),glass 0x1d7b88 (preset 0x27ca),22.050,no,"the line between them leaves the walkable area (a wall's thickness, or another floor)",
wall of tile 016349 (room 0x1f),glass 0x1d78a4 (preset 0x27bc),22.050,no,"the line between them leaves the walkable area (a wall's thickness, or another floor)",
wall of tile 016349 (room 0x1f),glass 0x1d78a4 (preset 0x27bc),22.050,no,"the line between them leaves the walkable area (a wall's thickness, or another floor)",
wall of tile 016349 (room 0x1f),glass 0x1d78a4 (preset 0x27bc),22.050,no,"the line between them leaves the walkable area (a wall's thickness, or another floor)",
wall of tile 016349 (room 0x1f),glass 0x1d7938 (preset 0x27c9),0.000061,no,"the line between them leaves the walkable area (a wall's thickness, or another floor)",
wall of tile 016349 (room 0x1f),glass 0x1d7938 (preset 0x27c9),0.00011,no,"the line between them leaves the walkable area (a wall's thickness, or another floor)",
wall of tile 016349 (room 0x1f),glass 0x1d78a4 (preset 0x27bc),22.050,no,"the line between them leaves the walkable area (a wall's thickness, or another floor)",
wall of tile 016349 (room 0x1f),glass 0x1d78a4 (preset 0x27bc),22.050,no,"the line between them leaves the walkable area (a wall's thickness, or another floor)",
wall of tile 016349 (room 0x1f),glass 0x1d78a4 (preset 0x27bc),22.050,no,"the line between them leaves the walkable area (a wall's thickness, or another floor)",
wall of tile 016349 (room 0x1f),glass 0x1d7938 (preset 0x27c9),0.000061,no,"the line between them leaves the walkable area (a wall's thickness, or another floor)",
wall of tile 016349 (room 0x1f),glass 0x1d7938 (preset 0x27c9),0.000046,no,"the line between them leaves the walkable area (a wall's thickness, or another floor)",
wall of tile 016349 (room 0x1f),glass 0x1d7938 (preset 0x27c9),0.000015,no,the far wall faces the other way (it belongs to floor which isn't linked here),
wall of tile 016349 (room 0x1f),glass 0x1d79cc (preset 0x27be),22.050,no,"the line between them leaves the walkable area (a wall's thickness, or another floor)",
wall of tile 016349 (room 0x1f),glass 0x1d79cc (preset 0x27be),22.050,no,"the line between them leaves the walkable area (a wall's thickness, or another floor)",
wall of tile 016349 (room 0x1f),glass 0x1d79cc (preset 0x27be),22.050,no,"the line between them leaves the walkable area (a wall's thickness, or another floor)",
wall of tile 015C48 (room 0x35),wall of tile 06564A (room 0x23),50.581,no,"the line between them leaves the walkable area (a wall's thickness, or another floor)",
wall of tile 015C48 (room 0x35),door 0x1d98ac (preset 0x009c),41.703,no,"the line between them leaves the walkable area (a wall's thickness, or another floor)",
wall of tile 015C48 (room 0x35),door 0x1d98ac (preset 0x009c),35.004,no,"the line between them leaves the walkable area (a wall's thickness, or another floor)",
wall of tile 015C48 (room 0x35),door 0x1d98ac (preset 0x009c),35.004,no,"the line between them leaves the walkable area (a wall's thickness, or another floor)",
wall of tile 01564A (room 0x35),glass 0x1d7de8 (preset 0x27c5),0.00024,no,the far wall faces the other way (it belongs to floor which isn't linked here),
wall of tile 01564A (room 0x35),glass 0x1d7de8 (preset 0x27c5),0.00024,no,the far wall faces the other way (it belongs to floor which isn't linked here),
wall of tile 01564A (room 0x35),glass 0x1d7de8 (preset 0x27c5),0.00049,no,the far wall faces the other way (it belongs to floor which isn't linked here),
wall of tile 01564A (room 0x35),glass 0x1d7e7c (preset 0x27c6),0.00037,no,the far wall faces the other way (it belongs to floor which isn't linked here),
wall of tile 01564A (room 0x35),glass 0x1d7e7c (preset 0x27c6),0.00013,no,the far wall faces the other way (it belongs to floor which isn't linked here),
wall of tile 01564A (room 0x35),glass 0x1d7e7c (preset 0x27c6),0.00013,no,the far wall faces the other way (it belongs to floor which isn't linked here),
wall of tile 01564A (room 0x35),glass 0x1d80dc (preset 0x27c0),0.000061,no,the line between them touches another wall,wall of tile 015948 (room 0x35)
wall of tile 01564A (room 0x35),glass 0x1d80dc (preset 0x27c0),0.000061,no,the line between them touches another wall,wall of tile 015948 (room 0x35)
wall of tile 01564A (room 0x35),glass 0x1d80dc (preset 0x27c0),0.00027,no,"the line between them leaves the walkable area (a wall's thickness, or another floor)",
wall of tile 01564A (room 0x35),glass 0x1d8298 (preset 0x27cc),0.00014,no,"the line between them leaves the walkable area (a wall's thickness, or another floor)",
wall of tile 01564A (room 0x35),glass 0x1d8298 (preset 0x27cc),0.00014,no,"the line between them leaves the walkable area (a wall's thickness, or another floor)",
wall of tile 01564A (room 0x35),glass 0x1d8298 (preset 0x27cc),0.00039,no,"the line between them leaves the walkable area (a wall's thickness, or another floor)",
wall of tile 01564A (room 0x35),glass 0x1d83c0 (preset 0x27ce),0.00037,no,the far wall faces the other way (it belongs to floor which isn't linked here),
wall of tile 01564A (room 0x35),glass 0x1d83c0 (preset 0x27ce),0.00013,no,the far wall faces the other way (it belongs to floor which isn't linked here),
wall of tile 01564A (room 0x35),glass 0x1d83c0 (preset 0x27ce),0.00013,no,the far wall faces the other way (it belongs to floor which isn't linked here),
wall of tile 015948 (room 0x35),generic 0x1d41c8 (preset 0x2717),30.606,yes,,
wall of tile 015948 (room 0x35),generic 0x1d41c8 (preset 0x2717),30.606,yes,,
wall of tile 015948 (room 0x35),generic 0x1d41c8 (preset 0x2717),32.133,no,"another wall pokes into the space between them, so a tighter pair covers this gap",generic 0x1d41c8 (preset 0x2717)
wall of tile 015948 (room 0x35),generic 0x1d41c8 (preset 0x2717),32.136,no,the line between them touches another wall,generic 0x1d41c8 (preset 0x2717)
wall of tile 015948 (room 0x35),glass 0x1d7de8 (preset 0x27c5),0.00025,no,the far wall faces the other way (it belongs to floor which isn't linked here),
wall of tile 015948 (room 0x35),glass 0x1d80dc (preset 0x27c0),0.00027,no,"the line between them leaves the walkable area (a wall's thickness, or another floor)",
wall of tile 015948 (room 0x35),glass 0x1d8298 (preset 0x27cc),0.00012,no,"the line between them leaves the walkable area (a wall's thickness, or another floor)",
wall of tile 015948 (room 0x35),glass 0x1d8298 (preset 0x27cc),0.00017,no,"the line between them leaves the walkable area (a wall's thickness, or another floor)",
wall of tile 015748 (room 0x35),wall of tile 06564A (room 0x23),50.581,no,"the line between them leaves the walkable area (a wall's thickness, or another floor)",
wall of tile 015748 (room 0x35),door 0x1d98ac (preset 0x009c),41.703,no,"the line between them leaves the walkable area (a wall's thickness, or another floor)",
wall of tile 015748 (room 0x35),door 0x1d98ac (preset 0x009c),35.004,no,"the line between them leaves the walkable area (a wall's thickness, or another floor)",
wall of tile 015748 (room 0x35),door 0x1d98ac (preset 0x009c),35.004,no,"the line between them leaves the walkable area (a wall's thickness, or another floor)",
wall of tile 015A48 (room 0x35),generic 0x1d39e8 (preset 0x271a),55.768,no,"another wall pokes into the space between them, so a tighter pair covers this gap",wall of tile 015A48 (room 0x35)
wall of tile 015A48 (room 0x35),generic 0x1d39e8 (preset 0x271a),55.768,no,"another wall pokes into the space between them, so a tighter pair covers this gap",wall of tile 015A48 (room 0x35)
wall of tile 015A48 (room 0x35),generic 0x1d39e8 (preset 0x271a),55.768,no,"another wall pokes into the space between them, so a tighter pair covers this gap",wall of tile 015A48 (room 0x35)
wall of tile 015A48 (room 0x35),generic 0x1d39e8 (preset 0x271a),0.00085,no,"another wall pokes into the space between them, so a tighter pair covers this gap",generic 0x1d39e8 (preset 0x271a)
wall of tile 015A48 (room 0x35),generic 0x1d39e8 (preset 0x271a),0.025,no,the line between them touches another wall,generic 0x1d39e8 (preset 0x271a)
wall of tile 015A48 (room 0x35),generic 0x1d39e8 (preset 0x271a),0.000029,no,the line between them touches another wall,generic 0x1d39e8 (preset 0x271a)
wall of tile 015A48 (room 0x35),generic 0x1d41c8 (preset 0x2717),43.381,yes,,
wall of tile 015A48 (room 0x35),generic 0x1d41c8 (preset 0x2717),43.381,yes,,
wall of tile 015A48 (room 0x35),generic 0x1d41c8 (preset 0x2717),43.381,yes,,
wall of tile 015A48 (room 0x35),glass 0x1d7de8 (preset 0x27c5),0.00024,no,"the line between them leaves the walkable area (a wall's thickness, or another floor)",
wall of tile 015B4A (room 0x35),generic 0x1d41c8 (preset 0x2717),43.771,no,"another wall pokes into the space between them, so a tighter pair covers this gap",wall of tile 015A48 (room 0x35)
wall of tile 015B49 (room 0x35),generic 0x1d39e8 (preset 0x271a),0.34,no,"the line between them leaves the walkable area (a wall's thickness, or another floor)",
wall of tile 06564A (room 0x23),door 0x1d98ac (preset 0x009c),16.021,no,the line between them touches another wall,door 0x1d98ac (preset 0x009c)
wall of tile 06564A (room 0x23),door 0x1d98ac (preset 0x009c),16.036,no,"the line between them leaves the walkable area (a wall's thickness, or another floor)",
wall of tile 086161 (room 0x54),wall of tile 086260 (room 0x54),14.616,no,"another wall pokes into the space between them, so a tighter pair covers this gap",wall of tile 086260 (room 0x54)
wall of tile 086161 (room 0x54),wall of tile 003568 (room 0x5b),51.341,no,"the line between them leaves the walkable area (a wall's thickness, or another floor)",
wall of tile 086161 (room 0x54),wall of tile 000868 (room 0x5b),51.341,no,"the line between them leaves the walkable area (a wall's thickness, or another floor)",
wall of tile 086260 (room 0x54),wall of tile 003568 (room 0x5b),15.951,no,"the line between them leaves the walkable area (a wall's thickness, or another floor)",
wall of tile 086260 (room 0x54),wall of tile 000868 (room 0x5b),15.951,no,"the line between them leaves the walkable area (a wall's thickness, or another floor)",
wall of tile 086260 (room 0x54),door 0x1d925c (preset 0x00a3),9.997,no,"the line between them leaves the walkable area (a wall's thickness, or another floor)",
wall of tile 086260 (room 0x54),door 0x1d925c (preset 0x00a3),1.065,no,the line between them touches another wall,door 0x1d925c (preset 0x00a3)
wall of tile 086260 (room 0x54),door 0x1d925c (preset 0x00a3),1.065,no,the line between them touches another wall,door 0x1d925c (preset 0x00a3)
wall of tile 086260 (room 0x54),wall of tile 003568 (room 0x5b),51.341,no,"the line between them leaves the walkable area (a wall's thickness, or another floor)",
wall of tile 086260 (room 0x54),wall of tile 000868 (room 0x5b),51.341,no,"the line between them leaves the walkable area (a wall's thickness, or another floor)",
wall of tile 003968 (room 0x5b),door 0x1d935c (preset 0x00a4),5.963,no,"the line between them leaves the walkable area (a wall's thickness, or another floor)",
wall of tile 003968 (room 0x5b),door 0x1d935c (preset 0x00a4),5.963,no,"the line between them leaves the walkable area (a wall's thickness, or another floor)",
wall of tile 003968 (room 0x5b),door 0x1d935c (preset 0x00a4),17.047,no,"the line between them leaves the walkable area (a wall's thickness, or another floor)",
wall of tile 003968 (room 0x5b),door 0x1d935c (preset 0x00a4),17.048,no,"the line between them leaves the walkable area (a wall's thickness, or another floor)",
wall of tile 003568 (room 0x5b),door 0x1d925c (preset 0x00a3),6.000,no,"another wall pokes into the space between them, so a tighter pair covers this gap",wall of tile 008A69 (room 0x5b)
wall of tile 003568 (room 0x5b),door 0x1d925c (preset 0x00a3),17.066,no,the line between them touches another wall,door 0x1d925c (preset 0x00a3)
wall of tile 003568 (room 0x5b),door 0x1d925c (preset 0x00a3),17.089,no,"the line between them leaves the walkable area (a wall's thickness, or another floor)",
wall of tile 003568 (room 0x5b),door 0x1d925c (preset 0x00a3),6.027,no,"the line between them leaves the walkable area (a wall's thickness, or another floor)",
wall of tile 000868 (room 0x5b),door 0x1d925c (preset 0x00a3),51.612,no,"the line between them leaves the walkable area (a wall's thickness, or another floor)",
wall of tile 000868 (room 0x5b),door 0x1d925c (preset 0x00a3),54.328,no,"the line between them leaves the walkable area (a wall's thickness, or another floor)",
wall of tile 000868 (room 0x5b),door 0x1d925c (preset 0x00a3),54.328,no,"the line between them leaves the walkable area (a wall's thickness, or another floor)",
wall of tile 000868 (room 0x5b),door 0x1d925c (preset 0x00a3),51.612,no,"the line between them leaves the walkable area (a wall's thickness, or another floor)",
wall of tile 003368 (room 0x5b),door 0x1d935c (preset 0x00a4),51.493,no,"the line between them leaves the walkable area (a wall's thickness, or another floor)",
wall of tile 003368 (room 0x5b),door 0x1d935c (preset 0x00a4),51.493,no,"the line between them leaves the walkable area (a wall's thickness, or another floor)",
wall of tile 003368 (room 0x5b),door 0x1d935c (preset 0x00a4),54.320,no,"the line between them leaves the walkable area (a wall's thickness, or another floor)",
wall of tile 003368 (room 0x5b),door 0x1d935c (preset 0x00a4),54.320,no,"the line between them leaves the walkable area (a wall's thickness, or another floor)",
generic 0x1d39e8 (preset 0x271a),generic 0x1d39e8 (preset 0x271a),0.025,no,the line between them touches another wall,generic 0x1d39e8 (preset 0x271a)
generic 0x1d39e8 (preset 0x271a),generic 0x1d39e8 (preset 0x271a),0.025,no,the line between them touches another wall,generic 0x1d39e8 (preset 0x271a)
generic 0x1d3a78 (preset 0x271e),generic 0x1d3a78 (preset 0x271e),0.025,no,the line between them touches another wall,generic 0x1d3a78 (preset 0x271e)
generic 0x1d3a78 (preset 0x271e),glass 0x1d8738 (preset 0x27d4),3.125,no,the far wall faces the other way (it belongs to floor which isn't linked here),
generic 0x1d3a78 (preset 0x271e),glass 0x1d8738 (preset 0x27d4),3.886,no,the far wall faces the other way (it belongs to floor which isn't linked here),
generic 0x1d3a78 (preset 0x271e),glass 0x1d8170 (preset 0x27c1),30.592,no,"another wall pokes into the space between them, so a tighter pair covers this gap",glass 0x1d8170 (preset 0x27c1)
generic 0x1d3a78 (preset 0x271e),glass 0x1d8170 (preset 0x27c1),5.633,no,the line between them touches another wall,glass 0x1d8170 (preset 0x27c1)
generic 0x1d3a78 (preset 0x271e),glass 0x1d8170 (preset 0x27c1),5.632,yes,,
generic 0x1d3a78 (preset 0x271e),glass 0x1d8738 (preset 0x27d4),3.133,no,the line between them touches another wall,generic 0x1d3a78 (preset 0x271e)
generic 0x1d3a78 (preset 0x271e),glass 0x1d8738 (preset 0x27d4),3.893,no,the line between them touches another wall,generic 0x1d3a78 (preset 0x271e)
generic 0x1d3a78 (preset 0x271e),generic 0x1d3a78 (preset 0x271e),0.025,no,the line between them touches another wall,generic 0x1d3a78 (preset 0x271e)
generic 0x1d3a78 (preset 0x271e),glass 0x1d8170 (preset 0x27c1),30.592,no,"another wall pokes into the space between them, so a tighter pair covers this gap",glass 0x1d8170 (preset 0x27c1)
generic 0x1d3a78 (preset 0x271e),glass 0x1d8170 (preset 0x27c1),5.633,no,the line between them touches another wall,glass 0x1d8170 (preset 0x27c1)
generic 0x1d3a78 (preset 0x271e),glass 0x1d8170 (preset 0x27c1),42.167,no,"another wall pokes into the space between them, so a tighter pair covers this gap",glass 0x1d8170 (preset 0x27c1)
generic 0x1d3a78 (preset 0x271e),glass 0x1d8170 (preset 0x27c1),5.632,yes,,
generic 0x1d3a78 (preset 0x271e),glass 0x1d8170 (preset 0x27c1),6.014,no,the line between them touches another wall,glass 0x1d8170 (preset 0x27c1)
generic 0x1d3a78 (preset 0x271e),glass 0x1d8170 (preset 0x27c1),42.167,no,"another wall pokes into the space between them, so a tighter pair covers this gap",glass 0x1d8170 (preset 0x27c1)
generic 0x1d3a78 (preset 0x271e),glass 0x1d8170 (preset 0x27c1),6.014,no,"another wall pokes into the space between them, so a tighter pair covers this gap",generic 0x1d3a78 (preset 0x271e)
generic 0x1d3a78 (preset 0x271e),glass 0x1d8170 (preset 0x27c1),6.039,no,the line between them touches another wall,glass 0x1d8170 (preset 0x27c1)
generic 0x1d3a78 (preset 0x271e),glass 0x1d8170 (preset 0x27c1),42.170,no,"another wall pokes into the space between them, so a tighter pair covers this gap",glass 0x1d8170 (preset 0x27c1)
generic 0x1d3a78 (preset 0x271e),glass 0x1d8170 (preset 0x27c1),6.039,no,the line between them touches another wall,generic 0x1d3a78 (preset 0x271e)
generic 0x1d3b08 (preset 0x2721),generic 0x1d3b08 (preset 0x2721),0.025,no,the line between them touches another wall,generic 0x1d3b08 (preset 0x2721)
generic 0x1d3b08 (preset 0x2721),generic 0x1d3b08 (preset 0x2721),0.025,no,the line between them touches another wall,generic 0x1d3b08 (preset 0x2721)
generic 0x1d3b98 (preset 0x271d),generic 0x1d3b98 (preset 0x271d),0.025,no,the line between them touches another wall,generic 0x1d3b98 (preset 0x271d)
generic 0x1d3b98 (preset 0x271d),glass 0x1d8204 (preset 0x27c2),5.632,no,the line between them touches another wall,glass 0x1d8204 (preset 0x27c2)
generic 0x1d3b98 (preset 0x271d),glass 0x1d8204 (preset 0x27c2),30.310,no,"another wall pokes into the space between them, so a tighter pair covers this gap",glass 0x1d8204 (preset 0x27c2)
generic 0x1d3b98 (preset 0x271d),glass 0x1d8204 (preset 0x27c2),5.628,yes,,
generic 0x1d3b98 (preset 0x271d),glass 0x1d8204 (preset 0x27c2),42.471,no,"another wall pokes into the space between them, so a tighter pair covers this gap",glass 0x1d8204 (preset 0x27c2)
generic 0x1d3b98 (preset 0x271d),glass 0x1d8204 (preset 0x27c2),6.013,no,the line between them touches another wall,glass 0x1d8204 (preset 0x27c2)
generic 0x1d3b98 (preset 0x271d),glass 0x1d8204 (preset 0x27c2),30.310,no,"another wall pokes into the space between them, so a tighter pair covers this gap",glass 0x1d8204 (preset 0x27c2)
generic 0x1d3b98 (preset 0x271d),glass 0x1d8204 (preset 0x27c2),6.009,no,"another wall pokes into the space between them, so a tighter pair covers this gap",generic 0x1d3b98 (preset 0x271d)
generic 0x1d3b98 (preset 0x271d),glass 0x1d86a4 (preset 0x27d3),42.326,no,the line between them touches another wall,generic 0x1d3b98 (preset 0x271d)
generic 0x1d3b98 (preset 0x271d),glass 0x1d86a4 (preset 0x27d3),43.498,no,the line between them touches another wall,generic 0x1d3b98 (preset 0x271d)
generic 0x1d3b98 (preset 0x271d),glass 0x1d8204 (preset 0x27c2),6.038,no,the line between them touches another wall,glass 0x1d8204 (preset 0x27c2)
generic 0x1d3b98 (preset 0x271d),glass 0x1d8204 (preset 0x27c2),30.315,no,"another wall pokes into the space between them, so a tighter pair covers this gap",glass 0x1d8204 (preset 0x27c2)
generic 0x1d3b98 (preset 0x271d),glass 0x1d8204 (preset 0x27c2),6.033,no,"another wall pokes into the space between them, so a tighter pair covers this gap",generic 0x1d3b98 (preset 0x271d)
generic 0x1d3b98 (preset 0x271d),glass 0x1d86a4 (preset 0x27d3),2.043,no,the far wall faces the other way (it belongs to floor which isn't linked here),
generic 0x1d3b98 (preset 0x271d),glass 0x1d86a4 (preset 0x27d3),3.215,no,the far wall faces the other way (it belongs to floor which isn't linked here),
generic 0x1d3b98 (preset 0x271d),generic 0x1d3b98 (preset 0x271d),0.025,no,the line between them touches another wall,generic 0x1d3b98 (preset 0x271d)
generic 0x1d3b98 (preset 0x271d),glass 0x1d8204 (preset 0x27c2),5.632,no,the line between them touches another wall,glass 0x1d8204 (preset 0x27c2)
generic 0x1d3b98 (preset 0x271d),glass 0x1d8204 (preset 0x27c2),5.628,yes,,
generic 0x1d3b98 (preset 0x271d),glass 0x1d8204 (preset 0x27c2),42.471,no,"another wall pokes into the space between them, so a tighter pair covers this gap",glass 0x1d8204 (preset 0x27c2)
generic 0x1d3c28 (preset 0x2798),generic 0x1d3c28 (preset 0x2798),0.033,no,"the line between them leaves the walkable area (a wall's thickness, or another floor)",
generic 0x1d3c28 (preset 0x2798),generic 0x1d4348 (preset 0x2794),1.959,no,"the line between them leaves the walkable area (a wall's thickness, or another floor)",
generic 0x1d3c28 (preset 0x2798),generic 0x1d4348 (preset 0x2794),3.350,no,"the line between them leaves the walkable area (a wall's thickness, or another floor)",
generic 0x1d3c28 (preset 0x2798),generic 0x1d4348 (preset 0x2794),1.992,no,the line between them touches another wall,generic 0x1d3c28 (preset 0x2798)
generic 0x1d3c28 (preset 0x2798),generic 0x1d4348 (preset 0x2794),1.926,no,neither wall could be placed on a tile,
generic 0x1d3c28 (preset 0x2798),generic 0x1d4348 (preset 0x2794),3.331,no,neither wall could be placed on a tile,
generic 0x1d3c28 (preset 0x2798),generic 0x1d4348 (preset 0x2794),2.721,no,the line between them touches another wall,generic 0x1d3c28 (preset 0x2798)
generic 0x1d3c28 (preset 0x2798),generic 0x1d4348 (preset 0x2794),1.908,no,neither wall could be placed on a tile,
generic 0x1d3c28 (preset 0x2798),generic 0x1d4348 (preset 0x2794),1.904,no,neither wall could be placed on a tile,
generic 0x1d3c28 (preset 0x2798),generic 0x1d43c8 (preset 0x2795),3.145,no,neither wall could be placed on a tile,
generic 0x1d3c28 (preset 0x2798),generic 0x1d3c28 (preset 0x2798),0.033,no,the line between them touches another wall,generic 0x1d3c28 (preset 0x2798)
generic 0x1d3c28 (preset 0x2798),generic 0x1d43c8 (preset 0x2795),0.58,no,the line between them touches another wall,generic 0x1d3c28 (preset 0x2798)
generic 0x1d3c28 (preset 0x2798),generic 0x1d43c8 (preset 0x2795),0.010,no,neither wall could be placed on a tile,
generic 0x1d3c28 (preset 0x2798),generic 0x1d43c8 (preset 0x2795),3.145,no,neither wall could be placed on a tile,
generic 0x1d3c28 (preset 0x2798),generic 0x1d43c8 (preset 0x2795),38.041,no,"another wall pokes into the space between them, so a tighter pair covers this gap",generic 0x1d3c28 (preset 0x2798)
generic 0x1d3c28 (preset 0x2798),generic 0x1d43c8 (preset 0x2795),38.049,no,the line between them touches another wall,generic 0x1d3c28 (preset 0x2798)
generic 0x1d3c28 (preset 0x2798),generic 0x1d43c8 (preset 0x2795),38.053,no,the line between them touches another wall,generic 0x1d43c8 (preset 0x2795)
generic 0x1d3c28 (preset 0x2798),generic 0x1d4348 (preset 0x2794),36.166,no,the line between them touches another wall,generic 0x1d3c28 (preset 0x2798)
generic 0x1d3c28 (preset 0x2798),generic 0x1d4348 (preset 0x2794),36.166,no,the line between them touches another wall,generic 0x1d3c28 (preset 0x2798)
generic 0x1d3c28 (preset 0x2798),generic 0x1d43c8 (preset 0x2795),38.073,no,"another wall pokes into the space between them, so a tighter pair covers this gap",generic 0x1d3c28 (preset 0x2798)
generic 0x1d3c28 (preset 0x2798),generic 0x1d43c8 (preset 0x2795),38.077,no,the line between them touches another wall,generic 0x1d3c28 (preset 0x2798)
generic 0x1d3c28 (preset 0x2798),generic 0x1d43c8 (preset 0x2795),38.082,no,the line between them touches another wall,generic 0x1d43c8 (preset 0x2795)
generic 0x1d3cb8 (preset 0x27b5),generic 0x1d3cb8 (preset 0x27b5),0.024,no,the line between them touches another wall,generic 0x1d3cb8 (preset 0x27b5)
generic 0x1d3cb8 (preset 0x27b5),generic 0x1d3cb8 (preset 0x27b5),0.024,no,the line between them touches another wall,generic 0x1d3cb8 (preset 0x27b5)
generic 0x1d3e48 (preset 0x2710),glass 0x1d79cc (preset 0x27be),57.646,yes,,
generic 0x1d3e48 (preset 0x2710),glass 0x1d79cc (preset 0x27be),58.859,no,"another wall pokes into the space between them, so a tighter pair covers this gap",glass 0x1d79cc (preset 0x27be)
generic 0x1d3e48 (preset 0x2710),glass 0x1d79cc (preset 0x27be),57.646,no,the line between them touches another wall,glass 0x1d79cc (preset 0x27be)
generic 0x1d3e48 (preset 0x2710),glass 0x1d7a60 (preset 0x27ba),58.589,no,"another wall pokes into the space between them, so a tighter pair covers this gap",glass 0x1d7a60 (preset 0x27ba)
generic 0x1d3e48 (preset 0x2710),glass 0x1d7a60 (preset 0x27ba),48.165,no,"another wall pokes into the space between them, so a tighter pair covers this gap",generic 0x1d3e48 (preset 0x2710)
generic 0x1d3e48 (preset 0x2710),glass 0x1d7a60 (preset 0x27ba),48.166,no,the line between them touches another wall,glass 0x1d7a60 (preset 0x27ba)
generic 0x1d3e48 (preset 0x2710),generic 0x1d3e48 (preset 0x2710),0.0036,no,the line between them touches another wall,generic 0x1d3e48 (preset 0x2710)
generic 0x1d3e48 (preset 0x2710),glass 0x1d79cc (preset 0x27be),57.649,no,"another wall pokes into the space between them, so a tighter pair covers this gap",generic 0x1d3e48 (preset 0x2710)
generic 0x1d3e48 (preset 0x2710),glass 0x1d79cc (preset 0x27be),58.862,no,"another wall pokes into the space between them, so a tighter pair covers this gap",generic 0x1d3e48 (preset 0x2710)
generic 0x1d3e48 (preset 0x2710),glass 0x1d79cc (preset 0x27be),57.649,no,the line between them touches another wall,glass 0x1d79cc (preset 0x27be)
generic 0x1d3e48 (preset 0x2710),glass 0x1d7a60 (preset 0x27ba),58.592,no,"another wall pokes into the space between them, so a tighter pair covers this gap",glass 0x1d7a60 (preset 0x27ba)
generic 0x1d3e48 (preset 0x2710),glass 0x1d7a60 (preset 0x27ba),48.169,no,the line between them touches another wall,generic 0x1d3e48 (preset 0x2710)
generic 0x1d3e48 (preset 0x2710),glass 0x1d7a60 (preset 0x27ba),48.169,no,the line between them touches another wall,glass 0x1d7a60 (preset 0x27ba)
generic 0x1d3e48 (preset 0x2710),generic 0x1d3e48 (preset 0x2710),0.0036,no,the line between them touches another wall,generic 0x1d3e48 (preset 0x2710)
generic 0x1d3e48 (preset 0x2710),glass 0x1d7a60 (preset 0x27ba),46.649,yes,,
generic 0x1d3e48 (preset 0x2710),glass 0x1d7a60 (preset 0x27ba),46.649,no,the line between them touches another wall,glass 0x1d7a60 (preset 0x27ba)
generic 0x1d3e48 (preset 0x2710),glass 0x1d79cc (preset 0x27be),57.646,yes,,
generic 0x1d3e48 (preset 0x2710),glass 0x1d79cc (preset 0x27be),58.859,no,"another wall pokes into the space between them, so a tighter pair covers this gap",glass 0x1d79cc (preset 0x27be)
generic 0x1d3e48 (preset 0x2710),glass 0x1d79cc (preset 0x27be),57.646,no,the line between them touches another wall,glass 0x1d79cc (preset 0x27be)
generic 0x1d3e48 (preset 0x2710),glass 0x1d7a60 (preset 0x27ba),58.589,no,"another wall pokes into the space between them, so a tighter pair covers this gap",glass 0x1d7a60 (preset 0x27ba)
generic 0x1d3e48 (preset 0x2710),glass 0x1d7a60 (preset 0x27ba),46.649,yes,,
generic 0x1d3e48 (preset 0x2710),glass 0x1d7a60 (preset 0x27ba),46.649,no,the line between them touches another wall,glass 0x1d7a60 (preset 0x27ba)
generic 0x1d3ec8 (preset 0x2711),generic 0x1d3ec8 (preset 0x2711),0.0036,no,the line between them touches another wall,generic 0x1d3ec8 (preset 0x2711)
generic 0x1d3ec8 (preset 0x2711),generic 0x1d3ec8 (preset 0x2711),0.0036,no,the line between them touches another wall,generic 0x1d3ec8 (preset 0x2711)
generic 0x1d3f48 (preset 0x2712),generic 0x1d3f48 (preset 0x2712),0.0036,no,the line between them touches another wall,generic 0x1d3f48 (preset 0x2712)
generic 0x1d3f48 (preset 0x2712),generic 0x1d3f48 (preset 0x2712),0.0036,no,the line between them touches another wall,generic 0x1d3f48 (preset 0x2712)
generic 0x1d3fc8 (preset 0x2713),generic 0x1d3fc8 (preset 0x2713),0.0036,no,the line between them touches another wall,generic 0x1d3fc8 (preset 0x2713)
generic 0x1d3fc8 (preset 0x2713),generic 0x1d3fc8 (preset 0x2713),0.0036,no,the line between them touches another wall,generic 0x1d3fc8 (preset 0x2713)
generic 0x1d4048 (preset 0x2714),generic 0x1d4048 (preset 0x2714),0.0036,no,the line between them touches another wall,generic 0x1d4048 (preset 0x2714)
generic 0x1d4048 (preset 0x2714),generic 0x1d4048 (preset 0x2714),0.0036,no,the line between them touches another wall,generic 0x1d4048 (preset 0x2714)
generic 0x1d40c8 (preset 0x2715),generic 0x1d40c8 (preset 0x2715),0.0036,no,the line between them touches another wall,generic 0x1d40c8 (preset 0x2715)
generic 0x1d40c8 (preset 0x2715),generic 0x1d40c8 (preset 0x2715),0.0036,no,the line between them touches another wall,generic 0x1d40c8 (preset 0x2715)
generic 0x1d4148 (preset 0x2716),generic 0x1d4148 (preset 0x2716),0.0036,no,the line between them touches another wall,generic 0x1d4148 (preset 0x2716)
generic 0x1d4148 (preset 0x2716),generic 0x1d4148 (preset 0x2716),0.0036,no,the line between them touches another wall,generic 0x1d4148 (preset 0x2716)
generic 0x1d41c8 (preset 0x2717),generic 0x1d41c8 (preset 0x2717),0.0037,no,the line between them touches another wall,generic 0x1d41c8 (preset 0x2717)
generic 0x1d41c8 (preset 0x2717),glass 0x1d7de8 (preset 0x27c5),30.606,no,the far wall faces the other way (it belongs to floor which isn't linked here),
generic 0x1d41c8 (preset 0x2717),glass 0x1d7de8 (preset 0x27c5),30.605,no,the far wall faces the other way (it belongs to floor which isn't linked here),
generic 0x1d41c8 (preset 0x2717),glass 0x1d80dc (preset 0x27c0),30.606,yes,,
generic 0x1d41c8 (preset 0x2717),glass 0x1d80dc (preset 0x27c0),30.606,no,"the line between them leaves the walkable area (a wall's thickness, or another floor)",
generic 0x1d41c8 (preset 0x2717),glass 0x1d8298 (preset 0x27cc),30.606,no,the far wall faces the other way (it belongs to floor which isn't linked here),
generic 0x1d41c8 (preset 0x2717),glass 0x1d8298 (preset 0x27cc),30.606,no,"the line between them leaves the walkable area (a wall's thickness, or another floor)",
generic 0x1d41c8 (preset 0x2717),generic 0x1d41c8 (preset 0x2717),0.0037,no,the line between them touches another wall,generic 0x1d41c8 (preset 0x2717)
generic 0x1d41c8 (preset 0x2717),glass 0x1d7de8 (preset 0x27c5),30.606,no,the far wall faces the other way (it belongs to floor which isn't linked here),
generic 0x1d41c8 (preset 0x2717),glass 0x1d7de8 (preset 0x27c5),53.985,no,the far wall faces the other way (it belongs to floor which isn't linked here),
generic 0x1d41c8 (preset 0x2717),glass 0x1d7de8 (preset 0x27c5),30.605,no,the far wall faces the other way (it belongs to floor which isn't linked here),
generic 0x1d41c8 (preset 0x2717),glass 0x1d80dc (preset 0x27c0),30.606,yes,,
generic 0x1d41c8 (preset 0x2717),glass 0x1d80dc (preset 0x27c0),30.606,no,"the line between them leaves the walkable area (a wall's thickness, or another floor)",
generic 0x1d41c8 (preset 0x2717),glass 0x1d80dc (preset 0x27c0),53.985,no,"another wall pokes into the space between them, so a tighter pair covers this gap",wall of tile 015948 (room 0x35)
generic 0x1d41c8 (preset 0x2717),glass 0x1d8298 (preset 0x27cc),30.606,no,the far wall faces the other way (it belongs to floor which isn't linked here),
generic 0x1d41c8 (preset 0x2717),glass 0x1d8298 (preset 0x27cc),30.606,no,"the line between them leaves the walkable area (a wall's thickness, or another floor)",
generic 0x1d41c8 (preset 0x2717),glass 0x1d8298 (preset 0x27cc),53.985,no,the far wall faces the other way (it belongs to floor which isn't linked here),
generic 0x1d41c8 (preset 0x2717),glass 0x1d7de8 (preset 0x27c5),32.133,no,"the line between them leaves the walkable area (a wall's thickness, or another floor)",
generic 0x1d41c8 (preset 0x2717),glass 0x1d7de8 (preset 0x27c5),53.985,no,the far wall faces the other way (it belongs to floor which isn't linked here),
generic 0x1d41c8 (preset 0x2717),glass 0x1d7de8 (preset 0x27c5),32.133,no,the far wall faces the other way (it belongs to floor which isn't linked here),
generic 0x1d41c8 (preset 0x2717),glass 0x1d80dc (preset 0x27c0),32.132,no,"another wall pokes into the space between them, so a tighter pair covers this gap",generic 0x1d41c8 (preset 0x2717)
generic 0x1d41c8 (preset 0x2717),glass 0x1d80dc (preset 0x27c0),32.132,no,the line between them touches another wall,glass 0x1d80dc (preset 0x27c0)
generic 0x1d41c8 (preset 0x2717),glass 0x1d80dc (preset 0x27c0),53.985,no,"another wall pokes into the space between them, so a tighter pair covers this gap",wall of tile 015948 (room 0x35)
generic 0x1d41c8 (preset 0x2717),glass 0x1d8298 (preset 0x27cc),32.132,no,the far wall faces the other way (it belongs to floor which isn't linked here),
generic 0x1d41c8 (preset 0x2717),glass 0x1d8298 (preset 0x27cc),32.133,no,the far wall faces the other way (it belongs to floor which isn't linked here),
generic 0x1d41c8 (preset 0x2717),glass 0x1d8298 (preset 0x27cc),53.985,no,the far wall faces the other way (it belongs to floor which isn't linked here),
generic 0x1d41c8 (preset 0x2717),glass 0x1d7de8 (preset 0x27c5),32.137,no,"the line between them leaves the walkable area (a wall's thickness, or another floor)",
generic 0x1d41c8 (preset 0x2717),glass 0x1d7de8 (preset 0x27c5),53.988,no,the far wall faces the other way (it belongs to floor which isn't linked here),
generic 0x1d41c8 (preset 0x2717),glass 0x1d7de8 (preset 0x27c5),32.136,no,the line between them touches another wall,generic 0x1d41c8 (preset 0x2717)
generic 0x1d41c8 (preset 0x2717),glass 0x1d80dc (preset 0x27c0),32.136,no,"another wall pokes into the space between them, so a tighter pair covers this gap",generic 0x1d41c8 (preset 0x2717)
generic 0x1d41c8 (preset 0x2717),glass 0x1d80dc (preset 0x27c0),32.136,no,the line between them touches another wall,glass 0x1d80dc (preset 0x27c0)
generic 0x1d41c8 (preset 0x2717),glass 0x1d80dc (preset 0x27c0),53.987,no,"another wall pokes into the space between them, so a tighter pair covers this gap",wall of tile 015948 (room 0x35)
generic 0x1d41c8 (preset 0x2717),glass 0x1d8298 (preset 0x27cc),32.136,no,the far wall faces the other way (it belongs to floor which isn't linked here),
generic 0x1d41c8 (preset 0x2717),glass 0x1d8298 (preset 0x27cc),32.136,no,the far wall faces the other way (it belongs to floor which isn't linked here),
generic 0x1d41c8 (preset 0x2717),glass 0x1d8298 (preset 0x27cc),53.987,no,the far wall faces the other way (it belongs to floor which isn't linked here),
generic 0x1d4248 (preset 0x2718),generic 0x1d4248 (preset 0x2718),0.0037,no,the line between them touches another wall,generic 0x1d4248 (preset 0x2718)
generic 0x1d4248 (preset 0x2718),generic 0x1d4248 (preset 0x2718),0.0036,no,the line between them touches another wall,generic 0x1d4248 (preset 0x2718)
generic 0x1d42c8 (preset 0x2792),generic 0x1d42c8 (preset 0x2792),0.0048,no,the line between them touches another wall,generic 0x1d42c8 (preset 0x2792)
generic 0x1d42c8 (preset 0x2792),generic 0x1d42c8 (preset 0x2792),0.0048,no,neither wall could be placed on a tile,
generic 0x1d42c8 (preset 0x2792),generic 0x1d43c8 (preset 0x2795),1.278,no,neither wall could be placed on a tile,
generic 0x1d42c8 (preset 0x2792),generic 0x1d43c8 (preset 0x2795),3.738,no,neither wall could be placed on a tile,
generic 0x1d42c8 (preset 0x2792),generic 0x1d43c8 (preset 0x2795),3.514,no,neither wall could be placed on a tile,
generic 0x1d42c8 (preset 0x2792),generic 0x1d43c8 (preset 0x2795),3.518,no,neither wall could be placed on a tile,
generic 0x1d42c8 (preset 0x2792),generic 0x1d43c8 (preset 0x2795),3.518,no,neither wall could be placed on a tile,
generic 0x1d4348 (preset 0x2794),generic 0x1d4348 (preset 0x2794),0.0046,no,the line between them touches another wall,generic 0x1d4348 (preset 0x2794)
generic 0x1d4348 (preset 0x2794),generic 0x1d4348 (preset 0x2794),0.0044,no,neither wall could be placed on a tile,
generic 0x1d43c8 (preset 0x2795),generic 0x1d43c8 (preset 0x2795),0.0046,no,the line between them touches another wall,generic 0x1d43c8 (preset 0x2795)
generic 0x1d43c8 (preset 0x2795),generic 0x1d43c8 (preset 0x2795),0.0044,no,neither wall could be placed on a tile,
generic 0x1d5190 (preset 0x0035),generic 0x1d5410 (preset 0x003a),48.057,no,"another wall pokes into the space between them, so a tighter pair covers this gap",generic 0x1d5190 (preset 0x0035)
generic 0x1d5190 (preset 0x0035),generic 0x1d5410 (preset 0x003a),48.057,no,"another wall pokes into the space between them, so a tighter pair covers this gap",generic 0x1d5190 (preset 0x0035)
generic 0x1d5190 (preset 0x0035),generic 0x1d5410 (preset 0x003a),47.660,yes,,
generic 0x1d5190 (preset 0x0035),generic 0x1d5410 (preset 0x003a),47.660,yes,,
generic 0x1d6854 (preset 0x2784),generic 0x1d6854 (preset 0x2784),0.0059,no,the line between them touches another wall,generic 0x1d6854 (preset 0x2784)
generic 0x1d6854 (preset 0x2784),generic 0x1d6ad4 (preset 0x278d),0.000092,no,the line between them touches another wall,generic 0x1d6ad4 (preset 0x278d)
generic 0x1d6854 (preset 0x2784),generic 0x1d6ad4 (preset 0x278d),0.00024,no,the line between them touches another wall,generic 0x1d6ad4 (preset 0x278d)
generic 0x1d6854 (preset 0x2784),generic 0x1d6ad4 (preset 0x278d),0.0059,no,the line between them touches another wall,generic 0x1d6ad4 (preset 0x278d)
generic 0x1d6854 (preset 0x2784),generic 0x1d6854 (preset 0x2784),0.0058,no,the line between them touches another wall,generic 0x1d6854 (preset 0x2784)
generic 0x1d6854 (preset 0x2784),generic 0x1d6ad4 (preset 0x278d),0.00012,no,the line between them touches another wall,generic 0x1d6ad4 (preset 0x278d)
generic 0x1d6854 (preset 0x2784),generic 0x1d6ad4 (preset 0x278d),0.0060,no,the line between them touches another wall,generic 0x1d6ad4 (preset 0x278d)
generic 0x1d6854 (preset 0x2784),generic 0x1d6ad4 (preset 0x278d),0.00011,no,the line between them touches another wall,generic 0x1d6ad4 (preset 0x278d)
generic 0x1d6854 (preset 0x2784),generic 0x1d6ad4 (preset 0x278d),0.0058,no,the line between them touches another wall,generic 0x1d6ad4 (preset 0x278d)
generic 0x1d6854 (preset 0x2784),generic 0x1d6ad4 (preset 0x278d),0.00011,no,the line between them touches another wall,generic 0x1d6ad4 (preset 0x278d)
generic 0x1d6854 (preset 0x2784),generic 0x1d6ad4 (preset 0x278d),0.00024,no,the line between them touches another wall,generic 0x1d6ad4 (preset 0x278d)
generic 0x1d6854 (preset 0x2784),generic 0x1d6ad4 (preset 0x278d),0.0060,no,the line between them touches another wall,generic 0x1d6ad4 (preset 0x278d)
generic 0x1d6854 (preset 0x2784),generic 0x1d6ad4 (preset 0x278d),0.00011,no,the line between them touches another wall,generic 0x1d6ad4 (preset 0x278d)
generic 0x1d6854 (preset 0x2784),generic 0x1d6ad4 (preset 0x278d),0.000092,no,the line between them touches another wall,generic 0x1d6ad4 (preset 0x278d)
generic 0x1d68d4 (preset 0x2785),generic 0x1d68d4 (preset 0x2785),0.0058,no,the line between them touches another wall,generic 0x1d68d4 (preset 0x2785)
generic 0x1d68d4 (preset 0x2785),generic 0x1d6b54 (preset 0x278e),0.00011,no,the line between them touches another wall,generic 0x1d6b54 (preset 0x278e)
generic 0x1d68d4 (preset 0x2785),generic 0x1d6b54 (preset 0x278e),0.00000000043,no,the line between them touches another wall,generic 0x1d6b54 (preset 0x278e)
generic 0x1d68d4 (preset 0x2785),generic 0x1d6b54 (preset 0x278e),2.004,no,the line between them touches another wall,generic 0x1d6b54 (preset 0x278e)
generic 0x1d68d4 (preset 0x2785),generic 0x1d6b54 (preset 0x278e),2.004,no,the line between them touches another wall,generic 0x1d6b54 (preset 0x278e)
generic 0x1d68d4 (preset 0x2785),generic 0x1d68d4 (preset 0x2785),0.0058,no,the line between them touches another wall,generic 0x1d68d4 (preset 0x2785)
generic 0x1d68d4 (preset 0x2785),generic 0x1d6b54 (preset 0x278e),0.00011,no,the line between them touches another wall,generic 0x1d6b54 (preset 0x278e)
generic 0x1d68d4 (preset 0x2785),generic 0x1d6b54 (preset 0x278e),0.0060,no,the line between them touches another wall,generic 0x1d68d4 (preset 0x2785)
generic 0x1d68d4 (preset 0x2785),generic 0x1d6b54 (preset 0x278e),0.00011,no,the line between them touches another wall,generic 0x1d6b54 (preset 0x278e)
generic 0x1d68d4 (preset 0x2785),generic 0x1d6b54 (preset 0x278e),0.0058,no,the line between them touches another wall,generic 0x1d68d4 (preset 0x2785)
generic 0x1d68d4 (preset 0x2785),generic 0x1d6b54 (preset 0x278e),0.00010,no,the line between them touches another wall,generic 0x1d6b54 (preset 0x278e)
generic 0x1d68d4 (preset 0x2785),generic 0x1d6b54 (preset 0x278e),2.004,no,the line between them touches another wall,generic 0x1d6b54 (preset 0x278e)
generic 0x1d68d4 (preset 0x2785),generic 0x1d6b54 (preset 0x278e),0.0060,no,the line between them touches another wall,generic 0x1d6b54 (preset 0x278e)
generic 0x1d68d4 (preset 0x2785),generic 0x1d6b54 (preset 0x278e),0.00010,no,the line between them touches another wall,generic 0x1d6b54 (preset 0x278e)
generic 0x1d68d4 (preset 0x2785),generic 0x1d6b54 (preset 0x278e),2.004,no,the line between them touches another wall,generic 0x1d6b54 (preset 0x278e)
generic 0x1d68d4 (preset 0x2785),generic 0x1d6b54 (preset 0x278e),2.004,no,the line between them touches another wall,generic 0x1d6b54 (preset 0x278e)
generic 0x1d68d4 (preset 0x2785),generic 0x1d6b54 (preset 0x278e),0.00011,no,the line between them touches another wall,generic 0x1d6b54 (preset 0x278e)
generic 0x1d68d4 (preset 0x2785),generic 0x1d6b54 (preset 0x278e),2.004,no,the line between them touches another wall,generic 0x1d6b54 (preset 0x278e)
generic 0x1d68d4 (preset 0x2785),generic 0x1d6b54 (preset 0x278e),2.004,no,the line between them touches another wall,generic 0x1d6b54 (preset 0x278e)
generic 0x1d6954 (preset 0x2789),generic 0x1d6954 (preset 0x2789),0.0059,no,the line between them touches another wall,generic 0x1d6954 (preset 0x2789)
generic 0x1d6954 (preset 0x2789),generic 0x1d6bd4 (preset 0x2790),0.0063,no,the line between them touches another wall,generic 0x1d6bd4 (preset 0x2790)
generic 0x1d6954 (preset 0x2789),generic 0x1d6bd4 (preset 0x2790),0.00035,no,the line between them touches another wall,generic 0x1d6bd4 (preset 0x2790)
generic 0x1d6954 (preset 0x2789),generic 0x1d6bd4 (preset 0x2790),0.00035,no,the line between them touches another wall,generic 0x1d6bd4 (preset 0x2790)
generic 0x1d6954 (preset 0x2789),generic 0x1d6bd4 (preset 0x2790),0.00049,no,the line between them touches another wall,generic 0x1d6bd4 (preset 0x2790)
generic 0x1d6954 (preset 0x2789),generic 0x1d6bd4 (preset 0x2790),0.00035,no,the line between them touches another wall,generic 0x1d6bd4 (preset 0x2790)
generic 0x1d6954 (preset 0x2789),generic 0x1d6bd4 (preset 0x2790),0.00049,no,the line between them touches another wall,generic 0x1d6bd4 (preset 0x2790)
generic 0x1d6954 (preset 0x2789),generic 0x1d6954 (preset 0x2789),0.0059,no,the line between them touches another wall,generic 0x1d6954 (preset 0x2789)
generic 0x1d6954 (preset 0x2789),generic 0x1d6bd4 (preset 0x2790),0.0061,no,the line between them touches another wall,generic 0x1d6954 (preset 0x2789)
generic 0x1d6954 (preset 0x2789),generic 0x1d6bd4 (preset 0x2790),0.00024,no,the line between them touches another wall,generic 0x1d6954 (preset 0x2789)
generic 0x1d6954 (preset 0x2789),generic 0x1d6bd4 (preset 0x2790),0.00024,no,"another wall pokes into the space between them, so a tighter pair covers this gap",generic 0x1d6954 (preset 0x2789)
generic 0x1d69d4 (preset 0x278b),generic 0x1d69d4 (preset 0x278b),0.0059,no,the line between them touches another wall,generic 0x1d69d4 (preset 0x278b)
generic 0x1d69d4 (preset 0x278b),generic 0x1d6a54 (preset 0x278c),18.041,no,"another wall pokes into the space between them, so a tighter pair covers this gap",generic 0x1d6a54 (preset 0x278c)
generic 0x1d69d4 (preset 0x278b),generic 0x1d6a54 (preset 0x278c),18.035,yes,,
generic 0x1d69d4 (preset 0x278b),generic 0x1d6a54 (preset 0x278c),18.035,yes,,
generic 0x1d69d4 (preset 0x278b),generic 0x1d6c54 (preset 0x2791),0.0059,no,the line between them touches another wall,generic 0x1d69d4 (preset 0x278b)
generic 0x1d69d4 (preset 0x278b),generic 0x1d6c54 (preset 0x2791),0.00024,no,the line between them touches another wall,generic 0x1d6c54 (preset 0x2791)
generic 0x1d69d4 (preset 0x278b),generic 0x1d6c54 (preset 0x2791),0.0059,no,the line between them touches another wall,generic 0x1d69d4 (preset 0x278b)
generic 0x1d69d4 (preset 0x278b),generic 0x1d6c54 (preset 0x2791),0.00000000073,no,the line between them touches another wall,generic 0x1d6c54 (preset 0x2791)
generic 0x1d69d4 (preset 0x278b),generic 0x1d69d4 (preset 0x278b),0.0059,no,the line between them touches another wall,generic 0x1d69d4 (preset 0x278b)
generic 0x1d69d4 (preset 0x278b),generic 0x1d6c54 (preset 0x2791),0.00024,no,the line between them touches another wall,generic 0x1d6c54 (preset 0x2791)
generic 0x1d69d4 (preset 0x278b),generic 0x1d6c54 (preset 0x2791),0.0059,no,the line between them touches another wall,generic 0x1d69d4 (preset 0x278b)
generic 0x1d69d4 (preset 0x278b),generic 0x1d6a54 (preset 0x278c),22.859,no,the line between them touches another wall,generic 0x1d6a54 (preset 0x278c)
generic 0x1d69d4 (preset 0x278b),generic 0x1d6a54 (preset 0x278c),22.855,no,"another wall pokes into the space between them, so a tighter pair covers this gap",generic 0x1d69d4 (preset 0x278b)
generic 0x1d69d4 (preset 0x278b),generic 0x1d6a54 (preset 0x278c),18.035,no,"another wall pokes into the space between them, so a tighter pair covers this gap",generic 0x1d69d4 (preset 0x278b)
generic 0x1d69d4 (preset 0x278b),generic 0x1d6c54 (preset 0x2791),0.00000000073,no,the line between them touches another wall,generic 0x1d6c54 (preset 0x2791)
generic 0x1d69d4 (preset 0x278b),generic 0x1d6c54 (preset 0x2791),0.0059,no,the line between them touches another wall,generic 0x1d69d4 (preset 0x278b)
generic 0x1d6a54 (preset 0x278c),generic 0x1d6a54 (preset 0x278c),0.0059,no,the line between them touches another wall,generic 0x1d6a54 (preset 0x278c)
generic 0x1d6a54 (preset 0x278c),generic 0x1d6a54 (preset 0x278c),0.0059,no,the line between them touches another wall,generic 0x1d6a54 (preset 0x278c)
generic 0x1d6a54 (preset 0x278c),generic 0x1d6c54 (preset 0x2791),18.041,no,"another wall pokes into the space between them, so a tighter pair covers this gap",generic 0x1d6a54 (preset 0x278c)
generic 0x1d6a54 (preset 0x278c),generic 0x1d6c54 (preset 0x2791),22.859,no,the line between them touches another wall,generic 0x1d6a54 (preset 0x278c)
generic 0x1d6a54 (preset 0x278c),generic 0x1d6c54 (preset 0x2791),18.035,yes,,
generic 0x1d6a54 (preset 0x278c),generic 0x1d6c54 (preset 0x2791),22.855,no,"another wall pokes into the space between them, so a tighter pair covers this gap",generic 0x1d6c54 (preset 0x2791)
generic 0x1d6a54 (preset 0x278c),generic 0x1d6c54 (preset 0x2791),18.035,yes,,
generic 0x1d6a54 (preset 0x278c),generic 0x1d6c54 (preset 0x2791),18.035,no,"another wall pokes into the space between them, so a tighter pair covers this gap",generic 0x1d6c54 (preset 0x2791)
generic 0x1d6ad4 (preset 0x278d),generic 0x1d6ad4 (preset 0x278d),0.0060,no,the line between them touches another wall,generic 0x1d6ad4 (preset 0x278d)
generic 0x1d6ad4 (preset 0x278d),generic 0x1d6ad4 (preset 0x278d),0.0060,no,the line between them touches another wall,generic 0x1d6ad4 (preset 0x278d)
generic 0x1d6b54 (preset 0x278e),generic 0x1d6b54 (preset 0x278e),0.0060,no,the line between them touches another wall,generic 0x1d6b54 (preset 0x278e)
generic 0x1d6b54 (preset 0x278e),generic 0x1d6b54 (preset 0x278e),0.0060,no,the line between them touches another wall,generic 0x1d6b54 (preset 0x278e)
generic 0x1d6bd4 (preset 0x2790),generic 0x1d6bd4 (preset 0x2790),0.0059,no,the line between them touches another wall,generic 0x1d6bd4 (preset 0x2790)
generic 0x1d6bd4 (preset 0x2790),generic 0x1d6bd4 (preset 0x2790),0.0059,no,the line between them touches another wall,generic 0x1d6bd4 (preset 0x2790)
generic 0x1d6c54 (preset 0x2791),generic 0x1d6c54 (preset 0x2791),0.0059,no,the line between them touches another wall,generic 0x1d6c54 (preset 0x2791)
generic 0x1d6c54 (preset 0x2791),generic 0x1d6c54 (preset 0x2791),0.0059,no,the line between them touches another wall,generic 0x1d6c54 (preset 0x2791)
generic 0x1d6cd4 (preset 0x275d),generic 0x1d6cd4 (preset 0x275d),0.062,no,the line between them touches another wall,generic 0x1d6cd4 (preset 0x275d)
generic 0x1d6cd4 (preset 0x275d),generic 0x1d70d4 (preset 0x2762),45.978,no,the line between them touches another wall,generic 0x1d6cd4 (preset 0x275d)
generic 0x1d6cd4 (preset 0x275d),generic 0x1d70d4 (preset 0x2762),45.978,no,the line between them touches another wall,generic 0x1d6cd4 (preset 0x275d)
generic 0x1d6cd4 (preset 0x275d),generic 0x1d6cd4 (preset 0x275d),0.062,no,the line between them touches another wall,generic 0x1d6cd4 (preset 0x275d)
generic 0x1d6cd4 (preset 0x275d),generic 0x1d70d4 (preset 0x2762),0.063,no,the line between them touches another wall,generic 0x1d6cd4 (preset 0x275d)
generic 0x1d6cd4 (preset 0x275d),generic 0x1d70d4 (preset 0x2762),0.064,no,the line between them touches another wall,generic 0x1d70d4 (preset 0x2762)
generic 0x1d6d54 (preset 0x275e),generic 0x1d6d54 (preset 0x275e),0.062,no,the line between them touches another wall,generic 0x1d6d54 (preset 0x275e)
generic 0x1d6d54 (preset 0x275e),generic 0x1d6d54 (preset 0x275e),0.062,no,the line between them touches another wall,generic 0x1d6d54 (preset 0x275e)
generic 0x1d6dd4 (preset 0x2760),generic 0x1d6dd4 (preset 0x2760),0.062,no,the line between them touches another wall,generic 0x1d6dd4 (preset 0x2760)
generic 0x1d6dd4 (preset 0x2760),generic 0x1d6dd4 (preset 0x2760),0.062,no,the line between them touches another wall,generic 0x1d6dd4 (preset 0x2760)
generic 0x1d6e54 (preset 0x2761),generic 0x1d6e54 (preset 0x2761),0.062,no,the line between them touches another wall,generic 0x1d6e54 (preset 0x2761)
generic 0x1d6e54 (preset 0x2761),generic 0x1d6e54 (preset 0x2761),0.062,no,the line between them touches another wall,generic 0x1d6e54 (preset 0x2761)
generic 0x1d6ed4 (preset 0x2767),generic 0x1d6ed4 (preset 0x2767),0.082,no,the line between them touches another wall,generic 0x1d6ed4 (preset 0x2767)
generic 0x1d6ed4 (preset 0x2767),generic 0x1d6ed4 (preset 0x2767),0.082,no,the line between them touches another wall,generic 0x1d6ed4 (preset 0x2767)
generic 0x1d6f54 (preset 0x2768),generic 0x1d6f54 (preset 0x2768),0.082,no,the line between them touches another wall,generic 0x1d6f54 (preset 0x2768)
generic 0x1d6f54 (preset 0x2768),generic 0x1d6f54 (preset 0x2768),0.082,no,the line between them touches another wall,generic 0x1d6f54 (preset 0x2768)
generic 0x1d6fd4 (preset 0x276a),generic 0x1d6fd4 (preset 0x276a),0.082,no,the line between them touches another wall,generic 0x1d6fd4 (preset 0x276a)
generic 0x1d6fd4 (preset 0x276a),generic 0x1d6fd4 (preset 0x276a),0.082,no,the line between them touches another wall,generic 0x1d6fd4 (preset 0x276a)
generic 0x1d7054 (preset 0x276b),generic 0x1d7054 (preset 0x276b),0.083,no,the line between them touches another wall,generic 0x1d7054 (preset 0x276b)
generic 0x1d7054 (preset 0x276b),generic 0x1d7054 (preset 0x276b),0.083,no,the line between them touches another wall,generic 0x1d7054 (preset 0x276b)
generic 0x1d70d4 (preset 0x2762),generic 0x1d70d4 (preset 0x2762),0.12,no,the line between them touches another wall,generic 0x1d70d4 (preset 0x2762)
generic 0x1d70d4 (preset 0x2762),generic 0x1d70d4 (preset 0x2762),0.12,no,the line between them touches another wall,generic 0x1d70d4 (preset 0x2762)
generic 0x1d7154 (preset 0x276c),generic 0x1d7154 (preset 0x276c),0.035,no,neither wall could be placed on a tile,
generic 0x1d7154 (preset 0x276c),generic 0x1d71d4 (preset 0x276d),0.12,no,"another wall pokes into the space between them, so a tighter pair covers this gap",generic 0x1d7154 (preset 0x276c)
generic 0x1d7154 (preset 0x276c),generic 0x1d71d4 (preset 0x276d),0.12,no,the line between them touches another wall,generic 0x1d7154 (preset 0x276c)
generic 0x1d7154 (preset 0x276c),generic 0x1d71d4 (preset 0x276d),0.16,no,the line between them touches another wall,generic 0x1d7154 (preset 0x276c)
generic 0x1d7154 (preset 0x276c),generic 0x1d71d4 (preset 0x276d),56.127,no,"another wall pokes into the space between them, so a tighter pair covers this gap",generic 0x1d71d4 (preset 0x276d)
generic 0x1d7154 (preset 0x276c),generic 0x1d7254 (preset 0x276e),55.984,no,"another wall pokes into the space between them, so a tighter pair covers this gap",generic 0x1d7154 (preset 0x276c)
generic 0x1d7154 (preset 0x276c),generic 0x1d7254 (preset 0x276e),55.984,no,"another wall pokes into the space between them, so a tighter pair covers this gap",generic 0x1d7154 (preset 0x276c)
generic 0x1d7154 (preset 0x276c),generic 0x1d7254 (preset 0x276e),55.984,no,"another wall pokes into the space between them, so a tighter pair covers this gap",generic 0x1d7154 (preset 0x276c)
generic 0x1d7154 (preset 0x276c),generic 0x1d7154 (preset 0x276c),58.276,no,neither wall could be placed on a tile,
generic 0x1d7154 (preset 0x276c),generic 0x1d71d4 (preset 0x276d),58.132,no,neither wall could be placed on a tile,
generic 0x1d7154 (preset 0x276c),generic 0x1d71d4 (preset 0x276d),58.132,no,neither wall could be placed on a tile,
generic 0x1d7154 (preset 0x276c),generic 0x1d71d4 (preset 0x276d),58.132,no,the line between them touches another wall,generic 0x1d7154 (preset 0x276c)
generic 0x1d7154 (preset 0x276c),generic 0x1d7154 (preset 0x276c),58.276,no,the line between them touches another wall,generic 0x1d7154 (preset 0x276c)
generic 0x1d7154 (preset 0x276c),generic 0x1d7154 (preset 0x276c),58.276,no,the line between them touches another wall,generic 0x1d7154 (preset 0x276c)
generic 0x1d7154 (preset 0x276c),generic 0x1d71d4 (preset 0x276d),58.132,no,"the line between them leaves the walkable area (a wall's thickness, or another floor)",
generic 0x1d7154 (preset 0x276c),generic 0x1d71d4 (preset 0x276d),58.132,no,the line between them touches another wall,generic 0x1d7154 (preset 0x276c)
generic 0x1d7154 (preset 0x276c),generic 0x1d71d4 (preset 0x276d),58.132,no,the line between them touches another wall,generic 0x1d7154 (preset 0x276c)
generic 0x1d7154 (preset 0x276c),generic 0x1d71d4 (preset 0x276d),58.132,no,"another wall pokes into the space between them, so a tighter pair covers this gap",generic 0x1d71d4 (preset 0x276d)
generic 0x1d7154 (preset 0x276c),generic 0x1d7154 (preset 0x276c),0.035,no,the line between them touches another wall,generic 0x1d7154 (preset 0x276c)
generic 0x1d7154 (preset 0x276c),generic 0x1d71d4 (preset 0x276d),0.12,no,the line between them touches another wall,generic 0x1d71d4 (preset 0x276d)
generic 0x1d7154 (preset 0x276c),generic 0x1d71d4 (preset 0x276d),56.127,no,the line between them touches another wall,generic 0x1d71d4 (preset 0x276d)
generic 0x1d7154 (preset 0x276c),generic 0x1d71d4 (preset 0x276d),56.127,no,the line between them touches another wall,generic 0x1d71d4 (preset 0x276d)
generic 0x1d7154 (preset 0x276c),generic 0x1d7254 (preset 0x276e),55.984,no,"another wall pokes into the space between them, so a tighter pair covers this gap",generic 0x1d7154 (preset 0x276c)
generic 0x1d7154 (preset 0x276c),generic 0x1d7254 (preset 0x276e),55.984,no,"another wall pokes into the space between them, so a tighter pair covers this gap",generic 0x1d7254 (preset 0x276e)
generic 0x1d7154 (preset 0x276c),generic 0x1d71d4 (preset 0x276d),0.14,no,the line between them touches another wall,generic 0x1d71d4 (preset 0x276d)
generic 0x1d7154 (preset 0x276c),generic 0x1d71d4 (preset 0x276d),0.12,no,the line between them touches another wall,generic 0x1d71d4 (preset 0x276d)
generic 0x1d7154 (preset 0x276c),generic 0x1d71d4 (preset 0x276d),56.127,no,the line between them touches another wall,generic 0x1d71d4 (preset 0x276d)
generic 0x1d7154 (preset 0x276c),generic 0x1d71d4 (preset 0x276d),56.127,no,the line between them touches another wall,generic 0x1d71d4 (preset 0x276d)
generic 0x1d7154 (preset 0x276c),generic 0x1d7254 (preset 0x276e),55.983,yes,,
generic 0x1d7154 (preset 0x276c),generic 0x1d7254 (preset 0x276e),55.984,no,"another wall pokes into the space between them, so a tighter pair covers this gap",generic 0x1d7254 (preset 0x276e)
generic 0x1d7154 (preset 0x276c),generic 0x1d71d4 (preset 0x276d),0.14,no,the line between them touches another wall,generic 0x1d71d4 (preset 0x276d)
generic 0x1d7154 (preset 0x276c),generic 0x1d71d4 (preset 0x276d),0.14,no,the line between them touches another wall,generic 0x1d71d4 (preset 0x276d)
generic 0x1d7154 (preset 0x276c),generic 0x1d71d4 (preset 0x276d),0.15,no,the line between them touches another wall,generic 0x1d71d4 (preset 0x276d)
generic 0x1d7154 (preset 0x276c),generic 0x1d71d4 (preset 0x276d),56.127,no,the line between them touches another wall,generic 0x1d71d4 (preset 0x276d)
generic 0x1d7154 (preset 0x276c),generic 0x1d71d4 (preset 0x276d),56.127,no,"another wall pokes into the space between them, so a tighter pair covers this gap",generic 0x1d71d4 (preset 0x276d)
generic 0x1d7154 (preset 0x276c),generic 0x1d7254 (preset 0x276e),55.984,no,"another wall pokes into the space between them, so a tighter pair covers this gap",generic 0x1d7254 (preset 0x276e)
generic 0x1d7154 (preset 0x276c),generic 0x1d7254 (preset 0x276e),55.983,yes,,
generic 0x1d7154 (preset 0x276c),generic 0x1d7254 (preset 0x276e),55.983,yes,,
generic 0x1d7154 (preset 0x276c),generic 0x1d7254 (preset 0x276e),55.984,no,"another wall pokes into the space between them, so a tighter pair covers this gap",generic 0x1d7154 (preset 0x276c)
generic 0x1d71d4 (preset 0x276d),generic 0x1d71d4 (preset 0x276d),0.035,no,the line between them touches another wall,generic 0x1d71d4 (preset 0x276d)
generic 0x1d71d4 (preset 0x276d),generic 0x1d7254 (preset 0x276e),0.12,no,the line between them touches another wall,generic 0x1d71d4 (preset 0x276d)
generic 0x1d71d4 (preset 0x276d),generic 0x1d7254 (preset 0x276e),0.12,no,the line between them touches another wall,generic 0x1d71d4 (preset 0x276d)
generic 0x1d71d4 (preset 0x276d),generic 0x1d7254 (preset 0x276e),0.15,no,the line between them touches another wall,generic 0x1d71d4 (preset 0x276d)
generic 0x1d71d4 (preset 0x276d),generic 0x1d7254 (preset 0x276e),58.132,no,"another wall pokes into the space between them, so a tighter pair covers this gap",generic 0x1d71d4 (preset 0x276d)
generic 0x1d71d4 (preset 0x276d),generic 0x1d72d4 (preset 0x276f),57.988,no,"another wall pokes into the space between them, so a tighter pair covers this gap",generic 0x1d71d4 (preset 0x276d)
generic 0x1d71d4 (preset 0x276d),generic 0x1d72d4 (preset 0x276f),57.988,no,"another wall pokes into the space between them, so a tighter pair covers this gap",generic 0x1d71d4 (preset 0x276d)
generic 0x1d71d4 (preset 0x276d),generic 0x1d72d4 (preset 0x276f),57.988,no,"another wall pokes into the space between them, so a tighter pair covers this gap",generic 0x1d71d4 (preset 0x276d)
generic 0x1d71d4 (preset 0x276d),generic 0x1d71d4 (preset 0x276d),56.271,no,the line between them touches another wall,generic 0x1d71d4 (preset 0x276d)
generic 0x1d71d4 (preset 0x276d),generic 0x1d7254 (preset 0x276e),56.127,no,the line between them touches another wall,generic 0x1d71d4 (preset 0x276d)
generic 0x1d71d4 (preset 0x276d),generic 0x1d7254 (preset 0x276e),56.127,no,the line between them touches another wall,generic 0x1d71d4 (preset 0x276d)
generic 0x1d71d4 (preset 0x276d),generic 0x1d7254 (preset 0x276e),56.127,no,the line between them touches another wall,generic 0x1d71d4 (preset 0x276d)
generic 0x1d71d4 (preset 0x276d),generic 0x1d71d4 (preset 0x276d),56.271,no,the line between them touches another wall,generic 0x1d71d4 (preset 0x276d)
generic 0x1d71d4 (preset 0x276d),generic 0x1d71d4 (preset 0x276d),56.271,no,the line between them touches another wall,generic 0x1d71d4 (preset 0x276d)
generic 0x1d71d4 (preset 0x276d),generic 0x1d7254 (preset 0x276e),56.127,no,the line between them touches another wall,generic 0x1d71d4 (preset 0x276d)
generic 0x1d71d4 (preset 0x276d),generic 0x1d7254 (preset 0x276e),56.127,no,the line between them touches another wall,generic 0x1d71d4 (preset 0x276d)
generic 0x1d71d4 (preset 0x276d),generic 0x1d7254 (preset 0x276e),56.127,no,"another wall pokes into the space between them, so a tighter pair covers this gap",generic 0x1d71d4 (preset 0x276d)
generic 0x1d71d4 (preset 0x276d),generic 0x1d7254 (preset 0x276e),56.127,no,"another wall pokes into the space between them, so a tighter pair covers this gap",generic 0x1d71d4 (preset 0x276d)
generic 0x1d71d4 (preset 0x276d),generic 0x1d71d4 (preset 0x276d),0.035,no,the line between them touches another wall,generic 0x1d71d4 (preset 0x276d)
generic 0x1d71d4 (preset 0x276d),generic 0x1d7254 (preset 0x276e),0.12,no,"another wall pokes into the space between them, so a tighter pair covers this gap",generic 0x1d7254 (preset 0x276e)
generic 0x1d71d4 (preset 0x276d),generic 0x1d7254 (preset 0x276e),58.132,no,the line between them touches another wall,generic 0x1d7254 (preset 0x276e)
generic 0x1d71d4 (preset 0x276d),generic 0x1d7254 (preset 0x276e),58.132,no,the line between them touches another wall,generic 0x1d7254 (preset 0x276e)
generic 0x1d71d4 (preset 0x276d),generic 0x1d72d4 (preset 0x276f),57.988,no,"another wall pokes into the space between them, so a tighter pair covers this gap",generic 0x1d71d4 (preset 0x276d)
generic 0x1d71d4 (preset 0x276d),generic 0x1d72d4 (preset 0x276f),57.988,no,"another wall pokes into the space between them, so a tighter pair covers this gap",generic 0x1d72d4 (preset 0x276f)
generic 0x1d71d4 (preset 0x276d),generic 0x1d7254 (preset 0x276e),0.14,no,the line between them touches another wall,generic 0x1d71d4 (preset 0x276d)
generic 0x1d71d4 (preset 0x276d),generic 0x1d7254 (preset 0x276e),0.12,no,the line between them touches another wall,generic 0x1d7254 (preset 0x276e)
generic 0x1d71d4 (preset 0x276d),generic 0x1d7254 (preset 0x276e),58.132,no,the line between them touches another wall,generic 0x1d7254 (preset 0x276e)
generic 0x1d71d4 (preset 0x276d),generic 0x1d7254 (preset 0x276e),58.132,no,the line between them touches another wall,generic 0x1d7254 (preset 0x276e)
generic 0x1d71d4 (preset 0x276d),generic 0x1d72d4 (preset 0x276f),57.988,yes,,
generic 0x1d71d4 (preset 0x276d),generic 0x1d72d4 (preset 0x276f),57.988,no,"another wall pokes into the space between them, so a tighter pair covers this gap",generic 0x1d72d4 (preset 0x276f)
generic 0x1d71d4 (preset 0x276d),generic 0x1d7254 (preset 0x276e),0.14,no,the line between them touches another wall,generic 0x1d71d4 (preset 0x276d)
generic 0x1d71d4 (preset 0x276d),generic 0x1d7254 (preset 0x276e),0.14,no,the line between them touches another wall,generic 0x1d71d4 (preset 0x276d)
generic 0x1d71d4 (preset 0x276d),generic 0x1d7254 (preset 0x276e),0.16,no,the line between them touches another wall,generic 0x1d7254 (preset 0x276e)
generic 0x1d71d4 (preset 0x276d),generic 0x1d7254 (preset 0x276e),58.132,no,the line between them touches another wall,generic 0x1d7254 (preset 0x276e)
generic 0x1d71d4 (preset 0x276d),generic 0x1d7254 (preset 0x276e),58.132,no,the line between them touches another wall,generic 0x1d7254 (preset 0x276e)
generic 0x1d71d4 (preset 0x276d),generic 0x1d72d4 (preset 0x276f),57.988,no,"another wall pokes into the space between them, so a tighter pair covers this gap",generic 0x1d72d4 (preset 0x276f)
generic 0x1d71d4 (preset 0x276d),generic 0x1d72d4 (preset 0x276f),57.988,no,"another wall pokes into the space between them, so a tighter pair covers this gap",generic 0x1d72d4 (preset 0x276f)
generic 0x1d71d4 (preset 0x276d),generic 0x1d72d4 (preset 0x276f),57.988,yes,,
generic 0x1d71d4 (preset 0x276d),generic 0x1d72d4 (preset 0x276f),57.988,no,"another wall pokes into the space between them, so a tighter pair covers this gap",generic 0x1d71d4 (preset 0x276d)
generic 0x1d7254 (preset 0x276e),generic 0x1d7254 (preset 0x276e),0.035,no,the line between them touches another wall,generic 0x1d7254 (preset 0x276e)
generic 0x1d7254 (preset 0x276e),generic 0x1d72d4 (preset 0x276f),0.12,no,the line between them touches another wall,generic 0x1d7254 (preset 0x276e)
generic 0x1d7254 (preset 0x276e),generic 0x1d72d4 (preset 0x276f),0.12,no,the line between them touches another wall,generic 0x1d7254 (preset 0x276e)
generic 0x1d7254 (preset 0x276e),generic 0x1d72d4 (preset 0x276f),0.16,no,the line between them touches another wall,generic 0x1d7254 (preset 0x276e)
generic 0x1d7254 (preset 0x276e),generic 0x1d72d4 (preset 0x276f),58.132,no,"another wall pokes into the space between them, so a tighter pair covers this gap",generic 0x1d72d4 (preset 0x276f)
generic 0x1d7254 (preset 0x276e),generic 0x1d7254 (preset 0x276e),58.276,no,the line between them touches another wall,generic 0x1d7254 (preset 0x276e)
generic 0x1d7254 (preset 0x276e),generic 0x1d72d4 (preset 0x276f),58.132,no,the line between them touches another wall,generic 0x1d7254 (preset 0x276e)
generic 0x1d7254 (preset 0x276e),generic 0x1d72d4 (preset 0x276f),58.132,no,the line between them touches another wall,generic 0x1d7254 (preset 0x276e)
generic 0x1d7254 (preset 0x276e),generic 0x1d72d4 (preset 0x276f),58.132,no,the line between them touches another wall,generic 0x1d7254 (preset 0x276e)
generic 0x1d7254 (preset 0x276e),generic 0x1d7254 (preset 0x276e),58.276,no,the line between them touches another wall,generic 0x1d7254 (preset 0x276e)
generic 0x1d7254 (preset 0x276e),generic 0x1d7254 (preset 0x276e),58.276,no,the line between them touches another wall,generic 0x1d7254 (preset 0x276e)
generic 0x1d7254 (preset 0x276e),generic 0x1d72d4 (preset 0x276f),58.132,no,the line between them touches another wall,generic 0x1d7254 (preset 0x276e)
generic 0x1d7254 (preset 0x276e),generic 0x1d72d4 (preset 0x276f),58.132,no,the line between them touches another wall,generic 0x1d7254 (preset 0x276e)
generic 0x1d7254 (preset 0x276e),generic 0x1d72d4 (preset 0x276f),58.132,no,the line between them touches another wall,generic 0x1d7254 (preset 0x276e)
generic 0x1d7254 (preset 0x276e),generic 0x1d72d4 (preset 0x276f),58.132,no,"another wall pokes into the space between them, so a tighter pair covers this gap",generic 0x1d72d4 (preset 0x276f)
generic 0x1d7254 (preset 0x276e),generic 0x1d7254 (preset 0x276e),0.035,no,the line between them touches another wall,generic 0x1d7254 (preset 0x276e)
generic 0x1d7254 (preset 0x276e),generic 0x1d72d4 (preset 0x276f),0.12,no,the line between them touches another wall,generic 0x1d72d4 (preset 0x276f)
generic 0x1d7254 (preset 0x276e),generic 0x1d72d4 (preset 0x276f),58.132,no,the line between them touches another wall,generic 0x1d72d4 (preset 0x276f)
generic 0x1d7254 (preset 0x276e),generic 0x1d72d4 (preset 0x276f),58.132,no,the line between them touches another wall,generic 0x1d72d4 (preset 0x276f)
generic 0x1d7254 (preset 0x276e),generic 0x1d72d4 (preset 0x276f),0.14,no,the line between them touches another wall,generic 0x1d72d4 (preset 0x276f)
generic 0x1d7254 (preset 0x276e),generic 0x1d72d4 (preset 0x276f),0.12,no,the line between them touches another wall,generic 0x1d72d4 (preset 0x276f)
generic 0x1d7254 (preset 0x276e),generic 0x1d72d4 (preset 0x276f),58.132,no,the line between them touches another wall,generic 0x1d72d4 (preset 0x276f)
generic 0x1d7254 (preset 0x276e),generic 0x1d72d4 (preset 0x276f),58.132,no,the line between them touches another wall,generic 0x1d72d4 (preset 0x276f)
generic 0x1d7254 (preset 0x276e),generic 0x1d72d4 (preset 0x276f),0.14,no,the line between them touches another wall,generic 0x1d72d4 (preset 0x276f)
generic 0x1d7254 (preset 0x276e),generic 0x1d72d4 (preset 0x276f),0.14,no,the line between them touches another wall,generic 0x1d72d4 (preset 0x276f)
generic 0x1d7254 (preset 0x276e),generic 0x1d72d4 (preset 0x276f),0.16,no,the line between them touches another wall,generic 0x1d72d4 (preset 0x276f)
generic 0x1d7254 (preset 0x276e),generic 0x1d72d4 (preset 0x276f),58.132,no,the line between them touches another wall,generic 0x1d72d4 (preset 0x276f)
generic 0x1d7254 (preset 0x276e),generic 0x1d72d4 (preset 0x276f),58.132,no,the line between them touches another wall,generic 0x1d72d4 (preset 0x276f)
generic 0x1d72d4 (preset 0x276f),generic 0x1d72d4 (preset 0x276f),0.035,no,the line between them touches another wall,generic 0x1d72d4 (preset 0x276f)
generic 0x1d72d4 (preset 0x276f),generic 0x1d72d4 (preset 0x276f),58.276,no,the line between them touches another wall,generic 0x1d72d4 (preset 0x276f)
generic 0x1d72d4 (preset 0x276f),generic 0x1d72d4 (preset 0x276f),58.276,no,the line between them touches another wall,generic 0x1d72d4 (preset 0x276f)
generic 0x1d72d4 (preset 0x276f),generic 0x1d72d4 (preset 0x276f),58.276,no,the line between them touches another wall,generic 0x1d72d4 (preset 0x276f)
generic 0x1d72d4 (preset 0x276f),generic 0x1d72d4 (preset 0x276f),0.035,no,the line between them touches another wall,generic 0x1d72d4 (preset 0x276f)
generic 0x1d7354 (preset 0x2770),generic 0x1d7354 (preset 0x2770),0.035,no,the line between them touches another wall,generic 0x1d7354 (preset 0x2770)
generic 0x1d7354 (preset 0x2770),generic 0x1d73d4 (preset 0x2771),0.12,no,"another wall pokes into the space between them, so a tighter pair covers this gap",generic 0x1d73d4 (preset 0x2771)
generic 0x1d7354 (preset 0x2770),generic 0x1d73d4 (preset 0x2771),56.127,no,the line between them touches another wall,generic 0x1d73d4 (preset 0x2771)
generic 0x1d7354 (preset 0x2770),generic 0x1d73d4 (preset 0x2771),56.127,no,the line between them touches another wall,generic 0x1d73d4 (preset 0x2771)
generic 0x1d7354 (preset 0x2770),generic 0x1d7454 (preset 0x2772),55.984,no,"another wall pokes into the space between them, so a tighter pair covers this gap",generic 0x1d7454 (preset 0x2772)
generic 0x1d7354 (preset 0x2770),generic 0x1d7454 (preset 0x2772),55.984,no,"another wall pokes into the space between them, so a tighter pair covers this gap",generic 0x1d7354 (preset 0x2770)
generic 0x1d7354 (preset 0x2770),generic 0x1d7554 (preset 0x2780),0.088,no,the line between them touches another wall,generic 0x1d7354 (preset 0x2770)
generic 0x1d7354 (preset 0x2770),generic 0x1d7554 (preset 0x2780),0.088,no,the line between them touches another wall,generic 0x1d7354 (preset 0x2770)
generic 0x1d7354 (preset 0x2770),generic 0x1d7554 (preset 0x2780),0.12,no,the line between them touches another wall,generic 0x1d7354 (preset 0x2770)
generic 0x1d7354 (preset 0x2770),generic 0x1d7554 (preset 0x2780),58.132,no,"another wall pokes into the space between them, so a tighter pair covers this gap",generic 0x1d7354 (preset 0x2770)
generic 0x1d7354 (preset 0x2770),generic 0x1d75d4 (preset 0x2781),57.988,no,"another wall pokes into the space between them, so a tighter pair covers this gap",generic 0x1d7354 (preset 0x2770)
generic 0x1d7354 (preset 0x2770),generic 0x1d75d4 (preset 0x2781),57.988,no,"another wall pokes into the space between them, so a tighter pair covers this gap",generic 0x1d7354 (preset 0x2770)
generic 0x1d7354 (preset 0x2770),generic 0x1d75d4 (preset 0x2781),57.988,no,"another wall pokes into the space between them, so a tighter pair covers this gap",generic 0x1d7354 (preset 0x2770)
generic 0x1d7354 (preset 0x2770),generic 0x1d7354 (preset 0x2770),58.276,no,the line between them touches another wall,generic 0x1d7354 (preset 0x2770)
generic 0x1d7354 (preset 0x2770),generic 0x1d73d4 (preset 0x2771),0.12,no,the line between them touches another wall,generic 0x1d73d4 (preset 0x2771)
generic 0x1d7354 (preset 0x2770),generic 0x1d73d4 (preset 0x2771),56.127,no,the line between them touches another wall,generic 0x1d73d4 (preset 0x2771)
generic 0x1d7354 (preset 0x2770),generic 0x1d73d4 (preset 0x2771),56.127,no,the line between them touches another wall,generic 0x1d73d4 (preset 0x2771)
generic 0x1d7354 (preset 0x2770),generic 0x1d73d4 (preset 0x2771),0.14,no,the line between them touches another wall,generic 0x1d73d4 (preset 0x2771)
generic 0x1d7354 (preset 0x2770),generic 0x1d7454 (preset 0x2772),55.984,no,"another wall pokes into the space between them, so a tighter pair covers this gap",generic 0x1d7454 (preset 0x2772)
generic 0x1d7354 (preset 0x2770),generic 0x1d7454 (preset 0x2772),55.983,yes,,
generic 0x1d7354 (preset 0x2770),generic 0x1d7554 (preset 0x2780),58.132,no,the line between them touches another wall,generic 0x1d7354 (preset 0x2770)
generic 0x1d7354 (preset 0x2770),generic 0x1d7554 (preset 0x2780),58.132,no,the line between them touches another wall,generic 0x1d7354 (preset 0x2770)
generic 0x1d7354 (preset 0x2770),generic 0x1d7554 (preset 0x2780),58.132,no,the line between them touches another wall,generic 0x1d7354 (preset 0x2770)
generic 0x1d7354 (preset 0x2770),generic 0x1d7354 (preset 0x2770),58.276,no,the line between them touches another wall,generic 0x1d7354 (preset 0x2770)
generic 0x1d7354 (preset 0x2770),generic 0x1d7354 (preset 0x2770),58.276,no,the line between them touches another wall,generic 0x1d7354 (preset 0x2770)
generic 0x1d7354 (preset 0x2770),generic 0x1d73d4 (preset 0x2771),0.15,no,the line between them touches another wall,generic 0x1d73d4 (preset 0x2771)
generic 0x1d7354 (preset 0x2770),generic 0x1d73d4 (preset 0x2771),56.127,no,the line between them touches another wall,generic 0x1d73d4 (preset 0x2771)
generic 0x1d7354 (preset 0x2770),generic 0x1d73d4 (preset 0x2771),56.127,no,"another wall pokes into the space between them, so a tighter pair covers this gap",generic 0x1d73d4 (preset 0x2771)
generic 0x1d7354 (preset 0x2770),generic 0x1d73d4 (preset 0x2771),0.14,no,the line between them touches another wall,generic 0x1d73d4 (preset 0x2771)
generic 0x1d7354 (preset 0x2770),generic 0x1d73d4 (preset 0x2771),0.14,no,the line between them touches another wall,generic 0x1d73d4 (preset 0x2771)
generic 0x1d7354 (preset 0x2770),generic 0x1d7454 (preset 0x2772),55.984,no,"another wall pokes into the space between them, so a tighter pair covers this gap",generic 0x1d7454 (preset 0x2772)
generic 0x1d7354 (preset 0x2770),generic 0x1d7454 (preset 0x2772),55.984,no,"another wall pokes into the space between them, so a tighter pair covers this gap",generic 0x1d7454 (preset 0x2772)
generic 0x1d7354 (preset 0x2770),generic 0x1d7454 (preset 0x2772),55.983,yes,,
generic 0x1d7354 (preset 0x2770),generic 0x1d7454 (preset 0x2772),55.983,yes,,
generic 0x1d7354 (preset 0x2770),generic 0x1d7554 (preset 0x2780),58.132,no,the line between them touches another wall,generic 0x1d7354 (preset 0x2770)
generic 0x1d7354 (preset 0x2770),generic 0x1d7554 (preset 0x2780),58.132,no,the line between them touches another wall,generic 0x1d7354 (preset 0x2770)
generic 0x1d7354 (preset 0x2770),generic 0x1d7554 (preset 0x2780),58.132,no,the line between them touches another wall,generic 0x1d7354 (preset 0x2770)
generic 0x1d7354 (preset 0x2770),generic 0x1d7554 (preset 0x2780),58.132,no,"another wall pokes into the space between them, so a tighter pair covers this gap",generic 0x1d7354 (preset 0x2770)
generic 0x1d7354 (preset 0x2770),generic 0x1d7354 (preset 0x2770),0.035,no,the line between them touches another wall,generic 0x1d7354 (preset 0x2770)
generic 0x1d7354 (preset 0x2770),generic 0x1d73d4 (preset 0x2771),56.127,no,"another wall pokes into the space between them, so a tighter pair covers this gap",generic 0x1d73d4 (preset 0x2771)
generic 0x1d7354 (preset 0x2770),generic 0x1d73d4 (preset 0x2771),0.12,no,the line between them touches another wall,generic 0x1d7354 (preset 0x2770)
generic 0x1d7354 (preset 0x2770),generic 0x1d73d4 (preset 0x2771),0.12,no,the line between them touches another wall,generic 0x1d7354 (preset 0x2770)
generic 0x1d7354 (preset 0x2770),generic 0x1d73d4 (preset 0x2771),0.16,no,the line between them touches another wall,generic 0x1d7354 (preset 0x2770)
generic 0x1d7354 (preset 0x2770),generic 0x1d7454 (preset 0x2772),55.984,no,"another wall pokes into the space between them, so a tighter pair covers this gap",generic 0x1d7354 (preset 0x2770)
generic 0x1d7354 (preset 0x2770),generic 0x1d7454 (preset 0x2772),55.984,no,"another wall pokes into the space between them, so a tighter pair covers this gap",generic 0x1d7354 (preset 0x2770)
generic 0x1d7354 (preset 0x2770),generic 0x1d7454 (preset 0x2772),55.984,no,"another wall pokes into the space between them, so a tighter pair covers this gap",generic 0x1d7454 (preset 0x2772)
generic 0x1d7354 (preset 0x2770),generic 0x1d7554 (preset 0x2780),0.12,no,the line between them touches another wall,generic 0x1d7554 (preset 0x2780)
generic 0x1d7354 (preset 0x2770),generic 0x1d7554 (preset 0x2780),58.132,no,the line between them touches another wall,generic 0x1d7554 (preset 0x2780)
generic 0x1d7354 (preset 0x2770),generic 0x1d7554 (preset 0x2780),58.132,no,the line between them touches another wall,generic 0x1d7554 (preset 0x2780)
generic 0x1d7354 (preset 0x2770),generic 0x1d75d4 (preset 0x2781),57.988,no,"another wall pokes into the space between them, so a tighter pair covers this gap",generic 0x1d7354 (preset 0x2770)
generic 0x1d7354 (preset 0x2770),generic 0x1d75d4 (preset 0x2781),57.988,no,"another wall pokes into the space between them, so a tighter pair covers this gap",generic 0x1d75d4 (preset 0x2781)
generic 0x1d7354 (preset 0x2770),generic 0x1d73d4 (preset 0x2771),58.132,no,the line between them touches another wall,generic 0x1d7354 (preset 0x2770)
generic 0x1d7354 (preset 0x2770),generic 0x1d73d4 (preset 0x2771),58.132,no,the line between them touches another wall,generic 0x1d7354 (preset 0x2770)
generic 0x1d7354 (preset 0x2770),generic 0x1d73d4 (preset 0x2771),58.132,no,the line between them touches another wall,generic 0x1d7354 (preset 0x2770)
generic 0x1d7354 (preset 0x2770),generic 0x1d7554 (preset 0x2780),0.14,no,the line between them touches another wall,generic 0x1d7554 (preset 0x2780)
generic 0x1d7354 (preset 0x2770),generic 0x1d7554 (preset 0x2780),0.12,no,the line between them touches another wall,generic 0x1d7554 (preset 0x2780)
generic 0x1d7354 (preset 0x2770),generic 0x1d7554 (preset 0x2780),58.132,no,the line between them touches another wall,generic 0x1d7554 (preset 0x2780)
generic 0x1d7354 (preset 0x2770),generic 0x1d7554 (preset 0x2780),58.132,no,the line between them touches another wall,generic 0x1d7554 (preset 0x2780)
generic 0x1d7354 (preset 0x2770),generic 0x1d75d4 (preset 0x2781),57.988,no,"another wall pokes into the space between them, so a tighter pair covers this gap",generic 0x1d7354 (preset 0x2770)
generic 0x1d7354 (preset 0x2770),generic 0x1d75d4 (preset 0x2781),57.988,no,"another wall pokes into the space between them, so a tighter pair covers this gap",generic 0x1d75d4 (preset 0x2781)
generic 0x1d7354 (preset 0x2770),generic 0x1d73d4 (preset 0x2771),58.132,no,"another wall pokes into the space between them, so a tighter pair covers this gap",generic 0x1d73d4 (preset 0x2771)
generic 0x1d7354 (preset 0x2770),generic 0x1d73d4 (preset 0x2771),58.132,no,the line between them touches another wall,generic 0x1d7354 (preset 0x2770)
generic 0x1d7354 (preset 0x2770),generic 0x1d73d4 (preset 0x2771),58.132,no,the line between them touches another wall,generic 0x1d7354 (preset 0x2770)
generic 0x1d7354 (preset 0x2770),generic 0x1d73d4 (preset 0x2771),58.132,no,the line between them touches another wall,generic 0x1d7354 (preset 0x2770)
generic 0x1d7354 (preset 0x2770),generic 0x1d7554 (preset 0x2780),0.14,no,the line between them touches another wall,generic 0x1d7354 (preset 0x2770)
generic 0x1d7354 (preset 0x2770),generic 0x1d7554 (preset 0x2780),0.14,no,the line between them touches another wall,generic 0x1d7354 (preset 0x2770)
generic 0x1d7354 (preset 0x2770),generic 0x1d7554 (preset 0x2780),0.16,no,the line between them touches another wall,generic 0x1d7554 (preset 0x2780)
generic 0x1d7354 (preset 0x2770),generic 0x1d7554 (preset 0x2780),58.132,no,the line between them touches another wall,generic 0x1d7554 (preset 0x2780)
generic 0x1d7354 (preset 0x2770),generic 0x1d7554 (preset 0x2780),58.132,no,"another wall pokes into the space between them, so a tighter pair covers this gap",generic 0x1d7554 (preset 0x2780)
generic 0x1d7354 (preset 0x2770),generic 0x1d75d4 (preset 0x2781),57.988,no,"another wall pokes into the space between them, so a tighter pair covers this gap",generic 0x1d75d4 (preset 0x2781)
generic 0x1d7354 (preset 0x2770),generic 0x1d75d4 (preset 0x2781),57.988,yes,,
generic 0x1d7354 (preset 0x2770),generic 0x1d75d4 (preset 0x2781),57.988,yes,,
generic 0x1d7354 (preset 0x2770),generic 0x1d75d4 (preset 0x2781),57.988,no,"another wall pokes into the space between them, so a tighter pair covers this gap",generic 0x1d7354 (preset 0x2770)
generic 0x1d73d4 (preset 0x2771),generic 0x1d73d4 (preset 0x2771),0.035,no,the line between them touches another wall,generic 0x1d73d4 (preset 0x2771)
generic 0x1d73d4 (preset 0x2771),generic 0x1d7454 (preset 0x2772),0.12,no,the line between them touches another wall,generic 0x1d7454 (preset 0x2772)
generic 0x1d73d4 (preset 0x2771),generic 0x1d7454 (preset 0x2772),58.132,no,the line between them touches another wall,generic 0x1d7454 (preset 0x2772)
generic 0x1d73d4 (preset 0x2771),generic 0x1d7454 (preset 0x2772),58.132,no,the line between them touches another wall,generic 0x1d7454 (preset 0x2772)
generic 0x1d73d4 (preset 0x2771),generic 0x1d74d4 (preset 0x2773),57.988,no,"another wall pokes into the space between them, so a tighter pair covers this gap",generic 0x1d74d4 (preset 0x2773)
generic 0x1d73d4 (preset 0x2771),generic 0x1d74d4 (preset 0x2773),57.988,no,"another wall pokes into the space between them, so a tighter pair covers this gap",generic 0x1d73d4 (preset 0x2771)
generic 0x1d73d4 (preset 0x2771),generic 0x1d7554 (preset 0x2780),57.988,no,"another wall pokes into the space between them, so a tighter pair covers this gap",generic 0x1d73d4 (preset 0x2771)
generic 0x1d73d4 (preset 0x2771),generic 0x1d7554 (preset 0x2780),57.988,no,"another wall pokes into the space between them, so a tighter pair covers this gap",generic 0x1d73d4 (preset 0x2771)
generic 0x1d73d4 (preset 0x2771),generic 0x1d7554 (preset 0x2780),57.988,no,"another wall pokes into the space between them, so a tighter pair covers this gap",generic 0x1d73d4 (preset 0x2771)
generic 0x1d73d4 (preset 0x2771),generic 0x1d73d4 (preset 0x2771),56.271,no,the line between them touches another wall,generic 0x1d73d4 (preset 0x2771)
generic 0x1d73d4 (preset 0x2771),generic 0x1d7454 (preset 0x2772),0.12,no,the line between them touches another wall,generic 0x1d7454 (preset 0x2772)
generic 0x1d73d4 (preset 0x2771),generic 0x1d7454 (preset 0x2772),58.132,no,the line between them touches another wall,generic 0x1d7454 (preset 0x2772)
generic 0x1d73d4 (preset 0x2771),generic 0x1d7454 (preset 0x2772),58.132,no,the line between them touches another wall,generic 0x1d7454 (preset 0x2772)
generic 0x1d73d4 (preset 0x2771),generic 0x1d7454 (preset 0x2772),0.14,no,the line between them touches another wall,generic 0x1d7454 (preset 0x2772)
generic 0x1d73d4 (preset 0x2771),generic 0x1d74d4 (preset 0x2773),57.988,no,"another wall pokes into the space between them, so a tighter pair covers this gap",generic 0x1d74d4 (preset 0x2773)
generic 0x1d73d4 (preset 0x2771),generic 0x1d74d4 (preset 0x2773),57.988,yes,,
generic 0x1d73d4 (preset 0x2771),generic 0x1d73d4 (preset 0x2771),56.271,no,the line between them touches another wall,generic 0x1d73d4 (preset 0x2771)
generic 0x1d73d4 (preset 0x2771),generic 0x1d73d4 (preset 0x2771),56.271,no,the line between them touches another wall,generic 0x1d73d4 (preset 0x2771)
generic 0x1d73d4 (preset 0x2771),generic 0x1d7454 (preset 0x2772),0.16,no,the line between them touches another wall,generic 0x1d7454 (preset 0x2772)
generic 0x1d73d4 (preset 0x2771),generic 0x1d7454 (preset 0x2772),58.132,no,the line between them touches another wall,generic 0x1d7454 (preset 0x2772)
generic 0x1d73d4 (preset 0x2771),generic 0x1d7454 (preset 0x2772),58.132,no,the line between them touches another wall,generic 0x1d7454 (preset 0x2772)
generic 0x1d73d4 (preset 0x2771),generic 0x1d7454 (preset 0x2772),0.14,no,the line between them touches another wall,generic 0x1d7454 (preset 0x2772)
generic 0x1d73d4 (preset 0x2771),generic 0x1d7454 (preset 0x2772),0.14,no,the line between them touches another wall,generic 0x1d7454 (preset 0x2772)
generic 0x1d73d4 (preset 0x2771),generic 0x1d74d4 (preset 0x2773),57.988,no,"another wall pokes into the space between them, so a tighter pair covers this gap",generic 0x1d73d4 (preset 0x2771)
generic 0x1d73d4 (preset 0x2771),generic 0x1d74d4 (preset 0x2773),57.988,no,"another wall pokes into the space between them, so a tighter pair covers this gap",generic 0x1d74d4 (preset 0x2773)
generic 0x1d73d4 (preset 0x2771),generic 0x1d74d4 (preset 0x2773),57.988,no,"another wall pokes into the space between them, so a tighter pair covers this gap",generic 0x1d74d4 (preset 0x2773)
generic 0x1d73d4 (preset 0x2771),generic 0x1d74d4 (preset 0x2773),57.988,yes,,
generic 0x1d73d4 (preset 0x2771),generic 0x1d73d4 (preset 0x2771),0.035,no,the line between them touches another wall,generic 0x1d73d4 (preset 0x2771)
generic 0x1d73d4 (preset 0x2771),generic 0x1d7454 (preset 0x2772),58.132,no,"another wall pokes into the space between them, so a tighter pair covers this gap",generic 0x1d7454 (preset 0x2772)
generic 0x1d73d4 (preset 0x2771),generic 0x1d7454 (preset 0x2772),0.12,no,"another wall pokes into the space between them, so a tighter pair covers this gap",generic 0x1d73d4 (preset 0x2771)
generic 0x1d73d4 (preset 0x2771),generic 0x1d7454 (preset 0x2772),0.12,no,the line between them touches another wall,generic 0x1d73d4 (preset 0x2771)
generic 0x1d73d4 (preset 0x2771),generic 0x1d7454 (preset 0x2772),0.15,no,the line between them touches another wall,generic 0x1d73d4 (preset 0x2771)
generic 0x1d73d4 (preset 0x2771),generic 0x1d74d4 (preset 0x2773),57.988,no,"another wall pokes into the space between them, so a tighter pair covers this gap",generic 0x1d73d4 (preset 0x2771)
generic 0x1d73d4 (preset 0x2771),generic 0x1d74d4 (preset 0x2773),57.988,no,"another wall pokes into the space between them, so a tighter pair covers this gap",generic 0x1d73d4 (preset 0x2771)
generic 0x1d73d4 (preset 0x2771),generic 0x1d74d4 (preset 0x2773),57.988,no,"another wall pokes into the space between them, so a tighter pair covers this gap",generic 0x1d73d4 (preset 0x2771)
generic 0x1d73d4 (preset 0x2771),generic 0x1d7554 (preset 0x2780),57.988,no,"another wall pokes into the space between them, so a tighter pair covers this gap",generic 0x1d73d4 (preset 0x2771)
generic 0x1d73d4 (preset 0x2771),generic 0x1d7554 (preset 0x2780),57.988,no,"another wall pokes into the space between them, so a tighter pair covers this gap",generic 0x1d7554 (preset 0x2780)
generic 0x1d73d4 (preset 0x2771),generic 0x1d7454 (preset 0x2772),56.127,no,the line between them touches another wall,generic 0x1d73d4 (preset 0x2771)
generic 0x1d73d4 (preset 0x2771),generic 0x1d7454 (preset 0x2772),56.127,no,the line between them touches another wall,generic 0x1d73d4 (preset 0x2771)
generic 0x1d73d4 (preset 0x2771),generic 0x1d7454 (preset 0x2772),56.127,no,the line between them touches another wall,generic 0x1d73d4 (preset 0x2771)
generic 0x1d73d4 (preset 0x2771),generic 0x1d7554 (preset 0x2780),57.988,no,"another wall pokes into the space between them, so a tighter pair covers this gap",generic 0x1d73d4 (preset 0x2771)
generic 0x1d73d4 (preset 0x2771),generic 0x1d7554 (preset 0x2780),57.988,no,"another wall pokes into the space between them, so a tighter pair covers this gap",generic 0x1d7554 (preset 0x2780)
generic 0x1d73d4 (preset 0x2771),generic 0x1d7454 (preset 0x2772),56.127,no,"another wall pokes into the space between them, so a tighter pair covers this gap",generic 0x1d7454 (preset 0x2772)
generic 0x1d73d4 (preset 0x2771),generic 0x1d7454 (preset 0x2772),56.127,no,the line between them touches another wall,generic 0x1d73d4 (preset 0x2771)
generic 0x1d73d4 (preset 0x2771),generic 0x1d7454 (preset 0x2772),56.127,no,the line between them touches another wall,generic 0x1d73d4 (preset 0x2771)
generic 0x1d73d4 (preset 0x2771),generic 0x1d7454 (preset 0x2772),56.127,no,"another wall pokes into the space between them, so a tighter pair covers this gap",generic 0x1d73d4 (preset 0x2771)
generic 0x1d73d4 (preset 0x2771),generic 0x1d7554 (preset 0x2780),57.988,no,"another wall pokes into the space between them, so a tighter pair covers this gap",generic 0x1d7554 (preset 0x2780)
generic 0x1d73d4 (preset 0x2771),generic 0x1d7554 (preset 0x2780),57.988,yes,,
generic 0x1d73d4 (preset 0x2771),generic 0x1d7554 (preset 0x2780),57.988,yes,,
generic 0x1d73d4 (preset 0x2771),generic 0x1d7554 (preset 0x2780),57.988,no,"another wall pokes into the space between them, so a tighter pair covers this gap",generic 0x1d73d4 (preset 0x2771)
generic 0x1d7454 (preset 0x2772),generic 0x1d7454 (preset 0x2772),0.035,no,the line between them touches another wall,generic 0x1d7454 (preset 0x2772)
generic 0x1d7454 (preset 0x2772),generic 0x1d74d4 (preset 0x2773),0.12,no,the line between them touches another wall,generic 0x1d74d4 (preset 0x2773)
generic 0x1d7454 (preset 0x2772),generic 0x1d74d4 (preset 0x2773),58.132,no,the line between them touches another wall,generic 0x1d74d4 (preset 0x2773)
generic 0x1d7454 (preset 0x2772),generic 0x1d74d4 (preset 0x2773),58.132,no,the line between them touches another wall,generic 0x1d74d4 (preset 0x2773)
generic 0x1d7454 (preset 0x2772),generic 0x1d7454 (preset 0x2772),58.276,no,the line between them touches another wall,generic 0x1d7454 (preset 0x2772)
generic 0x1d7454 (preset 0x2772),generic 0x1d74d4 (preset 0x2773),0.12,no,the line between them touches another wall,generic 0x1d74d4 (preset 0x2773)
generic 0x1d7454 (preset 0x2772),generic 0x1d74d4 (preset 0x2773),58.132,no,the line between them touches another wall,generic 0x1d74d4 (preset 0x2773)
generic 0x1d7454 (preset 0x2772),generic 0x1d74d4 (preset 0x2773),58.132,no,the line between them touches another wall,generic 0x1d74d4 (preset 0x2773)
generic 0x1d7454 (preset 0x2772),generic 0x1d74d4 (preset 0x2773),0.14,no,the line between them touches another wall,generic 0x1d7454 (preset 0x2772)
generic 0x1d7454 (preset 0x2772),generic 0x1d7454 (preset 0x2772),58.276,no,the line between them touches another wall,generic 0x1d7454 (preset 0x2772)
generic 0x1d7454 (preset 0x2772),generic 0x1d7454 (preset 0x2772),58.276,no,the line between them touches another wall,generic 0x1d7454 (preset 0x2772)
generic 0x1d7454 (preset 0x2772),generic 0x1d74d4 (preset 0x2773),0.16,no,the line between them touches another wall,generic 0x1d74d4 (preset 0x2773)
generic 0x1d7454 (preset 0x2772),generic 0x1d74d4 (preset 0x2773),58.132,no,the line between them touches another wall,generic 0x1d74d4 (preset 0x2773)
generic 0x1d7454 (preset 0x2772),generic 0x1d74d4 (preset 0x2773),58.132,no,the line between them touches another wall,generic 0x1d74d4 (preset 0x2773)
generic 0x1d7454 (preset 0x2772),generic 0x1d74d4 (preset 0x2773),0.14,no,the line between them touches another wall,generic 0x1d7454 (preset 0x2772)
generic 0x1d7454 (preset 0x2772),generic 0x1d74d4 (preset 0x2773),0.14,no,the line between them touches another wall,generic 0x1d7454 (preset 0x2772)
generic 0x1d7454 (preset 0x2772),generic 0x1d7454 (preset 0x2772),0.035,no,the line between them touches another wall,generic 0x1d7454 (preset 0x2772)
generic 0x1d7454 (preset 0x2772),generic 0x1d74d4 (preset 0x2773),58.132,no,"another wall pokes into the space between them, so a tighter pair covers this gap",generic 0x1d7454 (preset 0x2772)
generic 0x1d7454 (preset 0x2772),generic 0x1d74d4 (preset 0x2773),0.12,no,the line between them touches another wall,generic 0x1d7454 (preset 0x2772)
generic 0x1d7454 (preset 0x2772),generic 0x1d74d4 (preset 0x2773),0.12,no,the line between them touches another wall,generic 0x1d7454 (preset 0x2772)
generic 0x1d7454 (preset 0x2772),generic 0x1d74d4 (preset 0x2773),0.16,no,the line between them touches another wall,generic 0x1d7454 (preset 0x2772)
generic 0x1d7454 (preset 0x2772),generic 0x1d74d4 (preset 0x2773),58.132,no,the line between them touches another wall,generic 0x1d7454 (preset 0x2772)
generic 0x1d7454 (preset 0x2772),generic 0x1d74d4 (preset 0x2773),58.132,no,the line between them touches another wall,generic 0x1d7454 (preset 0x2772)
generic 0x1d7454 (preset 0x2772),generic 0x1d74d4 (preset 0x2773),58.132,no,the line between them touches another wall,generic 0x1d7454 (preset 0x2772)
generic 0x1d7454 (preset 0x2772),generic 0x1d74d4 (preset 0x2773),58.132,no,"another wall pokes into the space between them, so a tighter pair covers this gap",generic 0x1d7454 (preset 0x2772)
generic 0x1d7454 (preset 0x2772),generic 0x1d74d4 (preset 0x2773),58.132,no,the line between them touches another wall,generic 0x1d7454 (preset 0x2772)
generic 0x1d7454 (preset 0x2772),generic 0x1d74d4 (preset 0x2773),58.132,no,the line between them touches another wall,generic 0x1d7454 (preset 0x2772)
generic 0x1d7454 (preset 0x2772),generic 0x1d74d4 (preset 0x2773),58.132,no,the line between them touches another wall,generic 0x1d7454 (preset 0x2772)
generic 0x1d74d4 (preset 0x2773),generic 0x1d74d4 (preset 0x2773),0.035,no,the line between them touches another wall,generic 0x1d74d4 (preset 0x2773)
generic 0x1d74d4 (preset 0x2773),generic 0x1d74d4 (preset 0x2773),58.276,no,the line between them touches another wall,generic 0x1d74d4 (preset 0x2773)
generic 0x1d74d4 (preset 0x2773),generic 0x1d74d4 (preset 0x2773),58.276,no,the line between them touches another wall,generic 0x1d74d4 (preset 0x2773)
generic 0x1d74d4 (preset 0x2773),generic 0x1d74d4 (preset 0x2773),58.276,no,the line between them touches another wall,generic 0x1d74d4 (preset 0x2773)
generic 0x1d74d4 (preset 0x2773),generic 0x1d74d4 (preset 0x2773),0.035,no,the line between them touches another wall,generic 0x1d74d4 (preset 0x2773)
generic 0x1d7554 (preset 0x2780),generic 0x1d7554 (preset 0x2780),0.035,no,the line between them touches another wall,generic 0x1d7554 (preset 0x2780)
generic 0x1d7554 (preset 0x2780),generic 0x1d75d4 (preset 0x2781),0.12,no,the line between them touches another wall,generic 0x1d7554 (preset 0x2780)
generic 0x1d7554 (preset 0x2780),generic 0x1d75d4 (preset 0x2781),0.12,no,the line between them touches another wall,generic 0x1d7554 (preset 0x2780)
generic 0x1d7554 (preset 0x2780),generic 0x1d75d4 (preset 0x2781),0.16,no,the line between them touches another wall,generic 0x1d7554 (preset 0x2780)
generic 0x1d7554 (preset 0x2780),generic 0x1d75d4 (preset 0x2781),58.132,no,"another wall pokes into the space between them, so a tighter pair covers this gap",generic 0x1d75d4 (preset 0x2781)
generic 0x1d7554 (preset 0x2780),generic 0x1d7554 (preset 0x2780),58.276,no,the line between them touches another wall,generic 0x1d7554 (preset 0x2780)
generic 0x1d7554 (preset 0x2780),generic 0x1d75d4 (preset 0x2781),58.132,no,the line between them touches another wall,generic 0x1d7554 (preset 0x2780)
generic 0x1d7554 (preset 0x2780),generic 0x1d75d4 (preset 0x2781),58.132,no,the line between them touches another wall,generic 0x1d7554 (preset 0x2780)
generic 0x1d7554 (preset 0x2780),generic 0x1d75d4 (preset 0x2781),58.132,no,the line between them touches another wall,generic 0x1d7554 (preset 0x2780)
generic 0x1d7554 (preset 0x2780),generic 0x1d7554 (preset 0x2780),58.276,no,the line between them touches another wall,generic 0x1d7554 (preset 0x2780)
generic 0x1d7554 (preset 0x2780),generic 0x1d7554 (preset 0x2780),58.276,no,the line between them touches another wall,generic 0x1d7554 (preset 0x2780)
generic 0x1d7554 (preset 0x2780),generic 0x1d75d4 (preset 0x2781),58.132,no,the line between them touches another wall,generic 0x1d7554 (preset 0x2780)
generic 0x1d7554 (preset 0x2780),generic 0x1d75d4 (preset 0x2781),58.132,no,the line between them touches another wall,generic 0x1d7554 (preset 0x2780)
generic 0x1d7554 (preset 0x2780),generic 0x1d75d4 (preset 0x2781),58.132,no,the line between them touches another wall,generic 0x1d7554 (preset 0x2780)
generic 0x1d7554 (preset 0x2780),generic 0x1d75d4 (preset 0x2781),58.132,no,"another wall pokes into the space between them, so a tighter pair covers this gap",generic 0x1d75d4 (preset 0x2781)
generic 0x1d7554 (preset 0x2780),generic 0x1d7554 (preset 0x2780),0.035,no,the line between them touches another wall,generic 0x1d7554 (preset 0x2780)
generic 0x1d7554 (preset 0x2780),generic 0x1d75d4 (preset 0x2781),0.12,no,the line between them touches another wall,generic 0x1d75d4 (preset 0x2781)
generic 0x1d7554 (preset 0x2780),generic 0x1d75d4 (preset 0x2781),58.132,no,the line between them touches another wall,generic 0x1d75d4 (preset 0x2781)
generic 0x1d7554 (preset 0x2780),generic 0x1d75d4 (preset 0x2781),58.132,no,the line between them touches another wall,generic 0x1d75d4 (preset 0x2781)
generic 0x1d7554 (preset 0x2780),generic 0x1d75d4 (preset 0x2781),0.14,no,the line between them touches another wall,generic 0x1d75d4 (preset 0x2781)
generic 0x1d7554 (preset 0x2780),generic 0x1d75d4 (preset 0x2781),0.12,no,the line between them touches another wall,generic 0x1d75d4 (preset 0x2781)
generic 0x1d7554 (preset 0x2780),generic 0x1d75d4 (preset 0x2781),58.132,no,the line between them touches another wall,generic 0x1d75d4 (preset 0x2781)
generic 0x1d7554 (preset 0x2780),generic 0x1d75d4 (preset 0x2781),58.132,no,the line between them touches another wall,generic 0x1d75d4 (preset 0x2781)
generic 0x1d7554 (preset 0x2780),generic 0x1d75d4 (preset 0x2781),0.14,no,the line between them touches another wall,generic 0x1d7554 (preset 0x2780)
generic 0x1d7554 (preset 0x2780),generic 0x1d75d4 (preset 0x2781),0.14,no,the line between them touches another wall,generic 0x1d7554 (preset 0x2780)
generic 0x1d7554 (preset 0x2780),generic 0x1d75d4 (preset 0x2781),0.16,no,the line between them touches another wall,generic 0x1d75d4 (preset 0x2781)
generic 0x1d7554 (preset 0x2780),generic 0x1d75d4 (preset 0x2781),58.132,no,the line between them touches another wall,generic 0x1d75d4 (preset 0x2781)
generic 0x1d7554 (preset 0x2780),generic 0x1d75d4 (preset 0x2781),58.132,no,the line between them touches another wall,generic 0x1d75d4 (preset 0x2781)
generic 0x1d75d4 (preset 0x2781),generic 0x1d75d4 (preset 0x2781),0.035,no,the line between them touches another wall,generic 0x1d75d4 (preset 0x2781)
generic 0x1d75d4 (preset 0x2781),generic 0x1d75d4 (preset 0x2781),58.276,no,the line between them touches another wall,generic 0x1d75d4 (preset 0x2781)
generic 0x1d75d4 (preset 0x2781),generic 0x1d75d4 (preset 0x2781),58.276,no,the line between them touches another wall,generic 0x1d75d4 (preset 0x2781)
generic 0x1d75d4 (preset 0x2781),generic 0x1d75d4 (preset 0x2781),58.276,no,the line between them touches another wall,generic 0x1d75d4 (preset 0x2781)
generic 0x1d75d4 (preset 0x2781),generic 0x1d75d4 (preset 0x2781),0.035,no,the line between them touches another wall,generic 0x1d75d4 (preset 0x2781)
glass 0x1d7654 (preset 0x27b6),glass 0x1d7654 (preset 0x27b6),0.0017,no,the line between them touches another wall,glass 0x1d7654 (preset 0x27b6)
glass 0x1d7654 (preset 0x27b6),glass 0x1d777c (preset 0x27b8),0.0000073,no,"another wall pokes into the space between them, so a tighter pair covers this gap",glass 0x1d777c (preset 0x27b8)
glass 0x1d7654 (preset 0x27b6),glass 0x1d777c (preset 0x27b8),1.00,no,the line between them touches another wall,glass 0x1d7654 (preset 0x27b6)
glass 0x1d7654 (preset 0x27b6),glass 0x1d777c (preset 0x27b8),0.0017,no,the line between them touches another wall,glass 0x1d7654 (preset 0x27b6)
glass 0x1d7654 (preset 0x27b6),glass 0x1d777c (preset 0x27b8),0.0057,no,the line between them touches another wall,glass 0x1d7654 (preset 0x27b6)
glass 0x1d7654 (preset 0x27b6),glass 0x1d777c (preset 0x27b8),0.00096,no,the line between them touches another wall,glass 0x1d777c (preset 0x27b8)
glass 0x1d76e8 (preset 0x27b7),glass 0x1d76e8 (preset 0x27b7),0.0018,no,the line between them touches another wall,glass 0x1d76e8 (preset 0x27b7)
glass 0x1d76e8 (preset 0x27b7),glass 0x1d777c (preset 0x27b8),0.82,no,the line between them touches another wall,glass 0x1d777c (preset 0x27b8)
glass 0x1d76e8 (preset 0x27b7),glass 0x1d777c (preset 0x27b8),0.81,no,"another wall pokes into the space between them, so a tighter pair covers this gap",glass 0x1d76e8 (preset 0x27b7)
glass 0x1d7810 (preset 0x27cb),glass 0x1d8610 (preset 0x27d2),52.118,no,the far wall faces the other way (it belongs to floor which isn't linked here),
glass 0x1d7810 (preset 0x27cb),glass 0x1d8610 (preset 0x27d2),52.118,no,the far wall faces the other way (it belongs to floor which isn't linked here),
glass 0x1d78a4 (preset 0x27bc),glass 0x1d7cb0 (preset 0x27c7),21.521,no,"the line between them leaves the walkable area (a wall's thickness, or another floor)",
glass 0x1d78a4 (preset 0x27bc),glass 0x1d7cb0 (preset 0x27c7),21.521,no,"the line between them leaves the walkable area (a wall's thickness, or another floor)",
glass 0x1d78a4 (preset 0x27bc),glass 0x1d7cb0 (preset 0x27c7),22.050,no,"another wall pokes into the space between them, so a tighter pair covers this gap",wall of tile 021649 (room 0x3b)
glass 0x1d78a4 (preset 0x27bc),glass 0x1d78a4 (preset 0x27bc),0.00024,no,the line between them touches another wall,glass 0x1d78a4 (preset 0x27bc)
glass 0x1d78a4 (preset 0x27bc),glass 0x1d7938 (preset 0x27c9),22.050,no,"the line between them leaves the walkable area (a wall's thickness, or another floor)",
glass 0x1d78a4 (preset 0x27bc),glass 0x1d7938 (preset 0x27c9),22.050,no,"the line between them leaves the walkable area (a wall's thickness, or another floor)",
glass 0x1d78a4 (preset 0x27bc),glass 0x1d7938 (preset 0x27c9),22.050,no,"the line between them leaves the walkable area (a wall's thickness, or another floor)",
glass 0x1d78a4 (preset 0x27bc),glass 0x1d7cb0 (preset 0x27c7),21.521,no,"the line between them leaves the walkable area (a wall's thickness, or another floor)",
glass 0x1d78a4 (preset 0x27bc),glass 0x1d7cb0 (preset 0x27c7),21.521,no,"the line between them leaves the walkable area (a wall's thickness, or another floor)",
glass 0x1d78a4 (preset 0x27bc),glass 0x1d7cb0 (preset 0x27c7),22.050,no,"another wall pokes into the space between them, so a tighter pair covers this gap",wall of tile 021649 (room 0x3b)
glass 0x1d78a4 (preset 0x27bc),glass 0x1d7938 (preset 0x27c9),22.050,no,"the line between them leaves the walkable area (a wall's thickness, or another floor)",
glass 0x1d78a4 (preset 0x27bc),glass 0x1d7938 (preset 0x27c9),22.050,no,"the line between them leaves the walkable area (a wall's thickness, or another floor)",
glass 0x1d78a4 (preset 0x27bc),glass 0x1d7938 (preset 0x27c9),22.050,no,"the line between them leaves the walkable area (a wall's thickness, or another floor)",
glass 0x1d78a4 (preset 0x27bc),glass 0x1d7938 (preset 0x27c9),22.050,no,"the line between them leaves the walkable area (a wall's thickness, or another floor)",
glass 0x1d78a4 (preset 0x27bc),glass 0x1d7938 (preset 0x27c9),22.050,no,"the line between them leaves the walkable area (a wall's thickness, or another floor)",
glass 0x1d78a4 (preset 0x27bc),glass 0x1d7938 (preset 0x27c9),22.050,no,"the line between them leaves the walkable area (a wall's thickness, or another floor)",
glass 0x1d78a4 (preset 0x27bc),glass 0x1d7cb0 (preset 0x27c7),21.521,no,"the line between them leaves the walkable area (a wall's thickness, or another floor)",
glass 0x1d78a4 (preset 0x27bc),glass 0x1d7cb0 (preset 0x27c7),21.521,no,"the line between them leaves the walkable area (a wall's thickness, or another floor)",
glass 0x1d78a4 (preset 0x27bc),glass 0x1d7cb0 (preset 0x27c7),22.050,no,"another wall pokes into the space between them, so a tighter pair covers this gap",wall of tile 021649 (room 0x3b)
glass 0x1d7938 (preset 0x27c9),glass 0x1d7938 (preset 0x27c9),0.00015,no,the line between them touches another wall,glass 0x1d7938 (preset 0x27c9)
glass 0x1d7938 (preset 0x27c9),glass 0x1d79cc (preset 0x27be),22.050,no,"the line between them leaves the walkable area (a wall's thickness, or another floor)",
glass 0x1d7938 (preset 0x27c9),glass 0x1d79cc (preset 0x27be),22.050,no,"the line between them leaves the walkable area (a wall's thickness, or another floor)",
glass 0x1d7938 (preset 0x27c9),glass 0x1d79cc (preset 0x27be),22.050,no,"the line between them leaves the walkable area (a wall's thickness, or another floor)",
glass 0x1d7938 (preset 0x27c9),glass 0x1d79cc (preset 0x27be),22.050,no,"the line between them leaves the walkable area (a wall's thickness, or another floor)",
glass 0x1d7938 (preset 0x27c9),glass 0x1d79cc (preset 0x27be),22.050,no,"the line between them leaves the walkable area (a wall's thickness, or another floor)",
glass 0x1d7938 (preset 0x27c9),glass 0x1d79cc (preset 0x27be),22.050,no,"the line between them leaves the walkable area (a wall's thickness, or another floor)",
glass 0x1d7938 (preset 0x27c9),glass 0x1d79cc (preset 0x27be),22.050,no,"the line between them leaves the walkable area (a wall's thickness, or another floor)",
glass 0x1d7938 (preset 0x27c9),glass 0x1d79cc (preset 0x27be),22.050,no,"the line between them leaves the walkable area (a wall's thickness, or another floor)",
glass 0x1d7938 (preset 0x27c9),glass 0x1d79cc (preset 0x27be),22.050,no,"the line between them leaves the walkable area (a wall's thickness, or another floor)",
glass 0x1d79cc (preset 0x27be),glass 0x1d79cc (preset 0x27be),0.00016,no,the line between them touches another wall,glass 0x1d79cc (preset 0x27be)
glass 0x1d79cc (preset 0x27be),glass 0x1d7a60 (preset 0x27ba),0.000050,no,the line between them touches another wall,glass 0x1d79cc (preset 0x27be)
glass 0x1d79cc (preset 0x27be),glass 0x1d7a60 (preset 0x27ba),1.417,no,the line between them touches another wall,glass 0x1d79cc (preset 0x27be)
glass 0x1d79cc (preset 0x27be),glass 0x1d7a60 (preset 0x27ba),1.002,no,the line between them touches another wall,glass 0x1d7a60 (preset 0x27ba)
glass 0x1d79cc (preset 0x27be),glass 0x1d7a60 (preset 0x27ba),1.002,no,"another wall pokes into the space between them, so a tighter pair covers this gap",glass 0x1d79cc (preset 0x27be)
glass 0x1d79cc (preset 0x27be),glass 0x1d7a60 (preset 0x27ba),0.00011,no,the line between them touches another wall,glass 0x1d79cc (preset 0x27be)
glass 0x1d7a60 (preset 0x27ba),glass 0x1d7a60 (preset 0x27ba),0.00018,no,the line between them touches another wall,glass 0x1d7a60 (preset 0x27ba)
glass 0x1d7a60 (preset 0x27ba),glass 0x1d7af4 (preset 0x27bd),0.00026,no,"another wall pokes into the space between them, so a tighter pair covers this gap",glass 0x1d7a60 (preset 0x27ba)
glass 0x1d7a60 (preset 0x27ba),glass 0x1d7af4 (preset 0x27bd),0.00042,no,the line between them touches another wall,glass 0x1d7af4 (preset 0x27bd)
glass 0x1d7a60 (preset 0x27ba),glass 0x1d7af4 (preset 0x27bd),0.00040,no,the line between them touches another wall,glass 0x1d7a60 (preset 0x27ba)
glass 0x1d7a60 (preset 0x27ba),glass 0x1d7af4 (preset 0x27bd),0.00014,yes,,
glass 0x1d7a60 (preset 0x27ba),glass 0x1d7af4 (preset 0x27bd),0.00030,no,the line between them touches another wall,glass 0x1d7af4 (preset 0x27bd)
glass 0x1d7a60 (preset 0x27ba),glass 0x1d7af4 (preset 0x27bd),0.00021,no,"another wall pokes into the space between them, so a tighter pair covers this gap",glass 0x1d7a60 (preset 0x27ba)
glass 0x1d7a60 (preset 0x27ba),glass 0x1d7af4 (preset 0x27bd),0.00014,yes,,
glass 0x1d7a60 (preset 0x27ba),glass 0x1d7af4 (preset 0x27bd),0.00030,no,the line between them touches another wall,glass 0x1d7af4 (preset 0x27bd)
glass 0x1d7a60 (preset 0x27ba),glass 0x1d7af4 (preset 0x27bd),0.00021,no,"another wall pokes into the space between them, so a tighter pair covers this gap",glass 0x1d7af4 (preset 0x27bd)
glass 0x1d7af4 (preset 0x27bd),glass 0x1d7af4 (preset 0x27bd),0.00016,no,the line between them touches another wall,glass 0x1d7af4 (preset 0x27bd)
glass 0x1d7af4 (preset 0x27bd),glass 0x1d7b88 (preset 0x27ca),22.050,no,"the line between them leaves the walkable area (a wall's thickness, or another floor)",
glass 0x1d7af4 (preset 0x27bd),glass 0x1d7b88 (preset 0x27ca),22.050,no,"the line between them leaves the walkable area (a wall's thickness, or another floor)",
glass 0x1d7af4 (preset 0x27bd),glass 0x1d7b88 (preset 0x27ca),22.050,no,"the line between them leaves the walkable area (a wall's thickness, or another floor)",
glass 0x1d7af4 (preset 0x27bd),glass 0x1d7b88 (preset 0x27ca),22.050,no,"another wall pokes into the space between them, so a tighter pair covers this gap",wall of tile 020549 (room 0x3c)
glass 0x1d7af4 (preset 0x27bd),glass 0x1d7b88 (preset 0x27ca),22.050,no,"the line between them leaves the walkable area (a wall's thickness, or another floor)",
glass 0x1d7af4 (preset 0x27bd),glass 0x1d7b88 (preset 0x27ca),22.050,no,"another wall pokes into the space between them, so a tighter pair covers this gap",wall of tile 020549 (room 0x3c)
glass 0x1d7af4 (preset 0x27bd),glass 0x1d7b88 (preset 0x27ca),22.050,no,"another wall pokes into the space between them, so a tighter pair covers this gap",wall of tile 020549 (room 0x3c)
glass 0x1d7af4 (preset 0x27bd),glass 0x1d7b88 (preset 0x27ca),22.050,no,"the line between them leaves the walkable area (a wall's thickness, or another floor)",
glass 0x1d7af4 (preset 0x27bd),glass 0x1d7b88 (preset 0x27ca),22.050,no,"another wall pokes into the space between them, so a tighter pair covers this gap",wall of tile 020549 (room 0x3c)
glass 0x1d7b88 (preset 0x27ca),glass 0x1d7b88 (preset 0x27ca),0.00015,no,the line between them touches another wall,glass 0x1d7b88 (preset 0x27ca)
glass 0x1d7b88 (preset 0x27ca),glass 0x1d7c1c (preset 0x27bb),22.050,no,"the line between them leaves the walkable area (a wall's thickness, or another floor)",
glass 0x1d7b88 (preset 0x27ca),glass 0x1d7c1c (preset 0x27bb),22.050,no,"the line between them leaves the walkable area (a wall's thickness, or another floor)",
glass 0x1d7b88 (preset 0x27ca),glass 0x1d7c1c (preset 0x27bb),22.050,no,"the line between them leaves the walkable area (a wall's thickness, or another floor)",
glass 0x1d7b88 (preset 0x27ca),glass 0x1d7c1c (preset 0x27bb),22.050,no,"the line between them leaves the walkable area (a wall's thickness, or another floor)",
glass 0x1d7b88 (preset 0x27ca),glass 0x1d7c1c (preset 0x27bb),22.050,no,"the line between them leaves the walkable area (a wall's thickness, or another floor)",
glass 0x1d7b88 (preset 0x27ca),glass 0x1d7c1c (preset 0x27bb),22.050,no,"the line between them leaves the walkable area (a wall's thickness, or another floor)",
glass 0x1d7b88 (preset 0x27ca),glass 0x1d7c1c (preset 0x27bb),22.050,no,"the line between them leaves the walkable area (a wall's thickness, or another floor)",
glass 0x1d7b88 (preset 0x27ca),glass 0x1d7c1c (preset 0x27bb),22.050,no,"the line between them leaves the walkable area (a wall's thickness, or another floor)",
glass 0x1d7b88 (preset 0x27ca),glass 0x1d7c1c (preset 0x27bb),22.050,no,"the line between them leaves the walkable area (a wall's thickness, or another floor)",
glass 0x1d7c1c (preset 0x27bb),glass 0x1d7c1c (preset 0x27bb),0.00024,no,the line between them touches another wall,glass 0x1d7c1c (preset 0x27bb)
glass 0x1d7c1c (preset 0x27bb),glass 0x1d7d44 (preset 0x27c8),21.825,no,"the line between them leaves the walkable area (a wall's thickness, or another floor)",
glass 0x1d7c1c (preset 0x27bb),glass 0x1d7d44 (preset 0x27c8),22.052,no,"the line between them leaves the walkable area (a wall's thickness, or another floor)",
glass 0x1d7c1c (preset 0x27bb),glass 0x1d7d44 (preset 0x27c8),21.825,no,"the line between them leaves the walkable area (a wall's thickness, or another floor)",
glass 0x1d7c1c (preset 0x27bb),glass 0x1d7d44 (preset 0x27c8),21.825,no,"the line between them leaves the walkable area (a wall's thickness, or another floor)",
glass 0x1d7c1c (preset 0x27bb),glass 0x1d7d44 (preset 0x27c8),22.052,no,"the line between them leaves the walkable area (a wall's thickness, or another floor)",
glass 0x1d7c1c (preset 0x27bb),glass 0x1d7d44 (preset 0x27c8),21.825,no,"the line between them leaves the walkable area (a wall's thickness, or another floor)",
glass 0x1d7c1c (preset 0x27bb),glass 0x1d7d44 (preset 0x27c8),21.825,no,"the line between them leaves the walkable area (a wall's thickness, or another floor)",
glass 0x1d7c1c (preset 0x27bb),glass 0x1d7d44 (preset 0x27c8),22.052,no,"the line between them leaves the walkable area (a wall's thickness, or another floor)",
glass 0x1d7c1c (preset 0x27bb),glass 0x1d7d44 (preset 0x27c8),21.825,no,"the line between them leaves the walkable area (a wall's thickness, or another floor)",
glass 0x1d7cb0 (preset 0x27c7),glass 0x1d832c (preset 0x27cd),0.56,no,the line between them touches another wall,glass 0x1d7cb0 (preset 0x27c7)
glass 0x1d7cb0 (preset 0x27c7),glass 0x1d832c (preset 0x27cd),1.065,no,the line between them touches another wall,glass 0x1d7cb0 (preset 0x27c7)
glass 0x1d7cb0 (preset 0x27c7),glass 0x1d832c (preset 0x27cd),0.56,no,the line between them touches another wall,glass 0x1d7cb0 (preset 0x27c7)
glass 0x1d7cb0 (preset 0x27c7),glass 0x1d7cb0 (preset 0x27c7),0.0026,no,the line between them touches another wall,glass 0x1d7cb0 (preset 0x27c7)
glass 0x1d7cb0 (preset 0x27c7),glass 0x1d832c (preset 0x27cd),1.065,no,the line between them touches another wall,glass 0x1d7cb0 (preset 0x27c7)
glass 0x1d7cb0 (preset 0x27c7),glass 0x1d832c (preset 0x27cd),1.062,no,the far wall faces the other way (it belongs to floor which isn't linked here),
glass 0x1d7d44 (preset 0x27c8),glass 0x1d7d44 (preset 0x27c8),0.0025,no,the line between them touches another wall,glass 0x1d7d44 (preset 0x27c8)
glass 0x1d7d44 (preset 0x27c8),glass 0x1d84e8 (preset 0x27d0),1.066,no,the line between them touches another wall,glass 0x1d7d44 (preset 0x27c8)
glass 0x1d7d44 (preset 0x27c8),glass 0x1d84e8 (preset 0x27d0),0.56,no,the far wall faces the other way (it belongs to floor which isn't linked here),
glass 0x1d7d44 (preset 0x27c8),glass 0x1d84e8 (preset 0x27d0),1.064,no,the far wall faces the other way (it belongs to floor which isn't linked here),
glass 0x1d7d44 (preset 0x27c8),glass 0x1d84e8 (preset 0x27d0),0.56,no,the far wall faces the other way (it belongs to floor which isn't linked here),
glass 0x1d7d44 (preset 0x27c8),glass 0x1d84e8 (preset 0x27d0),1.064,no,the far wall faces the other way (it belongs to floor which isn't linked here),
glass 0x1d7de8 (preset 0x27c5),glass 0x1d80dc (preset 0x27c0),0.00027,no,the far wall faces the other way (it belongs to floor which isn't linked here),
glass 0x1d7de8 (preset 0x27c5),glass 0x1d80dc (preset 0x27c0),0.00027,no,the far wall faces the other way (it belongs to floor which isn't linked here),
glass 0x1d7de8 (preset 0x27c5),glass 0x1d80dc (preset 0x27c0),0.00052,no,the far wall faces the other way (it belongs to floor which isn't linked here),
glass 0x1d7de8 (preset 0x27c5),glass 0x1d8298 (preset 0x27cc),0.00039,no,the far wall faces the other way (it belongs to floor which isn't linked here),
glass 0x1d7de8 (preset 0x27c5),glass 0x1d8298 (preset 0x27cc),0.00039,no,the far wall faces the other way (it belongs to floor which isn't linked here),
glass 0x1d7de8 (preset 0x27c5),glass 0x1d8298 (preset 0x27cc),0.00064,no,the far wall faces the other way (it belongs to floor which isn't linked here),
glass 0x1d7de8 (preset 0x27c5),glass 0x1d7de8 (preset 0x27c5),0.00024,no,the line between them touches another wall,glass 0x1d7de8 (preset 0x27c5)
glass 0x1d7de8 (preset 0x27c5),glass 0x1d80dc (preset 0x27c0),0.00024,no,the far wall faces the other way (it belongs to floor which isn't linked here),
glass 0x1d7de8 (preset 0x27c5),glass 0x1d80dc (preset 0x27c0),0.00050,no,"the line between them leaves the walkable area (a wall's thickness, or another floor)",
glass 0x1d7de8 (preset 0x27c5),glass 0x1d8298 (preset 0x27cc),0.00037,no,the far wall faces the other way (it belongs to floor which isn't linked here),
glass 0x1d7de8 (preset 0x27c5),glass 0x1d8298 (preset 0x27cc),0.00039,no,"the line between them leaves the walkable area (a wall's thickness, or another floor)",
glass 0x1d7de8 (preset 0x27c5),glass 0x1d80dc (preset 0x27c0),0.00049,no,the far wall faces the other way (it belongs to floor which isn't linked here),
glass 0x1d7de8 (preset 0x27c5),glass 0x1d80dc (preset 0x27c0),0.00024,no,the far wall faces the other way (it belongs to floor which isn't linked here),
glass 0x1d7de8 (preset 0x27c5),glass 0x1d80dc (preset 0x27c0),0.00027,no,"the line between them leaves the walkable area (a wall's thickness, or another floor)",
glass 0x1d7de8 (preset 0x27c5),glass 0x1d8298 (preset 0x27cc),0.00037,no,the far wall faces the other way (it belongs to floor which isn't linked here),
glass 0x1d7de8 (preset 0x27c5),glass 0x1d8298 (preset 0x27cc),0.00012,no,the far wall faces the other way (it belongs to floor which isn't linked here),
glass 0x1d7de8 (preset 0x27c5),glass 0x1d8298 (preset 0x27cc),0.00017,no,"the line between them leaves the walkable area (a wall's thickness, or another floor)",
glass 0x1d7de8 (preset 0x27c5),glass 0x1d80dc (preset 0x27c0),0.00049,no,the line between them touches another wall,glass 0x1d7de8 (preset 0x27c5)
glass 0x1d7de8 (preset 0x27c5),glass 0x1d80dc (preset 0x27c0),0.00027,no,"the line between them leaves the walkable area (a wall's thickness, or another floor)",
glass 0x1d7de8 (preset 0x27c5),glass 0x1d8298 (preset 0x27cc),0.00061,no,the line between them touches another wall,glass 0x1d7de8 (preset 0x27c5)
glass 0x1d7de8 (preset 0x27c5),glass 0x1d8298 (preset 0x27cc),0.00017,no,"the line between them leaves the walkable area (a wall's thickness, or another floor)",
glass 0x1d7e7c (preset 0x27c6),glass 0x1d7e7c (preset 0x27c6),0.00024,no,the line between them touches another wall,glass 0x1d7e7c (preset 0x27c6)
glass 0x1d7e7c (preset 0x27c6),glass 0x1d83c0 (preset 0x27ce),0.00024,no,the line between them touches another wall,glass 0x1d7e7c (preset 0x27c6)
glass 0x1d7e7c (preset 0x27c6),glass 0x1d83c0 (preset 0x27ce),0.00024,no,the line between them touches another wall,glass 0x1d7e7c (preset 0x27c6)
glass 0x1d7f20 (preset 0x27c3),glass 0x1d8048 (preset 0x27bf),0.00012,no,the line between them touches another wall,glass 0x1d7f20 (preset 0x27c3)
glass 0x1d7f20 (preset 0x27c3),glass 0x1d8048 (preset 0x27bf),0.00017,no,the far wall faces the other way (it belongs to floor which isn't linked here),
glass 0x1d7f20 (preset 0x27c3),glass 0x1d8048 (preset 0x27bf),0.00012,no,the line between them touches another wall,glass 0x1d7f20 (preset 0x27c3)
glass 0x1d7f20 (preset 0x27c3),glass 0x1d8454 (preset 0x27cf),0.00037,no,"the line between them leaves the walkable area (a wall's thickness, or another floor)",
glass 0x1d7f20 (preset 0x27c3),glass 0x1d8454 (preset 0x27cf),0.00037,no,"the line between them leaves the walkable area (a wall's thickness, or another floor)",
glass 0x1d7f20 (preset 0x27c3),glass 0x1d8454 (preset 0x27cf),0.00061,no,"the line between them leaves the walkable area (a wall's thickness, or another floor)",
glass 0x1d7f20 (preset 0x27c3),glass 0x1d7f20 (preset 0x27c3),0.00024,no,the line between them touches another wall,glass 0x1d7f20 (preset 0x27c3)
glass 0x1d7f20 (preset 0x27c3),glass 0x1d8048 (preset 0x27bf),0.00012,no,the far wall faces the other way (it belongs to floor which isn't linked here),
glass 0x1d7f20 (preset 0x27c3),glass 0x1d8048 (preset 0x27bf),0.00012,no,"the line between them leaves the walkable area (a wall's thickness, or another floor)",
glass 0x1d7f20 (preset 0x27c3),glass 0x1d8048 (preset 0x27bf),0.00012,no,the line between them touches another wall,glass 0x1d7f20 (preset 0x27c3)
glass 0x1d7f20 (preset 0x27c3),glass 0x1d8454 (preset 0x27cf),0.00037,no,"the line between them leaves the walkable area (a wall's thickness, or another floor)",
glass 0x1d7f20 (preset 0x27c3),glass 0x1d8454 (preset 0x27cf),0.00037,no,the line between them touches another wall,glass 0x1d7f20 (preset 0x27c3)
glass 0x1d7f20 (preset 0x27c3),glass 0x1d8048 (preset 0x27bf),0.00012,no,the far wall faces the other way (it belongs to floor which isn't linked here),
glass 0x1d7f20 (preset 0x27c3),glass 0x1d8048 (preset 0x27bf),0.00012,no,"the line between them leaves the walkable area (a wall's thickness, or another floor)",
glass 0x1d7f20 (preset 0x27c3),glass 0x1d8454 (preset 0x27cf),0.00037,no,the far wall faces the other way (it belongs to floor which isn't linked here),
glass 0x1d7f20 (preset 0x27c3),glass 0x1d8454 (preset 0x27cf),0.00012,no,the far wall faces the other way (it belongs to floor which isn't linked here),
glass 0x1d7f20 (preset 0x27c3),glass 0x1d8454 (preset 0x27cf),0.00012,no,the line between them touches another wall,wall of tile 01A549 (room 0x26)
glass 0x1d7f20 (preset 0x27c3),glass 0x1d8048 (preset 0x27bf),0.00012,no,the line between them touches another wall,glass 0x1d7f20 (preset 0x27c3)
glass 0x1d7f20 (preset 0x27c3),glass 0x1d8048 (preset 0x27bf),0.00037,no,the line between them touches another wall,glass 0x1d7f20 (preset 0x27c3)
glass 0x1d7f20 (preset 0x27c3),glass 0x1d8048 (preset 0x27bf),0.00017,no,"the line between them leaves the walkable area (a wall's thickness, or another floor)",
glass 0x1d7f20 (preset 0x27c3),glass 0x1d8048 (preset 0x27bf),0.00012,no,the line between them touches another wall,glass 0x1d7f20 (preset 0x27c3)
glass 0x1d7f20 (preset 0x27c3),glass 0x1d8454 (preset 0x27cf),0.00061,no,"the line between them leaves the walkable area (a wall's thickness, or another floor)",
glass 0x1d7f20 (preset 0x27c3),glass 0x1d8454 (preset 0x27cf),0.00012,no,the far wall faces the other way (it belongs to floor which isn't linked here),
glass 0x1d7fb4 (preset 0x27c4),glass 0x1d857c (preset 0x27d1),0.00014,no,neither wall could be placed on a tile,
glass 0x1d7fb4 (preset 0x27c4),glass 0x1d857c (preset 0x27d1),0.00014,no,neither wall could be placed on a tile,
glass 0x1d7fb4 (preset 0x27c4),glass 0x1d857c (preset 0x27d1),0.00014,no,neither wall could be placed on a tile,
glass 0x1d7fb4 (preset 0x27c4),glass 0x1d7fb4 (preset 0x27c4),0.00024,no,neither wall could be placed on a tile,
glass 0x1d7fb4 (preset 0x27c4),glass 0x1d857c (preset 0x27d1),0.00000000013,no,the line between them touches another wall,glass 0x1d7fb4 (preset 0x27c4)
glass 0x1d7fb4 (preset 0x27c4),glass 0x1d857c (preset 0x27d1),0.00000000013,no,the line between them touches another wall,glass 0x1d7fb4 (preset 0x27c4)
glass 0x1d7fb4 (preset 0x27c4),glass 0x1d857c (preset 0x27d1),0.00015,no,the far wall faces the other way (it belongs to floor which isn't linked here),
glass 0x1d7fb4 (preset 0x27c4),glass 0x1d857c (preset 0x27d1),0.00024,no,the line between them touches another wall,glass 0x1d7fb4 (preset 0x27c4)
glass 0x1d7fb4 (preset 0x27c4),glass 0x1d857c (preset 0x27d1),0.00012,no,the far wall faces the other way (it belongs to floor which isn't linked here),
glass 0x1d7fb4 (preset 0x27c4),glass 0x1d857c (preset 0x27d1),0.00000000011,no,the far wall faces the other way (it belongs to floor which isn't linked here),
glass 0x1d7fb4 (preset 0x27c4),glass 0x1d857c (preset 0x27d1),0.00024,no,the line between them touches another wall,glass 0x1d7fb4 (preset 0x27c4)
glass 0x1d7fb4 (preset 0x27c4),glass 0x1d857c (preset 0x27d1),0.00012,no,the far wall faces the other way (it belongs to floor which isn't linked here),
glass 0x1d7fb4 (preset 0x27c4),glass 0x1d857c (preset 0x27d1),0.00000000011,no,the far wall faces the other way (it belongs to floor which isn't linked here),
glass 0x1d8048 (preset 0x27bf),glass 0x1d8454 (preset 0x27cf),0.00024,no,the far wall faces the other way (it belongs to floor which isn't linked here),
glass 0x1d8048 (preset 0x27bf),glass 0x1d8454 (preset 0x27cf),0.00027,no,the far wall faces the other way (it belongs to floor which isn't linked here),
glass 0x1d8048 (preset 0x27bf),glass 0x1d8454 (preset 0x27cf),0.00049,no,the far wall faces the other way (it belongs to floor which isn't linked here),
glass 0x1d8048 (preset 0x27bf),glass 0x1d8048 (preset 0x27bf),0.00024,no,the line between them touches another wall,glass 0x1d8048 (preset 0x27bf)
glass 0x1d8048 (preset 0x27bf),glass 0x1d8454 (preset 0x27cf),0.00027,no,the far wall faces the other way (it belongs to floor which isn't linked here),
glass 0x1d8048 (preset 0x27bf),glass 0x1d8454 (preset 0x27cf),0.00049,no,the line between them touches another wall,glass 0x1d8048 (preset 0x27bf)
glass 0x1d8048 (preset 0x27bf),glass 0x1d8454 (preset 0x27cf),0.00050,no,neither wall could be placed on a tile,
glass 0x1d8048 (preset 0x27bf),glass 0x1d8454 (preset 0x27cf),0.00027,no,neither wall could be placed on a tile,
glass 0x1d8048 (preset 0x27bf),glass 0x1d8454 (preset 0x27cf),0.00027,no,neither wall could be placed on a tile,
glass 0x1d8048 (preset 0x27bf),glass 0x1d8454 (preset 0x27cf),0.00050,no,neither wall could be placed on a tile,
glass 0x1d8048 (preset 0x27bf),glass 0x1d8454 (preset 0x27cf),0.00024,no,the far wall faces the other way (it belongs to floor which isn't linked here),
glass 0x1d80dc (preset 0x27c0),glass 0x1d80dc (preset 0x27c0),0.00024,no,"the line between them leaves the walkable area (a wall's thickness, or another floor)",
glass 0x1d80dc (preset 0x27c0),glass 0x1d8298 (preset 0x27cc),0.00012,no,the line between them touches another wall,glass 0x1d80dc (preset 0x27c0)
glass 0x1d80dc (preset 0x27c0),glass 0x1d8298 (preset 0x27cc),0.00012,no,"the line between them leaves the walkable area (a wall's thickness, or another floor)",
glass 0x1d80dc (preset 0x27c0),glass 0x1d8298 (preset 0x27cc),0.00037,no,"the line between them leaves the walkable area (a wall's thickness, or another floor)",
glass 0x1d80dc (preset 0x27c0),glass 0x1d8298 (preset 0x27cc),0.00012,no,the line between them touches another wall,glass 0x1d80dc (preset 0x27c0)
glass 0x1d80dc (preset 0x27c0),glass 0x1d8298 (preset 0x27cc),0.000030,no,neither wall could be placed on a tile,
glass 0x1d80dc (preset 0x27c0),glass 0x1d8298 (preset 0x27cc),0.00012,no,neither wall could be placed on a tile,
glass 0x1d80dc (preset 0x27c0),glass 0x1d8298 (preset 0x27cc),0.00012,no,neither wall could be placed on a tile,
glass 0x1d80dc (preset 0x27c0),glass 0x1d8298 (preset 0x27cc),0.000030,no,neither wall could be placed on a tile,
glass 0x1d80dc (preset 0x27c0),glass 0x1d8298 (preset 0x27cc),0.00012,no,neither wall could be placed on a tile,
glass 0x1d80dc (preset 0x27c0),glass 0x1d8298 (preset 0x27cc),0.000055,no,neither wall could be placed on a tile,
glass 0x1d80dc (preset 0x27c0),glass 0x1d8298 (preset 0x27cc),0.00012,no,neither wall could be placed on a tile,
glass 0x1d80dc (preset 0x27c0),glass 0x1d8298 (preset 0x27cc),0.000055,no,neither wall could be placed on a tile,
glass 0x1d8170 (preset 0x27c1),glass 0x1d8170 (preset 0x27c1),0.00012,no,the line between them touches another wall,glass 0x1d8170 (preset 0x27c1)
glass 0x1d8204 (preset 0x27c2),glass 0x1d8204 (preset 0x27c2),0.0046,no,the line between them touches another wall,glass 0x1d8204 (preset 0x27c2)
glass 0x1d8298 (preset 0x27cc),glass 0x1d8298 (preset 0x27cc),0.00024,no,neither wall could be placed on a tile,
glass 0x1d832c (preset 0x27cd),glass 0x1d86a4 (preset 0x27d3),1.954,no,the line between them touches another wall,glass 0x1d86a4 (preset 0x27d3)
glass 0x1d832c (preset 0x27cd),glass 0x1d86a4 (preset 0x27d3),0.78,yes,,
glass 0x1d832c (preset 0x27cd),glass 0x1d86a4 (preset 0x27d3),0.78,yes,,
glass 0x1d832c (preset 0x27cd),glass 0x1d832c (preset 0x27cd),0.00024,no,neither wall could be placed on a tile,
glass 0x1d832c (preset 0x27cd),glass 0x1d86a4 (preset 0x27d3),1.954,no,the line between them touches another wall,glass 0x1d86a4 (preset 0x27d3)
glass 0x1d832c (preset 0x27cd),glass 0x1d86a4 (preset 0x27d3),0.78,no,"another wall pokes into the space between them, so a tighter pair covers this gap",glass 0x1d832c (preset 0x27cd)
glass 0x1d832c (preset 0x27cd),glass 0x1d86a4 (preset 0x27d3),0.78,no,"another wall pokes into the space between them, so a tighter pair covers this gap",glass 0x1d832c (preset 0x27cd)
glass 0x1d832c (preset 0x27cd),glass 0x1d86a4 (preset 0x27d3),1.954,no,the line between them touches another wall,glass 0x1d86a4 (preset 0x27d3)
glass 0x1d832c (preset 0x27cd),glass 0x1d86a4 (preset 0x27d3),0.78,yes,,
glass 0x1d832c (preset 0x27cd),glass 0x1d86a4 (preset 0x27d3),0.78,yes,,
glass 0x1d83c0 (preset 0x27ce),glass 0x1d83c0 (preset 0x27ce),0.00024,no,the line between them touches another wall,glass 0x1d83c0 (preset 0x27ce)
glass 0x1d8454 (preset 0x27cf),glass 0x1d8454 (preset 0x27cf),0.00024,no,the line between them touches another wall,glass 0x1d8454 (preset 0x27cf)
glass 0x1d84e8 (preset 0x27d0),glass 0x1d8738 (preset 0x27d4),0.80,no,the line between them touches another wall,glass 0x1d8738 (preset 0x27d4)
glass 0x1d84e8 (preset 0x27d0),glass 0x1d8738 (preset 0x27d4),4.421,no,"another wall pokes into the space between them, so a tighter pair covers this gap",wall of tile 007B49 (room 0x3e)
glass 0x1d84e8 (preset 0x27d0),glass 0x1d8738 (preset 0x27d4),0.044,no,"another wall pokes into the space between them, so a tighter pair covers this gap",wall of tile 007B49 (room 0x3e)
glass 0x1d84e8 (preset 0x27d0),glass 0x1d84e8 (preset 0x27d0),0.00024,no,the line between them touches another wall,glass 0x1d84e8 (preset 0x27d0)
glass 0x1d84e8 (preset 0x27d0),glass 0x1d8738 (preset 0x27d4),0.80,no,the line between them touches another wall,glass 0x1d8738 (preset 0x27d4)
glass 0x1d84e8 (preset 0x27d0),glass 0x1d8738 (preset 0x27d4),4.239,no,"another wall pokes into the space between them, so a tighter pair covers this gap",glass 0x1d8738 (preset 0x27d4)
glass 0x1d84e8 (preset 0x27d0),glass 0x1d8738 (preset 0x27d4),0.044,no,"another wall pokes into the space between them, so a tighter pair covers this gap",wall of tile 007B49 (room 0x3e)
glass 0x1d84e8 (preset 0x27d0),glass 0x1d8738 (preset 0x27d4),0.80,no,neither wall could be placed on a tile,
glass 0x1d84e8 (preset 0x27d0),glass 0x1d8738 (preset 0x27d4),4.239,no,neither wall could be placed on a tile,
glass 0x1d84e8 (preset 0x27d0),glass 0x1d8738 (preset 0x27d4),0.044,no,neither wall could be placed on a tile,
glass 0x1d857c (preset 0x27d1),glass 0x1d857c (preset 0x27d1),0.00024,no,"the line between them leaves the walkable area (a wall's thickness, or another floor)",
glass 0x1d8610 (preset 0x27d2),glass 0x1d8610 (preset 0x27d2),0.00031,no,the line between them touches another wall,glass 0x1d8610 (preset 0x27d2)
glass 0x1d8610 (preset 0x27d2),glass 0x1d86a4 (preset 0x27d3),0.75,no,the line between them touches another wall,glass 0x1d86a4 (preset 0x27d3)
glass 0x1d8610 (preset 0x27d2),glass 0x1d86a4 (preset 0x27d3),0.88,no,"another wall pokes into the space between them, so a tighter pair covers this gap",glass 0x1d86a4 (preset 0x27d3)
glass 0x1d8610 (preset 0x27d2),glass 0x1d8738 (preset 0x27d4),0.00043,no,"another wall pokes into the space between them, so a tighter pair covers this gap",glass 0x1d8738 (preset 0x27d4)
glass 0x1d8610 (preset 0x27d2),glass 0x1d8738 (preset 0x27d4),0.76,no,the line between them touches another wall,glass 0x1d8738 (preset 0x27d4)
glass 0x1d8610 (preset 0x27d2),glass 0x1d8738 (preset 0x27d4),0.0026,no,the line between them touches another wall,glass 0x1d8738 (preset 0x27d4)
glass 0x1d8610 (preset 0x27d2),glass 0x1d8738 (preset 0x27d4),0.76,no,the line between them touches another wall,glass 0x1d8738 (preset 0x27d4)
glass 0x1d8610 (preset 0x27d2),glass 0x1d8738 (preset 0x27d4),0.00035,no,the line between them touches another wall,glass 0x1d8610 (preset 0x27d2)
glass 0x1d8610 (preset 0x27d2),glass 0x1d86a4 (preset 0x27d3),0.75,no,neither wall could be placed on a tile,
glass 0x1d8610 (preset 0x27d2),glass 0x1d86a4 (preset 0x27d3),0.88,no,neither wall could be placed on a tile,
glass 0x1d8610 (preset 0x27d2),glass 0x1d8738 (preset 0x27d4),0.00073,no,the line between them touches another wall,glass 0x1d8610 (preset 0x27d2)
glass 0x1d8610 (preset 0x27d2),glass 0x1d8738 (preset 0x27d4),0.76,no,the line between them touches another wall,glass 0x1d8738 (preset 0x27d4)
glass 0x1d8610 (preset 0x27d2),glass 0x1d86a4 (preset 0x27d3),0.75,no,the line between them touches another wall,glass 0x1d86a4 (preset 0x27d3)
glass 0x1d8610 (preset 0x27d2),glass 0x1d86a4 (preset 0x27d3),4.420,no,neither wall could be placed on a tile,
glass 0x1d8610 (preset 0x27d2),glass 0x1d86a4 (preset 0x27d3),0.43,no,neither wall could be placed on a tile,
glass 0x1d86a4 (preset 0x27d3),glass 0x1d86a4 (preset 0x27d3),1.172,no,the line between them touches another wall,glass 0x1d86a4 (preset 0x27d3)
glass 0x1d8738 (preset 0x27d4),glass 0x1d8738 (preset 0x27d4),0.76,no,the line between them touches another wall,glass 0x1d8738 (preset 0x27d4)
door 0x1d88dc (preset 0x008f),door 0x1d88dc (preset 0x008f),16.036,no,the line between them touches another wall,door 0x1d88dc (preset 0x008f)
door 0x1d89ec (preset 0x0093),door 0x1d89ec (preset 0x0093),16.036,no,the line between them touches another wall,door 0x1d89ec (preset 0x0093)
door 0x1d8afc (preset 0x0094),door 0x1d8afc (preset 0x0094),12.027,no,the line between them touches another wall,door 0x1d8afc (preset 0x0094)
door 0x1d8c0c (preset 0x0090),door 0x1d8c0c (preset 0x0090),16.036,no,the line between them touches another wall,door 0x1d8c0c (preset 0x0090)
door 0x1d8c0c (preset 0x0090),door 0x1d8d0c (preset 0x0091),0.00012,yes,,
door 0x1d8c0c (preset 0x0090),door 0x1d8d0c (preset 0x0091),0.00012,yes,,
door 0x1d8c0c (preset 0x0090),door 0x1d8d0c (preset 0x0091),16.036,no,"another wall pokes into the space between them, so a tighter pair covers this gap",door 0x1d8c0c (preset 0x0090)
door 0x1d8c0c (preset 0x0090),door 0x1d8d0c (preset 0x0091),0.00012,yes,,
door 0x1d8c0c (preset 0x0090),door 0x1d8d0c (preset 0x0091),0.00012,yes,,
door 0x1d8c0c (preset 0x0090),door 0x1d8d0c (preset 0x0091),0.00012,yes,,
door 0x1d8c0c (preset 0x0090),door 0x1d8d0c (preset 0x0091),0.00012,yes,,
door 0x1d8c0c (preset 0x0090),door 0x1d8d0c (preset 0x0091),16.036,no,"another wall pokes into the space between them, so a tighter pair covers this gap",door 0x1d8c0c (preset 0x0090)
door 0x1d8c0c (preset 0x0090),door 0x1d8d0c (preset 0x0091),0.00012,yes,,
door 0x1d8d0c (preset 0x0091),door 0x1d8d0c (preset 0x0091),16.036,no,the line between them touches another wall,door 0x1d8d0c (preset 0x0091)
door 0x1d8e2c (preset 0x0097),door 0x1d8e2c (preset 0x0097),16.036,no,the line between them touches another wall,door 0x1d8e2c (preset 0x0097)
door 0x1d8e2c (preset 0x0097),door 0x1d8f2c (preset 0x0098),0.00049,yes,,
door 0x1d8e2c (preset 0x0097),door 0x1d8f2c (preset 0x0098),16.036,no,"another wall pokes into the space between them, so a tighter pair covers this gap",door 0x1d8e2c (preset 0x0097)
door 0x1d8e2c (preset 0x0097),door 0x1d8f2c (preset 0x0098),0.00049,yes,,
door 0x1d8e2c (preset 0x0097),door 0x1d8f2c (preset 0x0098),0.00049,yes,,
door 0x1d8e2c (preset 0x0097),door 0x1d8f2c (preset 0x0098),0.00049,yes,,
door 0x1d8e2c (preset 0x0097),door 0x1d8f2c (preset 0x0098),0.00049,yes,,
door 0x1d8e2c (preset 0x0097),door 0x1d8f2c (preset 0x0098),16.036,no,"another wall pokes into the space between them, so a tighter pair covers this gap",door 0x1d8e2c (preset 0x0097)
door 0x1d8e2c (preset 0x0097),door 0x1d8f2c (preset 0x0098),0.00049,yes,,
door 0x1d8e2c (preset 0x0097),door 0x1d8f2c (preset 0x0098),0.00049,yes,,
door 0x1d8f2c (preset 0x0098),door 0x1d8f2c (preset 0x0098),16.036,no,the line between them touches another wall,door 0x1d8f2c (preset 0x0098)
door 0x1d925c (preset 0x00a3),door 0x1d925c (preset 0x00a3),0.00037,no,the line between them touches another wall,door 0x1d925c (preset 0x00a3)
door 0x1d925c (preset 0x00a3),door 0x1d925c (preset 0x00a3),11.067,no,the line between them touches another wall,door 0x1d925c (preset 0x00a3)
door 0x1d925c (preset 0x00a3),door 0x1d925c (preset 0x00a3),11.066,no,neither wall could be placed on a tile,
door 0x1d925c (preset 0x00a3),door 0x1d935c (preset 0x00a4),0.045,no,the line between them touches another wall,door 0x1d935c (preset 0x00a4)
door 0x1d925c (preset 0x00a3),door 0x1d935c (preset 0x00a4),11.025,no,the line between them touches another wall,door 0x1d925c (preset 0x00a3)
door 0x1d925c (preset 0x00a3),door 0x1d935c (preset 0x00a4),0.079,no,the line between them touches another wall,door 0x1d935c (preset 0x00a4)
door 0x1d925c (preset 0x00a3),door 0x1d925c (preset 0x00a3),11.066,no,the line between them touches another wall,door 0x1d925c (preset 0x00a3)
door 0x1d925c (preset 0x00a3),door 0x1d935c (preset 0x00a4),0.045,no,the line between them touches another wall,door 0x1d935c (preset 0x00a4)
door 0x1d925c (preset 0x00a3),door 0x1d935c (preset 0x00a4),11.062,no,the line between them touches another wall,door 0x1d925c (preset 0x00a3)
door 0x1d925c (preset 0x00a3),door 0x1d935c (preset 0x00a4),1.309,no,the line between them touches another wall,door 0x1d925c (preset 0x00a3)
door 0x1d925c (preset 0x00a3),door 0x1d935c (preset 0x00a4),1.310,no,the line between them touches another wall,door 0x1d925c (preset 0x00a3)
door 0x1d925c (preset 0x00a3),door 0x1d935c (preset 0x00a4),0.045,no,the line between them touches another wall,door 0x1d925c (preset 0x00a3)
door 0x1d925c (preset 0x00a3),door 0x1d935c (preset 0x00a4),0.000031,no,the line between them touches another wall,door 0x1d935c (preset 0x00a4)
door 0x1d925c (preset 0x00a3),door 0x1d935c (preset 0x00a4),1.309,no,the line between them touches another wall,door 0x1d925c (preset 0x00a3)
door 0x1d925c (preset 0x00a3),door 0x1d935c (preset 0x00a4),1.310,no,the line between them touches another wall,door 0x1d925c (preset 0x00a3)
door 0x1d925c (preset 0x00a3),door 0x1d925c (preset 0x00a3),0.00037,no,the line between them touches another wall,door 0x1d925c (preset 0x00a3)
door 0x1d925c (preset 0x00a3),door 0x1d935c (preset 0x00a4),11.108,no,the line between them touches another wall,door 0x1d935c (preset 0x00a4)
door 0x1d925c (preset 0x00a3),door 0x1d935c (preset 0x00a4),0.042,no,the line between them touches another wall,door 0x1d925c (preset 0x00a3)
door 0x1d925c (preset 0x00a3),door 0x1d935c (preset 0x00a4),11.145,no,the line between them touches another wall,door 0x1d925c (preset 0x00a3)
door 0x1d935c (preset 0x00a4),door 0x1d935c (preset 0x00a4),11.107,no,neither wall could be placed on a tile,
door 0x1d935c (preset 0x00a4),door 0x1d935c (preset 0x00a4),11.108,no,the line between them touches another wall,door 0x1d935c (preset 0x00a4)
door 0x1d935c (preset 0x00a4),door 0x1d935c (preset 0x00a4),0.00049,no,the line between them touches another wall,door 0x1d935c (preset 0x00a4)
door 0x1d935c (preset 0x00a4),door 0x1d935c (preset 0x00a4),0.00049,no,neither wall could be placed on a tile,
door 0x1d935c (preset 0x00a4),door 0x1d935c (preset 0x00a4),11.107,no,the line between them touches another wall,door 0x1d935c (preset 0x00a4)
door 0x1d946c (preset 0x0092),door 0x1d946c (preset 0x0092),28.064,no,neither wall could be placed on a tile,
door 0x1d946c (preset 0x0092),door 0x1d946c (preset 0x0092),0.00012,no,neither wall could be placed on a tile,
door 0x1d946c (preset 0x0092),door 0x1d946c (preset 0x0092),0.00012,no,the line between them touches another wall,door 0x1d946c (preset 0x0092)
door 0x1d946c (preset 0x0092),door 0x1d946c (preset 0x0092),28.064,no,the line between them touches another wall,door 0x1d946c (preset 0x0092)
door 0x1d946c (preset 0x0092),door 0x1d946c (preset 0x0092),28.064,no,the line between them touches another wall,door 0x1d946c (preset 0x0092)
door 0x1d957c (preset 0x0095),door 0x1d957c (preset 0x0095),16.036,no,the line between them touches another wall,wall of tile 056122 (room 0x13)
door 0x1d957c (preset 0x0095),door 0x1d957c (preset 0x0095),0.00012,no,the line between them touches another wall,door 0x1d957c (preset 0x0095)
door 0x1d957c (preset 0x0095),door 0x1d957c (preset 0x0095),16.036,no,the line between them touches another wall,wall of tile 056121 (room 0x13)
door 0x1d968c (preset 0x0096),door 0x1d968c (preset 0x0096),0.00024,no,the line between them touches another wall,door 0x1d968c (preset 0x0096)
door 0x1d968c (preset 0x0096),door 0x1d968c (preset 0x0096),18.041,no,the line between them touches another wall,wall of tile 07621A (room 0x12)
door 0x1d968c (preset 0x0096),door 0x1d968c (preset 0x0096),18.041,no,the line between them touches another wall,wall of tile 076219 (room 0x12)
door 0x1d979c (preset 0x009b),door 0x1d979c (preset 0x009b),18.041,no,the line between them touches another wall,door 0x1d979c (preset 0x009b)
door 0x1d979c (preset 0x009b),door 0x1d979c (preset 0x009b),0.00012,no,the line between them touches another wall,wall of tile 033309 (room 0x0b)
door 0x1d979c (preset 0x009b),door 0x1d979c (preset 0x009b),18.041,no,the line between them touches another wall,wall of tile 077431 (room 0x17)
door 0x1d98ac (preset 0x009c),door 0x1d98ac (preset 0x009c),16.036,no,neither wall could be placed on a tile,
door 0x1d98ac (preset 0x009c),door 0x1d98ac (preset 0x009c),16.036,no,neither wall could be placed on a tile,
door 0x1d98ac (preset 0x009c),door 0x1d98ac (preset 0x009c),0.00012,no,neither wall could be placed on a tile,
door 0x1d99bc (preset 0x009e),door 0x1d99bc (preset 0x009e),16.900,no,neither wall could be placed on a tile,
door 0x1d99bc (preset 0x009e),door 0x1d99bc (preset 0x009e),16.900,no,neither wall could be placed on a tile,
door 0x1d99bc (preset 0x009e),door 0x1d99bc (preset 0x009e),0.000078,no,neither wall could be placed on a tile,
door 0x1d99bc (preset 0x009e),door 0x1d99bc (preset 0x009e),0.000077,no,neither wall could be placed on a tile,
door 0x1d99bc (preset 0x009e),door 0x1d99bc (preset 0x009e),16.900,no,neither wall could be placed on a tile,
door 0x1d9acc (preset 0x009f),door 0x1d9acc (preset 0x009f),18.169,no,"the line between them leaves the walkable area (a wall's thickness, or another floor)",
door 0x1d9acc (preset 0x009f),door 0x1d9acc (preset 0x009f),0.00024,no,the line between them touches another wall,door 0x1d9acc (preset 0x009f)
door 0x1d9acc (preset 0x009f),door 0x1d9acc (preset 0x009f),18.169,no,neither wall could be placed on a tile,
