between,and,width,kept,reason,because_of
wall of tile 00D030 (room 0x4d),wall of tile 00D230 (room 0x4c),39.785,no,the line between them touches another wall,wall of tile 00CF30 (room 0x4d)
wall of tile 00D030 (room 0x4d),wall of tile 00D530 (room 0x4c),39.785,no,"the line between them leaves the walkable area (a wall's thickness, or another floor)",
wall of tile 00D030 (room 0x4d),wall of tile 00C530 (room 0x4d),39.785,no,"the line between them leaves the walkable area (a wall's thickness, or another floor)",
wall of tile 00D030 (room 0x4d),wall of tile 00C630 (room 0x4d),39.785,no,"the line between them leaves the walkable area (a wall's thickness, or another floor)",
wall of tile 00D030 (room 0x4d),wall of tile 00C930 (room 0x4d),39.785,no,the line between them touches another wall,wall of tile 00D130 (room 0x4d)
wall of tile 00D030 (room 0x4d),wall of tile 00D630 (room 0x4c),39.785,no,"the line between them leaves the walkable area (a wall's thickness, or another floor)",
wall of tile 00D130 (room 0x4d),wall of tile 00C530 (room 0x4d),39.785,no,"the line between them leaves the walkable area (a wall's thickness, or another floor)",
wall of tile 00D130 (room 0x4d),wall of tile 00C630 (room 0x4d),39.785,no,"the line between them leaves the walkable area (a wall's thickness, or another floor)",
wall of tile 00CF30 (room 0x4d),wall of tile 00D530 (room 0x4c),39.785,no,"the line between them leaves the walkable area (a wall's thickness, or another floor)",
wall of tile 00CF30 (room 0x4d),wall of tile 00D630 (room 0x4c),39.785,no,"the line between them leaves the walkable area (a wall's thickness, or another floor)",
wall of tile 00CD30 (room 0x4d),wall of tile 00DB30 (room 0x4c),39.785,no,"the line between them leaves the walkable area (a wall's thickness, or another floor)",
wall of tile 00CD30 (room 0x4d),wall of tile 00DA30 (room 0x4c),39.785,no,"the line between them leaves the walkable area (a wall's thickness, or another floor)",
wall of tile 00CD30 (room 0x4d),wall of tile 00E530 (room 0x4b),56.265,no,"the line between them leaves the walkable area (a wall's thickness, or another floor)",
wall of tile 00CD30 (room 0x4d),wall of tile 00E430 (room 0x4b),56.265,no,"the line between them leaves the walkable area (a wall's thickness, or another floor)",
wall of tile 00D230 (room 0x4c),wall of tile 00D630 (room 0x4c),39.785,no,the line between them touches another wall,wall of tile 00D530 (room 0x4c)
wall of tile 00D330 (room 0x4c),wall of tile 00DA30 (room 0x4c),39.785,no,the line between them touches another wall,wall of tile 00DB30 (room 0x4c)
wall of tile 00D330 (room 0x4c),wall of tile 00DD30 (room 0x4c),56.265,no,"another wall pokes into the space between them, so a tighter pair covers this gap",wall of tile 00DA30 (room 0x4c)
wall of tile 00D330 (room 0x4c),wall of tile 00CC30 (room 0x4d),39.785,no,the line between them touches another wall,wall of tile 00CD30 (room 0x4d)
wall of tile 00DB30 (room 0x4c),wall of tile 00DD30 (room 0x4c),39.785,no,the line between them touches another wall,wall of tile 00DA30 (room 0x4c)
wall of tile 00DB30 (room 0x4c),wall of tile 00E530 (room 0x4b),39.785,no,"the line between them leaves the walkable area (a wall's thickness, or another floor)",
wall of tile 00DB30 (room 0x4c),wall of tile 00E430 (room 0x4b),39.785,no,"the line between them leaves the walkable area (a wall's thickness, or another floor)",
wall of tile 00DB30 (room 0x4c),wall of tile 00CC30 (room 0x4d),39.785,no,"the line between them leaves the walkable area (a wall's thickness, or another floor)",
wall of tile 00DA30 (room 0x4c),wall of tile 00E530 (room 0x4b),39.785,no,"the line between them leaves the walkable area (a wall's thickness, or another floor)",
wall of tile 00DA30 (room 0x4c),wall of tile 00E430 (room 0x4b),39.785,no,"the line between them leaves the walkable area (a wall's thickness, or another floor)",
wall of tile 00DA30 (room 0x4c),wall of tile 00CC30 (room 0x4d),39.785,no,"the line between them leaves the walkable area (a wall's thickness, or another floor)",
wall of tile 00D830 (room 0x4c),wall of tile 00DF30 (room 0x4b),39.785,no,"the line between them leaves the walkable area (a wall's thickness, or another floor)",
wall of tile 00D830 (room 0x4c),wall of tile 00E030 (room 0x4b),39.785,no,"the line between them leaves the walkable area (a wall's thickness, or another floor)",
wall of tile 00DC30 (room 0x4c),wall of tile 00E030 (room 0x4b),39.785,no,the line between them touches another wall,wall of tile 00DF30 (room 0x4b)
wall of tile 00DC30 (room 0x4c),wall of tile 00D730 (room 0x4c),39.785,no,the line between them touches another wall,wall of tile 00D830 (room 0x4c)
wall of tile 00DD30 (room 0x4c),wall of tile 00E430 (room 0x4b),39.785,no,the line between them touches another wall,wall of tile 00E530 (room 0x4b)
wall of tile 00E530 (room 0x4b),wall of tile 00CC30 (room 0x4d),56.265,no,"the line between them leaves the walkable area (a wall's thickness, or another floor)",
wall of tile 00DF30 (room 0x4b),wall of tile 00D730 (room 0x4c),39.785,no,"the line between them leaves the walkable area (a wall's thickness, or another floor)",
wall of tile 00E030 (room 0x4b),wall of tile 00E730 (room 0x4a),39.785,no,the line between them touches another wall,wall of tile 00E130 (room 0x4b)
wall of tile 00E030 (room 0x4b),wall of tile 00F030 (room 0x4a),39.785,no,"the line between them leaves the walkable area (a wall's thickness, or another floor)",
wall of tile 00E030 (room 0x4b),wall of tile 00EF30 (room 0x4a),39.785,no,"the line between them leaves the walkable area (a wall's thickness, or another floor)",
wall of tile 00E030 (room 0x4b),wall of tile 00D730 (room 0x4c),39.785,no,"the line between them leaves the walkable area (a wall's thickness, or another floor)",
wall of tile 00E130 (room 0x4b),wall of tile 00F030 (room 0x4a),39.785,no,"the line between them leaves the walkable area (a wall's thickness, or another floor)",
wall of tile 00E130 (room 0x4b),wall of tile 00EF30 (room 0x4a),39.785,no,"the line between them leaves the walkable area (a wall's thickness, or another floor)",
wall of tile 00E330 (room 0x4b),wall of tile 00E930 (room 0x4a),39.785,no,"the line between them leaves the walkable area (a wall's thickness, or another floor)",
wall of tile 00E330 (room 0x4b),wall of tile 00EA30 (room 0x4a),39.785,no,"the line between them leaves the walkable area (a wall's thickness, or another floor)",
wall of tile 00E630 (room 0x4a),wall of tile 00EA30 (room 0x4a),39.785,no,the line between them touches another wall,wall of tile 00E930 (room 0x4a)
wall of tile 00E630 (room 0x4a),wall of tile 00E430 (room 0x4b),39.785,no,the line between them touches another wall,wall of tile 00E330 (room 0x4b)
wall of tile 00E730 (room 0x4a),wall of tile 00F030 (room 0x4a),39.785,no,the line between them touches another wall,wall of tile 00EF30 (room 0x4a)
wall of tile 00E930 (room 0x4a),wall of tile 00E430 (room 0x4b),39.785,no,"the line between them leaves the walkable area (a wall's thickness, or another floor)",
wall of tile 00EA30 (room 0x4a),wall of tile 00E430 (room 0x4b),39.785,no,"the line between them leaves the walkable area (a wall's thickness, or another floor)",
wall of tile 00EB30 (room 0x4a),wall of tile 00F430 (room 0x4a),39.785,no,the line between them touches another wall,wall of tile 00EC30 (room 0x4a)
wall of tile 00EB30 (room 0x4a),wall of tile 00FD30 (room 0x49),39.785,no,"the line between them leaves the walkable area (a wall's thickness, or another floor)",
wall of tile 00EB30 (room 0x4a),wall of tile 00FC30 (room 0x49),39.785,no,"the line between them leaves the walkable area (a wall's thickness, or another floor)",
wall of tile 00EC30 (room 0x4a),wall of tile 00FD30 (room 0x49),39.785,no,"the line between them leaves the walkable area (a wall's thickness, or another floor)",
wall of tile 00EC30 (room 0x4a),wall of tile 00FC30 (room 0x49),39.785,no,"the line between them leaves the walkable area (a wall's thickness, or another floor)",
wall of tile 00F430 (room 0x4a),wall of tile 00FC30 (room 0x49),39.785,no,the line between them touches another wall,wall of tile 00FD30 (room 0x49)
wall of tile 00F230 (room 0x4a),wall of tile 00F730 (room 0x49),39.785,no,"the line between them leaves the walkable area (a wall's thickness, or another floor)",
wall of tile 00F230 (room 0x4a),wall of tile 00F830 (room 0x49),39.785,no,"the line between them leaves the walkable area (a wall's thickness, or another floor)",
wall of tile 00F130 (room 0x4a),wall of tile 00F530 (room 0x4a),39.785,no,the line between them touches another wall,wall of tile 00F230 (room 0x4a)
wall of tile 00F130 (room 0x4a),wall of tile 00F730 (room 0x49),39.785,no,"the line between them leaves the walkable area (a wall's thickness, or another floor)",
wall of tile 00F130 (room 0x4a),wall of tile 00F830 (room 0x49),39.785,no,"the line between them leaves the walkable area (a wall's thickness, or another floor)",
wall of tile 00F530 (room 0x4a),wall of tile 00F830 (room 0x49),39.785,no,the line between them touches another wall,wall of tile 00F730 (room 0x49)
wall of tile 00F830 (room 0x49),wall of tile 00FF30 (room 0x49),39.785,no,the line between them touches another wall,wall of tile 00F930 (room 0x49)
wall of tile 00F830 (room 0x49),wall of tile 010130 (room 0x49),39.785,no,"the line between them leaves the walkable area (a wall's thickness, or another floor)",
wall of tile 00F830 (room 0x49),wall of tile 010230 (room 0x49),39.785,no,"the line between them leaves the walkable area (a wall's thickness, or another floor)",
wall of tile 00F930 (room 0x49),wall of tile 010130 (room 0x49),39.785,no,"the line between them leaves the walkable area (a wall's thickness, or another floor)",
wall of tile 00F930 (room 0x49),wall of tile 010230 (room 0x49),39.785,no,"the line between them leaves the walkable area (a wall's thickness, or another floor)",
wall of tile 00FB30 (room 0x49),wall of tile 010730 (room 0x49),39.785,no,"the line between them leaves the walkable area (a wall's thickness, or another floor)",
wall of tile 00FB30 (room 0x49),wall of tile 010630 (room 0x49),39.785,no,"the line between them leaves the walkable area (a wall's thickness, or another floor)",
wall of tile 00FE30 (room 0x49),wall of tile 010630 (room 0x49),39.785,no,the line between them touches another wall,wall of tile 010730 (room 0x49)
wall of tile 00FE30 (room 0x49),wall of tile 00FC30 (room 0x49),39.785,no,the line between them touches another wall,wall of tile 00FB30 (room 0x49)
wall of tile 00FF30 (room 0x49),wall of tile 010230 (room 0x49),39.785,no,the line between them touches another wall,wall of tile 010130 (room 0x49)
wall of tile 010730 (room 0x49),wall of tile 00FC30 (room 0x49),39.785,no,"the line between them leaves the walkable area (a wall's thickness, or another floor)",
wall of tile 010230 (room 0x49),wall of tile 02D001 (room 0x0b),39.785,no,the line between them touches another wall,wall of tile 010330 (room 0x49)
wall of tile 010230 (room 0x49),door 0x1c770c (preset 0x0052),39.785,no,"another wall pokes into the space between them, so a tighter pair covers this gap",wall of tile 02D001 (room 0x0b)
wall of tile 010230 (room 0x49),door 0x1c770c (preset 0x0052),39.785,no,"the line between them leaves the walkable area (a wall's thickness, or another floor)",
wall of tile 010230 (room 0x49),door 0x1c770c (preset 0x0052),41.443,no,"the line between them leaves the walkable area (a wall's thickness, or another floor)",
wall of tile 010230 (room 0x49),door 0x1c770c (preset 0x0052),39.785,no,"another wall pokes into the space between them, so a tighter pair covers this gap",wall of tile 02D001 (room 0x0b)
wall of tile 010330 (room 0x49),door 0x1c770c (preset 0x0052),0.000,yes,,
wall of tile 010330 (room 0x49),door 0x1c770c (preset 0x0052),0.000,no,"another wall pokes into the space between them, so a tighter pair covers this gap",wall of tile 02D001 (room 0x0b)
wall of tile 010330 (room 0x49),door 0x1c770c (preset 0x0052),11.604,no,"another wall pokes into the space between them, so a tighter pair covers this gap",wall of tile 02D001 (room 0x0b)
wall of tile 010330 (room 0x49),door 0x1c770c (preset 0x0052),0.000,no,"another wall pokes into the space between them, so a tighter pair covers this gap",door 0x1c770c (preset 0x0052)
wall of tile 010530 (room 0x49),door 0x1c760c (preset 0x0051),11.604,no,"another wall pokes into the space between them, so a tighter pair covers this gap",wall of tile 02D002 (room 0x0b)
wall of tile 010530 (room 0x49),door 0x1c760c (preset 0x0051),11.604,no,"another wall pokes into the space between them, so a tighter pair covers this gap",wall of tile 02D002 (room 0x0b)
wall of tile 010530 (room 0x49),door 0x1c760c (preset 0x0051),0.000,yes,,
wall of tile 010530 (room 0x49),door 0x1c760c (preset 0x0051),0.000,no,"another wall pokes into the space between them, so a tighter pair covers this gap",door 0x1c760c (preset 0x0051)
wall of tile 02D001 (room 0x0b),wall of tile 031900 (room 0x0b),39.785,no,the line between them touches another wall,wall of tile 031700 (room 0x0b)
wall of tile 02D001 (room 0x0b),door 0x1c770c (preset 0x0052),0.000,yes,,
wall of tile 02D001 (room 0x0b),door 0x1c770c (preset 0x0052),0.000,yes,,
wall of tile 02D001 (room 0x0b),door 0x1c770c (preset 0x0052),0.000,yes,,
wall of tile 02D001 (room 0x0b),door 0x1c770c (preset 0x0052),0.000,no,"another wall pokes into the space between them, so a tighter pair covers this gap",door 0x1c770c (preset 0x0052)
wall of tile 02D002 (room 0x0b),wall of tile 031500 (room 0x0b),39.785,no,the line between them touches another wall,wall of tile 031500 (room 0x0b)
wall of tile 02D002 (room 0x0b),wall of tile 010630 (room 0x49),39.785,no,the line between them touches another wall,wall of tile 010530 (room 0x49)
wall of tile 02D002 (room 0x0b),door 0x1c760c (preset 0x0051),0.000,yes,,
wall of tile 02D002 (room 0x0b),door 0x1c760c (preset 0x0051),0.000,yes,,
wall of tile 02D002 (room 0x0b),door 0x1c760c (preset 0x0051),0.000,yes,,
wall of tile 02D002 (room 0x0b),door 0x1c760c (preset 0x0051),0.000,no,"another wall pokes into the space between them, so a tighter pair covers this gap",door 0x1c760c (preset 0x0051)
wall of tile 031700 (room 0x0b),door 0x1c770c (preset 0x0052),54.705,no,"another wall pokes into the space between them, so a tighter pair covers this gap",wall of tile 02D001 (room 0x0b)
wall of tile 031700 (room 0x0b),door 0x1c770c (preset 0x0052),54.705,no,"another wall pokes into the space between them, so a tighter pair covers this gap",wall of tile 02D001 (room 0x0b)
wall of tile 031500 (room 0x0b),door 0x1c760c (preset 0x0051),54.705,no,"another wall pokes into the space between them, so a tighter pair covers this gap",wall of tile 02D002 (room 0x0b)
wall of tile 031500 (room 0x0b),door 0x1c760c (preset 0x0051),54.705,no,"another wall pokes into the space between them, so a tighter pair covers this gap",wall of tile 02D002 (room 0x0b)
wall of tile 031500 (room 0x0b),door 0x1c760c (preset 0x0051),54.705,no,"another wall pokes into the space between them, so a tighter pair covers this gap",wall of tile 02D002 (room 0x0b)
wall of tile 031500 (room 0x0b),wall of tile 023800 (room 0x0c),13.262,no,the far wall faces the other way (it belongs to floor which isn't linked here),
wall of tile 031500 (room 0x0b),door 0x1c6b0c (preset 0x0049),0.000,no,the far wall faces the other way (it belongs to floor which isn't linked here),
wall of tile 031500 (room 0x0b),door 0x1c6b0c (preset 0x0049),0.000,no,the far wall faces the other way (it belongs to floor which isn't linked here),
wall of tile 031500 (room 0x0b),door 0x1c6c0c (preset 0x004a),13.262,no,the far wall faces the other way (it belongs to floor which isn't linked here),
wall of tile 031500 (room 0x0b),door 0x1c6c0c (preset 0x004a),13.262,no,the far wall faces the other way (it belongs to floor which isn't linked here),
wall of tile 031500 (room 0x0b),door 0x1c6c0c (preset 0x004a),13.262,no,the far wall faces the other way (it belongs to floor which isn't linked here),
wall of tile 031500 (room 0x0b),door 0x1c6c0c (preset 0x004a),13.262,no,the far wall faces the other way (it belongs to floor which isn't linked here),
wall of tile 031900 (room 0x0b),wall of tile 02ED02 (room 0x0b),39.785,no,the line between them touches another wall,wall of tile 031A00 (room 0x0b)
wall of tile 031A00 (room 0x0b),door 0x1c750c (preset 0x0050),54.705,no,"another wall pokes into the space between them, so a tighter pair covers this gap",wall of tile 02ED02 (room 0x0b)
wall of tile 031A00 (room 0x0b),door 0x1c750c (preset 0x0050),54.705,no,"another wall pokes into the space between them, so a tighter pair covers this gap",wall of tile 02ED02 (room 0x0b)
wall of tile 031A00 (room 0x0b),door 0x1c750c (preset 0x0050),54.705,no,"another wall pokes into the space between them, so a tighter pair covers this gap",wall of tile 02ED02 (room 0x0b)
wall of tile 031C00 (room 0x0b),wall of tile 02ED01 (room 0x0b),39.785,no,the line between them touches another wall,wall of tile 031C00 (room 0x0b)
wall of tile 031C00 (room 0x0b),door 0x1c740c (preset 0x004f),54.705,no,"another wall pokes into the space between them, so a tighter pair covers this gap",wall of tile 02ED01 (room 0x0b)
wall of tile 031C00 (room 0x0b),door 0x1c740c (preset 0x004f),54.705,no,"another wall pokes into the space between them, so a tighter pair covers this gap",wall of tile 02ED01 (room 0x0b)
wall of tile 02ED02 (room 0x0b),wall of tile 013C30 (room 0x47),39.785,no,the line between them touches another wall,wall of tile 013B30 (room 0x47)
wall of tile 02ED02 (room 0x0b),door 0x1c750c (preset 0x0050),0.000,yes,,
wall of tile 02ED02 (room 0x0b),door 0x1c750c (preset 0x0050),0.000,yes,,
wall of tile 02ED02 (room 0x0b),door 0x1c750c (preset 0x0050),0.000,no,"another wall pokes into the space between them, so a tighter pair covers this gap",door 0x1c750c (preset 0x0050)
wall of tile 02ED02 (room 0x0b),door 0x1c750c (preset 0x0050),0.000,yes,,
wall of tile 02ED01 (room 0x0b),door 0x1c740c (preset 0x004f),0.000,no,"another wall pokes into the space between them, so a tighter pair covers this gap",door 0x1c740c (preset 0x004f)
wall of tile 02ED01 (room 0x0b),door 0x1c740c (preset 0x004f),0.000,yes,,
wall of tile 02ED01 (room 0x0b),door 0x1c740c (preset 0x004f),0.000,yes,,
wall of tile 02ED01 (room 0x0b),door 0x1c740c (preset 0x004f),0.000,yes,,
wall of tile 013B30 (room 0x47),door 0x1c750c (preset 0x0050),11.604,no,"another wall pokes into the space between them, so a tighter pair covers this gap",wall of tile 02ED02 (room 0x0b)
wall of tile 013B30 (room 0x47),door 0x1c750c (preset 0x0050),0.000,yes,,
wall of tile 013B30 (room 0x47),door 0x1c750c (preset 0x0050),0.000,no,"another wall pokes into the space between them, so a tighter pair covers this gap",door 0x1c750c (preset 0x0050)
wall of tile 013B30 (room 0x47),door 0x1c750c (preset 0x0050),11.604,no,"another wall pokes into the space between them, so a tighter pair covers this gap",wall of tile 02ED02 (room 0x0b)
wall of tile 013C30 (room 0x47),wall of tile 066F01 (room 0x0d),33.154,no,the line between them touches another wall,wall of tile 013E30 (room 0x47)
wall of tile 013C30 (room 0x47),wall of tile 066F02 (room 0x0d),33.154,no,the line between them touches another wall,wall of tile 013E30 (room 0x47)
wall of tile 013C30 (room 0x47),door 0x1c750c (preset 0x0050),41.443,no,"the line between them leaves the walkable area (a wall's thickness, or another floor)",
wall of tile 013C30 (room 0x47),door 0x1c750c (preset 0x0050),39.785,no,"another wall pokes into the space between them, so a tighter pair covers this gap",wall of tile 02ED02 (room 0x0b)
wall of tile 013C30 (room 0x47),door 0x1c750c (preset 0x0050),39.785,no,"another wall pokes into the space between them, so a tighter pair covers this gap",wall of tile 02ED02 (room 0x0b)
wall of tile 013C30 (room 0x47),door 0x1c750c (preset 0x0050),41.443,no,"the line between them leaves the walkable area (a wall's thickness, or another floor)",
wall of tile 013E30 (room 0x47),wall of tile 012730 (room 0x47),26.523,no,the line between them touches another wall,wall of tile 013F30 (room 0x47)
wall of tile 013E30 (room 0x47),wall of tile 014E32 (room 0x47),38.100,no,"the line between them leaves the walkable area (a wall's thickness, or another floor)",
wall of tile 013E30 (room 0x47),wall of tile 079501 (room 0x0c),8.289,no,the far wall faces the other way (it belongs to floor which isn't linked here),
wall of tile 013E30 (room 0x47),wall of tile 079501 (room 0x0c),8.289,no,the far wall faces the other way (it belongs to floor which isn't linked here),
wall of tile 013E30 (room 0x47),wall of tile 079702 (room 0x0c),8.289,no,the far wall faces the other way (it belongs to floor which isn't linked here),
wall of tile 013E30 (room 0x47),wall of tile 063401 (room 0x0f),7.460,no,"the line between them leaves the walkable area (a wall's thickness, or another floor)",
wall of tile 013F30 (room 0x47),wall of tile 014E32 (room 0x47),27.352,no,the line between them touches another wall,wall of tile 012730 (room 0x47)
wall of tile 013F30 (room 0x47),wall of tile 063401 (room 0x0f),7.460,no,"the line between them leaves the walkable area (a wall's thickness, or another floor)",
wall of tile 012930 (room 0x47),wall of tile 012F30 (room 0x47),26.523,no,the line between them touches another wall,wall of tile 012E30 (room 0x47)
wall of tile 012930 (room 0x47),wall of tile 013830 (room 0x47),26.523,no,the line between them touches another wall,wall of tile 013730 (room 0x47)
wall of tile 012730 (room 0x47),wall of tile 014F32 (room 0x47),39.785,no,the line between them touches another wall,wall of tile 014E32 (room 0x47)
wall of tile 012730 (room 0x47),wall of tile 064501 (room 0x0f),26.523,no,"the line between them leaves the walkable area (a wall's thickness, or another floor)",
wall of tile 012730 (room 0x47),wall of tile 063401 (room 0x0f),26.523,no,"the line between them leaves the walkable area (a wall's thickness, or another floor)",
wall of tile 014E31 (room 0x47),wall of tile 015031 (room 0x47),39.785,no,the line between them touches another wall,wall of tile 014F31 (room 0x47)
wall of tile 014E31 (room 0x47),wall of tile 064502 (room 0x0f),33.154,no,the far wall faces the other way (it belongs to floor which isn't linked here),
wall of tile 014E31 (room 0x47),wall of tile 063402 (room 0x0f),26.523,no,the far wall faces the other way (it belongs to floor which isn't linked here),
wall of tile 014E31 (room 0x47),wall of tile 061A02 (room 0x0f),53.460,no,the far wall faces the other way (it belongs to floor which isn't linked here),
wall of tile 014E31 (room 0x47),wall of tile 077F02 (room 0x0c),13.262,no,the far wall faces the other way (it belongs to floor which isn't linked here),
wall of tile 014E31 (room 0x47),wall of tile 077F01 (room 0x0c),44.303,no,the far wall faces the other way (it belongs to floor which isn't linked here),
wall of tile 014E32 (room 0x47),wall of tile 015031 (room 0x47),39.785,no,the line between them touches another wall,wall of tile 014F32 (room 0x47)
wall of tile 014E32 (room 0x47),wall of tile 015032 (room 0x47),47.816,no,"the line between them leaves the walkable area (a wall's thickness, or another floor)",
wall of tile 014E32 (room 0x47),wall of tile 064501 (room 0x0f),33.154,no,"the line between them leaves the walkable area (a wall's thickness, or another floor)",
wall of tile 014E32 (room 0x47),wall of tile 063401 (room 0x0f),26.523,no,"the line between them leaves the walkable area (a wall's thickness, or another floor)",
wall of tile 014E32 (room 0x47),wall of tile 061B01 (room 0x0d),53.460,no,"the line between them leaves the walkable area (a wall's thickness, or another floor)",
wall of tile 014F31 (room 0x47),wall of tile 015131 (room 0x47),39.785,no,the line between them touches another wall,wall of tile 015031 (room 0x47)
wall of tile 014F31 (room 0x47),wall of tile 012C30 (room 0x47),26.523,no,the line between them touches another wall,wall of tile 015031 (room 0x47)
wall of tile 014F31 (room 0x47),wall of tile 063402 (room 0x0f),26.523,no,the far wall faces the other way (it belongs to floor which isn't linked here),
wall of tile 014F31 (room 0x47),wall of tile 061A02 (room 0x0f),27.340,no,the far wall faces the other way (it belongs to floor which isn't linked here),
wall of tile 014F31 (room 0x47),wall of tile 077F02 (room 0x0c),53.047,no,the line between them touches another wall,wall of tile 014E31 (room 0x47)
wall of tile 014F32 (room 0x47),wall of tile 015032 (room 0x47),26.523,no,the line between them touches another wall,wall of tile 015031 (room 0x47)
wall of tile 014F32 (room 0x47),wall of tile 015132 (room 0x47),47.816,no,"another wall pokes into the space between them, so a tighter pair covers this gap",wall of tile 015032 (room 0x47)
wall of tile 014F32 (room 0x47),wall of tile 063401 (room 0x0f),26.523,no,"the line between them leaves the walkable area (a wall's thickness, or another floor)",
wall of tile 014F32 (room 0x47),wall of tile 061B01 (room 0x0d),27.340,no,the far wall faces the other way (it belongs to floor which isn't linked here),
wall of tile 015031 (room 0x47),wall of tile 015132 (room 0x47),39.785,no,the line between them touches another wall,wall of tile 015032 (room 0x47)
wall of tile 015031 (room 0x47),wall of tile 061B01 (room 0x0d),6.631,no,the line between them touches another wall,wall of tile 015032 (room 0x47)
wall of tile 015031 (room 0x47),wall of tile 015231 (room 0x47),39.785,no,the line between them touches another wall,wall of tile 015131 (room 0x47)
wall of tile 015031 (room 0x47),wall of tile 012A30 (room 0x47),39.785,no,the line between them touches another wall,wall of tile 014F31 (room 0x47)
wall of tile 015031 (room 0x47),wall of tile 063402 (room 0x0f),26.523,no,the far wall faces the other way (it belongs to floor which isn't linked here),
wall of tile 015031 (room 0x47),wall of tile 061A02 (room 0x0f),26.523,no,the far wall faces the other way (it belongs to floor which isn't linked here),
wall of tile 015032 (room 0x47),wall of tile 015232 (room 0x47),39.785,no,the line between them touches another wall,wall of tile 015132 (room 0x47)
wall of tile 015131 (room 0x47),wall of tile 015831 (room 0x47),39.785,no,the line between them touches another wall,wall of tile 015231 (room 0x47)
wall of tile 015131 (room 0x47),wall of tile 012D30 (room 0x47),26.523,no,the line between them touches another wall,wall of tile 015231 (room 0x47)
wall of tile 015131 (room 0x47),wall of tile 012B30 (room 0x47),13.262,no,the line between them touches another wall,wall of tile 015031 (room 0x47)
wall of tile 015131 (room 0x47),wall of tile 063402 (room 0x0f),42.458,no,the far wall faces the other way (it belongs to floor which isn't linked here),
wall of tile 015131 (room 0x47),wall of tile 061A02 (room 0x0f),26.523,no,the far wall faces the other way (it belongs to floor which isn't linked here),
wall of tile 015131 (room 0x47),wall of tile 061A01 (room 0x0f),42.458,no,the far wall faces the other way (it belongs to floor which isn't linked here),
wall of tile 015132 (room 0x47),wall of tile 015832 (room 0x47),39.785,no,the line between them touches another wall,wall of tile 015232 (room 0x47)
wall of tile 015132 (room 0x47),wall of tile 063401 (room 0x0f),33.154,no,the line between them touches another wall,wall of tile 015032 (room 0x47)
wall of tile 015132 (room 0x47),wall of tile 061A01 (room 0x0f),33.154,no,the line between them touches another wall,wall of tile 015232 (room 0x47)
wall of tile 015132 (room 0x47),wall of tile 061B02 (room 0x0d),33.154,no,the line between them touches another wall,wall of tile 015232 (room 0x47)
wall of tile 015132 (room 0x47),wall of tile 061B01 (room 0x0d),33.154,no,the line between them touches another wall,wall of tile 015032 (room 0x47)
wall of tile 015231 (room 0x47),wall of tile 015731 (room 0x47),39.785,no,the line between them touches another wall,wall of tile 015831 (room 0x47)
wall of tile 015231 (room 0x47),wall of tile 012B30 (room 0x47),53.047,no,the line between them touches another wall,wall of tile 015131 (room 0x47)
wall of tile 015231 (room 0x47),wall of tile 061A02 (room 0x0f),26.523,no,the far wall faces the other way (it belongs to floor which isn't linked here),
wall of tile 015231 (room 0x47),wall of tile 061A01 (room 0x0f),26.523,no,the far wall faces the other way (it belongs to floor which isn't linked here),
wall of tile 015232 (room 0x47),wall of tile 015732 (room 0x47),39.785,no,the line between them touches another wall,wall of tile 015832 (room 0x47)
wall of tile 015831 (room 0x47),wall of tile 015631 (room 0x47),39.785,no,the line between them touches another wall,wall of tile 015731 (room 0x47)
wall of tile 015831 (room 0x47),wall of tile 013030 (room 0x47),26.523,no,the line between them touches another wall,wall of tile 015731 (room 0x47)
wall of tile 015831 (room 0x47),wall of tile 012C30 (room 0x47),13.262,no,the line between them touches another wall,wall of tile 015231 (room 0x47)
wall of tile 015831 (room 0x47),wall of tile 061A02 (room 0x0f),27.340,no,the far wall faces the other way (it belongs to floor which isn't linked here),
wall of tile 015831 (room 0x47),wall of tile 061A01 (room 0x0f),27.340,no,the far wall faces the other way (it belongs to floor which isn't linked here),
wall of tile 015832 (room 0x47),wall of tile 015632 (room 0x47),39.785,no,the line between them touches another wall,wall of tile 015732 (room 0x47)
wall of tile 015832 (room 0x47),wall of tile 061A01 (room 0x0f),6.631,no,the line between them touches another wall,wall of tile 015232 (room 0x47)
wall of tile 015832 (room 0x47),wall of tile 061B02 (room 0x0d),6.631,no,the line between them touches another wall,wall of tile 015232 (room 0x47)
wall of tile 015731 (room 0x47),wall of tile 015531 (room 0x47),39.785,no,the line between them touches another wall,wall of tile 015631 (room 0x47)
wall of tile 015731 (room 0x47),wall of tile 012C30 (room 0x47),53.047,no,the line between them touches another wall,wall of tile 015831 (room 0x47)
wall of tile 015731 (room 0x47),wall of tile 061A02 (room 0x0f),53.460,no,the far wall faces the other way (it belongs to floor which isn't linked here),
wall of tile 015731 (room 0x47),wall of tile 061A01 (room 0x0f),53.460,no,the far wall faces the other way (it belongs to floor which isn't linked here),
wall of tile 015732 (room 0x47),wall of tile 015532 (room 0x47),39.785,no,the line between them touches another wall,wall of tile 015632 (room 0x47)
wall of tile 015732 (room 0x47),wall of tile 061A01 (room 0x0f),46.416,no,the line between them touches another wall,wall of tile 015832 (room 0x47)
wall of tile 015732 (room 0x47),wall of tile 061B02 (room 0x0d),46.416,no,the line between them touches another wall,wall of tile 015832 (room 0x47)
wall of tile 015631 (room 0x47),wall of tile 015431 (room 0x47),39.785,no,the line between them touches another wall,wall of tile 015531 (room 0x47)
wall of tile 015631 (room 0x47),wall of tile 013130 (room 0x47),26.523,no,the line between them touches another wall,wall of tile 015531 (room 0x47)
wall of tile 015631 (room 0x47),wall of tile 012D30 (room 0x47),13.262,no,the line between them touches another wall,wall of tile 015731 (room 0x47)
wall of tile 015632 (room 0x47),wall of tile 015432 (room 0x47),39.785,no,the line between them touches another wall,wall of tile 015532 (room 0x47)
wall of tile 015531 (room 0x47),wall of tile 015331 (room 0x47),39.785,no,the line between them touches another wall,wall of tile 015431 (room 0x47)
wall of tile 015531 (room 0x47),wall of tile 012D30 (room 0x47),53.047,no,the line between them touches another wall,wall of tile 015631 (room 0x47)
wall of tile 015532 (room 0x47),wall of tile 015332 (room 0x47),39.785,no,the line between them touches another wall,wall of tile 015432 (room 0x47)
wall of tile 015431 (room 0x47),wall of tile 012530 (room 0x47),39.785,no,the line between them touches another wall,wall of tile 015331 (room 0x47)
wall of tile 015431 (room 0x47),wall of tile 013230 (room 0x47),39.785,no,the line between them touches another wall,wall of tile 015331 (room 0x47)
wall of tile 015431 (room 0x47),wall of tile 013030 (room 0x47),13.262,no,the line between them touches another wall,wall of tile 015531 (room 0x47)
wall of tile 015432 (room 0x47),wall of tile 012330 (room 0x47),39.785,no,the line between them touches another wall,wall of tile 015332 (room 0x47)
wall of tile 015432 (room 0x47),wall of tile 013230 (room 0x47),39.785,no,the line between them touches another wall,wall of tile 015332 (room 0x47)
wall of tile 015432 (room 0x47),wall of tile 013230 (room 0x47),39.785,no,the line between them touches another wall,wall of tile 015332 (room 0x47)
wall of tile 015331 (room 0x47),wall of tile 013030 (room 0x47),53.047,no,the line between them touches another wall,wall of tile 015431 (room 0x47)
wall of tile 012530 (room 0x47),wall of tile 01B700 (room 0x09),56.265,no,"the line between them leaves the walkable area (a wall's thickness, or another floor)",
wall of tile 012530 (room 0x47),wall of tile 01B600 (room 0x09),56.265,no,"the line between them leaves the walkable area (a wall's thickness, or another floor)",
wall of tile 012530 (room 0x47),wall of tile 012100 (room 0x06),39.785,no,"the line between them leaves the walkable area (a wall's thickness, or another floor)",
wall of tile 012530 (room 0x47),wall of tile 01FE00 (room 0x07),39.785,no,"the line between them leaves the walkable area (a wall's thickness, or another floor)",
wall of tile 012530 (room 0x47),wall of tile 01FD00 (room 0x07),39.785,no,"the line between them leaves the walkable area (a wall's thickness, or another floor)",
wall of tile 012530 (room 0x47),wall of tile 01B700 (room 0x09),56.265,no,"the line between them leaves the walkable area (a wall's thickness, or another floor)",
wall of tile 012530 (room 0x47),wall of tile 01B600 (room 0x09),56.265,no,"the line between them leaves the walkable area (a wall's thickness, or another floor)",
wall of tile 012530 (room 0x47),wall of tile 012000 (room 0x06),39.785,no,"the line between them leaves the walkable area (a wall's thickness, or another floor)",
wall of tile 012530 (room 0x47),door 0x1c790c (preset 0x0054),4.144,no,the far wall faces the other way (it belongs to floor which isn't linked here),
wall of tile 012530 (room 0x47),door 0x1c790c (preset 0x0054),0.000,no,the far wall faces the other way (it belongs to floor which isn't linked here),
wall of tile 012530 (room 0x47),door 0x1c790c (preset 0x0054),0.000,no,the far wall faces the other way (it belongs to floor which isn't linked here),
wall of tile 012530 (room 0x47),door 0x1c790c (preset 0x0054),4.144,no,the far wall faces the other way (it belongs to floor which isn't linked here),
wall of tile 012530 (room 0x47),door 0x1c7a0c (preset 0x0055),0.000,no,"another wall pokes into the space between them, so a tighter pair covers this gap",wall of tile 012602 (room 0x06)
wall of tile 012530 (room 0x47),door 0x1c7a0c (preset 0x0055),0.000,yes,,
wall of tile 012530 (room 0x47),door 0x1c7a0c (preset 0x0055),0.000,no,"another wall pokes into the space between them, so a tighter pair covers this gap",door 0x1c7a0c (preset 0x0055)
wall of tile 012530 (room 0x47),door 0x1c7a0c (preset 0x0055),11.604,no,"another wall pokes into the space between them, so a tighter pair covers this gap",wall of tile 012602 (room 0x06)
wall of tile 012601 (room 0x06),wall of tile 012230 (room 0x47),53.047,no,the line between them touches another wall,wall of tile 012230 (room 0x47)
wall of tile 012601 (room 0x06),wall of tile 012500 (room 0x06),53.047,no,the line between them touches another wall,wall of tile 012400 (room 0x06)
wall of tile 012601 (room 0x06),wall of tile 013530 (room 0x47),53.047,no,the line between them touches another wall,wall of tile 012230 (room 0x47)
wall of tile 012601 (room 0x06),wall of tile 01FC00 (room 0x07),53.047,no,the line between them touches another wall,wall of tile 012400 (room 0x06)
wall of tile 012601 (room 0x06),door 0x1c780c (preset 0x0053),0.000,no,the far wall faces the other way (it belongs to floor which isn't linked here),
wall of tile 012601 (room 0x06),door 0x1c780c (preset 0x0053),0.000,no,"the line between them leaves the walkable area (a wall's thickness, or another floor)",
wall of tile 012601 (room 0x06),door 0x1c7b0c (preset 0x0056),0.000,no,the line between them touches another wall,door 0x1c7b0c (preset 0x0056)
wall of tile 012601 (room 0x06),door 0x1c7b0c (preset 0x0056),0.000,no,"the line between them leaves the walkable area (a wall's thickness, or another floor)",
wall of tile 012601 (room 0x06),door 0x1c7b0c (preset 0x0056),0.000,no,"the line between them leaves the walkable area (a wall's thickness, or another floor)",
wall of tile 012601 (room 0x06),generic 0x1cb5b4 (preset 0x00e4),52.220,no,"another wall pokes into the space between them, so a tighter pair covers this gap",wall of tile 012400 (room 0x06)
wall of tile 012601 (room 0x06),generic 0x1cb5b4 (preset 0x00e4),52.220,no,"another wall pokes into the space between them, so a tighter pair covers this gap",wall of tile 012400 (room 0x06)
wall of tile 012230 (room 0x47),wall of tile 012400 (room 0x06),39.785,no,"the line between them leaves the walkable area (a wall's thickness, or another floor)",
wall of tile 012230 (room 0x47),wall of tile 012500 (room 0x06),39.785,no,"the line between them leaves the walkable area (a wall's thickness, or another floor)",
wall of tile 012230 (room 0x47),wall of tile 020000 (room 0x07),39.785,no,"the line between them leaves the walkable area (a wall's thickness, or another floor)",
wall of tile 012230 (room 0x47),wall of tile 01FC00 (room 0x07),39.785,no,"the line between them leaves the walkable area (a wall's thickness, or another floor)",
wall of tile 012230 (room 0x47),door 0x1c780c (preset 0x0053),0.000,no,the far wall faces the other way (it belongs to floor which isn't linked here),
wall of tile 012230 (room 0x47),door 0x1c780c (preset 0x0053),4.144,no,the far wall faces the other way (it belongs to floor which isn't linked here),
wall of tile 012230 (room 0x47),door 0x1c7b0c (preset 0x0056),0.000,no,the line between them touches another wall,door 0x1c7b0c (preset 0x0056)
wall of tile 012230 (room 0x47),door 0x1c7b0c (preset 0x0056),11.604,no,"the line between them leaves the walkable area (a wall's thickness, or another floor)",
wall of tile 012230 (room 0x47),door 0x1c7b0c (preset 0x0056),11.604,no,the line between them touches another wall,door 0x1c7b0c (preset 0x0056)
wall of tile 012230 (room 0x47),wall of tile 012400 (room 0x06),39.785,no,"the line between them leaves the walkable area (a wall's thickness, or another floor)",
wall of tile 012230 (room 0x47),wall of tile 012500 (room 0x06),39.785,no,"the line between them leaves the walkable area (a wall's thickness, or another floor)",
wall of tile 012230 (room 0x47),wall of tile 020000 (room 0x07),39.785,no,"the line between them leaves the walkable area (a wall's thickness, or another floor)",
wall of tile 012230 (room 0x47),wall of tile 039401 (room 0x07),53.047,no,the line between them touches another wall,wall of tile 012230 (room 0x47)
wall of tile 012230 (room 0x47),wall of tile 01FC00 (room 0x07),39.785,no,"the line between them leaves the walkable area (a wall's thickness, or another floor)",
wall of tile 012230 (room 0x47),door 0x1c780c (preset 0x0053),53.047,no,the far wall faces the other way (it belongs to floor which isn't linked here),
wall of tile 012230 (room 0x47),door 0x1c780c (preset 0x0053),53.047,no,the far wall faces the other way (it belongs to floor which isn't linked here),
wall of tile 012230 (room 0x47),door 0x1c780c (preset 0x0053),53.209,no,"the line between them leaves the walkable area (a wall's thickness, or another floor)",
wall of tile 012230 (room 0x47),door 0x1c7b0c (preset 0x0056),53.047,no,"another wall pokes into the space between them, so a tighter pair covers this gap",wall of tile 012230 (room 0x47)
wall of tile 012230 (room 0x47),door 0x1c7b0c (preset 0x0056),53.047,no,"another wall pokes into the space between them, so a tighter pair covers this gap",wall of tile 012230 (room 0x47)
wall of tile 012230 (room 0x47),door 0x1c7b0c (preset 0x0056),54.301,no,"the line between them leaves the walkable area (a wall's thickness, or another floor)",
wall of tile 012230 (room 0x47),door 0x1c7b0c (preset 0x0056),54.301,no,"the line between them leaves the walkable area (a wall's thickness, or another floor)",
wall of tile 012602 (room 0x06),wall of tile 01FD00 (room 0x07),53.047,no,the line between them touches another wall,wall of tile 012100 (room 0x06)
wall of tile 012602 (room 0x06),wall of tile 012000 (room 0x06),53.047,no,the line between them touches another wall,wall of tile 012100 (room 0x06)
wall of tile 012602 (room 0x06),door 0x1c790c (preset 0x0054),0.000,no,the far wall faces the other way (it belongs to floor which isn't linked here),
wall of tile 012602 (room 0x06),door 0x1c790c (preset 0x0054),0.000,no,the far wall faces the other way (it belongs to floor which isn't linked here),
wall of tile 012602 (room 0x06),door 0x1c790c (preset 0x0054),0.000,no,the far wall faces the other way (it belongs to floor which isn't linked here),
wall of tile 012602 (room 0x06),door 0x1c790c (preset 0x0054),0.000,no,the far wall faces the other way (it belongs to floor which isn't linked here),
wall of tile 012602 (room 0x06),door 0x1c7a0c (preset 0x0055),0.000,yes,,
wall of tile 012602 (room 0x06),door 0x1c7a0c (preset 0x0055),0.000,yes,,
wall of tile 012602 (room 0x06),door 0x1c7a0c (preset 0x0055),0.000,no,"another wall pokes into the space between them, so a tighter pair covers this gap",door 0x1c7a0c (preset 0x0055)
wall of tile 012602 (room 0x06),door 0x1c7a0c (preset 0x0055),0.000,yes,,
wall of tile 012100 (room 0x06),wall of tile 012F30 (room 0x47),39.785,no,"the line between them leaves the walkable area (a wall's thickness, or another floor)",
wall of tile 012100 (room 0x06),door 0x1c790c (preset 0x0054),35.641,no,the far wall faces the other way (it belongs to floor which isn't linked here),
wall of tile 012100 (room 0x06),door 0x1c790c (preset 0x0054),35.641,no,the far wall faces the other way (it belongs to floor which isn't linked here),
wall of tile 012100 (room 0x06),door 0x1c790c (preset 0x0054),39.785,no,the far wall faces the other way (it belongs to floor which isn't linked here),
wall of tile 012100 (room 0x06),door 0x1c790c (preset 0x0054),35.641,no,the far wall faces the other way (it belongs to floor which isn't linked here),
wall of tile 012100 (room 0x06),door 0x1c7a0c (preset 0x0055),28.181,no,"another wall pokes into the space between them, so a tighter pair covers this gap",wall of tile 012602 (room 0x06)
wall of tile 012100 (room 0x06),door 0x1c7a0c (preset 0x0055),39.785,no,"another wall pokes into the space between them, so a tighter pair covers this gap",wall of tile 012602 (room 0x06)
wall of tile 012100 (room 0x06),door 0x1c7a0c (preset 0x0055),39.785,no,the line between them touches another wall,door 0x1c7a0c (preset 0x0055)
wall of tile 012100 (room 0x06),door 0x1c7a0c (preset 0x0055),28.181,no,"another wall pokes into the space between them, so a tighter pair covers this gap",wall of tile 012602 (room 0x06)
wall of tile 011F00 (room 0x06),wall of tile 011D00 (room 0x08),26.523,no,the line between them touches another wall,wall of tile 011D00 (room 0x08)
wall of tile 011F00 (room 0x06),wall of tile 01F800 (room 0x08),26.523,no,the line between them touches another wall,wall of tile 011D00 (room 0x08)
wall of tile 011F00 (room 0x06),wall of tile 01FD00 (room 0x07),26.523,no,the line between them touches another wall,wall of tile 012000 (room 0x06)
wall of tile 011F00 (room 0x06),wall of tile 012000 (room 0x06),26.523,no,the line between them touches another wall,wall of tile 012000 (room 0x06)
wall of tile 012400 (room 0x06),wall of tile 013530 (room 0x47),39.785,no,"the line between them leaves the walkable area (a wall's thickness, or another floor)",
wall of tile 012400 (room 0x06),wall of tile 013530 (room 0x47),39.785,no,"the line between them leaves the walkable area (a wall's thickness, or another floor)",
wall of tile 012400 (room 0x06),door 0x1c780c (preset 0x0053),39.785,no,"the line between them leaves the walkable area (a wall's thickness, or another floor)",
wall of tile 012400 (room 0x06),door 0x1c780c (preset 0x0053),35.641,no,"the line between them leaves the walkable area (a wall's thickness, or another floor)",
wall of tile 012400 (room 0x06),door 0x1c780c (preset 0x0053),35.641,no,"the line between them leaves the walkable area (a wall's thickness, or another floor)",
wall of tile 012400 (room 0x06),door 0x1c7b0c (preset 0x0056),39.785,no,"the line between them leaves the walkable area (a wall's thickness, or another floor)",
wall of tile 012400 (room 0x06),door 0x1c7b0c (preset 0x0056),28.181,no,"the line between them leaves the walkable area (a wall's thickness, or another floor)",
wall of tile 012400 (room 0x06),door 0x1c7b0c (preset 0x0056),28.181,no,"the line between them leaves the walkable area (a wall's thickness, or another floor)",
wall of tile 012400 (room 0x06),door 0x1c7b0c (preset 0x0056),28.181,no,"the line between them leaves the walkable area (a wall's thickness, or another floor)",
wall of tile 012400 (room 0x06),generic 0x1cb5b4 (preset 0x00e4),51.381,yes,,
wall of tile 012400 (room 0x06),generic 0x1cb5b4 (preset 0x00e4),51.381,yes,,
wall of tile 012500 (room 0x06),wall of tile 011C00 (room 0x08),39.785,no,"the line between them leaves the walkable area (a wall's thickness, or another floor)",
wall of tile 012500 (room 0x06),wall of tile 011C00 (room 0x08),39.785,no,"the line between them leaves the walkable area (a wall's thickness, or another floor)",
wall of tile 012500 (room 0x06),wall of tile 01F600 (room 0x08),39.785,no,"the line between them leaves the walkable area (a wall's thickness, or another floor)",
wall of tile 012500 (room 0x06),wall of tile 01F600 (room 0x08),39.785,no,"the line between them leaves the walkable area (a wall's thickness, or another floor)",
wall of tile 012500 (room 0x06),generic 0x1cb5b4 (preset 0x00e4),59.333,yes,,
wall of tile 012500 (room 0x06),generic 0x1cb6bc (preset 0x00e5),55.716,yes,,
wall of tile 012500 (room 0x06),generic 0x1cb6bc (preset 0x00e5),55.716,yes,,
wall of tile 012500 (room 0x06),wall of tile 011E00 (room 0x06),26.523,no,the line between them touches another wall,wall of tile 012500 (room 0x06)
wall of tile 012500 (room 0x06),wall of tile 011C00 (room 0x08),39.785,no,"the line between them leaves the walkable area (a wall's thickness, or another floor)",
wall of tile 012500 (room 0x06),wall of tile 011C00 (room 0x08),39.785,no,"the line between them leaves the walkable area (a wall's thickness, or another floor)",
wall of tile 012500 (room 0x06),wall of tile 01F600 (room 0x08),39.785,no,"the line between them leaves the walkable area (a wall's thickness, or another floor)",
wall of tile 012500 (room 0x06),wall of tile 01F600 (room 0x08),39.785,no,"the line between them leaves the walkable area (a wall's thickness, or another floor)",
wall of tile 012500 (room 0x06),wall of tile 01FB00 (room 0x07),26.523,no,the line between them touches another wall,wall of tile 012500 (room 0x06)
wall of tile 012500 (room 0x06),wall of tile 039401 (room 0x07),53.047,no,the line between them touches another wall,wall of tile 012400 (room 0x06)
wall of tile 012500 (room 0x06),wall of tile 013530 (room 0x47),39.785,no,"the line between them leaves the walkable area (a wall's thickness, or another floor)",
wall of tile 012500 (room 0x06),wall of tile 013530 (room 0x47),39.785,no,"the line between them leaves the walkable area (a wall's thickness, or another floor)",
wall of tile 012500 (room 0x06),generic 0x1cb5b4 (preset 0x00e4),43.729,no,"another wall pokes into the space between them, so a tighter pair covers this gap",generic 0x1cb5b4 (preset 0x00e4)
wall of tile 012500 (room 0x06),generic 0x1cb6bc (preset 0x00e5),46.212,no,"another wall pokes into the space between them, so a tighter pair covers this gap",generic 0x1cb6bc (preset 0x00e5)
wall of tile 012500 (room 0x06),generic 0x1cb6bc (preset 0x00e5),56.566,no,"another wall pokes into the space between them, so a tighter pair covers this gap",generic 0x1cb6bc (preset 0x00e5)
wall of tile 011E00 (room 0x06),wall of tile 011C00 (room 0x08),26.523,no,the line between them touches another wall,wall of tile 011C00 (room 0x08)
wall of tile 011E00 (room 0x06),wall of tile 01F600 (room 0x08),26.523,no,the line between them touches another wall,wall of tile 011C00 (room 0x08)
wall of tile 011E00 (room 0x06),wall of tile 01FC00 (room 0x07),26.523,no,the line between them touches another wall,wall of tile 012500 (room 0x06)
wall of tile 011E00 (room 0x06),generic 0x1cb5b4 (preset 0x00e4),59.333,yes,,
wall of tile 011E00 (room 0x06),generic 0x1cb6bc (preset 0x00e5),55.716,yes,,
wall of tile 011E00 (room 0x06),generic 0x1cb6bc (preset 0x00e5),55.716,yes,,
wall of tile 011C00 (room 0x08),wall of tile 01FB00 (room 0x07),26.523,no,the line between them touches another wall,wall of tile 011C00 (room 0x08)
wall of tile 011C00 (room 0x08),wall of tile 01FC00 (room 0x07),39.785,no,"the line between them leaves the walkable area (a wall's thickness, or another floor)",
wall of tile 011C00 (room 0x08),wall of tile 01FC00 (room 0x07),39.785,no,"the line between them leaves the walkable area (a wall's thickness, or another floor)",
wall of tile 011C00 (room 0x08),wall of tile 01FC00 (room 0x07),39.785,no,"the line between them leaves the walkable area (a wall's thickness, or another floor)",
wall of tile 011C00 (room 0x08),wall of tile 01FC00 (room 0x07),39.785,no,"the line between them leaves the walkable area (a wall's thickness, or another floor)",
wall of tile 033B00 (room 0x08),wall of tile 005408 (room 0x14),39.785,no,"the line between them leaves the walkable area (a wall's thickness, or another floor)",
wall of tile 033B00 (room 0x08),wall of tile 005308 (room 0x14),39.785,no,"the line between them leaves the walkable area (a wall's thickness, or another floor)",
wall of tile 011D00 (room 0x08),wall of tile 01FD00 (room 0x07),39.785,no,"the line between them leaves the walkable area (a wall's thickness, or another floor)",
wall of tile 011D00 (room 0x08),wall of tile 01FD00 (room 0x07),39.785,no,"the line between them leaves the walkable area (a wall's thickness, or another floor)",
wall of tile 011D00 (room 0x08),wall of tile 012000 (room 0x06),39.785,no,"the line between them leaves the walkable area (a wall's thickness, or another floor)",
wall of tile 011D00 (room 0x08),wall of tile 012000 (room 0x06),39.785,no,"the line between them leaves the walkable area (a wall's thickness, or another floor)",
wall of tile 011D00 (room 0x08),wall of tile 01FA00 (room 0x07),26.523,no,the line between them touches another wall,wall of tile 011D00 (room 0x08)
wall of tile 011D00 (room 0x08),wall of tile 01FD00 (room 0x07),39.785,no,"the line between them leaves the walkable area (a wall's thickness, or another floor)",
wall of tile 011D00 (room 0x08),wall of tile 01FD00 (room 0x07),39.785,no,"the line between them leaves the walkable area (a wall's thickness, or another floor)",
wall of tile 011D00 (room 0x08),wall of tile 012000 (room 0x06),39.785,no,"the line between them leaves the walkable area (a wall's thickness, or another floor)",
wall of tile 011D00 (room 0x08),wall of tile 012000 (room 0x06),39.785,no,"the line between them leaves the walkable area (a wall's thickness, or another floor)",
wall of tile 033A01 (room 0x08),wall of tile 01B500 (room 0x09),39.785,no,"the line between them leaves the walkable area (a wall's thickness, or another floor)",
wall of tile 033A01 (room 0x08),wall of tile 01B600 (room 0x09),39.785,no,"the line between them leaves the walkable area (a wall's thickness, or another floor)",
wall of tile 033A01 (room 0x08),door 0x1c6e0c (preset 0x004c),11.604,no,"the line between them leaves the walkable area (a wall's thickness, or another floor)",
wall of tile 033A01 (room 0x08),door 0x1c6e0c (preset 0x004c),0.000,no,"another wall pokes into the space between them, so a tighter pair covers this gap",wall of tile 00C301 (room 0x09)
wall of tile 033A01 (room 0x08),door 0x1c6e0c (preset 0x004c),0.000,yes,,
wall of tile 033A01 (room 0x08),door 0x1c6e0c (preset 0x004c),0.000,no,"another wall pokes into the space between them, so a tighter pair covers this gap",door 0x1c6e0c (preset 0x004c)
wall of tile 033A01 (room 0x08),wall of tile 074502 (room 0x08),26.523,no,the line between them touches another wall,wall of tile 033C00 (room 0x08)
wall of tile 033A01 (room 0x08),wall of tile 030D00 (room 0x0a),39.785,no,"the line between them leaves the walkable area (a wall's thickness, or another floor)",
wall of tile 033A01 (room 0x08),wall of tile 01B300 (room 0x09),39.785,no,"the line between them leaves the walkable area (a wall's thickness, or another floor)",
wall of tile 033A01 (room 0x08),door 0x1c6e0c (preset 0x004c),11.604,no,"the line between them leaves the walkable area (a wall's thickness, or another floor)",
wall of tile 033A01 (room 0x08),door 0x1c6e0c (preset 0x004c),11.604,no,the line between them touches another wall,door 0x1c6e0c (preset 0x004c)
wall of tile 033A01 (room 0x08),door 0x1c6e0c (preset 0x004c),0.000,no,"another wall pokes into the space between them, so a tighter pair covers this gap",door 0x1c6e0c (preset 0x004c)
wall of tile 033A01 (room 0x08),door 0x1c6f0c (preset 0x004e),47.816,no,"the line between them leaves the walkable area (a wall's thickness, or another floor)",
wall of tile 033A01 (room 0x08),door 0x1c6f0c (preset 0x004e),47.816,no,"the line between them leaves the walkable area (a wall's thickness, or another floor)",
wall of tile 033A01 (room 0x08),door 0x1c6f0c (preset 0x004e),38.700,no,"the line between them leaves the walkable area (a wall's thickness, or another floor)",
wall of tile 033A01 (room 0x08),door 0x1c6f0c (preset 0x004e),38.700,no,"the line between them leaves the walkable area (a wall's thickness, or another floor)",
wall of tile 00C302 (room 0x09),wall of tile 033C00 (room 0x08),13.262,no,the line between them touches another wall,wall of tile 033A01 (room 0x08)
wall of tile 00C302 (room 0x09),wall of tile 075A01 (room 0x08),13.262,no,the line between them touches another wall,wall of tile 033A01 (room 0x08)
wall of tile 00C302 (room 0x09),wall of tile 074502 (room 0x08),29.654,no,the far wall faces the other way (it belongs to floor which isn't linked here),
wall of tile 00C302 (room 0x09),wall of tile 030D00 (room 0x0a),53.047,no,"the line between them leaves the walkable area (a wall's thickness, or another floor)",
wall of tile 00C302 (room 0x09),wall of tile 030E00 (room 0x0a),59.308,no,the far wall faces the other way (it belongs to floor which isn't linked here),
wall of tile 00C302 (room 0x09),door 0x1c6e0c (preset 0x004c),0.000,no,"the line between them leaves the walkable area (a wall's thickness, or another floor)",
wall of tile 00C302 (room 0x09),door 0x1c6e0c (preset 0x004c),0.000,no,"the line between them leaves the walkable area (a wall's thickness, or another floor)",
wall of tile 00C302 (room 0x09),door 0x1c6e0c (preset 0x004c),0.000,no,the line between them touches another wall,door 0x1c6e0c (preset 0x004c)
wall of tile 00C302 (room 0x09),door 0x1c6f0c (preset 0x004e),59.308,no,"the line between them leaves the walkable area (a wall's thickness, or another floor)",
wall of tile 00C302 (room 0x09),door 0x1c6f0c (preset 0x004e),59.308,no,"the line between them leaves the walkable area (a wall's thickness, or another floor)",
wall of tile 00C302 (room 0x09),door 0x1c6f0c (preset 0x004e),49.204,no,"the line between them leaves the walkable area (a wall's thickness, or another floor)",
wall of tile 00C302 (room 0x09),door 0x1c6f0c (preset 0x004e),49.204,no,"the line between them leaves the walkable area (a wall's thickness, or another floor)",
wall of tile 033A02 (room 0x08),wall of tile 033E01 (room 0x08),39.785,no,the line between them touches another wall,wall of tile 033D01 (room 0x08)
wall of tile 033A02 (room 0x08),wall of tile 005408 (room 0x14),39.785,no,"the line between them leaves the walkable area (a wall's thickness, or another floor)",
wall of tile 033A02 (room 0x08),generic 0x1cb3ac (preset 0x00e2),2.801,no,the far wall faces the other way (it belongs to floor which isn't linked here),
wall of tile 033C00 (room 0x08),wall of tile 033E02 (room 0x08),39.785,no,the line between them touches another wall,wall of tile 033D02 (room 0x08)
wall of tile 033C00 (room 0x08),wall of tile 030D00 (room 0x0a),39.785,no,"the line between them leaves the walkable area (a wall's thickness, or another floor)",
wall of tile 033C00 (room 0x08),wall of tile 030A00 (room 0x0a),39.785,no,"the line between them leaves the walkable area (a wall's thickness, or another floor)",
wall of tile 033C00 (room 0x08),wall of tile 01B300 (room 0x09),39.785,no,"the line between them leaves the walkable area (a wall's thickness, or another floor)",
wall of tile 033C00 (room 0x08),door 0x1c6e0c (preset 0x004c),13.262,no,"another wall pokes into the space between them, so a tighter pair covers this gap",wall of tile 033A01 (room 0x08)
wall of tile 033C00 (room 0x08),door 0x1c6e0c (preset 0x004c),17.622,no,"the line between them leaves the walkable area (a wall's thickness, or another floor)",
wall of tile 033C00 (room 0x08),door 0x1c6e0c (preset 0x004c),17.622,no,"the line between them leaves the walkable area (a wall's thickness, or another floor)",
wall of tile 033C00 (room 0x08),door 0x1c6e0c (preset 0x004c),13.262,no,"another wall pokes into the space between them, so a tighter pair covers this gap",wall of tile 033A01 (room 0x08)
wall of tile 033C00 (room 0x08),door 0x1c6f0c (preset 0x004e),39.785,no,"the line between them leaves the walkable area (a wall's thickness, or another floor)",
wall of tile 033C00 (room 0x08),door 0x1c6f0c (preset 0x004e),39.785,no,"the line between them leaves the walkable area (a wall's thickness, or another floor)",
wall of tile 033C00 (room 0x08),door 0x1c6f0c (preset 0x004e),28.181,no,"the line between them leaves the walkable area (a wall's thickness, or another floor)",
wall of tile 033C00 (room 0x08),door 0x1c6f0c (preset 0x004e),28.181,no,"the line between them leaves the walkable area (a wall's thickness, or another floor)",
wall of tile 033C00 (room 0x08),door 0x1c6f0c (preset 0x004e),28.181,no,"the line between them leaves the walkable area (a wall's thickness, or another floor)",
wall of tile 033C00 (room 0x08),door 0x1c6f0c (preset 0x004e),28.181,no,"the line between them leaves the walkable area (a wall's thickness, or another floor)",
wall of tile 033D02 (room 0x08),wall of tile 033F02 (room 0x08),40.614,no,the line between them touches another wall,wall of tile 033E02 (room 0x08)
wall of tile 033D02 (room 0x08),wall of tile 074501 (room 0x08),26.523,no,the line between them touches another wall,wall of tile 033C00 (room 0x08)
wall of tile 033D02 (room 0x08),wall of tile 030A00 (room 0x0a),39.785,no,"the line between them leaves the walkable area (a wall's thickness, or another floor)",
wall of tile 033D02 (room 0x08),wall of tile 030900 (room 0x0a),48.281,no,"the line between them leaves the walkable area (a wall's thickness, or another floor)",
wall of tile 033D02 (room 0x08),door 0x1c6f0c (preset 0x004e),47.816,no,"the line between them leaves the walkable area (a wall's thickness, or another floor)",
wall of tile 033D02 (room 0x08),door 0x1c6f0c (preset 0x004e),38.700,no,"the line between them leaves the walkable area (a wall's thickness, or another floor)",
wall of tile 033D02 (room 0x08),door 0x1c6f0c (preset 0x004e),38.700,no,"the line between them leaves the walkable area (a wall's thickness, or another floor)",
wall of tile 033D02 (room 0x08),door 0x1c6f0c (preset 0x004e),38.700,no,"the line between them leaves the walkable area (a wall's thickness, or another floor)",
wall of tile 033D01 (room 0x08),wall of tile 033F01 (room 0x08),40.614,no,the line between them touches another wall,wall of tile 033E01 (room 0x08)
wall of tile 033D01 (room 0x08),generic 0x1cb3ac (preset 0x00e2),47.014,no,the far wall faces the other way (it belongs to floor which isn't linked here),
wall of tile 033D01 (room 0x08),generic 0x1cb3ac (preset 0x00e2),52.872,no,"the line between them leaves the walkable area (a wall's thickness, or another floor)",
wall of tile 033D01 (room 0x08),generic 0x1cb3ac (preset 0x00e2),46.930,no,"the line between them leaves the walkable area (a wall's thickness, or another floor)",
wall of tile 033E02 (room 0x08),wall of tile 034002 (room 0x08),39.785,no,the line between them touches another wall,wall of tile 033F02 (room 0x08)
wall of tile 033E02 (room 0x08),wall of tile 075A02 (room 0x08),39.785,no,the line between them touches another wall,wall of tile 033D02 (room 0x08)
wall of tile 033E02 (room 0x08),wall of tile 075A01 (room 0x08),39.785,no,the line between them touches another wall,wall of tile 033D02 (room 0x08)
wall of tile 033E02 (room 0x08),wall of tile 030A00 (room 0x0a),39.785,no,"the line between them leaves the walkable area (a wall's thickness, or another floor)",
wall of tile 033E02 (room 0x08),wall of tile 030900 (room 0x0a),39.785,no,"the line between them leaves the walkable area (a wall's thickness, or another floor)",
wall of tile 033E01 (room 0x08),wall of tile 034001 (room 0x08),39.785,no,the line between them touches another wall,wall of tile 033F01 (room 0x08)
wall of tile 033E01 (room 0x08),wall of tile 075A02 (room 0x08),39.785,no,the line between them touches another wall,wall of tile 033D01 (room 0x08)
wall of tile 033E01 (room 0x08),generic 0x1cb1a0 (preset 0x00e0),39.793,no,"the line between them leaves the walkable area (a wall's thickness, or another floor)",
wall of tile 033E01 (room 0x08),generic 0x1cb1a0 (preset 0x00e0),39.793,no,"the line between them leaves the walkable area (a wall's thickness, or another floor)",
wall of tile 033E01 (room 0x08),generic 0x1cb3ac (preset 0x00e2),46.930,no,"the line between them leaves the walkable area (a wall's thickness, or another floor)",
wall of tile 033E01 (room 0x08),generic 0x1cb3ac (preset 0x00e2),46.930,no,"the line between them leaves the walkable area (a wall's thickness, or another floor)",
wall of tile 033F02 (room 0x08),wall of tile 034102 (room 0x08),39.785,no,the line between them touches another wall,wall of tile 034002 (room 0x08)
wall of tile 033F02 (room 0x08),wall of tile 030A00 (room 0x0a),41.937,no,"the line between them leaves the walkable area (a wall's thickness, or another floor)",
wall of tile 033F02 (room 0x08),wall of tile 030900 (room 0x0a),41.937,no,"the line between them leaves the walkable area (a wall's thickness, or another floor)",
wall of tile 033F01 (room 0x08),wall of tile 034101 (room 0x08),39.785,no,the line between them touches another wall,wall of tile 034001 (room 0x08)
wall of tile 033F01 (room 0x08),generic 0x1cb1a0 (preset 0x00e0),25.712,no,"the line between them leaves the walkable area (a wall's thickness, or another floor)",
wall of tile 033F01 (room 0x08),generic 0x1cb1a0 (preset 0x00e0),25.712,no,"the line between them leaves the walkable area (a wall's thickness, or another floor)",
wall of tile 033F01 (room 0x08),generic 0x1cb2a8 (preset 0x00e1),51.590,no,"the line between them leaves the walkable area (a wall's thickness, or another floor)",
wall of tile 033F01 (room 0x08),generic 0x1cb2a8 (preset 0x00e1),51.590,no,"the line between them leaves the walkable area (a wall's thickness, or another floor)",
wall of tile 033F01 (room 0x08),generic 0x1cb3ac (preset 0x00e2),49.668,no,"the line between them leaves the walkable area (a wall's thickness, or another floor)",
wall of tile 033F01 (room 0x08),generic 0x1cb3ac (preset 0x00e2),49.668,no,"the line between them leaves the walkable area (a wall's thickness, or another floor)",
wall of tile 034002 (room 0x08),wall of tile 034202 (room 0x08),39.785,no,the line between them touches another wall,wall of tile 034102 (room 0x08)
wall of tile 034001 (room 0x08),wall of tile 034301 (room 0x08),39.785,no,the line between them touches another wall,wall of tile 034101 (room 0x08)
wall of tile 034001 (room 0x08),wall of tile 034401 (room 0x08),56.265,no,"the line between them leaves the walkable area (a wall's thickness, or another floor)",
wall of tile 034001 (room 0x08),wall of tile 075800 (room 0x08),39.785,no,the line between them touches another wall,wall of tile 034101 (room 0x08)
wall of tile 034001 (room 0x08),generic 0x1cb1a0 (preset 0x00e0),27.381,no,"the line between them leaves the walkable area (a wall's thickness, or another floor)",
wall of tile 034001 (room 0x08),generic 0x1cb1a0 (preset 0x00e0),27.381,no,"the line between them leaves the walkable area (a wall's thickness, or another floor)",
wall of tile 034001 (room 0x08),generic 0x1cb2a8 (preset 0x00e1),51.482,no,"the line between them leaves the walkable area (a wall's thickness, or another floor)",
wall of tile 034001 (room 0x08),generic 0x1cb2a8 (preset 0x00e1),51.482,no,"the line between them leaves the walkable area (a wall's thickness, or another floor)",
wall of tile 034101 (room 0x08),wall of tile 034401 (room 0x08),39.785,no,the line between them touches another wall,wall of tile 034301 (room 0x08)
wall of tile 034101 (room 0x08),generic 0x1cb1a0 (preset 0x00e0),55.513,no,"the line between them leaves the walkable area (a wall's thickness, or another floor)",
wall of tile 034101 (room 0x08),generic 0x1cb1a0 (preset 0x00e0),46.867,no,"the line between them leaves the walkable area (a wall's thickness, or another floor)",
wall of tile 034201 (room 0x08),wall of tile 034402 (room 0x08),39.785,no,the line between them touches another wall,wall of tile 034302 (room 0x08)
wall of tile 034302 (room 0x08),wall of tile 034502 (room 0x08),39.785,no,the line between them touches another wall,wall of tile 034402 (room 0x08)
wall of tile 034301 (room 0x08),wall of tile 034501 (room 0x08),39.785,no,the line between them touches another wall,wall of tile 034401 (room 0x08)
wall of tile 034301 (room 0x08),generic 0x1cb1a0 (preset 0x00e0),33.305,no,"the line between them leaves the walkable area (a wall's thickness, or another floor)",
wall of tile 034301 (room 0x08),generic 0x1cb1a0 (preset 0x00e0),32.305,no,"the line between them leaves the walkable area (a wall's thickness, or another floor)",
wall of tile 034301 (room 0x08),generic 0x1cb2a8 (preset 0x00e1),57.964,no,"the line between them leaves the walkable area (a wall's thickness, or another floor)",
wall of tile 034402 (room 0x08),wall of tile 034602 (room 0x08),39.785,no,the line between them touches another wall,wall of tile 034502 (room 0x08)
wall of tile 034401 (room 0x08),wall of tile 034601 (room 0x08),39.785,no,the line between them touches another wall,wall of tile 034501 (room 0x08)
wall of tile 034401 (room 0x08),wall of tile 075900 (room 0x08),39.785,no,the line between them touches another wall,wall of tile 034301 (room 0x08)
wall of tile 034401 (room 0x08),generic 0x1cb1a0 (preset 0x00e0),9.135,no,"the line between them leaves the walkable area (a wall's thickness, or another floor)",
wall of tile 034401 (room 0x08),generic 0x1cb1a0 (preset 0x00e0),9.135,no,"the line between them leaves the walkable area (a wall's thickness, or another floor)",
wall of tile 034401 (room 0x08),generic 0x1cb2a8 (preset 0x00e1),29.088,no,"the line between them leaves the walkable area (a wall's thickness, or another floor)",
wall of tile 034401 (room 0x08),generic 0x1cb2a8 (preset 0x00e1),29.088,no,"the line between them leaves the walkable area (a wall's thickness, or another floor)",
wall of tile 034502 (room 0x08),wall of tile 034701 (room 0x08),39.785,no,the line between them touches another wall,wall of tile 034602 (room 0x08)
wall of tile 034501 (room 0x08),wall of tile 034702 (room 0x08),39.785,no,the line between them touches another wall,wall of tile 034601 (room 0x08)
wall of tile 034501 (room 0x08),generic 0x1cb1a0 (preset 0x00e0),11.789,no,"the line between them leaves the walkable area (a wall's thickness, or another floor)",
wall of tile 034501 (room 0x08),generic 0x1cb1a0 (preset 0x00e0),11.984,no,"the line between them leaves the walkable area (a wall's thickness, or another floor)",
wall of tile 034501 (room 0x08),generic 0x1cb2a8 (preset 0x00e1),24.959,no,"the line between them leaves the walkable area (a wall's thickness, or another floor)",
wall of tile 034501 (room 0x08),generic 0x1cb2a8 (preset 0x00e1),24.959,no,"the line between them leaves the walkable area (a wall's thickness, or another floor)",
wall of tile 034601 (room 0x08),generic 0x1cb1a0 (preset 0x00e0),55.236,no,"the line between them leaves the walkable area (a wall's thickness, or another floor)",
wall of tile 034601 (room 0x08),generic 0x1cb1a0 (preset 0x00e0),31.682,no,"the line between them leaves the walkable area (a wall's thickness, or another floor)",
wall of tile 034601 (room 0x08),generic 0x1cb1a0 (preset 0x00e0),48.412,no,"the line between them leaves the walkable area (a wall's thickness, or another floor)",
wall of tile 034601 (room 0x08),generic 0x1cb2a8 (preset 0x00e1),35.091,no,"the line between them leaves the walkable area (a wall's thickness, or another floor)",
wall of tile 034601 (room 0x08),generic 0x1cb2a8 (preset 0x00e1),35.218,no,"the line between them leaves the walkable area (a wall's thickness, or another floor)",
wall of tile 034602 (room 0x08),wall of tile 075700 (room 0x08),40.614,no,the line between them touches another wall,wall of tile 034701 (room 0x08)
wall of tile 034702 (room 0x08),generic 0x1cb1a0 (preset 0x00e0),55.740,no,"the line between them leaves the walkable area (a wall's thickness, or another floor)",
wall of tile 034702 (room 0x08),generic 0x1cb1a0 (preset 0x00e0),51.574,no,"the line between them leaves the walkable area (a wall's thickness, or another floor)",
wall of tile 034701 (room 0x08),wall of tile 01EB00 (room 0x08),26.523,no,the line between them touches another wall,wall of tile 075700 (room 0x08)
wall of tile 01EB00 (room 0x08),wall of tile 01E700 (room 0x08),26.523,no,the line between them touches another wall,wall of tile 01EB00 (room 0x08)
wall of tile 01EB00 (room 0x08),wall of tile 01E500 (room 0x05),39.785,no,"the line between them leaves the walkable area (a wall's thickness, or another floor)",
wall of tile 01EB00 (room 0x08),wall of tile 01E500 (room 0x05),39.785,no,"the line between them leaves the walkable area (a wall's thickness, or another floor)",
wall of tile 01EB00 (room 0x08),wall of tile 024000 (room 0x04),56.854,no,"the line between them leaves the walkable area (a wall's thickness, or another floor)",
wall of tile 01EB00 (room 0x08),wall of tile 023F00 (room 0x04),56.854,no,"the line between them leaves the walkable area (a wall's thickness, or another floor)",
wall of tile 01EB00 (room 0x08),wall of tile 01E500 (room 0x05),39.785,no,"the line between them leaves the walkable area (a wall's thickness, or another floor)",
wall of tile 01EB00 (room 0x08),wall of tile 01E500 (room 0x05),39.785,no,"the line between them leaves the walkable area (a wall's thickness, or another floor)",
wall of tile 01EB00 (room 0x08),wall of tile 024000 (room 0x04),56.854,no,"the line between them leaves the walkable area (a wall's thickness, or another floor)",
wall of tile 01EB00 (room 0x08),wall of tile 023F00 (room 0x04),56.854,no,"the line between them leaves the walkable area (a wall's thickness, or another floor)",
wall of tile 01E800 (room 0x08),wall of tile 01E900 (room 0x08),26.523,no,the line between them touches another wall,wall of tile 01E900 (room 0x08)
wall of tile 01E800 (room 0x08),generic 0x1ca658 (preset 0x00d5),10.139,yes,,
wall of tile 01E800 (room 0x08),generic 0x1ca658 (preset 0x00d5),36.869,no,"another wall pokes into the space between them, so a tighter pair covers this gap",generic 0x1ca658 (preset 0x00d5)
wall of tile 01E800 (room 0x08),generic 0x1ca970 (preset 0x00d8),26.515,no,"another wall pokes into the space between them, so a tighter pair covers this gap",wall of tile 01E100 (room 0x05)
wall of tile 01E800 (room 0x08),generic 0x1ca970 (preset 0x00d8),59.697,no,"another wall pokes into the space between them, so a tighter pair covers this gap",wall of tile 01E100 (room 0x05)
wall of tile 01E800 (room 0x08),generic 0x1ca970 (preset 0x00d8),40.425,no,"another wall pokes into the space between them, so a tighter pair covers this gap",generic 0x1ca970 (preset 0x00d8)
wall of tile 01E900 (room 0x08),wall of tile 01E100 (room 0x05),39.785,no,"the line between them leaves the walkable area (a wall's thickness, or another floor)",
wall of tile 01E900 (room 0x08),generic 0x1ca658 (preset 0x00d5),49.925,no,"the line between them leaves the walkable area (a wall's thickness, or another floor)",
wall of tile 01E900 (room 0x08),wall of tile 01E100 (room 0x05),39.785,no,"the line between them leaves the walkable area (a wall's thickness, or another floor)",
wall of tile 01E900 (room 0x08),wall of tile 005608 (room 0x14),39.785,no,"the line between them leaves the walkable area (a wall's thickness, or another floor)",
wall of tile 01E900 (room 0x08),wall of tile 005608 (room 0x14),39.785,no,"the line between them leaves the walkable area (a wall's thickness, or another floor)",
wall of tile 01E900 (room 0x08),door 0x1c8f84 (preset 0x004d),0.000,no,"another wall pokes into the space between them, so a tighter pair covers this gap",door 0x1c8f84 (preset 0x004d)
wall of tile 01E900 (room 0x08),door 0x1c8f84 (preset 0x004d),11.604,no,"another wall pokes into the space between them, so a tighter pair covers this gap",wall of tile 105909 (room 0x14)
wall of tile 01E900 (room 0x08),door 0x1c8f84 (preset 0x004d),11.604,no,"another wall pokes into the space between them, so a tighter pair covers this gap",wall of tile 105909 (room 0x14)
wall of tile 01E900 (room 0x08),door 0x1c8f84 (preset 0x004d),0.000,yes,,
wall of tile 01E900 (room 0x08),generic 0x1ca658 (preset 0x00d5),49.925,no,"the line between them leaves the walkable area (a wall's thickness, or another floor)",
wall of tile 01E700 (room 0x08),wall of tile 01E500 (room 0x05),26.523,no,the line between them touches another wall,wall of tile 01E500 (room 0x05)
wall of tile 01E500 (room 0x05),wall of tile 024000 (room 0x04),40.614,no,"the line between them leaves the walkable area (a wall's thickness, or another floor)",
wall of tile 01E500 (room 0x05),wall of tile 023F00 (room 0x04),40.614,no,"the line between them leaves the walkable area (a wall's thickness, or another floor)",
wall of tile 01E500 (room 0x05),wall of tile 024000 (room 0x04),40.614,no,"the line between them leaves the walkable area (a wall's thickness, or another floor)",
wall of tile 01E500 (room 0x05),wall of tile 023F00 (room 0x04),40.614,no,"the line between them leaves the walkable area (a wall's thickness, or another floor)",
wall of tile 01E500 (room 0x05),door 0x1c7c0c (preset 0x0057),40.614,no,"another wall pokes into the space between them, so a tighter pair covers this gap",wall of tile 039502 (room 0x05)
wall of tile 01E500 (room 0x05),door 0x1c7c0c (preset 0x0057),40.614,no,"another wall pokes into the space between them, so a tighter pair covers this gap",wall of tile 039502 (room 0x05)
wall of tile 01E500 (room 0x05),door 0x1c7c0c (preset 0x0057),29.010,no,"another wall pokes into the space between them, so a tighter pair covers this gap",wall of tile 039502 (room 0x05)
wall of tile 01E500 (room 0x05),door 0x1c7c0c (preset 0x0057),29.010,no,"another wall pokes into the space between them, so a tighter pair covers this gap",wall of tile 039502 (room 0x05)
wall of tile 039501 (room 0x05),door 0x1c7c0c (preset 0x0057),0.000,no,"another wall pokes into the space between them, so a tighter pair covers this gap",door 0x1c7c0c (preset 0x0057)
wall of tile 039501 (room 0x05),door 0x1c7c0c (preset 0x0057),0.000,yes,,
wall of tile 039501 (room 0x05),door 0x1c7c0c (preset 0x0057),0.000,yes,,
wall of tile 039501 (room 0x05),door 0x1c7c0c (preset 0x0057),0.000,yes,,
wall of tile 01DF00 (room 0x05),wall of tile 01DD00 (room 0x05),26.523,no,the line between them touches another wall,wall of tile 01DF00 (room 0x05)
wall of tile 01DF00 (room 0x05),wall of tile 01DB00 (room 0x05),39.785,no,"the line between them leaves the walkable area (a wall's thickness, or another floor)",
wall of tile 01DF00 (room 0x05),wall of tile 01D700 (room 0x05),39.785,no,"the line between them leaves the walkable area (a wall's thickness, or another floor)",
wall of tile 01DF00 (room 0x05),wall of tile 024800 (room 0x04),53.876,no,"the line between them leaves the walkable area (a wall's thickness, or another floor)",
wall of tile 01DF00 (room 0x05),wall of tile 024200 (room 0x04),56.854,no,"the line between them leaves the walkable area (a wall's thickness, or another floor)",
wall of tile 01DF00 (room 0x05),wall of tile 024200 (room 0x04),56.854,no,"the line between them leaves the walkable area (a wall's thickness, or another floor)",
wall of tile 01DF00 (room 0x05),wall of tile 024100 (room 0x04),40.614,no,"the line between them leaves the walkable area (a wall's thickness, or another floor)",
wall of tile 01DF00 (room 0x05),wall of tile 024100 (room 0x04),40.614,no,"the line between them leaves the walkable area (a wall's thickness, or another floor)",
wall of tile 01DF00 (room 0x05),door 0x1c7c0c (preset 0x0057),40.614,no,the line between them touches another wall,door 0x1c7c0c (preset 0x0057)
wall of tile 01DF00 (room 0x05),door 0x1c7c0c (preset 0x0057),29.010,no,"another wall pokes into the space between them, so a tighter pair covers this gap",wall of tile 039501 (room 0x05)
wall of tile 01DF00 (room 0x05),door 0x1c7c0c (preset 0x0057),29.010,no,"another wall pokes into the space between them, so a tighter pair covers this gap",wall of tile 039501 (room 0x05)
wall of tile 01DF00 (room 0x05),door 0x1c7c0c (preset 0x0057),29.010,no,"another wall pokes into the space between them, so a tighter pair covers this gap",wall of tile 039501 (room 0x05)
wall of tile 01DF00 (room 0x05),wall of tile 01DB00 (room 0x05),39.785,no,"the line between them leaves the walkable area (a wall's thickness, or another floor)",
wall of tile 01DF00 (room 0x05),wall of tile 01D700 (room 0x05),39.785,no,"the line between them leaves the walkable area (a wall's thickness, or another floor)",
wall of tile 01DF00 (room 0x05),wall of tile 024800 (room 0x04),53.876,no,"the line between them leaves the walkable area (a wall's thickness, or another floor)",
wall of tile 01DF00 (room 0x05),wall of tile 024200 (room 0x04),56.854,no,"the line between them leaves the walkable area (a wall's thickness, or another floor)",
wall of tile 01DF00 (room 0x05),wall of tile 024200 (room 0x04),56.854,no,"the line between them leaves the walkable area (a wall's thickness, or another floor)",
wall of tile 01DF00 (room 0x05),wall of tile 024100 (room 0x04),40.614,no,"the line between them leaves the walkable area (a wall's thickness, or another floor)",
wall of tile 01DF00 (room 0x05),wall of tile 024100 (room 0x04),40.614,no,"the line between them leaves the walkable area (a wall's thickness, or another floor)",
wall of tile 01E100 (room 0x05),wall of tile 06EB08 (room 0x13),53.047,no,"the line between them leaves the walkable area (a wall's thickness, or another floor)",
wall of tile 01E100 (room 0x05),generic 0x1ca658 (preset 0x00d5),10.139,yes,,
wall of tile 01E100 (room 0x05),generic 0x1ca658 (preset 0x00d5),10.139,yes,,
wall of tile 01E100 (room 0x05),generic 0x1ca658 (preset 0x00d5),36.869,no,"another wall pokes into the space between them, so a tighter pair covers this gap",generic 0x1ca658 (preset 0x00d5)
wall of tile 01E100 (room 0x05),generic 0x1ca970 (preset 0x00d8),16.825,yes,,
wall of tile 01E100 (room 0x05),generic 0x1ca970 (preset 0x00d8),16.825,yes,,
wall of tile 01E100 (room 0x05),generic 0x1ca970 (preset 0x00d8),40.425,no,"another wall pokes into the space between them, so a tighter pair covers this gap",generic 0x1ca970 (preset 0x00d8)
wall of tile 01DE00 (room 0x05),wall of tile 01D800 (room 0x05),26.523,no,the line between them touches another wall,wall of tile 01D900 (room 0x05)
wall of tile 01DE00 (room 0x05),wall of tile 01E000 (room 0x05),26.523,no,the line between them touches another wall,wall of tile 01E000 (room 0x05)
wall of tile 01DE00 (room 0x05),generic 0x1ca868 (preset 0x00d7),23.844,no,"the line between them leaves the walkable area (a wall's thickness, or another floor)",
wall of tile 01DD00 (room 0x05),wall of tile 01D700 (room 0x05),26.523,no,the line between them touches another wall,wall of tile 01DB00 (room 0x05)
wall of tile 01DB00 (room 0x05),wall of tile 024800 (room 0x04),53.876,no,"the line between them leaves the walkable area (a wall's thickness, or another floor)",
wall of tile 01DB00 (room 0x05),wall of tile 024200 (room 0x04),40.614,no,"the line between them leaves the walkable area (a wall's thickness, or another floor)",
wall of tile 01DB00 (room 0x05),wall of tile 024200 (room 0x04),40.614,no,"the line between them leaves the walkable area (a wall's thickness, or another floor)",
wall of tile 01DB00 (room 0x05),wall of tile 024100 (room 0x04),56.854,no,"the line between them leaves the walkable area (a wall's thickness, or another floor)",
wall of tile 01DB00 (room 0x05),wall of tile 024100 (room 0x04),56.854,no,"the line between them leaves the walkable area (a wall's thickness, or another floor)",
wall of tile 01D900 (room 0x05),wall of tile 06DE09 (room 0x12),53.047,no,"the line between them leaves the walkable area (a wall's thickness, or another floor)",
wall of tile 01D900 (room 0x05),wall of tile 06DE0A (room 0x12),53.047,no,"the line between them leaves the walkable area (a wall's thickness, or another floor)",
wall of tile 01D900 (room 0x05),wall of tile 01E000 (room 0x05),39.785,no,"the line between them leaves the walkable area (a wall's thickness, or another floor)",
wall of tile 01D900 (room 0x05),wall of tile 01E000 (room 0x05),39.785,no,"the line between them leaves the walkable area (a wall's thickness, or another floor)",
wall of tile 01D900 (room 0x05),generic 0x1ca868 (preset 0x00d7),3.951,no,"the line between them leaves the walkable area (a wall's thickness, or another floor)",
wall of tile 01D500 (room 0x03),wall of tile 01D400 (room 0x03),26.523,no,the line between them touches another wall,wall of tile 01D400 (room 0x03)
wall of tile 01D500 (room 0x03),wall of tile 01D700 (room 0x05),26.523,no,the line between them touches another wall,wall of tile 01D700 (room 0x05)
wall of tile 01D000 (room 0x03),wall of tile 01C900 (room 0x03),39.785,no,"the line between them leaves the walkable area (a wall's thickness, or another floor)",
wall of tile 01D200 (room 0x03),wall of tile 01CD00 (room 0x03),39.785,no,"the line between them leaves the walkable area (a wall's thickness, or another floor)",
wall of tile 01D200 (room 0x03),generic 0x1ca554 (preset 0x00d4),55.707,no,"another wall pokes into the space between them, so a tighter pair covers this gap",wall of tile 01C900 (room 0x03)
wall of tile 01D400 (room 0x03),wall of tile 01D700 (room 0x05),39.785,no,"the line between them leaves the walkable area (a wall's thickness, or another floor)",
wall of tile 01D400 (room 0x03),wall of tile 01D700 (room 0x05),39.785,no,"the line between them leaves the walkable area (a wall's thickness, or another floor)",
wall of tile 01D400 (room 0x03),wall of tile 024200 (room 0x04),56.854,no,"the line between them leaves the walkable area (a wall's thickness, or another floor)",
wall of tile 01D400 (room 0x03),wall of tile 024300 (room 0x04),56.854,no,"the line between them leaves the walkable area (a wall's thickness, or another floor)",
wall of tile 01D400 (room 0x03),wall of tile 01D700 (room 0x05),39.785,no,"the line between them leaves the walkable area (a wall's thickness, or another floor)",
wall of tile 01D400 (room 0x03),wall of tile 01D700 (room 0x05),39.785,no,"the line between them leaves the walkable area (a wall's thickness, or another floor)",
wall of tile 01D400 (room 0x03),wall of tile 024200 (room 0x04),56.854,no,"the line between them leaves the walkable area (a wall's thickness, or another floor)",
wall of tile 01D400 (room 0x03),wall of tile 024300 (room 0x04),56.854,no,"the line between them leaves the walkable area (a wall's thickness, or another floor)",
wall of tile 01C600 (room 0x03),wall of tile 01CD30 (room 0x48),39.785,no,"the line between them leaves the walkable area (a wall's thickness, or another floor)",
wall of tile 01C600 (room 0x03),wall of tile 01CE30 (room 0x48),39.785,no,"the line between them leaves the walkable area (a wall's thickness, or another floor)",
wall of tile 01C600 (room 0x03),door 0x1c720c (preset 0x005a),28.181,no,"the line between them leaves the walkable area (a wall's thickness, or another floor)",
wall of tile 01C600 (room 0x03),door 0x1c720c (preset 0x005a),28.181,no,"the line between them leaves the walkable area (a wall's thickness, or another floor)",
wall of tile 01C600 (room 0x03),door 0x1c720c (preset 0x005a),39.785,no,"the line between them leaves the walkable area (a wall's thickness, or another floor)",
wall of tile 074602 (room 0x03),door 0x1c720c (preset 0x005a),0.000,no,"the line between them leaves the walkable area (a wall's thickness, or another floor)",
wall of tile 01C900 (room 0x03),generic 0x1ca554 (preset 0x00d4),29.382,yes,,
wall of tile 01C900 (room 0x03),generic 0x1ca554 (preset 0x00d4),29.382,yes,,
wall of tile 01CA00 (room 0x03),wall of tile 01B730 (room 0x48),39.785,no,"the line between them leaves the walkable area (a wall's thickness, or another floor)",
wall of tile 01CA00 (room 0x03),wall of tile 01BC30 (room 0x48),53.047,no,"the line between them leaves the walkable area (a wall's thickness, or another floor)",
wall of tile 01CA00 (room 0x03),wall of tile 01B630 (room 0x48),39.785,no,"the line between them leaves the walkable area (a wall's thickness, or another floor)",
wall of tile 01CA00 (room 0x03),wall of tile 01B630 (room 0x48),39.785,no,"the line between them leaves the walkable area (a wall's thickness, or another floor)",
wall of tile 01CA00 (room 0x03),wall of tile 01B530 (room 0x48),39.785,no,"the line between them leaves the walkable area (a wall's thickness, or another floor)",
wall of tile 01CA00 (room 0x03),wall of tile 01B530 (room 0x48),39.785,no,"the line between them leaves the walkable area (a wall's thickness, or another floor)",
wall of tile 01CA00 (room 0x03),door 0x1c720c (preset 0x005a),28.181,no,"the line between them leaves the walkable area (a wall's thickness, or another floor)",
wall of tile 01CA00 (room 0x03),door 0x1c720c (preset 0x005a),28.181,no,"the line between them leaves the walkable area (a wall's thickness, or another floor)",
wall of tile 01CA00 (room 0x03),door 0x1c720c (preset 0x005a),39.785,no,"the line between them leaves the walkable area (a wall's thickness, or another floor)",
wall of tile 01CB00 (room 0x03),generic 0x1ca034 (preset 0x00cf),59.884,no,"another wall pokes into the space between them, so a tighter pair covers this gap",generic 0x1ca034 (preset 0x00cf)
wall of tile 01CB00 (room 0x03),generic 0x1ca034 (preset 0x00cf),3.678,yes,,
wall of tile 01CB00 (room 0x03),generic 0x1ca034 (preset 0x00cf),3.678,yes,,
wall of tile 01CB00 (room 0x03),generic 0x1ca244 (preset 0x00d1),23.480,yes,,
wall of tile 01CB00 (room 0x03),generic 0x1ca244 (preset 0x00d1),23.480,yes,,
wall of tile 01CB00 (room 0x03),generic 0x1ca244 (preset 0x00d1),23.480,yes,,
wall of tile 01CC00 (room 0x03),wall of tile 110809 (room 0x12),18.755,no,the line between them touches another wall,wall of tile 076201 (room 0x03)
wall of tile 01CC00 (room 0x03),wall of tile 110709 (room 0x12),29.654,no,"the line between them leaves the walkable area (a wall's thickness, or another floor)",
wall of tile 01CC00 (room 0x03),door 0x1c9084 (preset 0x005c),28.181,no,"the line between them leaves the walkable area (a wall's thickness, or another floor)",
wall of tile 01CC00 (room 0x03),door 0x1c9084 (preset 0x005c),18.755,no,"another wall pokes into the space between them, so a tighter pair covers this gap",wall of tile 076201 (room 0x03)
wall of tile 01CC00 (room 0x03),door 0x1c9084 (preset 0x005c),18.755,no,"another wall pokes into the space between them, so a tighter pair covers this gap",wall of tile 076201 (room 0x03)
wall of tile 01CD00 (room 0x03),generic 0x1ca554 (preset 0x00d4),29.382,yes,,
wall of tile 01CD00 (room 0x03),generic 0x1ca554 (preset 0x00d4),29.382,yes,,
wall of tile 076201 (room 0x03),wall of tile 110709 (room 0x12),13.262,no,the line between them touches another wall,wall of tile 110809 (room 0x12)
wall of tile 076201 (room 0x03),wall of tile 06DC09 (room 0x12),55.484,no,"the line between them leaves the walkable area (a wall's thickness, or another floor)",
wall of tile 076201 (room 0x03),door 0x1c9084 (preset 0x005c),11.604,no,"another wall pokes into the space between them, so a tighter pair covers this gap",wall of tile 110809 (room 0x12)
wall of tile 076201 (room 0x03),door 0x1c9084 (preset 0x005c),0.000,yes,,
wall of tile 076201 (room 0x03),door 0x1c9084 (preset 0x005c),0.000,no,"another wall pokes into the space between them, so a tighter pair covers this gap",door 0x1c9084 (preset 0x005c)
wall of tile 01CF00 (room 0x03),wall of tile 11080A (room 0x12),18.755,no,the line between them touches another wall,wall of tile 076202 (room 0x03)
wall of tile 01CF00 (room 0x03),wall of tile 11070A (room 0x12),29.654,no,"the line between them leaves the walkable area (a wall's thickness, or another floor)",
wall of tile 01CF00 (room 0x03),wall of tile 01D800 (room 0x05),39.785,no,"the line between them leaves the walkable area (a wall's thickness, or another floor)",
wall of tile 01CF00 (room 0x03),wall of tile 01D800 (room 0x05),39.785,no,"the line between them leaves the walkable area (a wall's thickness, or another floor)",
wall of tile 01CF00 (room 0x03),door 0x1c9084 (preset 0x005c),18.755,no,"another wall pokes into the space between them, so a tighter pair covers this gap",wall of tile 076202 (room 0x03)
wall of tile 01CF00 (room 0x03),door 0x1c9084 (preset 0x005c),28.181,no,"the line between them leaves the walkable area (a wall's thickness, or another floor)",
wall of tile 01CF00 (room 0x03),door 0x1c9084 (preset 0x005c),18.755,no,"another wall pokes into the space between them, so a tighter pair covers this gap",wall of tile 076202 (room 0x03)
wall of tile 076202 (room 0x03),wall of tile 11070A (room 0x12),13.262,no,the line between them touches another wall,wall of tile 11080A (room 0x12)
wall of tile 076202 (room 0x03),wall of tile 06DE0A (room 0x12),55.484,no,"the line between them leaves the walkable area (a wall's thickness, or another floor)",
wall of tile 076202 (room 0x03),door 0x1c9084 (preset 0x005c),11.604,no,the line between them touches another wall,wall of tile 11080A (room 0x12)
wall of tile 076202 (room 0x03),door 0x1c9084 (preset 0x005c),0.000,no,"another wall pokes into the space between them, so a tighter pair covers this gap",door 0x1c9084 (preset 0x005c)
wall of tile 110809 (room 0x12),wall of tile 06DC09 (room 0x12),42.724,no,the line between them touches another wall,wall of tile 110709 (room 0x12)
wall of tile 110809 (room 0x12),door 0x1c9084 (preset 0x005c),0.000,yes,,
wall of tile 110809 (room 0x12),door 0x1c9084 (preset 0x005c),0.000,yes,,
wall of tile 110809 (room 0x12),door 0x1c9084 (preset 0x005c),0.000,no,"another wall pokes into the space between them, so a tighter pair covers this gap",wall of tile 076201 (room 0x03)
wall of tile 11080A (room 0x12),wall of tile 06DE0A (room 0x12),42.724,no,the line between them touches another wall,wall of tile 11070A (room 0x12)
wall of tile 11080A (room 0x12),door 0x1c9084 (preset 0x005c),0.000,no,"the line between them leaves the walkable area (a wall's thickness, or another floor)",
wall of tile 11080A (room 0x12),door 0x1c9084 (preset 0x005c),0.000,no,the line between them touches another wall,door 0x1c9084 (preset 0x005c)
wall of tile 110709 (room 0x12),door 0x1c9084 (preset 0x005c),1.658,no,"another wall pokes into the space between them, so a tighter pair covers this gap",wall of tile 110809 (room 0x12)
wall of tile 110709 (room 0x12),door 0x1c9084 (preset 0x005c),1.658,no,"another wall pokes into the space between them, so a tighter pair covers this gap",wall of tile 110809 (room 0x12)
wall of tile 110709 (room 0x12),door 0x1c9084 (preset 0x005c),13.262,no,"another wall pokes into the space between them, so a tighter pair covers this gap",wall of tile 076201 (room 0x03)
wall of tile 11070A (room 0x12),door 0x1c9084 (preset 0x005c),1.658,no,"the line between them leaves the walkable area (a wall's thickness, or another floor)",
wall of tile 11070A (room 0x12),door 0x1c9084 (preset 0x005c),1.658,no,the line between them touches another wall,wall of tile 11080A (room 0x12)
wall of tile 11070A (room 0x12),door 0x1c9084 (preset 0x005c),13.262,no,the line between them touches another wall,wall of tile 076202 (room 0x03)
wall of tile 06DE09 (room 0x12),wall of tile 06EB08 (room 0x13),53.047,no,"the line between them leaves the walkable area (a wall's thickness, or another floor)",
wall of tile 06DE09 (room 0x12),wall of tile 06EB08 (room 0x13),53.047,no,"the line between them leaves the walkable area (a wall's thickness, or another floor)",
wall of tile 06DE09 (room 0x12),wall of tile 01D800 (room 0x05),53.047,no,"the line between them leaves the walkable area (a wall's thickness, or another floor)",
wall of tile 06DE09 (room 0x12),generic 0x1ca868 (preset 0x00d7),55.866,no,"the line between them leaves the walkable area (a wall's thickness, or another floor)",
wall of tile 06DE09 (room 0x12),generic 0x1ca868 (preset 0x00d7),55.727,no,"the line between them leaves the walkable area (a wall's thickness, or another floor)",
wall of tile 06DE0A (room 0x12),wall of tile 06DF09 (room 0x12),27.352,no,the line between them touches another wall,wall of tile 06DE09 (room 0x12)
wall of tile 06DE0A (room 0x12),wall of tile 06EB08 (room 0x13),53.047,no,"the line between them leaves the walkable area (a wall's thickness, or another floor)",
wall of tile 06DE0A (room 0x12),wall of tile 06EB08 (room 0x13),53.047,no,"the line between them leaves the walkable area (a wall's thickness, or another floor)",
wall of tile 06DE0A (room 0x12),wall of tile 01D800 (room 0x05),53.047,no,"the line between them leaves the walkable area (a wall's thickness, or another floor)",
wall of tile 06DE0A (room 0x12),wall of tile 01D800 (room 0x05),59.683,no,"the line between them leaves the walkable area (a wall's thickness, or another floor)",
wall of tile 06DE0A (room 0x12),generic 0x1ca868 (preset 0x00d7),55.866,no,"the line between them leaves the walkable area (a wall's thickness, or another floor)",
wall of tile 06DE0A (room 0x12),generic 0x1ca868 (preset 0x00d7),55.727,no,"the line between them leaves the walkable area (a wall's thickness, or another floor)",
wall of tile 06DE0A (room 0x12),generic 0x1ca868 (preset 0x00d7),55.727,no,"the line between them leaves the walkable area (a wall's thickness, or another floor)",
wall of tile 06DE0A (room 0x12),wall of tile 01D800 (room 0x05),53.047,no,"the line between them leaves the walkable area (a wall's thickness, or another floor)",
wall of tile 06DE0A (room 0x12),wall of tile 01D800 (room 0x05),59.683,no,"the line between them leaves the walkable area (a wall's thickness, or another floor)",
wall of tile 06DE0A (room 0x12),door 0x1c9084 (preset 0x005c),44.303,no,"the line between them leaves the walkable area (a wall's thickness, or another floor)",
wall of tile 06DE0A (room 0x12),door 0x1c9084 (preset 0x005c),44.303,no,"the line between them leaves the walkable area (a wall's thickness, or another floor)",
wall of tile 06DE0A (room 0x12),door 0x1c9084 (preset 0x005c),55.484,no,"the line between them leaves the walkable area (a wall's thickness, or another floor)",
wall of tile 06DC0A (room 0x12),wall of tile 06E108 (room 0x13),53.047,no,"the line between them leaves the walkable area (a wall's thickness, or another floor)",
wall of tile 06DF0A (room 0x12),wall of tile 06DC09 (room 0x12),26.523,no,the line between them touches another wall,wall of tile 06DC0A (room 0x12)
wall of tile 06DF09 (room 0x12),wall of tile 06EB08 (room 0x13),27.352,no,the line between them touches another wall,wall of tile 06EB08 (room 0x13)
wall of tile 06EA08 (room 0x13),wall of tile 00A608 (room 0x15),39.785,no,"the line between them leaves the walkable area (a wall's thickness, or another floor)",
wall of tile 06EA08 (room 0x13),wall of tile 00A508 (room 0x15),39.785,no,"the line between them leaves the walkable area (a wall's thickness, or another floor)",
wall of tile 06EA08 (room 0x13),wall of tile 009208 (room 0x16),47.816,no,"the line between them leaves the walkable area (a wall's thickness, or another floor)",
wall of tile 06EA08 (room 0x13),wall of tile 009B08 (room 0x16),47.816,no,"the line between them leaves the walkable area (a wall's thickness, or another floor)",
wall of tile 06EA08 (room 0x13),wall of tile 005608 (room 0x14),53.047,no,"the line between them leaves the walkable area (a wall's thickness, or another floor)",
wall of tile 06EA08 (room 0x13),wall of tile 005308 (room 0x14),53.047,no,"the line between them leaves the walkable area (a wall's thickness, or another floor)",
wall of tile 06EA08 (room 0x13),generic 0x1cec60 (preset 0x2729),48.606,no,"the line between them leaves the walkable area (a wall's thickness, or another floor)",
wall of tile 06EA08 (room 0x13),generic 0x1cec60 (preset 0x2729),48.606,no,"the line between them leaves the walkable area (a wall's thickness, or another floor)",
wall of tile 06EB08 (room 0x13),wall of tile 01E000 (room 0x05),54.679,no,"the line between them leaves the walkable area (a wall's thickness, or another floor)",
wall of tile 06EB08 (room 0x13),wall of tile 01E000 (room 0x05),53.047,no,"the line between them leaves the walkable area (a wall's thickness, or another floor)",
wall of tile 06EB08 (room 0x13),wall of tile 005608 (room 0x14),53.047,no,"the line between them leaves the walkable area (a wall's thickness, or another floor)",
wall of tile 06EB08 (room 0x13),wall of tile 01E000 (room 0x05),54.679,no,"the line between them leaves the walkable area (a wall's thickness, or another floor)",
wall of tile 06EB08 (room 0x13),wall of tile 01E000 (room 0x05),53.047,no,"the line between them leaves the walkable area (a wall's thickness, or another floor)",
wall of tile 06E108 (room 0x13),wall of tile 07F709 (room 0x13),13.262,no,the line between them touches another wall,wall of tile 06E108 (room 0x13)
wall of tile 06E108 (room 0x13),wall of tile 10EE09 (room 0x15),29.654,no,"the line between them leaves the walkable area (a wall's thickness, or another floor)",
wall of tile 06E108 (room 0x13),wall of tile 10ED09 (room 0x15),37.510,no,"the line between them leaves the walkable area (a wall's thickness, or another floor)",
wall of tile 06E108 (room 0x13),wall of tile 00A708 (room 0x15),39.785,no,"the line between them leaves the walkable area (a wall's thickness, or another floor)",
wall of tile 06E108 (room 0x13),wall of tile 00A108 (room 0x15),39.785,no,"the line between them leaves the walkable area (a wall's thickness, or another floor)",
wall of tile 06E108 (room 0x13),wall of tile 06DC09 (room 0x12),53.047,no,"the line between them leaves the walkable area (a wall's thickness, or another floor)",
wall of tile 06E108 (room 0x13),door 0x1c7f64 (preset 0x005d),30.034,no,"the line between them leaves the walkable area (a wall's thickness, or another floor)",
wall of tile 06E108 (room 0x13),door 0x1c7f64 (preset 0x005d),36.928,no,"the line between them leaves the walkable area (a wall's thickness, or another floor)",
wall of tile 06E108 (room 0x13),door 0x1c7f64 (preset 0x005d),30.034,no,"the line between them leaves the walkable area (a wall's thickness, or another floor)",
wall of tile 06E108 (room 0x13),wall of tile 10EE09 (room 0x15),18.755,no,the line between them touches another wall,wall of tile 07F709 (room 0x13)
wall of tile 06E108 (room 0x13),wall of tile 10ED09 (room 0x15),29.654,no,"the line between them leaves the walkable area (a wall's thickness, or another floor)",
wall of tile 06E108 (room 0x13),wall of tile 00A708 (room 0x15),39.785,no,"the line between them leaves the walkable area (a wall's thickness, or another floor)",
wall of tile 06E108 (room 0x13),wall of tile 00A108 (room 0x15),39.785,no,"the line between them leaves the walkable area (a wall's thickness, or another floor)",
wall of tile 06E108 (room 0x13),door 0x1c7f64 (preset 0x005d),19.350,no,"the line between them leaves the walkable area (a wall's thickness, or another floor)",
wall of tile 06E108 (room 0x13),door 0x1c7f64 (preset 0x005d),28.915,no,"the line between them leaves the walkable area (a wall's thickness, or another floor)",
wall of tile 06E108 (room 0x13),door 0x1c7f64 (preset 0x005d),19.350,no,"the line between them leaves the walkable area (a wall's thickness, or another floor)",
wall of tile 06E108 (room 0x13),wall of tile 10EE0A (room 0x15),18.755,no,the line between them touches another wall,wall of tile 07F70A (room 0x13)
wall of tile 06E108 (room 0x13),wall of tile 10ED0A (room 0x15),29.654,no,"the line between them leaves the walkable area (a wall's thickness, or another floor)",
wall of tile 06E108 (room 0x13),wall of tile 00A608 (room 0x15),39.785,no,"the line between them leaves the walkable area (a wall's thickness, or another floor)",
wall of tile 06E108 (room 0x13),wall of tile 00A508 (room 0x15),39.785,no,"the line between them leaves the walkable area (a wall's thickness, or another floor)",
wall of tile 06E108 (room 0x13),wall of tile 009208 (room 0x16),47.816,no,"the line between them leaves the walkable area (a wall's thickness, or another floor)",
wall of tile 06E108 (room 0x13),wall of tile 009B08 (room 0x16),47.816,no,"the line between them leaves the walkable area (a wall's thickness, or another floor)",
wall of tile 06E108 (room 0x13),wall of tile 005608 (room 0x14),54.679,no,"the line between them leaves the walkable area (a wall's thickness, or another floor)",
wall of tile 06E108 (room 0x13),wall of tile 005308 (room 0x14),54.679,no,"the line between them leaves the walkable area (a wall's thickness, or another floor)",
wall of tile 06E108 (room 0x13),door 0x1c7f64 (preset 0x005d),19.350,no,"the line between them leaves the walkable area (a wall's thickness, or another floor)",
wall of tile 06E108 (room 0x13),door 0x1c7f64 (preset 0x005d),19.350,no,"the line between them leaves the walkable area (a wall's thickness, or another floor)",
wall of tile 06E108 (room 0x13),door 0x1c7f64 (preset 0x005d),28.915,no,"the line between them leaves the walkable area (a wall's thickness, or another floor)",
wall of tile 06E108 (room 0x13),generic 0x1cec60 (preset 0x2729),48.606,no,"the line between them leaves the walkable area (a wall's thickness, or another floor)",
wall of tile 06E108 (room 0x13),generic 0x1cec60 (preset 0x2729),48.606,no,"the line between them leaves the walkable area (a wall's thickness, or another floor)",
wall of tile 07F70A (room 0x13),wall of tile 10ED0A (room 0x15),13.262,no,the line between them touches another wall,wall of tile 10EE0A (room 0x15)
wall of tile 07F70A (room 0x13),wall of tile 00A608 (room 0x15),29.654,no,"the line between them leaves the walkable area (a wall's thickness, or another floor)",
wall of tile 07F70A (room 0x13),door 0x1c7f64 (preset 0x005d),0.829,no,the line between them touches another wall,wall of tile 10EE0A (room 0x15)
wall of tile 07F70A (room 0x13),door 0x1c7f64 (preset 0x005d),0.829,no,"the line between them leaves the walkable area (a wall's thickness, or another floor)",
wall of tile 07F70A (room 0x13),door 0x1c7f64 (preset 0x005d),12.433,no,the line between them touches another wall,wall of tile 10EE0A (room 0x15)
wall of tile 07F709 (room 0x13),wall of tile 10ED09 (room 0x15),13.262,no,the line between them touches another wall,wall of tile 10EE09 (room 0x15)
wall of tile 07F709 (room 0x13),wall of tile 00A708 (room 0x15),29.654,no,"the line between them leaves the walkable area (a wall's thickness, or another floor)",
wall of tile 07F709 (room 0x13),wall of tile 00A108 (room 0x15),37.510,no,"the line between them leaves the walkable area (a wall's thickness, or another floor)",
wall of tile 07F709 (room 0x13),door 0x1c7f64 (preset 0x005d),0.829,no,"another wall pokes into the space between them, so a tighter pair covers this gap",wall of tile 10EE09 (room 0x15)
wall of tile 07F709 (room 0x13),door 0x1c7f64 (preset 0x005d),12.433,no,"another wall pokes into the space between them, so a tighter pair covers this gap",wall of tile 10EE09 (room 0x15)
wall of tile 07F709 (room 0x13),door 0x1c7f64 (preset 0x005d),0.829,no,"another wall pokes into the space between them, so a tighter pair covers this gap",wall of tile 10EE09 (room 0x15)
wall of tile 10EE0A (room 0x15),wall of tile 00A608 (room 0x15),18.755,no,the line between them touches another wall,wall of tile 10ED0A (room 0x15)
wall of tile 10EE0A (room 0x15),door 0x1c7f64 (preset 0x005d),0.000,no,"the line between them leaves the walkable area (a wall's thickness, or another floor)",
wall of tile 10EE09 (room 0x15),wall of tile 00A708 (room 0x15),18.755,no,the line between them touches another wall,wall of tile 10ED09 (room 0x15)
wall of tile 10EE09 (room 0x15),wall of tile 00A108 (room 0x15),29.654,no,"the line between them leaves the walkable area (a wall's thickness, or another floor)",
wall of tile 10EE09 (room 0x15),door 0x1c7f64 (preset 0x005d),0.000,yes,,
wall of tile 10EE09 (room 0x15),door 0x1c7f64 (preset 0x005d),0.000,yes,,
wall of tile 10EE09 (room 0x15),door 0x1c7f64 (preset 0x005d),0.000,yes,,
wall of tile 10ED0A (room 0x15),door 0x1c7f64 (preset 0x005d),12.433,no,the line between them touches another wall,wall of tile 10EE0A (room 0x15)
wall of tile 10ED0A (room 0x15),door 0x1c7f64 (preset 0x005d),0.829,no,"the line between them leaves the walkable area (a wall's thickness, or another floor)",
wall of tile 10ED0A (room 0x15),door 0x1c7f64 (preset 0x005d),0.829,no,the line between them touches another wall,wall of tile 10EE0A (room 0x15)
wall of tile 10ED09 (room 0x15),wall of tile 00A108 (room 0x15),13.262,no,the line between them touches another wall,wall of tile 00A708 (room 0x15)
wall of tile 10ED09 (room 0x15),door 0x1c7f64 (preset 0x005d),12.433,no,"another wall pokes into the space between them, so a tighter pair covers this gap",wall of tile 10EE09 (room 0x15)
wall of tile 10ED09 (room 0x15),door 0x1c7f64 (preset 0x005d),0.829,no,"another wall pokes into the space between them, so a tighter pair covers this gap",wall of tile 10EE09 (room 0x15)
wall of tile 10ED09 (room 0x15),door 0x1c7f64 (preset 0x005d),0.829,no,"another wall pokes into the space between them, so a tighter pair covers this gap",wall of tile 10EE09 (room 0x15)
wall of tile 00A608 (room 0x15),wall of tile 009208 (room 0x16),26.523,no,"the line between them leaves the walkable area (a wall's thickness, or another floor)",
wall of tile 00A608 (room 0x15),wall of tile 009B08 (room 0x16),26.523,no,"the line between them leaves the walkable area (a wall's thickness, or another floor)",
wall of tile 00A608 (room 0x15),door 0x1c7f64 (preset 0x005d),28.915,no,"the line between them leaves the walkable area (a wall's thickness, or another floor)",
wall of tile 00A608 (room 0x15),door 0x1c7f64 (preset 0x005d),19.350,no,"the line between them leaves the walkable area (a wall's thickness, or another floor)",
wall of tile 00A608 (room 0x15),door 0x1c7f64 (preset 0x005d),19.350,no,"the line between them leaves the walkable area (a wall's thickness, or another floor)",
wall of tile 00A608 (room 0x15),generic 0x1cec60 (preset 0x2729),28.182,no,"the line between them leaves the walkable area (a wall's thickness, or another floor)",
wall of tile 00A608 (room 0x15),generic 0x1cec60 (preset 0x2729),28.181,no,"the line between them leaves the walkable area (a wall's thickness, or another floor)",
wall of tile 00A708 (room 0x15),door 0x1c7f64 (preset 0x005d),28.915,no,"the line between them leaves the walkable area (a wall's thickness, or another floor)",
wall of tile 00A708 (room 0x15),door 0x1c7f64 (preset 0x005d),19.350,no,"the line between them leaves the walkable area (a wall's thickness, or another floor)",
wall of tile 00A708 (room 0x15),door 0x1c7f64 (preset 0x005d),19.350,no,"the line between them leaves the walkable area (a wall's thickness, or another floor)",
wall of tile 00A108 (room 0x15),door 0x1c7f64 (preset 0x005d),36.928,no,"the line between them leaves the walkable area (a wall's thickness, or another floor)",
wall of tile 00A108 (room 0x15),door 0x1c7f64 (preset 0x005d),30.034,no,"the line between them leaves the walkable area (a wall's thickness, or another floor)",
wall of tile 00A108 (room 0x15),door 0x1c7f64 (preset 0x005d),30.034,no,"the line between them leaves the walkable area (a wall's thickness, or another floor)",
wall of tile 00A508 (room 0x15),wall of tile 009208 (room 0x16),26.523,no,"the line between them leaves the walkable area (a wall's thickness, or another floor)",
wall of tile 00A508 (room 0x15),wall of tile 009B08 (room 0x16),26.523,no,"the line between them leaves the walkable area (a wall's thickness, or another floor)",
wall of tile 00A508 (room 0x15),generic 0x1cec60 (preset 0x2729),28.182,no,"the line between them leaves the walkable area (a wall's thickness, or another floor)",
wall of tile 00A508 (room 0x15),generic 0x1cec60 (preset 0x2729),28.007,no,"the line between them leaves the walkable area (a wall's thickness, or another floor)",
wall of tile 00A508 (room 0x15),generic 0x1cec60 (preset 0x2729),28.007,no,"the line between them leaves the walkable area (a wall's thickness, or another floor)",
wall of tile 00A508 (room 0x15),generic 0x1cec60 (preset 0x2729),28.007,no,"the line between them leaves the walkable area (a wall's thickness, or another floor)",
wall of tile 009208 (room 0x16),wall of tile 005608 (room 0x14),59.308,no,"the line between them leaves the walkable area (a wall's thickness, or another floor)",
wall of tile 009208 (room 0x16),wall of tile 005308 (room 0x14),59.308,no,"the line between them leaves the walkable area (a wall's thickness, or another floor)",
wall of tile 009208 (room 0x16),generic 0x1cec60 (preset 0x2729),1.668,no,"the line between them leaves the walkable area (a wall's thickness, or another floor)",
wall of tile 009208 (room 0x16),generic 0x1cec60 (preset 0x2729),1.484,yes,,
wall of tile 009208 (room 0x16),generic 0x1cec60 (preset 0x2729),1.484,yes,,
wall of tile 009208 (room 0x16),generic 0x1cec60 (preset 0x2729),1.484,yes,,
wall of tile 009B08 (room 0x16),wall of tile 005608 (room 0x14),53.047,no,"the line between them leaves the walkable area (a wall's thickness, or another floor)",
wall of tile 009B08 (room 0x16),wall of tile 005308 (room 0x14),53.047,no,"the line between them leaves the walkable area (a wall's thickness, or another floor)",
wall of tile 009B08 (room 0x16),wall of tile 005308 (room 0x14),53.047,no,"the line between them leaves the walkable area (a wall's thickness, or another floor)",
wall of tile 009B08 (room 0x16),generic 0x1cea60 (preset 0x2725),0.032,no,"the line between them leaves the walkable area (a wall's thickness, or another floor)",
wall of tile 009B08 (room 0x16),generic 0x1cea60 (preset 0x2725),0.174,no,"the line between them leaves the walkable area (a wall's thickness, or another floor)",
wall of tile 009B08 (room 0x16),generic 0x1cea60 (preset 0x2725),0.174,no,"the line between them leaves the walkable area (a wall's thickness, or another floor)",
wall of tile 009B08 (room 0x16),generic 0x1ceae0 (preset 0x2726),0.032,no,"the line between them leaves the walkable area (a wall's thickness, or another floor)",
wall of tile 009B08 (room 0x16),generic 0x1ceae0 (preset 0x2726),0.000,no,the line between them touches another wall,generic 0x1ceae0 (preset 0x2726)
wall of tile 009B08 (room 0x16),generic 0x1ceb60 (preset 0x2727),0.032,no,"the line between them leaves the walkable area (a wall's thickness, or another floor)",
wall of tile 009B08 (room 0x16),generic 0x1ceb60 (preset 0x2727),0.000,no,the line between them touches another wall,generic 0x1ceb60 (preset 0x2727)
wall of tile 009B08 (room 0x16),generic 0x1cebe0 (preset 0x2728),0.032,no,"the line between them leaves the walkable area (a wall's thickness, or another floor)",
wall of tile 009B08 (room 0x16),generic 0x1cebe0 (preset 0x2728),0.000,no,the line between them touches another wall,generic 0x1cebe0 (preset 0x2728)
wall of tile 009B08 (room 0x16),generic 0x1cec60 (preset 0x2729),0.032,no,"the line between them leaves the walkable area (a wall's thickness, or another floor)",
wall of tile 009B08 (room 0x16),generic 0x1cec60 (preset 0x2729),0.000,no,the line between them touches another wall,generic 0x1cec60 (preset 0x2729)
wall of tile 009B08 (room 0x16),generic 0x1cece0 (preset 0x272a),0.032,no,"the line between them leaves the walkable area (a wall's thickness, or another floor)",
wall of tile 009B08 (room 0x16),generic 0x1cece0 (preset 0x272a),0.000,no,the line between them touches another wall,generic 0x1cece0 (preset 0x272a)
wall of tile 009B08 (room 0x16),generic 0x1ced60 (preset 0x272b),0.032,no,"the line between them leaves the walkable area (a wall's thickness, or another floor)",
wall of tile 009B08 (room 0x16),generic 0x1ced60 (preset 0x272b),0.000,no,the line between them touches another wall,generic 0x1ced60 (preset 0x272b)
wall of tile 009808 (room 0x16),wall of tile 050309 (room 0x20),54.679,no,"the line between them leaves the walkable area (a wall's thickness, or another floor)",
wall of tile 009808 (room 0x16),wall of tile 07DB09 (room 0x20),18.755,no,"the line between them leaves the walkable area (a wall's thickness, or another floor)",
wall of tile 009808 (room 0x16),wall of tile 07DC09 (room 0x20),13.262,no,"the line between them leaves the walkable area (a wall's thickness, or another floor)",
wall of tile 009808 (room 0x16),wall of tile 07DD09 (room 0x20),29.654,no,"the line between them leaves the walkable area (a wall's thickness, or another floor)",
wall of tile 009808 (room 0x16),generic 0x1cea60 (preset 0x2725),0.032,no,"the line between them leaves the walkable area (a wall's thickness, or another floor)",
wall of tile 009808 (room 0x16),generic 0x1cea60 (preset 0x2725),0.174,no,"the line between them leaves the walkable area (a wall's thickness, or another floor)",
wall of tile 009808 (room 0x16),generic 0x1cea60 (preset 0x2725),0.000,no,"another wall pokes into the space between them, so a tighter pair covers this gap",generic 0x1cea60 (preset 0x2725)
wall of tile 009808 (room 0x16),generic 0x1cf0e0 (preset 0x2732),0.174,no,"the line between them leaves the walkable area (a wall's thickness, or another floor)",
wall of tile 009808 (room 0x16),generic 0x1cf0e0 (preset 0x2732),0.149,no,"the line between them leaves the walkable area (a wall's thickness, or another floor)",
wall of tile 009608 (room 0x16),wall of tile 009E08 (room 0x15),26.523,no,"the line between them leaves the walkable area (a wall's thickness, or another floor)",
wall of tile 009608 (room 0x16),wall of tile 009E08 (room 0x15),26.523,no,"the line between them leaves the walkable area (a wall's thickness, or another floor)",
wall of tile 009608 (room 0x16),wall of tile 11E60A (room 0x20),13.262,no,"the line between them leaves the walkable area (a wall's thickness, or another floor)",
wall of tile 009608 (room 0x16),wall of tile 11E609 (room 0x20),13.262,no,"the line between them leaves the walkable area (a wall's thickness, or another floor)",
wall of tile 009608 (room 0x16),wall of tile 050B09 (room 0x20),13.262,no,"the line between them leaves the walkable area (a wall's thickness, or another floor)",
wall of tile 009608 (room 0x16),wall of tile 050309 (room 0x20),13.262,no,"the line between them leaves the walkable area (a wall's thickness, or another floor)",
wall of tile 009608 (room 0x16),wall of tile 07DB09 (room 0x20),13.262,no,"the line between them leaves the walkable area (a wall's thickness, or another floor)",
wall of tile 009608 (room 0x16),wall of tile 07DC09 (room 0x20),13.262,no,"the line between them leaves the walkable area (a wall's thickness, or another floor)",
wall of tile 009608 (room 0x16),wall of tile 07DD09 (room 0x20),29.654,no,"the line between them leaves the walkable area (a wall's thickness, or another floor)",
wall of tile 009608 (room 0x16),generic 0x1cede0 (preset 0x272c),0.000,no,"another wall pokes into the space between them, so a tighter pair covers this gap",generic 0x1cede0 (preset 0x272c)
wall of tile 009608 (room 0x16),generic 0x1cede0 (preset 0x272c),0.033,no,the line between them touches another wall,generic 0x1cede0 (preset 0x272c)
wall of tile 009608 (room 0x16),generic 0x1cee60 (preset 0x272d),0.000,no,"another wall pokes into the space between them, so a tighter pair covers this gap",generic 0x1cee60 (preset 0x272d)
wall of tile 009608 (room 0x16),generic 0x1cee60 (preset 0x272d),0.033,no,the line between them touches another wall,generic 0x1cee60 (preset 0x272d)
wall of tile 009608 (room 0x16),generic 0x1ceee0 (preset 0x272e),0.000,no,"another wall pokes into the space between them, so a tighter pair covers this gap",generic 0x1ceee0 (preset 0x272e)
wall of tile 009608 (room 0x16),generic 0x1ceee0 (preset 0x272e),0.033,no,the line between them touches another wall,generic 0x1ceee0 (preset 0x272e)
wall of tile 009608 (room 0x16),generic 0x1cef60 (preset 0x272f),0.000,no,"another wall pokes into the space between them, so a tighter pair covers this gap",generic 0x1cef60 (preset 0x272f)
wall of tile 009608 (room 0x16),generic 0x1cef60 (preset 0x272f),0.033,no,the line between them touches another wall,generic 0x1cef60 (preset 0x272f)
wall of tile 009608 (room 0x16),generic 0x1cefe0 (preset 0x2730),0.000,no,"another wall pokes into the space between them, so a tighter pair covers this gap",generic 0x1cefe0 (preset 0x2730)
wall of tile 009608 (room 0x16),generic 0x1cefe0 (preset 0x2730),0.033,no,the line between them touches another wall,generic 0x1cefe0 (preset 0x2730)
wall of tile 009608 (room 0x16),generic 0x1cf060 (preset 0x2731),0.000,no,"another wall pokes into the space between them, so a tighter pair covers this gap",generic 0x1cf060 (preset 0x2731)
wall of tile 009608 (room 0x16),generic 0x1cf060 (preset 0x2731),0.033,no,the line between them touches another wall,generic 0x1cf060 (preset 0x2731)
wall of tile 009608 (room 0x16),generic 0x1cf0e0 (preset 0x2732),0.000,no,"another wall pokes into the space between them, so a tighter pair covers this gap",generic 0x1cf0e0 (preset 0x2732)
wall of tile 009608 (room 0x16),generic 0x1cf0e0 (preset 0x2732),0.033,no,the line between them touches another wall,generic 0x1cf0e0 (preset 0x2732)
wall of tile 009508 (room 0x16),wall of tile 009E08 (room 0x15),26.523,no,"the line between them leaves the walkable area (a wall's thickness, or another floor)",
wall of tile 009508 (room 0x16),wall of tile 009E08 (room 0x15),26.523,no,"the line between them leaves the walkable area (a wall's thickness, or another floor)",
wall of tile 009508 (room 0x16),generic 0x1cede0 (preset 0x272c),1.658,no,"another wall pokes into the space between them, so a tighter pair covers this gap",generic 0x1cede0 (preset 0x272c)
wall of tile 009508 (room 0x16),generic 0x1cede0 (preset 0x272c),1.484,no,"another wall pokes into the space between them, so a tighter pair covers this gap",wall of tile 009608 (room 0x16)
wall of tile 009508 (room 0x16),generic 0x1cede0 (preset 0x272c),1.484,no,"another wall pokes into the space between them, so a tighter pair covers this gap",wall of tile 009608 (room 0x16)
wall of tile 009508 (room 0x16),generic 0x1cede0 (preset 0x272c),1.484,no,"another wall pokes into the space between them, so a tighter pair covers this gap",wall of tile 009608 (room 0x16)
wall of tile 009E08 (room 0x15),wall of tile 10F40A (room 0x18),18.755,no,the line between them touches another wall,wall of tile 080C0A (room 0x15)
wall of tile 009E08 (room 0x15),wall of tile 10F50A (room 0x18),29.654,no,"the line between them leaves the walkable area (a wall's thickness, or another floor)",
wall of tile 009E08 (room 0x15),door 0x1c9184 (preset 0x005e),18.755,no,"another wall pokes into the space between them, so a tighter pair covers this gap",wall of tile 080C0A (room 0x15)
wall of tile 009E08 (room 0x15),door 0x1c9184 (preset 0x005e),18.755,no,"another wall pokes into the space between them, so a tighter pair covers this gap",wall of tile 080C0A (room 0x15)
wall of tile 009E08 (room 0x15),door 0x1c9184 (preset 0x005e),28.181,no,"the line between them leaves the walkable area (a wall's thickness, or another floor)",
wall of tile 009E08 (room 0x15),generic 0x1cede0 (preset 0x272c),28.007,no,"the line between them leaves the walkable area (a wall's thickness, or another floor)",
wall of tile 009E08 (room 0x15),generic 0x1cede0 (preset 0x272c),28.007,no,"the line between them leaves the walkable area (a wall's thickness, or another floor)",
wall of tile 009E08 (room 0x15),generic 0x1cede0 (preset 0x272c),28.007,no,"the line between them leaves the walkable area (a wall's thickness, or another floor)",
wall of tile 009E08 (room 0x15),generic 0x1cede0 (preset 0x272c),28.182,no,"the line between them leaves the walkable area (a wall's thickness, or another floor)",
wall of tile 009E08 (room 0x15),generic 0x1cede0 (preset 0x272c),28.007,no,"the line between them leaves the walkable area (a wall's thickness, or another floor)",
wall of tile 009E08 (room 0x15),generic 0x1cede0 (preset 0x272c),28.007,no,"the line between them leaves the walkable area (a wall's thickness, or another floor)",
wall of tile 009E08 (room 0x15),generic 0x1cede0 (preset 0x272c),28.007,no,"the line between them leaves the walkable area (a wall's thickness, or another floor)",
wall of tile 080C0A (room 0x15),wall of tile 10F50A (room 0x18),13.262,no,the line between them touches another wall,wall of tile 10F40A (room 0x18)
wall of tile 080C0A (room 0x15),wall of tile 011008 (room 0x18),54.679,no,"the line between them leaves the walkable area (a wall's thickness, or another floor)",
wall of tile 080C0A (room 0x15),door 0x1c9184 (preset 0x005e),0.000,no,"another wall pokes into the space between them, so a tighter pair covers this gap",door 0x1c9184 (preset 0x005e)
wall of tile 080C0A (room 0x15),door 0x1c9184 (preset 0x005e),0.000,yes,,
wall of tile 080C0A (room 0x15),door 0x1c9184 (preset 0x005e),11.604,no,"another wall pokes into the space between them, so a tighter pair covers this gap",wall of tile 10F40A (room 0x18)
wall of tile 00A008 (room 0x15),wall of tile 10F409 (room 0x18),18.755,no,the line between them touches another wall,wall of tile 080C09 (room 0x15)
wall of tile 00A008 (room 0x15),wall of tile 10F509 (room 0x18),29.654,no,"the line between them leaves the walkable area (a wall's thickness, or another floor)",
wall of tile 00A008 (room 0x15),door 0x1c9184 (preset 0x005e),18.755,no,"another wall pokes into the space between them, so a tighter pair covers this gap",wall of tile 080C09 (room 0x15)
wall of tile 00A008 (room 0x15),door 0x1c9184 (preset 0x005e),28.181,no,"the line between them leaves the walkable area (a wall's thickness, or another floor)",
wall of tile 00A008 (room 0x15),door 0x1c9184 (preset 0x005e),18.755,no,"another wall pokes into the space between them, so a tighter pair covers this gap",wall of tile 080C09 (room 0x15)
wall of tile 080C09 (room 0x15),wall of tile 10F509 (room 0x18),13.262,no,the line between them touches another wall,wall of tile 10F409 (room 0x18)
wall of tile 080C09 (room 0x15),wall of tile 010F08 (room 0x18),54.679,no,"the line between them leaves the walkable area (a wall's thickness, or another floor)",
wall of tile 080C09 (room 0x15),door 0x1c9184 (preset 0x005e),0.000,no,"another wall pokes into the space between them, so a tighter pair covers this gap",door 0x1c9184 (preset 0x005e)
wall of tile 080C09 (room 0x15),door 0x1c9184 (preset 0x005e),11.604,no,"another wall pokes into the space between them, so a tighter pair covers this gap",wall of tile 10F409 (room 0x18)
wall of tile 080C09 (room 0x15),door 0x1c9184 (preset 0x005e),0.000,yes,,
wall of tile 10F40A (room 0x18),wall of tile 011008 (room 0x18),41.937,no,the line between them touches another wall,wall of tile 10F50A (room 0x18)
wall of tile 10F40A (room 0x18),door 0x1c9184 (preset 0x005e),0.000,no,"another wall pokes into the space between them, so a tighter pair covers this gap",wall of tile 080C0A (room 0x15)
wall of tile 10F40A (room 0x18),door 0x1c9184 (preset 0x005e),0.000,yes,,
wall of tile 10F40A (room 0x18),door 0x1c9184 (preset 0x005e),0.000,yes,,
wall of tile 10F409 (room 0x18),wall of tile 010F08 (room 0x18),41.937,no,the line between them touches another wall,wall of tile 10F509 (room 0x18)
wall of tile 10F409 (room 0x18),door 0x1c9184 (preset 0x005e),0.000,no,"another wall pokes into the space between them, so a tighter pair covers this gap",wall of tile 080C09 (room 0x15)
wall of tile 10F409 (room 0x18),door 0x1c9184 (preset 0x005e),0.000,yes,,
wall of tile 10F409 (room 0x18),door 0x1c9184 (preset 0x005e),0.000,yes,,
wall of tile 10F50A (room 0x18),door 0x1c9184 (preset 0x005e),13.262,no,"another wall pokes into the space between them, so a tighter pair covers this gap",wall of tile 080C0A (room 0x15)
wall of tile 10F50A (room 0x18),door 0x1c9184 (preset 0x005e),1.658,no,"another wall pokes into the space between them, so a tighter pair covers this gap",wall of tile 10F40A (room 0x18)
wall of tile 10F50A (room 0x18),door 0x1c9184 (preset 0x005e),1.658,no,"another wall pokes into the space between them, so a tighter pair covers this gap",wall of tile 10F40A (room 0x18)
wall of tile 10F509 (room 0x18),door 0x1c9184 (preset 0x005e),13.262,no,"another wall pokes into the space between them, so a tighter pair covers this gap",wall of tile 080C09 (room 0x15)
wall of tile 10F509 (room 0x18),door 0x1c9184 (preset 0x005e),1.658,no,"another wall pokes into the space between them, so a tighter pair covers this gap",wall of tile 10F409 (room 0x18)
wall of tile 10F509 (room 0x18),door 0x1c9184 (preset 0x005e),1.658,no,"another wall pokes into the space between them, so a tighter pair covers this gap",wall of tile 10F409 (room 0x18)
wall of tile 011008 (room 0x18),door 0x1c9184 (preset 0x005e),54.680,no,"the line between them leaves the walkable area (a wall's thickness, or another floor)",
wall of tile 011008 (room 0x18),door 0x1c9184 (preset 0x005e),43.513,no,"the line between them leaves the walkable area (a wall's thickness, or another floor)",
wall of tile 011008 (room 0x18),door 0x1c9184 (preset 0x005e),43.513,no,"the line between them leaves the walkable area (a wall's thickness, or another floor)",
wall of tile 010F08 (room 0x18),door 0x1c9184 (preset 0x005e),54.679,no,"the line between them leaves the walkable area (a wall's thickness, or another floor)",
wall of tile 010F08 (room 0x18),door 0x1c9184 (preset 0x005e),43.513,no,"the line between them leaves the walkable area (a wall's thickness, or another floor)",
wall of tile 010F08 (room 0x18),door 0x1c9184 (preset 0x005e),43.513,no,"the line between them leaves the walkable area (a wall's thickness, or another floor)",
wall of tile 00820A (room 0x19),wall of tile 008009 (room 0x19),39.785,no,the line between them touches another wall,wall of tile 007F09 (room 0x19)
wall of tile 008209 (room 0x19),wall of tile 00800A (room 0x19),39.785,no,the line between them touches another wall,wall of tile 007F0A (room 0x19)
wall of tile 007F0A (room 0x19),wall of tile 00810A (room 0x19),39.785,no,the line between them touches another wall,wall of tile 00800A (room 0x19)
wall of tile 007F09 (room 0x19),wall of tile 008109 (room 0x19),39.785,no,the line between them touches another wall,wall of tile 008009 (room 0x19)
wall of tile 00800A (room 0x19),wall of tile 105B0A (room 0x19),39.785,no,the line between them touches another wall,wall of tile 00810A (room 0x19)
wall of tile 008009 (room 0x19),wall of tile 105B09 (room 0x19),39.785,no,the line between them touches another wall,wall of tile 008109 (room 0x19)
wall of tile 00810A (room 0x19),wall of tile 105A0A (room 0x19),40.103,no,the line between them touches another wall,wall of tile 105B0A (room 0x19)
wall of tile 00810A (room 0x19),wall of tile 084C0A (room 0x1d),54.679,no,"the line between them leaves the walkable area (a wall's thickness, or another floor)",
wall of tile 00810A (room 0x19),door 0x1c9284 (preset 0x005f),41.937,no,"another wall pokes into the space between them, so a tighter pair covers this gap",wall of tile 105B0A (room 0x19)
wall of tile 00810A (room 0x19),door 0x1c9284 (preset 0x005f),41.937,no,"another wall pokes into the space between them, so a tighter pair covers this gap",wall of tile 105B0A (room 0x19)
wall of tile 00810A (room 0x19),door 0x1c9284 (preset 0x005f),54.680,no,"the line between them leaves the walkable area (a wall's thickness, or another floor)",
wall of tile 008109 (room 0x19),wall of tile 105A09 (room 0x19),40.103,no,the line between them touches another wall,wall of tile 105B09 (room 0x19)
wall of tile 008109 (room 0x19),wall of tile 084C09 (room 0x1d),54.679,no,"the line between them leaves the walkable area (a wall's thickness, or another floor)",
wall of tile 008109 (room 0x19),door 0x1c9284 (preset 0x005f),41.937,no,"another wall pokes into the space between them, so a tighter pair covers this gap",wall of tile 105A09 (room 0x19)
wall of tile 008109 (room 0x19),door 0x1c9284 (preset 0x005f),41.937,no,"another wall pokes into the space between them, so a tighter pair covers this gap",wall of tile 105A09 (room 0x19)
wall of tile 008109 (room 0x19),door 0x1c9284 (preset 0x005f),54.679,no,"the line between them leaves the walkable area (a wall's thickness, or another floor)",
wall of tile 105B09 (room 0x19),wall of tile 084C09 (room 0x1d),14.942,no,the line between them touches another wall,wall of tile 105A09 (room 0x19)
wall of tile 105B09 (room 0x19),wall of tile 117F09 (room 0x1d),30.802,no,"the line between them leaves the walkable area (a wall's thickness, or another floor)",
wall of tile 105B09 (room 0x19),door 0x1c9284 (preset 0x005f),1.853,no,"another wall pokes into the space between them, so a tighter pair covers this gap",wall of tile 105A09 (room 0x19)
wall of tile 105B09 (room 0x19),door 0x1c9284 (preset 0x005f),1.853,no,"another wall pokes into the space between them, so a tighter pair covers this gap",wall of tile 105A09 (room 0x19)
wall of tile 105B09 (room 0x19),door 0x1c9284 (preset 0x005f),14.942,no,"the line between them leaves the walkable area (a wall's thickness, or another floor)",
wall of tile 105B0A (room 0x19),wall of tile 084C0A (room 0x1d),14.942,no,the line between them touches another wall,wall of tile 105A0A (room 0x19)
wall of tile 105B0A (room 0x19),wall of tile 117F09 (room 0x1d),30.802,no,"the line between them leaves the walkable area (a wall's thickness, or another floor)",
wall of tile 105B0A (room 0x19),door 0x1c9284 (preset 0x005f),1.853,no,"another wall pokes into the space between them, so a tighter pair covers this gap",wall of tile 105A0A (room 0x19)
wall of tile 105B0A (room 0x19),door 0x1c9284 (preset 0x005f),1.853,no,"another wall pokes into the space between them, so a tighter pair covers this gap",wall of tile 105A0A (room 0x19)
wall of tile 105B0A (room 0x19),door 0x1c9284 (preset 0x005f),14.942,no,"another wall pokes into the space between them, so a tighter pair covers this gap",wall of tile 084C0A (room 0x1d)
wall of tile 105A09 (room 0x19),wall of tile 117F09 (room 0x1d),18.755,no,the line between them touches another wall,wall of tile 084C09 (room 0x1d)
wall of tile 105A09 (room 0x19),door 0x1c9284 (preset 0x005f),0.736,no,"another wall pokes into the space between them, so a tighter pair covers this gap",door 0x1c9284 (preset 0x005f)
wall of tile 105A09 (room 0x19),door 0x1c9284 (preset 0x005f),0.000,no,the line between them touches another wall,door 0x1c9284 (preset 0x005f)
wall of tile 105A0A (room 0x19),wall of tile 117F09 (room 0x1d),18.755,no,the line between them touches another wall,wall of tile 084C0A (room 0x1d)
wall of tile 105A0A (room 0x19),door 0x1c9284 (preset 0x005f),0.000,yes,,
wall of tile 105A0A (room 0x19),door 0x1c9284 (preset 0x005f),0.736,no,"another wall pokes into the space between them, so a tighter pair covers this gap",door 0x1c9284 (preset 0x005f)
wall of tile 105A0A (room 0x19),door 0x1c9284 (preset 0x005f),0.000,no,"another wall pokes into the space between them, so a tighter pair covers this gap",door 0x1c9284 (preset 0x005f)
wall of tile 084C09 (room 0x1d),door 0x1c9284 (preset 0x005f),13.262,no,the line between them touches another wall,door 0x1c9284 (preset 0x005f)
wall of tile 084C09 (room 0x1d),door 0x1c9284 (preset 0x005f),0.000,no,"the line between them leaves the walkable area (a wall's thickness, or another floor)",
wall of tile 084C0A (room 0x1d),door 0x1c9284 (preset 0x005f),0.000,yes,,
wall of tile 084C0A (room 0x1d),door 0x1c9284 (preset 0x005f),13.262,no,"another wall pokes into the space between them, so a tighter pair covers this gap",wall of tile 105A0A (room 0x19)
wall of tile 084C0A (room 0x1d),door 0x1c9284 (preset 0x005f),0.000,no,"another wall pokes into the space between them, so a tighter pair covers this gap",door 0x1c9284 (preset 0x005f)
wall of tile 117F09 (room 0x1d),door 0x1c9284 (preset 0x005f),29.654,no,"the line between them leaves the walkable area (a wall's thickness, or another floor)",
wall of tile 117F09 (room 0x1d),door 0x1c9284 (preset 0x005f),18.755,no,"the line between them leaves the walkable area (a wall's thickness, or another floor)",
wall of tile 117F09 (room 0x1d),door 0x1c9284 (preset 0x005f),18.755,no,"the line between them leaves the walkable area (a wall's thickness, or another floor)",
wall of tile 117F09 (room 0x1d),door 0x1c9284 (preset 0x005f),18.755,no,"another wall pokes into the space between them, so a tighter pair covers this gap",wall of tile 084C0A (room 0x1d)
wall of tile 117F09 (room 0x1d),door 0x1c9284 (preset 0x005f),29.654,no,"the line between them leaves the walkable area (a wall's thickness, or another floor)",
wall of tile 117F09 (room 0x1d),door 0x1c9284 (preset 0x005f),18.755,no,"another wall pokes into the space between them, so a tighter pair covers this gap",wall of tile 084C0A (room 0x1d)
wall of tile 118008 (room 0x1d),wall of tile 138708 (room 0x1d),50.587,no,the line between them touches another wall,wall of tile 117F0A (room 0x1d)
wall of tile 118008 (room 0x1d),wall of tile 11390A (room 0x1c),51.262,no,the line between them touches another wall,wall of tile 113A08 (room 0x1c)
wall of tile 117F0A (room 0x1d),wall of tile 113A08 (room 0x1c),40.000,no,the line between them touches another wall,wall of tile 118008 (room 0x1d)
wall of tile 138808 (room 0x1e),wall of tile 11B108 (room 0x1e),55.043,no,the line between them touches another wall,wall of tile 11B20A (room 0x1e)
wall of tile 11B20A (room 0x1e),wall of tile 11C408 (room 0x1f),50.642,no,the line between them touches another wall,wall of tile 11B108 (room 0x1e)
wall of tile 11B108 (room 0x1e),wall of tile 11C30A (room 0x1f),42.789,no,the line between them touches another wall,wall of tile 11C408 (room 0x1f)
wall of tile 11C408 (room 0x1f),wall of tile 11C20A (room 0x1f),40.009,no,the line between them touches another wall,wall of tile 11C30A (room 0x1f)
wall of tile 11C30A (room 0x1f),wall of tile 11C108 (room 0x1f),40.816,no,the line between them touches another wall,wall of tile 11C20A (room 0x1f)
wall of tile 11C20A (room 0x1f),wall of tile 11AC09 (room 0x1e),42.215,no,the line between them touches another wall,wall of tile 11C108 (room 0x1f)
wall of tile 11C108 (room 0x1f),wall of tile 11AB0A (room 0x1e),50.642,no,the line between them touches another wall,wall of tile 11AC09 (room 0x1e)
wall of tile 016B08 (room 0x1f),generic 0x1cde90 (preset 0x273e),0.688,no,"the line between them leaves the walkable area (a wall's thickness, or another floor)",
wall of tile 016B08 (room 0x1f),generic 0x1cde90 (preset 0x273e),0.703,no,"the line between them leaves the walkable area (a wall's thickness, or another floor)",
wall of tile 11AC09 (room 0x1e),wall of tile 11AA08 (room 0x1e),55.043,no,the line between them touches another wall,wall of tile 11AB0A (room 0x1e)
wall of tile 116F0A (room 0x1d),wall of tile 116D08 (room 0x1d),50.587,no,the line between them touches another wall,wall of tile 116E0A (room 0x1d)
wall of tile 116E0A (room 0x1d),wall of tile 112308 (room 0x1c),40.000,no,the line between them touches another wall,wall of tile 116D08 (room 0x1d)
wall of tile 116D08 (room 0x1d),wall of tile 112409 (room 0x1c),51.262,no,the line between them touches another wall,wall of tile 112308 (room 0x1c)
wall of tile 112308 (room 0x1c),wall of tile 11390A (room 0x1c),36.413,no,the line between them touches another wall,wall of tile 112409 (room 0x1c)
wall of tile 112409 (room 0x1c),wall of tile 113A08 (room 0x1c),36.413,no,the line between them touches another wall,wall of tile 11390A (room 0x1c)
wall of tile 017308 (room 0x1c),generic 0x1cdf10 (preset 0x273f),0.688,no,"the line between them leaves the walkable area (a wall's thickness, or another floor)",
wall of tile 017308 (room 0x1c),generic 0x1cdf10 (preset 0x273f),0.703,no,"the line between them leaves the walkable area (a wall's thickness, or another floor)",
wall of tile 016708 (room 0x1f),monitor 0x1cdb80 (preset 0x273a),0.703,no,"the line between them leaves the walkable area (a wall's thickness, or another floor)",
wall of tile 016708 (room 0x1f),monitor 0x1cdb80 (preset 0x273a),0.688,no,"the line between them leaves the walkable area (a wall's thickness, or another floor)",
wall of tile 016708 (room 0x1f),generic 0x1cdc80 (preset 0x273b),0.015,no,"the line between them leaves the walkable area (a wall's thickness, or another floor)",
wall of tile 016708 (room 0x1f),generic 0x1cdc80 (preset 0x273b),0.000,no,the line between them touches another wall,generic 0x1cdc80 (preset 0x273b)
wall of tile 016708 (room 0x1f),generic 0x1cdd00 (preset 0x273c),0.015,no,"the line between them leaves the walkable area (a wall's thickness, or another floor)",
wall of tile 016708 (room 0x1f),generic 0x1cdd00 (preset 0x273c),0.000,no,the line between them touches another wall,generic 0x1cdd00 (preset 0x273c)
wall of tile 016708 (room 0x1f),monitor 0x1cdd90 (preset 0x273d),0.703,no,"the line between them leaves the walkable area (a wall's thickness, or another floor)",
wall of tile 016708 (room 0x1f),monitor 0x1cdd90 (preset 0x273d),0.688,no,"the line between them leaves the walkable area (a wall's thickness, or another floor)",
wall of tile 04F30A (room 0x1a),wall of tile 04F109 (room 0x1a),39.785,no,the line between them touches another wall,wall of tile 084A09 (room 0x1a)
wall of tile 04F309 (room 0x1a),wall of tile 04F10A (room 0x1a),39.785,no,the line between them touches another wall,wall of tile 084A0A (room 0x1a)
wall of tile 084A0A (room 0x1a),wall of tile 04F20A (room 0x1a),39.785,no,the line between them touches another wall,wall of tile 04F10A (room 0x1a)
wall of tile 084A09 (room 0x1a),wall of tile 04F209 (room 0x1a),39.785,no,the line between them touches another wall,wall of tile 04F109 (room 0x1a)
wall of tile 04F10A (room 0x1a),wall of tile 084909 (room 0x1a),39.785,no,the line between them touches another wall,wall of tile 04F20A (room 0x1a)
wall of tile 04F109 (room 0x1a),wall of tile 08490A (room 0x1a),39.785,no,the line between them touches another wall,wall of tile 04F209 (room 0x1a)
wall of tile 04F20A (room 0x1a),wall of tile 105D09 (room 0x1a),41.937,no,the line between them touches another wall,wall of tile 084909 (room 0x1a)
wall of tile 04F20A (room 0x1a),wall of tile 105C09 (room 0x22),54.679,no,"the line between them leaves the walkable area (a wall's thickness, or another floor)",
wall of tile 04F20A (room 0x1a),door 0x1c9384 (preset 0x0060),54.679,no,"the line between them leaves the walkable area (a wall's thickness, or another floor)",
wall of tile 04F20A (room 0x1a),door 0x1c9384 (preset 0x0060),41.937,no,"another wall pokes into the space between them, so a tighter pair covers this gap",wall of tile 084909 (room 0x1a)
wall of tile 04F20A (room 0x1a),door 0x1c9384 (preset 0x0060),41.937,no,"another wall pokes into the space between them, so a tighter pair covers this gap",wall of tile 084909 (room 0x1a)
wall of tile 04F20A (room 0x1a),door 0x1c9384 (preset 0x0060),41.937,no,"another wall pokes into the space between them, so a tighter pair covers this gap",wall of tile 084909 (room 0x1a)
wall of tile 04F209 (room 0x1a),wall of tile 105D0A (room 0x1a),41.937,no,the line between them touches another wall,wall of tile 08490A (room 0x1a)
wall of tile 04F209 (room 0x1a),wall of tile 105C0A (room 0x22),54.679,no,"the line between them leaves the walkable area (a wall's thickness, or another floor)",
wall of tile 04F209 (room 0x1a),door 0x1c9384 (preset 0x0060),41.937,no,"another wall pokes into the space between them, so a tighter pair covers this gap",wall of tile 08490A (room 0x1a)
wall of tile 04F209 (room 0x1a),door 0x1c9384 (preset 0x0060),54.679,no,"the line between them leaves the walkable area (a wall's thickness, or another floor)",
wall of tile 04F209 (room 0x1a),door 0x1c9384 (preset 0x0060),54.680,no,"the line between them leaves the walkable area (a wall's thickness, or another floor)",
wall of tile 04F209 (room 0x1a),door 0x1c9384 (preset 0x0060),41.937,no,"another wall pokes into the space between them, so a tighter pair covers this gap",wall of tile 08490A (room 0x1a)
wall of tile 08490A (room 0x1a),wall of tile 105C0A (room 0x22),13.262,no,the line between them touches another wall,wall of tile 105D0A (room 0x1a)
wall of tile 08490A (room 0x1a),wall of tile 12FC09 (room 0x22),29.654,no,"the line between them leaves the walkable area (a wall's thickness, or another floor)",
wall of tile 08490A (room 0x1a),door 0x1c9384 (preset 0x0060),0.000,yes,,
wall of tile 08490A (room 0x1a),door 0x1c9384 (preset 0x0060),13.262,no,"another wall pokes into the space between them, so a tighter pair covers this gap",wall of tile 105D0A (room 0x1a)
wall of tile 08490A (room 0x1a),door 0x1c9384 (preset 0x0060),13.262,no,the line between them touches another wall,door 0x1c9384 (preset 0x0060)
wall of tile 08490A (room 0x1a),door 0x1c9384 (preset 0x0060),0.000,no,"another wall pokes into the space between them, so a tighter pair covers this gap",door 0x1c9384 (preset 0x0060)
wall of tile 084909 (room 0x1a),wall of tile 105C09 (room 0x22),13.262,no,the line between them touches another wall,wall of tile 105D09 (room 0x1a)
wall of tile 084909 (room 0x1a),wall of tile 12FC09 (room 0x22),29.654,no,"the line between them leaves the walkable area (a wall's thickness, or another floor)",
wall of tile 084909 (room 0x1a),door 0x1c9384 (preset 0x0060),13.262,no,"another wall pokes into the space between them, so a tighter pair covers this gap",wall of tile 105D09 (room 0x1a)
wall of tile 084909 (room 0x1a),door 0x1c9384 (preset 0x0060),0.000,yes,,
wall of tile 084909 (room 0x1a),door 0x1c9384 (preset 0x0060),0.000,no,"another wall pokes into the space between them, so a tighter pair covers this gap",door 0x1c9384 (preset 0x0060)
wall of tile 084909 (room 0x1a),door 0x1c9384 (preset 0x0060),0.000,no,"another wall pokes into the space between them, so a tighter pair covers this gap",door 0x1c9384 (preset 0x0060)
wall of tile 105D0A (room 0x1a),wall of tile 12FC09 (room 0x22),18.755,no,the line between them touches another wall,wall of tile 105C0A (room 0x22)
wall of tile 105D0A (room 0x1a),door 0x1c9384 (preset 0x0060),0.000,yes,,
wall of tile 105D0A (room 0x1a),door 0x1c9384 (preset 0x0060),0.000,yes,,
wall of tile 105D0A (room 0x1a),door 0x1c9384 (preset 0x0060),0.000,no,"another wall pokes into the space between them, so a tighter pair covers this gap",wall of tile 105C0A (room 0x22)
wall of tile 105D0A (room 0x1a),door 0x1c9384 (preset 0x0060),0.000,no,"another wall pokes into the space between them, so a tighter pair covers this gap",wall of tile 08490A (room 0x1a)
wall of tile 105D09 (room 0x1a),wall of tile 12FC09 (room 0x22),18.755,no,the line between them touches another wall,wall of tile 105C09 (room 0x22)
wall of tile 105D09 (room 0x1a),door 0x1c9384 (preset 0x0060),0.000,yes,,
wall of tile 105D09 (room 0x1a),door 0x1c9384 (preset 0x0060),0.000,yes,,
wall of tile 105D09 (room 0x1a),door 0x1c9384 (preset 0x0060),0.000,no,"another wall pokes into the space between them, so a tighter pair covers this gap",wall of tile 084909 (room 0x1a)
wall of tile 105D09 (room 0x1a),door 0x1c9384 (preset 0x0060),0.000,no,"another wall pokes into the space between them, so a tighter pair covers this gap",wall of tile 084909 (room 0x1a)
wall of tile 105C0A (room 0x22),door 0x1c9384 (preset 0x0060),0.000,no,"another wall pokes into the space between them, so a tighter pair covers this gap",wall of tile 105D0A (room 0x1a)
wall of tile 105C0A (room 0x22),door 0x1c9384 (preset 0x0060),0.000,yes,,
wall of tile 105C0A (room 0x22),door 0x1c9384 (preset 0x0060),0.000,no,"another wall pokes into the space between them, so a tighter pair covers this gap",door 0x1c9384 (preset 0x0060)
wall of tile 105C0A (room 0x22),door 0x1c9384 (preset 0x0060),13.262,no,"another wall pokes into the space between them, so a tighter pair covers this gap",wall of tile 105D0A (room 0x1a)
wall of tile 105C09 (room 0x22),door 0x1c9384 (preset 0x0060),0.000,no,"another wall pokes into the space between them, so a tighter pair covers this gap",wall of tile 105D09 (room 0x1a)
wall of tile 105C09 (room 0x22),door 0x1c9384 (preset 0x0060),0.000,no,"another wall pokes into the space between them, so a tighter pair covers this gap",wall of tile 105D09 (room 0x1a)
wall of tile 105C09 (room 0x22),door 0x1c9384 (preset 0x0060),13.262,no,"another wall pokes into the space between them, so a tighter pair covers this gap",wall of tile 084909 (room 0x1a)
wall of tile 105C09 (room 0x22),door 0x1c9384 (preset 0x0060),13.262,no,the line between them touches another wall,door 0x1c9384 (preset 0x0060)
wall of tile 12FC09 (room 0x22),door 0x1c9384 (preset 0x0060),18.755,no,"the line between them leaves the walkable area (a wall's thickness, or another floor)",
wall of tile 12FC09 (room 0x22),door 0x1c9384 (preset 0x0060),18.755,no,"another wall pokes into the space between them, so a tighter pair covers this gap",wall of tile 105C0A (room 0x22)
wall of tile 12FC09 (room 0x22),door 0x1c9384 (preset 0x0060),18.755,no,"another wall pokes into the space between them, so a tighter pair covers this gap",wall of tile 105C0A (room 0x22)
wall of tile 12FC09 (room 0x22),door 0x1c9384 (preset 0x0060),29.654,no,"the line between them leaves the walkable area (a wall's thickness, or another floor)",
wall of tile 12FC09 (room 0x22),door 0x1c9384 (preset 0x0060),18.755,no,"the line between them leaves the walkable area (a wall's thickness, or another floor)",
wall of tile 12FC09 (room 0x22),door 0x1c9384 (preset 0x0060),18.755,no,"the line between them leaves the walkable area (a wall's thickness, or another floor)",
wall of tile 12FC09 (room 0x22),door 0x1c9384 (preset 0x0060),29.654,no,"the line between them leaves the walkable area (a wall's thickness, or another floor)",
wall of tile 12FC09 (room 0x22),door 0x1c9384 (preset 0x0060),29.654,no,"the line between them leaves the walkable area (a wall's thickness, or another floor)",
wall of tile 128A09 (room 0x21),wall of tile 11F808 (room 0x20),54.130,no,the line between them touches another wall,wall of tile 12890A (room 0x21)
wall of tile 12890A (room 0x21),wall of tile 11F708 (room 0x20),13.493,no,the line between them touches another wall,wall of tile 11F808 (room 0x20)
wall of tile 11E60A (room 0x20),generic 0x1ceee0 (preset 0x272e),19.248,no,"the line between them leaves the walkable area (a wall's thickness, or another floor)",
wall of tile 11E60A (room 0x20),generic 0x1ceee0 (preset 0x272e),19.248,no,"the line between them leaves the walkable area (a wall's thickness, or another floor)",
wall of tile 11E60A (room 0x20),generic 0x1cef60 (preset 0x272f),57.867,no,"the line between them leaves the walkable area (a wall's thickness, or another floor)",
wall of tile 11E60A (room 0x20),generic 0x1cef60 (preset 0x272f),13.231,no,"the line between them leaves the walkable area (a wall's thickness, or another floor)",
wall of tile 11E60A (room 0x20),generic 0x1cef60 (preset 0x272f),19.477,no,"the line between them leaves the walkable area (a wall's thickness, or another floor)",
wall of tile 11E60A (room 0x20),generic 0x1cef60 (preset 0x272f),19.499,no,"the line between them leaves the walkable area (a wall's thickness, or another floor)",
wall of tile 11E60A (room 0x20),generic 0x1cefe0 (preset 0x2730),57.732,no,"the line between them leaves the walkable area (a wall's thickness, or another floor)",
wall of tile 11E60A (room 0x20),generic 0x1cefe0 (preset 0x2730),57.732,no,"the line between them leaves the walkable area (a wall's thickness, or another floor)",
wall of tile 11E60A (room 0x20),generic 0x1cefe0 (preset 0x2730),57.739,no,"the line between them leaves the walkable area (a wall's thickness, or another floor)",
wall of tile 11E609 (room 0x20),wall of tile 050309 (room 0x20),39.785,no,the line between them touches another wall,wall of tile 050B09 (room 0x20)
wall of tile 11E609 (room 0x20),generic 0x1ceee0 (preset 0x272e),19.248,no,"the line between them leaves the walkable area (a wall's thickness, or another floor)",
wall of tile 11E609 (room 0x20),generic 0x1ceee0 (preset 0x272e),19.248,no,"the line between them leaves the walkable area (a wall's thickness, or another floor)",
wall of tile 11E609 (room 0x20),generic 0x1cef60 (preset 0x272f),13.111,no,"the line between them leaves the walkable area (a wall's thickness, or another floor)",
wall of tile 11E609 (room 0x20),generic 0x1cef60 (preset 0x272f),13.111,no,"the line between them leaves the walkable area (a wall's thickness, or another floor)",
wall of tile 11E609 (room 0x20),generic 0x1cef60 (preset 0x272f),19.477,no,"the line between them leaves the walkable area (a wall's thickness, or another floor)",
wall of tile 11E609 (room 0x20),generic 0x1cef60 (preset 0x272f),19.499,no,"the line between them leaves the walkable area (a wall's thickness, or another floor)",
wall of tile 11E609 (room 0x20),generic 0x1cefe0 (preset 0x2730),13.112,no,"the line between them leaves the walkable area (a wall's thickness, or another floor)",
wall of tile 11E609 (room 0x20),generic 0x1cefe0 (preset 0x2730),13.112,no,"the line between them leaves the walkable area (a wall's thickness, or another floor)",
wall of tile 11E609 (room 0x20),generic 0x1cefe0 (preset 0x2730),13.262,no,"the line between them leaves the walkable area (a wall's thickness, or another floor)",
wall of tile 11E609 (room 0x20),generic 0x1cefe0 (preset 0x2730),13.294,no,"the line between them leaves the walkable area (a wall's thickness, or another floor)",
wall of tile 11E609 (room 0x20),generic 0x1cf060 (preset 0x2731),13.246,no,"the line between them leaves the walkable area (a wall's thickness, or another floor)",
wall of tile 11E609 (room 0x20),generic 0x1cf060 (preset 0x2731),13.262,no,"the line between them leaves the walkable area (a wall's thickness, or another floor)",
wall of tile 11E609 (room 0x20),generic 0x1cf060 (preset 0x2731),13.294,no,"the line between them leaves the walkable area (a wall's thickness, or another floor)",
wall of tile 050B09 (room 0x20),wall of tile 07DB09 (room 0x20),39.785,no,the line between them touches another wall,wall of tile 050309 (room 0x20)
wall of tile 050B09 (room 0x20),generic 0x1cefe0 (preset 0x2730),15.086,no,"the line between them leaves the walkable area (a wall's thickness, or another floor)",
wall of tile 050B09 (room 0x20),generic 0x1cefe0 (preset 0x2730),15.086,no,"the line between them leaves the walkable area (a wall's thickness, or another floor)",
wall of tile 050B09 (room 0x20),generic 0x1cf060 (preset 0x2731),26.655,no,"the line between them leaves the walkable area (a wall's thickness, or another floor)",
wall of tile 050B09 (room 0x20),generic 0x1cf060 (preset 0x2731),13.160,no,"the line between them leaves the walkable area (a wall's thickness, or another floor)",
wall of tile 050B09 (room 0x20),generic 0x1cf060 (preset 0x2731),15.302,no,"the line between them leaves the walkable area (a wall's thickness, or another floor)",
wall of tile 050B09 (room 0x20),generic 0x1cf060 (preset 0x2731),15.330,no,"the line between them leaves the walkable area (a wall's thickness, or another floor)",
wall of tile 050B09 (room 0x20),generic 0x1cf0e0 (preset 0x2732),26.579,no,"the line between them leaves the walkable area (a wall's thickness, or another floor)",
wall of tile 050B09 (room 0x20),generic 0x1cf0e0 (preset 0x2732),26.579,no,"the line between them leaves the walkable area (a wall's thickness, or another floor)",
wall of tile 050B09 (room 0x20),generic 0x1cf0e0 (preset 0x2732),26.595,no,"the line between them leaves the walkable area (a wall's thickness, or another floor)",
wall of tile 050B0A (room 0x20),wall of tile 07DB0A (room 0x20),39.785,no,the line between them touches another wall,wall of tile 05030A (room 0x20)
wall of tile 050309 (room 0x20),wall of tile 07DC09 (room 0x20),39.785,no,the line between them touches another wall,wall of tile 07DB09 (room 0x20)
wall of tile 050309 (room 0x20),generic 0x1cefe0 (preset 0x2730),49.031,no,"the line between them leaves the walkable area (a wall's thickness, or another floor)",
wall of tile 050309 (room 0x20),generic 0x1cefe0 (preset 0x2730),49.031,no,"the line between them leaves the walkable area (a wall's thickness, or another floor)",
wall of tile 050309 (room 0x20),generic 0x1cf060 (preset 0x2731),13.111,no,"the line between them leaves the walkable area (a wall's thickness, or another floor)",
wall of tile 050309 (room 0x20),generic 0x1cf060 (preset 0x2731),13.111,no,"the line between them leaves the walkable area (a wall's thickness, or another floor)",
wall of tile 050309 (room 0x20),generic 0x1cf060 (preset 0x2731),49.239,no,"the line between them leaves the walkable area (a wall's thickness, or another floor)",
wall of tile 050309 (room 0x20),generic 0x1cf060 (preset 0x2731),49.247,no,"the line between them leaves the walkable area (a wall's thickness, or another floor)",
wall of tile 050309 (room 0x20),generic 0x1cf0e0 (preset 0x2732),54.643,no,"the line between them leaves the walkable area (a wall's thickness, or another floor)",
wall of tile 050309 (room 0x20),generic 0x1cf0e0 (preset 0x2732),13.226,no,"the line between them leaves the walkable area (a wall's thickness, or another floor)",
wall of tile 050309 (room 0x20),generic 0x1cf0e0 (preset 0x2732),13.262,no,"the line between them leaves the walkable area (a wall's thickness, or another floor)",
wall of tile 050309 (room 0x20),generic 0x1cf0e0 (preset 0x2732),13.294,no,"the line between them leaves the walkable area (a wall's thickness, or another floor)",
wall of tile 05030A (room 0x20),wall of tile 07DC0A (room 0x20),39.785,no,the line between them touches another wall,wall of tile 07DB0A (room 0x20)
wall of tile 07DB09 (room 0x20),wall of tile 07DD09 (room 0x20),39.785,no,the line between them touches another wall,wall of tile 07DC09 (room 0x20)
wall of tile 07DB09 (room 0x20),generic 0x1cf060 (preset 0x2731),21.135,no,"the line between them leaves the walkable area (a wall's thickness, or another floor)",
wall of tile 07DB09 (room 0x20),generic 0x1cf060 (preset 0x2731),21.135,no,"the line between them leaves the walkable area (a wall's thickness, or another floor)",
wall of tile 07DB09 (room 0x20),generic 0x1cf0e0 (preset 0x2732),18.649,no,"the line between them leaves the walkable area (a wall's thickness, or another floor)",
wall of tile 07DB09 (room 0x20),generic 0x1cf0e0 (preset 0x2732),13.141,no,"the line between them leaves the walkable area (a wall's thickness, or another floor)",
wall of tile 07DB09 (room 0x20),generic 0x1cf0e0 (preset 0x2732),21.366,no,"the line between them leaves the walkable area (a wall's thickness, or another floor)",
wall of tile 07DB09 (room 0x20),generic 0x1cf0e0 (preset 0x2732),21.386,no,"the line between them leaves the walkable area (a wall's thickness, or another floor)",
wall of tile 07DB0A (room 0x20),wall of tile 07DD0A (room 0x20),39.785,no,the line between them touches another wall,wall of tile 07DC0A (room 0x20)
wall of tile 07DC09 (room 0x20),wall of tile 07DE09 (room 0x20),39.785,no,the line between them touches another wall,wall of tile 07DD09 (room 0x20)
wall of tile 07DC09 (room 0x20),generic 0x1cf060 (preset 0x2731),57.867,no,"the line between them leaves the walkable area (a wall's thickness, or another floor)",
wall of tile 07DC09 (room 0x20),generic 0x1cf060 (preset 0x2731),57.867,no,"the line between them leaves the walkable area (a wall's thickness, or another floor)",
wall of tile 07DC09 (room 0x20),generic 0x1cf0e0 (preset 0x2732),13.112,no,"the line between them leaves the walkable area (a wall's thickness, or another floor)",
wall of tile 07DC09 (room 0x20),generic 0x1cf0e0 (preset 0x2732),13.112,no,"the line between them leaves the walkable area (a wall's thickness, or another floor)",
wall of tile 07DC09 (room 0x20),generic 0x1cf0e0 (preset 0x2732),58.071,no,"the line between them leaves the walkable area (a wall's thickness, or another floor)",
wall of tile 07DC09 (room 0x20),generic 0x1cf0e0 (preset 0x2732),58.078,no,"the line between them leaves the walkable area (a wall's thickness, or another floor)",
wall of tile 07DC0A (room 0x20),wall of tile 07DE0A (room 0x20),39.785,no,the line between them touches another wall,wall of tile 07DD0A (room 0x20)
wall of tile 07DD09 (room 0x20),wall of tile 07DF09 (room 0x20),39.785,no,the line between them touches another wall,wall of tile 07DE09 (room 0x20)
wall of tile 07DD09 (room 0x20),generic 0x1cf0e0 (preset 0x2732),29.588,no,"the line between them leaves the walkable area (a wall's thickness, or another floor)",
wall of tile 07DD09 (room 0x20),generic 0x1cf0e0 (preset 0x2732),29.588,no,"the line between them leaves the walkable area (a wall's thickness, or another floor)",
wall of tile 07DD0A (room 0x20),wall of tile 07DF0A (room 0x20),39.785,no,the line between them touches another wall,wall of tile 07DE0A (room 0x20)
wall of tile 07DE09 (room 0x20),wall of tile 07E009 (room 0x20),39.785,no,the line between them touches another wall,wall of tile 07DF09 (room 0x20)
wall of tile 07DE0A (room 0x20),wall of tile 07E00A (room 0x20),39.785,no,the line between them touches another wall,wall of tile 07DF0A (room 0x20)
wall of tile 07DF09 (room 0x20),wall of tile 07E109 (room 0x20),39.785,no,the line between them touches another wall,wall of tile 07E009 (room 0x20)
wall of tile 07DF0A (room 0x20),wall of tile 07E10A (room 0x20),39.785,no,the line between them touches another wall,wall of tile 07E00A (room 0x20)
wall of tile 07E009 (room 0x20),wall of tile 07E209 (room 0x20),39.785,no,the line between them touches another wall,wall of tile 07E109 (room 0x20)
wall of tile 07E00A (room 0x20),wall of tile 07E20A (room 0x20),39.785,no,the line between them touches another wall,wall of tile 07E10A (room 0x20)
wall of tile 07E109 (room 0x20),wall of tile 050A0A (room 0x20),39.785,no,the line between them touches another wall,wall of tile 07E209 (room 0x20)
wall of tile 07E10A (room 0x20),wall of tile 050A0A (room 0x20),39.785,no,the line between them touches another wall,wall of tile 07E20A (room 0x20)
wall of tile 07E10A (room 0x20),wall of tile 10660A (room 0x20),56.265,no,the far wall faces the other way (it belongs to floor which isn't linked here),
wall of tile 07E10A (room 0x20),wall of tile 10660A (room 0x20),39.785,no,the line between them touches another wall,wall of tile 07E20A (room 0x20)
wall of tile 07E20A (room 0x20),wall of tile 10660A (room 0x20),39.785,no,the far wall faces the other way (it belongs to floor which isn't linked here),
wall of tile 050A0A (room 0x20),wall of tile 10660A (room 0x20),39.785,no,the far wall faces the other way (it belongs to floor which isn't linked here),
wall of tile 050A09 (room 0x20),monitor 0x1cd760 (preset 0x2734),6.506,yes,,
wall of tile 050A09 (room 0x20),monitor 0x1cd760 (preset 0x2734),6.506,yes,,
wall of tile 050A09 (room 0x20),monitor 0x1cd760 (preset 0x2734),6.631,no,"another wall pokes into the space between them, so a tighter pair covers this gap",monitor 0x1cd760 (preset 0x2734)
wall of tile 050A09 (room 0x20),monitor 0x1cd760 (preset 0x2734),6.646,no,the line between them touches another wall,monitor 0x1cd760 (preset 0x2734)
wall of tile 050A09 (room 0x20),generic 0x1cd860 (preset 0x2735),6.504,yes,,
wall of tile 050A09 (room 0x20),generic 0x1cd860 (preset 0x2735),6.504,yes,,
wall of tile 050A09 (room 0x20),generic 0x1cd860 (preset 0x2735),6.631,no,"another wall pokes into the space between them, so a tighter pair covers this gap",generic 0x1cd860 (preset 0x2735)
wall of tile 050A09 (room 0x20),generic 0x1cd860 (preset 0x2735),6.646,no,the line between them touches another wall,generic 0x1cd860 (preset 0x2735)
wall of tile 050A09 (room 0x20),generic 0x1cd8e0 (preset 0x2736),6.506,yes,,
wall of tile 050A09 (room 0x20),generic 0x1cd8e0 (preset 0x2736),6.506,yes,,
wall of tile 050A09 (room 0x20),generic 0x1cd8e0 (preset 0x2736),6.631,no,"another wall pokes into the space between them, so a tighter pair covers this gap",generic 0x1cd8e0 (preset 0x2736)
wall of tile 050A09 (room 0x20),generic 0x1cd8e0 (preset 0x2736),6.646,no,the line between them touches another wall,generic 0x1cd8e0 (preset 0x2736)
wall of tile 050A09 (room 0x20),wall of tile 042E08 (room 0x20),53.047,no,"the line between them leaves the walkable area (a wall's thickness, or another floor)",
wall of tile 050A09 (room 0x20),monitor 0x1cd760 (preset 0x2734),19.713,yes,,
wall of tile 050A09 (room 0x20),monitor 0x1cd760 (preset 0x2734),19.713,yes,,
wall of tile 050A09 (room 0x20),monitor 0x1cd760 (preset 0x2734),19.713,yes,,
wall of tile 050A09 (room 0x20),monitor 0x1cd760 (preset 0x2734),19.893,no,"another wall pokes into the space between them, so a tighter pair covers this gap",wall of tile 050A09 (room 0x20)
wall of tile 11E909 (room 0x20),wall of tile 10660A (room 0x20),39.785,no,the line between them touches another wall,wall of tile 10660A (room 0x20)
wall of tile 11EE08 (room 0x20),wall of tile 12820B (room 0x21),13.493,no,the line between them touches another wall,wall of tile 11F008 (room 0x20)
wall of tile 11F008 (room 0x20),wall of tile 128809 (room 0x21),54.130,no,the line between them touches another wall,wall of tile 12820B (room 0x21)
wall of tile 044008 (room 0x22),monitor 0x1cd970 (preset 0x2737),4.019,yes,,
wall of tile 044008 (room 0x22),monitor 0x1cd970 (preset 0x2737),4.019,yes,,
wall of tile 044008 (room 0x22),monitor 0x1cd970 (preset 0x2737),4.145,no,"another wall pokes into the space between them, so a tighter pair covers this gap",monitor 0x1cd970 (preset 0x2737)
wall of tile 044008 (room 0x22),monitor 0x1cd970 (preset 0x2737),4.160,no,the line between them touches another wall,monitor 0x1cd970 (preset 0x2737)
wall of tile 044008 (room 0x22),generic 0x1cda70 (preset 0x2738),4.018,yes,,
wall of tile 044008 (room 0x22),generic 0x1cda70 (preset 0x2738),4.018,yes,,
wall of tile 044008 (room 0x22),generic 0x1cda70 (preset 0x2738),4.145,no,"another wall pokes into the space between them, so a tighter pair covers this gap",generic 0x1cda70 (preset 0x2738)
wall of tile 044008 (room 0x22),generic 0x1cda70 (preset 0x2738),4.160,no,the line between them touches another wall,generic 0x1cda70 (preset 0x2738)
wall of tile 044008 (room 0x22),generic 0x1cdaf0 (preset 0x2739),4.019,yes,,
wall of tile 044008 (room 0x22),generic 0x1cdaf0 (preset 0x2739),4.019,yes,,
wall of tile 044008 (room 0x22),generic 0x1cdaf0 (preset 0x2739),4.145,no,"another wall pokes into the space between them, so a tighter pair covers this gap",generic 0x1cdaf0 (preset 0x2739)
wall of tile 044008 (room 0x22),generic 0x1cdaf0 (preset 0x2739),4.160,no,the line between them touches another wall,generic 0x1cdaf0 (preset 0x2739)
wall of tile 08330A (room 0x1b),wall of tile 10F309 (room 0x1b),41.937,no,the line between them touches another wall,wall of tile 083409 (room 0x1b)
wall of tile 08330A (room 0x1b),wall of tile 10F209 (room 0x17),54.679,no,"the line between them leaves the walkable area (a wall's thickness, or another floor)",
wall of tile 08330A (room 0x1b),door 0x1c9484 (preset 0x0061),43.513,no,"the line between them leaves the walkable area (a wall's thickness, or another floor)",
wall of tile 08330A (room 0x1b),door 0x1c9484 (preset 0x0061),54.679,no,"the line between them leaves the walkable area (a wall's thickness, or another floor)",
wall of tile 08330A (room 0x1b),door 0x1c9484 (preset 0x0061),43.513,no,"the line between them leaves the walkable area (a wall's thickness, or another floor)",
wall of tile 083309 (room 0x1b),wall of tile 10F30A (room 0x1b),41.937,no,the line between them touches another wall,wall of tile 08340A (room 0x1b)
wall of tile 083309 (room 0x1b),wall of tile 10F20A (room 0x17),54.679,no,"the line between them leaves the walkable area (a wall's thickness, or another floor)",
wall of tile 083309 (room 0x1b),door 0x1c9484 (preset 0x0061),43.513,no,"the line between them leaves the walkable area (a wall's thickness, or another floor)",
wall of tile 083309 (room 0x1b),door 0x1c9484 (preset 0x0061),43.513,no,"the line between them leaves the walkable area (a wall's thickness, or another floor)",
wall of tile 083309 (room 0x1b),door 0x1c9484 (preset 0x0061),54.679,no,"the line between them leaves the walkable area (a wall's thickness, or another floor)",
wall of tile 08340A (room 0x1b),wall of tile 10F20A (room 0x17),13.262,no,the line between them touches another wall,wall of tile 10F30A (room 0x1b)
wall of tile 08340A (room 0x1b),wall of tile 041A08 (room 0x17),29.654,no,"the line between them leaves the walkable area (a wall's thickness, or another floor)",
wall of tile 08340A (room 0x1b),door 0x1c9484 (preset 0x0061),1.658,no,"another wall pokes into the space between them, so a tighter pair covers this gap",wall of tile 10F30A (room 0x1b)
wall of tile 08340A (room 0x1b),door 0x1c9484 (preset 0x0061),1.658,no,"another wall pokes into the space between them, so a tighter pair covers this gap",wall of tile 10F30A (room 0x1b)
wall of tile 08340A (room 0x1b),door 0x1c9484 (preset 0x0061),13.262,no,"another wall pokes into the space between them, so a tighter pair covers this gap",wall of tile 10F30A (room 0x1b)
wall of tile 083409 (room 0x1b),wall of tile 10F209 (room 0x17),13.262,no,the line between them touches another wall,wall of tile 10F309 (room 0x1b)
wall of tile 083409 (room 0x1b),wall of tile 041608 (room 0x17),29.654,no,"the line between them leaves the walkable area (a wall's thickness, or another floor)",
wall of tile 083409 (room 0x1b),door 0x1c9484 (preset 0x0061),1.658,no,"another wall pokes into the space between them, so a tighter pair covers this gap",wall of tile 10F309 (room 0x1b)
wall of tile 083409 (room 0x1b),door 0x1c9484 (preset 0x0061),13.262,no,"another wall pokes into the space between them, so a tighter pair covers this gap",wall of tile 10F309 (room 0x1b)
wall of tile 083409 (room 0x1b),door 0x1c9484 (preset 0x0061),1.658,no,"another wall pokes into the space between them, so a tighter pair covers this gap",wall of tile 10F309 (room 0x1b)
wall of tile 10F30A (room 0x1b),wall of tile 041A08 (room 0x17),18.755,no,the line between them touches another wall,wall of tile 10F20A (room 0x17)
wall of tile 10F30A (room 0x1b),door 0x1c9484 (preset 0x0061),0.000,yes,,
wall of tile 10F30A (room 0x1b),door 0x1c9484 (preset 0x0061),0.000,yes,,
wall of tile 10F30A (room 0x1b),door 0x1c9484 (preset 0x0061),0.000,yes,,
wall of tile 10F309 (room 0x1b),wall of tile 041608 (room 0x17),18.755,no,the line between them touches another wall,wall of tile 10F209 (room 0x17)
wall of tile 10F309 (room 0x1b),door 0x1c9484 (preset 0x0061),0.000,yes,,
wall of tile 10F309 (room 0x1b),door 0x1c9484 (preset 0x0061),0.000,yes,,
wall of tile 10F309 (room 0x1b),door 0x1c9484 (preset 0x0061),0.000,yes,,
wall of tile 10F20A (room 0x17),door 0x1c9484 (preset 0x0061),11.604,no,"another wall pokes into the space between them, so a tighter pair covers this gap",wall of tile 10F30A (room 0x1b)
wall of tile 10F20A (room 0x17),door 0x1c9484 (preset 0x0061),0.000,no,"another wall pokes into the space between them, so a tighter pair covers this gap",wall of tile 10F30A (room 0x1b)
wall of tile 10F20A (room 0x17),door 0x1c9484 (preset 0x0061),0.000,no,"another wall pokes into the space between them, so a tighter pair covers this gap",wall of tile 10F30A (room 0x1b)
wall of tile 10F209 (room 0x17),door 0x1c9484 (preset 0x0061),11.604,no,"another wall pokes into the space between them, so a tighter pair covers this gap",wall of tile 10F309 (room 0x1b)
wall of tile 10F209 (room 0x17),door 0x1c9484 (preset 0x0061),0.000,no,"another wall pokes into the space between them, so a tighter pair covers this gap",wall of tile 10F309 (room 0x1b)
wall of tile 10F209 (room 0x17),door 0x1c9484 (preset 0x0061),0.000,no,"another wall pokes into the space between them, so a tighter pair covers this gap",wall of tile 10F309 (room 0x1b)
wall of tile 041A08 (room 0x17),wall of tile 041D09 (room 0x17),53.047,no,the line between them touches another wall,wall of tile 041D0A (room 0x17)
wall of tile 041A08 (room 0x17),door 0x1c9484 (preset 0x0061),28.181,no,"the line between them leaves the walkable area (a wall's thickness, or another floor)",
wall of tile 041A08 (room 0x17),door 0x1c9484 (preset 0x0061),18.755,no,"the line between them leaves the walkable area (a wall's thickness, or another floor)",
wall of tile 041A08 (room 0x17),door 0x1c9484 (preset 0x0061),18.755,no,"the line between them leaves the walkable area (a wall's thickness, or another floor)",
wall of tile 133A0A (room 0x17),wall of tile 01BD12 (room 0x24),14.091,no,the line between them touches another wall,wall of tile 01BC12 (room 0x24)
wall of tile 133A0A (room 0x17),wall of tile 004910 (room 0x24),55.484,no,"the line between them leaves the walkable area (a wall's thickness, or another floor)",
wall of tile 133A0A (room 0x17),door 0x1c9584 (preset 0x006b),0.000,no,"another wall pokes into the space between them, so a tighter pair covers this gap",door 0x1c9584 (preset 0x006b)
wall of tile 133A0A (room 0x17),door 0x1c9584 (preset 0x006b),0.000,yes,,
wall of tile 133A0A (room 0x17),door 0x1c9584 (preset 0x006b),0.000,no,"another wall pokes into the space between them, so a tighter pair covers this gap",wall of tile 01BC12 (room 0x24)
wall of tile 133A0A (room 0x17),door 0x1c9584 (preset 0x006b),11.604,no,"another wall pokes into the space between them, so a tighter pair covers this gap",wall of tile 01BC12 (room 0x24)
wall of tile 133A09 (room 0x17),wall of tile 01BD11 (room 0x24),14.091,no,the line between them touches another wall,wall of tile 01BC11 (room 0x24)
wall of tile 133A09 (room 0x17),wall of tile 000C10 (room 0x24),55.484,no,"the line between them leaves the walkable area (a wall's thickness, or another floor)",
wall of tile 133A09 (room 0x17),door 0x1c9584 (preset 0x006b),0.000,no,"another wall pokes into the space between them, so a tighter pair covers this gap",door 0x1c9584 (preset 0x006b)
wall of tile 133A09 (room 0x17),door 0x1c9584 (preset 0x006b),11.604,no,"another wall pokes into the space between them, so a tighter pair covers this gap",wall of tile 01BC11 (room 0x24)
wall of tile 133A09 (room 0x17),door 0x1c9584 (preset 0x006b),11.604,no,"another wall pokes into the space between them, so a tighter pair covers this gap",wall of tile 01BC11 (room 0x24)
wall of tile 133A09 (room 0x17),door 0x1c9584 (preset 0x006b),0.000,yes,,
wall of tile 01BC12 (room 0x24),wall of tile 004910 (room 0x24),41.937,no,the line between them touches another wall,wall of tile 01BD12 (room 0x24)
wall of tile 01BC12 (room 0x24),wall of tile 041B08 (room 0x17),18.755,no,the line between them touches another wall,wall of tile 133A0A (room 0x17)
wall of tile 01BC12 (room 0x24),door 0x1c9584 (preset 0x006b),0.000,no,"another wall pokes into the space between them, so a tighter pair covers this gap",wall of tile 133A0A (room 0x17)
wall of tile 01BC12 (room 0x24),door 0x1c9584 (preset 0x006b),0.000,yes,,
wall of tile 01BC12 (room 0x24),door 0x1c9584 (preset 0x006b),0.000,yes,,
wall of tile 01BC12 (room 0x24),door 0x1c9584 (preset 0x006b),0.000,yes,,
wall of tile 01BC11 (room 0x24),wall of tile 000C10 (room 0x24),41.937,no,the line between them touches another wall,wall of tile 01BD11 (room 0x24)
wall of tile 01BC11 (room 0x24),wall of tile 041708 (room 0x17),18.755,no,the line between them touches another wall,wall of tile 133A09 (room 0x17)
wall of tile 01BC11 (room 0x24),door 0x1c9584 (preset 0x006b),0.000,no,"another wall pokes into the space between them, so a tighter pair covers this gap",wall of tile 133A09 (room 0x17)
wall of tile 01BC11 (room 0x24),door 0x1c9584 (preset 0x006b),0.000,yes,,
wall of tile 01BC11 (room 0x24),door 0x1c9584 (preset 0x006b),0.000,yes,,
wall of tile 01BC11 (room 0x24),door 0x1c9584 (preset 0x006b),0.000,yes,,
wall of tile 01BD12 (room 0x24),wall of tile 041B08 (room 0x17),30.398,no,"the line between them leaves the walkable area (a wall's thickness, or another floor)",
wall of tile 01BD12 (room 0x24),door 0x1c9584 (preset 0x006b),14.091,no,"another wall pokes into the space between them, so a tighter pair covers this gap",wall of tile 01BC12 (room 0x24)
wall of tile 01BD12 (room 0x24),door 0x1c9584 (preset 0x006b),14.090,no,"another wall pokes into the space between them, so a tighter pair covers this gap",wall of tile 01BC12 (room 0x24)
wall of tile 01BD12 (room 0x24),door 0x1c9584 (preset 0x006b),2.486,no,"another wall pokes into the space between them, so a tighter pair covers this gap",wall of tile 01BC12 (room 0x24)
wall of tile 01BD12 (room 0x24),door 0x1c9584 (preset 0x006b),2.486,no,"another wall pokes into the space between them, so a tighter pair covers this gap",wall of tile 01BC12 (room 0x24)
wall of tile 01BD11 (room 0x24),wall of tile 041708 (room 0x17),30.398,no,"the line between them leaves the walkable area (a wall's thickness, or another floor)",
wall of tile 01BD11 (room 0x24),door 0x1c9584 (preset 0x006b),14.091,no,"another wall pokes into the space between them, so a tighter pair covers this gap",wall of tile 01BC11 (room 0x24)
wall of tile 01BD11 (room 0x24),door 0x1c9584 (preset 0x006b),2.486,no,"another wall pokes into the space between them, so a tighter pair covers this gap",wall of tile 01BC11 (room 0x24)
wall of tile 01BD11 (room 0x24),door 0x1c9584 (preset 0x006b),2.486,no,"another wall pokes into the space between them, so a tighter pair covers this gap",wall of tile 01BC11 (room 0x24)
wall of tile 01BD11 (room 0x24),door 0x1c9584 (preset 0x006b),2.487,no,"another wall pokes into the space between them, so a tighter pair covers this gap",wall of tile 01BC11 (room 0x24)
wall of tile 000C10 (room 0x24),door 0x1c9584 (preset 0x006b),55.484,no,"the line between them leaves the walkable area (a wall's thickness, or another floor)",
wall of tile 000C10 (room 0x24),door 0x1c9584 (preset 0x006b),44.303,no,"the line between them leaves the walkable area (a wall's thickness, or another floor)",
wall of tile 000C10 (room 0x24),door 0x1c9584 (preset 0x006b),44.303,no,"the line between them leaves the walkable area (a wall's thickness, or another floor)",
wall of tile 000C10 (room 0x24),door 0x1c9584 (preset 0x006b),44.304,no,"the line between them leaves the walkable area (a wall's thickness, or another floor)",
wall of tile 004910 (room 0x24),door 0x1c9584 (preset 0x006b),55.484,no,"the line between them leaves the walkable area (a wall's thickness, or another floor)",
wall of tile 004910 (room 0x24),door 0x1c9584 (preset 0x006b),55.484,no,"the line between them leaves the walkable area (a wall's thickness, or another floor)",
wall of tile 004910 (room 0x24),door 0x1c9584 (preset 0x006b),44.303,no,"the line between them leaves the walkable area (a wall's thickness, or another floor)",
wall of tile 004910 (room 0x24),door 0x1c9584 (preset 0x006b),44.303,no,"the line between them leaves the walkable area (a wall's thickness, or another floor)",
wall of tile 004D10 (room 0x24),wall of tile 005010 (room 0x25),26.523,no,the line between them touches another wall,wall of tile 004E10 (room 0x24)
wall of tile 004D10 (room 0x24),wall of tile 005210 (room 0x25),53.047,no,"the line between them leaves the walkable area (a wall's thickness, or another floor)",
wall of tile 004D10 (room 0x24),wall of tile 005410 (room 0x25),53.047,no,"the line between them leaves the walkable area (a wall's thickness, or another floor)",
wall of tile 004E10 (room 0x24),wall of tile 005210 (room 0x25),53.047,no,"the line between them leaves the walkable area (a wall's thickness, or another floor)",
wall of tile 004E10 (room 0x24),wall of tile 005410 (room 0x25),53.047,no,"the line between them leaves the walkable area (a wall's thickness, or another floor)",
wall of tile 005010 (room 0x25),wall of tile 005410 (room 0x25),26.523,no,the line between them touches another wall,wall of tile 005210 (room 0x25)
wall of tile 007C10 (room 0x25),wall of tile 008010 (room 0x24),53.047,no,"the line between them leaves the walkable area (a wall's thickness, or another floor)",
wall of tile 007C10 (room 0x25),wall of tile 008110 (room 0x24),53.047,no,"the line between them leaves the walkable area (a wall's thickness, or another floor)",
wall of tile 007E10 (room 0x25),wall of tile 007A10 (room 0x25),27.352,no,the line between them touches another wall,wall of tile 007C10 (room 0x25)
wall of tile 007E10 (room 0x25),wall of tile 008110 (room 0x24),27.352,no,the line between them touches another wall,wall of tile 008010 (room 0x24)
wall of tile 007A10 (room 0x25),wall of tile 008010 (room 0x24),53.047,no,"the line between them leaves the walkable area (a wall's thickness, or another floor)",
wall of tile 007A10 (room 0x25),wall of tile 008110 (room 0x24),53.047,no,"the line between them leaves the walkable area (a wall's thickness, or another floor)",
wall of tile 005510 (room 0x25),wall of tile 005910 (room 0x26),26.523,no,the line between them touches another wall,wall of tile 005710 (room 0x25)
wall of tile 005510 (room 0x25),wall of tile 005B10 (room 0x26),53.047,no,"the line between them leaves the walkable area (a wall's thickness, or another floor)",
wall of tile 005510 (room 0x25),wall of tile 005C10 (room 0x26),53.047,no,"the line between them leaves the walkable area (a wall's thickness, or another floor)",
wall of tile 005710 (room 0x25),wall of tile 005B10 (room 0x26),53.047,no,"the line between them leaves the walkable area (a wall's thickness, or another floor)",
wall of tile 005710 (room 0x25),wall of tile 005C10 (room 0x26),53.047,no,"the line between them leaves the walkable area (a wall's thickness, or another floor)",
wall of tile 005910 (room 0x26),wall of tile 005C10 (room 0x26),26.523,no,the line between them touches another wall,wall of tile 005B10 (room 0x26)
wall of tile 005C10 (room 0x26),wall of tile 006010 (room 0x27),26.523,no,the line between them touches another wall,wall of tile 005E10 (room 0x26)
wall of tile 005C10 (room 0x26),wall of tile 006210 (room 0x27),53.047,no,"the line between them leaves the walkable area (a wall's thickness, or another floor)",
wall of tile 005E10 (room 0x26),wall of tile 006210 (room 0x27),53.047,no,"the line between them leaves the walkable area (a wall's thickness, or another floor)",
wall of tile 006310 (room 0x27),wall of tile 006610 (room 0x27),53.047,no,the line between them touches another wall,wall of tile 006510 (room 0x27)
wall of tile 006510 (room 0x27),wall of tile 006710 (room 0x27),53.047,no,the line between them touches another wall,wall of tile 006610 (room 0x27)
wall of tile 006610 (room 0x27),wall of tile 000220 (room 0x31),39.785,no,"the line between them leaves the walkable area (a wall's thickness, or another floor)",
wall of tile 006610 (room 0x27),wall of tile 000220 (room 0x31),39.785,no,"the line between them leaves the walkable area (a wall's thickness, or another floor)",
wall of tile 006710 (room 0x27),wall of tile 006910 (room 0x27),53.047,no,the line between them touches another wall,wall of tile 006810 (room 0x27)
wall of tile 006710 (room 0x27),wall of tile 0FD721 (room 0x31),18.755,no,the line between them touches another wall,wall of tile 01E611 (room 0x27)
wall of tile 006710 (room 0x27),wall of tile 000022 (room 0x31),29.654,no,"the line between them leaves the walkable area (a wall's thickness, or another floor)",
wall of tile 006710 (room 0x27),wall of tile 000120 (room 0x31),39.785,no,"the line between them leaves the walkable area (a wall's thickness, or another floor)",
wall of tile 006710 (room 0x27),wall of tile 000120 (room 0x31),39.785,no,"the line between them leaves the walkable area (a wall's thickness, or another floor)",
wall of tile 006710 (room 0x27),door 0x1c8524 (preset 0x0074),19.350,no,"the line between them leaves the walkable area (a wall's thickness, or another floor)",
wall of tile 006710 (room 0x27),door 0x1c8524 (preset 0x0074),28.915,no,"the line between them leaves the walkable area (a wall's thickness, or another floor)",
wall of tile 006710 (room 0x27),door 0x1c8524 (preset 0x0074),28.915,no,"the line between them leaves the walkable area (a wall's thickness, or another floor)",
wall of tile 006710 (room 0x27),door 0x1c8524 (preset 0x0074),19.350,no,"the line between them leaves the walkable area (a wall's thickness, or another floor)",
wall of tile 006710 (room 0x27),wall of tile 0FD722 (room 0x31),18.755,no,the line between them touches another wall,wall of tile 01E612 (room 0x27)
wall of tile 006710 (room 0x27),wall of tile 000021 (room 0x31),29.654,no,"the line between them leaves the walkable area (a wall's thickness, or another floor)",
wall of tile 006710 (room 0x27),wall of tile 000220 (room 0x31),39.785,no,"the line between them leaves the walkable area (a wall's thickness, or another floor)",
wall of tile 006710 (room 0x27),wall of tile 000220 (room 0x31),39.785,no,"the line between them leaves the walkable area (a wall's thickness, or another floor)",
wall of tile 006710 (room 0x27),door 0x1c8524 (preset 0x0074),19.350,no,"the line between them leaves the walkable area (a wall's thickness, or another floor)",
wall of tile 006710 (room 0x27),door 0x1c8524 (preset 0x0074),19.350,no,"the line between them leaves the walkable area (a wall's thickness, or another floor)",
wall of tile 006710 (room 0x27),door 0x1c8524 (preset 0x0074),19.350,no,"the line between them leaves the walkable area (a wall's thickness, or another floor)",
wall of tile 006710 (room 0x27),door 0x1c8524 (preset 0x0074),28.915,no,"the line between them leaves the walkable area (a wall's thickness, or another floor)",
wall of tile 01E612 (room 0x27),wall of tile 000021 (room 0x31),13.262,no,the line between them touches another wall,wall of tile 0FD722 (room 0x31)
wall of tile 01E612 (room 0x27),wall of tile 000220 (room 0x31),29.654,no,"the line between them leaves the walkable area (a wall's thickness, or another floor)",
wall of tile 01E612 (room 0x27),door 0x1c8524 (preset 0x0074),0.829,no,"another wall pokes into the space between them, so a tighter pair covers this gap",wall of tile 0FD722 (room 0x31)
wall of tile 01E612 (room 0x27),door 0x1c8524 (preset 0x0074),0.829,no,"another wall pokes into the space between them, so a tighter pair covers this gap",wall of tile 0FD722 (room 0x31)
wall of tile 01E612 (room 0x27),door 0x1c8524 (preset 0x0074),0.829,no,"another wall pokes into the space between them, so a tighter pair covers this gap",wall of tile 0FD722 (room 0x31)
wall of tile 01E612 (room 0x27),door 0x1c8524 (preset 0x0074),12.433,no,"another wall pokes into the space between them, so a tighter pair covers this gap",wall of tile 0FD722 (room 0x31)
wall of tile 006810 (room 0x27),wall of tile 01E611 (room 0x27),13.262,no,the line between them touches another wall,wall of tile 006710 (room 0x27)
wall of tile 006810 (room 0x27),wall of tile 0FD721 (room 0x31),29.654,no,"the line between them leaves the walkable area (a wall's thickness, or another floor)",
wall of tile 006810 (room 0x27),wall of tile 000022 (room 0x31),37.510,no,"the line between them leaves the walkable area (a wall's thickness, or another floor)",
wall of tile 006810 (room 0x27),wall of tile 000120 (room 0x31),39.785,no,"the line between them leaves the walkable area (a wall's thickness, or another floor)",
wall of tile 006810 (room 0x27),wall of tile 000120 (room 0x31),39.785,no,"the line between them leaves the walkable area (a wall's thickness, or another floor)",
wall of tile 006810 (room 0x27),wall of tile 006B10 (room 0x27),39.785,no,the line between them touches another wall,wall of tile 006910 (room 0x27)
wall of tile 006810 (room 0x27),door 0x1c8524 (preset 0x0074),30.034,no,"the line between them leaves the walkable area (a wall's thickness, or another floor)",
wall of tile 006810 (room 0x27),door 0x1c8524 (preset 0x0074),36.929,no,"the line between them leaves the walkable area (a wall's thickness, or another floor)",
wall of tile 006810 (room 0x27),door 0x1c8524 (preset 0x0074),36.928,no,"the line between them leaves the walkable area (a wall's thickness, or another floor)",
wall of tile 006810 (room 0x27),door 0x1c8524 (preset 0x0074),30.034,no,"the line between them leaves the walkable area (a wall's thickness, or another floor)",
wall of tile 006910 (room 0x27),wall of tile 01E611 (room 0x27),54.679,no,"another wall pokes into the space between them, so a tighter pair covers this gap",wall of tile 006810 (room 0x27)
wall of tile 01E611 (room 0x27),wall of tile 000022 (room 0x31),13.262,no,the line between them touches another wall,wall of tile 0FD721 (room 0x31)
wall of tile 01E611 (room 0x27),wall of tile 000120 (room 0x31),29.654,no,"the line between them leaves the walkable area (a wall's thickness, or another floor)",
wall of tile 01E611 (room 0x27),wall of tile 000120 (room 0x31),37.510,no,"the line between them leaves the walkable area (a wall's thickness, or another floor)",
wall of tile 01E611 (room 0x27),door 0x1c8524 (preset 0x0074),0.829,no,the line between them touches another wall,wall of tile 0FD721 (room 0x31)
wall of tile 01E611 (room 0x27),door 0x1c8524 (preset 0x0074),12.433,no,the line between them touches another wall,wall of tile 0FD721 (room 0x31)
wall of tile 01E611 (room 0x27),door 0x1c8524 (preset 0x0074),12.433,no,"the line between them leaves the walkable area (a wall's thickness, or another floor)",
wall of tile 01E611 (room 0x27),door 0x1c8524 (preset 0x0074),0.829,no,"the line between them leaves the walkable area (a wall's thickness, or another floor)",
wall of tile 0FD722 (room 0x31),wall of tile 000220 (room 0x31),18.755,no,the line between them touches another wall,wall of tile 000021 (room 0x31)
wall of tile 0FD722 (room 0x31),door 0x1c8524 (preset 0x0074),0.000,yes,,
wall of tile 0FD722 (room 0x31),door 0x1c8524 (preset 0x0074),0.000,yes,,
wall of tile 0FD722 (room 0x31),door 0x1c8524 (preset 0x0074),0.000,yes,,
wall of tile 0FD722 (room 0x31),door 0x1c8524 (preset 0x0074),0.000,yes,,
wall of tile 0FD721 (room 0x31),wall of tile 000120 (room 0x31),18.755,no,the line between them touches another wall,wall of tile 000022 (room 0x31)
wall of tile 0FD721 (room 0x31),wall of tile 000120 (room 0x31),29.654,no,"the line between them leaves the walkable area (a wall's thickness, or another floor)",
wall of tile 0FD721 (room 0x31),door 0x1c8524 (preset 0x0074),0.000,no,"the line between them leaves the walkable area (a wall's thickness, or another floor)",
wall of tile 0FD721 (room 0x31),door 0x1c8524 (preset 0x0074),0.000,no,"the line between them leaves the walkable area (a wall's thickness, or another floor)",
wall of tile 000021 (room 0x31),door 0x1c8524 (preset 0x0074),12.433,no,"another wall pokes into the space between them, so a tighter pair covers this gap",wall of tile 0FD722 (room 0x31)
wall of tile 000021 (room 0x31),door 0x1c8524 (preset 0x0074),12.433,no,"another wall pokes into the space between them, so a tighter pair covers this gap",wall of tile 0FD722 (room 0x31)
wall of tile 000021 (room 0x31),door 0x1c8524 (preset 0x0074),0.829,no,"another wall pokes into the space between them, so a tighter pair covers this gap",wall of tile 0FD722 (room 0x31)
wall of tile 000021 (room 0x31),door 0x1c8524 (preset 0x0074),0.829,no,"another wall pokes into the space between them, so a tighter pair covers this gap",wall of tile 0FD722 (room 0x31)
wall of tile 000022 (room 0x31),wall of tile 000120 (room 0x31),13.262,no,the line between them touches another wall,wall of tile 000120 (room 0x31)
wall of tile 000022 (room 0x31),door 0x1c8524 (preset 0x0074),12.433,no,the line between them touches another wall,wall of tile 0FD721 (room 0x31)
wall of tile 000022 (room 0x31),door 0x1c8524 (preset 0x0074),0.829,no,the line between them touches another wall,wall of tile 0FD721 (room 0x31)
wall of tile 000022 (room 0x31),door 0x1c8524 (preset 0x0074),0.829,no,"the line between them leaves the walkable area (a wall's thickness, or another floor)",
wall of tile 000022 (room 0x31),door 0x1c8524 (preset 0x0074),0.829,no,"the line between them leaves the walkable area (a wall's thickness, or another floor)",
wall of tile 000120 (room 0x31),door 0x1c8524 (preset 0x0074),28.915,no,"the line between them leaves the walkable area (a wall's thickness, or another floor)",
wall of tile 000120 (room 0x31),door 0x1c8524 (preset 0x0074),19.350,no,"the line between them leaves the walkable area (a wall's thickness, or another floor)",
wall of tile 000120 (room 0x31),door 0x1c8524 (preset 0x0074),19.350,no,"the line between them leaves the walkable area (a wall's thickness, or another floor)",
wall of tile 000120 (room 0x31),door 0x1c8524 (preset 0x0074),19.350,no,"the line between them leaves the walkable area (a wall's thickness, or another floor)",
wall of tile 000120 (room 0x31),door 0x1c8524 (preset 0x0074),36.929,no,"the line between them leaves the walkable area (a wall's thickness, or another floor)",
wall of tile 000120 (room 0x31),door 0x1c8524 (preset 0x0074),30.034,no,"the line between them leaves the walkable area (a wall's thickness, or another floor)",
wall of tile 000120 (room 0x31),door 0x1c8524 (preset 0x0074),30.034,no,"the line between them leaves the walkable area (a wall's thickness, or another floor)",
wall of tile 000120 (room 0x31),door 0x1c8524 (preset 0x0074),30.034,no,"the line between them leaves the walkable area (a wall's thickness, or another floor)",
wall of tile 000720 (room 0x31),wall of tile 058322 (room 0x31),39.785,no,the line between them touches another wall,wall of tile 0FC920 (room 0x31)
wall of tile 000220 (room 0x31),wall of tile 000F20 (room 0x31),53.047,no,the line between them touches another wall,wall of tile 000320 (room 0x31)
wall of tile 000220 (room 0x31),door 0x1c8524 (preset 0x0074),28.915,no,"the line between them leaves the walkable area (a wall's thickness, or another floor)",
wall of tile 000220 (room 0x31),door 0x1c8524 (preset 0x0074),28.915,no,"the line between them leaves the walkable area (a wall's thickness, or another floor)",
wall of tile 000220 (room 0x31),door 0x1c8524 (preset 0x0074),19.350,no,"the line between them leaves the walkable area (a wall's thickness, or another floor)",
wall of tile 000220 (room 0x31),door 0x1c8524 (preset 0x0074),19.350,no,"the line between them leaves the walkable area (a wall's thickness, or another floor)",
wall of tile 000A20 (room 0x31),wall of tile 001520 (room 0x31),26.523,no,"the line between them leaves the walkable area (a wall's thickness, or another floor)",
wall of tile 000A20 (room 0x31),wall of tile 001620 (room 0x31),26.523,no,"the line between them leaves the walkable area (a wall's thickness, or another floor)",
wall of tile 000A20 (room 0x31),generic 0x1caa74 (preset 0x00d9),39.935,no,"the line between them leaves the walkable area (a wall's thickness, or another floor)",
wall of tile 000A20 (room 0x31),generic 0x1caa74 (preset 0x00d9),39.935,no,"the line between them leaves the walkable area (a wall's thickness, or another floor)",
wall of tile 001220 (room 0x31),generic 0x1caa74 (preset 0x00d9),42.545,no,"another wall pokes into the space between them, so a tighter pair covers this gap",wall of tile 001520 (room 0x31)
wall of tile 001220 (room 0x31),generic 0x1caa74 (preset 0x00d9),47.123,no,"another wall pokes into the space between them, so a tighter pair covers this gap",wall of tile 001520 (room 0x31)
wall of tile 001220 (room 0x31),generic 0x1cac84 (preset 0x00db),45.792,no,"another wall pokes into the space between them, so a tighter pair covers this gap",wall of tile 001520 (room 0x31)
wall of tile 001220 (room 0x31),generic 0x1cac84 (preset 0x00db),45.792,no,"another wall pokes into the space between them, so a tighter pair covers this gap",wall of tile 001520 (room 0x31)
wall of tile 001520 (room 0x31),wall of tile 0FCA20 (room 0x31),26.523,no,"the line between them leaves the walkable area (a wall's thickness, or another floor)",
wall of tile 001520 (room 0x31),wall of tile 014322 (room 0x31),26.523,no,"the line between them leaves the walkable area (a wall's thickness, or another floor)",
wall of tile 001520 (room 0x31),wall of tile 014321 (room 0x31),26.523,no,"the line between them leaves the walkable area (a wall's thickness, or another floor)",
wall of tile 001520 (room 0x31),generic 0x1caa74 (preset 0x00d9),13.411,yes,,
wall of tile 001520 (room 0x31),generic 0x1caa74 (preset 0x00d9),13.411,yes,,
wall of tile 001520 (room 0x31),generic 0x1cab7c (preset 0x00da),48.023,yes,,
wall of tile 001520 (room 0x31),generic 0x1cab7c (preset 0x00da),48.023,yes,,
wall of tile 001520 (room 0x31),generic 0x1cac84 (preset 0x00db),45.780,yes,,
wall of tile 001520 (room 0x31),generic 0x1cac84 (preset 0x00db),45.780,yes,,
wall of tile 001520 (room 0x31),generic 0x1cac84 (preset 0x00db),45.780,yes,,
wall of tile 001520 (room 0x31),generic 0x1cad8c (preset 0x00dc),33.817,yes,,
wall of tile 001520 (room 0x31),generic 0x1cad8c (preset 0x00dc),33.817,yes,,
wall of tile 001520 (room 0x31),generic 0x1cae90 (preset 0x00dd),48.267,yes,,
wall of tile 001520 (room 0x31),generic 0x1cae90 (preset 0x00dd),48.267,yes,,
wall of tile 001520 (room 0x31),generic 0x1cae90 (preset 0x00dd),48.267,yes,,
wall of tile 001520 (room 0x31),generic 0x1cb098 (preset 0x00df),45.780,yes,,
wall of tile 001520 (room 0x31),generic 0x1cb098 (preset 0x00df),45.780,yes,,
wall of tile 001520 (room 0x31),generic 0x1cb098 (preset 0x00df),45.780,yes,,
wall of tile 001620 (room 0x31),wall of tile 0FCA20 (room 0x31),26.523,no,"the line between them leaves the walkable area (a wall's thickness, or another floor)",
wall of tile 001620 (room 0x31),wall of tile 014322 (room 0x31),26.523,no,"the line between them leaves the walkable area (a wall's thickness, or another floor)",
wall of tile 001620 (room 0x31),wall of tile 014321 (room 0x31),26.523,no,"the line between them leaves the walkable area (a wall's thickness, or another floor)",
wall of tile 001620 (room 0x31),wall of tile 018C22 (room 0x32),39.785,no,the far wall faces the other way (it belongs to floor which isn't linked here),
wall of tile 001620 (room 0x31),wall of tile 018C21 (room 0x32),39.785,no,the far wall faces the other way (it belongs to floor which isn't linked here),
wall of tile 001620 (room 0x31),wall of tile 05AB22 (room 0x32),13.262,no,"the line between them leaves the walkable area (a wall's thickness, or another floor)",
wall of tile 001620 (room 0x31),wall of tile 05AB21 (room 0x32),13.262,no,"the line between them leaves the walkable area (a wall's thickness, or another floor)",
wall of tile 001620 (room 0x31),wall of tile 027B20 (room 0x32),39.785,no,"the line between them leaves the walkable area (a wall's thickness, or another floor)",
wall of tile 001620 (room 0x31),wall of tile 027520 (room 0x32),39.785,no,"the line between them leaves the walkable area (a wall's thickness, or another floor)",
wall of tile 001620 (room 0x31),wall of tile 028F20 (room 0x33),39.785,no,the far wall faces the other way (it belongs to floor which isn't linked here),
wall of tile 001620 (room 0x31),wall of tile 029020 (room 0x33),39.785,no,the far wall faces the other way (it belongs to floor which isn't linked here),
wall of tile 001620 (room 0x31),wall of tile 027D20 (room 0x32),39.785,no,"the line between them leaves the walkable area (a wall's thickness, or another floor)",
wall of tile 001620 (room 0x31),generic 0x1cae90 (preset 0x00dd),35.005,yes,,
wall of tile 001620 (room 0x31),generic 0x1cae90 (preset 0x00dd),35.005,yes,,
wall of tile 001620 (room 0x31),generic 0x1cae90 (preset 0x00dd),35.005,yes,,
wall of tile 001620 (room 0x31),generic 0x1cb098 (preset 0x00df),41.636,yes,,
wall of tile 001620 (room 0x31),generic 0x1cb098 (preset 0x00df),41.636,yes,,
wall of tile 001620 (room 0x31),generic 0x1cb098 (preset 0x00df),41.636,yes,,
wall of tile 001720 (room 0x31),wall of tile 029220 (room 0x33),53.047,no,the far wall faces the other way (it belongs to floor which isn't linked here),
wall of tile 001720 (room 0x31),wall of tile 029320 (room 0x33),53.047,no,the far wall faces the other way (it belongs to floor which isn't linked here),
wall of tile 001720 (room 0x31),wall of tile 029A20 (room 0x33),26.523,no,"the line between them leaves the walkable area (a wall's thickness, or another floor)",
wall of tile 001720 (room 0x31),wall of tile 029B20 (room 0x33),26.523,no,"the line between them leaves the walkable area (a wall's thickness, or another floor)",
wall of tile 001720 (room 0x31),wall of tile 028920 (room 0x32),26.523,no,the far wall faces the other way (it belongs to floor which isn't linked here),
wall of tile 001720 (room 0x31),wall of tile 028F20 (room 0x33),26.523,no,the far wall faces the other way (it belongs to floor which isn't linked here),
wall of tile 001720 (room 0x31),wall of tile 029020 (room 0x33),53.047,no,the far wall faces the other way (it belongs to floor which isn't linked here),
wall of tile 001720 (room 0x31),wall of tile 029120 (room 0x33),53.047,no,the far wall faces the other way (it belongs to floor which isn't linked here),
wall of tile 001720 (room 0x31),wall of tile 029320 (room 0x33),53.047,no,the far wall faces the other way (it belongs to floor which isn't linked here),
wall of tile 001720 (room 0x31),wall of tile 104922 (room 0x33),53.047,no,the far wall faces the other way (it belongs to floor which isn't linked here),
wall of tile 001720 (room 0x31),wall of tile 029A20 (room 0x33),59.308,no,"the line between them leaves the walkable area (a wall's thickness, or another floor)",
wall of tile 001720 (room 0x31),wall of tile 027D20 (room 0x32),47.816,no,"the line between them leaves the walkable area (a wall's thickness, or another floor)",
wall of tile 000B20 (room 0x31),wall of tile 058321 (room 0x31),39.785,no,the line between them touches another wall,wall of tile 0FCA20 (room 0x31)
wall of tile 0FCA20 (room 0x31),wall of tile 058621 (room 0x31),13.262,no,"the line between them leaves the walkable area (a wall's thickness, or another floor)",
wall of tile 0FCA20 (room 0x31),wall of tile 058721 (room 0x31),41.937,no,the far wall faces the other way (it belongs to floor which isn't linked here),
wall of tile 0FCA20 (room 0x31),wall of tile 058421 (room 0x31),26.523,no,the line between them touches another wall,wall of tile 0FCA20 (room 0x31)
wall of tile 0FCA20 (room 0x31),wall of tile 058721 (room 0x31),2.695,no,the far wall faces the other way (it belongs to floor which isn't linked here),
wall of tile 0FCA20 (room 0x31),wall of tile 058821 (room 0x31),17.677,no,the far wall faces the other way (it belongs to floor which isn't linked here),
wall of tile 0FCA20 (room 0x31),wall of tile 058921 (room 0x31),32.658,no,the far wall faces the other way (it belongs to floor which isn't linked here),
wall of tile 0FCA20 (room 0x31),wall of tile 058A22 (room 0x31),59.924,no,"the line between them leaves the walkable area (a wall's thickness, or another floor)",
wall of tile 0FCA20 (room 0x31),wall of tile 058A21 (room 0x31),47.639,no,the far wall faces the other way (it belongs to floor which isn't linked here),
wall of tile 0FCA20 (room 0x31),generic 0x1caf94 (preset 0x00de),40.434,yes,,
wall of tile 0FCA20 (room 0x31),generic 0x1caf94 (preset 0x00de),40.434,yes,,
wall of tile 012722 (room 0x31),wall of tile 058322 (room 0x31),39.785,no,the line between them touches another wall,wall of tile 058222 (room 0x31)
wall of tile 012721 (room 0x31),wall of tile 058321 (room 0x31),39.785,no,the line between them touches another wall,wall of tile 058221 (room 0x31)
wall of tile 058222 (room 0x31),wall of tile 058422 (room 0x31),39.785,no,the line between them touches another wall,wall of tile 058322 (room 0x31)
wall of tile 058221 (room 0x31),wall of tile 058421 (room 0x31),39.785,no,the line between them touches another wall,wall of tile 058321 (room 0x31)
wall of tile 058322 (room 0x31),wall of tile 058522 (room 0x31),39.785,no,the line between them touches another wall,wall of tile 058422 (room 0x31)
wall of tile 058321 (room 0x31),wall of tile 058521 (room 0x31),39.785,no,the line between them touches another wall,wall of tile 058421 (room 0x31)
wall of tile 058422 (room 0x31),wall of tile 012D22 (room 0x31),39.785,no,the line between them touches another wall,wall of tile 058522 (room 0x31)
wall of tile 058421 (room 0x31),wall of tile 058621 (room 0x31),39.785,no,the line between them touches another wall,wall of tile 058521 (room 0x31)
wall of tile 058421 (room 0x31),wall of tile 058721 (room 0x31),56.265,no,"the line between them leaves the walkable area (a wall's thickness, or another floor)",
wall of tile 058521 (room 0x31),wall of tile 058721 (room 0x31),39.785,no,the line between them touches another wall,wall of tile 058621 (room 0x31)
wall of tile 012D21 (room 0x31),wall of tile 058722 (room 0x31),39.785,no,the line between them touches another wall,wall of tile 058622 (room 0x31)
wall of tile 058622 (room 0x31),wall of tile 058822 (room 0x31),39.785,no,the line between them touches another wall,wall of tile 058722 (room 0x31)
wall of tile 058621 (room 0x31),wall of tile 058821 (room 0x31),39.785,no,the line between them touches another wall,wall of tile 058721 (room 0x31)
wall of tile 058722 (room 0x31),wall of tile 058922 (room 0x31),39.785,no,the line between them touches another wall,wall of tile 058822 (room 0x31)
wall of tile 058721 (room 0x31),wall of tile 058921 (room 0x31),39.785,no,the line between them touches another wall,wall of tile 058821 (room 0x31)
wall of tile 058822 (room 0x31),wall of tile 058A22 (room 0x31),39.785,no,the line between them touches another wall,wall of tile 058922 (room 0x31)
wall of tile 058821 (room 0x31),wall of tile 058A21 (room 0x31),39.785,no,the line between them touches another wall,wall of tile 058921 (room 0x31)
wall of tile 058821 (room 0x31),generic 0x1caf94 (preset 0x00de),53.981,no,"the line between them leaves the walkable area (a wall's thickness, or another floor)",
wall of tile 058821 (room 0x31),generic 0x1caf94 (preset 0x00de),53.981,no,"the line between them leaves the walkable area (a wall's thickness, or another floor)",
wall of tile 058922 (room 0x31),wall of tile 014322 (room 0x31),40.614,no,the line between them touches another wall,wall of tile 058A22 (room 0x31)
wall of tile 058921 (room 0x31),wall of tile 014322 (room 0x31),40.614,no,the line between them touches another wall,wall of tile 058A21 (room 0x31)
wall of tile 058921 (room 0x31),generic 0x1caf94 (preset 0x00de),30.109,no,"the line between them leaves the walkable area (a wall's thickness, or another floor)",
wall of tile 058921 (room 0x31),generic 0x1caf94 (preset 0x00de),23.793,no,"the line between them leaves the walkable area (a wall's thickness, or another floor)",
wall of tile 058A21 (room 0x31),generic 0x1caf94 (preset 0x00de),29.632,no,"the line between them leaves the walkable area (a wall's thickness, or another floor)",
wall of tile 058A21 (room 0x31),generic 0x1caf94 (preset 0x00de),38.373,no,the far wall faces the other way (it belongs to floor which isn't linked here),
wall of tile 014322 (room 0x31),generic 0x1caf94 (preset 0x00de),27.145,no,the far wall faces the other way (it belongs to floor which isn't linked here),
wall of tile 014322 (room 0x31),generic 0x1caf94 (preset 0x00de),38.373,no,the far wall faces the other way (it belongs to floor which isn't linked here),
wall of tile 014322 (room 0x31),generic 0x1caf94 (preset 0x00de),6.389,no,the far wall faces the other way (it belongs to floor which isn't linked here),
wall of tile 014922 (room 0x31),generic 0x1caa74 (preset 0x00d9),10.577,no,the far wall faces the other way (it belongs to floor which isn't linked here),
wall of tile 014922 (room 0x31),generic 0x1cab7c (preset 0x00da),29.789,no,"the line between them leaves the walkable area (a wall's thickness, or another floor)",
wall of tile 014922 (room 0x31),generic 0x1cab7c (preset 0x00da),29.789,no,"the line between them leaves the walkable area (a wall's thickness, or another floor)",
wall of tile 014922 (room 0x31),generic 0x1cac84 (preset 0x00db),5.166,no,the far wall faces the other way (it belongs to floor which isn't linked here),
wall of tile 014922 (room 0x31),generic 0x1cac84 (preset 0x00db),5.166,no,the far wall faces the other way (it belongs to floor which isn't linked here),
wall of tile 014922 (room 0x31),generic 0x1cad8c (preset 0x00dc),34.897,no,the far wall faces the other way (it belongs to floor which isn't linked here),
wall of tile 014922 (room 0x31),generic 0x1cad8c (preset 0x00dc),36.619,no,the far wall faces the other way (it belongs to floor which isn't linked here),
wall of tile 014921 (room 0x31),wall of tile 029B20 (room 0x33),13.262,no,"the line between them leaves the walkable area (a wall's thickness, or another floor)",
wall of tile 105020 (room 0x31),wall of tile 018B22 (room 0x32),26.523,no,the line between them touches another wall,wall of tile 015420 (room 0x31)
wall of tile 105020 (room 0x31),wall of tile 018C22 (room 0x32),59.308,no,"the line between them leaves the walkable area (a wall's thickness, or another floor)",
wall of tile 105020 (room 0x31),wall of tile 029020 (room 0x33),59.308,no,"the line between them leaves the walkable area (a wall's thickness, or another floor)",
wall of tile 105020 (room 0x31),wall of tile 029120 (room 0x33),54.679,no,"the line between them leaves the walkable area (a wall's thickness, or another floor)",
wall of tile 105020 (room 0x31),wall of tile 029220 (room 0x33),13.262,no,"the line between them leaves the walkable area (a wall's thickness, or another floor)",
wall of tile 105020 (room 0x31),wall of tile 029320 (room 0x33),13.262,no,"the line between them leaves the walkable area (a wall's thickness, or another floor)",
wall of tile 105020 (room 0x31),wall of tile 104922 (room 0x33),26.523,no,"the line between them leaves the walkable area (a wall's thickness, or another floor)",
wall of tile 105020 (room 0x31),wall of tile 029A20 (room 0x33),13.262,no,"the line between them leaves the walkable area (a wall's thickness, or another floor)",
wall of tile 105020 (room 0x31),wall of tile 029B20 (room 0x33),13.262,no,"the line between them leaves the walkable area (a wall's thickness, or another floor)",
wall of tile 015420 (room 0x31),wall of tile 018C21 (room 0x32),53.047,no,the line between them touches another wall,wall of tile 018B21 (room 0x32)
wall of tile 015420 (room 0x31),generic 0x1cab7c (preset 0x00da),57.618,no,"the line between them leaves the walkable area (a wall's thickness, or another floor)",
wall of tile 015420 (room 0x31),generic 0x1cab7c (preset 0x00da),35.114,no,the far wall faces the other way (it belongs to floor which isn't linked here),
wall of tile 015420 (room 0x31),generic 0x1cab7c (preset 0x00da),31.542,no,the far wall faces the other way (it belongs to floor which isn't linked here),
wall of tile 015420 (room 0x31),generic 0x1cad8c (preset 0x00dc),20.094,no,"the line between them leaves the walkable area (a wall's thickness, or another floor)",
wall of tile 015420 (room 0x31),generic 0x1cad8c (preset 0x00dc),20.094,no,"the line between them leaves the walkable area (a wall's thickness, or another floor)",
wall of tile 015420 (room 0x31),generic 0x1cae90 (preset 0x00dd),10.139,no,"the line between them leaves the walkable area (a wall's thickness, or another floor)",
wall of tile 015420 (room 0x31),generic 0x1cae90 (preset 0x00dd),44.089,no,the far wall faces the other way (it belongs to floor which isn't linked here),
wall of tile 015420 (room 0x31),generic 0x1cae90 (preset 0x00dd),32.904,no,"the line between them leaves the walkable area (a wall's thickness, or another floor)",
wall of tile 015420 (room 0x31),generic 0x1cb098 (preset 0x00df),3.509,no,"the line between them leaves the walkable area (a wall's thickness, or another floor)",
wall of tile 015420 (room 0x31),generic 0x1cb098 (preset 0x00df),40.573,no,the far wall faces the other way (it belongs to floor which isn't linked here),
wall of tile 015420 (room 0x31),generic 0x1cb098 (preset 0x00df),33.972,no,"the line between them leaves the walkable area (a wall's thickness, or another floor)",
wall of tile 015420 (room 0x31),wall of tile 018C22 (room 0x32),53.047,no,the line between them touches another wall,wall of tile 018B22 (room 0x32)
wall of tile 015420 (room 0x31),wall of tile 029020 (room 0x33),59.308,no,"the line between them leaves the walkable area (a wall's thickness, or another floor)",
wall of tile 015420 (room 0x31),wall of tile 029120 (room 0x33),54.679,no,"the line between them leaves the walkable area (a wall's thickness, or another floor)",
wall of tile 015420 (room 0x31),wall of tile 029220 (room 0x33),13.262,no,"the line between them leaves the walkable area (a wall's thickness, or another floor)",
wall of tile 015420 (room 0x31),wall of tile 018B21 (room 0x32),26.523,no,the line between them touches another wall,wall of tile 015420 (room 0x31)
wall of tile 015420 (room 0x31),wall of tile 018C21 (room 0x32),59.308,no,"the line between them leaves the walkable area (a wall's thickness, or another floor)",
wall of tile 015420 (room 0x31),generic 0x1caa74 (preset 0x00d9),1.245,no,the far wall faces the other way (it belongs to floor which isn't linked here),
wall of tile 015420 (room 0x31),generic 0x1cab7c (preset 0x00da),9.806,no,"the line between them leaves the walkable area (a wall's thickness, or another floor)",
wall of tile 015420 (room 0x31),generic 0x1cab7c (preset 0x00da),49.591,no,the far wall faces the other way (it belongs to floor which isn't linked here),
wall of tile 015420 (room 0x31),generic 0x1cac84 (preset 0x00db),5.166,no,the far wall faces the other way (it belongs to floor which isn't linked here),
wall of tile 015420 (room 0x31),generic 0x1cac84 (preset 0x00db),34.183,no,the far wall faces the other way (it belongs to floor which isn't linked here),
wall of tile 015420 (room 0x31),generic 0x1cad8c (preset 0x00dc),27.035,no,the far wall faces the other way (it belongs to floor which isn't linked here),
wall of tile 015420 (room 0x31),generic 0x1cad8c (preset 0x00dc),3.827,no,"the line between them leaves the walkable area (a wall's thickness, or another floor)",
wall of tile 015420 (room 0x31),generic 0x1cae90 (preset 0x00dd),10.139,no,"the line between them leaves the walkable area (a wall's thickness, or another floor)",
wall of tile 015420 (room 0x31),generic 0x1cae90 (preset 0x00dd),32.904,no,"the line between them leaves the walkable area (a wall's thickness, or another floor)",
wall of tile 015420 (room 0x31),generic 0x1cb098 (preset 0x00df),3.509,no,"the line between them leaves the walkable area (a wall's thickness, or another floor)",
wall of tile 015420 (room 0x31),generic 0x1cb098 (preset 0x00df),33.972,no,"the line between them leaves the walkable area (a wall's thickness, or another floor)",
wall of tile 018B22 (room 0x32),wall of tile 018D22 (room 0x32),53.047,no,the line between them touches another wall,wall of tile 018C22 (room 0x32)
wall of tile 018B22 (room 0x32),wall of tile 029020 (room 0x33),53.047,no,"the line between them leaves the walkable area (a wall's thickness, or another floor)",
wall of tile 018B22 (room 0x32),wall of tile 029120 (room 0x33),39.785,no,"the line between them leaves the walkable area (a wall's thickness, or another floor)",
wall of tile 018B22 (room 0x32),wall of tile 029220 (room 0x33),39.785,no,"the line between them leaves the walkable area (a wall's thickness, or another floor)",
wall of tile 018B21 (room 0x32),wall of tile 018D21 (room 0x32),53.047,no,the line between them touches another wall,wall of tile 018C21 (room 0x32)
wall of tile 018B21 (room 0x32),generic 0x1cab7c (preset 0x00da),35.114,no,the far wall faces the other way (it belongs to floor which isn't linked here),
wall of tile 018B21 (room 0x32),generic 0x1cab7c (preset 0x00da),31.542,no,the far wall faces the other way (it belongs to floor which isn't linked here),
wall of tile 018B21 (room 0x32),generic 0x1cad8c (preset 0x00dc),32.242,no,the far wall faces the other way (it belongs to floor which isn't linked here),
wall of tile 018B21 (room 0x32),generic 0x1cad8c (preset 0x00dc),36.198,no,"the line between them leaves the walkable area (a wall's thickness, or another floor)",
wall of tile 018B21 (room 0x32),generic 0x1cae90 (preset 0x00dd),42.908,no,the far wall faces the other way (it belongs to floor which isn't linked here),
wall of tile 018B21 (room 0x32),generic 0x1cae90 (preset 0x00dd),57.827,no,the line between them touches another wall,wall of tile 018C21 (room 0x32)
wall of tile 018B21 (room 0x32),generic 0x1cae90 (preset 0x00dd),57.827,no,"the line between them leaves the walkable area (a wall's thickness, or another floor)",
wall of tile 018B21 (room 0x32),generic 0x1cb098 (preset 0x00df),40.421,no,the far wall faces the other way (it belongs to floor which isn't linked here),
wall of tile 018B21 (room 0x32),generic 0x1cb098 (preset 0x00df),51.196,no,the line between them touches another wall,wall of tile 018C21 (room 0x32)
wall of tile 018C22 (room 0x32),wall of tile 05AB22 (room 0x32),53.047,no,the line between them touches another wall,wall of tile 018D22 (room 0x32)
wall of tile 018C22 (room 0x32),wall of tile 028F20 (room 0x33),53.047,no,"the line between them leaves the walkable area (a wall's thickness, or another floor)",
wall of tile 018C22 (room 0x32),wall of tile 029020 (room 0x33),53.047,no,"the line between them leaves the walkable area (a wall's thickness, or another floor)",
wall of tile 018C22 (room 0x32),wall of tile 029120 (room 0x33),39.785,no,"the line between them leaves the walkable area (a wall's thickness, or another floor)",
wall of tile 018C22 (room 0x32),wall of tile 029220 (room 0x33),39.785,no,"the line between them leaves the walkable area (a wall's thickness, or another floor)",
wall of tile 018C21 (room 0x32),wall of tile 05AB21 (room 0x32),53.047,no,the line between them touches another wall,wall of tile 018D21 (room 0x32)
wall of tile 018C21 (room 0x32),generic 0x1cae90 (preset 0x00dd),42.907,no,the line between them touches another wall,wall of tile 018B21 (room 0x32)
wall of tile 018C21 (room 0x32),generic 0x1cae90 (preset 0x00dd),42.908,no,the far wall faces the other way (it belongs to floor which isn't linked here),
wall of tile 018C21 (room 0x32),generic 0x1cae90 (preset 0x00dd),4.780,no,the line between them touches another wall,wall of tile 018D21 (room 0x32)
wall of tile 018C21 (room 0x32),generic 0x1cae90 (preset 0x00dd),57.827,no,"the line between them leaves the walkable area (a wall's thickness, or another floor)",
wall of tile 018C21 (room 0x32),generic 0x1cb098 (preset 0x00df),49.538,no,the line between them touches another wall,wall of tile 018B21 (room 0x32)
wall of tile 018C21 (room 0x32),generic 0x1cb098 (preset 0x00df),40.421,no,the far wall faces the other way (it belongs to floor which isn't linked here),
wall of tile 018D22 (room 0x32),wall of tile 028F20 (room 0x33),53.047,no,"the line between them leaves the walkable area (a wall's thickness, or another floor)",
wall of tile 018D22 (room 0x32),wall of tile 029020 (room 0x33),53.047,no,"the line between them leaves the walkable area (a wall's thickness, or another floor)",
wall of tile 018D22 (room 0x32),wall of tile 027D20 (room 0x32),26.523,no,the line between them touches another wall,wall of tile 05AB22 (room 0x32)
wall of tile 018D21 (room 0x32),wall of tile 027B20 (room 0x32),26.523,no,the line between them touches another wall,wall of tile 05AB21 (room 0x32)
wall of tile 018D21 (room 0x32),wall of tile 027520 (room 0x32),37.510,no,"the line between them leaves the walkable area (a wall's thickness, or another floor)",
wall of tile 018D21 (room 0x32),generic 0x1cae90 (preset 0x00dd),42.908,no,the far wall faces the other way (it belongs to floor which isn't linked here),
wall of tile 018D21 (room 0x32),generic 0x1cae90 (preset 0x00dd),57.827,no,"the line between them leaves the walkable area (a wall's thickness, or another floor)",
wall of tile 018D21 (room 0x32),generic 0x1cb098 (preset 0x00df),40.463,no,the far wall faces the other way (it belongs to floor which isn't linked here),
wall of tile 018D21 (room 0x32),generic 0x1cb098 (preset 0x00df),1.851,no,the line between them touches another wall,wall of tile 018C21 (room 0x32)
wall of tile 05AB21 (room 0x32),wall of tile 027520 (room 0x32),26.523,no,the line between them touches another wall,wall of tile 027B20 (room 0x32)
wall of tile 05AB21 (room 0x32),generic 0x1cae90 (preset 0x00dd),48.267,no,the line between them touches another wall,wall of tile 018D21 (room 0x32)
wall of tile 05AB21 (room 0x32),generic 0x1cb098 (preset 0x00df),54.898,no,the line between them touches another wall,wall of tile 018C21 (room 0x32)
wall of tile 027520 (room 0x32),wall of tile 027720 (room 0x32),26.523,no,the line between them touches another wall,wall of tile 027620 (room 0x32)
wall of tile 027520 (room 0x32),wall of tile 027820 (room 0x32),37.510,no,"the line between them leaves the walkable area (a wall's thickness, or another floor)",
wall of tile 027620 (room 0x32),wall of tile 027820 (room 0x32),26.523,no,the line between them touches another wall,wall of tile 027720 (room 0x32)
wall of tile 027820 (room 0x32),wall of tile 027F20 (room 0x32),26.523,no,the line between them touches another wall,wall of tile 027920 (room 0x32)
wall of tile 027F20 (room 0x32),wall of tile 028120 (room 0x32),26.523,no,the line between them touches another wall,wall of tile 028020 (room 0x32)
wall of tile 028120 (room 0x32),wall of tile 028420 (room 0x32),26.523,no,the line between them touches another wall,wall of tile 028520 (room 0x32)
wall of tile 028120 (room 0x32),wall of tile 028320 (room 0x32),37.510,no,"the line between them leaves the walkable area (a wall's thickness, or another floor)",
wall of tile 028520 (room 0x32),wall of tile 028320 (room 0x32),26.523,no,the line between them touches another wall,wall of tile 028420 (room 0x32)
wall of tile 028320 (room 0x32),wall of tile 028820 (room 0x32),26.523,no,the line between them touches another wall,wall of tile 028220 (room 0x32)
wall of tile 028820 (room 0x32),wall of tile 028E20 (room 0x33),59.308,no,"another wall pokes into the space between them, so a tighter pair covers this gap",wall of tile 028C20 (room 0x33)
wall of tile 028820 (room 0x32),wall of tile 028D20 (room 0x33),26.523,no,the line between them touches another wall,wall of tile 028C20 (room 0x33)
wall of tile 028C20 (room 0x33),wall of tile 029520 (room 0x33),54.679,no,"the line between them leaves the walkable area (a wall's thickness, or another floor)",
wall of tile 028C20 (room 0x33),wall of tile 028E20 (room 0x33),53.047,no,the line between them touches another wall,wall of tile 028D20 (room 0x33)
wall of tile 028920 (room 0x32),wall of tile 029020 (room 0x33),26.523,no,the line between them touches another wall,wall of tile 028F20 (room 0x33)
wall of tile 028920 (room 0x32),wall of tile 029120 (room 0x33),59.308,no,"another wall pokes into the space between them, so a tighter pair covers this gap",wall of tile 029020 (room 0x33)
wall of tile 028F20 (room 0x33),wall of tile 029120 (room 0x33),53.047,no,the line between them touches another wall,wall of tile 029020 (room 0x33)
wall of tile 028F20 (room 0x33),wall of tile 029220 (room 0x33),54.679,no,"the line between them leaves the walkable area (a wall's thickness, or another floor)",
wall of tile 029020 (room 0x33),wall of tile 029220 (room 0x33),13.262,no,the line between them touches another wall,wall of tile 029120 (room 0x33)
wall of tile 029220 (room 0x33),wall of tile 104922 (room 0x33),13.262,no,the line between them touches another wall,wall of tile 029320 (room 0x33)
wall of tile 104922 (room 0x33),wall of tile 029B20 (room 0x33),13.262,no,the line between them touches another wall,wall of tile 029A20 (room 0x33)
wall of tile 029B20 (room 0x33),wall of tile 029D20 (room 0x33),13.262,no,the line between them touches another wall,wall of tile 029C20 (room 0x33)
wall of tile 029B20 (room 0x33),wall of tile 029F20 (room 0x33),29.654,no,"the line between them leaves the walkable area (a wall's thickness, or another floor)",
wall of tile 029B20 (room 0x33),wall of tile 02A020 (room 0x33),47.816,no,"the line between them leaves the walkable area (a wall's thickness, or another floor)",
wall of tile 029B20 (room 0x33),wall of tile 02A120 (room 0x33),56.265,no,"the line between them leaves the walkable area (a wall's thickness, or another floor)",
wall of tile 029C20 (room 0x33),wall of tile 029F20 (room 0x33),26.523,no,the line between them touches another wall,wall of tile 029D20 (room 0x33)
wall of tile 029C20 (room 0x33),wall of tile 02A020 (room 0x33),37.510,no,"another wall pokes into the space between them, so a tighter pair covers this gap",wall of tile 029D20 (room 0x33)
wall of tile 029C20 (room 0x33),wall of tile 02A120 (room 0x33),47.816,no,"the line between them leaves the walkable area (a wall's thickness, or another floor)",
wall of tile 029D20 (room 0x33),wall of tile 02A020 (room 0x33),26.523,no,the line between them touches another wall,wall of tile 029F20 (room 0x33)
wall of tile 029D20 (room 0x33),wall of tile 02A120 (room 0x33),29.654,no,"the line between them leaves the walkable area (a wall's thickness, or another floor)",
wall of tile 029F20 (room 0x33),wall of tile 02A120 (room 0x33),13.262,no,the line between them touches another wall,wall of tile 02A020 (room 0x33)
wall of tile 104D20 (room 0x33),wall of tile 02A320 (room 0x33),13.262,no,the line between them touches another wall,wall of tile 02A220 (room 0x33)
wall of tile 104D20 (room 0x33),wall of tile 0F9322 (room 0x34),39.785,no,"the line between them leaves the walkable area (a wall's thickness, or another floor)",
wall of tile 104D20 (room 0x33),wall of tile 0F9321 (room 0x34),39.785,no,"the line between them leaves the walkable area (a wall's thickness, or another floor)",
wall of tile 104D20 (room 0x33),wall of tile 054420 (room 0x39),42.724,no,"the line between them leaves the walkable area (a wall's thickness, or another floor)",
wall of tile 104D20 (room 0x33),wall of tile 054520 (room 0x39),42.724,no,"the line between them leaves the walkable area (a wall's thickness, or another floor)",
wall of tile 104D20 (room 0x33),wall of tile 054620 (room 0x39),48.281,no,"the line between them leaves the walkable area (a wall's thickness, or another floor)",
wall of tile 104D20 (room 0x33),wall of tile 054720 (room 0x39),48.281,no,"the line between them leaves the walkable area (a wall's thickness, or another floor)",
wall of tile 02A220 (room 0x33),wall of tile 0F9322 (room 0x34),39.785,no,"the line between them leaves the walkable area (a wall's thickness, or another floor)",
wall of tile 02A220 (room 0x33),wall of tile 0F9321 (room 0x34),39.785,no,"the line between them leaves the walkable area (a wall's thickness, or another floor)",
wall of tile 02A220 (room 0x33),wall of tile 054420 (room 0x39),42.724,no,"the line between them leaves the walkable area (a wall's thickness, or another floor)",
wall of tile 02A220 (room 0x33),wall of tile 054520 (room 0x39),42.724,no,"the line between them leaves the walkable area (a wall's thickness, or another floor)",
wall of tile 02A220 (room 0x33),wall of tile 054620 (room 0x39),48.281,no,"the line between them leaves the walkable area (a wall's thickness, or another floor)",
wall of tile 02A220 (room 0x33),wall of tile 054720 (room 0x39),48.281,no,"the line between them leaves the walkable area (a wall's thickness, or another floor)",
wall of tile 02A320 (room 0x33),wall of tile 0F9321 (room 0x34),13.262,no,the line between them touches another wall,wall of tile 0F9322 (room 0x34)
wall of tile 02A320 (room 0x33),wall of tile 054420 (room 0x39),53.876,no,"the line between them leaves the walkable area (a wall's thickness, or another floor)",
wall of tile 02A320 (room 0x33),wall of tile 054520 (room 0x39),53.876,no,"the line between them leaves the walkable area (a wall's thickness, or another floor)",
wall of tile 02A320 (room 0x33),wall of tile 054620 (room 0x39),40.614,no,"the line between them leaves the walkable area (a wall's thickness, or another floor)",
wall of tile 02A320 (room 0x33),wall of tile 054720 (room 0x39),40.614,no,"the line between them leaves the walkable area (a wall's thickness, or another floor)",
wall of tile 0F9322 (room 0x34),wall of tile 054420 (room 0x39),48.508,no,"the line between them leaves the walkable area (a wall's thickness, or another floor)",
wall of tile 0F9322 (room 0x34),wall of tile 054520 (room 0x39),40.614,no,"the line between them leaves the walkable area (a wall's thickness, or another floor)",
wall of tile 0F9322 (room 0x34),wall of tile 054620 (room 0x39),27.352,no,"the line between them leaves the walkable area (a wall's thickness, or another floor)",
wall of tile 0F9322 (room 0x34),wall of tile 054720 (room 0x39),27.352,no,"the line between them leaves the walkable area (a wall's thickness, or another floor)",
wall of tile 0F9321 (room 0x34),wall of tile 10AB21 (room 0x36),13.262,no,the line between them touches another wall,wall of tile 02AA20 (room 0x34)
wall of tile 0F9321 (room 0x34),wall of tile 054A20 (room 0x39),40.614,no,"the line between them leaves the walkable area (a wall's thickness, or another floor)",
wall of tile 0F9321 (room 0x34),wall of tile 054420 (room 0x39),48.508,no,"the line between them leaves the walkable area (a wall's thickness, or another floor)",
wall of tile 0F9321 (room 0x34),wall of tile 054520 (room 0x39),40.614,no,"the line between them leaves the walkable area (a wall's thickness, or another floor)",
wall of tile 0F9321 (room 0x34),wall of tile 054620 (room 0x39),27.352,no,"the line between them leaves the walkable area (a wall's thickness, or another floor)",
wall of tile 0F9321 (room 0x34),wall of tile 054720 (room 0x39),27.352,no,"the line between them leaves the walkable area (a wall's thickness, or another floor)",
wall of tile 0F9321 (room 0x34),wall of tile 054820 (room 0x39),27.352,no,"the line between them leaves the walkable area (a wall's thickness, or another floor)",
wall of tile 02AA20 (room 0x34),wall of tile 054A20 (room 0x39),40.614,no,"the line between them leaves the walkable area (a wall's thickness, or another floor)",
wall of tile 02AA20 (room 0x34),wall of tile 054720 (room 0x39),27.352,no,"the line between them leaves the walkable area (a wall's thickness, or another floor)",
wall of tile 02AA20 (room 0x34),wall of tile 054820 (room 0x39),27.352,no,"the line between them leaves the walkable area (a wall's thickness, or another floor)",
wall of tile 02AC20 (room 0x34),wall of tile 002720 (room 0x35),56.265,no,"the line between them leaves the walkable area (a wall's thickness, or another floor)",
wall of tile 02AC20 (room 0x34),wall of tile 002820 (room 0x35),56.265,no,"the line between them leaves the walkable area (a wall's thickness, or another floor)",
wall of tile 10AB21 (room 0x36),wall of tile 055820 (room 0x39),53.876,no,"the line between them leaves the walkable area (a wall's thickness, or another floor)",
wall of tile 10AB21 (room 0x36),wall of tile 054A20 (room 0x39),53.876,no,"the line between them leaves the walkable area (a wall's thickness, or another floor)",
wall of tile 10AB21 (room 0x36),wall of tile 054720 (room 0x39),40.614,no,"the line between them leaves the walkable area (a wall's thickness, or another floor)",
wall of tile 10AB21 (room 0x36),wall of tile 054820 (room 0x39),40.614,no,"the line between them leaves the walkable area (a wall's thickness, or another floor)",
wall of tile 10AB21 (room 0x36),wall of tile 10A922 (room 0x36),13.262,no,the line between them touches another wall,wall of tile 10A921 (room 0x36)
wall of tile 10A921 (room 0x36),wall of tile 055820 (room 0x39),40.614,no,"the line between them leaves the walkable area (a wall's thickness, or another floor)",
wall of tile 10A921 (room 0x36),wall of tile 054A20 (room 0x39),40.614,no,"the line between them leaves the walkable area (a wall's thickness, or another floor)",
wall of tile 10A822 (room 0x36),wall of tile 002720 (room 0x35),56.265,no,"the line between them leaves the walkable area (a wall's thickness, or another floor)",
wall of tile 10A822 (room 0x36),wall of tile 002820 (room 0x35),39.785,no,"the line between them leaves the walkable area (a wall's thickness, or another floor)",
wall of tile 10A822 (room 0x36),wall of tile 002920 (room 0x35),39.785,no,"the line between them leaves the walkable area (a wall's thickness, or another floor)",
wall of tile 10A621 (room 0x36),wall of tile 10A821 (room 0x36),13.262,no,the line between them touches another wall,wall of tile 10A822 (room 0x36)
wall of tile 10A621 (room 0x36),wall of tile 002720 (room 0x35),53.047,no,"the line between them leaves the walkable area (a wall's thickness, or another floor)",
wall of tile 10A621 (room 0x36),wall of tile 002820 (room 0x35),53.047,no,"the line between them leaves the walkable area (a wall's thickness, or another floor)",
wall of tile 10A621 (room 0x36),wall of tile 002920 (room 0x35),53.047,no,"the line between them leaves the walkable area (a wall's thickness, or another floor)",
wall of tile 10A621 (room 0x36),wall of tile 0F9422 (room 0x34),13.262,no,the line between them touches another wall,wall of tile 02AC20 (room 0x34)
wall of tile 10A821 (room 0x36),wall of tile 02B920 (room 0x36),13.262,no,the line between them touches another wall,wall of tile 02B820 (room 0x36)
wall of tile 10A821 (room 0x36),wall of tile 0F8B22 (room 0x35),18.755,no,"another wall pokes into the space between them, so a tighter pair covers this gap",wall of tile 02B820 (room 0x36)
wall of tile 10A821 (room 0x36),wall of tile 001A20 (room 0x35),26.523,no,"the line between them leaves the walkable area (a wall's thickness, or another floor)",
wall of tile 10A821 (room 0x36),wall of tile 002720 (room 0x35),56.265,no,"the line between them leaves the walkable area (a wall's thickness, or another floor)",
wall of tile 10A821 (room 0x36),wall of tile 002820 (room 0x35),39.785,no,"the line between them leaves the walkable area (a wall's thickness, or another floor)",
wall of tile 10A821 (room 0x36),wall of tile 002920 (room 0x35),39.785,no,"the line between them leaves the walkable area (a wall's thickness, or another floor)",
wall of tile 10A821 (room 0x36),wall of tile 001B20 (room 0x35),26.523,no,"the line between them leaves the walkable area (a wall's thickness, or another floor)",
wall of tile 10A821 (room 0x36),door 0x1c8b84 (preset 0x0075),28.181,no,"the line between them leaves the walkable area (a wall's thickness, or another floor)",
wall of tile 10A821 (room 0x36),door 0x1c8b84 (preset 0x0075),18.755,no,"another wall pokes into the space between them, so a tighter pair covers this gap",wall of tile 02B820 (room 0x36)
wall of tile 10A821 (room 0x36),door 0x1c8b84 (preset 0x0075),18.755,no,"another wall pokes into the space between them, so a tighter pair covers this gap",wall of tile 02B820 (room 0x36)
wall of tile 10A821 (room 0x36),door 0x1c8b84 (preset 0x0075),28.181,no,"the line between them leaves the walkable area (a wall's thickness, or another floor)",
wall of tile 02B820 (room 0x36),wall of tile 0F8B22 (room 0x35),13.262,no,the line between them touches another wall,wall of tile 02B920 (room 0x36)
wall of tile 02B820 (room 0x36),wall of tile 001A20 (room 0x35),13.262,no,"the line between them leaves the walkable area (a wall's thickness, or another floor)",
wall of tile 02B820 (room 0x36),wall of tile 002920 (room 0x35),26.523,no,"the line between them leaves the walkable area (a wall's thickness, or another floor)",
wall of tile 02B820 (room 0x36),wall of tile 001B20 (room 0x35),13.262,no,"the line between them leaves the walkable area (a wall's thickness, or another floor)",
wall of tile 02B820 (room 0x36),door 0x1c8b84 (preset 0x0075),17.621,no,"the line between them leaves the walkable area (a wall's thickness, or another floor)",
wall of tile 02B820 (room 0x36),door 0x1c8b84 (preset 0x0075),13.261,no,"another wall pokes into the space between them, so a tighter pair covers this gap",wall of tile 02B920 (room 0x36)
wall of tile 02B820 (room 0x36),door 0x1c8b84 (preset 0x0075),13.261,no,"another wall pokes into the space between them, so a tighter pair covers this gap",wall of tile 02B920 (room 0x36)
wall of tile 02B820 (room 0x36),door 0x1c8b84 (preset 0x0075),17.621,no,"the line between them leaves the walkable area (a wall's thickness, or another floor)",
wall of tile 02B920 (room 0x36),wall of tile 001A20 (room 0x35),13.262,no,"the line between them leaves the walkable area (a wall's thickness, or another floor)",
wall of tile 02B920 (room 0x36),wall of tile 002920 (room 0x35),26.523,no,"the line between them leaves the walkable area (a wall's thickness, or another floor)",
wall of tile 02B920 (room 0x36),wall of tile 001B20 (room 0x35),13.262,no,"the line between them leaves the walkable area (a wall's thickness, or another floor)",
wall of tile 02B920 (room 0x36),door 0x1c8b84 (preset 0x0075),11.604,no,"the line between them leaves the walkable area (a wall's thickness, or another floor)",
wall of tile 02B920 (room 0x36),door 0x1c8b84 (preset 0x0075),0.000,no,the line between them touches another wall,door 0x1c8b84 (preset 0x0075)
wall of tile 02B920 (room 0x36),door 0x1c8b84 (preset 0x0075),11.604,no,"the line between them leaves the walkable area (a wall's thickness, or another floor)",
wall of tile 02BA20 (room 0x36),wall of tile 001C20 (room 0x35),13.262,no,the line between them touches another wall,wall of tile 0F8B21 (room 0x35)
wall of tile 02BA20 (room 0x36),wall of tile 001D20 (room 0x35),26.523,no,the line between them touches another wall,wall of tile 0F8B21 (room 0x35)
wall of tile 02BA20 (room 0x36),wall of tile 001E20 (room 0x35),37.510,no,"the line between them leaves the walkable area (a wall's thickness, or another floor)",
wall of tile 02BA20 (room 0x36),wall of tile 001F20 (room 0x35),59.308,no,"the line between them leaves the walkable area (a wall's thickness, or another floor)",
wall of tile 02BA20 (room 0x36),door 0x1c8b84 (preset 0x0075),0.000,yes,,
wall of tile 02BA20 (room 0x36),door 0x1c8b84 (preset 0x0075),0.000,yes,,
wall of tile 02BA20 (room 0x36),door 0x1c8b84 (preset 0x0075),0.000,no,"another wall pokes into the space between them, so a tighter pair covers this gap",wall of tile 0F8B21 (room 0x35)
wall of tile 02BA20 (room 0x36),door 0x1c8b84 (preset 0x0075),11.604,no,"another wall pokes into the space between them, so a tighter pair covers this gap",wall of tile 0F8B21 (room 0x35)
wall of tile 0F8B21 (room 0x35),wall of tile 001D20 (room 0x35),13.262,no,the line between them touches another wall,wall of tile 001C20 (room 0x35)
wall of tile 0F8B21 (room 0x35),wall of tile 001E20 (room 0x35),29.654,no,"the line between them leaves the walkable area (a wall's thickness, or another floor)",
wall of tile 0F8B21 (room 0x35),wall of tile 001F20 (room 0x35),47.816,no,"the line between them leaves the walkable area (a wall's thickness, or another floor)",
wall of tile 0F8B21 (room 0x35),wall of tile 002320 (room 0x35),56.265,no,"the line between them leaves the walkable area (a wall's thickness, or another floor)",
wall of tile 0F8B21 (room 0x35),wall of tile 0F9222 (room 0x36),26.523,no,the line between them touches another wall,wall of tile 02BA20 (room 0x36)
wall of tile 0F8B21 (room 0x35),door 0x1c8b84 (preset 0x0075),0.000,no,"another wall pokes into the space between them, so a tighter pair covers this gap",wall of tile 02BA20 (room 0x36)
wall of tile 0F8B21 (room 0x35),door 0x1c8b84 (preset 0x0075),0.000,yes,,
wall of tile 0F8B21 (room 0x35),door 0x1c8b84 (preset 0x0075),0.000,yes,,
wall of tile 0F8B21 (room 0x35),door 0x1c8b84 (preset 0x0075),0.000,yes,,
wall of tile 0F8B22 (room 0x35),wall of tile 002920 (room 0x35),18.755,no,"another wall pokes into the space between them, so a tighter pair covers this gap",wall of tile 001B20 (room 0x35)
wall of tile 0F8B22 (room 0x35),wall of tile 001B20 (room 0x35),13.262,no,the line between them touches another wall,wall of tile 001A20 (room 0x35)
wall of tile 0F8B22 (room 0x35),door 0x1c8b84 (preset 0x0075),0.000,no,"the line between them leaves the walkable area (a wall's thickness, or another floor)",
wall of tile 0F8B22 (room 0x35),door 0x1c8b84 (preset 0x0075),0.000,no,"the line between them leaves the walkable area (a wall's thickness, or another floor)",
wall of tile 0F8B22 (room 0x35),door 0x1c8b84 (preset 0x0075),0.000,no,the line between them touches another wall,door 0x1c8b84 (preset 0x0075)
wall of tile 001A20 (room 0x35),wall of tile 002920 (room 0x35),13.262,no,the line between them touches another wall,wall of tile 001B20 (room 0x35)
wall of tile 001A20 (room 0x35),door 0x1c8b84 (preset 0x0075),1.658,no,"the line between them leaves the walkable area (a wall's thickness, or another floor)",
wall of tile 001A20 (room 0x35),door 0x1c8b84 (preset 0x0075),1.658,no,"the line between them leaves the walkable area (a wall's thickness, or another floor)",
wall of tile 001A20 (room 0x35),door 0x1c8b84 (preset 0x0075),13.262,no,the line between them touches another wall,door 0x1c8b84 (preset 0x0075)
wall of tile 001A20 (room 0x35),door 0x1c8b84 (preset 0x0075),1.658,no,"another wall pokes into the space between them, so a tighter pair covers this gap",wall of tile 0F8B22 (room 0x35)
wall of tile 001C20 (room 0x35),wall of tile 001E20 (room 0x35),26.523,no,the line between them touches another wall,wall of tile 001D20 (room 0x35)
wall of tile 001C20 (room 0x35),wall of tile 001F20 (room 0x35),37.510,no,"another wall pokes into the space between them, so a tighter pair covers this gap",wall of tile 001E20 (room 0x35)
wall of tile 001C20 (room 0x35),wall of tile 002320 (room 0x35),47.816,no,"the line between them leaves the walkable area (a wall's thickness, or another floor)",
wall of tile 001C20 (room 0x35),wall of tile 0F9222 (room 0x36),39.785,no,the line between them touches another wall,wall of tile 0F8B21 (room 0x35)
wall of tile 001C20 (room 0x35),door 0x1c8b84 (preset 0x0075),13.262,no,"another wall pokes into the space between them, so a tighter pair covers this gap",wall of tile 0F8B21 (room 0x35)
wall of tile 001C20 (room 0x35),door 0x1c8b84 (preset 0x0075),13.262,no,"another wall pokes into the space between them, so a tighter pair covers this gap",wall of tile 0F8B21 (room 0x35)
wall of tile 001C20 (room 0x35),door 0x1c8b84 (preset 0x0075),1.658,no,"another wall pokes into the space between them, so a tighter pair covers this gap",wall of tile 0F8B21 (room 0x35)
wall of tile 001C20 (room 0x35),door 0x1c8b84 (preset 0x0075),1.658,no,"another wall pokes into the space between them, so a tighter pair covers this gap",wall of tile 0F8B21 (room 0x35)
wall of tile 001D20 (room 0x35),wall of tile 001F20 (room 0x35),26.523,no,the line between them touches another wall,wall of tile 001E20 (room 0x35)
wall of tile 001D20 (room 0x35),wall of tile 002320 (room 0x35),29.654,no,"the line between them leaves the walkable area (a wall's thickness, or another floor)",
wall of tile 001D20 (room 0x35),wall of tile 0F9222 (room 0x36),53.047,no,"the line between them leaves the walkable area (a wall's thickness, or another floor)",
wall of tile 001D20 (room 0x35),wall of tile 02C120 (room 0x37),53.047,no,"the line between them leaves the walkable area (a wall's thickness, or another floor)",
wall of tile 001D20 (room 0x35),wall of tile 102521 (room 0x37),47.816,no,"the line between them leaves the walkable area (a wall's thickness, or another floor)",
wall of tile 001D20 (room 0x35),wall of tile 102522 (room 0x37),47.816,no,"the line between them leaves the walkable area (a wall's thickness, or another floor)",
wall of tile 001D20 (room 0x35),door 0x1c8b84 (preset 0x0075),26.523,no,"another wall pokes into the space between them, so a tighter pair covers this gap",wall of tile 001C20 (room 0x35)
wall of tile 001D20 (room 0x35),door 0x1c8b84 (preset 0x0075),26.523,no,"another wall pokes into the space between them, so a tighter pair covers this gap",wall of tile 001C20 (room 0x35)
wall of tile 001D20 (room 0x35),door 0x1c8b84 (preset 0x0075),14.919,no,"another wall pokes into the space between them, so a tighter pair covers this gap",wall of tile 001C20 (room 0x35)
wall of tile 001D20 (room 0x35),door 0x1c8b84 (preset 0x0075),14.919,no,"another wall pokes into the space between them, so a tighter pair covers this gap",wall of tile 001C20 (room 0x35)
wall of tile 001E20 (room 0x35),wall of tile 002320 (room 0x35),13.262,no,the line between them touches another wall,wall of tile 001F20 (room 0x35)
wall of tile 001E20 (room 0x35),wall of tile 0F9222 (room 0x36),53.047,no,"the line between them leaves the walkable area (a wall's thickness, or another floor)",
wall of tile 001E20 (room 0x35),wall of tile 02C120 (room 0x37),53.047,no,"the line between them leaves the walkable area (a wall's thickness, or another floor)",
wall of tile 001E20 (room 0x35),wall of tile 102521 (room 0x37),39.785,no,"the line between them leaves the walkable area (a wall's thickness, or another floor)",
wall of tile 001E20 (room 0x35),wall of tile 102522 (room 0x37),39.785,no,"the line between them leaves the walkable area (a wall's thickness, or another floor)",
wall of tile 001E20 (room 0x35),door 0x1c8b84 (preset 0x0075),37.510,no,"the line between them leaves the walkable area (a wall's thickness, or another floor)",
wall of tile 001E20 (room 0x35),door 0x1c8b84 (preset 0x0075),37.510,no,"the line between them leaves the walkable area (a wall's thickness, or another floor)",
wall of tile 001E20 (room 0x35),door 0x1c8b84 (preset 0x0075),30.432,no,"the line between them leaves the walkable area (a wall's thickness, or another floor)",
wall of tile 001E20 (room 0x35),door 0x1c8b84 (preset 0x0075),30.432,no,"the line between them leaves the walkable area (a wall's thickness, or another floor)",
wall of tile 001F20 (room 0x35),wall of tile 02C120 (room 0x37),39.785,no,"the line between them leaves the walkable area (a wall's thickness, or another floor)",
wall of tile 001F20 (room 0x35),wall of tile 102521 (room 0x37),26.523,no,"the line between them leaves the walkable area (a wall's thickness, or another floor)",
wall of tile 001F20 (room 0x35),wall of tile 102522 (room 0x37),26.523,no,"the line between them leaves the walkable area (a wall's thickness, or another floor)",
wall of tile 001F20 (room 0x35),door 0x1c8b84 (preset 0x0075),59.308,no,"the line between them leaves the walkable area (a wall's thickness, or another floor)",
wall of tile 001F20 (room 0x35),door 0x1c8b84 (preset 0x0075),59.308,no,"the line between them leaves the walkable area (a wall's thickness, or another floor)",
wall of tile 001F20 (room 0x35),door 0x1c8b84 (preset 0x0075),49.204,no,"the line between them leaves the walkable area (a wall's thickness, or another floor)",
wall of tile 001F20 (room 0x35),door 0x1c8b84 (preset 0x0075),49.204,no,"the line between them leaves the walkable area (a wall's thickness, or another floor)",
wall of tile 002320 (room 0x35),wall of tile 002420 (room 0x35),13.262,no,the line between them touches another wall,wall of tile 002220 (room 0x35)
wall of tile 002320 (room 0x35),wall of tile 002520 (room 0x35),29.654,no,"the line between them leaves the walkable area (a wall's thickness, or another floor)",
wall of tile 002320 (room 0x35),wall of tile 02C120 (room 0x37),39.785,no,"the line between them leaves the walkable area (a wall's thickness, or another floor)",
wall of tile 002320 (room 0x35),wall of tile 102521 (room 0x37),26.523,no,"the line between them leaves the walkable area (a wall's thickness, or another floor)",
wall of tile 002320 (room 0x35),wall of tile 102522 (room 0x37),26.523,no,"the line between them leaves the walkable area (a wall's thickness, or another floor)",
wall of tile 002320 (room 0x35),wall of tile 02C420 (room 0x37),26.523,no,"the line between them leaves the walkable area (a wall's thickness, or another floor)",
wall of tile 002320 (room 0x35),wall of tile 102422 (room 0x37),39.785,no,"the line between them leaves the walkable area (a wall's thickness, or another floor)",
wall of tile 002320 (room 0x35),wall of tile 102421 (room 0x37),47.816,no,"the line between them leaves the walkable area (a wall's thickness, or another floor)",
wall of tile 002320 (room 0x35),door 0x1c8b84 (preset 0x0075),57.449,no,"the line between them leaves the walkable area (a wall's thickness, or another floor)",
wall of tile 002320 (room 0x35),door 0x1c8b84 (preset 0x0075),57.449,no,"the line between them leaves the walkable area (a wall's thickness, or another floor)",
wall of tile 002220 (room 0x35),wall of tile 002520 (room 0x35),26.523,no,the line between them touches another wall,wall of tile 002420 (room 0x35)
wall of tile 002220 (room 0x35),wall of tile 102522 (room 0x37),26.523,no,"the line between them leaves the walkable area (a wall's thickness, or another floor)",
wall of tile 002220 (room 0x35),wall of tile 02C420 (room 0x37),26.523,no,"the line between them leaves the walkable area (a wall's thickness, or another floor)",
wall of tile 002220 (room 0x35),wall of tile 102422 (room 0x37),39.785,no,"the line between them leaves the walkable area (a wall's thickness, or another floor)",
wall of tile 002220 (room 0x35),wall of tile 102421 (room 0x37),47.816,no,"the line between them leaves the walkable area (a wall's thickness, or another floor)",
wall of tile 002420 (room 0x35),wall of tile 102522 (room 0x37),39.785,no,"the line between them leaves the walkable area (a wall's thickness, or another floor)",
wall of tile 002420 (room 0x35),wall of tile 02C420 (room 0x37),39.785,no,"the line between them leaves the walkable area (a wall's thickness, or another floor)",
wall of tile 002420 (room 0x35),wall of tile 102422 (room 0x37),53.047,no,"the line between them leaves the walkable area (a wall's thickness, or another floor)",
wall of tile 002420 (room 0x35),wall of tile 102421 (room 0x37),53.047,no,"the line between them leaves the walkable area (a wall's thickness, or another floor)",
wall of tile 002520 (room 0x35),wall of tile 102522 (room 0x37),47.816,no,"the line between them leaves the walkable area (a wall's thickness, or another floor)",
wall of tile 002520 (room 0x35),wall of tile 02C420 (room 0x37),47.816,no,"the line between them leaves the walkable area (a wall's thickness, or another floor)",
wall of tile 002520 (room 0x35),wall of tile 102422 (room 0x37),53.047,no,"the line between them leaves the walkable area (a wall's thickness, or another floor)",
wall of tile 002520 (room 0x35),wall of tile 102421 (room 0x37),53.047,no,"the line between them leaves the walkable area (a wall's thickness, or another floor)",
wall of tile 002720 (room 0x35),wall of tile 002920 (room 0x35),39.785,no,the line between them touches another wall,wall of tile 002820 (room 0x35)
wall of tile 002720 (room 0x35),wall of tile 0F9422 (room 0x34),56.265,no,"the line between them leaves the walkable area (a wall's thickness, or another floor)",
wall of tile 002820 (room 0x35),wall of tile 0F9422 (room 0x34),56.265,no,"the line between them leaves the walkable area (a wall's thickness, or another floor)",
wall of tile 002920 (room 0x35),door 0x1c8b84 (preset 0x0075),19.961,no,"the line between them leaves the walkable area (a wall's thickness, or another floor)",
wall of tile 002920 (room 0x35),door 0x1c8b84 (preset 0x0075),19.961,no,"the line between them leaves the walkable area (a wall's thickness, or another floor)",
wall of tile 002920 (room 0x35),door 0x1c8b84 (preset 0x0075),29.654,no,"the line between them leaves the walkable area (a wall's thickness, or another floor)",
wall of tile 002920 (room 0x35),door 0x1c8b84 (preset 0x0075),19.961,no,"the line between them leaves the walkable area (a wall's thickness, or another floor)",
wall of tile 001B20 (room 0x35),door 0x1c8b84 (preset 0x0075),13.364,no,"the line between them leaves the walkable area (a wall's thickness, or another floor)",
wall of tile 001B20 (room 0x35),door 0x1c8b84 (preset 0x0075),13.365,no,"the line between them leaves the walkable area (a wall's thickness, or another floor)",
wall of tile 001B20 (room 0x35),door 0x1c8b84 (preset 0x0075),18.755,no,"the line between them leaves the walkable area (a wall's thickness, or another floor)",
wall of tile 001B20 (room 0x35),door 0x1c8b84 (preset 0x0075),13.364,no,"the line between them leaves the walkable area (a wall's thickness, or another floor)",
wall of tile 0F9222 (room 0x36),door 0x1c8b84 (preset 0x0075),26.523,no,"another wall pokes into the space between them, so a tighter pair covers this gap",wall of tile 02BA20 (room 0x36)
wall of tile 0F9222 (room 0x36),door 0x1c8b84 (preset 0x0075),26.523,no,"another wall pokes into the space between them, so a tighter pair covers this gap",wall of tile 02BA20 (room 0x36)
wall of tile 0F9222 (room 0x36),door 0x1c8b84 (preset 0x0075),26.523,no,"another wall pokes into the space between them, so a tighter pair covers this gap",wall of tile 0F8B21 (room 0x35)
wall of tile 0F9222 (room 0x36),door 0x1c8b84 (preset 0x0075),38.127,no,"another wall pokes into the space between them, so a tighter pair covers this gap",wall of tile 0F8B21 (room 0x35)
wall of tile 02C120 (room 0x37),wall of tile 102522 (room 0x37),13.262,no,the line between them touches another wall,wall of tile 102521 (room 0x37)
wall of tile 102522 (room 0x37),wall of tile 102422 (room 0x37),13.262,no,the line between them touches another wall,wall of tile 02C420 (room 0x37)
wall of tile 102522 (room 0x37),wall of tile 102421 (room 0x37),29.654,no,"the line between them leaves the walkable area (a wall's thickness, or another floor)",
wall of tile 02C420 (room 0x37),wall of tile 102421 (room 0x37),26.523,no,the line between them touches another wall,wall of tile 102422 (room 0x37)
wall of tile 102421 (room 0x37),wall of tile 102B21 (room 0x37),26.523,no,the line between them touches another wall,wall of tile 02C820 (room 0x37)
wall of tile 102421 (room 0x37),wall of tile 102C21 (room 0x37),47.816,no,"the line between them leaves the walkable area (a wall's thickness, or another floor)",
wall of tile 02C820 (room 0x37),wall of tile 102C21 (room 0x37),39.785,no,the line between them touches another wall,wall of tile 102B21 (room 0x37)
wall of tile 102B21 (room 0x37),wall of tile 02CB20 (room 0x37),39.785,no,the line between them touches another wall,wall of tile 102C21 (room 0x37)
wall of tile 102B21 (room 0x37),wall of tile 02CC20 (room 0x37),47.816,no,"the line between them leaves the walkable area (a wall's thickness, or another floor)",
wall of tile 102C21 (room 0x37),wall of tile 02CC20 (room 0x37),26.523,no,the line between them touches another wall,wall of tile 02CB20 (room 0x37)
wall of tile 02CC20 (room 0x37),wall of tile 102622 (room 0x37),26.523,no,the line between them touches another wall,wall of tile 02CD20 (room 0x37)
wall of tile 02CC20 (room 0x37),wall of tile 102621 (room 0x37),37.510,no,"the line between them leaves the walkable area (a wall's thickness, or another floor)",
wall of tile 02CD20 (room 0x37),wall of tile 102621 (room 0x37),26.523,no,the line between them touches another wall,wall of tile 102622 (room 0x37)
wall of tile 102621 (room 0x37),wall of tile 02D120 (room 0x37),26.523,no,the line between them touches another wall,wall of tile 02D020 (room 0x37)
wall of tile 02D120 (room 0x37),wall of tile 102721 (room 0x37),26.523,no,the line between them touches another wall,wall of tile 02D320 (room 0x37)
wall of tile 102721 (room 0x37),wall of tile 02D620 (room 0x37),26.523,no,the line between them touches another wall,wall of tile 102722 (room 0x37)
wall of tile 102721 (room 0x37),wall of tile 02D720 (room 0x37),29.654,no,"the line between them leaves the walkable area (a wall's thickness, or another floor)",
wall of tile 102721 (room 0x37),wall of tile 049820 (room 0x38),53.876,no,"the line between them leaves the walkable area (a wall's thickness, or another floor)",
wall of tile 102722 (room 0x37),wall of tile 02D720 (room 0x37),13.262,no,the line between them touches another wall,wall of tile 02D620 (room 0x37)
wall of tile 102722 (room 0x37),wall of tile 049920 (room 0x38),53.876,no,"the line between them leaves the walkable area (a wall's thickness, or another floor)",
wall of tile 102722 (room 0x37),wall of tile 049820 (room 0x38),53.876,no,"the line between them leaves the walkable area (a wall's thickness, or another floor)",
wall of tile 02D620 (room 0x37),wall of tile 049920 (room 0x38),40.614,no,"the line between them leaves the walkable area (a wall's thickness, or another floor)",
wall of tile 02D620 (room 0x37),wall of tile 049820 (room 0x38),40.614,no,"the line between them leaves the walkable area (a wall's thickness, or another floor)",
wall of tile 02D720 (room 0x37),wall of tile 02E520 (room 0x37),13.262,no,the line between them touches another wall,wall of tile 102822 (room 0x37)
wall of tile 02D720 (room 0x37),wall of tile 0F8821 (room 0x38),18.755,no,"another wall pokes into the space between them, so a tighter pair covers this gap",wall of tile 102822 (room 0x37)
wall of tile 02D720 (room 0x37),wall of tile 049C20 (room 0x38),27.352,no,"the line between them leaves the walkable area (a wall's thickness, or another floor)",
wall of tile 02D720 (room 0x37),wall of tile 049B20 (room 0x38),27.352,no,"the line between them leaves the walkable area (a wall's thickness, or another floor)",
wall of tile 02D720 (room 0x37),wall of tile 049920 (room 0x38),40.614,no,"the line between them leaves the walkable area (a wall's thickness, or another floor)",
wall of tile 02D720 (room 0x37),wall of tile 049820 (room 0x38),40.614,no,"the line between them leaves the walkable area (a wall's thickness, or another floor)",
wall of tile 02D720 (room 0x37),door 0x1c8c84 (preset 0x0076),28.181,no,"the line between them leaves the walkable area (a wall's thickness, or another floor)",
wall of tile 02D720 (room 0x37),door 0x1c8c84 (preset 0x0076),28.181,no,"the line between them leaves the walkable area (a wall's thickness, or another floor)",
wall of tile 02D720 (room 0x37),door 0x1c8c84 (preset 0x0076),18.755,no,"another wall pokes into the space between them, so a tighter pair covers this gap",wall of tile 102822 (room 0x37)
wall of tile 02D720 (room 0x37),door 0x1c8c84 (preset 0x0076),18.755,no,"another wall pokes into the space between them, so a tighter pair covers this gap",wall of tile 102822 (room 0x37)
wall of tile 102822 (room 0x37),wall of tile 0F8821 (room 0x38),13.262,no,the line between them touches another wall,wall of tile 02E520 (room 0x37)
wall of tile 102822 (room 0x37),wall of tile 049C20 (room 0x38),14.091,no,"the line between them leaves the walkable area (a wall's thickness, or another floor)",
wall of tile 102822 (room 0x37),wall of tile 049B20 (room 0x38),14.091,no,"the line between them leaves the walkable area (a wall's thickness, or another floor)",
wall of tile 102822 (room 0x37),wall of tile 049920 (room 0x38),27.352,no,"the line between them leaves the walkable area (a wall's thickness, or another floor)",
wall of tile 102822 (room 0x37),door 0x1c8c84 (preset 0x0076),17.622,no,"the line between them leaves the walkable area (a wall's thickness, or another floor)",
wall of tile 102822 (room 0x37),door 0x1c8c84 (preset 0x0076),17.622,no,"the line between them leaves the walkable area (a wall's thickness, or another floor)",
wall of tile 102822 (room 0x37),door 0x1c8c84 (preset 0x0076),13.262,no,"another wall pokes into the space between them, so a tighter pair covers this gap",wall of tile 0F8821 (room 0x38)
wall of tile 102822 (room 0x37),door 0x1c8c84 (preset 0x0076),13.262,no,"another wall pokes into the space between them, so a tighter pair covers this gap",wall of tile 0F8821 (room 0x38)
wall of tile 02E520 (room 0x37),wall of tile 049C20 (room 0x38),14.091,no,"the line between them leaves the walkable area (a wall's thickness, or another floor)",
wall of tile 02E520 (room 0x37),wall of tile 049B20 (room 0x38),14.091,no,"the line between them leaves the walkable area (a wall's thickness, or another floor)",
wall of tile 02E520 (room 0x37),wall of tile 049920 (room 0x38),27.352,no,"the line between them leaves the walkable area (a wall's thickness, or another floor)",
wall of tile 02E520 (room 0x37),door 0x1c8c84 (preset 0x0076),11.604,no,"another wall pokes into the space between them, so a tighter pair covers this gap",wall of tile 0F8821 (room 0x38)
wall of tile 02E520 (room 0x37),door 0x1c8c84 (preset 0x0076),11.604,no,"another wall pokes into the space between them, so a tighter pair covers this gap",wall of tile 0F8821 (room 0x38)
wall of tile 02E520 (room 0x37),door 0x1c8c84 (preset 0x0076),0.000,yes,,
wall of tile 02E520 (room 0x37),door 0x1c8c84 (preset 0x0076),0.000,no,"another wall pokes into the space between them, so a tighter pair covers this gap",door 0x1c8c84 (preset 0x0076)
wall of tile 02E520 (room 0x37),wall of tile 049D20 (room 0x38),14.091,no,the line between them touches another wall,wall of tile 0F8822 (room 0x38)
wall of tile 02E520 (room 0x37),wall of tile 04A020 (room 0x38),55.484,no,"the line between them leaves the walkable area (a wall's thickness, or another floor)",
wall of tile 02E520 (room 0x37),wall of tile 049F20 (room 0x38),30.398,no,"the line between them leaves the walkable area (a wall's thickness, or another floor)",
wall of tile 02E520 (room 0x37),wall of tile 049E20 (room 0x38),27.352,no,the line between them touches another wall,wall of tile 0F8822 (room 0x38)
wall of tile 02E520 (room 0x37),door 0x1c8c84 (preset 0x0076),0.000,no,"the line between them leaves the walkable area (a wall's thickness, or another floor)",
wall of tile 02E520 (room 0x37),door 0x1c8c84 (preset 0x0076),0.000,no,"the line between them leaves the walkable area (a wall's thickness, or another floor)",
wall of tile 02E520 (room 0x37),door 0x1c8c84 (preset 0x0076),11.604,no,the line between them touches another wall,door 0x1c8c84 (preset 0x0076)
wall of tile 02E620 (room 0x37),wall of tile 0F8822 (room 0x38),26.523,no,the line between them touches another wall,wall of tile 02E520 (room 0x37)
wall of tile 02E620 (room 0x37),wall of tile 049D20 (room 0x38),40.614,no,the line between them touches another wall,wall of tile 0F8822 (room 0x38)
wall of tile 02E620 (room 0x37),wall of tile 049F20 (room 0x38),53.876,no,"the line between them leaves the walkable area (a wall's thickness, or another floor)",
wall of tile 02E620 (room 0x37),wall of tile 049E20 (room 0x38),53.876,no,"the line between them leaves the walkable area (a wall's thickness, or another floor)",
wall of tile 02E620 (room 0x37),door 0x1c8c84 (preset 0x0076),26.523,no,"the line between them leaves the walkable area (a wall's thickness, or another floor)",
wall of tile 02E620 (room 0x37),door 0x1c8c84 (preset 0x0076),26.523,no,"the line between them leaves the walkable area (a wall's thickness, or another floor)",
wall of tile 02E620 (room 0x37),door 0x1c8c84 (preset 0x0076),38.128,no,the line between them touches another wall,door 0x1c8c84 (preset 0x0076)
wall of tile 02E620 (room 0x37),door 0x1c8c84 (preset 0x0076),26.523,no,"another wall pokes into the space between them, so a tighter pair covers this gap",wall of tile 02E520 (room 0x37)
wall of tile 02EB20 (room 0x3a),wall of tile 0F8A21 (room 0x39),26.523,no,the line between them touches another wall,wall of tile 02EC20 (room 0x3a)
wall of tile 02EB20 (room 0x3a),wall of tile 055E20 (room 0x39),39.785,no,the line between them touches another wall,wall of tile 02EC20 (room 0x3a)
wall of tile 02EB20 (room 0x3a),wall of tile 055F20 (room 0x39),53.047,no,"the line between them leaves the walkable area (a wall's thickness, or another floor)",
wall of tile 02EB20 (room 0x3a),wall of tile 056020 (room 0x39),53.047,no,"the line between them leaves the walkable area (a wall's thickness, or another floor)",
wall of tile 02EB20 (room 0x3a),door 0x1c8d84 (preset 0x0077),39.785,no,"another wall pokes into the space between them, so a tighter pair covers this gap",wall of tile 02EC20 (room 0x3a)
wall of tile 02EB20 (room 0x3a),door 0x1c8d84 (preset 0x0077),28.181,no,"another wall pokes into the space between them, so a tighter pair covers this gap",wall of tile 02EC20 (room 0x3a)
wall of tile 02EB20 (room 0x3a),door 0x1c8d84 (preset 0x0077),28.181,no,"another wall pokes into the space between them, so a tighter pair covers this gap",wall of tile 02EC20 (room 0x3a)
wall of tile 02EC20 (room 0x3a),wall of tile 055E20 (room 0x39),13.262,no,the line between them touches another wall,wall of tile 0F8A21 (room 0x39)
wall of tile 02EC20 (room 0x3a),wall of tile 055F20 (room 0x39),26.523,no,the line between them touches another wall,wall of tile 0F8A21 (room 0x39)
wall of tile 02EC20 (room 0x3a),wall of tile 056020 (room 0x39),37.510,no,"the line between them leaves the walkable area (a wall's thickness, or another floor)",
wall of tile 02EC20 (room 0x3a),wall of tile 055820 (room 0x39),59.308,no,"the line between them leaves the walkable area (a wall's thickness, or another floor)",
wall of tile 02EC20 (room 0x3a),door 0x1c8d84 (preset 0x0077),13.261,no,"another wall pokes into the space between them, so a tighter pair covers this gap",wall of tile 0F8A21 (room 0x39)
wall of tile 02EC20 (room 0x3a),door 0x1c8d84 (preset 0x0077),1.658,no,"another wall pokes into the space between them, so a tighter pair covers this gap",wall of tile 0F8A21 (room 0x39)
wall of tile 02EC20 (room 0x3a),door 0x1c8d84 (preset 0x0077),1.658,no,"another wall pokes into the space between them, so a tighter pair covers this gap",wall of tile 0F8A21 (room 0x39)
wall of tile 02EE20 (room 0x3a),wall of tile 055D20 (room 0x39),13.262,no,"the line between them leaves the walkable area (a wall's thickness, or another floor)",
wall of tile 02EE20 (room 0x3a),wall of tile 055C20 (room 0x39),13.262,no,"the line between them leaves the walkable area (a wall's thickness, or another floor)",
wall of tile 02EE20 (room 0x3a),wall of tile 055B20 (room 0x39),26.523,no,"the line between them leaves the walkable area (a wall's thickness, or another floor)",
wall of tile 02EE20 (room 0x3a),wall of tile 02F420 (room 0x3a),13.262,no,the line between them touches another wall,wall of tile 02EE20 (room 0x3a)
wall of tile 02EE20 (room 0x3a),door 0x1c8d84 (preset 0x0077),13.261,no,"another wall pokes into the space between them, so a tighter pair covers this gap",wall of tile 0F8A22 (room 0x39)
wall of tile 02EE20 (room 0x3a),door 0x1c8d84 (preset 0x0077),1.658,no,"another wall pokes into the space between them, so a tighter pair covers this gap",wall of tile 0F8A22 (room 0x39)
wall of tile 02EE20 (room 0x3a),door 0x1c8d84 (preset 0x0077),1.658,no,"another wall pokes into the space between them, so a tighter pair covers this gap",wall of tile 0F8A22 (room 0x39)
wall of tile 02EE20 (room 0x3a),wall of tile 0F8A22 (room 0x39),13.262,no,the line between them touches another wall,wall of tile 02EE20 (room 0x3a)
wall of tile 02EE20 (room 0x3a),wall of tile 055D20 (room 0x39),13.262,no,"the line between them leaves the walkable area (a wall's thickness, or another floor)",
wall of tile 02EE20 (room 0x3a),wall of tile 055C20 (room 0x39),13.262,no,"the line between them leaves the walkable area (a wall's thickness, or another floor)",
wall of tile 02EE20 (room 0x3a),wall of tile 055B20 (room 0x39),26.523,no,"the line between them leaves the walkable area (a wall's thickness, or another floor)",
wall of tile 02EE20 (room 0x3a),door 0x1c8d84 (preset 0x0077),18.755,no,"the line between them leaves the walkable area (a wall's thickness, or another floor)",
wall of tile 02EE20 (room 0x3a),door 0x1c8d84 (preset 0x0077),13.365,no,"the line between them leaves the walkable area (a wall's thickness, or another floor)",
wall of tile 02EE20 (room 0x3a),door 0x1c8d84 (preset 0x0077),13.365,no,"the line between them leaves the walkable area (a wall's thickness, or another floor)",
wall of tile 0F8A21 (room 0x39),wall of tile 055F20 (room 0x39),13.262,no,the line between them touches another wall,wall of tile 055E20 (room 0x39)
wall of tile 0F8A21 (room 0x39),wall of tile 056020 (room 0x39),29.654,no,"the line between them leaves the walkable area (a wall's thickness, or another floor)",
wall of tile 0F8A21 (room 0x39),wall of tile 055820 (room 0x39),47.816,no,"the line between them leaves the walkable area (a wall's thickness, or another floor)",
wall of tile 0F8A21 (room 0x39),door 0x1c8d84 (preset 0x0077),0.000,yes,,
wall of tile 0F8A21 (room 0x39),door 0x1c8d84 (preset 0x0077),0.000,yes,,
wall of tile 0F8A21 (room 0x39),door 0x1c8d84 (preset 0x0077),0.000,yes,,
wall of tile 0F8A22 (room 0x39),wall of tile 055C20 (room 0x39),13.262,no,the line between them touches another wall,wall of tile 055D20 (room 0x39)
wall of tile 0F8A22 (room 0x39),wall of tile 055B20 (room 0x39),18.755,no,"another wall pokes into the space between them, so a tighter pair covers this gap",wall of tile 055D20 (room 0x39)
wall of tile 0F8A22 (room 0x39),wall of tile 02F420 (room 0x3a),18.755,no,"another wall pokes into the space between them, so a tighter pair covers this gap",wall of tile 02EE20 (room 0x3a)
wall of tile 0F8A22 (room 0x39),door 0x1c8d84 (preset 0x0077),0.000,yes,,
wall of tile 0F8A22 (room 0x39),door 0x1c8d84 (preset 0x0077),0.000,yes,,
wall of tile 0F8A22 (room 0x39),door 0x1c8d84 (preset 0x0077),0.000,yes,,
wall of tile 055D20 (room 0x39),wall of tile 055B20 (room 0x39),13.262,no,the line between them touches another wall,wall of tile 055C20 (room 0x39)
wall of tile 055D20 (room 0x39),wall of tile 02F420 (room 0x3a),26.523,no,"the line between them leaves the walkable area (a wall's thickness, or another floor)",
wall of tile 055D20 (room 0x39),door 0x1c8d84 (preset 0x0077),0.001,no,"another wall pokes into the space between them, so a tighter pair covers this gap",wall of tile 0F8A22 (room 0x39)
wall of tile 055D20 (room 0x39),door 0x1c8d84 (preset 0x0077),0.001,no,"another wall pokes into the space between them, so a tighter pair covers this gap",wall of tile 0F8A22 (room 0x39)
wall of tile 055D20 (room 0x39),door 0x1c8d84 (preset 0x0077),11.604,no,"another wall pokes into the space between them, so a tighter pair covers this gap",wall of tile 0F8A22 (room 0x39)
wall of tile 055C20 (room 0x39),wall of tile 02F420 (room 0x3a),26.523,no,"the line between them leaves the walkable area (a wall's thickness, or another floor)",
wall of tile 055C20 (room 0x39),door 0x1c8d84 (preset 0x0077),13.262,no,"the line between them leaves the walkable area (a wall's thickness, or another floor)",
wall of tile 055C20 (room 0x39),door 0x1c8d84 (preset 0x0077),13.262,no,"the line between them leaves the walkable area (a wall's thickness, or another floor)",
wall of tile 055C20 (room 0x39),door 0x1c8d84 (preset 0x0077),17.622,no,"the line between them leaves the walkable area (a wall's thickness, or another floor)",
wall of tile 055E20 (room 0x39),wall of tile 056020 (room 0x39),26.523,no,the line between them touches another wall,wall of tile 055F20 (room 0x39)
wall of tile 055E20 (room 0x39),wall of tile 055820 (room 0x39),37.510,no,"another wall pokes into the space between them, so a tighter pair covers this gap",wall of tile 056020 (room 0x39)
wall of tile 055E20 (room 0x39),door 0x1c8d84 (preset 0x0077),0.001,no,"another wall pokes into the space between them, so a tighter pair covers this gap",wall of tile 0F8A21 (room 0x39)
wall of tile 055E20 (room 0x39),door 0x1c8d84 (preset 0x0077),11.604,no,"another wall pokes into the space between them, so a tighter pair covers this gap",wall of tile 0F8A21 (room 0x39)
wall of tile 055E20 (room 0x39),door 0x1c8d84 (preset 0x0077),0.001,no,"another wall pokes into the space between them, so a tighter pair covers this gap",wall of tile 0F8A21 (room 0x39)
wall of tile 055F20 (room 0x39),wall of tile 055820 (room 0x39),26.523,no,the line between them touches another wall,wall of tile 056020 (room 0x39)
wall of tile 055F20 (room 0x39),wall of tile 10A522 (room 0x36),53.876,no,"the line between them leaves the walkable area (a wall's thickness, or another floor)",
wall of tile 055F20 (room 0x39),wall of tile 02BC20 (room 0x36),48.508,no,"the line between them leaves the walkable area (a wall's thickness, or another floor)",
wall of tile 055F20 (room 0x39),wall of tile 10A922 (room 0x36),48.508,no,"the line between them leaves the walkable area (a wall's thickness, or another floor)",
wall of tile 055F20 (room 0x39),door 0x1c8d84 (preset 0x0077),13.262,no,"another wall pokes into the space between them, so a tighter pair covers this gap",wall of tile 055E20 (room 0x39)
wall of tile 055F20 (room 0x39),door 0x1c8d84 (preset 0x0077),24.866,no,"another wall pokes into the space between them, so a tighter pair covers this gap",wall of tile 055E20 (room 0x39)
wall of tile 055F20 (room 0x39),door 0x1c8d84 (preset 0x0077),13.262,no,"another wall pokes into the space between them, so a tighter pair covers this gap",wall of tile 055E20 (room 0x39)
wall of tile 056020 (room 0x39),wall of tile 10A522 (room 0x36),53.876,no,"the line between them leaves the walkable area (a wall's thickness, or another floor)",
wall of tile 056020 (room 0x39),wall of tile 02BC20 (room 0x36),40.614,no,"the line between them leaves the walkable area (a wall's thickness, or another floor)",
wall of tile 056020 (room 0x39),wall of tile 10A922 (room 0x36),40.614,no,"the line between them leaves the walkable area (a wall's thickness, or another floor)",
wall of tile 056020 (room 0x39),door 0x1c8d84 (preset 0x0077),29.654,no,"the line between them leaves the walkable area (a wall's thickness, or another floor)",
wall of tile 056020 (room 0x39),door 0x1c8d84 (preset 0x0077),36.357,no,"the line between them leaves the walkable area (a wall's thickness, or another floor)",
wall of tile 056020 (room 0x39),door 0x1c8d84 (preset 0x0077),29.654,no,"the line between them leaves the walkable area (a wall's thickness, or another floor)",
wall of tile 055820 (room 0x39),wall of tile 10A522 (room 0x36),53.876,no,"the line between them leaves the walkable area (a wall's thickness, or another floor)",
wall of tile 055820 (room 0x39),wall of tile 02BC20 (room 0x36),40.614,no,"the line between them leaves the walkable area (a wall's thickness, or another floor)",
wall of tile 055820 (room 0x39),wall of tile 10A922 (room 0x36),40.614,no,"the line between them leaves the walkable area (a wall's thickness, or another floor)",
wall of tile 055820 (room 0x39),door 0x1c8d84 (preset 0x0077),47.816,no,"the line between them leaves the walkable area (a wall's thickness, or another floor)",
wall of tile 055820 (room 0x39),door 0x1c8d84 (preset 0x0077),57.830,no,"the line between them leaves the walkable area (a wall's thickness, or another floor)",
wall of tile 055820 (room 0x39),door 0x1c8d84 (preset 0x0077),47.816,no,"the line between them leaves the walkable area (a wall's thickness, or another floor)",
wall of tile 054A20 (room 0x39),wall of tile 054720 (room 0x39),13.262,no,the line between them touches another wall,wall of tile 054820 (room 0x39)
wall of tile 054A20 (room 0x39),wall of tile 10A922 (room 0x36),40.614,no,"the line between them leaves the walkable area (a wall's thickness, or another floor)",
wall of tile 055720 (room 0x39),wall of tile 055420 (room 0x39),13.262,no,the line between them touches another wall,wall of tile 055520 (room 0x39)
wall of tile 055720 (room 0x39),wall of tile 02F420 (room 0x3a),39.785,no,"the line between them leaves the walkable area (a wall's thickness, or another floor)",
wall of tile 055720 (room 0x39),wall of tile 02F520 (room 0x3a),39.785,no,"the line between them leaves the walkable area (a wall's thickness, or another floor)",
wall of tile 055720 (room 0x39),wall of tile 0FB321 (room 0x3a),53.047,no,"the line between them leaves the walkable area (a wall's thickness, or another floor)",
wall of tile 055720 (room 0x39),wall of tile 02FB20 (room 0x3b),39.785,no,"the line between them leaves the walkable area (a wall's thickness, or another floor)",
wall of tile 055720 (room 0x39),wall of tile 02FE20 (room 0x3b),39.785,no,"the line between them leaves the walkable area (a wall's thickness, or another floor)",
wall of tile 055520 (room 0x39),wall of tile 0FB321 (room 0x3a),39.785,no,"the line between them leaves the walkable area (a wall's thickness, or another floor)",
wall of tile 055520 (room 0x39),wall of tile 02FB20 (room 0x3b),26.523,no,"the line between them leaves the walkable area (a wall's thickness, or another floor)",
wall of tile 055520 (room 0x39),wall of tile 02FE20 (room 0x3b),26.523,no,"the line between them leaves the walkable area (a wall's thickness, or another floor)",
wall of tile 054C20 (room 0x39),wall of tile 053C20 (room 0x39),13.262,no,the line between them touches another wall,wall of tile 053D20 (room 0x39)
wall of tile 054C20 (room 0x39),wall of tile 054F20 (room 0x39),13.262,no,the line between them touches another wall,wall of tile 054E20 (room 0x39)
wall of tile 053F20 (room 0x39),wall of tile 054220 (room 0x39),13.262,no,the line between them touches another wall,wall of tile 054120 (room 0x39)
wall of tile 053F20 (room 0x39),wall of tile 053820 (room 0x39),13.262,no,the line between them touches another wall,wall of tile 053920 (room 0x39)
wall of tile 054220 (room 0x39),wall of tile 054420 (room 0x39),13.262,no,the line between them touches another wall,wall of tile 054320 (room 0x39)
wall of tile 054220 (room 0x39),wall of tile 054520 (room 0x39),29.654,no,"the line between them leaves the walkable area (a wall's thickness, or another floor)",
wall of tile 054220 (room 0x39),wall of tile 054620 (room 0x39),47.816,no,"the line between them leaves the walkable area (a wall's thickness, or another floor)",
wall of tile 054220 (room 0x39),wall of tile 054720 (room 0x39),56.265,no,"the line between them leaves the walkable area (a wall's thickness, or another floor)",
wall of tile 054320 (room 0x39),wall of tile 054520 (room 0x39),26.523,no,the line between them touches another wall,wall of tile 054420 (room 0x39)
wall of tile 054320 (room 0x39),wall of tile 054620 (room 0x39),37.510,no,"another wall pokes into the space between them, so a tighter pair covers this gap",wall of tile 054520 (room 0x39)
wall of tile 054320 (room 0x39),wall of tile 054720 (room 0x39),47.816,no,"the line between them leaves the walkable area (a wall's thickness, or another floor)",
wall of tile 054420 (room 0x39),wall of tile 054620 (room 0x39),26.523,no,the line between them touches another wall,wall of tile 054520 (room 0x39)
wall of tile 054420 (room 0x39),wall of tile 054720 (room 0x39),29.654,no,"the line between them leaves the walkable area (a wall's thickness, or another floor)",
wall of tile 054520 (room 0x39),wall of tile 054720 (room 0x39),13.262,no,the line between them touches another wall,wall of tile 054620 (room 0x39)
wall of tile 053820 (room 0x39),wall of tile 053620 (room 0x39),13.262,no,the line between them touches another wall,wall of tile 053720 (room 0x39)
wall of tile 053820 (room 0x39),wall of tile 053A20 (room 0x39),41.937,no,"the line between them leaves the walkable area (a wall's thickness, or another floor)",
wall of tile 053820 (room 0x39),wall of tile 053B20 (room 0x39),56.265,no,"the line between them leaves the walkable area (a wall's thickness, or another floor)",
wall of tile 053720 (room 0x39),wall of tile 053A20 (room 0x39),39.785,no,the line between them touches another wall,wall of tile 053620 (room 0x39)
wall of tile 053720 (room 0x39),wall of tile 053B20 (room 0x39),47.816,no,"another wall pokes into the space between them, so a tighter pair covers this gap",wall of tile 053A20 (room 0x39)
wall of tile 053720 (room 0x39),wall of tile 053C20 (room 0x39),59.308,no,"the line between them leaves the walkable area (a wall's thickness, or another floor)",
wall of tile 053620 (room 0x39),wall of tile 053B20 (room 0x39),26.523,no,the line between them touches another wall,wall of tile 053A20 (room 0x39)
wall of tile 053620 (room 0x39),wall of tile 053C20 (room 0x39),29.654,no,"the line between them leaves the walkable area (a wall's thickness, or another floor)",
wall of tile 053A20 (room 0x39),wall of tile 053C20 (room 0x39),13.262,no,the line between them touches another wall,wall of tile 053B20 (room 0x39)
wall of tile 054F20 (room 0x39),wall of tile 055120 (room 0x39),13.262,no,the line between them touches another wall,wall of tile 055020 (room 0x39)
wall of tile 054F20 (room 0x39),wall of tile 055220 (room 0x39),29.654,no,"the line between them leaves the walkable area (a wall's thickness, or another floor)",
wall of tile 054F20 (room 0x39),wall of tile 055320 (room 0x39),59.308,no,"the line between them leaves the walkable area (a wall's thickness, or another floor)",
wall of tile 055020 (room 0x39),wall of tile 055220 (room 0x39),26.523,no,the line between them touches another wall,wall of tile 055120 (room 0x39)
wall of tile 055020 (room 0x39),wall of tile 055320 (room 0x39),47.816,no,"another wall pokes into the space between them, so a tighter pair covers this gap",wall of tile 055220 (room 0x39)
wall of tile 055020 (room 0x39),wall of tile 055420 (room 0x39),56.265,no,"the line between them leaves the walkable area (a wall's thickness, or another floor)",
wall of tile 055120 (room 0x39),wall of tile 055320 (room 0x39),39.785,no,the line between them touches another wall,wall of tile 055220 (room 0x39)
wall of tile 055120 (room 0x39),wall of tile 055420 (room 0x39),41.937,no,"the line between them leaves the walkable area (a wall's thickness, or another floor)",
wall of tile 055120 (room 0x39),wall of tile 030120 (room 0x3b),53.047,no,"the line between them leaves the walkable area (a wall's thickness, or another floor)",
wall of tile 055120 (room 0x39),wall of tile 030020 (room 0x3b),53.047,no,"the line between them leaves the walkable area (a wall's thickness, or another floor)",
wall of tile 055120 (room 0x39),wall of tile 02FF20 (room 0x3b),56.265,no,"the line between them leaves the walkable area (a wall's thickness, or another floor)",
wall of tile 055120 (room 0x39),wall of tile 02FE20 (room 0x3b),56.265,no,"the line between them leaves the walkable area (a wall's thickness, or another floor)",
wall of tile 055220 (room 0x39),wall of tile 055420 (room 0x39),13.262,no,the line between them touches another wall,wall of tile 055320 (room 0x39)
wall of tile 055220 (room 0x39),wall of tile 030120 (room 0x3b),53.047,no,"the line between them leaves the walkable area (a wall's thickness, or another floor)",
wall of tile 055220 (room 0x39),wall of tile 030020 (room 0x3b),53.047,no,"the line between them leaves the walkable area (a wall's thickness, or another floor)",
wall of tile 055220 (room 0x39),wall of tile 02FF20 (room 0x3b),39.785,no,"the line between them leaves the walkable area (a wall's thickness, or another floor)",
wall of tile 055220 (room 0x39),wall of tile 02FE20 (room 0x3b),39.785,no,"the line between them leaves the walkable area (a wall's thickness, or another floor)",
wall of tile 055320 (room 0x39),wall of tile 030120 (room 0x3b),56.265,no,"the line between them leaves the walkable area (a wall's thickness, or another floor)",
wall of tile 055320 (room 0x39),wall of tile 030020 (room 0x3b),39.785,no,"the line between them leaves the walkable area (a wall's thickness, or another floor)",
wall of tile 055320 (room 0x39),wall of tile 02FF20 (room 0x3b),26.523,no,"the line between them leaves the walkable area (a wall's thickness, or another floor)",
wall of tile 055320 (room 0x39),wall of tile 02FE20 (room 0x3b),26.523,no,"the line between them leaves the walkable area (a wall's thickness, or another floor)",
wall of tile 055420 (room 0x39),wall of tile 0FB321 (room 0x3a),39.785,no,"the line between them leaves the walkable area (a wall's thickness, or another floor)",
wall of tile 055420 (room 0x39),wall of tile 02FB20 (room 0x3b),26.523,no,"the line between them leaves the walkable area (a wall's thickness, or another floor)",
wall of tile 055420 (room 0x39),wall of tile 030120 (room 0x3b),56.265,no,"the line between them leaves the walkable area (a wall's thickness, or another floor)",
wall of tile 055420 (room 0x39),wall of tile 030020 (room 0x3b),39.785,no,"the line between them leaves the walkable area (a wall's thickness, or another floor)",
wall of tile 055420 (room 0x39),wall of tile 02FF20 (room 0x3b),26.523,no,"the line between them leaves the walkable area (a wall's thickness, or another floor)",
wall of tile 055420 (room 0x39),wall of tile 02FE20 (room 0x3b),26.523,no,"the line between them leaves the walkable area (a wall's thickness, or another floor)",
wall of tile 055B20 (room 0x39),wall of tile 02F420 (room 0x3a),39.785,no,"the line between them leaves the walkable area (a wall's thickness, or another floor)",
wall of tile 055B20 (room 0x39),wall of tile 02F520 (room 0x3a),39.785,no,"the line between them leaves the walkable area (a wall's thickness, or another floor)",
wall of tile 055B20 (room 0x39),wall of tile 0FB321 (room 0x3a),53.047,no,"the line between them leaves the walkable area (a wall's thickness, or another floor)",
wall of tile 055B20 (room 0x39),door 0x1c8d84 (preset 0x0077),18.755,no,"the line between them leaves the walkable area (a wall's thickness, or another floor)",
wall of tile 055B20 (room 0x39),door 0x1c8d84 (preset 0x0077),18.755,no,"the line between them leaves the walkable area (a wall's thickness, or another floor)",
wall of tile 055B20 (room 0x39),door 0x1c8d84 (preset 0x0077),28.181,no,"the line between them leaves the walkable area (a wall's thickness, or another floor)",
wall of tile 02F420 (room 0x3a),wall of tile 0FB321 (room 0x3a),13.262,no,the line between them touches another wall,wall of tile 02F520 (room 0x3a)
wall of tile 02F420 (room 0x3a),door 0x1c8d84 (preset 0x0077),29.654,no,"the line between them leaves the walkable area (a wall's thickness, or another floor)",
wall of tile 02F420 (room 0x3a),door 0x1c8d84 (preset 0x0077),19.961,no,"the line between them leaves the walkable area (a wall's thickness, or another floor)",
wall of tile 02F420 (room 0x3a),door 0x1c8d84 (preset 0x0077),19.961,no,"the line between them leaves the walkable area (a wall's thickness, or another floor)",
wall of tile 0FB321 (room 0x3a),wall of tile 02FE20 (room 0x3b),13.262,no,the line between them touches another wall,wall of tile 02FB20 (room 0x3b)
wall of tile 02FA20 (room 0x3b),wall of tile 049220 (room 0x38),53.047,no,"the line between them leaves the walkable area (a wall's thickness, or another floor)",
wall of tile 02FA20 (room 0x3b),wall of tile 048E20 (room 0x38),39.785,no,"the line between them leaves the walkable area (a wall's thickness, or another floor)",
wall of tile 02FA20 (room 0x3b),wall of tile 048D20 (room 0x38),39.785,no,"the line between them leaves the walkable area (a wall's thickness, or another floor)",
wall of tile 0FB221 (room 0x3a),wall of tile 030720 (room 0x3b),13.262,no,the line between them touches another wall,wall of tile 02FA20 (room 0x3b)
wall of tile 0FB221 (room 0x3a),wall of tile 02F020 (room 0x3a),13.262,no,the line between them touches another wall,wall of tile 02F220 (room 0x3a)
wall of tile 0FB221 (room 0x3a),wall of tile 049320 (room 0x38),53.047,no,"the line between them leaves the walkable area (a wall's thickness, or another floor)",
wall of tile 0FB221 (room 0x3a),wall of tile 04A120 (room 0x38),53.047,no,"the line between them leaves the walkable area (a wall's thickness, or another floor)",
wall of tile 0FB221 (room 0x3a),wall of tile 048E20 (room 0x38),53.047,no,"the line between them leaves the walkable area (a wall's thickness, or another floor)",
wall of tile 0FB221 (room 0x3a),wall of tile 048D20 (room 0x38),53.047,no,"the line between them leaves the walkable area (a wall's thickness, or another floor)",
wall of tile 030720 (room 0x3b),wall of tile 030520 (room 0x3b),13.262,no,the line between them touches another wall,wall of tile 030620 (room 0x3b)
wall of tile 030720 (room 0x3b),wall of tile 030420 (room 0x3b),41.937,no,"the line between them leaves the walkable area (a wall's thickness, or another floor)",
wall of tile 030720 (room 0x3b),wall of tile 030920 (room 0x3b),56.265,no,"the line between them leaves the walkable area (a wall's thickness, or another floor)",
wall of tile 030720 (room 0x3b),wall of tile 049220 (room 0x38),53.047,no,"the line between them leaves the walkable area (a wall's thickness, or another floor)",
wall of tile 030720 (room 0x3b),wall of tile 048E20 (room 0x38),39.785,no,"the line between them leaves the walkable area (a wall's thickness, or another floor)",
wall of tile 030720 (room 0x3b),wall of tile 048B20 (room 0x38),53.047,no,"the line between them leaves the walkable area (a wall's thickness, or another floor)",
wall of tile 030720 (room 0x3b),wall of tile 048C20 (room 0x38),39.785,no,"the line between them leaves the walkable area (a wall's thickness, or another floor)",
wall of tile 030720 (room 0x3b),wall of tile 048D20 (room 0x38),39.785,no,"the line between them leaves the walkable area (a wall's thickness, or another floor)",
wall of tile 030620 (room 0x3b),wall of tile 030420 (room 0x3b),39.785,no,the line between them touches another wall,wall of tile 030520 (room 0x3b)
wall of tile 030620 (room 0x3b),wall of tile 030920 (room 0x3b),47.816,no,"another wall pokes into the space between them, so a tighter pair covers this gap",wall of tile 030520 (room 0x3b)
wall of tile 030620 (room 0x3b),wall of tile 048B20 (room 0x38),53.047,no,"the line between them leaves the walkable area (a wall's thickness, or another floor)",
wall of tile 030620 (room 0x3b),wall of tile 048C20 (room 0x38),39.785,no,"the line between them leaves the walkable area (a wall's thickness, or another floor)",
wall of tile 030620 (room 0x3b),wall of tile 048D20 (room 0x38),39.785,no,"the line between them leaves the walkable area (a wall's thickness, or another floor)",
wall of tile 030520 (room 0x3b),wall of tile 030920 (room 0x3b),26.523,no,the line between them touches another wall,wall of tile 030420 (room 0x3b)
wall of tile 030520 (room 0x3b),wall of tile 048C20 (room 0x38),53.047,no,"the line between them leaves the walkable area (a wall's thickness, or another floor)",
wall of tile 030520 (room 0x3b),wall of tile 048D20 (room 0x38),53.047,no,"the line between them leaves the walkable area (a wall's thickness, or another floor)",
wall of tile 030920 (room 0x3b),wall of tile 030D20 (room 0x3b),26.523,no,the line between them touches another wall,wall of tile 030C20 (room 0x3b)
wall of tile 030820 (room 0x3b),wall of tile 031520 (room 0x3c),53.876,no,"the line between them leaves the walkable area (a wall's thickness, or another floor)",
wall of tile 030820 (room 0x3b),wall of tile 031620 (room 0x3c),53.876,no,"the line between them leaves the walkable area (a wall's thickness, or another floor)",
wall of tile 030820 (room 0x3b),wall of tile 030020 (room 0x3b),27.352,no,the line between them touches another wall,wall of tile 030120 (room 0x3b)
wall of tile 030820 (room 0x3b),wall of tile 02FF20 (room 0x3b),48.281,no,"another wall pokes into the space between them, so a tighter pair covers this gap",wall of tile 030120 (room 0x3b)
wall of tile 030820 (room 0x3b),wall of tile 02FE20 (room 0x3b),56.854,no,"the line between them leaves the walkable area (a wall's thickness, or another floor)",
wall of tile 0FB722 (room 0x3b),wall of tile 031620 (room 0x3c),26.523,no,the line between them touches another wall,wall of tile 031520 (room 0x3c)
wall of tile 031620 (room 0x3c),wall of tile 031F20 (room 0x3d),26.523,no,the line between them touches another wall,wall of tile 031720 (room 0x3c)
wall of tile 031620 (room 0x3c),wall of tile 032020 (room 0x3d),53.047,no,"the line between them leaves the walkable area (a wall's thickness, or another floor)",
wall of tile 031620 (room 0x3c),wall of tile 032120 (room 0x3d),53.047,no,"the line between them leaves the walkable area (a wall's thickness, or another floor)",
wall of tile 031720 (room 0x3c),wall of tile 032020 (room 0x3d),53.047,no,"the line between them leaves the walkable area (a wall's thickness, or another floor)",
wall of tile 031720 (room 0x3c),wall of tile 032120 (room 0x3d),53.047,no,"the line between them leaves the walkable area (a wall's thickness, or another floor)",
wall of tile 031F20 (room 0x3d),wall of tile 032120 (room 0x3d),26.523,no,the line between them touches another wall,wall of tile 032020 (room 0x3d)
wall of tile 032120 (room 0x3d),wall of tile 032420 (room 0x3d),26.523,no,the line between them touches another wall,wall of tile 032320 (room 0x3d)
wall of tile 032120 (room 0x3d),wall of tile 032520 (room 0x3d),37.510,no,"the line between them leaves the walkable area (a wall's thickness, or another floor)",
wall of tile 032320 (room 0x3d),wall of tile 032520 (room 0x3d),26.523,no,the line between them touches another wall,wall of tile 032420 (room 0x3d)
wall of tile 032420 (room 0x3d),wall of tile 034920 (room 0x3e),53.047,no,"the line between them leaves the walkable area (a wall's thickness, or another floor)",
wall of tile 032420 (room 0x3d),wall of tile 034A20 (room 0x3e),53.047,no,"the line between them leaves the walkable area (a wall's thickness, or another floor)",
wall of tile 032520 (room 0x3d),wall of tile 032820 (room 0x3d),26.523,no,the line between them touches another wall,wall of tile 032620 (room 0x3d)
wall of tile 032520 (room 0x3d),wall of tile 032920 (room 0x3d),53.047,no,"the line between them leaves the walkable area (a wall's thickness, or another floor)",
wall of tile 032520 (room 0x3d),wall of tile 032A20 (room 0x3d),53.047,no,"the line between them leaves the walkable area (a wall's thickness, or another floor)",
wall of tile 032520 (room 0x3d),wall of tile 034920 (room 0x3e),53.047,no,"the line between them leaves the walkable area (a wall's thickness, or another floor)",
wall of tile 032520 (room 0x3d),wall of tile 034A20 (room 0x3e),53.047,no,"the line between them leaves the walkable area (a wall's thickness, or another floor)",
wall of tile 032520 (room 0x3d),wall of tile 034A20 (room 0x3e),53.047,no,"the line between them leaves the walkable area (a wall's thickness, or another floor)",
wall of tile 032620 (room 0x3d),wall of tile 032920 (room 0x3d),53.047,no,"the line between them leaves the walkable area (a wall's thickness, or another floor)",
wall of tile 032620 (room 0x3d),wall of tile 032A20 (room 0x3d),53.047,no,"the line between them leaves the walkable area (a wall's thickness, or another floor)",
wall of tile 032620 (room 0x3d),wall of tile 034A20 (room 0x3e),53.047,no,"the line between them leaves the walkable area (a wall's thickness, or another floor)",
wall of tile 032620 (room 0x3d),wall of tile 034A20 (room 0x3e),53.047,no,"the line between them leaves the walkable area (a wall's thickness, or another floor)",
wall of tile 032820 (room 0x3d),wall of tile 032A20 (room 0x3d),26.523,no,the line between them touches another wall,wall of tile 032920 (room 0x3d)
wall of tile 032920 (room 0x3d),wall of tile 035020 (room 0x3e),39.785,no,"the line between them leaves the walkable area (a wall's thickness, or another floor)",
wall of tile 032920 (room 0x3d),wall of tile 034F20 (room 0x3e),39.785,no,"the line between them leaves the walkable area (a wall's thickness, or another floor)",
wall of tile 032A20 (room 0x3d),wall of tile 032D20 (room 0x3d),13.262,no,the line between them touches another wall,wall of tile 032C20 (room 0x3d)
wall of tile 032A20 (room 0x3d),wall of tile 05AC22 (room 0x3e),18.755,no,"another wall pokes into the space between them, so a tighter pair covers this gap",wall of tile 032D20 (room 0x3d)
wall of tile 032A20 (room 0x3d),wall of tile 035220 (room 0x3e),26.523,no,"the line between them leaves the walkable area (a wall's thickness, or another floor)",
wall of tile 032A20 (room 0x3d),wall of tile 035120 (room 0x3e),26.523,no,"the line between them leaves the walkable area (a wall's thickness, or another floor)",
wall of tile 032A20 (room 0x3d),wall of tile 035020 (room 0x3e),39.785,no,"the line between them leaves the walkable area (a wall's thickness, or another floor)",
wall of tile 032A20 (room 0x3d),wall of tile 034F20 (room 0x3e),39.785,no,"the line between them leaves the walkable area (a wall's thickness, or another floor)",
wall of tile 032A20 (room 0x3d),door 0x1c8e84 (preset 0x0078),28.182,no,"the line between them leaves the walkable area (a wall's thickness, or another floor)",
wall of tile 032A20 (room 0x3d),door 0x1c8e84 (preset 0x0078),18.755,no,"another wall pokes into the space between them, so a tighter pair covers this gap",wall of tile 032D20 (room 0x3d)
wall of tile 032A20 (room 0x3d),door 0x1c8e84 (preset 0x0078),18.755,no,"another wall pokes into the space between them, so a tighter pair covers this gap",wall of tile 032D20 (room 0x3d)
wall of tile 032A20 (room 0x3d),door 0x1c8e84 (preset 0x0078),28.181,no,"the line between them leaves the walkable area (a wall's thickness, or another floor)",
wall of tile 032C20 (room 0x3d),wall of tile 05AC22 (room 0x3e),13.262,no,the line between them touches another wall,wall of tile 032D20 (room 0x3d)
wall of tile 032C20 (room 0x3d),wall of tile 035220 (room 0x3e),13.262,no,"the line between them leaves the walkable area (a wall's thickness, or another floor)",
wall of tile 032C20 (room 0x3d),wall of tile 035120 (room 0x3e),13.262,no,"the line between them leaves the walkable area (a wall's thickness, or another floor)",
wall of tile 032C20 (room 0x3d),wall of tile 035020 (room 0x3e),26.523,no,"the line between them leaves the walkable area (a wall's thickness, or another floor)",
wall of tile 032C20 (room 0x3d),door 0x1c8e84 (preset 0x0078),17.622,no,"the line between them leaves the walkable area (a wall's thickness, or another floor)",
wall of tile 032C20 (room 0x3d),door 0x1c8e84 (preset 0x0078),13.262,no,"another wall pokes into the space between them, so a tighter pair covers this gap",wall of tile 032D20 (room 0x3d)
wall of tile 032C20 (room 0x3d),door 0x1c8e84 (preset 0x0078),13.262,no,"another wall pokes into the space between them, so a tighter pair covers this gap",wall of tile 032D20 (room 0x3d)
wall of tile 032C20 (room 0x3d),door 0x1c8e84 (preset 0x0078),17.622,no,"the line between them leaves the walkable area (a wall's thickness, or another floor)",
wall of tile 032D20 (room 0x3d),wall of tile 035220 (room 0x3e),13.262,no,"the line between them leaves the walkable area (a wall's thickness, or another floor)",
wall of tile 032D20 (room 0x3d),wall of tile 035120 (room 0x3e),13.262,no,"the line between them leaves the walkable area (a wall's thickness, or another floor)",
wall of tile 032D20 (room 0x3d),wall of tile 035020 (room 0x3e),26.523,no,"the line between them leaves the walkable area (a wall's thickness, or another floor)",
wall of tile 032D20 (room 0x3d),door 0x1c8e84 (preset 0x0078),11.604,no,"another wall pokes into the space between them, so a tighter pair covers this gap",wall of tile 05AC22 (room 0x3e)
wall of tile 032D20 (room 0x3d),door 0x1c8e84 (preset 0x0078),0.000,no,"another wall pokes into the space between them, so a tighter pair covers this gap",door 0x1c8e84 (preset 0x0078)
wall of tile 032D20 (room 0x3d),door 0x1c8e84 (preset 0x0078),0.000,yes,,
wall of tile 032D20 (room 0x3d),door 0x1c8e84 (preset 0x0078),11.604,no,"another wall pokes into the space between them, so a tighter pair covers this gap",wall of tile 05AC22 (room 0x3e)
wall of tile 032E20 (room 0x3d),wall of tile 035420 (room 0x3e),13.262,no,the line between them touches another wall,wall of tile 05AC21 (room 0x3e)
wall of tile 032E20 (room 0x3d),wall of tile 024D22 (room 0x3d),39.785,no,the line between them touches another wall,wall of tile 032F20 (room 0x3d)
wall of tile 032E20 (room 0x3d),wall of tile 000D28 (room 0x44),53.047,no,"the line between them leaves the walkable area (a wall's thickness, or another floor)",
wall of tile 032E20 (room 0x3d),wall of tile 000C28 (room 0x44),53.047,no,"the line between them leaves the walkable area (a wall's thickness, or another floor)",
wall of tile 032E20 (room 0x3d),door 0x1c8e84 (preset 0x0078),11.604,no,the line between them touches another wall,wall of tile 05AC21 (room 0x3e)
wall of tile 032E20 (room 0x3d),door 0x1c8e84 (preset 0x0078),0.000,no,"the line between them leaves the walkable area (a wall's thickness, or another floor)",
wall of tile 032E20 (room 0x3d),door 0x1c8e84 (preset 0x0078),0.000,no,"the line between them leaves the walkable area (a wall's thickness, or another floor)",
wall of tile 05AC22 (room 0x3e),wall of tile 035120 (room 0x3e),13.262,no,the line between them touches another wall,wall of tile 035220 (room 0x3e)
wall of tile 05AC22 (room 0x3e),wall of tile 035020 (room 0x3e),18.755,no,"another wall pokes into the space between them, so a tighter pair covers this gap",wall of tile 035220 (room 0x3e)
wall of tile 05AC22 (room 0x3e),door 0x1c8e84 (preset 0x0078),0.000,yes,,
wall of tile 05AC22 (room 0x3e),door 0x1c8e84 (preset 0x0078),0.000,no,"another wall pokes into the space between them, so a tighter pair covers this gap",door 0x1c8e84 (preset 0x0078)
wall of tile 05AC22 (room 0x3e),door 0x1c8e84 (preset 0x0078),0.000,yes,,
wall of tile 05AC22 (room 0x3e),door 0x1c8e84 (preset 0x0078),0.000,yes,,
wall of tile 05AC21 (room 0x3e),wall of tile 035920 (room 0x3e),53.047,no,the line between them touches another wall,wall of tile 035420 (room 0x3e)
wall of tile 05AC21 (room 0x3e),wall of tile 035820 (room 0x3e),54.679,no,"the line between them leaves the walkable area (a wall's thickness, or another floor)",
wall of tile 05AC21 (room 0x3e),wall of tile 032F20 (room 0x3d),39.785,no,the line between them touches another wall,wall of tile 032E20 (room 0x3d)
wall of tile 05AC21 (room 0x3e),wall of tile 024D22 (room 0x3d),56.265,no,"the line between them leaves the walkable area (a wall's thickness, or another floor)",
wall of tile 05AC21 (room 0x3e),door 0x1c8e84 (preset 0x0078),0.000,no,"the line between them leaves the walkable area (a wall's thickness, or another floor)",
wall of tile 05AC21 (room 0x3e),door 0x1c8e84 (preset 0x0078),0.000,no,"the line between them leaves the walkable area (a wall's thickness, or another floor)",
wall of tile 05AC21 (room 0x3e),door 0x1c8e84 (preset 0x0078),0.000,no,the line between them touches another wall,wall of tile 032E20 (room 0x3d)
wall of tile 035420 (room 0x3e),wall of tile 035820 (room 0x3e),13.262,no,the line between them touches another wall,wall of tile 035920 (room 0x3e)
wall of tile 035420 (room 0x3e),wall of tile 032F20 (room 0x3d),53.047,no,the line between them touches another wall,wall of tile 05AC21 (room 0x3e)
wall of tile 035420 (room 0x3e),wall of tile 001428 (room 0x44),53.047,no,"the line between them leaves the walkable area (a wall's thickness, or another floor)",
wall of tile 035420 (room 0x3e),wall of tile 001428 (room 0x44),53.047,no,"the line between them leaves the walkable area (a wall's thickness, or another floor)",
wall of tile 035420 (room 0x3e),door 0x1c8e84 (preset 0x0078),1.657,no,the line between them touches another wall,wall of tile 05AC21 (room 0x3e)
wall of tile 035420 (room 0x3e),door 0x1c8e84 (preset 0x0078),1.657,no,"the line between them leaves the walkable area (a wall's thickness, or another floor)",
wall of tile 035420 (room 0x3e),door 0x1c8e84 (preset 0x0078),13.261,no,"the line between them leaves the walkable area (a wall's thickness, or another floor)",
wall of tile 035420 (room 0x3e),door 0x1c8e84 (preset 0x0078),13.262,no,the line between them touches another wall,wall of tile 05AC21 (room 0x3e)
wall of tile 035220 (room 0x3e),wall of tile 035020 (room 0x3e),13.262,no,the line between them touches another wall,wall of tile 035120 (room 0x3e)
wall of tile 035220 (room 0x3e),door 0x1c8e84 (preset 0x0078),1.657,no,"another wall pokes into the space between them, so a tighter pair covers this gap",wall of tile 05AC22 (room 0x3e)
wall of tile 035220 (room 0x3e),door 0x1c8e84 (preset 0x0078),13.262,no,"another wall pokes into the space between them, so a tighter pair covers this gap",wall of tile 05AC22 (room 0x3e)
wall of tile 035220 (room 0x3e),door 0x1c8e84 (preset 0x0078),1.658,no,"another wall pokes into the space between them, so a tighter pair covers this gap",wall of tile 05AC22 (room 0x3e)
wall of tile 035220 (room 0x3e),door 0x1c8e84 (preset 0x0078),1.657,no,"another wall pokes into the space between them, so a tighter pair covers this gap",wall of tile 05AC22 (room 0x3e)
wall of tile 035120 (room 0x3e),door 0x1c8e84 (preset 0x0078),13.365,no,"the line between them leaves the walkable area (a wall's thickness, or another floor)",
wall of tile 035120 (room 0x3e),door 0x1c8e84 (preset 0x0078),18.755,no,"the line between them leaves the walkable area (a wall's thickness, or another floor)",
wall of tile 035120 (room 0x3e),door 0x1c8e84 (preset 0x0078),13.365,no,"the line between them leaves the walkable area (a wall's thickness, or another floor)",
wall of tile 035120 (room 0x3e),door 0x1c8e84 (preset 0x0078),13.365,no,"the line between them leaves the walkable area (a wall's thickness, or another floor)",
wall of tile 035020 (room 0x3e),wall of tile 034D20 (room 0x3e),39.785,no,the line between them touches another wall,wall of tile 034F20 (room 0x3e)
wall of tile 035020 (room 0x3e),wall of tile 034A20 (room 0x3e),54.679,no,"the line between them leaves the walkable area (a wall's thickness, or another floor)",
wall of tile 035020 (room 0x3e),wall of tile 034A20 (room 0x3e),54.679,no,"the line between them leaves the walkable area (a wall's thickness, or another floor)",
wall of tile 035020 (room 0x3e),door 0x1c8e84 (preset 0x0078),19.961,no,"the line between them leaves the walkable area (a wall's thickness, or another floor)",
wall of tile 035020 (room 0x3e),door 0x1c8e84 (preset 0x0078),29.654,no,"the line between them leaves the walkable area (a wall's thickness, or another floor)",
wall of tile 035020 (room 0x3e),door 0x1c8e84 (preset 0x0078),19.962,no,"the line between them leaves the walkable area (a wall's thickness, or another floor)",
wall of tile 035020 (room 0x3e),door 0x1c8e84 (preset 0x0078),19.961,no,"the line between them leaves the walkable area (a wall's thickness, or another floor)",
wall of tile 034F20 (room 0x3e),wall of tile 034A20 (room 0x3e),53.047,no,"the line between them leaves the walkable area (a wall's thickness, or another floor)",
wall of tile 034F20 (room 0x3e),wall of tile 034A20 (room 0x3e),53.047,no,"the line between them leaves the walkable area (a wall's thickness, or another floor)",
wall of tile 034F20 (room 0x3e),generic 0x1cbf50 (preset 0x009f),44.006,yes,,
wall of tile 035920 (room 0x3e),wall of tile 001428 (room 0x44),39.785,no,"the line between them leaves the walkable area (a wall's thickness, or another floor)",
wall of tile 035920 (room 0x3e),wall of tile 001428 (room 0x44),39.785,no,"the line between them leaves the walkable area (a wall's thickness, or another floor)",
wall of tile 035920 (room 0x3e),door 0x1c8e84 (preset 0x0078),54.704,no,"the line between them leaves the walkable area (a wall's thickness, or another floor)",
wall of tile 035920 (room 0x3e),door 0x1c8e84 (preset 0x0078),54.704,no,"the line between them leaves the walkable area (a wall's thickness, or another floor)",
wall of tile 034D20 (room 0x3e),wall of tile 034A20 (room 0x3e),26.523,no,the line between them touches another wall,wall of tile 034A20 (room 0x3e)
wall of tile 034D20 (room 0x3e),generic 0x1cbf50 (preset 0x009f),44.006,yes,,
wall of tile 034D20 (room 0x3e),generic 0x1cbf50 (preset 0x009f),44.006,yes,,
wall of tile 034920 (room 0x3e),wall of tile 034720 (room 0x3e),26.523,no,the line between them touches another wall,wall of tile 034820 (room 0x3e)
wall of tile 034A20 (room 0x3e),wall of tile 034820 (room 0x3e),26.523,no,the line between them touches another wall,wall of tile 034920 (room 0x3e)
wall of tile 034A20 (room 0x3e),wall of tile 034720 (room 0x3e),37.510,no,"the line between them leaves the walkable area (a wall's thickness, or another floor)",
wall of tile 034A20 (room 0x3e),generic 0x1cbf50 (preset 0x009f),44.008,no,"another wall pokes into the space between them, so a tighter pair covers this gap",wall of tile 034D20 (room 0x3e)
wall of tile 034A20 (room 0x3e),generic 0x1cbf50 (preset 0x009f),44.008,no,"another wall pokes into the space between them, so a tighter pair covers this gap",wall of tile 034D20 (room 0x3e)
wall of tile 034720 (room 0x3e),wall of tile 034520 (room 0x3e),26.523,no,the line between them touches another wall,wall of tile 034620 (room 0x3e)
wall of tile 034520 (room 0x3e),wall of tile 034220 (room 0x3e),26.523,no,the line between them touches another wall,wall of tile 034320 (room 0x3e)
wall of tile 034220 (room 0x3e),wall of tile 034020 (room 0x3e),26.523,no,the line between them touches another wall,wall of tile 034120 (room 0x3e)
wall of tile 034220 (room 0x3e),wall of tile 033F20 (room 0x3e),37.510,no,"the line between them leaves the walkable area (a wall's thickness, or another floor)",
wall of tile 034120 (room 0x3e),wall of tile 033F20 (room 0x3e),26.523,no,the line between them touches another wall,wall of tile 034020 (room 0x3e)
wall of tile 033F20 (room 0x3e),wall of tile 035C20 (room 0x3e),26.523,no,the line between them touches another wall,wall of tile 034C20 (room 0x3e)
wall of tile 033F20 (room 0x3e),wall of tile 035B20 (room 0x3e),29.654,no,"the line between them leaves the walkable area (a wall's thickness, or another floor)",
wall of tile 033F20 (room 0x3e),wall of tile 001A28 (room 0x44),59.308,no,"the line between them leaves the walkable area (a wall's thickness, or another floor)",
wall of tile 033F20 (room 0x3e),wall of tile 001B28 (room 0x44),59.308,no,"the line between them leaves the walkable area (a wall's thickness, or another floor)",
wall of tile 033F20 (room 0x3e),wall of tile 0BCA28 (room 0x3f),39.785,no,"the line between them leaves the walkable area (a wall's thickness, or another floor)",
wall of tile 033F20 (room 0x3e),wall of tile 0BCB28 (room 0x3f),39.785,no,"the line between them leaves the walkable area (a wall's thickness, or another floor)",
wall of tile 034C20 (room 0x3e),wall of tile 035B20 (room 0x3e),13.262,no,the line between them touches another wall,wall of tile 035C20 (room 0x3e)
wall of tile 034C20 (room 0x3e),wall of tile 001A28 (room 0x44),53.047,no,"the line between them leaves the walkable area (a wall's thickness, or another floor)",
wall of tile 034C20 (room 0x3e),wall of tile 001B28 (room 0x44),53.047,no,"the line between them leaves the walkable area (a wall's thickness, or another floor)",
wall of tile 034C20 (room 0x3e),wall of tile 0BCA28 (room 0x3f),39.785,no,"the line between them leaves the walkable area (a wall's thickness, or another floor)",
wall of tile 035C20 (room 0x3e),wall of tile 001A28 (room 0x44),39.785,no,"the line between them leaves the walkable area (a wall's thickness, or another floor)",
wall of tile 035C20 (room 0x3e),wall of tile 001B28 (room 0x44),39.785,no,"the line between them leaves the walkable area (a wall's thickness, or another floor)",
wall of tile 035B20 (room 0x3e),wall of tile 035620 (room 0x3e),13.262,no,the line between them touches another wall,wall of tile 035A20 (room 0x3e)
wall of tile 035B20 (room 0x3e),wall of tile 001A28 (room 0x44),39.785,no,"the line between them leaves the walkable area (a wall's thickness, or another floor)",
wall of tile 035B20 (room 0x3e),wall of tile 001B28 (room 0x44),39.785,no,"the line between them leaves the walkable area (a wall's thickness, or another floor)",
wall of tile 035B20 (room 0x3e),wall of tile 001B28 (room 0x44),39.785,no,"the line between them leaves the walkable area (a wall's thickness, or another floor)",
wall of tile 035A20 (room 0x3e),wall of tile 001B28 (room 0x44),39.785,no,"the line between them leaves the walkable area (a wall's thickness, or another floor)",
wall of tile 035A20 (room 0x3e),wall of tile 001B28 (room 0x44),39.785,no,"the line between them leaves the walkable area (a wall's thickness, or another floor)",
wall of tile 035620 (room 0x3e),wall of tile 035820 (room 0x3e),13.262,no,the line between them touches another wall,wall of tile 035720 (room 0x3e)
wall of tile 035620 (room 0x3e),wall of tile 001328 (room 0x44),53.047,no,"the line between them leaves the walkable area (a wall's thickness, or another floor)",
wall of tile 035620 (room 0x3e),wall of tile 001428 (room 0x44),53.047,no,"the line between them leaves the walkable area (a wall's thickness, or another floor)",
wall of tile 035620 (room 0x3e),wall of tile 001B28 (room 0x44),53.047,no,"the line between them leaves the walkable area (a wall's thickness, or another floor)",
wall of tile 035620 (room 0x3e),wall of tile 001B28 (room 0x44),53.047,no,"the line between them leaves the walkable area (a wall's thickness, or another floor)",
wall of tile 035720 (room 0x3e),wall of tile 001328 (room 0x44),39.785,no,"the line between them leaves the walkable area (a wall's thickness, or another floor)",
wall of tile 035720 (room 0x3e),wall of tile 001428 (room 0x44),39.785,no,"the line between them leaves the walkable area (a wall's thickness, or another floor)",
wall of tile 035820 (room 0x3e),wall of tile 001328 (room 0x44),39.785,no,"the line between them leaves the walkable area (a wall's thickness, or another floor)",
wall of tile 035820 (room 0x3e),wall of tile 001428 (room 0x44),39.785,no,"the line between them leaves the walkable area (a wall's thickness, or another floor)",
wall of tile 035820 (room 0x3e),wall of tile 001428 (room 0x44),39.785,no,"the line between them leaves the walkable area (a wall's thickness, or another floor)",
wall of tile 035820 (room 0x3e),door 0x1c8e84 (preset 0x0078),56.289,no,"the line between them leaves the walkable area (a wall's thickness, or another floor)",
wall of tile 035820 (room 0x3e),door 0x1c8e84 (preset 0x0078),56.289,no,"the line between them leaves the walkable area (a wall's thickness, or another floor)",
wall of tile 032F20 (room 0x3d),wall of tile 000D28 (room 0x44),13.262,no,"the line between them leaves the walkable area (a wall's thickness, or another floor)",
wall of tile 032F20 (room 0x3d),wall of tile 000C28 (room 0x44),13.262,no,"the line between them leaves the walkable area (a wall's thickness, or another floor)",
wall of tile 032F20 (room 0x3d),door 0x1c8e84 (preset 0x0078),51.390,no,"the line between them leaves the walkable area (a wall's thickness, or another floor)",
wall of tile 032F20 (room 0x3d),door 0x1c8e84 (preset 0x0078),39.786,no,"the line between them leaves the walkable area (a wall's thickness, or another floor)",
wall of tile 032F20 (room 0x3d),door 0x1c8e84 (preset 0x0078),39.785,no,"the line between them leaves the walkable area (a wall's thickness, or another floor)",
wall of tile 032F20 (room 0x3d),door 0x1c8e84 (preset 0x0078),39.785,no,"the line between them leaves the walkable area (a wall's thickness, or another floor)",
wall of tile 024D22 (room 0x3d),wall of tile 0FFB22 (room 0x3d),26.523,no,the line between them touches another wall,wall of tile 0FF922 (room 0x3d)
wall of tile 024D22 (room 0x3d),wall of tile 0F7829 (room 0x44),13.262,no,"the line between them leaves the walkable area (a wall's thickness, or another floor)",
wall of tile 024D22 (room 0x3d),wall of tile 0F7429 (room 0x44),39.785,no,"the line between them leaves the walkable area (a wall's thickness, or another floor)",
wall of tile 024D22 (room 0x3d),wall of tile 000D28 (room 0x44),13.262,no,"the line between them leaves the walkable area (a wall's thickness, or another floor)",
wall of tile 024D22 (room 0x3d),wall of tile 000C28 (room 0x44),13.262,no,"the line between them leaves the walkable area (a wall's thickness, or another floor)",
wall of tile 024D22 (room 0x3d),door 0x1c8e84 (preset 0x0078),56.265,no,"the line between them leaves the walkable area (a wall's thickness, or another floor)",
wall of tile 024D22 (room 0x3d),door 0x1c8e84 (preset 0x0078),56.265,no,"the line between them leaves the walkable area (a wall's thickness, or another floor)",
wall of tile 024D22 (room 0x3d),door 0x1c8e84 (preset 0x0078),56.265,no,"the line between them leaves the walkable area (a wall's thickness, or another floor)",
wall of tile 024D22 (room 0x3d),door 0x1c9794 (preset 0x0079),1.658,no,"the line between them leaves the walkable area (a wall's thickness, or another floor)",
wall of tile 024D22 (room 0x3d),door 0x1c9794 (preset 0x0079),13.262,no,"the line between them leaves the walkable area (a wall's thickness, or another floor)",
wall of tile 024D22 (room 0x3d),door 0x1c9794 (preset 0x0079),1.658,no,"the line between them leaves the walkable area (a wall's thickness, or another floor)",
wall of tile 0FF922 (room 0x3d),wall of tile 0F7829 (room 0x44),13.262,no,"the line between them leaves the walkable area (a wall's thickness, or another floor)",
wall of tile 0FF922 (room 0x3d),wall of tile 0F7429 (room 0x44),39.785,no,"the line between them leaves the walkable area (a wall's thickness, or another floor)",
wall of tile 0FF922 (room 0x3d),wall of tile 000C28 (room 0x44),13.262,no,"the line between them leaves the walkable area (a wall's thickness, or another floor)",
wall of tile 0FF922 (room 0x3d),door 0x1c9794 (preset 0x0079),1.658,no,"the line between them leaves the walkable area (a wall's thickness, or another floor)",
wall of tile 0FF922 (room 0x3d),door 0x1c9794 (preset 0x0079),13.262,no,"the line between them leaves the walkable area (a wall's thickness, or another floor)",
wall of tile 0FF922 (room 0x3d),door 0x1c9794 (preset 0x0079),1.658,no,"the line between them leaves the walkable area (a wall's thickness, or another floor)",
wall of tile 0FFB21 (room 0x3d),wall of tile 0F782A (room 0x44),39.785,no,the line between them touches another wall,wall of tile 0FE422 (room 0x3d)
wall of tile 0FFB21 (room 0x3d),wall of tile 000C28 (room 0x44),39.785,no,the line between them touches another wall,wall of tile 0FE422 (room 0x3d)
wall of tile 0FFB21 (room 0x3d),wall of tile 024D21 (room 0x3d),26.523,no,the line between them touches another wall,wall of tile 0FE422 (room 0x3d)
wall of tile 0FFB21 (room 0x3d),door 0x1c9794 (preset 0x0079),39.785,no,"another wall pokes into the space between them, so a tighter pair covers this gap",wall of tile 0F782A (room 0x44)
wall of tile 0FFB21 (room 0x3d),door 0x1c9794 (preset 0x0079),28.181,no,"another wall pokes into the space between them, so a tighter pair covers this gap",wall of tile 0FE422 (room 0x3d)
wall of tile 0FFB21 (room 0x3d),door 0x1c9794 (preset 0x0079),28.181,no,"another wall pokes into the space between them, so a tighter pair covers this gap",wall of tile 0FE422 (room 0x3d)
wall of tile 0FFB22 (room 0x3d),wall of tile 0F7829 (room 0x44),39.785,no,the line between them touches another wall,wall of tile 0FE421 (room 0x3d)
wall of tile 0FFB22 (room 0x3d),wall of tile 000C28 (room 0x44),39.785,no,the line between them touches another wall,wall of tile 0FE421 (room 0x3d)
wall of tile 0FFB22 (room 0x3d),door 0x1c9794 (preset 0x0079),28.181,no,"the line between them leaves the walkable area (a wall's thickness, or another floor)",
wall of tile 0FFB22 (room 0x3d),door 0x1c9794 (preset 0x0079),39.785,no,the line between them touches another wall,wall of tile 0F7829 (room 0x44)
wall of tile 0FFB22 (room 0x3d),door 0x1c9794 (preset 0x0079),28.181,no,the line between them touches another wall,wall of tile 0FE421 (room 0x3d)
wall of tile 0FE421 (room 0x3d),wall of tile 0F7429 (room 0x44),26.523,no,the line between them touches another wall,wall of tile 0F7829 (room 0x44)
wall of tile 0FE421 (room 0x3d),wall of tile 013029 (room 0x44),53.073,no,"the line between them leaves the walkable area (a wall's thickness, or another floor)",
wall of tile 0FE421 (room 0x3d),wall of tile 013129 (room 0x44),59.308,no,"the line between them leaves the walkable area (a wall's thickness, or another floor)",
wall of tile 0FE421 (room 0x3d),door 0x1c9794 (preset 0x0079),0.001,no,"the line between them leaves the walkable area (a wall's thickness, or another floor)",
wall of tile 0FE421 (room 0x3d),door 0x1c9794 (preset 0x0079),0.000,no,the line between them touches another wall,wall of tile 0F7829 (room 0x44)
wall of tile 0FE422 (room 0x3d),wall of tile 0F742A (room 0x44),26.523,no,the line between them touches another wall,wall of tile 0F782A (room 0x44)
wall of tile 0FE422 (room 0x3d),wall of tile 012F29 (room 0x44),53.279,no,"the line between them leaves the walkable area (a wall's thickness, or another floor)",
wall of tile 0FE422 (room 0x3d),door 0x1c9794 (preset 0x0079),0.001,no,"another wall pokes into the space between them, so a tighter pair covers this gap",wall of tile 0F782A (room 0x44)
wall of tile 0FE422 (room 0x3d),door 0x1c9794 (preset 0x0079),0.001,yes,,
wall of tile 0FE422 (room 0x3d),door 0x1c9794 (preset 0x0079),0.001,yes,,
wall of tile 0F7829 (room 0x44),wall of tile 013029 (room 0x44),26.575,no,the line between them touches another wall,wall of tile 0F7429 (room 0x44)
wall of tile 0F7829 (room 0x44),wall of tile 013129 (room 0x44),37.510,no,"the line between them leaves the walkable area (a wall's thickness, or another floor)",
wall of tile 0F7829 (room 0x44),door 0x1c9794 (preset 0x0079),0.001,no,"the line between them leaves the walkable area (a wall's thickness, or another floor)",
wall of tile 0F7829 (room 0x44),door 0x1c9794 (preset 0x0079),11.604,no,the line between them touches another wall,wall of tile 0FE421 (room 0x3d)
wall of tile 0F782A (room 0x44),wall of tile 012F29 (room 0x44),26.986,no,the line between them touches another wall,wall of tile 0F742A (room 0x44)
wall of tile 0F782A (room 0x44),wall of tile 0FF822 (room 0x3d),13.262,no,the line between them touches another wall,wall of tile 0FE422 (room 0x3d)
wall of tile 0F782A (room 0x44),wall of tile 024D21 (room 0x3d),13.262,no,the line between them touches another wall,wall of tile 0FE422 (room 0x3d)
wall of tile 0F782A (room 0x44),door 0x1c9794 (preset 0x0079),0.001,yes,,
wall of tile 0F782A (room 0x44),door 0x1c9794 (preset 0x0079),0.001,yes,,
wall of tile 0F782A (room 0x44),door 0x1c9794 (preset 0x0079),11.604,no,"another wall pokes into the space between them, so a tighter pair covers this gap",wall of tile 0FE422 (room 0x3d)
wall of tile 0F742A (room 0x44),wall of tile 000C28 (room 0x44),26.523,no,the line between them touches another wall,wall of tile 0F782A (room 0x44)
wall of tile 0F742A (room 0x44),wall of tile 0FF822 (room 0x3d),39.785,no,the line between them touches another wall,wall of tile 0FE422 (room 0x3d)
wall of tile 0F742A (room 0x44),wall of tile 024D21 (room 0x3d),39.785,no,the line between them touches another wall,wall of tile 0FE422 (room 0x3d)
wall of tile 0F742A (room 0x44),door 0x1c9794 (preset 0x0079),26.523,no,"another wall pokes into the space between them, so a tighter pair covers this gap",wall of tile 0F782A (room 0x44)
wall of tile 0F742A (room 0x44),door 0x1c9794 (preset 0x0079),26.523,no,"another wall pokes into the space between them, so a tighter pair covers this gap",wall of tile 0F782A (room 0x44)
wall of tile 0F742A (room 0x44),door 0x1c9794 (preset 0x0079),38.127,no,"another wall pokes into the space between them, so a tighter pair covers this gap",wall of tile 0F782A (room 0x44)
wall of tile 0F7429 (room 0x44),wall of tile 000C28 (room 0x44),26.523,no,the line between them touches another wall,wall of tile 0F7829 (room 0x44)
wall of tile 0F7429 (room 0x44),wall of tile 013129 (room 0x44),24.866,no,the line between them touches another wall,wall of tile 013029 (room 0x44)
wall of tile 0F7429 (room 0x44),door 0x1c9794 (preset 0x0079),26.523,no,"the line between them leaves the walkable area (a wall's thickness, or another floor)",
wall of tile 0F7429 (room 0x44),door 0x1c9794 (preset 0x0079),26.523,no,the line between them touches another wall,wall of tile 0F7829 (room 0x44)
wall of tile 0F7429 (room 0x44),door 0x1c9794 (preset 0x0079),38.127,no,the line between them touches another wall,wall of tile 0F7829 (room 0x44)
wall of tile 012F29 (room 0x44),wall of tile 000C28 (room 0x44),53.047,no,"the line between them leaves the walkable area (a wall's thickness, or another floor)",
wall of tile 012F29 (room 0x44),wall of tile 000228 (room 0x44),53.047,no,"the line between them leaves the walkable area (a wall's thickness, or another floor)",
wall of tile 012F29 (room 0x44),door 0x1c9794 (preset 0x0079),53.279,no,"the line between them leaves the walkable area (a wall's thickness, or another floor)",
wall of tile 012F29 (room 0x44),door 0x1c9794 (preset 0x0079),53.279,no,"the line between them leaves the walkable area (a wall's thickness, or another floor)",
wall of tile 012F29 (room 0x44),wall of tile 11D02A (room 0x44),13.262,no,the far wall faces the other way (it belongs to floor which isn't linked here),
wall of tile 012F29 (room 0x44),wall of tile 11D128 (room 0x44),13.262,no,the far wall faces the other way (it belongs to floor which isn't linked here),
wall of tile 012F29 (room 0x44),wall of tile 11CF2A (room 0x44),26.523,no,the far wall faces the other way (it belongs to floor which isn't linked here),
wall of tile 012F29 (room 0x44),wall of tile 000228 (room 0x44),53.047,no,"the line between them leaves the walkable area (a wall's thickness, or another floor)",
wall of tile 013029 (room 0x44),wall of tile 000C28 (room 0x44),53.047,no,"the line between them leaves the walkable area (a wall's thickness, or another floor)",
wall of tile 013029 (room 0x44),door 0x1c9794 (preset 0x0079),53.073,no,"the line between them leaves the walkable area (a wall's thickness, or another floor)",
wall of tile 013029 (room 0x44),door 0x1c9794 (preset 0x0079),53.073,no,"the line between them leaves the walkable area (a wall's thickness, or another floor)",
wall of tile 01312A (room 0x44),wall of tile 0F462A (room 0x44),26.523,no,"the line between them leaves the walkable area (a wall's thickness, or another floor)",
wall of tile 01312A (room 0x44),wall of tile 0F5128 (room 0x44),26.523,no,"the line between them leaves the walkable area (a wall's thickness, or another floor)",
wall of tile 01312A (room 0x44),wall of tile 0F522A (room 0x44),26.523,no,"the line between them leaves the walkable area (a wall's thickness, or another floor)",
wall of tile 01312A (room 0x44),wall of tile 0AEE29 (room 0x44),26.523,no,"the line between them leaves the walkable area (a wall's thickness, or another floor)",
wall of tile 01312A (room 0x44),wall of tile 0AEF29 (room 0x44),26.523,no,"the line between them leaves the walkable area (a wall's thickness, or another floor)",
wall of tile 01312A (room 0x44),wall of tile 0AF029 (room 0x44),26.523,no,"the line between them leaves the walkable area (a wall's thickness, or another floor)",
wall of tile 01312A (room 0x44),wall of tile 0AEB29 (room 0x44),26.523,no,"the line between them leaves the walkable area (a wall's thickness, or another floor)",
wall of tile 01312A (room 0x44),wall of tile 0AEC29 (room 0x44),26.523,no,"the line between them leaves the walkable area (a wall's thickness, or another floor)",
wall of tile 01312A (room 0x44),wall of tile 0AED29 (room 0x44),26.523,no,"the line between them leaves the walkable area (a wall's thickness, or another floor)",
wall of tile 01312A (room 0x44),wall of tile 0AEA29 (room 0x44),26.523,no,"the line between them leaves the walkable area (a wall's thickness, or another floor)",
wall of tile 01312A (room 0x44),wall of tile 0AE929 (room 0x44),26.523,no,"the line between them leaves the walkable area (a wall's thickness, or another floor)",
wall of tile 01312A (room 0x44),wall of tile 0AE829 (room 0x44),26.523,no,"the line between them leaves the walkable area (a wall's thickness, or another floor)",
wall of tile 01312A (room 0x44),wall of tile 0AE529 (room 0x44),26.523,no,"the line between them leaves the walkable area (a wall's thickness, or another floor)",
wall of tile 01312A (room 0x44),wall of tile 0AE629 (room 0x44),26.523,no,"the line between them leaves the walkable area (a wall's thickness, or another floor)",
wall of tile 01312A (room 0x44),wall of tile 0AE729 (room 0x44),26.523,no,"the line between them leaves the walkable area (a wall's thickness, or another floor)",
wall of tile 01312A (room 0x44),wall of tile 0AE329 (room 0x44),26.523,no,"the line between them leaves the walkable area (a wall's thickness, or another floor)",
wall of tile 01312A (room 0x44),wall of tile 0AE429 (room 0x44),26.523,no,"the line between them leaves the walkable area (a wall's thickness, or another floor)",
wall of tile 01312A (room 0x44),wall of tile 0AE229 (room 0x44),26.523,no,"the line between them leaves the walkable area (a wall's thickness, or another floor)",
wall of tile 01312A (room 0x44),wall of tile 019C29 (room 0x44),26.523,no,"the line between them leaves the walkable area (a wall's thickness, or another floor)",
wall of tile 01312A (room 0x44),wall of tile 019B29 (room 0x44),26.523,no,"the line between them leaves the walkable area (a wall's thickness, or another floor)",
wall of tile 012F2A (room 0x44),wall of tile 11D02A (room 0x44),26.523,no,the far wall faces the other way (it belongs to floor which isn't linked here),
wall of tile 012F2A (room 0x44),wall of tile 11D128 (room 0x44),26.523,no,the far wall faces the other way (it belongs to floor which isn't linked here),
wall of tile 012F2A (room 0x44),wall of tile 11CF2A (room 0x44),26.523,no,the far wall faces the other way (it belongs to floor which isn't linked here),
wall of tile 013B29 (room 0x44),wall of tile 0B1229 (room 0x44),39.785,no,the line between them touches another wall,wall of tile 017229 (room 0x44)
wall of tile 013B29 (room 0x44),wall of tile 0B1B29 (room 0x44),47.816,no,"the line between them leaves the walkable area (a wall's thickness, or another floor)",
wall of tile 013B29 (room 0x44),wall of tile 0B1A29 (room 0x44),26.523,no,"the line between them leaves the walkable area (a wall's thickness, or another floor)",
wall of tile 013B29 (room 0x44),wall of tile 018429 (room 0x44),26.523,no,"the line between them leaves the walkable area (a wall's thickness, or another floor)",
wall of tile 013B29 (room 0x44),wall of tile 01842A (room 0x44),26.523,no,the line between them touches another wall,wall of tile 01312A (room 0x44)
wall of tile 013B29 (room 0x44),wall of tile 0F5728 (room 0x44),26.523,no,"the line between them leaves the walkable area (a wall's thickness, or another floor)",
wall of tile 013B29 (room 0x44),wall of tile 0F5629 (room 0x44),26.523,no,"the line between them leaves the walkable area (a wall's thickness, or another floor)",
wall of tile 013B29 (room 0x44),wall of tile 0F5529 (room 0x44),26.523,no,the line between them touches another wall,wall of tile 01312A (room 0x44)
wall of tile 013B2A (room 0x44),wall of tile 0B122A (room 0x44),39.785,no,the line between them touches another wall,wall of tile 01722A (room 0x44)
wall of tile 017229 (room 0x44),wall of tile 0B1429 (room 0x44),39.785,no,the line between them touches another wall,wall of tile 0B1229 (room 0x44)
wall of tile 017229 (room 0x44),wall of tile 0B1829 (room 0x44),47.816,no,"the line between them leaves the walkable area (a wall's thickness, or another floor)",
wall of tile 017229 (room 0x44),wall of tile 0B1B29 (room 0x44),26.523,no,"the line between them leaves the walkable area (a wall's thickness, or another floor)",
wall of tile 017229 (room 0x44),wall of tile 0B1A29 (room 0x44),26.523,no,"the line between them leaves the walkable area (a wall's thickness, or another floor)",
wall of tile 017229 (room 0x44),wall of tile 018429 (room 0x44),26.523,no,"the line between them leaves the walkable area (a wall's thickness, or another floor)",
wall of tile 017229 (room 0x44),wall of tile 0F5728 (room 0x44),26.523,no,"the line between them leaves the walkable area (a wall's thickness, or another floor)",
wall of tile 017229 (room 0x44),wall of tile 0F5629 (room 0x44),26.523,no,"the line between them leaves the walkable area (a wall's thickness, or another floor)",
wall of tile 01722A (room 0x44),wall of tile 0B142A (room 0x44),39.785,no,the line between them touches another wall,wall of tile 0B122A (room 0x44)
wall of tile 0B1229 (room 0x44),wall of tile 0B1329 (room 0x44),39.785,no,the line between them touches another wall,wall of tile 0B1429 (room 0x44)
wall of tile 0B1229 (room 0x44),wall of tile 0B1929 (room 0x44),47.816,no,"the line between them leaves the walkable area (a wall's thickness, or another floor)",
wall of tile 0B1229 (room 0x44),wall of tile 0B1829 (room 0x44),26.523,no,"the line between them leaves the walkable area (a wall's thickness, or another floor)",
wall of tile 0B1229 (room 0x44),wall of tile 0B1B29 (room 0x44),26.523,no,"the line between them leaves the walkable area (a wall's thickness, or another floor)",
wall of tile 0B1229 (room 0x44),wall of tile 0B1A29 (room 0x44),26.523,no,"the line between them leaves the walkable area (a wall's thickness, or another floor)",
wall of tile 0B1229 (room 0x44),wall of tile 018429 (room 0x44),47.816,no,"the line between them leaves the walkable area (a wall's thickness, or another floor)",
wall of tile 0B1229 (room 0x44),wall of tile 0F5728 (room 0x44),26.523,no,"the line between them leaves the walkable area (a wall's thickness, or another floor)",
wall of tile 0B1229 (room 0x44),wall of tile 0F5629 (room 0x44),47.816,no,"the line between them leaves the walkable area (a wall's thickness, or another floor)",
wall of tile 0B122A (room 0x44),wall of tile 0B132A (room 0x44),39.785,no,the line between them touches another wall,wall of tile 0B142A (room 0x44)
wall of tile 0B1429 (room 0x44),wall of tile 0B1629 (room 0x44),39.785,no,the line between them touches another wall,wall of tile 0B1329 (room 0x44)
wall of tile 0B1429 (room 0x44),wall of tile 0B1729 (room 0x44),47.816,no,"the line between them leaves the walkable area (a wall's thickness, or another floor)",
wall of tile 0B1429 (room 0x44),wall of tile 0B1929 (room 0x44),26.523,no,"the line between them leaves the walkable area (a wall's thickness, or another floor)",
wall of tile 0B1429 (room 0x44),wall of tile 0B1829 (room 0x44),26.523,no,"the line between them leaves the walkable area (a wall's thickness, or another floor)",
wall of tile 0B1429 (room 0x44),wall of tile 0B1B29 (room 0x44),26.523,no,"the line between them leaves the walkable area (a wall's thickness, or another floor)",
wall of tile 0B1429 (room 0x44),wall of tile 0B1A29 (room 0x44),47.816,no,"the line between them leaves the walkable area (a wall's thickness, or another floor)",
wall of tile 0B1429 (room 0x44),wall of tile 0F5728 (room 0x44),26.523,no,"the line between them leaves the walkable area (a wall's thickness, or another floor)",
wall of tile 0B142A (room 0x44),wall of tile 0B162A (room 0x44),39.785,no,the line between them touches another wall,wall of tile 0B132A (room 0x44)
wall of tile 0B1329 (room 0x44),wall of tile 0B1529 (room 0x44),39.785,no,the line between them touches another wall,wall of tile 0B1629 (room 0x44)
wall of tile 0B1329 (room 0x44),wall of tile 015329 (room 0x44),47.816,no,"the line between them leaves the walkable area (a wall's thickness, or another floor)",
wall of tile 0B1329 (room 0x44),wall of tile 0B1729 (room 0x44),26.523,no,"the line between them leaves the walkable area (a wall's thickness, or another floor)",
wall of tile 0B1329 (room 0x44),wall of tile 0B1929 (room 0x44),26.523,no,"the line between them leaves the walkable area (a wall's thickness, or another floor)",
wall of tile 0B1329 (room 0x44),wall of tile 0B1829 (room 0x44),26.523,no,"the line between them leaves the walkable area (a wall's thickness, or another floor)",
wall of tile 0B1329 (room 0x44),wall of tile 0B1B29 (room 0x44),47.816,no,"the line between them leaves the walkable area (a wall's thickness, or another floor)",
wall of tile 0B1329 (room 0x44),wall of tile 0F5728 (room 0x44),26.523,no,"the line between them leaves the walkable area (a wall's thickness, or another floor)",
wall of tile 0B132A (room 0x44),wall of tile 0B152A (room 0x44),39.785,no,the line between them touches another wall,wall of tile 0B162A (room 0x44)
wall of tile 0B1629 (room 0x44),wall of tile 016329 (room 0x44),39.785,no,the line between them touches another wall,wall of tile 0B1529 (room 0x44)
wall of tile 0B1629 (room 0x44),wall of tile 015329 (room 0x44),26.523,no,"the line between them leaves the walkable area (a wall's thickness, or another floor)",
wall of tile 0B1629 (room 0x44),wall of tile 0B1729 (room 0x44),26.523,no,"the line between them leaves the walkable area (a wall's thickness, or another floor)",
wall of tile 0B1629 (room 0x44),wall of tile 0B1929 (room 0x44),26.523,no,"the line between them leaves the walkable area (a wall's thickness, or another floor)",
wall of tile 0B1629 (room 0x44),wall of tile 0B1829 (room 0x44),47.816,no,"the line between them leaves the walkable area (a wall's thickness, or another floor)",
wall of tile 0B1629 (room 0x44),wall of tile 0F5728 (room 0x44),26.523,no,"the line between them leaves the walkable area (a wall's thickness, or another floor)",
wall of tile 0B162A (room 0x44),wall of tile 01632A (room 0x44),39.785,no,the line between them touches another wall,wall of tile 0B152A (room 0x44)
wall of tile 0B1529 (room 0x44),wall of tile 015329 (room 0x44),26.523,no,"the line between them leaves the walkable area (a wall's thickness, or another floor)",
wall of tile 0B1529 (room 0x44),wall of tile 0B1729 (room 0x44),26.523,no,"the line between them leaves the walkable area (a wall's thickness, or another floor)",
wall of tile 0B1529 (room 0x44),wall of tile 0B1929 (room 0x44),47.816,no,"the line between them leaves the walkable area (a wall's thickness, or another floor)",
wall of tile 0B1529 (room 0x44),wall of tile 004E28 (room 0x44),38.100,no,the far wall faces the other way (it belongs to floor which isn't linked here),
wall of tile 0B1529 (room 0x44),wall of tile 0F5728 (room 0x44),26.523,no,"the line between them leaves the walkable area (a wall's thickness, or another floor)",
wall of tile 016329 (room 0x44),wall of tile 0B172A (room 0x44),39.785,no,the line between them touches another wall,wall of tile 01532A (room 0x44)
wall of tile 016329 (room 0x44),wall of tile 0F9229 (room 0x44),9.117,no,"the line between them leaves the walkable area (a wall's thickness, or another floor)",
wall of tile 016329 (room 0x44),wall of tile 0B1729 (room 0x44),39.785,no,the line between them touches another wall,wall of tile 015329 (room 0x44)
wall of tile 016329 (room 0x44),wall of tile 004E28 (room 0x44),27.352,no,the far wall faces the other way (it belongs to floor which isn't linked here),
wall of tile 015329 (room 0x44),wall of tile 0B1929 (room 0x44),39.785,no,the line between them touches another wall,wall of tile 0B1729 (room 0x44)
wall of tile 015329 (room 0x44),wall of tile 004E28 (room 0x44),27.352,no,the far wall faces the other way (it belongs to floor which isn't linked here),
wall of tile 01532A (room 0x44),wall of tile 0B192A (room 0x44),39.785,no,the line between them touches another wall,wall of tile 0B172A (room 0x44)
wall of tile 01532A (room 0x44),wall of tile 0F9229 (room 0x44),11.620,no,"the line between them leaves the walkable area (a wall's thickness, or another floor)",
wall of tile 01532A (room 0x44),wall of tile 004E28 (room 0x44),27.352,no,the line between them touches another wall,wall of tile 016329 (room 0x44)
wall of tile 0B1729 (room 0x44),wall of tile 0B1829 (room 0x44),39.785,no,the line between them touches another wall,wall of tile 0B1929 (room 0x44)
wall of tile 0B172A (room 0x44),wall of tile 0B182A (room 0x44),39.785,no,the line between them touches another wall,wall of tile 0B192A (room 0x44)
wall of tile 0B172A (room 0x44),wall of tile 0F9229 (room 0x44),15.317,no,"the line between them leaves the walkable area (a wall's thickness, or another floor)",
wall of tile 0B1929 (room 0x44),wall of tile 0B1B29 (room 0x44),39.785,no,the line between them touches another wall,wall of tile 0B1829 (room 0x44)
wall of tile 0B192A (room 0x44),wall of tile 0B1B2A (room 0x44),39.785,no,the line between them touches another wall,wall of tile 0B182A (room 0x44)
wall of tile 0B192A (room 0x44),wall of tile 0B1D29 (room 0x44),47.816,no,"the line between them leaves the walkable area (a wall's thickness, or another floor)",
wall of tile 0B192A (room 0x44),wall of tile 0F9229 (room 0x44),19.014,no,"the line between them leaves the walkable area (a wall's thickness, or another floor)",
wall of tile 0B1829 (room 0x44),wall of tile 0B1A29 (room 0x44),39.785,no,the line between them touches another wall,wall of tile 0B1B29 (room 0x44)
wall of tile 0B182A (room 0x44),wall of tile 0B1A2A (room 0x44),39.785,no,the line between them touches another wall,wall of tile 0B1B2A (room 0x44)
wall of tile 0B182A (room 0x44),wall of tile 0B1C29 (room 0x44),47.816,no,"the line between them leaves the walkable area (a wall's thickness, or another floor)",
wall of tile 0B182A (room 0x44),wall of tile 0B1D29 (room 0x44),26.523,no,"the line between them leaves the walkable area (a wall's thickness, or another floor)",
wall of tile 0B182A (room 0x44),wall of tile 0F9229 (room 0x44),22.711,no,"the line between them leaves the walkable area (a wall's thickness, or another floor)",
wall of tile 0B1B29 (room 0x44),wall of tile 018429 (room 0x44),39.785,no,the line between them touches another wall,wall of tile 0B1A29 (room 0x44)
wall of tile 0B1B29 (room 0x44),wall of tile 0F5629 (room 0x44),39.785,no,the line between them touches another wall,wall of tile 0B1A29 (room 0x44)
wall of tile 0B1B2A (room 0x44),wall of tile 018429 (room 0x44),39.785,no,the line between them touches another wall,wall of tile 0B1A2A (room 0x44)
wall of tile 0B1B2A (room 0x44),wall of tile 0B1C29 (room 0x44),26.523,no,"the line between them leaves the walkable area (a wall's thickness, or another floor)",
wall of tile 0B1B2A (room 0x44),wall of tile 0B1D29 (room 0x44),26.523,no,"the line between them leaves the walkable area (a wall's thickness, or another floor)",
wall of tile 0B1B2A (room 0x44),wall of tile 0F9229 (room 0x44),26.409,no,"the line between them leaves the walkable area (a wall's thickness, or another floor)",
wall of tile 0B1A2A (room 0x44),wall of tile 0B1C29 (room 0x44),26.523,no,"the line between them leaves the walkable area (a wall's thickness, or another floor)",
wall of tile 0B1A2A (room 0x44),wall of tile 0B1D29 (room 0x44),26.523,no,"the line between them leaves the walkable area (a wall's thickness, or another floor)",
wall of tile 0B1A2A (room 0x44),wall of tile 0F9229 (room 0x44),47.816,no,"the line between them leaves the walkable area (a wall's thickness, or another floor)",
wall of tile 018429 (room 0x44),wall of tile 0B1D29 (room 0x44),39.785,no,the line between them touches another wall,wall of tile 0B1C29 (room 0x44)
wall of tile 01842A (room 0x44),wall of tile 0B1D2A (room 0x44),39.785,no,the line between them touches another wall,wall of tile 0B1C2A (room 0x44)
wall of tile 01842A (room 0x44),wall of tile 0F4F2A (room 0x44),39.785,no,the line between them touches another wall,wall of tile 0B1C2A (room 0x44)
wall of tile 0B1C29 (room 0x44),wall of tile 0F9229 (room 0x44),39.785,no,the line between them touches another wall,wall of tile 0B1D29 (room 0x44)
wall of tile 0F462A (room 0x44),wall of tile 0AF029 (room 0x44),40.614,no,the line between them touches another wall,wall of tile 0F5128 (room 0x44)
wall of tile 0F4629 (room 0x44),wall of tile 001428 (room 0x44),53.047,no,the line between them touches another wall,wall of tile 001328 (room 0x44)
wall of tile 0F4629 (room 0x44),wall of tile 001B28 (room 0x44),53.047,no,the line between them touches another wall,wall of tile 001B28 (room 0x44)
wall of tile 001428 (room 0x44),wall of tile 0F552A (room 0x44),53.047,no,the line between them touches another wall,wall of tile 001428 (room 0x44)
wall of tile 001428 (room 0x44),wall of tile 013129 (room 0x44),53.047,no,the far wall faces the other way (it belongs to floor which isn't linked here),
wall of tile 001A28 (room 0x44),wall of tile 001928 (room 0x44),53.047,no,the line between them touches another wall,wall of tile 001828 (room 0x44)
wall of tile 0F5128 (room 0x44),wall of tile 019C29 (room 0x44),38.127,no,the far wall faces the other way (it belongs to floor which isn't linked here),
wall of tile 001828 (room 0x44),wall of tile 001B28 (room 0x44),53.047,no,the line between them touches another wall,wall of tile 001A28 (room 0x44)
wall of tile 001828 (room 0x44),wall of tile 0BC928 (room 0x3f),54.679,no,"the line between them leaves the walkable area (a wall's thickness, or another floor)",
wall of tile 001828 (room 0x44),wall of tile 0BB828 (room 0x3f),53.047,no,"the line between them leaves the walkable area (a wall's thickness, or another floor)",
wall of tile 001828 (room 0x44),wall of tile 0BCA28 (room 0x3f),54.679,no,"the line between them leaves the walkable area (a wall's thickness, or another floor)",
wall of tile 0F522A (room 0x44),wall of tile 0AE329 (room 0x44),42.272,no,the line between them touches another wall,wall of tile 0F5128 (room 0x44)
wall of tile 0F522A (room 0x44),wall of tile 0AE32A (room 0x44),42.272,no,the line between them touches another wall,wall of tile 0F4C2A (room 0x44)
wall of tile 0F522A (room 0x44),wall of tile 0AE429 (room 0x44),2.487,no,the line between them touches another wall,wall of tile 0F5128 (room 0x44)
wall of tile 0F522A (room 0x44),wall of tile 0AE42A (room 0x44),2.487,no,the line between them touches another wall,wall of tile 0F4C2A (room 0x44)
wall of tile 0F522A (room 0x44),wall of tile 019C29 (room 0x44),38.127,no,the far wall faces the other way (it belongs to floor which isn't linked here),
wall of tile 0F522A (room 0x44),wall of tile 019C2A (room 0x44),38.127,no,the far wall faces the other way (it belongs to floor which isn't linked here),
wall of tile 001C28 (room 0x44),wall of tile 001928 (room 0x44),53.047,no,the line between them touches another wall,wall of tile 001928 (room 0x44)
wall of tile 0F4C2A (room 0x44),wall of tile 019C2A (room 0x44),38.127,no,the far wall faces the other way (it belongs to floor which isn't linked here),
wall of tile 0F4E2A (room 0x44),wall of tile 0AF02A (room 0x44),40.614,no,the line between them touches another wall,wall of tile 0F4C2A (room 0x44)
wall of tile 10762A (room 0x43),wall of tile 056729 (room 0x40),26.523,no,"the line between them leaves the walkable area (a wall's thickness, or another floor)",
wall of tile 10762A (room 0x43),wall of tile 056829 (room 0x40),26.523,no,"the line between them leaves the walkable area (a wall's thickness, or another floor)",
wall of tile 10752A (room 0x44),wall of tile 0BDA28 (room 0x40),59.308,no,"the line between them leaves the walkable area (a wall's thickness, or another floor)",
wall of tile 10752A (room 0x44),wall of tile 0BDA28 (room 0x40),26.523,no,"the line between them leaves the walkable area (a wall's thickness, or another floor)",
wall of tile 10752A (room 0x44),wall of tile 056729 (room 0x40),26.523,no,"the line between them leaves the walkable area (a wall's thickness, or another floor)",
wall of tile 10752A (room 0x44),wall of tile 056829 (room 0x40),26.523,no,"the line between them leaves the walkable area (a wall's thickness, or another floor)",
wall of tile 10752A (room 0x44),wall of tile 0BDA28 (room 0x40),59.308,no,"the line between them leaves the walkable area (a wall's thickness, or another floor)",
wall of tile 10752A (room 0x44),wall of tile 0BDA28 (room 0x40),26.523,no,"the line between them leaves the walkable area (a wall's thickness, or another floor)",
wall of tile 10752A (room 0x44),wall of tile 056729 (room 0x40),26.523,no,"the line between them leaves the walkable area (a wall's thickness, or another floor)",
wall of tile 107629 (room 0x43),wall of tile 056829 (room 0x40),26.523,no,"the line between them leaves the walkable area (a wall's thickness, or another floor)",
wall of tile 107828 (room 0x43),wall of tile 056829 (room 0x40),26.523,no,"the line between them leaves the walkable area (a wall's thickness, or another floor)",
wall of tile 107828 (room 0x43),wall of tile 056929 (room 0x40),26.523,no,"the line between them leaves the walkable area (a wall's thickness, or another floor)",
wall of tile 10F52A (room 0x42),wall of tile 11B429 (room 0x46),33.154,no,the line between them touches another wall,wall of tile 11B329 (room 0x42)
wall of tile 10F52A (room 0x42),wall of tile 111129 (room 0x42),33.247,no,the line between them touches another wall,wall of tile 11112A (room 0x42)
wall of tile 11B329 (room 0x42),wall of tile 11112A (room 0x42),13.262,no,the line between them touches another wall,wall of tile 10F52A (room 0x42)
wall of tile 11B329 (room 0x42),wall of tile 111129 (room 0x42),15.748,no,"the line between them leaves the walkable area (a wall's thickness, or another floor)",
wall of tile 11B32A (room 0x42),wall of tile 110D29 (room 0x42),13.262,no,the line between them touches another wall,wall of tile 10F82A (room 0x42)
wall of tile 11B32A (room 0x42),wall of tile 110D2A (room 0x42),21.550,no,"the line between them leaves the walkable area (a wall's thickness, or another floor)",
wall of tile 11B429 (room 0x46),wall of tile 11112A (room 0x42),15.704,no,"the line between them leaves the walkable area (a wall's thickness, or another floor)",
wall of tile 11B429 (room 0x46),wall of tile 111129 (room 0x42),15.748,no,"the line between them leaves the walkable area (a wall's thickness, or another floor)",
wall of tile 11B42A (room 0x46),wall of tile 10F82A (room 0x42),33.154,no,the line between them touches another wall,wall of tile 11B32A (room 0x42)
wall of tile 11B42A (room 0x46),wall of tile 110D29 (room 0x42),20.907,no,"the line between them leaves the walkable area (a wall's thickness, or another floor)",
wall of tile 11B42A (room 0x46),wall of tile 110D2A (room 0x42),21.550,no,"the line between them leaves the walkable area (a wall's thickness, or another floor)",
wall of tile 10F82A (room 0x42),wall of tile 110D2A (room 0x42),34.175,no,the line between them touches another wall,wall of tile 110D29 (room 0x42)
wall of tile 0EAB29 (room 0x42),wall of tile 076C29 (room 0x42),13.262,no,the far wall faces the other way (it belongs to floor which isn't linked here),
wall of tile 110D2A (room 0x42),wall of tile 077729 (room 0x42),26.523,no,the line between them touches another wall,wall of tile 0DE128 (room 0x42)
wall of tile 110D2A (room 0x42),wall of tile 07772B (room 0x42),26.523,no,the line between them touches another wall,wall of tile 0DE128 (room 0x42)
wall of tile 0DE128 (room 0x42),wall of tile 0DDD28 (room 0x42),26.523,no,"the line between them leaves the walkable area (a wall's thickness, or another floor)",
wall of tile 0DE128 (room 0x42),wall of tile 106B28 (room 0x41),41.937,no,"the line between them leaves the walkable area (a wall's thickness, or another floor)",
wall of tile 0DE128 (room 0x42),wall of tile 0F8929 (room 0x41),13.262,no,"the line between them leaves the walkable area (a wall's thickness, or another floor)",
wall of tile 0DE128 (room 0x42),wall of tile 104728 (room 0x41),29.654,no,"the line between them leaves the walkable area (a wall's thickness, or another floor)",
wall of tile 0DE128 (room 0x42),wall of tile 0DE628 (room 0x45),26.523,no,"the line between them leaves the walkable area (a wall's thickness, or another floor)",
wall of tile 0DE128 (room 0x42),wall of tile 119428 (room 0x45),39.785,no,"the line between them leaves the walkable area (a wall's thickness, or another floor)",
wall of tile 0DE128 (room 0x42),door 0x1c7e0c (preset 0x0086),26.524,no,"the line between them leaves the walkable area (a wall's thickness, or another floor)",
wall of tile 0DE128 (room 0x42),door 0x1c7e0c (preset 0x0086),26.524,no,"the line between them leaves the walkable area (a wall's thickness, or another floor)",
wall of tile 0DE128 (room 0x42),door 0x1c7e0c (preset 0x0086),28.629,no,"the line between them leaves the walkable area (a wall's thickness, or another floor)",
wall of tile 0DE128 (room 0x42),door 0x1c7e0c (preset 0x0086),26.524,no,"the line between them leaves the walkable area (a wall's thickness, or another floor)",
wall of tile 0DE128 (room 0x42),wall of tile 0DE028 (room 0x42),13.262,no,the line between them touches another wall,wall of tile 0DE128 (room 0x42)
wall of tile 0DE128 (room 0x42),wall of tile 0DDD28 (room 0x42),26.523,no,"the line between them leaves the walkable area (a wall's thickness, or another floor)",
wall of tile 0DE128 (room 0x42),wall of tile 106B28 (room 0x41),13.262,no,"the line between them leaves the walkable area (a wall's thickness, or another floor)",
wall of tile 0DE128 (room 0x42),wall of tile 0F8929 (room 0x41),13.262,no,"the line between them leaves the walkable area (a wall's thickness, or another floor)",
wall of tile 0DE128 (room 0x42),wall of tile 104728 (room 0x41),29.654,no,"the line between them leaves the walkable area (a wall's thickness, or another floor)",
wall of tile 0DE128 (room 0x42),wall of tile 0DE628 (room 0x45),26.523,no,"the line between them leaves the walkable area (a wall's thickness, or another floor)",
wall of tile 0DE128 (room 0x42),wall of tile 119428 (room 0x45),39.785,no,"the line between them leaves the walkable area (a wall's thickness, or another floor)",
wall of tile 0DE128 (room 0x42),wall of tile 119528 (room 0x45),39.785,no,"the line between them leaves the walkable area (a wall's thickness, or another floor)",
wall of tile 0DE128 (room 0x42),door 0x1c7e0c (preset 0x0086),26.537,no,"the line between them leaves the walkable area (a wall's thickness, or another floor)",
wall of tile 0DE128 (room 0x42),door 0x1c7e0c (preset 0x0086),26.524,no,"the line between them leaves the walkable area (a wall's thickness, or another floor)",
wall of tile 0DE128 (room 0x42),door 0x1c7e0c (preset 0x0086),28.629,no,"the line between them leaves the walkable area (a wall's thickness, or another floor)",
wall of tile 0DE128 (room 0x42),door 0x1c7e0c (preset 0x0086),26.537,no,"the line between them leaves the walkable area (a wall's thickness, or another floor)",
wall of tile 0DE028 (room 0x42),wall of tile 07772B (room 0x42),13.262,no,"the line between them leaves the walkable area (a wall's thickness, or another floor)",
wall of tile 0DE028 (room 0x42),wall of tile 106B28 (room 0x41),47.816,no,"the line between them leaves the walkable area (a wall's thickness, or another floor)",
wall of tile 0DE028 (room 0x42),wall of tile 0F8929 (room 0x41),26.523,no,"the line between them leaves the walkable area (a wall's thickness, or another floor)",
wall of tile 0DE028 (room 0x42),wall of tile 104728 (room 0x41),26.523,no,the line between them touches another wall,wall of tile 0DDD28 (room 0x42)
wall of tile 0DE028 (room 0x42),wall of tile 0DE628 (room 0x45),13.262,no,the line between them touches another wall,wall of tile 0DDD28 (room 0x42)
wall of tile 0DE028 (room 0x42),wall of tile 119428 (room 0x45),53.047,no,"the line between them leaves the walkable area (a wall's thickness, or another floor)",
wall of tile 0DE028 (room 0x42),door 0x1c7e0c (preset 0x0086),12.433,no,"another wall pokes into the space between them, so a tighter pair covers this gap",wall of tile 0DDD28 (room 0x42)
wall of tile 0DE028 (room 0x42),door 0x1c7e0c (preset 0x0086),12.433,no,"another wall pokes into the space between them, so a tighter pair covers this gap",wall of tile 0DDD28 (room 0x42)
wall of tile 0DE028 (room 0x42),door 0x1c7e0c (preset 0x0086),24.037,no,"another wall pokes into the space between them, so a tighter pair covers this gap",wall of tile 0DDD28 (room 0x42)
wall of tile 0DE028 (room 0x42),door 0x1c7e0c (preset 0x0086),12.433,no,"another wall pokes into the space between them, so a tighter pair covers this gap",wall of tile 0DDD28 (room 0x42)
wall of tile 0DDD28 (room 0x42),wall of tile 0F8929 (room 0x41),13.262,no,the line between them touches another wall,wall of tile 0DE628 (room 0x45)
wall of tile 0DDD28 (room 0x42),wall of tile 104728 (room 0x41),13.262,no,the line between them touches another wall,wall of tile 0DE628 (room 0x45)
wall of tile 0DDD28 (room 0x42),wall of tile 119428 (room 0x45),39.785,no,the line between them touches another wall,wall of tile 0DE628 (room 0x45)
wall of tile 0DDD28 (room 0x42),door 0x1c7e0c (preset 0x0086),0.000,yes,,
wall of tile 0DDD28 (room 0x42),door 0x1c7e0c (preset 0x0086),0.000,yes,,
wall of tile 0DDD28 (room 0x42),door 0x1c7e0c (preset 0x0086),10.775,no,"another wall pokes into the space between them, so a tighter pair covers this gap",wall of tile 0DE628 (room 0x45)
wall of tile 0DDD28 (room 0x42),door 0x1c7e0c (preset 0x0086),0.000,yes,,
wall of tile 0DE428 (room 0x42),wall of tile 0DE328 (room 0x42),26.523,no,"the line between them leaves the walkable area (a wall's thickness, or another floor)",
wall of tile 0DE428 (room 0x42),wall of tile 0DE328 (room 0x42),26.523,no,"the line between them leaves the walkable area (a wall's thickness, or another floor)",
wall of tile 0DE428 (room 0x42),wall of tile 104828 (room 0x42),39.785,no,the far wall faces the other way (it belongs to floor which isn't linked here),
wall of tile 0DE428 (room 0x42),wall of tile 0F8F2A (room 0x42),41.937,no,the far wall faces the other way (it belongs to floor which isn't linked here),
wall of tile 0DE428 (room 0x42),wall of tile 103F2A (room 0x42),39.785,no,the far wall faces the other way (it belongs to floor which isn't linked here),
wall of tile 0DE428 (room 0x42),wall of tile 10402A (room 0x41),39.785,no,the far wall faces the other way (it belongs to floor which isn't linked here),
wall of tile 0DE428 (room 0x42),wall of tile 0F8B2A (room 0x41),55.679,no,the far wall faces the other way (it belongs to floor which isn't linked here),
wall of tile 0DE428 (room 0x42),wall of tile 0DD02A (room 0x41),41.596,no,the far wall faces the other way (it belongs to floor which isn't linked here),
wall of tile 0DE428 (room 0x42),wall of tile 0DD02A (room 0x41),12.433,no,the line between them touches another wall,wall of tile 0DE828 (room 0x45)
wall of tile 0DE428 (room 0x42),wall of tile 119828 (room 0x45),38.956,no,the line between them touches another wall,wall of tile 0DE828 (room 0x45)
wall of tile 0DE428 (room 0x42),door 0x1c7d0c (preset 0x0085),9.947,no,"another wall pokes into the space between them, so a tighter pair covers this gap",wall of tile 0DE828 (room 0x45)
wall of tile 0DE428 (room 0x42),door 0x1c7d0c (preset 0x0085),9.946,no,"another wall pokes into the space between them, so a tighter pair covers this gap",wall of tile 0DE828 (room 0x45)
wall of tile 0DE428 (room 0x42),door 0x1c7d0c (preset 0x0085),0.000,yes,,
wall of tile 0DE428 (room 0x42),door 0x1c7d0c (preset 0x0085),0.000,yes,,
wall of tile 0DE428 (room 0x42),door 0x1c9894 (preset 0x0083),41.443,no,the far wall faces the other way (it belongs to floor which isn't linked here),
wall of tile 0DE428 (room 0x42),door 0x1c9894 (preset 0x0083),41.443,no,the far wall faces the other way (it belongs to floor which isn't linked here),
wall of tile 0DE428 (room 0x42),door 0x1c9894 (preset 0x0083),39.785,no,the far wall faces the other way (it belongs to floor which isn't linked here),
wall of tile 0DE428 (room 0x42),door 0x1c9894 (preset 0x0083),39.785,no,the far wall faces the other way (it belongs to floor which isn't linked here),
wall of tile 0DE528 (room 0x42),wall of tile 0DE328 (room 0x42),13.262,no,the line between them touches another wall,wall of tile 0DE328 (room 0x42)
wall of tile 0DE528 (room 0x42),wall of tile 104828 (room 0x42),13.262,no,"the line between them leaves the walkable area (a wall's thickness, or another floor)",
wall of tile 0DE528 (room 0x42),wall of tile 104828 (room 0x42),39.785,no,the far wall faces the other way (it belongs to floor which isn't linked here),
wall of tile 0DE528 (room 0x42),wall of tile 0F8F2A (room 0x42),41.937,no,the far wall faces the other way (it belongs to floor which isn't linked here),
wall of tile 0DE528 (room 0x42),wall of tile 103F2A (room 0x42),39.785,no,the far wall faces the other way (it belongs to floor which isn't linked here),
wall of tile 0DE528 (room 0x42),wall of tile 10402A (room 0x41),41.937,no,the far wall faces the other way (it belongs to floor which isn't linked here),
wall of tile 0DE528 (room 0x42),wall of tile 0DD02A (room 0x41),47.816,no,the far wall faces the other way (it belongs to floor which isn't linked here),
wall of tile 0DE528 (room 0x42),wall of tile 0DD02A (room 0x41),26.523,no,"the line between them leaves the walkable area (a wall's thickness, or another floor)",
wall of tile 0DE528 (room 0x42),wall of tile 0DE828 (room 0x45),14.091,no,the line between them touches another wall,wall of tile 0DE428 (room 0x42)
wall of tile 0DE528 (room 0x42),wall of tile 119828 (room 0x45),53.047,no,"the line between them leaves the walkable area (a wall's thickness, or another floor)",
wall of tile 0DE528 (room 0x42),door 0x1c7d0c (preset 0x0085),24.037,no,"another wall pokes into the space between them, so a tighter pair covers this gap",wall of tile 0DE428 (room 0x42)
wall of tile 0DE528 (room 0x42),door 0x1c7d0c (preset 0x0085),24.037,no,"another wall pokes into the space between them, so a tighter pair covers this gap",wall of tile 0DE428 (room 0x42)
wall of tile 0DE528 (room 0x42),door 0x1c7d0c (preset 0x0085),12.433,no,"another wall pokes into the space between them, so a tighter pair covers this gap",wall of tile 0DE428 (room 0x42)
wall of tile 0DE528 (room 0x42),door 0x1c7d0c (preset 0x0085),12.433,no,"another wall pokes into the space between them, so a tighter pair covers this gap",wall of tile 0DE428 (room 0x42)
wall of tile 0DE528 (room 0x42),door 0x1c9894 (preset 0x0083),47.361,no,the far wall faces the other way (it belongs to floor which isn't linked here),
wall of tile 0DE528 (room 0x42),door 0x1c9894 (preset 0x0083),47.361,no,the far wall faces the other way (it belongs to floor which isn't linked here),
wall of tile 0DE528 (room 0x42),door 0x1c9894 (preset 0x0083),42.207,no,the far wall faces the other way (it belongs to floor which isn't linked here),
wall of tile 0DE528 (room 0x42),door 0x1c9894 (preset 0x0083),42.207,no,the far wall faces the other way (it belongs to floor which isn't linked here),
wall of tile 0DE328 (room 0x42),wall of tile 0AD12A (room 0x42),39.785,no,the line between them touches another wall,wall of tile 0F702A (room 0x42)
wall of tile 0DE328 (room 0x42),wall of tile 0DD128 (room 0x41),13.262,no,"the line between them leaves the walkable area (a wall's thickness, or another floor)",
wall of tile 0DE328 (room 0x42),wall of tile 0DD02A (room 0x41),13.262,no,"the line between them leaves the walkable area (a wall's thickness, or another floor)",
wall of tile 0DE328 (room 0x42),wall of tile 0DE828 (room 0x45),26.536,no,"the line between them leaves the walkable area (a wall's thickness, or another floor)",
wall of tile 0DE328 (room 0x42),wall of tile 119828 (room 0x45),39.785,no,"the line between them leaves the walkable area (a wall's thickness, or another floor)",
wall of tile 0DE328 (room 0x42),wall of tile 11A628 (room 0x45),39.785,no,"the line between them leaves the walkable area (a wall's thickness, or another floor)",
wall of tile 0DE328 (room 0x42),door 0x1c7d0c (preset 0x0085),28.629,no,"the line between them leaves the walkable area (a wall's thickness, or another floor)",
wall of tile 0DE328 (room 0x42),door 0x1c7d0c (preset 0x0085),28.629,no,"the line between them leaves the walkable area (a wall's thickness, or another floor)",
wall of tile 0DE328 (room 0x42),door 0x1c7d0c (preset 0x0085),26.524,no,"the line between them leaves the walkable area (a wall's thickness, or another floor)",
wall of tile 0DE328 (room 0x42),door 0x1c7d0c (preset 0x0085),26.537,no,"the line between them leaves the walkable area (a wall's thickness, or another floor)",
wall of tile 0DE328 (room 0x42),wall of tile 0DD02A (room 0x41),13.262,no,"the line between them leaves the walkable area (a wall's thickness, or another floor)",
wall of tile 0DE328 (room 0x42),wall of tile 0DE828 (room 0x45),26.536,no,"the line between them leaves the walkable area (a wall's thickness, or another floor)",
wall of tile 0DE328 (room 0x42),wall of tile 119828 (room 0x45),39.785,no,"the line between them leaves the walkable area (a wall's thickness, or another floor)",
wall of tile 0DE328 (room 0x42),door 0x1c7d0c (preset 0x0085),28.629,no,"the line between them leaves the walkable area (a wall's thickness, or another floor)",
wall of tile 0DE328 (room 0x42),door 0x1c7d0c (preset 0x0085),28.629,no,"the line between them leaves the walkable area (a wall's thickness, or another floor)",
wall of tile 0DE328 (room 0x42),door 0x1c7d0c (preset 0x0085),26.524,no,"the line between them leaves the walkable area (a wall's thickness, or another floor)",
wall of tile 0DE328 (room 0x42),door 0x1c7d0c (preset 0x0085),26.524,no,"the line between them leaves the walkable area (a wall's thickness, or another floor)",
wall of tile 0F7029 (room 0x42),wall of tile 0AC82A (room 0x42),26.523,no,the line between them touches another wall,wall of tile 0F6F29 (room 0x42)
wall of tile 0F7029 (room 0x42),wall of tile 0ACC29 (room 0x42),37.510,no,the far wall faces the other way (it belongs to floor which isn't linked here),
wall of tile 0F7029 (room 0x42),wall of tile 0ACD29 (room 0x42),26.523,no,the far wall faces the other way (it belongs to floor which isn't linked here),
wall of tile 0F7029 (room 0x42),wall of tile 0ACF29 (room 0x42),26.523,no,the far wall faces the other way (it belongs to floor which isn't linked here),
wall of tile 0F7029 (room 0x42),wall of tile 0ACE29 (room 0x42),26.523,no,the far wall faces the other way (it belongs to floor which isn't linked here),
wall of tile 0F7029 (room 0x42),wall of tile 0AD129 (room 0x42),26.523,no,the far wall faces the other way (it belongs to floor which isn't linked here),
wall of tile 0F7029 (room 0x42),wall of tile 0AD029 (room 0x42),26.523,no,the far wall faces the other way (it belongs to floor which isn't linked here),
wall of tile 0F7029 (room 0x42),wall of tile 0F8C29 (room 0x42),26.523,no,the far wall faces the other way (it belongs to floor which isn't linked here),
wall of tile 0F702A (room 0x42),wall of tile 0ACC2A (room 0x42),26.523,no,the line between them touches another wall,wall of tile 0F6F2A (room 0x42)
wall of tile 0F702A (room 0x42),wall of tile 11A628 (room 0x45),39.785,no,"the line between them leaves the walkable area (a wall's thickness, or another floor)",
wall of tile 0F6F29 (room 0x42),wall of tile 0AC52A (room 0x42),53.047,no,the line between them touches another wall,wall of tile 0F7029 (room 0x42)
wall of tile 0F6F29 (room 0x42),wall of tile 0AC62A (room 0x42),13.262,no,the line between them touches another wall,wall of tile 0F7029 (room 0x42)
wall of tile 0F6F29 (room 0x42),wall of tile 076C29 (room 0x42),13.262,no,the far wall faces the other way (it belongs to floor which isn't linked here),
wall of tile 0F6F29 (room 0x42),wall of tile 076F29 (room 0x42),26.523,no,the far wall faces the other way (it belongs to floor which isn't linked here),
wall of tile 0F6F29 (room 0x42),wall of tile 0ACB29 (room 0x42),26.523,no,the far wall faces the other way (it belongs to floor which isn't linked here),
wall of tile 0F6F29 (room 0x42),wall of tile 0ACC29 (room 0x42),26.523,no,the far wall faces the other way (it belongs to floor which isn't linked here),
wall of tile 0F6F29 (room 0x42),wall of tile 0ACD29 (room 0x42),26.523,no,the far wall faces the other way (it belongs to floor which isn't linked here),
wall of tile 0F6F29 (room 0x42),wall of tile 0ACF29 (room 0x42),29.654,no,the far wall faces the other way (it belongs to floor which isn't linked here),
wall of tile 0F6F29 (room 0x42),wall of tile 0ACE29 (room 0x42),59.308,no,the far wall faces the other way (it belongs to floor which isn't linked here),
wall of tile 0F6F2A (room 0x42),wall of tile 076C29 (room 0x42),13.262,no,the line between them touches another wall,wall of tile 002D28 (room 0x42)
wall of tile 0F6F2A (room 0x42),wall of tile 0ACF2A (room 0x42),13.262,no,the line between them touches another wall,wall of tile 0F702A (room 0x42)
wall of tile 0F6F2A (room 0x42),wall of tile 0ACE2A (room 0x42),53.047,no,the line between them touches another wall,wall of tile 0F702A (room 0x42)
wall of tile 0F6F2A (room 0x42),wall of tile 11A628 (room 0x45),39.785,no,"the line between them leaves the walkable area (a wall's thickness, or another floor)",
wall of tile 0F6F2A (room 0x42),wall of tile 11A528 (room 0x45),39.785,no,"the line between them leaves the walkable area (a wall's thickness, or another floor)",
wall of tile 002D28 (room 0x42),wall of tile 076C29 (room 0x42),13.262,no,the far wall faces the other way (it belongs to floor which isn't linked here),
wall of tile 002E28 (room 0x42),wall of tile 106E28 (room 0x42),26.523,no,the line between them touches another wall,wall of tile 002E28 (room 0x42)
wall of tile 004328 (room 0x44),wall of tile 003E28 (room 0x43),53.047,no,the line between them touches another wall,wall of tile 003F28 (room 0x43)
wall of tile 004328 (room 0x44),wall of tile 004528 (room 0x44),53.047,no,the line between them touches another wall,wall of tile 004528 (room 0x44)
wall of tile 003D28 (room 0x42),wall of tile 003E28 (room 0x43),53.047,no,the line between them touches another wall,wall of tile 003E28 (room 0x43)
wall of tile 003D28 (room 0x42),wall of tile 003128 (room 0x42),53.047,no,the line between them touches another wall,wall of tile 003128 (room 0x42)
wall of tile 000528 (room 0x44),wall of tile 004528 (room 0x44),53.047,no,the line between them touches another wall,wall of tile 004628 (room 0x44)
wall of tile 000528 (room 0x44),wall of tile 000128 (room 0x44),53.047,no,the line between them touches another wall,wall of tile 000628 (room 0x44)
wall of tile 000B28 (room 0x44),wall of tile 000C28 (room 0x44),53.047,no,the line between them touches another wall,wall of tile 000C28 (room 0x44)
wall of tile 000B28 (room 0x44),wall of tile 000228 (room 0x44),53.047,no,the line between them touches another wall,wall of tile 000328 (room 0x44)
wall of tile 0F552A (room 0x44),wall of tile 000C28 (room 0x44),53.047,no,the line between them touches another wall,wall of tile 000D28 (room 0x44)
wall of tile 000C28 (room 0x44),wall of tile 013129 (room 0x44),53.047,no,the far wall faces the other way (it belongs to floor which isn't linked here),
wall of tile 000C28 (room 0x44),wall of tile 0FF822 (room 0x3d),13.262,no,"the line between them leaves the walkable area (a wall's thickness, or another floor)",
wall of tile 000C28 (room 0x44),wall of tile 033220 (room 0x3d),13.262,no,"the line between them leaves the walkable area (a wall's thickness, or another floor)",
wall of tile 000C28 (room 0x44),wall of tile 033320 (room 0x3d),53.047,no,"the line between them leaves the walkable area (a wall's thickness, or another floor)",
wall of tile 000C28 (room 0x44),wall of tile 033520 (room 0x3d),59.308,no,"the line between them leaves the walkable area (a wall's thickness, or another floor)",
wall of tile 000C28 (room 0x44),wall of tile 024D21 (room 0x3d),13.262,no,"the line between them leaves the walkable area (a wall's thickness, or another floor)",
wall of tile 000C28 (room 0x44),door 0x1c9794 (preset 0x0079),0.000,no,the far wall faces the other way (it belongs to floor which isn't linked here),
wall of tile 000C28 (room 0x44),door 0x1c9794 (preset 0x0079),11.604,no,"the line between them leaves the walkable area (a wall's thickness, or another floor)",
wall of tile 000C28 (room 0x44),wall of tile 033220 (room 0x3d),13.262,no,"the line between them leaves the walkable area (a wall's thickness, or another floor)",
wall of tile 000C28 (room 0x44),wall of tile 033320 (room 0x3d),53.047,no,"the line between them leaves the walkable area (a wall's thickness, or another floor)",
wall of tile 000C28 (room 0x44),wall of tile 033520 (room 0x3d),59.308,no,"the line between them leaves the walkable area (a wall's thickness, or another floor)",
wall of tile 000C28 (room 0x44),wall of tile 024D21 (room 0x3d),13.262,no,"the line between them leaves the walkable area (a wall's thickness, or another floor)",
wall of tile 000228 (room 0x44),wall of tile 000128 (room 0x44),53.047,no,the line between them touches another wall,wall of tile 000228 (room 0x44)
wall of tile 076429 (room 0x42),wall of tile 0AC529 (room 0x42),39.785,no,the line between them touches another wall,wall of tile 0AC429 (room 0x42)
wall of tile 07642A (room 0x42),wall of tile 0AC52A (room 0x42),39.785,no,the line between them touches another wall,wall of tile 0AC42A (room 0x42)
wall of tile 07642A (room 0x42),wall of tile 0ACE29 (room 0x42),47.816,no,"the line between them leaves the walkable area (a wall's thickness, or another floor)",
wall of tile 07642A (room 0x42),wall of tile 0AD129 (room 0x42),26.523,no,"the line between them leaves the walkable area (a wall's thickness, or another floor)",
wall of tile 07642A (room 0x42),wall of tile 0AD029 (room 0x42),26.523,no,"the line between them leaves the walkable area (a wall's thickness, or another floor)",
wall of tile 07642A (room 0x42),wall of tile 0F8C29 (room 0x42),26.523,no,the far wall faces the other way (it belongs to floor which isn't linked here),
wall of tile 0AC429 (room 0x42),wall of tile 0AC629 (room 0x42),39.785,no,the line between them touches another wall,wall of tile 0AC529 (room 0x42)
wall of tile 0AC42A (room 0x42),wall of tile 0AC62A (room 0x42),39.785,no,the line between them touches another wall,wall of tile 0AC52A (room 0x42)
wall of tile 0AC42A (room 0x42),wall of tile 0ACF29 (room 0x42),47.816,no,"the line between them leaves the walkable area (a wall's thickness, or another floor)",
wall of tile 0AC42A (room 0x42),wall of tile 0ACE29 (room 0x42),26.523,no,"the line between them leaves the walkable area (a wall's thickness, or another floor)",
wall of tile 0AC42A (room 0x42),wall of tile 0AD129 (room 0x42),26.523,no,"the line between them leaves the walkable area (a wall's thickness, or another floor)",
wall of tile 0AC42A (room 0x42),wall of tile 0AD029 (room 0x42),26.523,no,"the line between them leaves the walkable area (a wall's thickness, or another floor)",
wall of tile 0AC42A (room 0x42),wall of tile 0F8C29 (room 0x42),47.816,no,"the line between them leaves the walkable area (a wall's thickness, or another floor)",
wall of tile 0AC529 (room 0x42),wall of tile 0AC929 (room 0x42),39.785,no,the line between them touches another wall,wall of tile 0AC629 (room 0x42)
wall of tile 0AC52A (room 0x42),wall of tile 0AC92A (room 0x42),39.785,no,the line between them touches another wall,wall of tile 0AC62A (room 0x42)
wall of tile 0AC52A (room 0x42),wall of tile 0ACD29 (room 0x42),47.816,no,"the line between them leaves the walkable area (a wall's thickness, or another floor)",
wall of tile 0AC52A (room 0x42),wall of tile 0ACF29 (room 0x42),26.523,no,"the line between them leaves the walkable area (a wall's thickness, or another floor)",
wall of tile 0AC52A (room 0x42),wall of tile 0ACE29 (room 0x42),26.523,no,"the line between them leaves the walkable area (a wall's thickness, or another floor)",
wall of tile 0AC52A (room 0x42),wall of tile 0AD129 (room 0x42),26.523,no,"the line between them leaves the walkable area (a wall's thickness, or another floor)",
wall of tile 0AC52A (room 0x42),wall of tile 0AD029 (room 0x42),47.816,no,"the line between them leaves the walkable area (a wall's thickness, or another floor)",
wall of tile 0AC629 (room 0x42),wall of tile 0AC829 (room 0x42),39.785,no,the line between them touches another wall,wall of tile 0AC929 (room 0x42)
wall of tile 0AC62A (room 0x42),wall of tile 0AC82A (room 0x42),39.785,no,the line between them touches another wall,wall of tile 0AC92A (room 0x42)
wall of tile 0AC62A (room 0x42),wall of tile 0ACC29 (room 0x42),47.816,no,"the line between them leaves the walkable area (a wall's thickness, or another floor)",
wall of tile 0AC62A (room 0x42),wall of tile 0ACD29 (room 0x42),26.523,no,"the line between them leaves the walkable area (a wall's thickness, or another floor)",
wall of tile 0AC62A (room 0x42),wall of tile 0ACF29 (room 0x42),26.523,no,"the line between them leaves the walkable area (a wall's thickness, or another floor)",
wall of tile 0AC62A (room 0x42),wall of tile 0ACE29 (room 0x42),26.523,no,"the line between them leaves the walkable area (a wall's thickness, or another floor)",
wall of tile 0AC62A (room 0x42),wall of tile 0AD129 (room 0x42),47.816,no,"the line between them leaves the walkable area (a wall's thickness, or another floor)",
wall of tile 0AC929 (room 0x42),wall of tile 0AC729 (room 0x42),39.785,no,the line between them touches another wall,wall of tile 0AC829 (room 0x42)
wall of tile 0AC92A (room 0x42),wall of tile 0AC72A (room 0x42),39.785,no,the line between them touches another wall,wall of tile 0AC82A (room 0x42)
wall of tile 0AC92A (room 0x42),wall of tile 0ACB29 (room 0x42),47.816,no,"the line between them leaves the walkable area (a wall's thickness, or another floor)",
wall of tile 0AC92A (room 0x42),wall of tile 0ACC29 (room 0x42),26.523,no,"the line between them leaves the walkable area (a wall's thickness, or another floor)",
wall of tile 0AC92A (room 0x42),wall of tile 0ACD29 (room 0x42),26.523,no,"the line between them leaves the walkable area (a wall's thickness, or another floor)",
wall of tile 0AC92A (room 0x42),wall of tile 0ACF29 (room 0x42),26.523,no,"the line between them leaves the walkable area (a wall's thickness, or another floor)",
wall of tile 0AC92A (room 0x42),wall of tile 0ACE29 (room 0x42),47.816,no,"the line between them leaves the walkable area (a wall's thickness, or another floor)",
wall of tile 0AC829 (room 0x42),wall of tile 0ACA29 (room 0x42),39.785,no,the line between them touches another wall,wall of tile 0AC729 (room 0x42)
wall of tile 0AC82A (room 0x42),wall of tile 0ACA2A (room 0x42),39.785,no,the line between them touches another wall,wall of tile 0AC72A (room 0x42)
wall of tile 0AC82A (room 0x42),wall of tile 076F29 (room 0x42),47.816,no,"the line between them leaves the walkable area (a wall's thickness, or another floor)",
wall of tile 0AC82A (room 0x42),wall of tile 0ACB29 (room 0x42),26.523,no,"the line between them leaves the walkable area (a wall's thickness, or another floor)",
wall of tile 0AC82A (room 0x42),wall of tile 0ACC29 (room 0x42),26.523,no,"the line between them leaves the walkable area (a wall's thickness, or another floor)",
wall of tile 0AC82A (room 0x42),wall of tile 0ACD29 (room 0x42),26.523,no,"the line between them leaves the walkable area (a wall's thickness, or another floor)",
wall of tile 0AC82A (room 0x42),wall of tile 0ACF29 (room 0x42),47.816,no,"the line between them leaves the walkable area (a wall's thickness, or another floor)",
wall of tile 0AC729 (room 0x42),wall of tile 076E28 (room 0x42),40.614,no,the line between them touches another wall,wall of tile 0ACA29 (room 0x42)
wall of tile 0AC72A (room 0x42),wall of tile 076C2A (room 0x42),40.614,no,the line between them touches another wall,wall of tile 0ACA2A (room 0x42)
wall of tile 0AC72A (room 0x42),wall of tile 076F29 (room 0x42),26.523,no,"the line between them leaves the walkable area (a wall's thickness, or another floor)",
wall of tile 0AC72A (room 0x42),wall of tile 0ACB29 (room 0x42),26.523,no,"the line between them leaves the walkable area (a wall's thickness, or another floor)",
wall of tile 0AC72A (room 0x42),wall of tile 0ACC29 (room 0x42),26.523,no,"the line between them leaves the walkable area (a wall's thickness, or another floor)",
wall of tile 0AC72A (room 0x42),wall of tile 0ACD29 (room 0x42),47.816,no,"the line between them leaves the walkable area (a wall's thickness, or another floor)",
wall of tile 0ACA2A (room 0x42),wall of tile 076F29 (room 0x42),26.523,no,"the line between them leaves the walkable area (a wall's thickness, or another floor)",
wall of tile 0ACA2A (room 0x42),wall of tile 0ACB29 (room 0x42),26.523,no,"the line between them leaves the walkable area (a wall's thickness, or another floor)",
wall of tile 0ACA2A (room 0x42),wall of tile 0ACC29 (room 0x42),47.816,no,"the line between them leaves the walkable area (a wall's thickness, or another floor)",
wall of tile 076C2A (room 0x42),wall of tile 0ACB29 (room 0x42),40.614,no,the line between them touches another wall,wall of tile 076F29 (room 0x42)
wall of tile 076D28 (room 0x42),wall of tile 0ACB2A (room 0x42),40.614,no,the line between them touches another wall,wall of tile 076F2A (room 0x42)
wall of tile 076D28 (room 0x42),wall of tile 11A628 (room 0x45),39.785,no,"the line between them leaves the walkable area (a wall's thickness, or another floor)",
wall of tile 076D28 (room 0x42),wall of tile 11A528 (room 0x45),39.785,no,"the line between them leaves the walkable area (a wall's thickness, or another floor)",
wall of tile 076F2A (room 0x42),wall of tile 0ACC2A (room 0x42),39.785,no,the line between them touches another wall,wall of tile 0ACB2A (room 0x42)
wall of tile 076F2A (room 0x42),wall of tile 11A628 (room 0x45),39.785,no,"the line between them leaves the walkable area (a wall's thickness, or another floor)",
wall of tile 076F2A (room 0x42),wall of tile 11A528 (room 0x45),47.816,no,"the line between them leaves the walkable area (a wall's thickness, or another floor)",
wall of tile 076F29 (room 0x42),wall of tile 0ACC29 (room 0x42),39.785,no,the line between them touches another wall,wall of tile 0ACB29 (room 0x42)
wall of tile 0ACB2A (room 0x42),wall of tile 0ACD2A (room 0x42),39.785,no,the line between them touches another wall,wall of tile 0ACC2A (room 0x42)
wall of tile 0ACB2A (room 0x42),wall of tile 11A628 (room 0x45),39.785,no,"the line between them leaves the walkable area (a wall's thickness, or another floor)",
wall of tile 0ACB29 (room 0x42),wall of tile 0ACD29 (room 0x42),39.785,no,the line between them touches another wall,wall of tile 0ACC29 (room 0x42)
wall of tile 0ACC2A (room 0x42),wall of tile 0ACF2A (room 0x42),39.785,no,the line between them touches another wall,wall of tile 0ACD2A (room 0x42)
wall of tile 0ACC2A (room 0x42),wall of tile 11A628 (room 0x45),39.785,no,"the line between them leaves the walkable area (a wall's thickness, or another floor)",
wall of tile 0ACC29 (room 0x42),wall of tile 0ACF29 (room 0x42),39.785,no,the line between them touches another wall,wall of tile 0ACD29 (room 0x42)
wall of tile 0ACD2A (room 0x42),wall of tile 0ACE2A (room 0x42),39.785,no,the line between them touches another wall,wall of tile 0ACF2A (room 0x42)
wall of tile 0ACD2A (room 0x42),wall of tile 11A628 (room 0x45),39.785,no,"the line between them leaves the walkable area (a wall's thickness, or another floor)",
wall of tile 0ACD29 (room 0x42),wall of tile 0ACE29 (room 0x42),39.785,no,the line between them touches another wall,wall of tile 0ACF29 (room 0x42)
wall of tile 0ACF2A (room 0x42),wall of tile 0AD12A (room 0x42),39.785,no,the line between them touches another wall,wall of tile 0ACE2A (room 0x42)
wall of tile 0ACF2A (room 0x42),wall of tile 11A628 (room 0x45),39.785,no,"the line between them leaves the walkable area (a wall's thickness, or another floor)",
wall of tile 0ACF29 (room 0x42),wall of tile 0AD129 (room 0x42),39.785,no,the line between them touches another wall,wall of tile 0ACE29 (room 0x42)
wall of tile 0ACE2A (room 0x42),wall of tile 0AD02A (room 0x42),39.785,no,the line between them touches another wall,wall of tile 0AD12A (room 0x42)
wall of tile 0ACE2A (room 0x42),wall of tile 11A628 (room 0x45),39.785,no,"the line between them leaves the walkable area (a wall's thickness, or another floor)",
wall of tile 0ACE29 (room 0x42),wall of tile 0AD029 (room 0x42),39.785,no,the line between them touches another wall,wall of tile 0AD129 (room 0x42)
wall of tile 0AD12A (room 0x42),wall of tile 104828 (room 0x42),39.785,no,the line between them touches another wall,wall of tile 0AD02A (room 0x42)
wall of tile 0AD12A (room 0x42),wall of tile 11A628 (room 0x45),39.785,no,"the line between them leaves the walkable area (a wall's thickness, or another floor)",
wall of tile 0AD129 (room 0x42),wall of tile 0F8C29 (room 0x42),39.785,no,the line between them touches another wall,wall of tile 0AD029 (room 0x42)
wall of tile 0AD02A (room 0x42),wall of tile 11A628 (room 0x45),39.785,no,"the line between them leaves the walkable area (a wall's thickness, or another floor)",
wall of tile 104828 (room 0x42),wall of tile 0F8F2A (room 0x42),26.523,no,the line between them touches another wall,wall of tile 104828 (room 0x42)
wall of tile 104828 (room 0x42),wall of tile 0F8B2A (room 0x41),39.785,no,"the line between them leaves the walkable area (a wall's thickness, or another floor)",
wall of tile 104828 (room 0x42),wall of tile 0DD128 (room 0x41),13.262,no,"the line between them leaves the walkable area (a wall's thickness, or another floor)",
wall of tile 104828 (room 0x42),wall of tile 0DD02A (room 0x41),13.262,no,"the line between them leaves the walkable area (a wall's thickness, or another floor)",
wall of tile 104828 (room 0x42),wall of tile 0DD02A (room 0x41),13.262,no,"the line between them leaves the walkable area (a wall's thickness, or another floor)",
wall of tile 104828 (room 0x42),wall of tile 0DE828 (room 0x45),0.829,no,"the line between them leaves the walkable area (a wall's thickness, or another floor)",
wall of tile 104828 (room 0x42),wall of tile 119828 (room 0x45),39.785,no,"the line between them leaves the walkable area (a wall's thickness, or another floor)",
wall of tile 104828 (room 0x42),wall of tile 11A628 (room 0x45),39.785,no,"the line between them leaves the walkable area (a wall's thickness, or another floor)",
wall of tile 104828 (room 0x42),door 0x1c7d0c (preset 0x0085),10.775,no,"the line between them leaves the walkable area (a wall's thickness, or another floor)",
wall of tile 104828 (room 0x42),door 0x1c7d0c (preset 0x0085),10.775,no,"the line between them leaves the walkable area (a wall's thickness, or another floor)",
wall of tile 104828 (room 0x42),door 0x1c7d0c (preset 0x0085),0.829,no,the far wall faces the other way (it belongs to floor which isn't linked here),
wall of tile 104828 (room 0x42),door 0x1c9894 (preset 0x0083),12.433,no,"the line between them leaves the walkable area (a wall's thickness, or another floor)",
wall of tile 104828 (room 0x42),door 0x1c9894 (preset 0x0083),12.433,no,"the line between them leaves the walkable area (a wall's thickness, or another floor)",
wall of tile 104828 (room 0x42),door 0x1c9894 (preset 0x0083),0.829,no,"the line between them leaves the walkable area (a wall's thickness, or another floor)",
wall of tile 104828 (room 0x42),door 0x1c9894 (preset 0x0083),0.829,no,"the line between them leaves the walkable area (a wall's thickness, or another floor)",
wall of tile 104828 (room 0x42),wall of tile 0F8B2A (room 0x41),39.785,no,"the line between them leaves the walkable area (a wall's thickness, or another floor)",
wall of tile 104828 (room 0x42),wall of tile 0DD02A (room 0x41),13.262,no,"the line between them leaves the walkable area (a wall's thickness, or another floor)",
wall of tile 104828 (room 0x42),wall of tile 0DD02A (room 0x41),13.262,no,"the line between them leaves the walkable area (a wall's thickness, or another floor)",
wall of tile 104828 (room 0x42),wall of tile 0DE828 (room 0x45),39.794,no,"the line between them leaves the walkable area (a wall's thickness, or another floor)",
wall of tile 104828 (room 0x42),wall of tile 119828 (room 0x45),56.265,no,"the line between them leaves the walkable area (a wall's thickness, or another floor)",
wall of tile 104828 (room 0x42),door 0x1c7d0c (preset 0x0085),10.775,no,"the line between them leaves the walkable area (a wall's thickness, or another floor)",
wall of tile 104828 (room 0x42),door 0x1c7d0c (preset 0x0085),41.218,no,"the line between them leaves the walkable area (a wall's thickness, or another floor)",
wall of tile 104828 (room 0x42),door 0x1c7d0c (preset 0x0085),39.785,no,the far wall faces the other way (it belongs to floor which isn't linked here),
wall of tile 104828 (room 0x42),door 0x1c9894 (preset 0x0083),12.433,no,"the line between them leaves the walkable area (a wall's thickness, or another floor)",
wall of tile 104828 (room 0x42),door 0x1c9894 (preset 0x0083),12.433,no,"the line between them leaves the walkable area (a wall's thickness, or another floor)",
wall of tile 104828 (room 0x42),door 0x1c9894 (preset 0x0083),0.829,no,"the line between them leaves the walkable area (a wall's thickness, or another floor)",
wall of tile 104828 (room 0x42),door 0x1c9894 (preset 0x0083),0.829,no,"the line between them leaves the walkable area (a wall's thickness, or another floor)",
wall of tile 0F8F2A (room 0x42),wall of tile 10402A (room 0x41),26.523,no,the line between them touches another wall,wall of tile 103F2A (room 0x42)
wall of tile 0F8F2A (room 0x42),wall of tile 0DD02A (room 0x41),39.785,no,the line between them touches another wall,wall of tile 103F2A (room 0x42)
wall of tile 0F8F2A (room 0x42),wall of tile 0DD02A (room 0x41),39.785,no,the line between them touches another wall,wall of tile 103F2A (room 0x42)
wall of tile 0F8F2A (room 0x42),wall of tile 0DE828 (room 0x45),48.281,no,"the line between them leaves the walkable area (a wall's thickness, or another floor)",
wall of tile 0F8F2A (room 0x42),door 0x1c7d0c (preset 0x0085),37.299,no,the line between them touches another wall,wall of tile 103F2A (room 0x42)
wall of tile 0F8F2A (room 0x42),door 0x1c7d0c (preset 0x0085),54.535,no,"the line between them leaves the walkable area (a wall's thickness, or another floor)",
wall of tile 0F8F2A (room 0x42),door 0x1c7d0c (preset 0x0085),47.361,no,"the line between them leaves the walkable area (a wall's thickness, or another floor)",
wall of tile 0F8F2A (room 0x42),door 0x1c7d0c (preset 0x0085),25.694,no,the line between them touches another wall,wall of tile 103F2A (room 0x42)
wall of tile 0F8F2A (room 0x42),door 0x1c9894 (preset 0x0083),38.957,no,"another wall pokes into the space between them, so a tighter pair covers this gap",wall of tile 103F2A (room 0x42)
wall of tile 0F8F2A (room 0x42),door 0x1c9894 (preset 0x0083),38.956,no,"another wall pokes into the space between them, so a tighter pair covers this gap",wall of tile 103F2A (room 0x42)
wall of tile 0F8F2A (room 0x42),door 0x1c9894 (preset 0x0083),27.352,no,"another wall pokes into the space between them, so a tighter pair covers this gap",wall of tile 103F2A (room 0x42)
wall of tile 0F8F2A (room 0x42),door 0x1c9894 (preset 0x0083),27.352,no,"another wall pokes into the space between them, so a tighter pair covers this gap",wall of tile 103F2A (room 0x42)
wall of tile 077729 (room 0x42),wall of tile 119428 (room 0x45),47.816,no,"the line between them leaves the walkable area (a wall's thickness, or another floor)",
wall of tile 077729 (room 0x42),wall of tile 119528 (room 0x45),47.816,no,"the line between them leaves the walkable area (a wall's thickness, or another floor)",
wall of tile 07772B (room 0x42),wall of tile 0F8B29 (room 0x41),39.785,no,"the line between them leaves the walkable area (a wall's thickness, or another floor)",
wall of tile 07772B (room 0x42),wall of tile 104728 (room 0x41),13.262,no,"the line between them leaves the walkable area (a wall's thickness, or another floor)",
wall of tile 07772B (room 0x42),wall of tile 104728 (room 0x41),13.262,no,"the line between them leaves the walkable area (a wall's thickness, or another floor)",
wall of tile 07772B (room 0x42),door 0x1c7d0c (preset 0x0085),39.785,no,"the line between them leaves the walkable area (a wall's thickness, or another floor)",
wall of tile 07772B (room 0x42),door 0x1c7d0c (preset 0x0085),39.785,no,"the line between them leaves the walkable area (a wall's thickness, or another floor)",
wall of tile 07772B (room 0x42),door 0x1c7d0c (preset 0x0085),41.218,no,"the line between them leaves the walkable area (a wall's thickness, or another floor)",
wall of tile 07772B (room 0x42),door 0x1c7d0c (preset 0x0085),39.785,no,"the line between them leaves the walkable area (a wall's thickness, or another floor)",
wall of tile 07772B (room 0x42),door 0x1c7e0c (preset 0x0086),10.775,no,"the line between them leaves the walkable area (a wall's thickness, or another floor)",
wall of tile 07772B (room 0x42),door 0x1c7e0c (preset 0x0086),41.219,no,"the line between them leaves the walkable area (a wall's thickness, or another floor)",
wall of tile 07772B (room 0x42),door 0x1c7e0c (preset 0x0086),39.785,no,"the line between them leaves the walkable area (a wall's thickness, or another floor)",
wall of tile 07772B (room 0x42),door 0x1c9894 (preset 0x0083),0.829,no,"the line between them leaves the walkable area (a wall's thickness, or another floor)",
wall of tile 07772B (room 0x42),door 0x1c9894 (preset 0x0083),0.829,no,"the line between them leaves the walkable area (a wall's thickness, or another floor)",
wall of tile 07772B (room 0x42),door 0x1c9894 (preset 0x0083),12.433,no,"the line between them leaves the walkable area (a wall's thickness, or another floor)",
wall of tile 07772B (room 0x42),door 0x1c9894 (preset 0x0083),0.829,no,"the line between them leaves the walkable area (a wall's thickness, or another floor)",
wall of tile 07772B (room 0x42),wall of tile 0F8F29 (room 0x42),26.523,no,the line between them touches another wall,wall of tile 07772B (room 0x42)
wall of tile 07772B (room 0x42),wall of tile 0F8B29 (room 0x41),39.785,no,"the line between them leaves the walkable area (a wall's thickness, or another floor)",
wall of tile 07772B (room 0x42),wall of tile 106B28 (room 0x41),13.262,no,"the line between them leaves the walkable area (a wall's thickness, or another floor)",
wall of tile 07772B (room 0x42),wall of tile 0F8929 (room 0x41),13.262,no,"the line between them leaves the walkable area (a wall's thickness, or another floor)",
wall of tile 07772B (room 0x42),wall of tile 104728 (room 0x41),13.262,no,"the line between them leaves the walkable area (a wall's thickness, or another floor)",
wall of tile 07772B (room 0x42),wall of tile 104728 (room 0x41),13.262,no,"the line between them leaves the walkable area (a wall's thickness, or another floor)",
wall of tile 07772B (room 0x42),wall of tile 119428 (room 0x45),39.785,no,"the line between them leaves the walkable area (a wall's thickness, or another floor)",
wall of tile 07772B (room 0x42),wall of tile 119528 (room 0x45),39.785,no,"the line between them leaves the walkable area (a wall's thickness, or another floor)",
wall of tile 07772B (room 0x42),door 0x1c7d0c (preset 0x0085),39.793,no,"the line between them leaves the walkable area (a wall's thickness, or another floor)",
wall of tile 07772B (room 0x42),door 0x1c7d0c (preset 0x0085),39.785,no,"the line between them leaves the walkable area (a wall's thickness, or another floor)",
wall of tile 07772B (room 0x42),door 0x1c7d0c (preset 0x0085),41.218,no,"the line between them leaves the walkable area (a wall's thickness, or another floor)",
wall of tile 07772B (room 0x42),door 0x1c7d0c (preset 0x0085),39.793,no,"the line between them leaves the walkable area (a wall's thickness, or another floor)",
wall of tile 07772B (room 0x42),door 0x1c7e0c (preset 0x0086),0.829,no,the far wall faces the other way (it belongs to floor which isn't linked here),
wall of tile 07772B (room 0x42),door 0x1c7e0c (preset 0x0086),10.775,no,"the line between them leaves the walkable area (a wall's thickness, or another floor)",
wall of tile 07772B (room 0x42),door 0x1c7e0c (preset 0x0086),41.219,no,"the line between them leaves the walkable area (a wall's thickness, or another floor)",
wall of tile 07772B (room 0x42),door 0x1c7e0c (preset 0x0086),39.785,no,"the line between them leaves the walkable area (a wall's thickness, or another floor)",
wall of tile 07772B (room 0x42),door 0x1c7e0c (preset 0x0086),0.829,no,the far wall faces the other way (it belongs to floor which isn't linked here),
wall of tile 07772B (room 0x42),door 0x1c9894 (preset 0x0083),0.829,no,"the line between them leaves the walkable area (a wall's thickness, or another floor)",
wall of tile 07772B (room 0x42),door 0x1c9894 (preset 0x0083),0.829,no,"the line between them leaves the walkable area (a wall's thickness, or another floor)",
wall of tile 07772B (room 0x42),door 0x1c9894 (preset 0x0083),12.433,no,"the line between them leaves the walkable area (a wall's thickness, or another floor)",
wall of tile 07772B (room 0x42),door 0x1c9894 (preset 0x0083),0.829,no,"the line between them leaves the walkable area (a wall's thickness, or another floor)",
wall of tile 0F8F29 (room 0x42),wall of tile 104029 (room 0x41),26.523,no,the line between them touches another wall,wall of tile 103F29 (room 0x42)
wall of tile 0F8F29 (room 0x42),wall of tile 104728 (room 0x41),39.785,no,the line between them touches another wall,wall of tile 104029 (room 0x41)
wall of tile 0F8F29 (room 0x42),wall of tile 104728 (room 0x41),39.785,no,the line between them touches another wall,wall of tile 104029 (room 0x41)
wall of tile 0F8F29 (room 0x42),door 0x1c7d0c (preset 0x0085),47.361,no,the far wall faces the other way (it belongs to floor which isn't linked here),
wall of tile 0F8F29 (room 0x42),door 0x1c7d0c (preset 0x0085),47.361,no,the far wall faces the other way (it belongs to floor which isn't linked here),
wall of tile 0F8F29 (room 0x42),door 0x1c7d0c (preset 0x0085),54.535,no,the far wall faces the other way (it belongs to floor which isn't linked here),
wall of tile 0F8F29 (room 0x42),door 0x1c7d0c (preset 0x0085),47.361,no,the far wall faces the other way (it belongs to floor which isn't linked here),
wall of tile 0F8F29 (room 0x42),door 0x1c7e0c (preset 0x0086),37.299,no,the line between them touches another wall,wall of tile 104029 (room 0x41)
wall of tile 0F8F29 (room 0x42),door 0x1c7e0c (preset 0x0086),54.535,no,the far wall faces the other way (it belongs to floor which isn't linked here),
wall of tile 0F8F29 (room 0x42),door 0x1c7e0c (preset 0x0086),47.361,no,the far wall faces the other way (it belongs to floor which isn't linked here),
wall of tile 0F8F29 (room 0x42),door 0x1c7e0c (preset 0x0086),25.694,no,the line between them touches another wall,wall of tile 103F29 (room 0x42)
wall of tile 0F8F29 (room 0x42),door 0x1c9894 (preset 0x0083),27.352,no,"the line between them leaves the walkable area (a wall's thickness, or another floor)",
wall of tile 0F8F29 (room 0x42),door 0x1c9894 (preset 0x0083),27.353,no,"the line between them leaves the walkable area (a wall's thickness, or another floor)",
wall of tile 0F8F29 (room 0x42),door 0x1c9894 (preset 0x0083),38.957,no,the line between them touches another wall,wall of tile 104029 (room 0x41)
wall of tile 0F8F29 (room 0x42),door 0x1c9894 (preset 0x0083),27.352,no,the line between them touches another wall,wall of tile 104029 (room 0x41)
wall of tile 103F29 (room 0x42),wall of tile 0F8B29 (room 0x41),39.785,no,the line between them touches another wall,wall of tile 104029 (room 0x41)
wall of tile 103F29 (room 0x42),wall of tile 104728 (room 0x41),13.262,no,the line between them touches another wall,wall of tile 104029 (room 0x41)
wall of tile 103F29 (room 0x42),wall of tile 104728 (room 0x41),13.262,no,the line between them touches another wall,wall of tile 104029 (room 0x41)
wall of tile 103F29 (room 0x42),door 0x1c7d0c (preset 0x0085),39.785,no,the far wall faces the other way (it belongs to floor which isn't linked here),
wall of tile 103F29 (room 0x42),door 0x1c7d0c (preset 0x0085),39.785,no,the far wall faces the other way (it belongs to floor which isn't linked here),
wall of tile 103F29 (room 0x42),door 0x1c7d0c (preset 0x0085),41.218,no,the far wall faces the other way (it belongs to floor which isn't linked here),
wall of tile 103F29 (room 0x42),door 0x1c7d0c (preset 0x0085),39.785,no,the far wall faces the other way (it belongs to floor which isn't linked here),
wall of tile 103F29 (room 0x42),door 0x1c7e0c (preset 0x0086),10.775,no,the line between them touches another wall,wall of tile 104029 (room 0x41)
wall of tile 103F29 (room 0x42),door 0x1c7e0c (preset 0x0086),41.219,no,the far wall faces the other way (it belongs to floor which isn't linked here),
wall of tile 103F29 (room 0x42),door 0x1c7e0c (preset 0x0086),39.785,no,the far wall faces the other way (it belongs to floor which isn't linked here),
wall of tile 103F29 (room 0x42),door 0x1c9894 (preset 0x0083),0.829,no,"the line between them leaves the walkable area (a wall's thickness, or another floor)",
wall of tile 103F29 (room 0x42),door 0x1c9894 (preset 0x0083),0.829,no,"the line between them leaves the walkable area (a wall's thickness, or another floor)",
wall of tile 103F29 (room 0x42),door 0x1c9894 (preset 0x0083),12.433,no,the line between them touches another wall,wall of tile 104029 (room 0x41)
wall of tile 103F29 (room 0x42),door 0x1c9894 (preset 0x0083),0.829,no,the line between them touches another wall,wall of tile 104029 (room 0x41)
wall of tile 103F2A (room 0x42),wall of tile 0F8B2A (room 0x41),39.785,no,the line between them touches another wall,wall of tile 10402A (room 0x41)
wall of tile 103F2A (room 0x42),wall of tile 0DD02A (room 0x41),13.262,no,the line between them touches another wall,wall of tile 10402A (room 0x41)
wall of tile 103F2A (room 0x42),wall of tile 0DD02A (room 0x41),13.262,no,the line between them touches another wall,wall of tile 10402A (room 0x41)
wall of tile 103F2A (room 0x42),wall of tile 0DE828 (room 0x45),39.794,no,"the line between them leaves the walkable area (a wall's thickness, or another floor)",
wall of tile 103F2A (room 0x42),wall of tile 119828 (room 0x45),56.265,no,"the line between them leaves the walkable area (a wall's thickness, or another floor)",
wall of tile 103F2A (room 0x42),door 0x1c7d0c (preset 0x0085),10.775,no,the line between them touches another wall,wall of tile 10402A (room 0x41)
wall of tile 103F2A (room 0x42),door 0x1c7d0c (preset 0x0085),41.218,no,"the line between them leaves the walkable area (a wall's thickness, or another floor)",
wall of tile 103F2A (room 0x42),door 0x1c7d0c (preset 0x0085),39.785,no,"the line between them leaves the walkable area (a wall's thickness, or another floor)",
wall of tile 103F2A (room 0x42),door 0x1c9894 (preset 0x0083),12.433,no,"another wall pokes into the space between them, so a tighter pair covers this gap",wall of tile 10402A (room 0x41)
wall of tile 103F2A (room 0x42),door 0x1c9894 (preset 0x0083),12.433,no,"another wall pokes into the space between them, so a tighter pair covers this gap",wall of tile 10402A (room 0x41)
wall of tile 103F2A (room 0x42),door 0x1c9894 (preset 0x0083),0.829,no,"another wall pokes into the space between them, so a tighter pair covers this gap",wall of tile 10402A (room 0x41)
wall of tile 103F2A (room 0x42),door 0x1c9894 (preset 0x0083),0.829,no,"another wall pokes into the space between them, so a tighter pair covers this gap",wall of tile 10402A (room 0x41)
wall of tile 104029 (room 0x41),door 0x1c7d0c (preset 0x0085),39.793,no,the far wall faces the other way (it belongs to floor which isn't linked here),
wall of tile 104029 (room 0x41),door 0x1c7d0c (preset 0x0085),39.785,no,the far wall faces the other way (it belongs to floor which isn't linked here),
wall of tile 104029 (room 0x41),door 0x1c7d0c (preset 0x0085),39.785,no,the far wall faces the other way (it belongs to floor which isn't linked here),
wall of tile 104029 (room 0x41),door 0x1c7d0c (preset 0x0085),39.793,no,the far wall faces the other way (it belongs to floor which isn't linked here),
wall of tile 104029 (room 0x41),door 0x1c7e0c (preset 0x0086),39.785,no,the far wall faces the other way (it belongs to floor which isn't linked here),
wall of tile 104029 (room 0x41),door 0x1c7e0c (preset 0x0086),39.785,no,the far wall faces the other way (it belongs to floor which isn't linked here),
wall of tile 104029 (room 0x41),door 0x1c7e0c (preset 0x0086),0.829,no,the line between them touches another wall,wall of tile 103F29 (room 0x42)
wall of tile 104029 (room 0x41),door 0x1c9894 (preset 0x0083),0.000,no,"the line between them leaves the walkable area (a wall's thickness, or another floor)",
wall of tile 104029 (room 0x41),door 0x1c9894 (preset 0x0083),0.000,no,"the line between them leaves the walkable area (a wall's thickness, or another floor)",
wall of tile 10402A (room 0x41),wall of tile 0DE828 (room 0x45),39.785,no,"the line between them leaves the walkable area (a wall's thickness, or another floor)",
wall of tile 10402A (room 0x41),wall of tile 119828 (room 0x45),39.785,no,"the line between them leaves the walkable area (a wall's thickness, or another floor)",
wall of tile 10402A (room 0x41),door 0x1c7d0c (preset 0x0085),39.785,no,"the line between them leaves the walkable area (a wall's thickness, or another floor)",
wall of tile 10402A (room 0x41),door 0x1c7d0c (preset 0x0085),39.785,no,"the line between them leaves the walkable area (a wall's thickness, or another floor)",
wall of tile 10402A (room 0x41),door 0x1c7d0c (preset 0x0085),0.829,no,the line between them touches another wall,wall of tile 103F2A (room 0x42)
wall of tile 10402A (room 0x41),door 0x1c9894 (preset 0x0083),0.000,yes,,
wall of tile 10402A (room 0x41),door 0x1c9894 (preset 0x0083),0.000,yes,,
wall of tile 10402A (room 0x41),door 0x1c9894 (preset 0x0083),0.000,yes,,
wall of tile 10402A (room 0x41),door 0x1c9894 (preset 0x0083),0.000,yes,,
wall of tile 0F8B2A (room 0x41),wall of tile 0DD02A (room 0x41),26.523,no,the line between them touches another wall,wall of tile 10402A (room 0x41)
wall of tile 0F8B2A (room 0x41),wall of tile 0DE828 (room 0x45),28.520,no,the far wall faces the other way (it belongs to floor which isn't linked here),
wall of tile 0F8B2A (room 0x41),wall of tile 119828 (room 0x45),28.520,no,the far wall faces the other way (it belongs to floor which isn't linked here),
wall of tile 0F8B2A (room 0x41),door 0x1c7d0c (preset 0x0085),29.010,no,the line between them touches another wall,wall of tile 10402A (room 0x41)
wall of tile 0F8B2A (room 0x41),door 0x1c7d0c (preset 0x0085),48.645,no,"the line between them leaves the walkable area (a wall's thickness, or another floor)",
wall of tile 0F8B2A (room 0x41),door 0x1c7d0c (preset 0x0085),48.646,no,"the line between them leaves the walkable area (a wall's thickness, or another floor)",
wall of tile 0F8B2A (room 0x41),door 0x1c7d0c (preset 0x0085),40.614,no,the line between them touches another wall,wall of tile 10402A (room 0x41)
wall of tile 0F8B2A (room 0x41),door 0x1c9894 (preset 0x0083),27.352,no,"another wall pokes into the space between them, so a tighter pair covers this gap",wall of tile 10402A (room 0x41)
wall of tile 0F8B2A (room 0x41),door 0x1c9894 (preset 0x0083),27.352,no,"another wall pokes into the space between them, so a tighter pair covers this gap",wall of tile 10402A (room 0x41)
wall of tile 0F8B2A (room 0x41),door 0x1c9894 (preset 0x0083),27.352,no,"another wall pokes into the space between them, so a tighter pair covers this gap",wall of tile 10402A (room 0x41)
wall of tile 0F8B2A (room 0x41),door 0x1c9894 (preset 0x0083),38.956,no,"another wall pokes into the space between them, so a tighter pair covers this gap",wall of tile 10402A (room 0x41)
wall of tile 0F8B29 (room 0x41),wall of tile 104728 (room 0x41),26.523,no,the line between them touches another wall,wall of tile 104029 (room 0x41)
wall of tile 0F8B29 (room 0x41),wall of tile 0DE628 (room 0x45),46.179,no,the far wall faces the other way (it belongs to floor which isn't linked here),
wall of tile 0F8B29 (room 0x41),wall of tile 119428 (room 0x45),46.179,no,the far wall faces the other way (it belongs to floor which isn't linked here),
wall of tile 0F8B29 (room 0x41),door 0x1c7d0c (preset 0x0085),56.853,no,the far wall faces the other way (it belongs to floor which isn't linked here),
wall of tile 0F8B29 (room 0x41),door 0x1c7d0c (preset 0x0085),49.238,no,the far wall faces the other way (it belongs to floor which isn't linked here),
wall of tile 0F8B29 (room 0x41),door 0x1c7d0c (preset 0x0085),49.238,no,the far wall faces the other way (it belongs to floor which isn't linked here),
wall of tile 0F8B29 (room 0x41),door 0x1c7d0c (preset 0x0085),56.854,no,the far wall faces the other way (it belongs to floor which isn't linked here),
wall of tile 0F8B29 (room 0x41),door 0x1c7e0c (preset 0x0086),29.010,no,the line between them touches another wall,wall of tile 104029 (room 0x41)
wall of tile 0F8B29 (room 0x41),door 0x1c7e0c (preset 0x0086),49.239,no,the far wall faces the other way (it belongs to floor which isn't linked here),
wall of tile 0F8B29 (room 0x41),door 0x1c7e0c (preset 0x0086),49.239,no,the far wall faces the other way (it belongs to floor which isn't linked here),
wall of tile 0F8B29 (room 0x41),door 0x1c7e0c (preset 0x0086),40.614,no,the line between them touches another wall,wall of tile 104029 (room 0x41)
wall of tile 0F8B29 (room 0x41),door 0x1c9894 (preset 0x0083),38.956,no,"the line between them leaves the walkable area (a wall's thickness, or another floor)",
wall of tile 0F8B29 (room 0x41),door 0x1c9894 (preset 0x0083),27.352,no,"the line between them leaves the walkable area (a wall's thickness, or another floor)",
wall of tile 0F8B29 (room 0x41),door 0x1c9894 (preset 0x0083),27.352,no,the line between them touches another wall,wall of tile 104029 (room 0x41)
wall of tile 0F8B29 (room 0x41),door 0x1c9894 (preset 0x0083),38.956,no,the line between them touches another wall,wall of tile 104029 (room 0x41)
wall of tile 0DD128 (room 0x41),wall of tile 11A628 (room 0x45),13.262,no,"the line between them leaves the walkable area (a wall's thickness, or another floor)",
wall of tile 0DD02A (room 0x41),wall of tile 0DE828 (room 0x45),27.612,no,the far wall faces the other way (it belongs to floor which isn't linked here),
wall of tile 0DD02A (room 0x41),wall of tile 119828 (room 0x45),27.612,no,the far wall faces the other way (it belongs to floor which isn't linked here),
wall of tile 0DD02A (room 0x41),door 0x1c7d0c (preset 0x0085),2.486,no,"the line between them leaves the walkable area (a wall's thickness, or another floor)",
wall of tile 0DD02A (room 0x41),door 0x1c7d0c (preset 0x0085),38.026,no,"the line between them leaves the walkable area (a wall's thickness, or another floor)",
wall of tile 0DD02A (room 0x41),door 0x1c7d0c (preset 0x0085),38.026,no,"the line between them leaves the walkable area (a wall's thickness, or another floor)",
wall of tile 0DD02A (room 0x41),door 0x1c7d0c (preset 0x0085),14.091,no,"the line between them leaves the walkable area (a wall's thickness, or another floor)",
wall of tile 0DD02A (room 0x41),door 0x1c9894 (preset 0x0083),0.829,no,"the line between them leaves the walkable area (a wall's thickness, or another floor)",
wall of tile 0DD02A (room 0x41),door 0x1c9894 (preset 0x0083),0.829,no,"the line between them leaves the walkable area (a wall's thickness, or another floor)",
wall of tile 0DD02A (room 0x41),door 0x1c9894 (preset 0x0083),0.829,no,"the line between them leaves the walkable area (a wall's thickness, or another floor)",
wall of tile 0DD02A (room 0x41),door 0x1c9894 (preset 0x0083),12.433,no,"the line between them leaves the walkable area (a wall's thickness, or another floor)",
wall of tile 0DD02A (room 0x41),wall of tile 119828 (room 0x45),26.523,no,the far wall faces the other way (it belongs to floor which isn't linked here),
wall of tile 0DD02A (room 0x41),wall of tile 11A628 (room 0x45),29.654,no,"the line between them leaves the walkable area (a wall's thickness, or another floor)",
wall of tile 0DD02A (room 0x41),door 0x1c7d0c (preset 0x0085),2.486,no,"the line between them leaves the walkable area (a wall's thickness, or another floor)",
wall of tile 0DD02A (room 0x41),door 0x1c7d0c (preset 0x0085),2.486,no,"the line between them leaves the walkable area (a wall's thickness, or another floor)",
wall of tile 0DD02A (room 0x41),door 0x1c7d0c (preset 0x0085),2.487,no,"the line between them leaves the walkable area (a wall's thickness, or another floor)",
wall of tile 0DD02A (room 0x41),door 0x1c7d0c (preset 0x0085),14.091,no,"the line between them leaves the walkable area (a wall's thickness, or another floor)",
wall of tile 0DD02A (room 0x41),door 0x1c9894 (preset 0x0083),0.829,no,"the line between them leaves the walkable area (a wall's thickness, or another floor)",
wall of tile 0DD02A (room 0x41),door 0x1c9894 (preset 0x0083),0.829,no,"the line between them leaves the walkable area (a wall's thickness, or another floor)",
wall of tile 0DD02A (room 0x41),door 0x1c9894 (preset 0x0083),0.829,no,"the line between them leaves the walkable area (a wall's thickness, or another floor)",
wall of tile 0DD02A (room 0x41),door 0x1c9894 (preset 0x0083),12.433,no,"the line between them leaves the walkable area (a wall's thickness, or another floor)",
wall of tile 0DD228 (room 0x41),wall of tile 119828 (room 0x45),53.047,no,"the line between them leaves the walkable area (a wall's thickness, or another floor)",
wall of tile 0DD228 (room 0x41),wall of tile 11A628 (room 0x45),53.047,no,"the line between them leaves the walkable area (a wall's thickness, or another floor)",
wall of tile 106B28 (room 0x41),wall of tile 119528 (room 0x45),39.785,no,"the line between them leaves the walkable area (a wall's thickness, or another floor)",
wall of tile 0F8929 (room 0x41),wall of tile 104728 (room 0x41),58.383,no,"another wall pokes into the space between them, so a tighter pair covers this gap",wall of tile 104728 (room 0x41)
wall of tile 0F8929 (room 0x41),wall of tile 119428 (room 0x45),26.523,no,the far wall faces the other way (it belongs to floor which isn't linked here),
wall of tile 0F8929 (room 0x41),wall of tile 119528 (room 0x45),47.816,no,"the line between them leaves the walkable area (a wall's thickness, or another floor)",
wall of tile 0F8929 (room 0x41),door 0x1c7e0c (preset 0x0086),14.090,no,"the line between them leaves the walkable area (a wall's thickness, or another floor)",
wall of tile 0F8929 (room 0x41),door 0x1c7e0c (preset 0x0086),2.486,no,"the line between them leaves the walkable area (a wall's thickness, or another floor)",
wall of tile 0F8929 (room 0x41),door 0x1c7e0c (preset 0x0086),2.486,no,"the line between them leaves the walkable area (a wall's thickness, or another floor)",
wall of tile 0F8929 (room 0x41),door 0x1c7e0c (preset 0x0086),14.091,no,"the line between them leaves the walkable area (a wall's thickness, or another floor)",
wall of tile 104728 (room 0x41),wall of tile 119428 (room 0x45),26.523,no,the far wall faces the other way (it belongs to floor which isn't linked here),
wall of tile 104728 (room 0x41),door 0x1c7d0c (preset 0x0085),42.206,no,"the line between them leaves the walkable area (a wall's thickness, or another floor)",
wall of tile 104728 (room 0x41),door 0x1c7d0c (preset 0x0085),39.862,no,"the line between them leaves the walkable area (a wall's thickness, or another floor)",
wall of tile 104728 (room 0x41),door 0x1c7d0c (preset 0x0085),39.862,no,"the line between them leaves the walkable area (a wall's thickness, or another floor)",
wall of tile 104728 (room 0x41),door 0x1c7d0c (preset 0x0085),42.206,no,"the line between them leaves the walkable area (a wall's thickness, or another floor)",
wall of tile 104728 (room 0x41),door 0x1c7e0c (preset 0x0086),14.090,no,"the line between them leaves the walkable area (a wall's thickness, or another floor)",
wall of tile 104728 (room 0x41),door 0x1c7e0c (preset 0x0086),2.486,no,"the line between them leaves the walkable area (a wall's thickness, or another floor)",
wall of tile 104728 (room 0x41),door 0x1c7e0c (preset 0x0086),2.486,no,"the line between them leaves the walkable area (a wall's thickness, or another floor)",
wall of tile 104728 (room 0x41),door 0x1c7e0c (preset 0x0086),39.863,no,"the line between them leaves the walkable area (a wall's thickness, or another floor)",
wall of tile 104728 (room 0x41),door 0x1c7e0c (preset 0x0086),39.863,no,"the line between them leaves the walkable area (a wall's thickness, or another floor)",
wall of tile 104728 (room 0x41),door 0x1c7e0c (preset 0x0086),14.091,no,"the line between them leaves the walkable area (a wall's thickness, or another floor)",
wall of tile 104728 (room 0x41),door 0x1c9894 (preset 0x0083),12.433,no,"the line between them leaves the walkable area (a wall's thickness, or another floor)",
wall of tile 104728 (room 0x41),door 0x1c9894 (preset 0x0083),0.829,no,"the line between them leaves the walkable area (a wall's thickness, or another floor)",
wall of tile 104728 (room 0x41),door 0x1c9894 (preset 0x0083),0.829,no,"the line between them leaves the walkable area (a wall's thickness, or another floor)",
wall of tile 104728 (room 0x41),door 0x1c9894 (preset 0x0083),12.433,no,"the line between them leaves the walkable area (a wall's thickness, or another floor)",
wall of tile 104728 (room 0x41),wall of tile 0DE628 (room 0x45),46.179,no,the far wall faces the other way (it belongs to floor which isn't linked here),
wall of tile 104728 (room 0x41),wall of tile 119428 (room 0x45),46.179,no,the far wall faces the other way (it belongs to floor which isn't linked here),
wall of tile 104728 (room 0x41),door 0x1c7d0c (preset 0x0085),42.206,no,"the line between them leaves the walkable area (a wall's thickness, or another floor)",
wall of tile 104728 (room 0x41),door 0x1c7d0c (preset 0x0085),39.862,no,"the line between them leaves the walkable area (a wall's thickness, or another floor)",
wall of tile 104728 (room 0x41),door 0x1c7d0c (preset 0x0085),39.862,no,"the line between them leaves the walkable area (a wall's thickness, or another floor)",
wall of tile 104728 (room 0x41),door 0x1c7d0c (preset 0x0085),42.206,no,"the line between them leaves the walkable area (a wall's thickness, or another floor)",
wall of tile 104728 (room 0x41),door 0x1c7e0c (preset 0x0086),59.561,no,"the line between them leaves the walkable area (a wall's thickness, or another floor)",
wall of tile 104728 (room 0x41),door 0x1c7e0c (preset 0x0086),2.486,no,"the line between them leaves the walkable area (a wall's thickness, or another floor)",
wall of tile 104728 (room 0x41),door 0x1c7e0c (preset 0x0086),39.863,no,"the line between them leaves the walkable area (a wall's thickness, or another floor)",
wall of tile 104728 (room 0x41),door 0x1c7e0c (preset 0x0086),39.863,no,"the line between them leaves the walkable area (a wall's thickness, or another floor)",
wall of tile 104728 (room 0x41),door 0x1c7e0c (preset 0x0086),14.091,no,"the line between them leaves the walkable area (a wall's thickness, or another floor)",
wall of tile 104728 (room 0x41),door 0x1c9894 (preset 0x0083),12.433,no,"the line between them leaves the walkable area (a wall's thickness, or another floor)",
wall of tile 104728 (room 0x41),door 0x1c9894 (preset 0x0083),0.829,no,"the line between them leaves the walkable area (a wall's thickness, or another floor)",
wall of tile 104728 (room 0x41),door 0x1c9894 (preset 0x0083),0.829,no,"the line between them leaves the walkable area (a wall's thickness, or another floor)",
wall of tile 104728 (room 0x41),door 0x1c9894 (preset 0x0083),12.433,no,"the line between them leaves the walkable area (a wall's thickness, or another floor)",
wall of tile 0DCD28 (room 0x41),wall of tile 119428 (room 0x45),53.047,no,"the line between them leaves the walkable area (a wall's thickness, or another floor)",
wall of tile 0DCC28 (room 0x41),wall of tile 119528 (room 0x45),53.047,no,the line between them touches another wall,wall of tile 0DCD28 (room 0x41)
wall of tile 0DCB28 (room 0x41),wall of tile 046929 (room 0x41),40.614,no,the line between them touches another wall,wall of tile 046829 (room 0x41)
wall of tile 04682A (room 0x41),wall of tile 046A2A (room 0x41),39.785,no,the line between them touches another wall,wall of tile 04692A (room 0x41)
wall of tile 04682A (room 0x41),wall of tile 04A829 (room 0x41),53.047,no,"the line between them leaves the walkable area (a wall's thickness, or another floor)",
wall of tile 04682A (room 0x41),wall of tile 0DC728 (room 0x41),53.047,no,the line between them touches another wall,wall of tile 0DC828 (room 0x41)
wall of tile 046829 (room 0x41),wall of tile 046A29 (room 0x41),39.785,no,the line between them touches another wall,wall of tile 046929 (room 0x41)
wall of tile 04692A (room 0x41),wall of tile 046B2A (room 0x41),39.785,no,the line between them touches another wall,wall of tile 046A2A (room 0x41)
wall of tile 04692A (room 0x41),wall of tile 04A829 (room 0x41),40.614,no,the line between them touches another wall,wall of tile 04682A (room 0x41)
wall of tile 04692A (room 0x41),wall of tile 04A829 (room 0x41),53.047,no,"the line between them leaves the walkable area (a wall's thickness, or another floor)",
wall of tile 04692A (room 0x41),wall of tile 0DC828 (room 0x41),40.614,no,the line between them touches another wall,wall of tile 04682A (room 0x41)
wall of tile 046929 (room 0x41),wall of tile 046B29 (room 0x41),39.785,no,the line between them touches another wall,wall of tile 046A29 (room 0x41)
wall of tile 046A2A (room 0x41),wall of tile 046C2A (room 0x41),39.785,no,the line between them touches another wall,wall of tile 046B2A (room 0x41)
wall of tile 046A2A (room 0x41),wall of tile 04A829 (room 0x41),53.047,no,"the line between them leaves the walkable area (a wall's thickness, or another floor)",
wall of tile 046A29 (room 0x41),wall of tile 046C29 (room 0x41),39.785,no,the line between them touches another wall,wall of tile 046B29 (room 0x41)
wall of tile 046A29 (room 0x41),wall of tile 103D29 (room 0x41),59.678,no,the line between them touches another wall,wall of tile 046B29 (room 0x41)
wall of tile 046A29 (room 0x41),wall of tile 103D2A (room 0x41),59.678,no,the line between them touches another wall,wall of tile 046B29 (room 0x41)
wall of tile 046B2A (room 0x41),wall of tile 046D2A (room 0x41),39.785,no,the line between them touches another wall,wall of tile 046C2A (room 0x41)
wall of tile 046B2A (room 0x41),wall of tile 04A72A (room 0x41),59.308,no,"the line between them leaves the walkable area (a wall's thickness, or another floor)",
wall of tile 046B2A (room 0x41),wall of tile 04A82A (room 0x41),59.308,no,"the line between them leaves the walkable area (a wall's thickness, or another floor)",
wall of tile 046B2A (room 0x41),wall of tile 04A829 (room 0x41),53.047,no,"the line between them leaves the walkable area (a wall's thickness, or another floor)",
wall of tile 046B29 (room 0x41),wall of tile 046D29 (room 0x41),39.785,no,the line between them touches another wall,wall of tile 046C29 (room 0x41)
wall of tile 046B29 (room 0x41),wall of tile 103D29 (room 0x41),19.893,no,the line between them touches another wall,wall of tile 046C29 (room 0x41)
wall of tile 046B29 (room 0x41),wall of tile 103D2A (room 0x41),19.893,no,the line between them touches another wall,wall of tile 046C29 (room 0x41)
wall of tile 046C2A (room 0x41),wall of tile 046E2A (room 0x41),39.785,no,the line between them touches another wall,wall of tile 046D2A (room 0x41)
wall of tile 046C2A (room 0x41),wall of tile 04A72A (room 0x41),29.654,no,"the line between them leaves the walkable area (a wall's thickness, or another floor)",
wall of tile 046C2A (room 0x41),wall of tile 04A82A (room 0x41),29.654,no,"the line between them leaves the walkable area (a wall's thickness, or another floor)",
wall of tile 046C2A (room 0x41),wall of tile 04A829 (room 0x41),53.047,no,"the line between them leaves the walkable area (a wall's thickness, or another floor)",
wall of tile 046C29 (room 0x41),wall of tile 046E29 (room 0x41),39.785,no,the line between them touches another wall,wall of tile 046D29 (room 0x41)
wall of tile 046D2A (room 0x41),wall of tile 046F2A (room 0x41),39.785,no,the line between them touches another wall,wall of tile 046E2A (room 0x41)
wall of tile 046D2A (room 0x41),wall of tile 04A72A (room 0x41),26.523,no,"the line between them leaves the walkable area (a wall's thickness, or another floor)",
wall of tile 046D2A (room 0x41),wall of tile 04A82A (room 0x41),26.523,no,"the line between them leaves the walkable area (a wall's thickness, or another floor)",
wall of tile 046D2A (room 0x41),wall of tile 04A829 (room 0x41),53.047,no,"the line between them leaves the walkable area (a wall's thickness, or another floor)",
wall of tile 046D29 (room 0x41),wall of tile 046F29 (room 0x41),39.785,no,the line between them touches another wall,wall of tile 046E29 (room 0x41)
wall of tile 046D29 (room 0x41),wall of tile 103D2A (room 0x41),19.893,no,the line between them touches another wall,wall of tile 046C29 (room 0x41)
wall of tile 046E2A (room 0x41),wall of tile 04702A (room 0x41),39.785,no,the line between them touches another wall,wall of tile 046F2A (room 0x41)
wall of tile 046E2A (room 0x41),wall of tile 04A62A (room 0x41),47.816,no,"the line between them leaves the walkable area (a wall's thickness, or another floor)",
wall of tile 046E2A (room 0x41),wall of tile 04A72A (room 0x41),26.523,no,"the line between them leaves the walkable area (a wall's thickness, or another floor)",
wall of tile 046E2A (room 0x41),wall of tile 04A82A (room 0x41),37.510,no,"the line between them leaves the walkable area (a wall's thickness, or another floor)",
wall of tile 046E2A (room 0x41),wall of tile 04A829 (room 0x41),59.308,no,"the line between them leaves the walkable area (a wall's thickness, or another floor)",
wall of tile 046E29 (room 0x41),wall of tile 047029 (room 0x41),39.785,no,the line between them touches another wall,wall of tile 046F29 (room 0x41)
wall of tile 046E29 (room 0x41),wall of tile 103D2A (room 0x41),59.678,no,the line between them touches another wall,wall of tile 046D29 (room 0x41)
wall of tile 046F2A (room 0x41),wall of tile 04A62A (room 0x41),26.523,no,"the line between them leaves the walkable area (a wall's thickness, or another floor)",
wall of tile 046F2A (room 0x41),wall of tile 04A62A (room 0x41),53.047,no,"the line between them leaves the walkable area (a wall's thickness, or another floor)",
wall of tile 046F2A (room 0x41),wall of tile 04A72A (room 0x41),26.523,no,"the line between them leaves the walkable area (a wall's thickness, or another floor)",
wall of tile 04702A (room 0x41),wall of tile 04A62A (room 0x41),26.523,no,"the line between them leaves the walkable area (a wall's thickness, or another floor)",
wall of tile 04702A (room 0x41),wall of tile 04A62A (room 0x41),53.047,no,"the line between them leaves the walkable area (a wall's thickness, or another floor)",
wall of tile 04702A (room 0x41),wall of tile 04A72A (room 0x41),26.523,no,"the line between them leaves the walkable area (a wall's thickness, or another floor)",
wall of tile 04A729 (room 0x41),wall of tile 04A62A (room 0x41),26.523,yes,,
wall of tile 04A729 (room 0x41),wall of tile 04A62A (room 0x41),53.047,no,"another wall pokes into the space between them, so a tighter pair covers this gap",wall of tile 04A72A (room 0x41)
wall of tile 04A729 (room 0x41),wall of tile 04A72A (room 0x41),26.523,yes,,
wall of tile 04A729 (room 0x41),wall of tile 04A82A (room 0x41),26.523,yes,,
wall of tile 04A729 (room 0x41),wall of tile 04A829 (room 0x41),53.047,yes,,
wall of tile 04A729 (room 0x41),wall of tile 0DC728 (room 0x41),53.047,no,the line between them touches another wall,wall of tile 04A829 (room 0x41)
wall of tile 04A62A (room 0x41),wall of tile 04A72A (room 0x41),26.523,no,the line between them touches another wall,wall of tile 04A62A (room 0x41)
wall of tile 04A72A (room 0x41),wall of tile 04A829 (room 0x41),26.523,no,the line between them touches another wall,wall of tile 04A82A (room 0x41)
wall of tile 0DD628 (room 0x41),wall of tile 0DC728 (room 0x41),26.523,no,the line between them touches another wall,wall of tile 0DC728 (room 0x41)
wall of tile 0DD628 (room 0x41),wall of tile 0DD728 (room 0x41),26.523,no,the line between them touches another wall,wall of tile 0DD728 (room 0x41)
wall of tile 0DD428 (room 0x41),wall of tile 11A628 (room 0x45),53.047,no,"the line between them leaves the walkable area (a wall's thickness, or another floor)",
wall of tile 0DD428 (room 0x41),wall of tile 11AA28 (room 0x45),26.523,no,"the line between them leaves the walkable area (a wall's thickness, or another floor)",
wall of tile 0DE828 (room 0x45),door 0x1c7d0c (preset 0x0085),0.000,yes,,
wall of tile 0DE828 (room 0x45),door 0x1c7d0c (preset 0x0085),0.000,yes,,
wall of tile 0DE828 (room 0x45),door 0x1c7d0c (preset 0x0085),0.000,yes,,
wall of tile 0DE828 (room 0x45),door 0x1c7d0c (preset 0x0085),1.658,no,"another wall pokes into the space between them, so a tighter pair covers this gap",wall of tile 0DE428 (room 0x42)
wall of tile 0DE828 (room 0x45),door 0x1c9894 (preset 0x0083),39.785,no,the far wall faces the other way (it belongs to floor which isn't linked here),
wall of tile 0DE828 (room 0x45),door 0x1c9894 (preset 0x0083),39.785,no,the far wall faces the other way (it belongs to floor which isn't linked here),
wall of tile 0DE828 (room 0x45),door 0x1c9894 (preset 0x0083),39.785,no,the far wall faces the other way (it belongs to floor which isn't linked here),
wall of tile 0DE828 (room 0x45),door 0x1c9894 (preset 0x0083),39.785,no,the far wall faces the other way (it belongs to floor which isn't linked here),
wall of tile 0DE628 (room 0x45),door 0x1c7e0c (preset 0x0086),0.829,no,"another wall pokes into the space between them, so a tighter pair covers this gap",wall of tile 0DDD28 (room 0x42)
wall of tile 0DE628 (room 0x45),door 0x1c7e0c (preset 0x0086),0.000,yes,,
wall of tile 0DE628 (room 0x45),door 0x1c7e0c (preset 0x0086),0.000,yes,,
wall of tile 0DE628 (room 0x45),door 0x1c7e0c (preset 0x0086),0.829,no,"another wall pokes into the space between them, so a tighter pair covers this gap",wall of tile 0DDD28 (room 0x42)
wall of tile 119428 (room 0x45),door 0x1c7e0c (preset 0x0086),40.614,no,"another wall pokes into the space between them, so a tighter pair covers this gap",wall of tile 0DDD28 (room 0x42)
wall of tile 119428 (room 0x45),door 0x1c7e0c (preset 0x0086),29.010,no,"another wall pokes into the space between them, so a tighter pair covers this gap",wall of tile 0DE628 (room 0x45)
wall of tile 119428 (room 0x45),door 0x1c7e0c (preset 0x0086),29.010,no,"another wall pokes into the space between them, so a tighter pair covers this gap",wall of tile 0DE628 (room 0x45)
wall of tile 119428 (room 0x45),door 0x1c7e0c (preset 0x0086),40.614,no,"another wall pokes into the space between them, so a tighter pair covers this gap",wall of tile 0DDD28 (room 0x42)
wall of tile 119828 (room 0x45),door 0x1c7d0c (preset 0x0085),29.010,no,"another wall pokes into the space between them, so a tighter pair covers this gap",wall of tile 0DE828 (room 0x45)
wall of tile 119828 (room 0x45),door 0x1c7d0c (preset 0x0085),29.010,no,"another wall pokes into the space between them, so a tighter pair covers this gap",wall of tile 0DE828 (room 0x45)
wall of tile 119828 (room 0x45),door 0x1c7d0c (preset 0x0085),29.010,no,"another wall pokes into the space between them, so a tighter pair covers this gap",wall of tile 0DE828 (room 0x45)
wall of tile 119828 (room 0x45),door 0x1c7d0c (preset 0x0085),40.614,no,"another wall pokes into the space between them, so a tighter pair covers this gap",wall of tile 0DE428 (room 0x42)
wall of tile 119828 (room 0x45),door 0x1c9894 (preset 0x0083),48.280,no,the far wall faces the other way (it belongs to floor which isn't linked here),
wall of tile 119828 (room 0x45),door 0x1c9894 (preset 0x0083),48.280,no,the far wall faces the other way (it belongs to floor which isn't linked here),
wall of tile 119828 (room 0x45),door 0x1c9894 (preset 0x0083),48.281,no,the far wall faces the other way (it belongs to floor which isn't linked here),
wall of tile 119828 (room 0x45),door 0x1c9894 (preset 0x0083),55.682,no,the far wall faces the other way (it belongs to floor which isn't linked here),
wall of tile 0EB429 (room 0x43),wall of tile 056829 (room 0x40),26.523,no,"the line between them leaves the walkable area (a wall's thickness, or another floor)",
wall of tile 0EB329 (room 0x42),wall of tile 056929 (room 0x40),26.523,no,"the line between them leaves the walkable area (a wall's thickness, or another floor)",
wall of tile 0EB329 (room 0x42),wall of tile 056F29 (room 0x40),26.523,no,"the line between them leaves the walkable area (a wall's thickness, or another floor)",
wall of tile 0EB329 (room 0x42),wall of tile 056829 (room 0x40),26.523,no,"the line between them leaves the walkable area (a wall's thickness, or another floor)",
wall of tile 0EB329 (room 0x42),wall of tile 056929 (room 0x40),26.523,no,"the line between them leaves the walkable area (a wall's thickness, or another floor)",
wall of tile 0EB329 (room 0x42),wall of tile 056F29 (room 0x40),26.523,no,"the line between them leaves the walkable area (a wall's thickness, or another floor)",
wall of tile 111028 (room 0x42),wall of tile 002928 (room 0x42),53.047,no,the line between them touches another wall,wall of tile 002928 (room 0x42)
wall of tile 001928 (room 0x44),wall of tile 0F8428 (room 0x3f),53.047,no,"the line between them leaves the walkable area (a wall's thickness, or another floor)",
wall of tile 001928 (room 0x44),wall of tile 0BBC28 (room 0x3f),53.047,no,"the line between them leaves the walkable area (a wall's thickness, or another floor)",
wall of tile 001928 (room 0x44),wall of tile 0BBD28 (room 0x3f),59.308,no,"the line between them leaves the walkable area (a wall's thickness, or another floor)",
wall of tile 001928 (room 0x44),wall of tile 013329 (room 0x44),53.047,no,the far wall faces the other way (it belongs to floor which isn't linked here),
wall of tile 001928 (room 0x44),wall of tile 013229 (room 0x44),53.047,no,the far wall faces the other way (it belongs to floor which isn't linked here),
wall of tile 001928 (room 0x44),wall of tile 013129 (room 0x44),53.047,no,the line between them touches another wall,wall of tile 001828 (room 0x44)
wall of tile 001928 (room 0x44),wall of tile 013428 (room 0x44),53.047,no,the line between them touches another wall,wall of tile 001928 (room 0x44)
wall of tile 001928 (room 0x44),wall of tile 0F8129 (room 0x44),26.523,no,the far wall faces the other way (it belongs to floor which isn't linked here),
wall of tile 001928 (room 0x44),wall of tile 0F812A (room 0x44),26.523,no,the far wall faces the other way (it belongs to floor which isn't linked here),
wall of tile 001928 (room 0x44),wall of tile 104A2A (room 0x3f),13.262,no,"the line between them leaves the walkable area (a wall's thickness, or another floor)",
wall of tile 001928 (room 0x44),wall of tile 104A29 (room 0x3f),13.262,no,"the line between them leaves the walkable area (a wall's thickness, or another floor)",
wall of tile 001928 (room 0x44),wall of tile 0F872A (room 0x3f),39.785,no,"the line between them leaves the walkable area (a wall's thickness, or another floor)",
wall of tile 001928 (room 0x44),wall of tile 0F8729 (room 0x3f),39.785,no,"the line between them leaves the walkable area (a wall's thickness, or another floor)",
wall of tile 001928 (room 0x44),wall of tile 0F8428 (room 0x3f),53.047,no,"the line between them leaves the walkable area (a wall's thickness, or another floor)",
wall of tile 001928 (room 0x44),wall of tile 0F8428 (room 0x3f),53.047,no,"the line between them leaves the walkable area (a wall's thickness, or another floor)",
wall of tile 001928 (room 0x44),wall of tile 0BBC28 (room 0x3f),53.047,no,"the line between them leaves the walkable area (a wall's thickness, or another floor)",
wall of tile 001928 (room 0x44),wall of tile 0BBD28 (room 0x3f),59.308,no,"the line between them leaves the walkable area (a wall's thickness, or another floor)",
wall of tile 001928 (room 0x44),wall of tile 0BC928 (room 0x3f),54.679,no,"the line between them leaves the walkable area (a wall's thickness, or another floor)",
wall of tile 001928 (room 0x44),wall of tile 0BB828 (room 0x3f),53.047,no,"the line between them leaves the walkable area (a wall's thickness, or another floor)",
wall of tile 001928 (room 0x44),wall of tile 0BCA28 (room 0x3f),54.679,no,"the line between them leaves the walkable area (a wall's thickness, or another floor)",
wall of tile 001928 (room 0x44),door 0x1c9994 (preset 0x0084),8.289,no,"the line between them leaves the walkable area (a wall's thickness, or another floor)",
wall of tile 001928 (room 0x44),door 0x1c9994 (preset 0x0084),8.288,no,"the line between them leaves the walkable area (a wall's thickness, or another floor)",
wall of tile 001928 (room 0x44),door 0x1c9994 (preset 0x0084),3.316,no,the far wall faces the other way (it belongs to floor which isn't linked here),
wall of tile 001928 (room 0x44),door 0x1c9994 (preset 0x0084),3.315,no,the far wall faces the other way (it belongs to floor which isn't linked here),
wall of tile 001B28 (room 0x44),wall of tile 013229 (room 0x44),53.047,no,the line between them touches another wall,wall of tile 001A28 (room 0x44)
wall of tile 001B28 (room 0x44),wall of tile 013129 (room 0x44),53.047,no,the far wall faces the other way (it belongs to floor which isn't linked here),
wall of tile 0AEE29 (room 0x44),wall of tile 0AF029 (room 0x44),40.614,no,the line between them touches another wall,wall of tile 0AEF29 (room 0x44)
wall of tile 0AEE2A (room 0x44),wall of tile 0AF02A (room 0x44),40.614,no,the line between them touches another wall,wall of tile 0AEF2A (room 0x44)
wall of tile 0AEF29 (room 0x44),wall of tile 0AEB29 (room 0x44),39.785,no,the line between them touches another wall,wall of tile 0AF029 (room 0x44)
wall of tile 0AEF2A (room 0x44),wall of tile 0AEB2A (room 0x44),39.785,no,the line between them touches another wall,wall of tile 0AF02A (room 0x44)
wall of tile 0AF029 (room 0x44),wall of tile 0AEC29 (room 0x44),39.785,no,the line between them touches another wall,wall of tile 0AEB29 (room 0x44)
wall of tile 0AF02A (room 0x44),wall of tile 0AEC2A (room 0x44),39.785,no,the line between them touches another wall,wall of tile 0AEB2A (room 0x44)
wall of tile 0AEB29 (room 0x44),wall of tile 0AED29 (room 0x44),39.785,no,the line between them touches another wall,wall of tile 0AEC29 (room 0x44)
wall of tile 0AEB2A (room 0x44),wall of tile 0AED2A (room 0x44),39.785,no,the line between them touches another wall,wall of tile 0AEC2A (room 0x44)
wall of tile 0AEC29 (room 0x44),wall of tile 0AEA29 (room 0x44),39.785,no,the line between them touches another wall,wall of tile 0AED29 (room 0x44)
wall of tile 0AEC2A (room 0x44),wall of tile 0AEA2A (room 0x44),39.785,no,the line between them touches another wall,wall of tile 0AED2A (room 0x44)
wall of tile 0AED29 (room 0x44),wall of tile 0AE929 (room 0x44),39.785,no,the line between them touches another wall,wall of tile 0AEA29 (room 0x44)
wall of tile 0AED2A (room 0x44),wall of tile 0AE92A (room 0x44),39.785,no,the line between them touches another wall,wall of tile 0AEA2A (room 0x44)
wall of tile 0AEA29 (room 0x44),wall of tile 0AE829 (room 0x44),39.785,no,the line between them touches another wall,wall of tile 0AE929 (room 0x44)
wall of tile 0AEA2A (room 0x44),wall of tile 0AE82A (room 0x44),39.785,no,the line between them touches another wall,wall of tile 0AE92A (room 0x44)
wall of tile 0AE929 (room 0x44),wall of tile 0AE529 (room 0x44),39.785,no,the line between them touches another wall,wall of tile 0AE829 (room 0x44)
wall of tile 0AE92A (room 0x44),wall of tile 0AE52A (room 0x44),39.785,no,the line between them touches another wall,wall of tile 0AE82A (room 0x44)
wall of tile 0AE829 (room 0x44),wall of tile 0AE629 (room 0x44),39.785,no,the line between them touches another wall,wall of tile 0AE529 (room 0x44)
wall of tile 0AE82A (room 0x44),wall of tile 0AE62A (room 0x44),39.785,no,the line between them touches another wall,wall of tile 0AE52A (room 0x44)
wall of tile 0AE529 (room 0x44),wall of tile 0AE729 (room 0x44),39.785,no,the line between them touches another wall,wall of tile 0AE629 (room 0x44)
wall of tile 0AE52A (room 0x44),wall of tile 0AE72A (room 0x44),39.785,no,the line between them touches another wall,wall of tile 0AE62A (room 0x44)
wall of tile 0AE629 (room 0x44),wall of tile 0AE329 (room 0x44),39.785,no,the line between them touches another wall,wall of tile 0AE729 (room 0x44)
wall of tile 0AE62A (room 0x44),wall of tile 0AE32A (room 0x44),39.785,no,the line between them touches another wall,wall of tile 0AE72A (room 0x44)
wall of tile 0AE729 (room 0x44),wall of tile 0AE429 (room 0x44),39.785,no,the line between them touches another wall,wall of tile 0AE329 (room 0x44)
wall of tile 0AE72A (room 0x44),wall of tile 0AE42A (room 0x44),39.785,no,the line between them touches another wall,wall of tile 0AE32A (room 0x44)
wall of tile 0AE329 (room 0x44),wall of tile 0AE229 (room 0x44),39.785,no,the line between them touches another wall,wall of tile 0AE429 (room 0x44)
wall of tile 0AE32A (room 0x44),wall of tile 0AE22A (room 0x44),39.785,no,the line between them touches another wall,wall of tile 0AE42A (room 0x44)
wall of tile 0AE429 (room 0x44),wall of tile 019C29 (room 0x44),40.614,no,the line between them touches another wall,wall of tile 0AE229 (room 0x44)
wall of tile 0AE42A (room 0x44),wall of tile 019C2A (room 0x44),40.614,no,the line between them touches another wall,wall of tile 0AE22A (room 0x44)
wall of tile 0AE229 (room 0x44),wall of tile 019B29 (room 0x44),39.785,no,the line between them touches another wall,wall of tile 019C29 (room 0x44)
wall of tile 0AE22A (room 0x44),wall of tile 019B2A (room 0x44),39.785,no,the line between them touches another wall,wall of tile 019C2A (room 0x44)
wall of tile 019C29 (room 0x44),wall of tile 01322A (room 0x44),53.047,no,the line between them touches another wall,wall of tile 019B29 (room 0x44)
wall of tile 019C2A (room 0x44),wall of tile 013428 (room 0x44),53.047,no,the line between them touches another wall,wall of tile 019B2A (room 0x44)
wall of tile 013329 (room 0x44),wall of tile 104B29 (room 0x44),26.523,no,the line between them touches another wall,wall of tile 0F8129 (room 0x44)
wall of tile 013329 (room 0x44),door 0x1c9994 (preset 0x0084),49.731,no,"the line between them leaves the walkable area (a wall's thickness, or another floor)",
wall of tile 013329 (room 0x44),door 0x1c9994 (preset 0x0084),49.731,no,"the line between them leaves the walkable area (a wall's thickness, or another floor)",
wall of tile 013229 (room 0x44),wall of tile 104B2A (room 0x44),26.523,no,the line between them touches another wall,wall of tile 0F812A (room 0x44)
wall of tile 013229 (room 0x44),door 0x1c9994 (preset 0x0084),49.731,no,"another wall pokes into the space between them, so a tighter pair covers this gap",wall of tile 104B2A (room 0x44)
wall of tile 013229 (room 0x44),door 0x1c9994 (preset 0x0084),49.731,no,"another wall pokes into the space between them, so a tighter pair covers this gap",wall of tile 104B2A (room 0x44)
wall of tile 013229 (room 0x44),door 0x1c9994 (preset 0x0084),49.732,no,"another wall pokes into the space between them, so a tighter pair covers this gap",wall of tile 104B2A (room 0x44)
wall of tile 013129 (room 0x44),door 0x1c9794 (preset 0x0079),59.308,no,"the line between them leaves the walkable area (a wall's thickness, or another floor)",
wall of tile 013129 (room 0x44),door 0x1c9794 (preset 0x0079),59.308,no,"the line between them leaves the walkable area (a wall's thickness, or another floor)",
wall of tile 0F8129 (room 0x44),wall of tile 104A29 (room 0x3f),39.785,no,the line between them touches another wall,wall of tile 104B29 (room 0x44)
wall of tile 0F8129 (room 0x44),door 0x1c9994 (preset 0x0084),34.812,no,the line between them touches another wall,wall of tile 104B29 (room 0x44)
wall of tile 0F8129 (room 0x44),door 0x1c9994 (preset 0x0084),34.812,no,"the line between them leaves the walkable area (a wall's thickness, or another floor)",
wall of tile 0F8129 (room 0x44),door 0x1c9994 (preset 0x0084),23.208,no,"the line between them leaves the walkable area (a wall's thickness, or another floor)",
wall of tile 0F8129 (room 0x44),door 0x1c9994 (preset 0x0084),23.208,no,the line between them touches another wall,wall of tile 104B29 (room 0x44)
wall of tile 0F812A (room 0x44),wall of tile 104A2A (room 0x3f),39.785,no,the line between them touches another wall,wall of tile 104B2A (room 0x44)
wall of tile 0F812A (room 0x44),door 0x1c9994 (preset 0x0084),34.812,no,"another wall pokes into the space between them, so a tighter pair covers this gap",wall of tile 104B2A (room 0x44)
wall of tile 0F812A (room 0x44),door 0x1c9994 (preset 0x0084),23.208,no,"another wall pokes into the space between them, so a tighter pair covers this gap",wall of tile 104B2A (room 0x44)
wall of tile 0F812A (room 0x44),door 0x1c9994 (preset 0x0084),23.208,no,"another wall pokes into the space between them, so a tighter pair covers this gap",wall of tile 104B2A (room 0x44)
wall of tile 0F812A (room 0x44),door 0x1c9994 (preset 0x0084),23.208,no,"another wall pokes into the space between them, so a tighter pair covers this gap",wall of tile 104B2A (room 0x44)
wall of tile 104B2A (room 0x44),wall of tile 0F8729 (room 0x3f),26.523,no,the line between them touches another wall,wall of tile 104A2A (room 0x3f)
wall of tile 104B2A (room 0x44),wall of tile 0F8428 (room 0x3f),41.010,no,"the line between them leaves the walkable area (a wall's thickness, or another floor)",
wall of tile 104B2A (room 0x44),door 0x1c9994 (preset 0x0084),0.000,yes,,
wall of tile 104B2A (room 0x44),door 0x1c9994 (preset 0x0084),0.000,yes,,
wall of tile 104B2A (room 0x44),door 0x1c9994 (preset 0x0084),0.000,yes,,
wall of tile 104B2A (room 0x44),door 0x1c9994 (preset 0x0084),0.000,yes,,
wall of tile 104B29 (room 0x44),wall of tile 0F872A (room 0x3f),26.523,no,the line between them touches another wall,wall of tile 104A29 (room 0x3f)
wall of tile 104B29 (room 0x44),wall of tile 0F8428 (room 0x3f),40.334,no,"the line between them leaves the walkable area (a wall's thickness, or another floor)",
wall of tile 104B29 (room 0x44),door 0x1c9994 (preset 0x0084),0.000,no,"the line between them leaves the walkable area (a wall's thickness, or another floor)",
wall of tile 104B29 (room 0x44),door 0x1c9994 (preset 0x0084),0.000,no,"the line between them leaves the walkable area (a wall's thickness, or another floor)",
wall of tile 104A2A (room 0x3f),wall of tile 0F8428 (room 0x3f),16.577,no,the line between them touches another wall,wall of tile 0F8729 (room 0x3f)
wall of tile 104A2A (room 0x3f),door 0x1c9994 (preset 0x0084),4.973,no,"another wall pokes into the space between them, so a tighter pair covers this gap",wall of tile 104B2A (room 0x44)
wall of tile 104A2A (room 0x3f),door 0x1c9994 (preset 0x0084),16.577,no,"another wall pokes into the space between them, so a tighter pair covers this gap",wall of tile 104B2A (room 0x44)
wall of tile 104A2A (room 0x3f),door 0x1c9994 (preset 0x0084),16.577,no,"another wall pokes into the space between them, so a tighter pair covers this gap",wall of tile 104B2A (room 0x44)
wall of tile 104A2A (room 0x3f),door 0x1c9994 (preset 0x0084),4.973,no,"another wall pokes into the space between them, so a tighter pair covers this gap",wall of tile 104B2A (room 0x44)
wall of tile 104A29 (room 0x3f),wall of tile 0F8428 (room 0x3f),14.827,no,the line between them touches another wall,wall of tile 0F872A (room 0x3f)
wall of tile 104A29 (room 0x3f),door 0x1c9994 (preset 0x0084),4.973,no,the line between them touches another wall,wall of tile 104B29 (room 0x44)
wall of tile 104A29 (room 0x3f),door 0x1c9994 (preset 0x0084),4.973,no,"the line between them leaves the walkable area (a wall's thickness, or another floor)",
wall of tile 104A29 (room 0x3f),door 0x1c9994 (preset 0x0084),4.973,no,"the line between them leaves the walkable area (a wall's thickness, or another floor)",
wall of tile 104A29 (room 0x3f),door 0x1c9994 (preset 0x0084),16.577,no,the line between them touches another wall,wall of tile 104B29 (room 0x44)
wall of tile 0F872A (room 0x3f),door 0x1c9994 (preset 0x0084),31.496,no,the line between them touches another wall,wall of tile 104A29 (room 0x3f)
wall of tile 0F872A (room 0x3f),door 0x1c9994 (preset 0x0084),31.496,no,"the line between them leaves the walkable area (a wall's thickness, or another floor)",
wall of tile 0F872A (room 0x3f),door 0x1c9994 (preset 0x0084),31.497,no,"the line between them leaves the walkable area (a wall's thickness, or another floor)",
wall of tile 0F872A (room 0x3f),door 0x1c9994 (preset 0x0084),43.101,no,the line between them touches another wall,wall of tile 104A29 (room 0x3f)
wall of tile 0F8729 (room 0x3f),door 0x1c9994 (preset 0x0084),31.496,no,"another wall pokes into the space between them, so a tighter pair covers this gap",wall of tile 104A2A (room 0x3f)
wall of tile 0F8729 (room 0x3f),door 0x1c9994 (preset 0x0084),43.101,no,"another wall pokes into the space between them, so a tighter pair covers this gap",wall of tile 104A2A (room 0x3f)
wall of tile 0F8729 (room 0x3f),door 0x1c9994 (preset 0x0084),43.100,no,"another wall pokes into the space between them, so a tighter pair covers this gap",wall of tile 104A2A (room 0x3f)
wall of tile 0F8729 (room 0x3f),door 0x1c9994 (preset 0x0084),31.496,no,"another wall pokes into the space between them, so a tighter pair covers this gap",wall of tile 104A2A (room 0x3f)
wall of tile 0F8428 (room 0x3f),door 0x1c9994 (preset 0x0084),45.850,no,"the line between them leaves the walkable area (a wall's thickness, or another floor)",
wall of tile 0F8428 (room 0x3f),door 0x1c9994 (preset 0x0084),57.233,no,"the line between them leaves the walkable area (a wall's thickness, or another floor)",
wall of tile 0F8428 (room 0x3f),door 0x1c9994 (preset 0x0084),57.233,no,"the line between them leaves the walkable area (a wall's thickness, or another floor)",
wall of tile 0F8428 (room 0x3f),door 0x1c9994 (preset 0x0084),45.850,no,"the line between them leaves the walkable area (a wall's thickness, or another floor)",
wall of tile 0F8428 (room 0x3f),wall of tile 0BBD28 (room 0x3f),26.523,no,the line between them touches another wall,wall of tile 0BBC28 (room 0x3f)
wall of tile 0F8428 (room 0x3f),wall of tile 0BDA28 (room 0x40),53.876,no,"the line between them leaves the walkable area (a wall's thickness, or another floor)",
wall of tile 0F8428 (room 0x3f),wall of tile 0BDA28 (room 0x40),53.876,no,"the line between them leaves the walkable area (a wall's thickness, or another floor)",
wall of tile 0F8428 (room 0x3f),door 0x1c9994 (preset 0x0084),45.247,no,"the line between them leaves the walkable area (a wall's thickness, or another floor)",
wall of tile 0F8428 (room 0x3f),door 0x1c9994 (preset 0x0084),45.247,no,"the line between them leaves the walkable area (a wall's thickness, or another floor)",
wall of tile 0F8428 (room 0x3f),door 0x1c9994 (preset 0x0084),45.247,no,"the line between them leaves the walkable area (a wall's thickness, or another floor)",
wall of tile 0F8428 (room 0x3f),door 0x1c9994 (preset 0x0084),56.751,no,"the line between them leaves the walkable area (a wall's thickness, or another floor)",
wall of tile 0BBC28 (room 0x3f),wall of tile 0BDA28 (room 0x40),27.352,no,"the line between them leaves the walkable area (a wall's thickness, or another floor)",
wall of tile 0BBC28 (room 0x3f),wall of tile 0BDA28 (room 0x40),27.352,no,"the line between them leaves the walkable area (a wall's thickness, or another floor)",
wall of tile 0BBD28 (room 0x3f),wall of tile 0BDC29 (room 0x3f),39.785,no,the line between them touches another wall,wall of tile 0BE228 (room 0x3f)
wall of tile 0BBD28 (room 0x3f),wall of tile 0BDA28 (room 0x40),27.352,no,"the line between them leaves the walkable area (a wall's thickness, or another floor)",
wall of tile 0BBD28 (room 0x3f),wall of tile 0BDA28 (room 0x40),27.352,no,"the line between them leaves the walkable area (a wall's thickness, or another floor)",
wall of tile 0BC528 (room 0x3f),wall of tile 0BE42A (room 0x3f),53.047,no,the line between them touches another wall,wall of tile 0BE62A (room 0x3f)
wall of tile 0BC528 (room 0x3f),wall of tile 0BB728 (room 0x3f),39.785,no,the line between them touches another wall,wall of tile 0BC428 (room 0x3f)
wall of tile 0BE62A (room 0x3f),wall of tile 0BDD28 (room 0x3f),53.047,no,the line between them touches another wall,wall of tile 0BE42A (room 0x3f)
wall of tile 0BDD28 (room 0x3f),wall of tile 0BDF28 (room 0x3f),39.785,no,the line between them touches another wall,wall of tile 0BDE28 (room 0x3f)
wall of tile 0BDD28 (room 0x3f),wall of tile 0BE028 (room 0x3f),47.816,no,"the line between them leaves the walkable area (a wall's thickness, or another floor)",
wall of tile 0BDE28 (room 0x3f),wall of tile 0BE028 (room 0x3f),26.523,no,the line between them touches another wall,wall of tile 0BDF28 (room 0x3f)
wall of tile 0BDE28 (room 0x3f),wall of tile 0BDC2A (room 0x3f),48.508,no,"another wall pokes into the space between them, so a tighter pair covers this gap",wall of tile 0BDF28 (room 0x3f)
wall of tile 0BDE28 (room 0x3f),wall of tile 0BD928 (room 0x40),53.876,no,"the line between them leaves the walkable area (a wall's thickness, or another floor)",
wall of tile 0BDE28 (room 0x3f),wall of tile 0BD928 (room 0x40),53.876,no,"the line between them leaves the walkable area (a wall's thickness, or another floor)",
wall of tile 0BDF28 (room 0x3f),wall of tile 0BDC2A (room 0x3f),40.614,no,the line between them touches another wall,wall of tile 0BE028 (room 0x3f)
wall of tile 0BDF28 (room 0x3f),wall of tile 0BD928 (room 0x40),27.352,no,"the line between them leaves the walkable area (a wall's thickness, or another floor)",
wall of tile 0BDF28 (room 0x3f),wall of tile 0BD928 (room 0x40),27.352,no,"the line between them leaves the walkable area (a wall's thickness, or another floor)",
wall of tile 0BE028 (room 0x3f),wall of tile 0BD928 (room 0x40),27.352,no,"the line between them leaves the walkable area (a wall's thickness, or another floor)",
wall of tile 0BE028 (room 0x3f),wall of tile 0BD928 (room 0x40),27.352,no,"the line between them leaves the walkable area (a wall's thickness, or another floor)",
wall of tile 0BDC2A (room 0x3f),wall of tile 0BD928 (room 0x40),40.614,no,the line between them touches another wall,wall of tile 0BD928 (room 0x40)
wall of tile 0BE228 (room 0x3f),wall of tile 0BDA28 (room 0x40),27.352,no,"the line between them leaves the walkable area (a wall's thickness, or another floor)",
wall of tile 0BD928 (room 0x40),wall of tile 056C29 (room 0x40),39.785,no,the line between them touches another wall,wall of tile 056C2A (room 0x40)
wall of tile 0BD928 (room 0x40),wall of tile 056C2A (room 0x40),53.047,no,the line between them touches another wall,wall of tile 0BD928 (room 0x40)
wall of tile 0BDA28 (room 0x40),wall of tile 056729 (room 0x40),53.047,no,the line between them touches another wall,wall of tile 0BDA28 (room 0x40)
wall of tile 056B28 (room 0x40),wall of tile 056C29 (room 0x40),39.785,no,the line between them touches another wall,wall of tile 056C29 (room 0x40)
wall of tile 056B28 (room 0x40),wall of tile 056D29 (room 0x40),39.785,no,the line between them touches another wall,wall of tile 056D2A (room 0x40)
wall of tile 056A28 (room 0x40),wall of tile 056D29 (room 0x40),39.785,no,the line between them touches another wall,wall of tile 056D29 (room 0x40)
wall of tile 056A28 (room 0x40),wall of tile 056E29 (room 0x40),39.785,no,the line between them touches another wall,wall of tile 056E2A (room 0x40)
wall of tile 056929 (room 0x40),wall of tile 056F29 (room 0x40),53.876,no,the line between them touches another wall,wall of tile 056F29 (room 0x40)
wall of tile 056F2A (room 0x40),wall of tile 056E29 (room 0x40),39.785,no,the line between them touches another wall,wall of tile 056E29 (room 0x40)
wall of tile 056E29 (room 0x40),wall of tile 056F29 (room 0x40),53.876,no,the line between them touches another wall,wall of tile 056F2A (room 0x40)
wall of tile 0BB728 (room 0x3f),wall of tile 0BD028 (room 0x3f),39.785,no,the line between them touches another wall,wall of tile 0BD128 (room 0x3f)
wall of tile 0BB828 (room 0x3f),wall of tile 0BCA28 (room 0x3f),39.785,no,the line between them touches another wall,wall of tile 0BC928 (room 0x3f)
wall of tile 0BCA28 (room 0x3f),wall of tile 0BCC28 (room 0x3f),39.785,no,the line between them touches another wall,wall of tile 0BCB28 (room 0x3f)
wall of tile 0BCB28 (room 0x3f),wall of tile 0BCD28 (room 0x3f),53.047,no,the line between them touches another wall,wall of tile 0BCC28 (room 0x3f)
wall of tile 0BCD28 (room 0x3f),wall of tile 0BCF28 (room 0x3f),53.047,no,the line between them touches another wall,wall of tile 0BCE28 (room 0x3f)
wall of tile 0BCE28 (room 0x3f),wall of tile 0BD028 (room 0x3f),39.785,no,the line between them touches another wall,wall of tile 0BCF28 (room 0x3f)
wall of tile 0FF822 (room 0x3d),door 0x1c9794 (preset 0x0079),13.262,no,"the line between them leaves the walkable area (a wall's thickness, or another floor)",
wall of tile 0FF822 (room 0x3d),door 0x1c9794 (preset 0x0079),1.658,no,"the line between them leaves the walkable area (a wall's thickness, or another floor)",
wall of tile 0FF822 (room 0x3d),door 0x1c9794 (preset 0x0079),1.658,no,"the line between them leaves the walkable area (a wall's thickness, or another floor)",
wall of tile 033220 (room 0x3d),wall of tile 033520 (room 0x3d),26.523,no,the line between them touches another wall,wall of tile 033320 (room 0x3d)
wall of tile 033320 (room 0x3d),wall of tile 024D21 (room 0x3d),39.785,no,the line between them touches another wall,wall of tile 033220 (room 0x3d)
wall of tile 033520 (room 0x3d),wall of tile 033820 (room 0x3d),26.523,no,the line between them touches another wall,wall of tile 033620 (room 0x3d)
wall of tile 033520 (room 0x3d),wall of tile 031E20 (room 0x3d),53.047,no,"the line between them leaves the walkable area (a wall's thickness, or another floor)",
wall of tile 033520 (room 0x3d),wall of tile 024D21 (room 0x3d),47.816,no,"the line between them leaves the walkable area (a wall's thickness, or another floor)",
wall of tile 033520 (room 0x3d),wall of tile 031C20 (room 0x3c),37.510,no,"the line between them leaves the walkable area (a wall's thickness, or another floor)",
wall of tile 033520 (room 0x3d),wall of tile 031B20 (room 0x3c),37.510,no,"the line between them leaves the walkable area (a wall's thickness, or another floor)",
wall of tile 033620 (room 0x3d),wall of tile 031E20 (room 0x3d),53.047,no,"the line between them leaves the walkable area (a wall's thickness, or another floor)",
wall of tile 033620 (room 0x3d),wall of tile 031C20 (room 0x3c),37.510,no,"the line between them leaves the walkable area (a wall's thickness, or another floor)",
wall of tile 033620 (room 0x3d),wall of tile 031B20 (room 0x3c),37.510,no,"the line between them leaves the walkable area (a wall's thickness, or another floor)",
wall of tile 033820 (room 0x3d),wall of tile 031C20 (room 0x3c),53.047,no,"the line between them leaves the walkable area (a wall's thickness, or another floor)",
wall of tile 033820 (room 0x3d),wall of tile 031B20 (room 0x3c),53.047,no,"the line between them leaves the walkable area (a wall's thickness, or another floor)",
wall of tile 031E20 (room 0x3d),wall of tile 031B20 (room 0x3c),26.523,no,the line between them touches another wall,wall of tile 031C20 (room 0x3c)
wall of tile 024D21 (room 0x3d),door 0x1c9794 (preset 0x0079),13.262,no,"the line between them leaves the walkable area (a wall's thickness, or another floor)",
wall of tile 024D21 (room 0x3d),door 0x1c9794 (preset 0x0079),1.658,no,"the line between them leaves the walkable area (a wall's thickness, or another floor)",
wall of tile 024D21 (room 0x3d),door 0x1c9794 (preset 0x0079),1.658,no,"the line between them leaves the walkable area (a wall's thickness, or another floor)",
wall of tile 031B20 (room 0x3c),wall of tile 0FB922 (room 0x3b),26.523,no,the line between them touches another wall,wall of tile 031A20 (room 0x3c)
wall of tile 031B20 (room 0x3c),wall of tile 031120 (room 0x3b),53.876,no,"the line between them leaves the walkable area (a wall's thickness, or another floor)",
wall of tile 031B20 (room 0x3c),wall of tile 031020 (room 0x3b),53.876,no,"the line between them leaves the walkable area (a wall's thickness, or another floor)",
wall of tile 031A20 (room 0x3c),wall of tile 031120 (room 0x3b),53.876,no,"the line between them leaves the walkable area (a wall's thickness, or another floor)",
wall of tile 031A20 (room 0x3c),wall of tile 031020 (room 0x3b),53.876,no,"the line between them leaves the walkable area (a wall's thickness, or another floor)",
wall of tile 0FB922 (room 0x3b),wall of tile 031020 (room 0x3b),26.523,no,the line between them touches another wall,wall of tile 031120 (room 0x3b)
wall of tile 031020 (room 0x3b),wall of tile 030E20 (room 0x3b),26.523,no,the line between them touches another wall,wall of tile 030F20 (room 0x3b)
wall of tile 031020 (room 0x3b),wall of tile 030D20 (room 0x3b),37.510,no,"the line between them leaves the walkable area (a wall's thickness, or another floor)",
wall of tile 030F20 (room 0x3b),wall of tile 030D20 (room 0x3b),26.523,no,the line between them touches another wall,wall of tile 030E20 (room 0x3b)
wall of tile 030120 (room 0x3b),wall of tile 02FF20 (room 0x3b),39.785,no,the line between them touches another wall,wall of tile 030020 (room 0x3b)
wall of tile 030120 (room 0x3b),wall of tile 02FE20 (room 0x3b),41.937,no,"the line between them leaves the walkable area (a wall's thickness, or another floor)",
wall of tile 030020 (room 0x3b),wall of tile 02FE20 (room 0x3b),13.262,no,the line between them touches another wall,wall of tile 02FF20 (room 0x3b)
wall of tile 02F220 (room 0x3a),wall of tile 049320 (room 0x38),39.785,no,"the line between them leaves the walkable area (a wall's thickness, or another floor)",
wall of tile 02F220 (room 0x3a),wall of tile 04A120 (room 0x38),39.785,no,"the line between them leaves the walkable area (a wall's thickness, or another floor)",
wall of tile 02F220 (room 0x3a),wall of tile 049220 (room 0x38),53.047,no,"the line between them leaves the walkable area (a wall's thickness, or another floor)",
wall of tile 02F020 (room 0x3a),wall of tile 02E920 (room 0x3a),13.262,no,the line between them touches another wall,wall of tile 02EF20 (room 0x3a)
wall of tile 02F020 (room 0x3a),wall of tile 049320 (room 0x38),39.785,no,"the line between them leaves the walkable area (a wall's thickness, or another floor)",
wall of tile 02F020 (room 0x3a),wall of tile 04A120 (room 0x38),39.785,no,"the line between them leaves the walkable area (a wall's thickness, or another floor)",
wall of tile 02F020 (room 0x3a),wall of tile 04A020 (room 0x38),39.785,no,"the line between them leaves the walkable area (a wall's thickness, or another floor)",
wall of tile 02F020 (room 0x3a),wall of tile 049F20 (room 0x38),53.047,no,"the line between them leaves the walkable area (a wall's thickness, or another floor)",
wall of tile 02F020 (room 0x3a),wall of tile 049E20 (room 0x38),59.308,no,"the line between them leaves the walkable area (a wall's thickness, or another floor)",
wall of tile 02F020 (room 0x3a),wall of tile 049220 (room 0x38),53.047,no,"the line between them leaves the walkable area (a wall's thickness, or another floor)",
wall of tile 02EF20 (room 0x3a),wall of tile 04A120 (room 0x38),39.785,no,"the line between them leaves the walkable area (a wall's thickness, or another floor)",
wall of tile 02EF20 (room 0x3a),wall of tile 04A020 (room 0x38),39.785,no,"the line between them leaves the walkable area (a wall's thickness, or another floor)",
wall of tile 02EF20 (room 0x3a),wall of tile 049F20 (room 0x38),53.047,no,"the line between them leaves the walkable area (a wall's thickness, or another floor)",
wall of tile 02EF20 (room 0x3a),wall of tile 049E20 (room 0x38),59.308,no,"the line between them leaves the walkable area (a wall's thickness, or another floor)",
wall of tile 02E920 (room 0x3a),wall of tile 04A120 (room 0x38),53.047,no,"the line between them leaves the walkable area (a wall's thickness, or another floor)",
wall of tile 02E920 (room 0x3a),wall of tile 04A020 (room 0x38),53.047,no,"the line between them leaves the walkable area (a wall's thickness, or another floor)",
wall of tile 0F8822 (room 0x38),wall of tile 04A120 (room 0x38),47.816,no,"the line between them leaves the walkable area (a wall's thickness, or another floor)",
wall of tile 0F8822 (room 0x38),wall of tile 04A020 (room 0x38),41.937,no,"the line between them leaves the walkable area (a wall's thickness, or another floor)",
wall of tile 0F8822 (room 0x38),wall of tile 049F20 (room 0x38),18.755,no,"the line between them leaves the walkable area (a wall's thickness, or another floor)",
wall of tile 0F8822 (room 0x38),wall of tile 049E20 (room 0x38),13.262,no,the line between them touches another wall,wall of tile 049D20 (room 0x38)
wall of tile 0F8822 (room 0x38),door 0x1c8c84 (preset 0x0076),0.000,no,"the line between them leaves the walkable area (a wall's thickness, or another floor)",
wall of tile 0F8822 (room 0x38),door 0x1c8c84 (preset 0x0076),0.000,no,"the line between them leaves the walkable area (a wall's thickness, or another floor)",
wall of tile 0F8822 (room 0x38),door 0x1c8c84 (preset 0x0076),0.000,no,"the line between them leaves the walkable area (a wall's thickness, or another floor)",
wall of tile 0F8821 (room 0x38),wall of tile 049B20 (room 0x38),13.262,no,the line between them touches another wall,wall of tile 049C20 (room 0x38)
wall of tile 0F8821 (room 0x38),wall of tile 049920 (room 0x38),18.755,no,"another wall pokes into the space between them, so a tighter pair covers this gap",wall of tile 049C20 (room 0x38)
wall of tile 0F8821 (room 0x38),door 0x1c8c84 (preset 0x0076),0.000,yes,,
wall of tile 0F8821 (room 0x38),door 0x1c8c84 (preset 0x0076),0.000,yes,,
wall of tile 0F8821 (room 0x38),door 0x1c8c84 (preset 0x0076),0.000,yes,,
wall of tile 0F8821 (room 0x38),door 0x1c8c84 (preset 0x0076),0.000,no,"another wall pokes into the space between them, so a tighter pair covers this gap",door 0x1c8c84 (preset 0x0076)
wall of tile 049C20 (room 0x38),wall of tile 049920 (room 0x38),13.262,no,the line between them touches another wall,wall of tile 049B20 (room 0x38)
wall of tile 049C20 (room 0x38),door 0x1c8c84 (preset 0x0076),2.487,no,"another wall pokes into the space between them, so a tighter pair covers this gap",wall of tile 0F8821 (room 0x38)
wall of tile 049C20 (room 0x38),door 0x1c8c84 (preset 0x0076),2.487,no,"another wall pokes into the space between them, so a tighter pair covers this gap",wall of tile 0F8821 (room 0x38)
wall of tile 049C20 (room 0x38),door 0x1c8c84 (preset 0x0076),2.487,no,"another wall pokes into the space between them, so a tighter pair covers this gap",wall of tile 0F8821 (room 0x38)
wall of tile 049C20 (room 0x38),door 0x1c8c84 (preset 0x0076),14.091,no,"another wall pokes into the space between them, so a tighter pair covers this gap",wall of tile 0F8821 (room 0x38)
wall of tile 049D20 (room 0x38),wall of tile 04A120 (room 0x38),37.510,no,"the line between them leaves the walkable area (a wall's thickness, or another floor)",
wall of tile 049D20 (room 0x38),wall of tile 04A020 (room 0x38),29.654,no,"another wall pokes into the space between them, so a tighter pair covers this gap",wall of tile 049F20 (room 0x38)
wall of tile 049D20 (room 0x38),wall of tile 049F20 (room 0x38),13.262,no,the line between them touches another wall,wall of tile 049E20 (room 0x38)
wall of tile 049D20 (room 0x38),door 0x1c8c84 (preset 0x0076),14.091,no,"the line between them leaves the walkable area (a wall's thickness, or another floor)",
wall of tile 049D20 (room 0x38),door 0x1c8c84 (preset 0x0076),2.487,no,"the line between them leaves the walkable area (a wall's thickness, or another floor)",
wall of tile 049D20 (room 0x38),door 0x1c8c84 (preset 0x0076),2.487,no,"the line between them leaves the walkable area (a wall's thickness, or another floor)",
wall of tile 049D20 (room 0x38),door 0x1c8c84 (preset 0x0076),14.091,no,"the line between them leaves the walkable area (a wall's thickness, or another floor)",
wall of tile 049B20 (room 0x38),door 0x1c8c84 (preset 0x0076),13.493,no,"the line between them leaves the walkable area (a wall's thickness, or another floor)",
wall of tile 049B20 (room 0x38),door 0x1c8c84 (preset 0x0076),13.493,no,"the line between them leaves the walkable area (a wall's thickness, or another floor)",
wall of tile 049B20 (room 0x38),door 0x1c8c84 (preset 0x0076),13.493,no,"the line between them leaves the walkable area (a wall's thickness, or another floor)",
wall of tile 049B20 (room 0x38),door 0x1c8c84 (preset 0x0076),19.350,no,"the line between them leaves the walkable area (a wall's thickness, or another floor)",
wall of tile 049920 (room 0x38),wall of tile 049620 (room 0x38),59.308,no,"another wall pokes into the space between them, so a tighter pair covers this gap",wall of tile 049820 (room 0x38)
wall of tile 049920 (room 0x38),wall of tile 049720 (room 0x38),53.047,no,the line between them touches another wall,wall of tile 049820 (room 0x38)
wall of tile 049920 (room 0x38),door 0x1c8c84 (preset 0x0076),20.589,no,"the line between them leaves the walkable area (a wall's thickness, or another floor)",
wall of tile 049920 (room 0x38),door 0x1c8c84 (preset 0x0076),20.589,no,"the line between them leaves the walkable area (a wall's thickness, or another floor)",
wall of tile 049920 (room 0x38),door 0x1c8c84 (preset 0x0076),20.589,no,"the line between them leaves the walkable area (a wall's thickness, or another floor)",
wall of tile 049920 (room 0x38),door 0x1c8c84 (preset 0x0076),30.398,no,"the line between them leaves the walkable area (a wall's thickness, or another floor)",
wall of tile 04A120 (room 0x38),wall of tile 049F20 (room 0x38),13.262,no,the line between them touches another wall,wall of tile 04A020 (room 0x38)
wall of tile 04A120 (room 0x38),wall of tile 049E20 (room 0x38),29.654,no,"the line between them leaves the walkable area (a wall's thickness, or another floor)",
wall of tile 04A120 (room 0x38),wall of tile 049220 (room 0x38),13.262,no,the line between them touches another wall,wall of tile 049320 (room 0x38)
wall of tile 04A120 (room 0x38),door 0x1c8c84 (preset 0x0076),49.904,no,"the line between them leaves the walkable area (a wall's thickness, or another floor)",
wall of tile 04A120 (room 0x38),door 0x1c8c84 (preset 0x0076),49.904,no,"the line between them leaves the walkable area (a wall's thickness, or another floor)",
wall of tile 04A020 (room 0x38),wall of tile 049E20 (room 0x38),26.523,no,the line between them touches another wall,wall of tile 049F20 (room 0x38)
wall of tile 04A020 (room 0x38),door 0x1c8c84 (preset 0x0076),55.484,no,"the line between them leaves the walkable area (a wall's thickness, or another floor)",
wall of tile 04A020 (room 0x38),door 0x1c8c84 (preset 0x0076),44.303,no,"the line between them leaves the walkable area (a wall's thickness, or another floor)",
wall of tile 04A020 (room 0x38),door 0x1c8c84 (preset 0x0076),44.303,no,"the line between them leaves the walkable area (a wall's thickness, or another floor)",
wall of tile 04A020 (room 0x38),door 0x1c8c84 (preset 0x0076),55.484,no,"the line between them leaves the walkable area (a wall's thickness, or another floor)",
wall of tile 049F20 (room 0x38),door 0x1c8c84 (preset 0x0076),30.398,no,"the line between them leaves the walkable area (a wall's thickness, or another floor)",
wall of tile 049F20 (room 0x38),door 0x1c8c84 (preset 0x0076),20.588,no,"the line between them leaves the walkable area (a wall's thickness, or another floor)",
wall of tile 049F20 (room 0x38),door 0x1c8c84 (preset 0x0076),20.588,no,"the line between them leaves the walkable area (a wall's thickness, or another floor)",
wall of tile 049F20 (room 0x38),door 0x1c8c84 (preset 0x0076),30.398,no,"the line between them leaves the walkable area (a wall's thickness, or another floor)",
wall of tile 049E20 (room 0x38),door 0x1c8c84 (preset 0x0076),27.352,no,"the line between them leaves the walkable area (a wall's thickness, or another floor)",
wall of tile 049E20 (room 0x38),door 0x1c8c84 (preset 0x0076),15.748,no,"the line between them leaves the walkable area (a wall's thickness, or another floor)",
wall of tile 049E20 (room 0x38),door 0x1c8c84 (preset 0x0076),15.748,no,"the line between them leaves the walkable area (a wall's thickness, or another floor)",
wall of tile 049E20 (room 0x38),door 0x1c8c84 (preset 0x0076),27.352,no,"the line between them leaves the walkable area (a wall's thickness, or another floor)",
wall of tile 049220 (room 0x38),wall of tile 048D20 (room 0x38),13.262,no,the line between them touches another wall,wall of tile 048E20 (room 0x38)
wall of tile 049120 (room 0x38),wall of tile 049520 (room 0x38),13.262,no,the line between them touches another wall,wall of tile 049420 (room 0x38)
wall of tile 049120 (room 0x38),wall of tile 048720 (room 0x38),13.262,no,the line between them touches another wall,wall of tile 048820 (room 0x38)
wall of tile 049520 (room 0x38),wall of tile 049720 (room 0x38),13.262,no,the line between them touches another wall,wall of tile 049620 (room 0x38)
wall of tile 049520 (room 0x38),wall of tile 049820 (room 0x38),29.654,no,"the line between them leaves the walkable area (a wall's thickness, or another floor)",
wall of tile 049620 (room 0x38),wall of tile 049820 (room 0x38),26.523,no,the line between them touches another wall,wall of tile 049720 (room 0x38)
wall of tile 048720 (room 0x38),wall of tile 048520 (room 0x38),13.262,no,the line between them touches another wall,wall of tile 048620 (room 0x38)
wall of tile 048720 (room 0x38),wall of tile 048420 (room 0x38),41.937,no,"the line between them leaves the walkable area (a wall's thickness, or another floor)",
wall of tile 048620 (room 0x38),wall of tile 048420 (room 0x38),39.785,no,the line between them touches another wall,wall of tile 048520 (room 0x38)
wall of tile 048520 (room 0x38),wall of tile 048320 (room 0x38),53.047,no,the line between them touches another wall,wall of tile 048420 (room 0x38)
wall of tile 048520 (room 0x38),wall of tile 048220 (room 0x38),54.679,no,"the line between them leaves the walkable area (a wall's thickness, or another floor)",
wall of tile 048420 (room 0x38),wall of tile 048220 (room 0x38),13.262,no,the line between them touches another wall,wall of tile 048320 (room 0x38)
wall of tile 048220 (room 0x38),wall of tile 048A20 (room 0x38),13.262,no,the line between them touches another wall,wall of tile 048920 (room 0x38)
wall of tile 048220 (room 0x38),wall of tile 048B20 (room 0x38),18.755,no,"the line between them leaves the walkable area (a wall's thickness, or another floor)",
wall of tile 048220 (room 0x38),wall of tile 048C20 (room 0x38),54.679,no,"the line between them leaves the walkable area (a wall's thickness, or another floor)",
wall of tile 048220 (room 0x38),wall of tile 048D20 (room 0x38),59.308,no,"the line between them leaves the walkable area (a wall's thickness, or another floor)",
wall of tile 048920 (room 0x38),wall of tile 048B20 (room 0x38),13.262,no,the line between them touches another wall,wall of tile 048A20 (room 0x38)
wall of tile 048920 (room 0x38),wall of tile 048C20 (room 0x38),41.937,no,"another wall pokes into the space between them, so a tighter pair covers this gap",wall of tile 048B20 (room 0x38)
wall of tile 048920 (room 0x38),wall of tile 048D20 (room 0x38),47.816,no,"the line between them leaves the walkable area (a wall's thickness, or another floor)",
wall of tile 048A20 (room 0x38),wall of tile 048C20 (room 0x38),39.785,no,the line between them touches another wall,wall of tile 048B20 (room 0x38)
wall of tile 048A20 (room 0x38),wall of tile 048D20 (room 0x38),41.937,no,"the line between them leaves the walkable area (a wall's thickness, or another floor)",
wall of tile 048B20 (room 0x38),wall of tile 048D20 (room 0x38),13.262,no,the line between them touches another wall,wall of tile 048C20 (room 0x38)
wall of tile 10A522 (room 0x36),wall of tile 10A922 (room 0x36),13.262,no,the line between them touches another wall,wall of tile 02BC20 (room 0x36)
wall of tile 0F9422 (room 0x34),wall of tile 0F9521 (room 0x33),13.262,no,the line between them touches another wall,wall of tile 0F9421 (room 0x34)
wall of tile 0F9422 (room 0x34),wall of tile 104820 (room 0x33),53.047,no,"the line between them leaves the walkable area (a wall's thickness, or another floor)",
wall of tile 0F9422 (room 0x34),wall of tile 029620 (room 0x33),56.265,no,"the line between them leaves the walkable area (a wall's thickness, or another floor)",
wall of tile 0F9422 (room 0x34),wall of tile 029520 (room 0x33),56.265,no,"the line between them leaves the walkable area (a wall's thickness, or another floor)",
wall of tile 0F9421 (room 0x34),wall of tile 104820 (room 0x33),53.047,no,"the line between them leaves the walkable area (a wall's thickness, or another floor)",
wall of tile 0F9421 (room 0x34),wall of tile 029620 (room 0x33),56.265,no,"the line between them leaves the walkable area (a wall's thickness, or another floor)",
wall of tile 0F9421 (room 0x34),wall of tile 029520 (room 0x33),56.265,no,"the line between them leaves the walkable area (a wall's thickness, or another floor)",
wall of tile 0F9521 (room 0x33),wall of tile 029620 (room 0x33),53.047,no,"the line between them leaves the walkable area (a wall's thickness, or another floor)",
wall of tile 0F9521 (room 0x33),wall of tile 029520 (room 0x33),53.047,no,"the line between them leaves the walkable area (a wall's thickness, or another floor)",
wall of tile 104820 (room 0x33),wall of tile 029520 (room 0x33),13.262,no,the line between them touches another wall,wall of tile 029620 (room 0x33)
wall of tile 029520 (room 0x33),wall of tile 028D20 (room 0x33),13.262,no,the line between them touches another wall,wall of tile 028E20 (room 0x33)
wall of tile 006C10 (room 0x27),wall of tile 007010 (room 0x26),53.047,no,"the line between them leaves the walkable area (a wall's thickness, or another floor)",
wall of tile 006C10 (room 0x27),wall of tile 007210 (room 0x26),53.047,no,"the line between them leaves the walkable area (a wall's thickness, or another floor)",
wall of tile 006E10 (room 0x27),wall of tile 007210 (room 0x26),27.352,no,the line between them touches another wall,wall of tile 007010 (room 0x26)
wall of tile 007210 (room 0x26),wall of tile 007510 (room 0x26),27.352,no,the line between them touches another wall,wall of tile 007310 (room 0x26)
wall of tile 007210 (room 0x26),wall of tile 007710 (room 0x25),53.047,no,"the line between them leaves the walkable area (a wall's thickness, or another floor)",
wall of tile 007210 (room 0x26),wall of tile 007910 (room 0x25),53.047,no,"the line between them leaves the walkable area (a wall's thickness, or another floor)",
wall of tile 007310 (room 0x26),wall of tile 007710 (room 0x25),53.047,no,"the line between them leaves the walkable area (a wall's thickness, or another floor)",
wall of tile 007310 (room 0x26),wall of tile 007910 (room 0x25),53.047,no,"the line between them leaves the walkable area (a wall's thickness, or another floor)",
wall of tile 007510 (room 0x26),wall of tile 007910 (room 0x25),27.352,no,the line between them touches another wall,wall of tile 007710 (room 0x25)
wall of tile 004810 (room 0x24),wall of tile 01BF11 (room 0x28),41.937,no,the line between them touches another wall,wall of tile 01A311 (room 0x24)
wall of tile 004810 (room 0x24),wall of tile 01BE11 (room 0x28),54.679,no,"the line between them leaves the walkable area (a wall's thickness, or another floor)",
wall of tile 004810 (room 0x24),door 0x1c9684 (preset 0x006c),42.724,no,"the line between them leaves the walkable area (a wall's thickness, or another floor)",
wall of tile 004810 (room 0x24),door 0x1c9684 (preset 0x006c),53.876,no,"the line between them leaves the walkable area (a wall's thickness, or another floor)",
wall of tile 004810 (room 0x24),door 0x1c9684 (preset 0x006c),53.876,no,"the line between them leaves the walkable area (a wall's thickness, or another floor)",
wall of tile 004810 (room 0x24),door 0x1c9684 (preset 0x006c),42.724,no,"the line between them leaves the walkable area (a wall's thickness, or another floor)",
wall of tile 01A312 (room 0x24),wall of tile 01BE12 (room 0x28),13.262,no,the line between them touches another wall,wall of tile 01BF12 (room 0x28)
wall of tile 01A312 (room 0x24),wall of tile 008810 (room 0x28),29.654,no,"the line between them leaves the walkable area (a wall's thickness, or another floor)",
wall of tile 01A312 (room 0x24),door 0x1c9684 (preset 0x006c),0.829,no,"another wall pokes into the space between them, so a tighter pair covers this gap",wall of tile 01BF12 (room 0x28)
wall of tile 01A312 (room 0x24),door 0x1c9684 (preset 0x006c),0.829,no,"another wall pokes into the space between them, so a tighter pair covers this gap",wall of tile 01BF12 (room 0x28)
wall of tile 01A312 (room 0x24),door 0x1c9684 (preset 0x006c),0.829,no,"another wall pokes into the space between them, so a tighter pair covers this gap",wall of tile 01BF12 (room 0x28)
wall of tile 01A312 (room 0x24),door 0x1c9684 (preset 0x006c),12.433,no,"another wall pokes into the space between them, so a tighter pair covers this gap",wall of tile 01BF12 (room 0x28)
wall of tile 008510 (room 0x24),wall of tile 01BF12 (room 0x28),41.937,no,the line between them touches another wall,wall of tile 01A312 (room 0x24)
wall of tile 008510 (room 0x24),wall of tile 01BE12 (room 0x28),54.679,no,"the line between them leaves the walkable area (a wall's thickness, or another floor)",
wall of tile 008510 (room 0x24),door 0x1c9684 (preset 0x006c),42.724,no,"the line between them leaves the walkable area (a wall's thickness, or another floor)",
wall of tile 008510 (room 0x24),door 0x1c9684 (preset 0x006c),42.724,no,"the line between them leaves the walkable area (a wall's thickness, or another floor)",
wall of tile 008510 (room 0x24),door 0x1c9684 (preset 0x006c),42.725,no,"the line between them leaves the walkable area (a wall's thickness, or another floor)",
wall of tile 008510 (room 0x24),door 0x1c9684 (preset 0x006c),53.876,no,"the line between them leaves the walkable area (a wall's thickness, or another floor)",
wall of tile 01A311 (room 0x24),wall of tile 01BE11 (room 0x28),13.262,no,the line between them touches another wall,wall of tile 01BF11 (room 0x28)
wall of tile 01A311 (room 0x24),wall of tile 008810 (room 0x28),29.654,no,"the line between them leaves the walkable area (a wall's thickness, or another floor)",
wall of tile 01A311 (room 0x24),door 0x1c9684 (preset 0x006c),0.829,no,"another wall pokes into the space between them, so a tighter pair covers this gap",wall of tile 01BF11 (room 0x28)
wall of tile 01A311 (room 0x24),door 0x1c9684 (preset 0x006c),12.433,no,"another wall pokes into the space between them, so a tighter pair covers this gap",wall of tile 01BF11 (room 0x28)
wall of tile 01A311 (room 0x24),door 0x1c9684 (preset 0x006c),12.433,no,"another wall pokes into the space between them, so a tighter pair covers this gap",wall of tile 01BF11 (room 0x28)
wall of tile 01A311 (room 0x24),door 0x1c9684 (preset 0x006c),0.829,no,"another wall pokes into the space between them, so a tighter pair covers this gap",wall of tile 01BF11 (room 0x28)
wall of tile 01BF12 (room 0x28),wall of tile 008810 (room 0x28),18.755,no,the line between them touches another wall,wall of tile 01BE12 (room 0x28)
wall of tile 01BF12 (room 0x28),door 0x1c9684 (preset 0x006c),0.000,yes,,
wall of tile 01BF12 (room 0x28),door 0x1c9684 (preset 0x006c),0.000,yes,,
wall of tile 01BF12 (room 0x28),door 0x1c9684 (preset 0x006c),0.000,yes,,
wall of tile 01BF12 (room 0x28),door 0x1c9684 (preset 0x006c),0.000,yes,,
wall of tile 01BF11 (room 0x28),wall of tile 008810 (room 0x28),18.755,no,the line between them touches another wall,wall of tile 01BE11 (room 0x28)
wall of tile 01BF11 (room 0x28),door 0x1c9684 (preset 0x006c),0.000,yes,,
wall of tile 01BF11 (room 0x28),door 0x1c9684 (preset 0x006c),0.000,yes,,
wall of tile 01BF11 (room 0x28),door 0x1c9684 (preset 0x006c),0.000,yes,,
wall of tile 01BF11 (room 0x28),door 0x1c9684 (preset 0x006c),0.000,yes,,
wall of tile 01BE12 (room 0x28),door 0x1c9684 (preset 0x006c),12.433,no,"another wall pokes into the space between them, so a tighter pair covers this gap",wall of tile 01BF12 (room 0x28)
wall of tile 01BE12 (room 0x28),door 0x1c9684 (preset 0x006c),12.433,no,"another wall pokes into the space between them, so a tighter pair covers this gap",wall of tile 01BF12 (room 0x28)
wall of tile 01BE12 (room 0x28),door 0x1c9684 (preset 0x006c),0.829,no,"another wall pokes into the space between them, so a tighter pair covers this gap",wall of tile 01BF12 (room 0x28)
wall of tile 01BE12 (room 0x28),door 0x1c9684 (preset 0x006c),0.829,no,"another wall pokes into the space between them, so a tighter pair covers this gap",wall of tile 01BF12 (room 0x28)
wall of tile 01BE11 (room 0x28),door 0x1c9684 (preset 0x006c),12.433,no,"another wall pokes into the space between them, so a tighter pair covers this gap",wall of tile 01BF11 (room 0x28)
wall of tile 01BE11 (room 0x28),door 0x1c9684 (preset 0x006c),0.829,no,"another wall pokes into the space between them, so a tighter pair covers this gap",wall of tile 01BF11 (room 0x28)
wall of tile 01BE11 (room 0x28),door 0x1c9684 (preset 0x006c),0.829,no,"another wall pokes into the space between them, so a tighter pair covers this gap",wall of tile 01BF11 (room 0x28)
wall of tile 01BE11 (room 0x28),door 0x1c9684 (preset 0x006c),0.829,no,"another wall pokes into the space between them, so a tighter pair covers this gap",wall of tile 01BF11 (room 0x28)
wall of tile 008810 (room 0x28),door 0x1c9684 (preset 0x006c),28.915,no,"the line between them leaves the walkable area (a wall's thickness, or another floor)",
wall of tile 008810 (room 0x28),door 0x1c9684 (preset 0x006c),28.915,no,"the line between them leaves the walkable area (a wall's thickness, or another floor)",
wall of tile 008810 (room 0x28),door 0x1c9684 (preset 0x006c),19.350,no,"the line between them leaves the walkable area (a wall's thickness, or another floor)",
wall of tile 008810 (room 0x28),door 0x1c9684 (preset 0x006c),19.350,no,"the line between them leaves the walkable area (a wall's thickness, or another floor)",
wall of tile 008810 (room 0x28),door 0x1c9684 (preset 0x006c),28.915,no,"the line between them leaves the walkable area (a wall's thickness, or another floor)",
wall of tile 008810 (room 0x28),door 0x1c9684 (preset 0x006c),19.350,no,"the line between them leaves the walkable area (a wall's thickness, or another floor)",
wall of tile 008810 (room 0x28),door 0x1c9684 (preset 0x006c),19.350,no,"the line between them leaves the walkable area (a wall's thickness, or another floor)",
wall of tile 008810 (room 0x28),door 0x1c9684 (preset 0x006c),19.350,no,"the line between them leaves the walkable area (a wall's thickness, or another floor)",
wall of tile 009210 (room 0x28),monitor 0x1c82bc (preset 0x2741),0.813,no,"the line between them leaves the walkable area (a wall's thickness, or another floor)",
wall of tile 009210 (room 0x28),monitor 0x1c82bc (preset 0x2741),0.828,no,"the line between them leaves the walkable area (a wall's thickness, or another floor)",
wall of tile 009210 (room 0x28),generic 0x1cc5d0 (preset 0x2722),0.821,no,"the line between them leaves the walkable area (a wall's thickness, or another floor)",
wall of tile 009210 (room 0x28),generic 0x1cc5d0 (preset 0x2722),0.825,no,"the line between them leaves the walkable area (a wall's thickness, or another floor)",
wall of tile 009410 (room 0x28),generic 0x1cc5d0 (preset 0x2722),2.011,no,"the line between them leaves the walkable area (a wall's thickness, or another floor)",
wall of tile 009510 (room 0x28),generic 0x1cc3d0 (preset 0x00cd),53.507,no,"another wall pokes into the space between them, so a tighter pair covers this gap",generic 0x1cc3d0 (preset 0x00cd)
wall of tile 009510 (room 0x28),generic 0x1cc3d0 (preset 0x00cd),18.743,yes,,
wall of tile 009510 (room 0x28),generic 0x1cc3d0 (preset 0x00cd),18.743,yes,,
wall of tile 009510 (room 0x28),generic 0x1cc550 (preset 0x2721),16.744,no,"another wall pokes into the space between them, so a tighter pair covers this gap",wall of tile 009610 (room 0x28)
wall of tile 009510 (room 0x28),generic 0x1cc550 (preset 0x2721),16.744,no,"another wall pokes into the space between them, so a tighter pair covers this gap",wall of tile 009610 (room 0x28)
wall of tile 009510 (room 0x28),generic 0x1cc550 (preset 0x2721),16.744,no,"another wall pokes into the space between them, so a tighter pair covers this gap",wall of tile 009610 (room 0x28)
wall of tile 009510 (room 0x28),generic 0x1cc550 (preset 0x2721),17.416,no,"another wall pokes into the space between them, so a tighter pair covers this gap",generic 0x1cc550 (preset 0x2721)
wall of tile 009510 (room 0x28),generic 0x1cc5d0 (preset 0x2722),13.429,yes,,
wall of tile 009510 (room 0x28),generic 0x1cc5d0 (preset 0x2722),13.429,yes,,
wall of tile 009510 (room 0x28),generic 0x1cc5d0 (preset 0x2722),13.429,yes,,
wall of tile 009510 (room 0x28),generic 0x1cc5d0 (preset 0x2722),14.303,no,"the line between them leaves the walkable area (a wall's thickness, or another floor)",
wall of tile 009610 (room 0x28),generic 0x1cc550 (preset 0x2721),0.004,no,"another wall pokes into the space between them, so a tighter pair covers this gap",generic 0x1cc550 (preset 0x2721)
wall of tile 009610 (room 0x28),generic 0x1cc550 (preset 0x2721),0.007,no,the line between them touches another wall,generic 0x1cc550 (preset 0x2721)
wall of tile 009810 (room 0x28),monitor 0x1c8624 (preset 0x2740),0.001,no,"another wall pokes into the space between them, so a tighter pair covers this gap",monitor 0x1c8624 (preset 0x2740)
wall of tile 009810 (room 0x28),monitor 0x1c8624 (preset 0x2740),0.016,no,the line between them touches another wall,monitor 0x1c8624 (preset 0x2740)
wall of tile 009810 (room 0x28),generic 0x1cc450 (preset 0x00ce),18.378,no,"another wall pokes into the space between them, so a tighter pair covers this gap",wall of tile 009910 (room 0x28)
wall of tile 009810 (room 0x28),generic 0x1cc450 (preset 0x00ce),18.378,no,"another wall pokes into the space between them, so a tighter pair covers this gap",wall of tile 009910 (room 0x28)
wall of tile 009810 (room 0x28),generic 0x1cc550 (preset 0x2721),0.368,no,"the line between them leaves the walkable area (a wall's thickness, or another floor)",
wall of tile 009910 (room 0x28),generic 0x1cc450 (preset 0x00ce),15.603,yes,,
wall of tile 009910 (room 0x28),generic 0x1cc450 (preset 0x00ce),15.603,yes,,
wall of tile 009910 (room 0x28),generic 0x1cc450 (preset 0x00ce),54.469,no,"another wall pokes into the space between them, so a tighter pair covers this gap",wall of tile 008D10 (room 0x28)
wall of tile 008D10 (room 0x28),generic 0x1cc450 (preset 0x00ce),17.261,yes,,
wall of tile 008D10 (room 0x28),generic 0x1cc450 (preset 0x00ce),56.126,no,"another wall pokes into the space between them, so a tighter pair covers this gap",generic 0x1cc450 (preset 0x00ce)
wall of tile 008D10 (room 0x28),generic 0x1cc450 (preset 0x00ce),17.261,yes,,
wall of tile 004410 (room 0x24),wall of tile 004110 (room 0x29),27.352,no,the line between them touches another wall,wall of tile 004310 (room 0x24)
wall of tile 004410 (room 0x24),wall of tile 003F10 (room 0x29),53.047,no,"the line between them leaves the walkable area (a wall's thickness, or another floor)",
wall of tile 004410 (room 0x24),wall of tile 003D10 (room 0x29),53.047,no,"the line between them leaves the walkable area (a wall's thickness, or another floor)",
wall of tile 004310 (room 0x24),wall of tile 003F10 (room 0x29),53.047,no,"the line between them leaves the walkable area (a wall's thickness, or another floor)",
wall of tile 004310 (room 0x24),wall of tile 003D10 (room 0x29),53.047,no,"the line between them leaves the walkable area (a wall's thickness, or another floor)",
wall of tile 004110 (room 0x29),wall of tile 003D10 (room 0x29),27.352,no,the line between them touches another wall,wall of tile 003F10 (room 0x29)
wall of tile 003C10 (room 0x29),wall of tile 003510 (room 0x2a),53.047,no,"the line between them leaves the walkable area (a wall's thickness, or another floor)",
wall of tile 003C10 (room 0x29),wall of tile 003610 (room 0x2a),53.047,no,"the line between them leaves the walkable area (a wall's thickness, or another floor)",
wall of tile 003C10 (room 0x29),wall of tile 003810 (room 0x2a),27.352,no,the line between them touches another wall,wall of tile 003A10 (room 0x29)
wall of tile 003A10 (room 0x29),wall of tile 003510 (room 0x2a),53.047,no,"the line between them leaves the walkable area (a wall's thickness, or another floor)",
wall of tile 003A10 (room 0x29),wall of tile 003610 (room 0x2a),53.047,no,"the line between them leaves the walkable area (a wall's thickness, or another floor)",
wall of tile 001810 (room 0x29),wall of tile 001C10 (room 0x2a),26.523,no,the line between them touches another wall,wall of tile 001A10 (room 0x29)
wall of tile 001810 (room 0x29),wall of tile 001E10 (room 0x2a),53.047,no,"the line between them leaves the walkable area (a wall's thickness, or another floor)",
wall of tile 001810 (room 0x29),wall of tile 001F10 (room 0x2a),53.047,no,"the line between them leaves the walkable area (a wall's thickness, or another floor)",
wall of tile 001A10 (room 0x29),wall of tile 001E10 (room 0x2a),53.047,no,"the line between them leaves the walkable area (a wall's thickness, or another floor)",
wall of tile 001A10 (room 0x29),wall of tile 001F10 (room 0x2a),53.047,no,"the line between them leaves the walkable area (a wall's thickness, or another floor)",
wall of tile 001C10 (room 0x2a),wall of tile 001F10 (room 0x2a),26.523,no,the line between them touches another wall,wall of tile 001E10 (room 0x2a)
wall of tile 001F10 (room 0x2a),wall of tile 002310 (room 0x2b),26.523,no,the line between them touches another wall,wall of tile 002110 (room 0x2a)
wall of tile 001F10 (room 0x2a),wall of tile 002510 (room 0x2b),53.047,no,"the line between them leaves the walkable area (a wall's thickness, or another floor)",
wall of tile 002110 (room 0x2a),wall of tile 002510 (room 0x2b),53.047,no,"the line between them leaves the walkable area (a wall's thickness, or another floor)",
wall of tile 002610 (room 0x2b),wall of tile 002910 (room 0x2b),53.047,no,the line between them touches another wall,wall of tile 002810 (room 0x2b)
wall of tile 002810 (room 0x2b),wall of tile 002A10 (room 0x2b),53.047,no,the line between them touches another wall,wall of tile 002910 (room 0x2b)
wall of tile 002810 (room 0x2b),wall of tile 020212 (room 0x2b),54.679,no,"another wall pokes into the space between them, so a tighter pair covers this gap",wall of tile 002910 (room 0x2b)
wall of tile 002910 (room 0x2b),wall of tile 020212 (room 0x2b),13.262,no,the line between them touches another wall,wall of tile 002A10 (room 0x2b)
wall of tile 002910 (room 0x2b),wall of tile 052F1A (room 0x30),29.654,no,"the line between them leaves the walkable area (a wall's thickness, or another floor)",
wall of tile 002910 (room 0x2b),wall of tile 052A1A (room 0x30),37.510,no,"the line between them leaves the walkable area (a wall's thickness, or another floor)",
wall of tile 002910 (room 0x2b),wall of tile 01B118 (room 0x30),39.785,no,"the line between them leaves the walkable area (a wall's thickness, or another floor)",
wall of tile 002910 (room 0x2b),wall of tile 01B218 (room 0x30),39.785,no,"the line between them leaves the walkable area (a wall's thickness, or another floor)",
wall of tile 002910 (room 0x2b),door 0x1c81bc (preset 0x0071),30.034,no,"the line between them leaves the walkable area (a wall's thickness, or another floor)",
wall of tile 002910 (room 0x2b),door 0x1c81bc (preset 0x0071),36.929,no,"the line between them leaves the walkable area (a wall's thickness, or another floor)",
wall of tile 002910 (room 0x2b),door 0x1c81bc (preset 0x0071),36.928,no,"the line between them leaves the walkable area (a wall's thickness, or another floor)",
wall of tile 002910 (room 0x2b),door 0x1c81bc (preset 0x0071),30.034,no,"the line between them leaves the walkable area (a wall's thickness, or another floor)",
wall of tile 002A10 (room 0x2b),wall of tile 052F1A (room 0x30),18.755,no,the line between them touches another wall,wall of tile 020212 (room 0x2b)
wall of tile 002A10 (room 0x2b),wall of tile 052A1A (room 0x30),29.654,no,"the line between them leaves the walkable area (a wall's thickness, or another floor)",
wall of tile 002A10 (room 0x2b),wall of tile 01B118 (room 0x30),39.785,no,"the line between them leaves the walkable area (a wall's thickness, or another floor)",
wall of tile 002A10 (room 0x2b),wall of tile 01B218 (room 0x30),39.785,no,"the line between them leaves the walkable area (a wall's thickness, or another floor)",
wall of tile 002A10 (room 0x2b),door 0x1c81bc (preset 0x0071),19.350,no,"the line between them leaves the walkable area (a wall's thickness, or another floor)",
wall of tile 002A10 (room 0x2b),door 0x1c81bc (preset 0x0071),28.915,no,"the line between them leaves the walkable area (a wall's thickness, or another floor)",
wall of tile 002A10 (room 0x2b),door 0x1c81bc (preset 0x0071),28.915,no,"the line between them leaves the walkable area (a wall's thickness, or another floor)",
wall of tile 002A10 (room 0x2b),door 0x1c81bc (preset 0x0071),19.350,no,"the line between them leaves the walkable area (a wall's thickness, or another floor)",
wall of tile 002A10 (room 0x2b),wall of tile 002C10 (room 0x2b),53.047,no,the line between them touches another wall,wall of tile 002B10 (room 0x2b)
wall of tile 002A10 (room 0x2b),wall of tile 052F19 (room 0x30),18.755,no,the line between them touches another wall,wall of tile 020211 (room 0x2b)
wall of tile 002A10 (room 0x2b),wall of tile 052A19 (room 0x30),29.654,no,"the line between them leaves the walkable area (a wall's thickness, or another floor)",
wall of tile 002A10 (room 0x2b),wall of tile 01B118 (room 0x30),39.785,no,"the line between them leaves the walkable area (a wall's thickness, or another floor)",
wall of tile 002A10 (room 0x2b),wall of tile 01AF18 (room 0x30),56.265,no,"the line between them leaves the walkable area (a wall's thickness, or another floor)",
wall of tile 002A10 (room 0x2b),wall of tile 01AF18 (room 0x30),39.785,no,"the line between them leaves the walkable area (a wall's thickness, or another floor)",
wall of tile 002A10 (room 0x2b),door 0x1c81bc (preset 0x0071),19.350,no,"the line between them leaves the walkable area (a wall's thickness, or another floor)",
wall of tile 002A10 (room 0x2b),door 0x1c81bc (preset 0x0071),19.350,no,"the line between them leaves the walkable area (a wall's thickness, or another floor)",
wall of tile 002A10 (room 0x2b),door 0x1c81bc (preset 0x0071),19.350,no,"the line between them leaves the walkable area (a wall's thickness, or another floor)",
wall of tile 002A10 (room 0x2b),door 0x1c81bc (preset 0x0071),28.915,no,"the line between them leaves the walkable area (a wall's thickness, or another floor)",
wall of tile 020211 (room 0x2b),wall of tile 052A19 (room 0x30),13.262,no,the line between them touches another wall,wall of tile 052F19 (room 0x30)
wall of tile 020211 (room 0x2b),wall of tile 01B118 (room 0x30),29.654,no,"the line between them leaves the walkable area (a wall's thickness, or another floor)",
wall of tile 020211 (room 0x2b),door 0x1c81bc (preset 0x0071),0.829,no,"another wall pokes into the space between them, so a tighter pair covers this gap",wall of tile 052F19 (room 0x30)
wall of tile 020211 (room 0x2b),door 0x1c81bc (preset 0x0071),0.829,no,"another wall pokes into the space between them, so a tighter pair covers this gap",wall of tile 052F19 (room 0x30)
wall of tile 020211 (room 0x2b),door 0x1c81bc (preset 0x0071),0.829,no,"another wall pokes into the space between them, so a tighter pair covers this gap",wall of tile 052F19 (room 0x30)
wall of tile 020211 (room 0x2b),door 0x1c81bc (preset 0x0071),12.433,no,"another wall pokes into the space between them, so a tighter pair covers this gap",wall of tile 052F19 (room 0x30)
wall of tile 002B10 (room 0x2b),wall of tile 01B118 (room 0x30),39.785,no,"the line between them leaves the walkable area (a wall's thickness, or another floor)",
wall of tile 002B10 (room 0x2b),wall of tile 01AF18 (room 0x30),56.265,no,"the line between them leaves the walkable area (a wall's thickness, or another floor)",
wall of tile 002B10 (room 0x2b),wall of tile 01AF18 (room 0x30),39.785,no,"the line between them leaves the walkable area (a wall's thickness, or another floor)",
wall of tile 002B10 (room 0x2b),wall of tile 002E10 (room 0x2b),39.785,no,the line between them touches another wall,wall of tile 002C10 (room 0x2b)
wall of tile 020212 (room 0x2b),wall of tile 052A1A (room 0x30),13.262,no,the line between them touches another wall,wall of tile 052F1A (room 0x30)
wall of tile 020212 (room 0x2b),wall of tile 01B118 (room 0x30),29.654,no,"the line between them leaves the walkable area (a wall's thickness, or another floor)",
wall of tile 020212 (room 0x2b),wall of tile 01B218 (room 0x30),37.510,no,"the line between them leaves the walkable area (a wall's thickness, or another floor)",
wall of tile 020212 (room 0x2b),door 0x1c81bc (preset 0x0071),0.829,no,the line between them touches another wall,wall of tile 052F1A (room 0x30)
wall of tile 020212 (room 0x2b),door 0x1c81bc (preset 0x0071),12.433,no,the line between them touches another wall,wall of tile 052F1A (room 0x30)
wall of tile 020212 (room 0x2b),door 0x1c81bc (preset 0x0071),12.433,no,"the line between them leaves the walkable area (a wall's thickness, or another floor)",
wall of tile 020212 (room 0x2b),door 0x1c81bc (preset 0x0071),0.829,no,"the line between them leaves the walkable area (a wall's thickness, or another floor)",
wall of tile 052F19 (room 0x30),wall of tile 01B118 (room 0x30),18.755,no,the line between them touches another wall,wall of tile 052A19 (room 0x30)
wall of tile 052F19 (room 0x30),door 0x1c81bc (preset 0x0071),0.000,yes,,
wall of tile 052F19 (room 0x30),door 0x1c81bc (preset 0x0071),0.000,yes,,
wall of tile 052F19 (room 0x30),door 0x1c81bc (preset 0x0071),0.000,yes,,
wall of tile 052F19 (room 0x30),door 0x1c81bc (preset 0x0071),0.000,yes,,
wall of tile 052F1A (room 0x30),wall of tile 01B118 (room 0x30),18.755,no,the line between them touches another wall,wall of tile 052A1A (room 0x30)
wall of tile 052F1A (room 0x30),wall of tile 01B218 (room 0x30),29.654,no,"the line between them leaves the walkable area (a wall's thickness, or another floor)",
wall of tile 052F1A (room 0x30),door 0x1c81bc (preset 0x0071),0.000,no,"the line between them leaves the walkable area (a wall's thickness, or another floor)",
wall of tile 052F1A (room 0x30),door 0x1c81bc (preset 0x0071),0.000,no,"the line between them leaves the walkable area (a wall's thickness, or another floor)",
wall of tile 052A19 (room 0x30),door 0x1c81bc (preset 0x0071),12.433,no,"another wall pokes into the space between them, so a tighter pair covers this gap",wall of tile 052F19 (room 0x30)
wall of tile 052A19 (room 0x30),door 0x1c81bc (preset 0x0071),12.433,no,"another wall pokes into the space between them, so a tighter pair covers this gap",wall of tile 052F19 (room 0x30)
wall of tile 052A19 (room 0x30),door 0x1c81bc (preset 0x0071),0.829,no,"another wall pokes into the space between them, so a tighter pair covers this gap",wall of tile 052F19 (room 0x30)
wall of tile 052A19 (room 0x30),door 0x1c81bc (preset 0x0071),0.829,no,"another wall pokes into the space between them, so a tighter pair covers this gap",wall of tile 052F19 (room 0x30)
wall of tile 052A1A (room 0x30),wall of tile 01B218 (room 0x30),13.262,no,the line between them touches another wall,wall of tile 01B118 (room 0x30)
wall of tile 052A1A (room 0x30),door 0x1c81bc (preset 0x0071),12.433,no,the line between them touches another wall,wall of tile 052F1A (room 0x30)
wall of tile 052A1A (room 0x30),door 0x1c81bc (preset 0x0071),0.829,no,the line between them touches another wall,wall of tile 052F1A (room 0x30)
wall of tile 052A1A (room 0x30),door 0x1c81bc (preset 0x0071),0.829,no,"the line between them leaves the walkable area (a wall's thickness, or another floor)",
wall of tile 052A1A (room 0x30),door 0x1c81bc (preset 0x0071),0.829,no,"the line between them leaves the walkable area (a wall's thickness, or another floor)",
wall of tile 01B118 (room 0x30),wall of tile 01AF18 (room 0x30),39.785,no,the line between them touches another wall,wall of tile 01AF18 (room 0x30)
wall of tile 01B118 (room 0x30),door 0x1c81bc (preset 0x0071),28.915,no,"the line between them leaves the walkable area (a wall's thickness, or another floor)",
wall of tile 01B118 (room 0x30),door 0x1c81bc (preset 0x0071),28.915,no,"the line between them leaves the walkable area (a wall's thickness, or another floor)",
wall of tile 01B118 (room 0x30),door 0x1c81bc (preset 0x0071),19.350,no,"the line between them leaves the walkable area (a wall's thickness, or another floor)",
wall of tile 01B118 (room 0x30),door 0x1c81bc (preset 0x0071),19.350,no,"the line between them leaves the walkable area (a wall's thickness, or another floor)",
wall of tile 01B118 (room 0x30),door 0x1c81bc (preset 0x0071),28.915,no,"the line between them leaves the walkable area (a wall's thickness, or another floor)",
wall of tile 01B118 (room 0x30),door 0x1c81bc (preset 0x0071),19.350,no,"the line between them leaves the walkable area (a wall's thickness, or another floor)",
wall of tile 01B118 (room 0x30),door 0x1c81bc (preset 0x0071),19.350,no,"the line between them leaves the walkable area (a wall's thickness, or another floor)",
wall of tile 01B118 (room 0x30),door 0x1c81bc (preset 0x0071),19.350,no,"the line between them leaves the walkable area (a wall's thickness, or another floor)",
wall of tile 01B218 (room 0x30),door 0x1c81bc (preset 0x0071),36.929,no,"the line between them leaves the walkable area (a wall's thickness, or another floor)",
wall of tile 01B218 (room 0x30),door 0x1c81bc (preset 0x0071),30.034,no,"the line between them leaves the walkable area (a wall's thickness, or another floor)",
wall of tile 01B218 (room 0x30),door 0x1c81bc (preset 0x0071),30.034,no,"the line between them leaves the walkable area (a wall's thickness, or another floor)",
wall of tile 01B218 (room 0x30),door 0x1c81bc (preset 0x0071),30.034,no,"the line between them leaves the walkable area (a wall's thickness, or another floor)",
wall of tile 01B218 (room 0x30),wall of tile 03D11A (room 0x2c),26.523,no,"the line between them leaves the walkable area (a wall's thickness, or another floor)",
wall of tile 01B218 (room 0x30),wall of tile 03D119 (room 0x2c),26.523,no,"the line between them leaves the walkable area (a wall's thickness, or another floor)",
wall of tile 01B218 (room 0x30),wall of tile 028B19 (room 0x2c),13.262,no,the far wall faces the other way (it belongs to floor which isn't linked here),
wall of tile 01B218 (room 0x30),wall of tile 028B19 (room 0x2c),13.262,no,the far wall faces the other way (it belongs to floor which isn't linked here),
wall of tile 01B218 (room 0x30),wall of tile 028B19 (room 0x2c),13.262,no,the far wall faces the other way (it belongs to floor which isn't linked here),
wall of tile 01B218 (room 0x30),wall of tile 028B1A (room 0x2c),54.679,no,"the line between them leaves the walkable area (a wall's thickness, or another floor)",
wall of tile 01B218 (room 0x30),wall of tile 08C018 (room 0x2c),53.047,no,"the line between them leaves the walkable area (a wall's thickness, or another floor)",
wall of tile 01B218 (room 0x30),wall of tile 08C719 (room 0x2c),53.047,no,"the line between them leaves the walkable area (a wall's thickness, or another floor)",
wall of tile 01B218 (room 0x30),wall of tile 08C51A (room 0x2c),53.047,no,"the line between them leaves the walkable area (a wall's thickness, or another floor)",
wall of tile 01B218 (room 0x30),wall of tile 03B218 (room 0x2c),53.047,no,"the line between them leaves the walkable area (a wall's thickness, or another floor)",
wall of tile 01B218 (room 0x30),wall of tile 03B518 (room 0x2c),53.047,no,"the line between them leaves the walkable area (a wall's thickness, or another floor)",
wall of tile 01B218 (room 0x30),wall of tile 03B618 (room 0x2c),53.047,no,"the line between them leaves the walkable area (a wall's thickness, or another floor)",
wall of tile 01B218 (room 0x30),wall of tile 08C419 (room 0x2c),53.047,no,"the line between them leaves the walkable area (a wall's thickness, or another floor)",
wall of tile 01B218 (room 0x30),wall of tile 08C419 (room 0x2c),53.047,no,"the line between them leaves the walkable area (a wall's thickness, or another floor)",
wall of tile 094E18 (room 0x30),wall of tile 095219 (room 0x2c),26.523,no,the line between them touches another wall,wall of tile 092F19 (room 0x30)
wall of tile 094E18 (room 0x30),wall of tile 01A718 (room 0x2c),53.047,no,the line between them touches another wall,wall of tile 092F19 (room 0x30)
wall of tile 094E18 (room 0x30),wall of tile 028B1A (room 0x2c),53.047,no,"the line between them leaves the walkable area (a wall's thickness, or another floor)",
wall of tile 094E18 (room 0x30),wall of tile 08C018 (room 0x2c),53.047,no,"the line between them leaves the walkable area (a wall's thickness, or another floor)",
wall of tile 094E18 (room 0x30),wall of tile 03B218 (room 0x2c),53.047,no,"the line between them leaves the walkable area (a wall's thickness, or another floor)",
wall of tile 094E18 (room 0x30),wall of tile 03B518 (room 0x2c),53.047,no,"the line between them leaves the walkable area (a wall's thickness, or another floor)",
wall of tile 094E18 (room 0x30),wall of tile 03B618 (room 0x2c),53.047,no,"the line between them leaves the walkable area (a wall's thickness, or another floor)",
wall of tile 094E18 (room 0x30),door 0x1c83ec (preset 0x0072),14.919,no,"the line between them leaves the walkable area (a wall's thickness, or another floor)",
wall of tile 094E18 (room 0x30),door 0x1c83ec (preset 0x0072),26.524,no,"the line between them leaves the walkable area (a wall's thickness, or another floor)",
wall of tile 094E18 (room 0x30),door 0x1c83ec (preset 0x0072),26.523,no,"the line between them leaves the walkable area (a wall's thickness, or another floor)",
wall of tile 094E18 (room 0x30),door 0x1c83ec (preset 0x0072),14.919,no,"the line between them leaves the walkable area (a wall's thickness, or another floor)",
wall of tile 01AF18 (room 0x30),wall of tile 093319 (room 0x30),53.047,no,the line between them touches another wall,wall of tile 093319 (room 0x30)
wall of tile 01AF18 (room 0x30),wall of tile 028B1A (room 0x2c),53.047,no,"the line between them leaves the walkable area (a wall's thickness, or another floor)",
wall of tile 092F19 (room 0x30),wall of tile 01A718 (room 0x2c),26.523,no,the line between them touches another wall,wall of tile 095219 (room 0x2c)
wall of tile 092F19 (room 0x30),wall of tile 028B1A (room 0x2c),26.523,no,the line between them touches another wall,wall of tile 095219 (room 0x2c)
wall of tile 092F19 (room 0x30),door 0x1c83ec (preset 0x0072),0.000,no,the line between them touches another wall,wall of tile 095219 (room 0x2c)
wall of tile 092F19 (room 0x30),door 0x1c83ec (preset 0x0072),0.000,no,"the line between them leaves the walkable area (a wall's thickness, or another floor)",
wall of tile 092F19 (room 0x30),door 0x1c83ec (preset 0x0072),0.000,no,"the line between them leaves the walkable area (a wall's thickness, or another floor)",
wall of tile 09331A (room 0x30),wall of tile 09521A (room 0x2c),26.523,no,the line between them touches another wall,wall of tile 092F1A (room 0x30)
wall of tile 09331A (room 0x30),wall of tile 01A718 (room 0x2c),53.047,no,"the line between them leaves the walkable area (a wall's thickness, or another floor)",
wall of tile 09331A (room 0x30),wall of tile 01A618 (room 0x2c),53.047,no,"the line between them leaves the walkable area (a wall's thickness, or another floor)",
wall of tile 09331A (room 0x30),wall of tile 028B1A (room 0x2c),53.047,no,"the line between them leaves the walkable area (a wall's thickness, or another floor)",
wall of tile 09331A (room 0x30),door 0x1c83ec (preset 0x0072),14.919,no,"another wall pokes into the space between them, so a tighter pair covers this gap",wall of tile 092F1A (room 0x30)
wall of tile 09331A (room 0x30),door 0x1c83ec (preset 0x0072),14.919,no,"another wall pokes into the space between them, so a tighter pair covers this gap",wall of tile 092F1A (room 0x30)
wall of tile 09331A (room 0x30),door 0x1c83ec (preset 0x0072),14.920,no,"another wall pokes into the space between them, so a tighter pair covers this gap",wall of tile 092F1A (room 0x30)
wall of tile 09331A (room 0x30),door 0x1c83ec (preset 0x0072),26.524,no,"another wall pokes into the space between them, so a tighter pair covers this gap",wall of tile 09521A (room 0x2c)
wall of tile 093319 (room 0x30),wall of tile 01A718 (room 0x2c),53.047,no,"the line between them leaves the walkable area (a wall's thickness, or another floor)",
wall of tile 093319 (room 0x30),wall of tile 01A618 (room 0x2c),53.047,no,"the line between them leaves the walkable area (a wall's thickness, or another floor)",
wall of tile 093319 (room 0x30),wall of tile 028B19 (room 0x2c),53.047,no,"the line between them leaves the walkable area (a wall's thickness, or another floor)",
wall of tile 093319 (room 0x30),wall of tile 028B1A (room 0x2c),53.047,no,"the line between them leaves the walkable area (a wall's thickness, or another floor)",
wall of tile 093319 (room 0x30),wall of tile 028B19 (room 0x2c),53.047,no,"the line between them leaves the walkable area (a wall's thickness, or another floor)",
wall of tile 092F1A (room 0x30),wall of tile 01A718 (room 0x2c),26.523,no,the line between them touches another wall,wall of tile 09521A (room 0x2c)
wall of tile 092F1A (room 0x30),wall of tile 028B1A (room 0x2c),26.523,no,the line between them touches another wall,wall of tile 09521A (room 0x2c)
wall of tile 092F1A (room 0x30),door 0x1c83ec (preset 0x0072),0.000,yes,,
wall of tile 092F1A (room 0x30),door 0x1c83ec (preset 0x0072),0.000,yes,,
wall of tile 092F1A (room 0x30),door 0x1c83ec (preset 0x0072),0.000,yes,,
wall of tile 092F1A (room 0x30),door 0x1c83ec (preset 0x0072),0.000,no,"another wall pokes into the space between them, so a tighter pair covers this gap",wall of tile 09521A (room 0x2c)
wall of tile 09521A (room 0x2c),door 0x1c83ec (preset 0x0072),11.604,no,"another wall pokes into the space between them, so a tighter pair covers this gap",wall of tile 092F1A (room 0x30)
wall of tile 09521A (room 0x2c),door 0x1c83ec (preset 0x0072),11.604,no,"another wall pokes into the space between them, so a tighter pair covers this gap",wall of tile 092F1A (room 0x30)
wall of tile 09521A (room 0x2c),door 0x1c83ec (preset 0x0072),0.000,yes,,
wall of tile 09521A (room 0x2c),door 0x1c83ec (preset 0x0072),0.000,yes,,
wall of tile 095219 (room 0x2c),door 0x1c83ec (preset 0x0072),11.604,no,the line between them touches another wall,wall of tile 092F19 (room 0x30)
wall of tile 095219 (room 0x2c),door 0x1c83ec (preset 0x0072),0.000,no,"the line between them leaves the walkable area (a wall's thickness, or another floor)",
wall of tile 095219 (room 0x2c),door 0x1c83ec (preset 0x0072),0.000,no,"the line between them leaves the walkable area (a wall's thickness, or another floor)",
wall of tile 01A718 (room 0x2c),wall of tile 00571A (room 0x2c),53.047,no,the line between them touches another wall,wall of tile 00581A (room 0x2c)
wall of tile 01A718 (room 0x2c),door 0x1c83ec (preset 0x0072),38.127,no,the line between them touches another wall,wall of tile 095219 (room 0x2c)
wall of tile 01A718 (room 0x2c),door 0x1c83ec (preset 0x0072),26.523,no,the line between them touches another wall,wall of tile 095219 (room 0x2c)
wall of tile 01A718 (room 0x2c),door 0x1c83ec (preset 0x0072),26.523,no,"the line between them leaves the walkable area (a wall's thickness, or another floor)",
wall of tile 01A718 (room 0x2c),door 0x1c83ec (preset 0x0072),26.523,no,"the line between them leaves the walkable area (a wall's thickness, or another floor)",
wall of tile 01A718 (room 0x2c),door 0x1c83ec (preset 0x0072),38.127,no,"another wall pokes into the space between them, so a tighter pair covers this gap",wall of tile 09521A (room 0x2c)
wall of tile 01A718 (room 0x2c),door 0x1c83ec (preset 0x0072),38.127,no,"another wall pokes into the space between them, so a tighter pair covers this gap",wall of tile 09521A (room 0x2c)
wall of tile 01A718 (room 0x2c),door 0x1c83ec (preset 0x0072),26.523,no,"another wall pokes into the space between them, so a tighter pair covers this gap",wall of tile 09521A (room 0x2c)
wall of tile 01A718 (room 0x2c),door 0x1c83ec (preset 0x0072),26.523,no,"another wall pokes into the space between them, so a tighter pair covers this gap",wall of tile 09521A (room 0x2c)
wall of tile 01A618 (room 0x2c),wall of tile 03A718 (room 0x2c),53.047,no,"the line between them leaves the walkable area (a wall's thickness, or another floor)",
wall of tile 01A618 (room 0x2c),wall of tile 03A718 (room 0x2c),53.047,no,"the line between them leaves the walkable area (a wall's thickness, or another floor)",
wall of tile 01A518 (room 0x2c),wall of tile 005719 (room 0x2c),53.047,no,the line between them touches another wall,wall of tile 005819 (room 0x2c)
wall of tile 01A518 (room 0x2c),wall of tile 03A718 (room 0x2c),53.047,no,"the line between them leaves the walkable area (a wall's thickness, or another floor)",
wall of tile 01A518 (room 0x2c),wall of tile 03A718 (room 0x2c),53.047,no,"the line between them leaves the walkable area (a wall's thickness, or another floor)",
wall of tile 005819 (room 0x2c),wall of tile 005619 (room 0x2c),53.047,no,the line between them touches another wall,wall of tile 005719 (room 0x2c)
wall of tile 005819 (room 0x2c),wall of tile 03A718 (room 0x2c),53.047,no,"the line between them leaves the walkable area (a wall's thickness, or another floor)",
wall of tile 00581A (room 0x2c),wall of tile 00561A (room 0x2c),53.047,no,the line between them touches another wall,wall of tile 00571A (room 0x2c)
wall of tile 005719 (room 0x2c),wall of tile 03A718 (room 0x2c),53.047,no,"the line between them leaves the walkable area (a wall's thickness, or another floor)",
wall of tile 005619 (room 0x2c),wall of tile 03A618 (room 0x2c),53.047,no,"the line between them leaves the walkable area (a wall's thickness, or another floor)",
wall of tile 005619 (room 0x2c),wall of tile 03A718 (room 0x2c),53.047,no,"the line between them leaves the walkable area (a wall's thickness, or another floor)",
wall of tile 00561A (room 0x2c),wall of tile 03B618 (room 0x2c),9.946,no,the line between them touches another wall,wall of tile 03B718 (room 0x2c)
wall of tile 03B718 (room 0x2c),wall of tile 028B19 (room 0x2c),54.679,no,"the line between them leaves the walkable area (a wall's thickness, or another floor)",
wall of tile 03B718 (room 0x2c),wall of tile 028B1A (room 0x2c),54.679,no,"the line between them leaves the walkable area (a wall's thickness, or another floor)",
wall of tile 03B718 (room 0x2c),wall of tile 03B518 (room 0x2c),53.047,no,the line between them touches another wall,wall of tile 03B618 (room 0x2c)
wall of tile 039818 (room 0x2d),wall of tile 03A518 (room 0x2c),53.047,no,the line between them touches another wall,wall of tile 053619 (room 0x2c)
wall of tile 03A018 (room 0x2d),wall of tile 03B418 (room 0x2c),53.047,no,the line between them touches another wall,wall of tile 052C19 (room 0x2c)
wall of tile 039918 (room 0x2d),wall of tile 039118 (room 0x2d),53.047,no,"the line between them leaves the walkable area (a wall's thickness, or another floor)",
wall of tile 039218 (room 0x2d),wall of tile 039A18 (room 0x2d),53.047,no,"the line between them leaves the walkable area (a wall's thickness, or another floor)",
wall of tile 039018 (room 0x2d),wall of tile 039718 (room 0x2d),53.047,no,the line between them touches another wall,wall of tile 039618 (room 0x2d)
wall of tile 039018 (room 0x2d),wall of tile 038E18 (room 0x2d),53.047,no,the line between them touches another wall,wall of tile 038F18 (room 0x2d)
wall of tile 039618 (room 0x2d),wall of tile 038F18 (room 0x2d),53.047,no,"the line between them leaves the walkable area (a wall's thickness, or another floor)",
wall of tile 039618 (room 0x2d),wall of tile 038E18 (room 0x2d),53.047,no,"the line between them leaves the walkable area (a wall's thickness, or another floor)",
wall of tile 039718 (room 0x2d),wall of tile 038F18 (room 0x2d),53.047,no,"the line between them leaves the walkable area (a wall's thickness, or another floor)",
wall of tile 039718 (room 0x2d),wall of tile 038E18 (room 0x2d),53.047,no,"the line between them leaves the walkable area (a wall's thickness, or another floor)",
wall of tile 038E18 (room 0x2d),wall of tile 038C18 (room 0x2d),53.047,no,the line between them touches another wall,wall of tile 038D18 (room 0x2d)
wall of tile 038E18 (room 0x2d),wall of tile 049E1A (room 0x2d),53.047,no,"the line between them leaves the walkable area (a wall's thickness, or another floor)",
wall of tile 038D18 (room 0x2d),wall of tile 038B18 (room 0x2d),53.047,no,the line between them touches another wall,wall of tile 038C18 (room 0x2d)
wall of tile 038D18 (room 0x2d),wall of tile 049E1A (room 0x2d),53.047,no,"the line between them leaves the walkable area (a wall's thickness, or another floor)",
wall of tile 038C18 (room 0x2d),wall of tile 049E19 (room 0x2d),53.047,no,"the line between them leaves the walkable area (a wall's thickness, or another floor)",
wall of tile 038B18 (room 0x2d),wall of tile 038818 (room 0x2d),53.047,no,the line between them touches another wall,wall of tile 038A18 (room 0x2d)
wall of tile 038B18 (room 0x2d),wall of tile 08FF1A (room 0x2d),53.047,no,"the line between them leaves the walkable area (a wall's thickness, or another floor)",
wall of tile 038B18 (room 0x2d),wall of tile 049E19 (room 0x2d),53.047,no,"the line between them leaves the walkable area (a wall's thickness, or another floor)",
wall of tile 038B18 (room 0x2d),wall of tile 08FF19 (room 0x2d),53.047,no,"the line between them leaves the walkable area (a wall's thickness, or another floor)",
wall of tile 038B18 (room 0x2d),gas_container 0x1cbb00 (preset 0x00f8),42.425,no,"another wall pokes into the space between them, so a tighter pair covers this gap",gas_container 0x1cbb00 (preset 0x00f8)
wall of tile 038B18 (room 0x2d),gas_container 0x1cbb00 (preset 0x00f8),37.816,yes,,
wall of tile 038B18 (room 0x2d),gas_container 0x1cbb00 (preset 0x00f8),37.816,yes,,
wall of tile 038B18 (room 0x2d),gas_container 0x1cbdd0 (preset 0x00fd),42.425,no,"another wall pokes into the space between them, so a tighter pair covers this gap",gas_container 0x1cbdd0 (preset 0x00fd)
wall of tile 038B18 (room 0x2d),gas_container 0x1cbdd0 (preset 0x00fd),37.816,yes,,
wall of tile 038B18 (room 0x2d),gas_container 0x1cbdd0 (preset 0x00fd),37.816,yes,,
wall of tile 038A18 (room 0x2d),wall of tile 08FF1A (room 0x2d),53.047,no,"the line between them leaves the walkable area (a wall's thickness, or another floor)",
wall of tile 038A18 (room 0x2d),wall of tile 049E1A (room 0x2d),13.262,no,the far wall faces the other way (it belongs to floor which isn't linked here),
wall of tile 038A18 (room 0x2d),wall of tile 049E1A (room 0x2d),13.262,no,the line between them touches another wall,wall of tile 038B18 (room 0x2d)
wall of tile 038A18 (room 0x2d),wall of tile 08FF19 (room 0x2d),53.047,no,"the line between them leaves the walkable area (a wall's thickness, or another floor)",
wall of tile 038818 (room 0x2d),wall of tile 049E1A (room 0x2d),13.262,no,the far wall faces the other way (it belongs to floor which isn't linked here),
wall of tile 038818 (room 0x2d),wall of tile 049E1A (room 0x2d),54.679,no,the far wall faces the other way (it belongs to floor which isn't linked here),
wall of tile 038818 (room 0x2d),wall of tile 08FF19 (room 0x2d),53.047,no,the line between them touches another wall,wall of tile 08FF1A (room 0x2d)
wall of tile 091118 (room 0x2d),wall of tile 04D419 (room 0x2d),53.876,no,the line between them touches another wall,wall of tile 090018 (room 0x2d)
wall of tile 091118 (room 0x2d),wall of tile 04D41A (room 0x2d),53.876,no,the line between them touches another wall,wall of tile 08FB18 (room 0x2d)
wall of tile 091118 (room 0x2d),wall of tile 04D319 (room 0x2d),14.091,no,the line between them touches another wall,wall of tile 090018 (room 0x2d)
wall of tile 091118 (room 0x2d),wall of tile 04D31A (room 0x2d),14.091,no,the line between them touches another wall,wall of tile 08FB18 (room 0x2d)
wall of tile 091118 (room 0x2d),wall of tile 04D119 (room 0x2d),26.523,no,the far wall faces the other way (it belongs to floor which isn't linked here),
wall of tile 091118 (room 0x2d),wall of tile 04D11A (room 0x2d),26.523,no,the far wall faces the other way (it belongs to floor which isn't linked here),
wall of tile 090018 (room 0x2d),wall of tile 04D119 (room 0x2d),26.523,no,the far wall faces the other way (it belongs to floor which isn't linked here),
wall of tile 04DB19 (room 0x2d),wall of tile 04DD19 (room 0x2d),39.785,no,the line between them touches another wall,wall of tile 04DC19 (room 0x2d)
wall of tile 04DB1A (room 0x2d),wall of tile 04DD1A (room 0x2d),39.785,no,the line between them touches another wall,wall of tile 04DC1A (room 0x2d)
wall of tile 04DC19 (room 0x2d),wall of tile 04DA19 (room 0x2d),39.785,no,the line between them touches another wall,wall of tile 04DD19 (room 0x2d)
wall of tile 04DC1A (room 0x2d),wall of tile 04DA1A (room 0x2d),39.785,no,the line between them touches another wall,wall of tile 04DD1A (room 0x2d)
wall of tile 04DD19 (room 0x2d),wall of tile 04D919 (room 0x2d),39.785,no,the line between them touches another wall,wall of tile 04DA19 (room 0x2d)
wall of tile 04DD1A (room 0x2d),wall of tile 04D91A (room 0x2d),39.785,no,the line between them touches another wall,wall of tile 04DA1A (room 0x2d)
wall of tile 04DA19 (room 0x2d),wall of tile 04D819 (room 0x2d),39.785,no,the line between them touches another wall,wall of tile 04D919 (room 0x2d)
wall of tile 04DA1A (room 0x2d),wall of tile 04D81A (room 0x2d),39.785,no,the line between them touches another wall,wall of tile 04D91A (room 0x2d)
wall of tile 04D919 (room 0x2d),wall of tile 04D719 (room 0x2d),39.785,no,the line between them touches another wall,wall of tile 04D819 (room 0x2d)
wall of tile 04D91A (room 0x2d),wall of tile 04D71A (room 0x2d),39.785,no,the line between them touches another wall,wall of tile 04D81A (room 0x2d)
wall of tile 04D819 (room 0x2d),wall of tile 04D619 (room 0x2d),39.785,no,the line between them touches another wall,wall of tile 04D719 (room 0x2d)
wall of tile 04D81A (room 0x2d),wall of tile 04D61A (room 0x2d),39.785,no,the line between them touches another wall,wall of tile 04D71A (room 0x2d)
wall of tile 04D719 (room 0x2d),wall of tile 04D519 (room 0x2d),39.785,no,the line between them touches another wall,wall of tile 04D619 (room 0x2d)
wall of tile 04D71A (room 0x2d),wall of tile 04D51A (room 0x2d),39.785,no,the line between them touches another wall,wall of tile 04D61A (room 0x2d)
wall of tile 04D619 (room 0x2d),wall of tile 04D419 (room 0x2d),39.785,no,the line between them touches another wall,wall of tile 04D519 (room 0x2d)
wall of tile 04D61A (room 0x2d),wall of tile 04D41A (room 0x2d),39.785,no,the line between them touches another wall,wall of tile 04D51A (room 0x2d)
wall of tile 04D519 (room 0x2d),wall of tile 04D319 (room 0x2d),39.785,no,the line between them touches another wall,wall of tile 04D419 (room 0x2d)
wall of tile 04D51A (room 0x2d),wall of tile 04D31A (room 0x2d),39.785,no,the line between them touches another wall,wall of tile 04D41A (room 0x2d)
wall of tile 04D419 (room 0x2d),wall of tile 04D219 (room 0x2d),39.785,no,the line between them touches another wall,wall of tile 04D319 (room 0x2d)
wall of tile 04D41A (room 0x2d),wall of tile 04D21A (room 0x2d),39.785,no,the line between them touches another wall,wall of tile 04D31A (room 0x2d)
wall of tile 04D319 (room 0x2d),wall of tile 04D119 (room 0x2d),40.614,no,the line between them touches another wall,wall of tile 04D219 (room 0x2d)
wall of tile 04D31A (room 0x2d),wall of tile 04D11A (room 0x2d),40.614,no,the line between them touches another wall,wall of tile 04D21A (room 0x2d)
wall of tile 04D219 (room 0x2d),wall of tile 049E1A (room 0x2d),39.785,no,the line between them touches another wall,wall of tile 04D119 (room 0x2d)
wall of tile 04D21A (room 0x2d),wall of tile 049E1A (room 0x2d),39.785,no,the line between them touches another wall,wall of tile 04D11A (room 0x2d)
wall of tile 04D11A (room 0x2d),wall of tile 08FB18 (room 0x2d),26.523,no,the line between them touches another wall,wall of tile 04D21A (room 0x2d)
wall of tile 049E1A (room 0x2d),gas_container 0x1cbb00 (preset 0x00f8),42.425,no,the far wall faces the other way (it belongs to floor which isn't linked here),
wall of tile 049E1A (room 0x2d),gas_container 0x1cbb00 (preset 0x00f8),37.816,no,the far wall faces the other way (it belongs to floor which isn't linked here),
wall of tile 049E1A (room 0x2d),gas_container 0x1cbb00 (preset 0x00f8),37.816,no,the far wall faces the other way (it belongs to floor which isn't linked here),
wall of tile 049E1A (room 0x2d),gas_container 0x1cbdd0 (preset 0x00fd),42.425,no,the far wall faces the other way (it belongs to floor which isn't linked here),
wall of tile 049E1A (room 0x2d),gas_container 0x1cbdd0 (preset 0x00fd),37.816,no,the far wall faces the other way (it belongs to floor which isn't linked here),
wall of tile 049E1A (room 0x2d),gas_container 0x1cbdd0 (preset 0x00fd),37.816,no,the far wall faces the other way (it belongs to floor which isn't linked here),
wall of tile 039D18 (room 0x2d),wall of tile 036418 (room 0x2e),53.876,no,the line between them touches another wall,wall of tile 053D19 (room 0x2e)
wall of tile 037A18 (room 0x2e),wall of tile 037518 (room 0x2e),53.047,no,"the line between them leaves the walkable area (a wall's thickness, or another floor)",
wall of tile 037718 (room 0x2e),wall of tile 037418 (room 0x2e),53.047,no,"the line between them leaves the walkable area (a wall's thickness, or another floor)",
wall of tile 08F918 (room 0x2e),wall of tile 050219 (room 0x2e),53.047,no,the line between them touches another wall,wall of tile 08E718 (room 0x2e)
wall of tile 08F918 (room 0x2e),wall of tile 05021A (room 0x2e),53.047,no,the line between them touches another wall,wall of tile 08E218 (room 0x2e)
wall of tile 08F918 (room 0x2e),wall of tile 050119 (room 0x2e),13.262,no,the line between them touches another wall,wall of tile 08E718 (room 0x2e)
wall of tile 08F918 (room 0x2e),wall of tile 05011A (room 0x2e),13.262,no,the line between them touches another wall,wall of tile 08E218 (room 0x2e)
wall of tile 08F918 (room 0x2e),wall of tile 04FF19 (room 0x2e),26.523,no,the far wall faces the other way (it belongs to floor which isn't linked here),
wall of tile 08F918 (room 0x2e),wall of tile 04FF1A (room 0x2e),26.523,no,the far wall faces the other way (it belongs to floor which isn't linked here),
wall of tile 08E218 (room 0x2e),wall of tile 04FF1A (room 0x2e),26.523,no,the far wall faces the other way (it belongs to floor which isn't linked here),
wall of tile 050919 (room 0x2e),wall of tile 050B19 (room 0x2e),39.785,no,the line between them touches another wall,wall of tile 050A19 (room 0x2e)
wall of tile 05091A (room 0x2e),wall of tile 050B1A (room 0x2e),39.785,no,the line between them touches another wall,wall of tile 050A1A (room 0x2e)
wall of tile 050A19 (room 0x2e),wall of tile 050819 (room 0x2e),39.785,no,the line between them touches another wall,wall of tile 050B19 (room 0x2e)
wall of tile 050A1A (room 0x2e),wall of tile 05081A (room 0x2e),39.785,no,the line between them touches another wall,wall of tile 050B1A (room 0x2e)
wall of tile 050B19 (room 0x2e),wall of tile 050719 (room 0x2e),39.785,no,the line between them touches another wall,wall of tile 050819 (room 0x2e)
wall of tile 050B1A (room 0x2e),wall of tile 05071A (room 0x2e),39.785,no,the line between them touches another wall,wall of tile 05081A (room 0x2e)
wall of tile 050819 (room 0x2e),wall of tile 050619 (room 0x2e),39.785,no,the line between them touches another wall,wall of tile 050719 (room 0x2e)
wall of tile 05081A (room 0x2e),wall of tile 05061A (room 0x2e),39.785,no,the line between them touches another wall,wall of tile 05071A (room 0x2e)
wall of tile 050719 (room 0x2e),wall of tile 050519 (room 0x2e),39.785,no,the line between them touches another wall,wall of tile 050619 (room 0x2e)
wall of tile 05071A (room 0x2e),wall of tile 05051A (room 0x2e),39.785,no,the line between them touches another wall,wall of tile 05061A (room 0x2e)
wall of tile 050619 (room 0x2e),wall of tile 050419 (room 0x2e),40.614,no,the line between them touches another wall,wall of tile 050519 (room 0x2e)
wall of tile 05061A (room 0x2e),wall of tile 05041A (room 0x2e),40.614,no,the line between them touches another wall,wall of tile 05051A (room 0x2e)
wall of tile 050519 (room 0x2e),wall of tile 050319 (room 0x2e),39.785,no,the line between them touches another wall,wall of tile 050419 (room 0x2e)
wall of tile 05051A (room 0x2e),wall of tile 05031A (room 0x2e),39.785,no,the line between them touches another wall,wall of tile 05041A (room 0x2e)
wall of tile 050419 (room 0x2e),wall of tile 050219 (room 0x2e),39.785,no,the line between them touches another wall,wall of tile 050319 (room 0x2e)
wall of tile 05041A (room 0x2e),wall of tile 05021A (room 0x2e),39.785,no,the line between them touches another wall,wall of tile 05031A (room 0x2e)
wall of tile 050319 (room 0x2e),wall of tile 050119 (room 0x2e),39.785,no,the line between them touches another wall,wall of tile 050219 (room 0x2e)
wall of tile 05031A (room 0x2e),wall of tile 05011A (room 0x2e),39.785,no,the line between them touches another wall,wall of tile 05021A (room 0x2e)
wall of tile 050219 (room 0x2e),wall of tile 050019 (room 0x2e),39.785,no,the line between them touches another wall,wall of tile 050119 (room 0x2e)
wall of tile 05021A (room 0x2e),wall of tile 05001A (room 0x2e),39.785,no,the line between them touches another wall,wall of tile 05011A (room 0x2e)
wall of tile 050119 (room 0x2e),wall of tile 04FF19 (room 0x2e),39.785,no,the line between them touches another wall,wall of tile 050019 (room 0x2e)
wall of tile 05011A (room 0x2e),wall of tile 04FF1A (room 0x2e),39.785,no,the line between them touches another wall,wall of tile 05001A (room 0x2e)
wall of tile 050019 (room 0x2e),wall of tile 049D1A (room 0x2e),39.785,no,the line between them touches another wall,wall of tile 04FF19 (room 0x2e)
wall of tile 05001A (room 0x2e),wall of tile 049D1A (room 0x2e),39.785,no,the line between them touches another wall,wall of tile 04FF1A (room 0x2e)
wall of tile 04FF19 (room 0x2e),wall of tile 08E718 (room 0x2e),26.523,no,the line between them touches another wall,wall of tile 050019 (room 0x2e)
wall of tile 049D1A (room 0x2e),wall of tile 037518 (room 0x2e),18.755,no,"the line between them leaves the walkable area (a wall's thickness, or another floor)",
wall of tile 049D1A (room 0x2e),wall of tile 037418 (room 0x2e),18.755,no,"the line between them leaves the walkable area (a wall's thickness, or another floor)",
wall of tile 049D1A (room 0x2e),wall of tile 036B18 (room 0x2e),13.262,no,"the line between them leaves the walkable area (a wall's thickness, or another floor)",
wall of tile 049D1A (room 0x2e),wall of tile 036C18 (room 0x2e),13.262,no,"the line between them leaves the walkable area (a wall's thickness, or another floor)",
wall of tile 049D1A (room 0x2e),wall of tile 036B18 (room 0x2e),54.679,no,"the line between them leaves the walkable area (a wall's thickness, or another floor)",
wall of tile 049D1A (room 0x2e),wall of tile 037018 (room 0x2e),53.047,no,the line between them touches another wall,wall of tile 049D19 (room 0x2e)
wall of tile 049D1A (room 0x2e),wall of tile 036F18 (room 0x2e),53.047,no,the far wall faces the other way (it belongs to floor which isn't linked here),
wall of tile 049D1A (room 0x2e),wall of tile 036C18 (room 0x2e),13.262,no,"the line between them leaves the walkable area (a wall's thickness, or another floor)",
wall of tile 049D19 (room 0x2e),wall of tile 037218 (room 0x2e),54.679,no,"the line between them leaves the walkable area (a wall's thickness, or another floor)",
wall of tile 049D19 (room 0x2e),wall of tile 037118 (room 0x2e),13.262,no,"the line between them leaves the walkable area (a wall's thickness, or another floor)",
wall of tile 049D19 (room 0x2e),wall of tile 036E18 (room 0x2e),53.047,no,the far wall faces the other way (it belongs to floor which isn't linked here),
wall of tile 049D19 (room 0x2e),wall of tile 036D18 (room 0x2e),53.047,no,the line between them touches another wall,wall of tile 049D1A (room 0x2e)
wall of tile 049D19 (room 0x2e),wall of tile 037518 (room 0x2e),18.755,no,"the line between them leaves the walkable area (a wall's thickness, or another floor)",
wall of tile 049D19 (room 0x2e),wall of tile 037418 (room 0x2e),18.755,no,"the line between them leaves the walkable area (a wall's thickness, or another floor)",
wall of tile 049D19 (room 0x2e),wall of tile 037218 (room 0x2e),13.262,no,"the line between them leaves the walkable area (a wall's thickness, or another floor)",
wall of tile 049D19 (room 0x2e),wall of tile 037118 (room 0x2e),13.262,no,"the line between them leaves the walkable area (a wall's thickness, or another floor)",
wall of tile 08E61A (room 0x2e),wall of tile 036D18 (room 0x2e),53.047,no,"the line between them leaves the walkable area (a wall's thickness, or another floor)",
wall of tile 08E61A (room 0x2e),wall of tile 036C18 (room 0x2e),53.047,no,"the line between them leaves the walkable area (a wall's thickness, or another floor)",
wall of tile 08E619 (room 0x2e),wall of tile 08CD1A (room 0x2f),53.047,no,the line between them touches another wall,wall of tile 08DE18 (room 0x2f)
wall of tile 08E619 (room 0x2e),wall of tile 036B18 (room 0x2e),53.047,no,the line between them touches another wall,wall of tile 08E61A (room 0x2e)
wall of tile 08E619 (room 0x2e),wall of tile 036D18 (room 0x2e),53.047,no,"the line between them leaves the walkable area (a wall's thickness, or another floor)",
wall of tile 08E619 (room 0x2e),wall of tile 036C18 (room 0x2e),53.047,no,"the line between them leaves the walkable area (a wall's thickness, or another floor)",
wall of tile 03FA1A (room 0x2f),wall of tile 03FC1A (room 0x2f),39.785,no,the line between them touches another wall,wall of tile 03FB1A (room 0x2f)
wall of tile 03FA19 (room 0x2f),wall of tile 03FC19 (room 0x2f),39.785,no,the line between them touches another wall,wall of tile 03FB19 (room 0x2f)
wall of tile 03FB1A (room 0x2f),wall of tile 03F91A (room 0x2f),40.614,no,the line between them touches another wall,wall of tile 03FC1A (room 0x2f)
wall of tile 03FB19 (room 0x2f),wall of tile 03F919 (room 0x2f),40.614,no,the line between them touches another wall,wall of tile 03FC19 (room 0x2f)
wall of tile 03FC1A (room 0x2f),wall of tile 03F81A (room 0x2f),39.785,no,the line between them touches another wall,wall of tile 03F91A (room 0x2f)
wall of tile 03FC19 (room 0x2f),wall of tile 03F819 (room 0x2f),39.785,no,the line between them touches another wall,wall of tile 03F919 (room 0x2f)
wall of tile 03F91A (room 0x2f),wall of tile 03F71A (room 0x2f),39.785,no,the line between them touches another wall,wall of tile 03F81A (room 0x2f)
wall of tile 03F919 (room 0x2f),wall of tile 03F719 (room 0x2f),39.785,no,the line between them touches another wall,wall of tile 03F819 (room 0x2f)
wall of tile 03F81A (room 0x2f),wall of tile 03F61A (room 0x2f),39.785,no,the line between them touches another wall,wall of tile 03F71A (room 0x2f)
wall of tile 03F819 (room 0x2f),wall of tile 03F619 (room 0x2f),39.785,no,the line between them touches another wall,wall of tile 03F719 (room 0x2f)
wall of tile 03F71A (room 0x2f),wall of tile 03F51A (room 0x2f),39.785,no,the line between them touches another wall,wall of tile 03F61A (room 0x2f)
wall of tile 03F719 (room 0x2f),wall of tile 03F519 (room 0x2f),39.785,no,the line between them touches another wall,wall of tile 03F619 (room 0x2f)
wall of tile 03F61A (room 0x2f),wall of tile 03F41A (room 0x2f),39.785,no,the line between them touches another wall,wall of tile 03F51A (room 0x2f)
wall of tile 03F619 (room 0x2f),wall of tile 03F419 (room 0x2f),39.785,no,the line between them touches another wall,wall of tile 03F519 (room 0x2f)
wall of tile 03F51A (room 0x2f),wall of tile 03F31A (room 0x2f),39.785,no,the line between them touches another wall,wall of tile 03F41A (room 0x2f)
wall of tile 03F519 (room 0x2f),wall of tile 03F319 (room 0x2f),39.785,no,the line between them touches another wall,wall of tile 03F419 (room 0x2f)
wall of tile 03F41A (room 0x2f),wall of tile 03F21A (room 0x2f),39.785,no,the line between them touches another wall,wall of tile 03F31A (room 0x2f)
wall of tile 03F419 (room 0x2f),wall of tile 03F219 (room 0x2f),39.785,no,the line between them touches another wall,wall of tile 03F319 (room 0x2f)
wall of tile 03F31A (room 0x2f),wall of tile 03F11A (room 0x2f),39.785,no,the line between them touches another wall,wall of tile 03F21A (room 0x2f)
wall of tile 03F31A (room 0x2f),wall of tile 08E018 (room 0x2f),53.047,no,the line between them touches another wall,wall of tile 03F21A (room 0x2f)
wall of tile 03F319 (room 0x2f),wall of tile 03F119 (room 0x2f),39.785,no,the line between them touches another wall,wall of tile 03F219 (room 0x2f)
wall of tile 03F319 (room 0x2f),wall of tile 08E018 (room 0x2f),53.047,no,the line between them touches another wall,wall of tile 03F219 (room 0x2f)
wall of tile 03F21A (room 0x2f),wall of tile 03F01A (room 0x2f),39.785,no,the line between them touches another wall,wall of tile 03F11A (room 0x2f)
wall of tile 03F21A (room 0x2f),wall of tile 08E018 (room 0x2f),13.262,no,the line between them touches another wall,wall of tile 03F11A (room 0x2f)
wall of tile 03F219 (room 0x2f),wall of tile 03F019 (room 0x2f),39.785,no,the line between them touches another wall,wall of tile 03F119 (room 0x2f)
wall of tile 03F219 (room 0x2f),wall of tile 08E018 (room 0x2f),13.262,no,the line between them touches another wall,wall of tile 03F119 (room 0x2f)
wall of tile 03F11A (room 0x2f),wall of tile 03BA19 (room 0x2f),39.785,no,the line between them touches another wall,wall of tile 03F01A (room 0x2f)
wall of tile 03F119 (room 0x2f),wall of tile 03BA19 (room 0x2f),39.785,no,the line between them touches another wall,wall of tile 03F019 (room 0x2f)
wall of tile 03F01A (room 0x2f),wall of tile 08C918 (room 0x2f),26.523,no,the line between them touches another wall,wall of tile 03F11A (room 0x2f)
wall of tile 03F01A (room 0x2f),wall of tile 08E018 (room 0x2f),26.523,no,the line between them touches another wall,wall of tile 03F11A (room 0x2f)
wall of tile 03F019 (room 0x2f),wall of tile 08E018 (room 0x2f),26.523,no,the line between them touches another wall,wall of tile 03F119 (room 0x2f)
wall of tile 03F019 (room 0x2f),wall of tile 08CE18 (room 0x2f),26.523,no,the line between them touches another wall,wall of tile 03F119 (room 0x2f)
wall of tile 03BA19 (room 0x2f),wall of tile 035018 (room 0x2f),54.679,no,"the line between them leaves the walkable area (a wall's thickness, or another floor)",
wall of tile 03BA19 (room 0x2f),wall of tile 035118 (room 0x2f),13.262,no,"the line between them leaves the walkable area (a wall's thickness, or another floor)",
wall of tile 03BA19 (room 0x2f),wall of tile 034618 (room 0x2f),53.047,no,the far wall faces the other way (it belongs to floor which isn't linked here),
wall of tile 03BA19 (room 0x2f),wall of tile 034718 (room 0x2f),53.047,no,the line between them touches another wall,wall of tile 03BA1A (room 0x2f)
wall of tile 03BA19 (room 0x2f),wall of tile 035018 (room 0x2f),13.262,no,"the line between them leaves the walkable area (a wall's thickness, or another floor)",
wall of tile 03BA19 (room 0x2f),wall of tile 035118 (room 0x2f),13.262,no,"the line between them leaves the walkable area (a wall's thickness, or another floor)",
wall of tile 03BA19 (room 0x2f),wall of tile 034D18 (room 0x2f),18.755,no,"the line between them leaves the walkable area (a wall's thickness, or another floor)",
wall of tile 03BA19 (room 0x2f),wall of tile 034C18 (room 0x2f),18.755,no,"the line between them leaves the walkable area (a wall's thickness, or another floor)",
wall of tile 03BA1A (room 0x2f),wall of tile 034D18 (room 0x2f),18.755,no,"the line between them leaves the walkable area (a wall's thickness, or another floor)",
wall of tile 03BA1A (room 0x2f),wall of tile 034818 (room 0x2f),13.262,no,"the line between them leaves the walkable area (a wall's thickness, or another floor)",
wall of tile 03BA1A (room 0x2f),wall of tile 034918 (room 0x2f),13.262,no,"the line between them leaves the walkable area (a wall's thickness, or another floor)",
wall of tile 03BA1A (room 0x2f),wall of tile 034C18 (room 0x2f),18.755,no,"the line between them leaves the walkable area (a wall's thickness, or another floor)",
wall of tile 03BA1A (room 0x2f),wall of tile 034418 (room 0x2f),53.047,no,the line between them touches another wall,wall of tile 03BA19 (room 0x2f)
wall of tile 03BA1A (room 0x2f),wall of tile 034518 (room 0x2f),53.047,no,the far wall faces the other way (it belongs to floor which isn't linked here),
wall of tile 03BA1A (room 0x2f),wall of tile 034818 (room 0x2f),13.262,no,"the line between them leaves the walkable area (a wall's thickness, or another floor)",
wall of tile 03BA1A (room 0x2f),wall of tile 034918 (room 0x2f),54.679,no,"the line between them leaves the walkable area (a wall's thickness, or another floor)",
wall of tile 035518 (room 0x2f),wall of tile 034C18 (room 0x2f),53.047,no,"the line between them leaves the walkable area (a wall's thickness, or another floor)",
wall of tile 034D18 (room 0x2f),wall of tile 035618 (room 0x2f),53.047,no,"the line between them leaves the walkable area (a wall's thickness, or another floor)",
wall of tile 035018 (room 0x2f),wall of tile 034418 (room 0x2f),53.047,no,the line between them touches another wall,wall of tile 035118 (room 0x2f)
wall of tile 035018 (room 0x2f),wall of tile 08CD19 (room 0x2f),53.047,no,the line between them touches another wall,wall of tile 08CD19 (room 0x2f)
wall of tile 035118 (room 0x2f),wall of tile 08CD19 (room 0x2f),53.047,no,"the line between them leaves the walkable area (a wall's thickness, or another floor)",
wall of tile 035118 (room 0x2f),wall of tile 08CD19 (room 0x2f),53.047,no,"the line between them leaves the walkable area (a wall's thickness, or another floor)",
wall of tile 034418 (room 0x2f),wall of tile 034618 (room 0x2f),53.047,no,the line between them touches another wall,wall of tile 034518 (room 0x2f)
wall of tile 034418 (room 0x2f),wall of tile 08CD19 (room 0x2f),53.047,no,"the line between them leaves the walkable area (a wall's thickness, or another floor)",
wall of tile 034418 (room 0x2f),wall of tile 08CD19 (room 0x2f),53.047,no,"the line between them leaves the walkable area (a wall's thickness, or another floor)",
wall of tile 034518 (room 0x2f),wall of tile 034718 (room 0x2f),53.047,no,the line between them touches another wall,wall of tile 034618 (room 0x2f)
wall of tile 034718 (room 0x2f),wall of tile 034918 (room 0x2f),53.047,no,the line between them touches another wall,wall of tile 034818 (room 0x2f)
wall of tile 034718 (room 0x2f),wall of tile 035718 (room 0x2f),53.047,no,"the line between them leaves the walkable area (a wall's thickness, or another floor)",
wall of tile 034718 (room 0x2f),wall of tile 035818 (room 0x2f),53.047,no,"the line between them leaves the walkable area (a wall's thickness, or another floor)",
wall of tile 034818 (room 0x2f),wall of tile 035718 (room 0x2f),53.047,no,"the line between them leaves the walkable area (a wall's thickness, or another floor)",
wall of tile 034818 (room 0x2f),wall of tile 035818 (room 0x2f),53.047,no,"the line between them leaves the walkable area (a wall's thickness, or another floor)",
wall of tile 034918 (room 0x2f),wall of tile 035818 (room 0x2f),53.047,no,the line between them touches another wall,wall of tile 035718 (room 0x2f)
wall of tile 035E18 (room 0x2f),wall of tile 03AB18 (room 0x2c),53.876,no,the line between them touches another wall,wall of tile 053419 (room 0x2f)
wall of tile 03DA1A (room 0x2c),wall of tile 03DC1A (room 0x2c),39.785,no,the line between them touches another wall,wall of tile 03DB1A (room 0x2c)
wall of tile 03DA19 (room 0x2c),wall of tile 03DC19 (room 0x2c),39.785,no,the line between them touches another wall,wall of tile 03DB19 (room 0x2c)
wall of tile 03DB1A (room 0x2c),wall of tile 03D91A (room 0x2c),39.785,no,the line between them touches another wall,wall of tile 03DC1A (room 0x2c)
wall of tile 03DB19 (room 0x2c),wall of tile 03D919 (room 0x2c),39.785,no,the line between them touches another wall,wall of tile 03DC19 (room 0x2c)
wall of tile 03DC1A (room 0x2c),wall of tile 03D81A (room 0x2c),39.785,no,the line between them touches another wall,wall of tile 03D91A (room 0x2c)
wall of tile 03DC19 (room 0x2c),wall of tile 03D819 (room 0x2c),39.785,no,the line between them touches another wall,wall of tile 03D919 (room 0x2c)
wall of tile 03D91A (room 0x2c),wall of tile 03D71A (room 0x2c),39.785,no,the line between them touches another wall,wall of tile 03D81A (room 0x2c)
wall of tile 03D919 (room 0x2c),wall of tile 03D719 (room 0x2c),39.785,no,the line between them touches another wall,wall of tile 03D819 (room 0x2c)
wall of tile 03D81A (room 0x2c),wall of tile 03D61A (room 0x2c),39.785,no,the line between them touches another wall,wall of tile 03D71A (room 0x2c)
wall of tile 03D819 (room 0x2c),wall of tile 03D619 (room 0x2c),39.785,no,the line between them touches another wall,wall of tile 03D719 (room 0x2c)
wall of tile 03D71A (room 0x2c),wall of tile 03D51A (room 0x2c),39.785,no,the line between them touches another wall,wall of tile 03D61A (room 0x2c)
wall of tile 03D719 (room 0x2c),wall of tile 03D519 (room 0x2c),39.785,no,the line between them touches another wall,wall of tile 03D619 (room 0x2c)
wall of tile 03D61A (room 0x2c),wall of tile 03D41A (room 0x2c),39.785,no,the line between them touches another wall,wall of tile 03D51A (room 0x2c)
wall of tile 03D619 (room 0x2c),wall of tile 03D419 (room 0x2c),39.785,no,the line between them touches another wall,wall of tile 03D519 (room 0x2c)
wall of tile 03D51A (room 0x2c),wall of tile 03D31A (room 0x2c),39.785,no,the line between them touches another wall,wall of tile 03D41A (room 0x2c)
wall of tile 03D51A (room 0x2c),wall of tile 08C71A (room 0x2c),39.785,no,the line between them touches another wall,wall of tile 03D41A (room 0x2c)
wall of tile 03D519 (room 0x2c),wall of tile 03D319 (room 0x2c),39.785,no,the line between them touches another wall,wall of tile 03D419 (room 0x2c)
wall of tile 03D519 (room 0x2c),wall of tile 08C71A (room 0x2c),39.785,no,the line between them touches another wall,wall of tile 03D419 (room 0x2c)
wall of tile 03D41A (room 0x2c),wall of tile 03D21A (room 0x2c),39.785,no,the line between them touches another wall,wall of tile 03D31A (room 0x2c)
wall of tile 03D419 (room 0x2c),wall of tile 03D219 (room 0x2c),39.785,no,the line between them touches another wall,wall of tile 03D319 (room 0x2c)
wall of tile 03D31A (room 0x2c),wall of tile 03D11A (room 0x2c),39.785,no,the line between them touches another wall,wall of tile 03D21A (room 0x2c)
wall of tile 03D31A (room 0x2c),wall of tile 08C018 (room 0x2c),53.876,no,the line between them touches another wall,wall of tile 03D21A (room 0x2c)
wall of tile 03D31A (room 0x2c),wall of tile 08C719 (room 0x2c),53.876,no,the line between them touches another wall,wall of tile 03D21A (room 0x2c)
wall of tile 03D319 (room 0x2c),wall of tile 03D119 (room 0x2c),39.785,no,the line between them touches another wall,wall of tile 03D219 (room 0x2c)
wall of tile 03D319 (room 0x2c),wall of tile 08C719 (room 0x2c),53.876,no,the line between them touches another wall,wall of tile 03D219 (room 0x2c)
wall of tile 03D319 (room 0x2c),wall of tile 08C51A (room 0x2c),53.876,no,the line between them touches another wall,wall of tile 03D219 (room 0x2c)
wall of tile 03D21A (room 0x2c),wall of tile 03261A (room 0x2c),40.614,no,the line between them touches another wall,wall of tile 03D11A (room 0x2c)
wall of tile 03D21A (room 0x2c),wall of tile 08BF18 (room 0x2c),39.785,no,the line between them touches another wall,wall of tile 03D31A (room 0x2c)
wall of tile 03D21A (room 0x2c),wall of tile 08C018 (room 0x2c),14.091,no,the line between them touches another wall,wall of tile 03D11A (room 0x2c)
wall of tile 03D21A (room 0x2c),wall of tile 08C71A (room 0x2c),39.785,no,the line between them touches another wall,wall of tile 03D31A (room 0x2c)
wall of tile 03D21A (room 0x2c),wall of tile 08C719 (room 0x2c),14.091,no,the line between them touches another wall,wall of tile 03D11A (room 0x2c)
wall of tile 03D219 (room 0x2c),wall of tile 032619 (room 0x2c),40.614,no,the line between them touches another wall,wall of tile 03D119 (room 0x2c)
wall of tile 03D219 (room 0x2c),wall of tile 08C71A (room 0x2c),39.785,no,the line between them touches another wall,wall of tile 03D319 (room 0x2c)
wall of tile 03D219 (room 0x2c),wall of tile 08C719 (room 0x2c),14.091,no,the line between them touches another wall,wall of tile 03D119 (room 0x2c)
wall of tile 03D219 (room 0x2c),wall of tile 08C51A (room 0x2c),39.785,no,the line between them touches another wall,wall of tile 03D319 (room 0x2c)
wall of tile 03D219 (room 0x2c),wall of tile 08C51A (room 0x2c),14.091,no,the line between them touches another wall,wall of tile 03D119 (room 0x2c)
wall of tile 03D11A (room 0x2c),wall of tile 028B19 (room 0x2c),39.785,no,the line between them touches another wall,wall of tile 03261A (room 0x2c)
wall of tile 03D119 (room 0x2c),wall of tile 028B19 (room 0x2c),39.785,no,the line between them touches another wall,wall of tile 032619 (room 0x2c)
wall of tile 03261A (room 0x2c),wall of tile 08C018 (room 0x2c),26.523,no,the line between them touches another wall,wall of tile 03D11A (room 0x2c)
wall of tile 03261A (room 0x2c),wall of tile 08C719 (room 0x2c),26.523,no,the line between them touches another wall,wall of tile 03D11A (room 0x2c)
wall of tile 032619 (room 0x2c),wall of tile 08C719 (room 0x2c),26.523,no,the line between them touches another wall,wall of tile 03D119 (room 0x2c)
wall of tile 032619 (room 0x2c),wall of tile 08C51A (room 0x2c),26.523,no,the line between them touches another wall,wall of tile 03D119 (room 0x2c)
wall of tile 028B19 (room 0x2c),wall of tile 03B518 (room 0x2c),13.262,no,"the line between them leaves the walkable area (a wall's thickness, or another floor)",
wall of tile 028B19 (room 0x2c),wall of tile 03B618 (room 0x2c),13.262,no,"the line between them leaves the walkable area (a wall's thickness, or another floor)",
wall of tile 028B1A (room 0x2c),wall of tile 03B518 (room 0x2c),13.262,no,"the line between them leaves the walkable area (a wall's thickness, or another floor)",
wall of tile 028B1A (room 0x2c),wall of tile 03B618 (room 0x2c),13.262,no,"the line between them leaves the walkable area (a wall's thickness, or another floor)",
wall of tile 028B1A (room 0x2c),door 0x1c83ec (preset 0x0072),38.127,no,the far wall faces the other way (it belongs to floor which isn't linked here),
wall of tile 028B1A (room 0x2c),door 0x1c83ec (preset 0x0072),38.127,no,the far wall faces the other way (it belongs to floor which isn't linked here),
wall of tile 028B1A (room 0x2c),door 0x1c83ec (preset 0x0072),26.523,no,the far wall faces the other way (it belongs to floor which isn't linked here),
wall of tile 028B1A (room 0x2c),door 0x1c83ec (preset 0x0072),26.523,no,the far wall faces the other way (it belongs to floor which isn't linked here),
wall of tile 028B1A (room 0x2c),door 0x1c83ec (preset 0x0072),26.523,no,the far wall faces the other way (it belongs to floor which isn't linked here),
wall of tile 028B1A (room 0x2c),door 0x1c83ec (preset 0x0072),26.523,no,the far wall faces the other way (it belongs to floor which isn't linked here),
wall of tile 08C018 (room 0x2c),wall of tile 03B518 (room 0x2c),53.047,no,the line between them touches another wall,wall of tile 03B218 (room 0x2c)
wall of tile 08C51A (room 0x2c),wall of tile 08C419 (room 0x2c),53.047,no,the line between them touches another wall,wall of tile 08C419 (room 0x2c)
wall of tile 03B218 (room 0x2c),wall of tile 03B618 (room 0x2c),53.047,no,the line between them touches another wall,wall of tile 03B518 (room 0x2c)
wall of tile 08C41A (room 0x2c),wall of tile 035918 (room 0x2f),53.876,no,the line between them touches another wall,wall of tile 053B19 (room 0x2f)
wall of tile 035D18 (room 0x2f),wall of tile 036318 (room 0x2e),53.047,no,the line between them touches another wall,wall of tile 052E1A (room 0x2f)
wall of tile 036B18 (room 0x2e),wall of tile 036D18 (room 0x2e),53.047,no,the line between them touches another wall,wall of tile 036C18 (room 0x2e)
wall of tile 037218 (room 0x2e),wall of tile 037E18 (room 0x2e),53.047,no,the line between them touches another wall,wall of tile 037D18 (room 0x2e)
wall of tile 037218 (room 0x2e),wall of tile 037018 (room 0x2e),53.047,no,the line between them touches another wall,wall of tile 037118 (room 0x2e)
wall of tile 037D18 (room 0x2e),wall of tile 037118 (room 0x2e),53.047,no,"the line between them leaves the walkable area (a wall's thickness, or another floor)",
wall of tile 037D18 (room 0x2e),wall of tile 037018 (room 0x2e),53.047,no,"the line between them leaves the walkable area (a wall's thickness, or another floor)",
wall of tile 037E18 (room 0x2e),wall of tile 037118 (room 0x2e),53.047,no,"the line between them leaves the walkable area (a wall's thickness, or another floor)",
wall of tile 037E18 (room 0x2e),wall of tile 037018 (room 0x2e),53.047,no,"the line between them leaves the walkable area (a wall's thickness, or another floor)",
wall of tile 037F18 (room 0x2e),wall of tile 08FF19 (room 0x2d),53.876,no,the line between them touches another wall,wall of tile 053119 (room 0x2e)
wall of tile 037018 (room 0x2e),wall of tile 036E18 (room 0x2e),53.047,no,the line between them touches another wall,wall of tile 036F18 (room 0x2e)
wall of tile 036F18 (room 0x2e),wall of tile 036D18 (room 0x2e),53.047,no,the line between them touches another wall,wall of tile 036E18 (room 0x2e)
wall of tile 002F10 (room 0x2b),wall of tile 003310 (room 0x2a),53.047,no,"the line between them leaves the walkable area (a wall's thickness, or another floor)",
wall of tile 002F10 (room 0x2b),wall of tile 003510 (room 0x2a),53.047,no,"the line between them leaves the walkable area (a wall's thickness, or another floor)",
wall of tile 003110 (room 0x2b),wall of tile 003510 (room 0x2a),27.352,no,the line between them touches another wall,wall of tile 003310 (room 0x2a)
wall of tile 003510 (room 0x2a),wall of tile 003810 (room 0x2a),27.352,no,the line between them touches another wall,wall of tile 003610 (room 0x2a)
wall of tile 001710 (room 0x29),wall of tile 001310 (room 0x29),26.523,no,the line between them touches another wall,wall of tile 001510 (room 0x29)
wall of tile 001710 (room 0x29),wall of tile 001110 (room 0x24),53.047,no,"the line between them leaves the walkable area (a wall's thickness, or another floor)",
wall of tile 001710 (room 0x29),wall of tile 001010 (room 0x24),53.047,no,"the line between them leaves the walkable area (a wall's thickness, or another floor)",
wall of tile 001510 (room 0x29),wall of tile 001110 (room 0x24),53.047,no,"the line between them leaves the walkable area (a wall's thickness, or another floor)",
wall of tile 001510 (room 0x29),wall of tile 001010 (room 0x24),53.047,no,"the line between them leaves the walkable area (a wall's thickness, or another floor)",
wall of tile 001310 (room 0x29),wall of tile 001010 (room 0x24),26.523,no,the line between them touches another wall,wall of tile 001110 (room 0x24)
wall of tile 041B08 (room 0x17),wall of tile 041D09 (room 0x17),53.047,no,the line between them touches another wall,wall of tile 041D09 (room 0x17)
wall of tile 041B08 (room 0x17),door 0x1c9584 (preset 0x006b),18.755,no,"another wall pokes into the space between them, so a tighter pair covers this gap",wall of tile 133A0A (room 0x17)
wall of tile 041B08 (room 0x17),door 0x1c9584 (preset 0x006b),18.755,no,"another wall pokes into the space between them, so a tighter pair covers this gap",wall of tile 133A0A (room 0x17)
wall of tile 041B08 (room 0x17),door 0x1c9584 (preset 0x006b),18.755,no,"the line between them leaves the walkable area (a wall's thickness, or another floor)",
wall of tile 041B08 (room 0x17),door 0x1c9584 (preset 0x006b),28.181,no,"the line between them leaves the walkable area (a wall's thickness, or another floor)",
wall of tile 041708 (room 0x17),wall of tile 041C0A (room 0x17),53.047,no,the line between them touches another wall,wall of tile 041C09 (room 0x17)
wall of tile 041708 (room 0x17),door 0x1c9584 (preset 0x006b),18.755,no,"another wall pokes into the space between them, so a tighter pair covers this gap",wall of tile 133A09 (room 0x17)
wall of tile 041708 (room 0x17),door 0x1c9584 (preset 0x006b),28.181,no,"the line between them leaves the walkable area (a wall's thickness, or another floor)",
wall of tile 041708 (room 0x17),door 0x1c9584 (preset 0x006b),28.181,no,"the line between them leaves the walkable area (a wall's thickness, or another floor)",
wall of tile 041708 (room 0x17),door 0x1c9584 (preset 0x006b),18.755,no,"another wall pokes into the space between them, so a tighter pair covers this gap",wall of tile 133A09 (room 0x17)
wall of tile 041608 (room 0x17),wall of tile 041C0A (room 0x17),53.047,no,the line between them touches another wall,wall of tile 041C0A (room 0x17)
wall of tile 041608 (room 0x17),door 0x1c9484 (preset 0x0061),28.181,no,"the line between them leaves the walkable area (a wall's thickness, or another floor)",
wall of tile 041608 (room 0x17),door 0x1c9484 (preset 0x0061),18.755,no,"the line between them leaves the walkable area (a wall's thickness, or another floor)",
wall of tile 041608 (room 0x17),door 0x1c9484 (preset 0x0061),18.755,no,"the line between them leaves the walkable area (a wall's thickness, or another floor)",
wall of tile 06DC09 (room 0x12),door 0x1c9084 (preset 0x005c),44.303,no,"the line between them leaves the walkable area (a wall's thickness, or another floor)",
wall of tile 06DC09 (room 0x12),door 0x1c9084 (preset 0x005c),44.303,no,"the line between them leaves the walkable area (a wall's thickness, or another floor)",
wall of tile 06DC09 (room 0x12),door 0x1c9084 (preset 0x005c),55.484,no,"the line between them leaves the walkable area (a wall's thickness, or another floor)",
wall of tile 074601 (room 0x03),door 0x1c720c (preset 0x005a),0.000,no,"the line between them leaves the walkable area (a wall's thickness, or another floor)",
wall of tile 01CD30 (room 0x48),door 0x1c720c (preset 0x005a),0.000,no,"the line between them leaves the walkable area (a wall's thickness, or another floor)",
wall of tile 01CD30 (room 0x48),door 0x1c720c (preset 0x005a),11.604,no,"the line between them leaves the walkable area (a wall's thickness, or another floor)",
wall of tile 01CD30 (room 0x48),door 0x1c720c (preset 0x005a),0.000,no,"the line between them leaves the walkable area (a wall's thickness, or another floor)",
wall of tile 01CE30 (room 0x48),wall of tile 00BF30 (room 0x4d),53.047,no,"the line between them leaves the walkable area (a wall's thickness, or another floor)",
wall of tile 01CE30 (room 0x48),wall of tile 00C030 (room 0x4d),53.047,no,"the line between them leaves the walkable area (a wall's thickness, or another floor)",
wall of tile 01CE30 (room 0x48),door 0x1c730c (preset 0x005b),11.604,no,"another wall pokes into the space between them, so a tighter pair covers this gap",wall of tile 00BD30 (room 0x4d)
wall of tile 01CE30 (room 0x48),door 0x1c730c (preset 0x005b),11.604,no,"another wall pokes into the space between them, so a tighter pair covers this gap",wall of tile 00BD30 (room 0x4d)
wall of tile 01CE30 (room 0x48),door 0x1c730c (preset 0x005b),0.000,yes,,
wall of tile 01CE30 (room 0x48),door 0x1c730c (preset 0x005b),0.000,no,"another wall pokes into the space between them, so a tighter pair covers this gap",door 0x1c730c (preset 0x005b)
wall of tile 00BC30 (room 0x4d),wall of tile 01C030 (room 0x48),41.937,no,"another wall pokes into the space between them, so a tighter pair covers this gap",wall of tile 01CB32 (room 0x48)
wall of tile 00BC30 (room 0x4d),wall of tile 01CB32 (room 0x48),39.785,no,the line between them touches another wall,wall of tile 01CB32 (room 0x48)
wall of tile 00BC30 (room 0x4d),door 0x1c730c (preset 0x005b),0.000,no,the line between them touches another wall,door 0x1c730c (preset 0x005b)
wall of tile 00BC30 (room 0x4d),door 0x1c730c (preset 0x005b),0.000,no,"the line between them leaves the walkable area (a wall's thickness, or another floor)",
wall of tile 00BC30 (room 0x4d),door 0x1c730c (preset 0x005b),0.000,no,"the line between them leaves the walkable area (a wall's thickness, or another floor)",
wall of tile 01C030 (room 0x48),wall of tile 01CB32 (room 0x48),13.262,no,the line between them touches another wall,wall of tile 01CB32 (room 0x48)
wall of tile 01C030 (room 0x48),wall of tile 01B230 (room 0x48),13.262,no,the line between them touches another wall,wall of tile 01B230 (room 0x48)
wall of tile 01C030 (room 0x48),door 0x1c730c (preset 0x005b),46.917,no,"the line between them leaves the walkable area (a wall's thickness, or another floor)",
wall of tile 01C030 (room 0x48),door 0x1c730c (preset 0x005b),41.937,no,"another wall pokes into the space between them, so a tighter pair covers this gap",wall of tile 01CB32 (room 0x48)
wall of tile 01C030 (room 0x48),door 0x1c730c (preset 0x005b),41.937,no,"another wall pokes into the space between them, so a tighter pair covers this gap",wall of tile 01CB32 (room 0x48)
wall of tile 01C030 (room 0x48),door 0x1c730c (preset 0x005b),41.937,no,"the line between them leaves the walkable area (a wall's thickness, or another floor)",
wall of tile 01CB32 (room 0x48),wall of tile 01B230 (room 0x48),40.614,no,"the line between them leaves the walkable area (a wall's thickness, or another floor)",
wall of tile 01CB32 (room 0x48),wall of tile 01B230 (room 0x48),40.614,no,"the line between them leaves the walkable area (a wall's thickness, or another floor)",
wall of tile 01CB32 (room 0x48),wall of tile 00C730 (room 0x4d),53.047,no,"the line between them leaves the walkable area (a wall's thickness, or another floor)",
wall of tile 01CB32 (room 0x48),door 0x1c730c (preset 0x005b),11.604,no,the line between them touches another wall,door 0x1c730c (preset 0x005b)
wall of tile 01CB32 (room 0x48),door 0x1c730c (preset 0x005b),0.000,no,the line between them touches another wall,door 0x1c730c (preset 0x005b)
wall of tile 01CB32 (room 0x48),door 0x1c730c (preset 0x005b),0.000,no,"the line between them leaves the walkable area (a wall's thickness, or another floor)",
wall of tile 01CB32 (room 0x48),wall of tile 01B230 (room 0x48),40.614,no,"the line between them leaves the walkable area (a wall's thickness, or another floor)",
wall of tile 01CB32 (room 0x48),wall of tile 01B230 (room 0x48),40.614,no,"the line between them leaves the walkable area (a wall's thickness, or another floor)",
wall of tile 01CB32 (room 0x48),wall of tile 00C730 (room 0x4d),53.047,no,"the line between them leaves the walkable area (a wall's thickness, or another floor)",
wall of tile 01CB32 (room 0x48),door 0x1c730c (preset 0x005b),41.443,no,"the line between them leaves the walkable area (a wall's thickness, or another floor)",
wall of tile 01CB32 (room 0x48),door 0x1c730c (preset 0x005b),39.785,no,"another wall pokes into the space between them, so a tighter pair covers this gap",wall of tile 01CB32 (room 0x48)
wall of tile 01CB32 (room 0x48),door 0x1c730c (preset 0x005b),39.785,no,"another wall pokes into the space between them, so a tighter pair covers this gap",wall of tile 01CB32 (room 0x48)
wall of tile 01CB32 (room 0x48),door 0x1c730c (preset 0x005b),39.785,no,"the line between them leaves the walkable area (a wall's thickness, or another floor)",
wall of tile 01B230 (room 0x48),wall of tile 00C730 (room 0x4d),53.047,no,"the line between them leaves the walkable area (a wall's thickness, or another floor)",
wall of tile 01B230 (room 0x48),wall of tile 00C730 (room 0x4d),53.047,no,"the line between them leaves the walkable area (a wall's thickness, or another floor)",
wall of tile 01B230 (room 0x48),wall of tile 00C630 (room 0x4d),53.047,no,"the line between them leaves the walkable area (a wall's thickness, or another floor)",
wall of tile 01C230 (room 0x48),wall of tile 01B130 (room 0x48),13.262,no,the line between them touches another wall,wall of tile 01B130 (room 0x48)
wall of tile 01C230 (room 0x48),wall of tile 01AE30 (room 0x48),13.262,no,the line between them touches another wall,wall of tile 01AE30 (room 0x48)
wall of tile 01B130 (room 0x48),wall of tile 01AE30 (room 0x48),39.785,no,"the line between them leaves the walkable area (a wall's thickness, or another floor)",
wall of tile 01B130 (room 0x48),wall of tile 01AE30 (room 0x48),39.785,no,"the line between them leaves the walkable area (a wall's thickness, or another floor)",
wall of tile 01B130 (room 0x48),wall of tile 01AE30 (room 0x48),39.785,no,"the line between them leaves the walkable area (a wall's thickness, or another floor)",
wall of tile 01B130 (room 0x48),wall of tile 01AE30 (room 0x48),39.785,no,"the line between them leaves the walkable area (a wall's thickness, or another floor)",
wall of tile 01BA30 (room 0x48),wall of tile 01AF30 (room 0x48),13.262,no,the line between them touches another wall,wall of tile 01AF30 (room 0x48)
wall of tile 01BA30 (room 0x48),wall of tile 01B730 (room 0x48),13.262,no,the line between them touches another wall,wall of tile 01B730 (room 0x48)
wall of tile 01AF30 (room 0x48),wall of tile 01B730 (room 0x48),40.614,no,"the line between them leaves the walkable area (a wall's thickness, or another floor)",
wall of tile 01AF30 (room 0x48),wall of tile 01B730 (room 0x48),40.614,no,"the line between them leaves the walkable area (a wall's thickness, or another floor)",
wall of tile 01AF30 (room 0x48),wall of tile 01B730 (room 0x48),40.614,no,"the line between them leaves the walkable area (a wall's thickness, or another floor)",
wall of tile 01AF30 (room 0x48),wall of tile 01B730 (room 0x48),40.614,no,"the line between them leaves the walkable area (a wall's thickness, or another floor)",
wall of tile 01BC30 (room 0x48),wall of tile 01B630 (room 0x48),13.262,no,the line between them touches another wall,wall of tile 01B630 (room 0x48)
wall of tile 01BC30 (room 0x48),wall of tile 01B530 (room 0x48),13.262,no,the line between them touches another wall,wall of tile 01B530 (room 0x48)
wall of tile 01B630 (room 0x48),wall of tile 01B530 (room 0x48),39.785,no,"the line between them leaves the walkable area (a wall's thickness, or another floor)",
wall of tile 01B630 (room 0x48),wall of tile 01B530 (room 0x48),39.785,no,"the line between them leaves the walkable area (a wall's thickness, or another floor)",
wall of tile 01B630 (room 0x48),wall of tile 01B530 (room 0x48),39.785,no,"the line between them leaves the walkable area (a wall's thickness, or another floor)",
wall of tile 01B630 (room 0x48),wall of tile 01B530 (room 0x48),39.785,no,"the line between them leaves the walkable area (a wall's thickness, or another floor)",
wall of tile 00BD30 (room 0x4d),wall of tile 00C030 (room 0x4d),39.785,no,the line between them touches another wall,wall of tile 00BF30 (room 0x4d)
wall of tile 00BD30 (room 0x4d),door 0x1c730c (preset 0x005b),0.000,yes,,
wall of tile 00BD30 (room 0x4d),door 0x1c730c (preset 0x005b),0.000,yes,,
wall of tile 00BD30 (room 0x4d),door 0x1c730c (preset 0x005b),0.000,yes,,
wall of tile 00BD30 (room 0x4d),door 0x1c730c (preset 0x005b),0.000,no,"another wall pokes into the space between them, so a tighter pair covers this gap",door 0x1c730c (preset 0x005b)
wall of tile 00C730 (room 0x4d),door 0x1c730c (preset 0x005b),41.443,no,"the line between them leaves the walkable area (a wall's thickness, or another floor)",
wall of tile 00C730 (room 0x4d),door 0x1c730c (preset 0x005b),53.047,no,"the line between them leaves the walkable area (a wall's thickness, or another floor)",
wall of tile 00C730 (room 0x4d),door 0x1c730c (preset 0x005b),53.047,no,"the line between them leaves the walkable area (a wall's thickness, or another floor)",
wall of tile 00C730 (room 0x4d),door 0x1c730c (preset 0x005b),41.443,no,"the line between them leaves the walkable area (a wall's thickness, or another floor)",
wall of tile 00BF30 (room 0x4d),wall of tile 074702 (room 0x02),53.876,no,the line between them touches another wall,wall of tile 00C030 (room 0x4d)
wall of tile 00BF30 (room 0x4d),door 0x1c700c (preset 0x0058),55.111,no,"the line between them leaves the walkable area (a wall's thickness, or another floor)",
wall of tile 00BF30 (room 0x4d),door 0x1c700c (preset 0x0058),53.876,no,"the line between them leaves the walkable area (a wall's thickness, or another floor)",
wall of tile 00BF30 (room 0x4d),door 0x1c700c (preset 0x0058),53.876,no,"another wall pokes into the space between them, so a tighter pair covers this gap",wall of tile 074702 (room 0x02)
wall of tile 00BF30 (room 0x4d),door 0x1c730c (preset 0x005b),41.443,no,"another wall pokes into the space between them, so a tighter pair covers this gap",wall of tile 00BD30 (room 0x4d)
wall of tile 00BF30 (room 0x4d),door 0x1c730c (preset 0x005b),41.443,no,"another wall pokes into the space between them, so a tighter pair covers this gap",wall of tile 00BD30 (room 0x4d)
wall of tile 00BF30 (room 0x4d),door 0x1c730c (preset 0x005b),41.443,no,"another wall pokes into the space between them, so a tighter pair covers this gap",wall of tile 00BD30 (room 0x4d)
wall of tile 00BF30 (room 0x4d),door 0x1c730c (preset 0x005b),53.047,no,"another wall pokes into the space between them, so a tighter pair covers this gap",wall of tile 00BD30 (room 0x4d)
wall of tile 00C030 (room 0x4d),wall of tile 01C500 (room 0x02),53.047,no,the line between them touches another wall,wall of tile 074702 (room 0x02)
wall of tile 00C030 (room 0x4d),door 0x1c700c (preset 0x0058),11.604,no,"another wall pokes into the space between them, so a tighter pair covers this gap",wall of tile 074702 (room 0x02)
wall of tile 00C030 (room 0x4d),door 0x1c700c (preset 0x0058),0.000,no,"another wall pokes into the space between them, so a tighter pair covers this gap",wall of tile 074702 (room 0x02)
wall of tile 00C030 (room 0x4d),door 0x1c700c (preset 0x0058),0.000,no,"another wall pokes into the space between them, so a tighter pair covers this gap",door 0x1c700c (preset 0x0058)
wall of tile 00C030 (room 0x4d),door 0x1c730c (preset 0x005b),57.449,no,"the line between them leaves the walkable area (a wall's thickness, or another floor)",
wall of tile 00C030 (room 0x4d),door 0x1c730c (preset 0x005b),57.449,no,"the line between them leaves the walkable area (a wall's thickness, or another floor)",
wall of tile 00C030 (room 0x4d),door 0x1c730c (preset 0x005b),57.449,no,"the line between them leaves the walkable area (a wall's thickness, or another floor)",
wall of tile 074701 (room 0x02),door 0x1c710c (preset 0x0059),0.000,no,the line between them touches another wall,door 0x1c710c (preset 0x0059)
wall of tile 00C230 (room 0x4d),wall of tile 00C830 (room 0x4d),39.785,no,the line between them touches another wall,wall of tile 00C330 (room 0x4d)
wall of tile 00C230 (room 0x4d),wall of tile 01C400 (room 0x02),53.047,no,the line between them touches another wall,wall of tile 074701 (room 0x02)
wall of tile 00C230 (room 0x4d),wall of tile 00CC30 (room 0x4d),39.785,no,"the line between them leaves the walkable area (a wall's thickness, or another floor)",
wall of tile 00C230 (room 0x4d),wall of tile 00CB30 (room 0x4d),39.785,no,"the line between them leaves the walkable area (a wall's thickness, or another floor)",
wall of tile 00C230 (room 0x4d),door 0x1c710c (preset 0x0059),11.604,no,the line between them touches another wall,wall of tile 074701 (room 0x02)
wall of tile 00C230 (room 0x4d),door 0x1c710c (preset 0x0059),0.000,no,the line between them touches another wall,door 0x1c710c (preset 0x0059)
wall of tile 00C330 (room 0x4d),wall of tile 00CC30 (room 0x4d),39.785,no,"the line between them leaves the walkable area (a wall's thickness, or another floor)",
wall of tile 00C330 (room 0x4d),wall of tile 00CB30 (room 0x4d),39.785,no,"the line between them leaves the walkable area (a wall's thickness, or another floor)",
wall of tile 00C830 (room 0x4d),wall of tile 00CC30 (room 0x4d),39.785,no,the line between them touches another wall,wall of tile 00CB30 (room 0x4d)
wall of tile 00C630 (room 0x4d),wall of tile 00C930 (room 0x4d),39.785,no,the line between them touches another wall,wall of tile 00C530 (room 0x4d)
wall of tile 074702 (room 0x02),door 0x1c700c (preset 0x0058),0.000,yes,,
wall of tile 074702 (room 0x02),door 0x1c700c (preset 0x0058),0.000,yes,,
wall of tile 074702 (room 0x02),door 0x1c700c (preset 0x0058),0.000,no,"another wall pokes into the space between them, so a tighter pair covers this gap",door 0x1c700c (preset 0x0058)
wall of tile 01C500 (room 0x02),door 0x1c700c (preset 0x0058),41.443,no,"another wall pokes into the space between them, so a tighter pair covers this gap",wall of tile 074702 (room 0x02)
wall of tile 01C500 (room 0x02),door 0x1c700c (preset 0x0058),41.443,no,"another wall pokes into the space between them, so a tighter pair covers this gap",wall of tile 074702 (room 0x02)
wall of tile 01C500 (room 0x02),door 0x1c700c (preset 0x0058),53.047,no,the line between them touches another wall,door 0x1c700c (preset 0x0058)
wall of tile 01C400 (room 0x02),wall of tile 01BB00 (room 0x01),39.785,no,"the line between them leaves the walkable area (a wall's thickness, or another floor)",
wall of tile 01C400 (room 0x02),wall of tile 01BB00 (room 0x01),39.785,no,"the line between them leaves the walkable area (a wall's thickness, or another floor)",
wall of tile 01C400 (room 0x02),door 0x1c710c (preset 0x0059),41.443,no,the line between them touches another wall,wall of tile 074701 (room 0x02)
wall of tile 01C400 (room 0x02),door 0x1c710c (preset 0x0059),41.443,no,the line between them touches another wall,wall of tile 074701 (room 0x02)
wall of tile 01C400 (room 0x02),door 0x1c710c (preset 0x0059),53.047,no,the line between them touches another wall,wall of tile 074701 (room 0x02)
wall of tile 01C000 (room 0x01),wall of tile 01BB00 (room 0x01),26.523,no,the line between them touches another wall,wall of tile 01BB00 (room 0x01)
wall of tile 01BF00 (room 0x01),wall of tile 01BE00 (room 0x01),26.523,no,the line between them touches another wall,wall of tile 01BE00 (room 0x01)
wall of tile 01BF00 (room 0x01),wall of tile 01C100 (room 0x03),26.523,no,the line between them touches another wall,wall of tile 01C100 (room 0x03)
wall of tile 01BE00 (room 0x01),wall of tile 01C100 (room 0x03),39.785,no,"the line between them leaves the walkable area (a wall's thickness, or another floor)",
wall of tile 01BE00 (room 0x01),wall of tile 01C100 (room 0x03),39.785,no,"the line between them leaves the walkable area (a wall's thickness, or another floor)",
wall of tile 01BE00 (room 0x01),wall of tile 01C100 (room 0x03),39.785,no,"the line between them leaves the walkable area (a wall's thickness, or another floor)",
wall of tile 01BE00 (room 0x01),wall of tile 01C100 (room 0x03),39.785,no,"the line between them leaves the walkable area (a wall's thickness, or another floor)",
wall of tile 01B530 (room 0x48),door 0x1c720c (preset 0x005a),11.604,no,"the line between them leaves the walkable area (a wall's thickness, or another floor)",
wall of tile 01B530 (room 0x48),door 0x1c720c (preset 0x005a),0.000,no,"the line between them leaves the walkable area (a wall's thickness, or another floor)",
wall of tile 01B530 (room 0x48),door 0x1c720c (preset 0x005a),0.000,no,"the line between them leaves the walkable area (a wall's thickness, or another floor)",
wall of tile 01D800 (room 0x05),wall of tile 01E000 (room 0x05),39.785,no,"the line between them leaves the walkable area (a wall's thickness, or another floor)",
wall of tile 01D800 (room 0x05),wall of tile 01E000 (room 0x05),39.785,no,"the line between them leaves the walkable area (a wall's thickness, or another floor)",
wall of tile 01D800 (room 0x05),generic 0x1ca868 (preset 0x00d7),4.774,no,"the line between them leaves the walkable area (a wall's thickness, or another floor)",
wall of tile 01D800 (room 0x05),generic 0x1ca868 (preset 0x00d7),2.680,yes,,
wall of tile 01D800 (room 0x05),generic 0x1ca868 (preset 0x00d7),2.680,yes,,
wall of tile 01D700 (room 0x05),wall of tile 024800 (room 0x04),53.876,no,"the line between them leaves the walkable area (a wall's thickness, or another floor)",
wall of tile 01D700 (room 0x05),wall of tile 024200 (room 0x04),40.614,no,"the line between them leaves the walkable area (a wall's thickness, or another floor)",
wall of tile 01D700 (room 0x05),wall of tile 024200 (room 0x04),40.614,no,"the line between them leaves the walkable area (a wall's thickness, or another floor)",
wall of tile 01D700 (room 0x05),wall of tile 024300 (room 0x04),40.614,no,"the line between them leaves the walkable area (a wall's thickness, or another floor)",
wall of tile 01D700 (room 0x05),wall of tile 024100 (room 0x04),56.854,no,"the line between them leaves the walkable area (a wall's thickness, or another floor)",
wall of tile 01D700 (room 0x05),wall of tile 024100 (room 0x04),56.854,no,"the line between them leaves the walkable area (a wall's thickness, or another floor)",
wall of tile 01D700 (room 0x05),wall of tile 024200 (room 0x04),40.614,no,"the line between them leaves the walkable area (a wall's thickness, or another floor)",
wall of tile 01D700 (room 0x05),wall of tile 024300 (room 0x04),40.614,no,"the line between them leaves the walkable area (a wall's thickness, or another floor)",
wall of tile 01E000 (room 0x05),generic 0x1ca868 (preset 0x00d7),35.834,no,"the line between them leaves the walkable area (a wall's thickness, or another floor)",
wall of tile 01E000 (room 0x05),generic 0x1ca868 (preset 0x00d7),35.834,no,"the line between them leaves the walkable area (a wall's thickness, or another floor)",
wall of tile 01E000 (room 0x05),generic 0x1ca868 (preset 0x00d7),35.934,no,"the line between them leaves the walkable area (a wall's thickness, or another floor)",
wall of tile 01E000 (room 0x05),generic 0x1ca868 (preset 0x00d7),35.934,no,"the line between them leaves the walkable area (a wall's thickness, or another floor)",
wall of tile 039502 (room 0x05),door 0x1c7c0c (preset 0x0057),0.000,no,"another wall pokes into the space between them, so a tighter pair covers this gap",door 0x1c7c0c (preset 0x0057)
wall of tile 039502 (room 0x05),door 0x1c7c0c (preset 0x0057),0.000,yes,,
wall of tile 039502 (room 0x05),door 0x1c7c0c (preset 0x0057),0.000,yes,,
wall of tile 039502 (room 0x05),door 0x1c7c0c (preset 0x0057),0.000,yes,,
wall of tile 024000 (room 0x04),door 0x1c7c0c (preset 0x0057),0.000,no,"another wall pokes into the space between them, so a tighter pair covers this gap",door 0x1c7c0c (preset 0x0057)
wall of tile 024000 (room 0x04),door 0x1c7c0c (preset 0x0057),0.000,yes,,
wall of tile 024000 (room 0x04),door 0x1c7c0c (preset 0x0057),0.000,no,"another wall pokes into the space between them, so a tighter pair covers this gap",wall of tile 039502 (room 0x05)
wall of tile 024000 (room 0x04),door 0x1c7c0c (preset 0x0057),11.604,no,the line between them touches another wall,door 0x1c7c0c (preset 0x0057)
wall of tile 024C00 (room 0x04),wall of tile 023E00 (room 0x04),13.262,no,the line between them touches another wall,wall of tile 023E00 (room 0x04)
wall of tile 024C00 (room 0x04),wall of tile 023F00 (room 0x04),13.262,no,the line between them touches another wall,wall of tile 023F00 (room 0x04)
wall of tile 024E00 (room 0x04),wall of tile 023D00 (room 0x04),13.262,no,the line between them touches another wall,wall of tile 023D00 (room 0x04)
wall of tile 024E00 (room 0x04),wall of tile 023A00 (room 0x04),13.262,no,the line between them touches another wall,wall of tile 023A00 (room 0x04)
wall of tile 023E00 (room 0x04),wall of tile 023F00 (room 0x04),39.785,no,"the line between them leaves the walkable area (a wall's thickness, or another floor)",
wall of tile 023E00 (room 0x04),wall of tile 023F00 (room 0x04),39.785,no,"the line between them leaves the walkable area (a wall's thickness, or another floor)",
wall of tile 023E00 (room 0x04),wall of tile 023F00 (room 0x04),39.785,no,"the line between them leaves the walkable area (a wall's thickness, or another floor)",
wall of tile 023E00 (room 0x04),wall of tile 023F00 (room 0x04),39.785,no,"the line between them leaves the walkable area (a wall's thickness, or another floor)",
wall of tile 023D00 (room 0x04),wall of tile 023A00 (room 0x04),39.785,no,"the line between them leaves the walkable area (a wall's thickness, or another floor)",
wall of tile 023D00 (room 0x04),wall of tile 023A00 (room 0x04),39.785,no,"the line between them leaves the walkable area (a wall's thickness, or another floor)",
wall of tile 023D00 (room 0x04),wall of tile 023A00 (room 0x04),39.785,no,"the line between them leaves the walkable area (a wall's thickness, or another floor)",
wall of tile 023D00 (room 0x04),wall of tile 023A00 (room 0x04),39.785,no,"the line between them leaves the walkable area (a wall's thickness, or another floor)",
wall of tile 024600 (room 0x04),wall of tile 023B00 (room 0x04),14.091,no,the line between them touches another wall,wall of tile 023B00 (room 0x04)
wall of tile 024600 (room 0x04),wall of tile 024300 (room 0x04),14.091,no,the line between them touches another wall,wall of tile 024300 (room 0x04)
wall of tile 023B00 (room 0x04),wall of tile 024300 (room 0x04),39.785,no,"the line between them leaves the walkable area (a wall's thickness, or another floor)",
wall of tile 023B00 (room 0x04),wall of tile 024300 (room 0x04),39.785,no,"the line between them leaves the walkable area (a wall's thickness, or another floor)",
wall of tile 023B00 (room 0x04),wall of tile 024300 (room 0x04),39.785,no,"the line between them leaves the walkable area (a wall's thickness, or another floor)",
wall of tile 023B00 (room 0x04),wall of tile 024300 (room 0x04),39.785,no,"the line between them leaves the walkable area (a wall's thickness, or another floor)",
wall of tile 024800 (room 0x04),wall of tile 024200 (room 0x04),13.262,no,the line between them touches another wall,wall of tile 024200 (room 0x04)
wall of tile 024800 (room 0x04),wall of tile 024100 (room 0x04),13.262,no,the line between them touches another wall,wall of tile 024100 (room 0x04)
wall of tile 024200 (room 0x04),wall of tile 024100 (room 0x04),39.785,no,"the line between them leaves the walkable area (a wall's thickness, or another floor)",
wall of tile 024200 (room 0x04),wall of tile 024100 (room 0x04),39.785,no,"the line between them leaves the walkable area (a wall's thickness, or another floor)",
wall of tile 024200 (room 0x04),wall of tile 024100 (room 0x04),39.785,no,"the line between them leaves the walkable area (a wall's thickness, or another floor)",
wall of tile 024200 (room 0x04),wall of tile 024100 (room 0x04),39.785,no,"the line between them leaves the walkable area (a wall's thickness, or another floor)",
wall of tile 024100 (room 0x04),door 0x1c7c0c (preset 0x0057),0.000,no,"another wall pokes into the space between them, so a tighter pair covers this gap",door 0x1c7c0c (preset 0x0057)
wall of tile 024100 (room 0x04),door 0x1c7c0c (preset 0x0057),11.604,no,"another wall pokes into the space between them, so a tighter pair covers this gap",wall of tile 039501 (room 0x05)
wall of tile 024100 (room 0x04),door 0x1c7c0c (preset 0x0057),11.604,no,"another wall pokes into the space between them, so a tighter pair covers this gap",wall of tile 039501 (room 0x05)
wall of tile 024100 (room 0x04),door 0x1c7c0c (preset 0x0057),0.000,yes,,
wall of tile 10590A (room 0x14),door 0x1c8f84 (preset 0x004d),0.000,yes,,
wall of tile 10590A (room 0x14),door 0x1c8f84 (preset 0x004d),0.000,yes,,
wall of tile 10590A (room 0x14),door 0x1c8f84 (preset 0x004d),0.000,yes,,
wall of tile 10590A (room 0x14),door 0x1c8f84 (preset 0x004d),0.000,yes,,
wall of tile 105909 (room 0x14),wall of tile 005608 (room 0x14),53.047,no,the line between them touches another wall,wall of tile 005608 (room 0x14)
wall of tile 105909 (room 0x14),door 0x1c8f84 (preset 0x004d),0.000,no,"another wall pokes into the space between them, so a tighter pair covers this gap",door 0x1c8f84 (preset 0x004d)
wall of tile 105909 (room 0x14),door 0x1c8f84 (preset 0x004d),0.000,yes,,
wall of tile 105909 (room 0x14),door 0x1c8f84 (preset 0x004d),0.000,yes,,
wall of tile 105909 (room 0x14),door 0x1c8f84 (preset 0x004d),0.000,yes,,
wall of tile 005408 (room 0x14),wall of tile 01F500 (room 0x08),39.785,no,"the line between them leaves the walkable area (a wall's thickness, or another floor)",
wall of tile 005408 (room 0x14),door 0x1c8f84 (preset 0x004d),39.785,no,"another wall pokes into the space between them, so a tighter pair covers this gap",wall of tile 10590A (room 0x14)
wall of tile 005408 (room 0x14),door 0x1c8f84 (preset 0x004d),39.785,no,"another wall pokes into the space between them, so a tighter pair covers this gap",wall of tile 10590A (room 0x14)
wall of tile 005408 (room 0x14),door 0x1c8f84 (preset 0x004d),28.181,no,"another wall pokes into the space between them, so a tighter pair covers this gap",wall of tile 10590A (room 0x14)
wall of tile 005408 (room 0x14),door 0x1c8f84 (preset 0x004d),28.181,no,"another wall pokes into the space between them, so a tighter pair covers this gap",wall of tile 10590A (room 0x14)
wall of tile 005608 (room 0x14),door 0x1c8f84 (preset 0x004d),39.785,no,the line between them touches another wall,door 0x1c8f84 (preset 0x004d)
wall of tile 005608 (room 0x14),door 0x1c8f84 (preset 0x004d),28.181,no,"another wall pokes into the space between them, so a tighter pair covers this gap",wall of tile 105909 (room 0x14)
wall of tile 005608 (room 0x14),door 0x1c8f84 (preset 0x004d),28.181,no,"another wall pokes into the space between them, so a tighter pair covers this gap",wall of tile 105909 (room 0x14)
wall of tile 005608 (room 0x14),door 0x1c8f84 (preset 0x004d),28.181,no,"another wall pokes into the space between them, so a tighter pair covers this gap",wall of tile 105909 (room 0x14)
wall of tile 005608 (room 0x14),monitor 0x1c8064 (preset 0x2733),9.118,no,"another wall pokes into the space between them, so a tighter pair covers this gap",monitor 0x1c8064 (preset 0x2733)
wall of tile 005608 (room 0x14),monitor 0x1c8064 (preset 0x2733),9.133,no,the line between them touches another wall,monitor 0x1c8064 (preset 0x2733)
wall of tile 005608 (room 0x14),monitor 0x1c8064 (preset 0x2733),8.992,yes,,
wall of tile 005608 (room 0x14),monitor 0x1c8064 (preset 0x2733),8.992,yes,,
wall of tile 005608 (room 0x14),generic 0x1cec60 (preset 0x2729),52.917,no,"the line between them leaves the walkable area (a wall's thickness, or another floor)",
wall of tile 005608 (room 0x14),generic 0x1cec60 (preset 0x2729),58.420,no,"the line between them leaves the walkable area (a wall's thickness, or another floor)",
wall of tile 005308 (room 0x14),generic 0x1cc4d0 (preset 0x2720),7.543,yes,,
wall of tile 005308 (room 0x14),generic 0x1cc4d0 (preset 0x2720),7.543,yes,,
wall of tile 005308 (room 0x14),generic 0x1cc4d0 (preset 0x2720),9.121,no,"another wall pokes into the space between them, so a tighter pair covers this gap",generic 0x1cc4d0 (preset 0x2720)
wall of tile 005308 (room 0x14),generic 0x1cc4d0 (preset 0x2720),9.125,no,the line between them touches another wall,generic 0x1cc4d0 (preset 0x2720)
wall of tile 005308 (room 0x14),generic 0x1cea60 (preset 0x2725),52.865,no,"the line between them leaves the walkable area (a wall's thickness, or another floor)",
wall of tile 005308 (room 0x14),generic 0x1cea60 (preset 0x2725),52.865,no,"the line between them leaves the walkable area (a wall's thickness, or another floor)",
wall of tile 005308 (room 0x14),generic 0x1ceae0 (preset 0x2726),52.864,no,"the line between them leaves the walkable area (a wall's thickness, or another floor)",
wall of tile 005308 (room 0x14),generic 0x1ceae0 (preset 0x2726),53.015,no,"the line between them leaves the walkable area (a wall's thickness, or another floor)",
wall of tile 005308 (room 0x14),generic 0x1ceae0 (preset 0x2726),53.047,no,"the line between them leaves the walkable area (a wall's thickness, or another floor)",
wall of tile 005308 (room 0x14),generic 0x1ceae0 (preset 0x2726),52.864,no,"the line between them leaves the walkable area (a wall's thickness, or another floor)",
wall of tile 005308 (room 0x14),generic 0x1ceb60 (preset 0x2727),52.865,no,"the line between them leaves the walkable area (a wall's thickness, or another floor)",
wall of tile 005308 (room 0x14),generic 0x1ceb60 (preset 0x2727),53.015,no,"the line between them leaves the walkable area (a wall's thickness, or another floor)",
wall of tile 005308 (room 0x14),generic 0x1ceb60 (preset 0x2727),53.047,no,"the line between them leaves the walkable area (a wall's thickness, or another floor)",
wall of tile 005308 (room 0x14),generic 0x1ceb60 (preset 0x2727),52.865,no,"the line between them leaves the walkable area (a wall's thickness, or another floor)",
wall of tile 005308 (room 0x14),generic 0x1cebe0 (preset 0x2728),52.864,no,"the line between them leaves the walkable area (a wall's thickness, or another floor)",
wall of tile 005308 (room 0x14),generic 0x1cebe0 (preset 0x2728),53.015,no,"the line between them leaves the walkable area (a wall's thickness, or another floor)",
wall of tile 005308 (room 0x14),generic 0x1cebe0 (preset 0x2728),53.047,no,"the line between them leaves the walkable area (a wall's thickness, or another floor)",
wall of tile 005308 (room 0x14),generic 0x1cebe0 (preset 0x2728),52.864,no,"the line between them leaves the walkable area (a wall's thickness, or another floor)",
wall of tile 005308 (room 0x14),generic 0x1cec60 (preset 0x2729),52.917,no,"the line between them leaves the walkable area (a wall's thickness, or another floor)",
wall of tile 005308 (room 0x14),generic 0x1cec60 (preset 0x2729),53.015,no,"the line between them leaves the walkable area (a wall's thickness, or another floor)",
wall of tile 005308 (room 0x14),generic 0x1cec60 (preset 0x2729),53.047,no,"the line between them leaves the walkable area (a wall's thickness, or another floor)",
wall of tile 005308 (room 0x14),generic 0x1cec60 (preset 0x2729),58.420,no,"the line between them leaves the walkable area (a wall's thickness, or another floor)",
wall of tile 005308 (room 0x14),generic 0x1cece0 (preset 0x272a),52.865,no,"the line between them leaves the walkable area (a wall's thickness, or another floor)",
wall of tile 005308 (room 0x14),generic 0x1cece0 (preset 0x272a),53.015,no,"the line between them leaves the walkable area (a wall's thickness, or another floor)",
wall of tile 005308 (room 0x14),generic 0x1cece0 (preset 0x272a),53.047,no,"the line between them leaves the walkable area (a wall's thickness, or another floor)",
wall of tile 005308 (room 0x14),generic 0x1cece0 (preset 0x272a),52.865,no,"the line between them leaves the walkable area (a wall's thickness, or another floor)",
wall of tile 005308 (room 0x14),generic 0x1ced60 (preset 0x272b),52.865,no,"the line between them leaves the walkable area (a wall's thickness, or another floor)",
wall of tile 005308 (room 0x14),generic 0x1ced60 (preset 0x272b),53.015,no,"the line between them leaves the walkable area (a wall's thickness, or another floor)",
wall of tile 005308 (room 0x14),generic 0x1ced60 (preset 0x272b),53.047,no,"the line between them leaves the walkable area (a wall's thickness, or another floor)",
wall of tile 005308 (room 0x14),generic 0x1ced60 (preset 0x272b),52.865,no,"the line between them leaves the walkable area (a wall's thickness, or another floor)",
wall of tile 005308 (room 0x14),wall of tile 01F500 (room 0x08),39.785,no,"the line between them leaves the walkable area (a wall's thickness, or another floor)",
wall of tile 005308 (room 0x14),generic 0x1cc350 (preset 0x00cb),22.005,yes,,
wall of tile 005308 (room 0x14),generic 0x1cc350 (preset 0x00cb),22.005,yes,,
wall of tile 005308 (room 0x14),generic 0x1cc350 (preset 0x00cb),22.005,yes,,
wall of tile 005308 (room 0x14),generic 0x1cc4d0 (preset 0x2720),12.605,yes,,
wall of tile 005308 (room 0x14),generic 0x1cc4d0 (preset 0x2720),12.605,yes,,
wall of tile 005308 (room 0x14),generic 0x1cc4d0 (preset 0x2720),12.605,yes,,
wall of tile 005308 (room 0x14),generic 0x1cc4d0 (preset 0x2720),13.271,no,"another wall pokes into the space between them, so a tighter pair covers this gap",generic 0x1cc4d0 (preset 0x2720)
wall of tile 005308 (room 0x14),generic 0x1cea60 (preset 0x2725),52.901,no,"the line between them leaves the walkable area (a wall's thickness, or another floor)",
wall of tile 005308 (room 0x14),generic 0x1cea60 (preset 0x2725),55.403,no,"the line between them leaves the walkable area (a wall's thickness, or another floor)",
wall of tile 005308 (room 0x14),generic 0x1ceae0 (preset 0x2726),55.495,no,"the line between them leaves the walkable area (a wall's thickness, or another floor)",
wall of tile 005308 (room 0x14),generic 0x1ceae0 (preset 0x2726),55.495,no,"the line between them leaves the walkable area (a wall's thickness, or another floor)",
wall of tile 005308 (room 0x14),generic 0x1ceae0 (preset 0x2726),55.525,no,"the line between them leaves the walkable area (a wall's thickness, or another floor)",
wall of tile 075800 (room 0x08),generic 0x1cb1a0 (preset 0x00e0),55.236,no,"another wall pokes into the space between them, so a tighter pair covers this gap",generic 0x1cb1a0 (preset 0x00e0)
wall of tile 075800 (room 0x08),generic 0x1cb1a0 (preset 0x00e0),9.135,yes,,
wall of tile 075800 (room 0x08),generic 0x1cb1a0 (preset 0x00e0),9.135,yes,,
wall of tile 075800 (room 0x08),generic 0x1cb2a8 (preset 0x00e1),24.959,yes,,
wall of tile 075800 (room 0x08),generic 0x1cb2a8 (preset 0x00e1),24.959,yes,,
wall of tile 01F500 (room 0x08),door 0x1c8f84 (preset 0x004d),0.000,no,"another wall pokes into the space between them, so a tighter pair covers this gap",wall of tile 10590A (room 0x14)
wall of tile 01F500 (room 0x08),door 0x1c8f84 (preset 0x004d),0.000,no,"another wall pokes into the space between them, so a tighter pair covers this gap",wall of tile 10590A (room 0x14)
wall of tile 01F500 (room 0x08),door 0x1c8f84 (preset 0x004d),0.000,no,"another wall pokes into the space between them, so a tighter pair covers this gap",wall of tile 10590A (room 0x14)
wall of tile 01F500 (room 0x08),door 0x1c8f84 (preset 0x004d),11.604,no,the line between them touches another wall,door 0x1c8f84 (preset 0x004d)
wall of tile 01F600 (room 0x08),wall of tile 01FB00 (room 0x07),26.523,no,the line between them touches another wall,wall of tile 01F600 (room 0x08)
wall of tile 01F600 (room 0x08),wall of tile 01FC00 (room 0x07),39.785,no,"the line between them leaves the walkable area (a wall's thickness, or another floor)",
wall of tile 01F600 (room 0x08),wall of tile 01FC00 (room 0x07),39.785,no,"the line between them leaves the walkable area (a wall's thickness, or another floor)",
wall of tile 01F600 (room 0x08),wall of tile 01FC00 (room 0x07),39.785,no,"the line between them leaves the walkable area (a wall's thickness, or another floor)",
wall of tile 01F600 (room 0x08),wall of tile 01FC00 (room 0x07),39.785,no,"the line between them leaves the walkable area (a wall's thickness, or another floor)",
wall of tile 01F800 (room 0x08),wall of tile 01FD00 (room 0x07),39.785,no,"the line between them leaves the walkable area (a wall's thickness, or another floor)",
wall of tile 01F800 (room 0x08),wall of tile 01FD00 (room 0x07),39.785,no,"the line between them leaves the walkable area (a wall's thickness, or another floor)",
wall of tile 01F800 (room 0x08),wall of tile 012000 (room 0x06),39.785,no,"the line between them leaves the walkable area (a wall's thickness, or another floor)",
wall of tile 01F800 (room 0x08),wall of tile 012000 (room 0x06),39.785,no,"the line between them leaves the walkable area (a wall's thickness, or another floor)",
wall of tile 01F800 (room 0x08),wall of tile 01FA00 (room 0x07),26.523,no,the line between them touches another wall,wall of tile 01F800 (room 0x08)
wall of tile 01F800 (room 0x08),wall of tile 01FD00 (room 0x07),39.785,no,"the line between them leaves the walkable area (a wall's thickness, or another floor)",
wall of tile 01F800 (room 0x08),wall of tile 01FD00 (room 0x07),39.785,no,"the line between them leaves the walkable area (a wall's thickness, or another floor)",
wall of tile 01F800 (room 0x08),wall of tile 012000 (room 0x06),39.785,no,"the line between them leaves the walkable area (a wall's thickness, or another floor)",
wall of tile 01F800 (room 0x08),wall of tile 012000 (room 0x06),39.785,no,"the line between them leaves the walkable area (a wall's thickness, or another floor)",
wall of tile 01FA00 (room 0x07),wall of tile 01FD00 (room 0x07),26.523,no,the line between them touches another wall,wall of tile 01FD00 (room 0x07)
wall of tile 01FA00 (room 0x07),wall of tile 012000 (room 0x06),26.523,no,the line between them touches another wall,wall of tile 01FD00 (room 0x07)
wall of tile 01FB00 (room 0x07),wall of tile 01FC00 (room 0x07),26.523,no,the line between them touches another wall,wall of tile 01FC00 (room 0x07)
wall of tile 01FB00 (room 0x07),generic 0x1cb5b4 (preset 0x00e4),59.333,no,the far wall faces the other way (it belongs to floor which isn't linked here),
wall of tile 01FB00 (room 0x07),generic 0x1cb6bc (preset 0x00e5),55.716,no,the far wall faces the other way (it belongs to floor which isn't linked here),
wall of tile 01FB00 (room 0x07),generic 0x1cb6bc (preset 0x00e5),55.716,no,the far wall faces the other way (it belongs to floor which isn't linked here),
wall of tile 01FE00 (room 0x07),wall of tile 012F30 (room 0x47),39.785,no,"the line between them leaves the walkable area (a wall's thickness, or another floor)",
wall of tile 01FE00 (room 0x07),door 0x1c790c (preset 0x0054),35.641,no,"another wall pokes into the space between them, so a tighter pair covers this gap",wall of tile 039402 (room 0x07)
wall of tile 01FE00 (room 0x07),door 0x1c790c (preset 0x0054),35.641,no,"another wall pokes into the space between them, so a tighter pair covers this gap",wall of tile 039402 (room 0x07)
wall of tile 01FE00 (room 0x07),door 0x1c790c (preset 0x0054),39.785,no,the line between them touches another wall,door 0x1c790c (preset 0x0054)
wall of tile 01FE00 (room 0x07),door 0x1c790c (preset 0x0054),35.641,no,"another wall pokes into the space between them, so a tighter pair covers this gap",wall of tile 039402 (room 0x07)
wall of tile 01FE00 (room 0x07),door 0x1c7a0c (preset 0x0055),28.181,no,the far wall faces the other way (it belongs to floor which isn't linked here),
wall of tile 01FE00 (room 0x07),door 0x1c7a0c (preset 0x0055),39.785,no,the far wall faces the other way (it belongs to floor which isn't linked here),
wall of tile 01FE00 (room 0x07),door 0x1c7a0c (preset 0x0055),39.785,no,the far wall faces the other way (it belongs to floor which isn't linked here),
wall of tile 01FE00 (room 0x07),door 0x1c7a0c (preset 0x0055),28.181,no,the far wall faces the other way (it belongs to floor which isn't linked here),
wall of tile 020000 (room 0x07),wall of tile 013530 (room 0x47),39.785,no,"the line between them leaves the walkable area (a wall's thickness, or another floor)",
wall of tile 020000 (room 0x07),wall of tile 013530 (room 0x47),39.785,no,"the line between them leaves the walkable area (a wall's thickness, or another floor)",
wall of tile 020000 (room 0x07),door 0x1c780c (preset 0x0053),39.785,no,"the line between them leaves the walkable area (a wall's thickness, or another floor)",
wall of tile 020000 (room 0x07),door 0x1c780c (preset 0x0053),35.641,no,"the line between them leaves the walkable area (a wall's thickness, or another floor)",
wall of tile 020000 (room 0x07),door 0x1c780c (preset 0x0053),35.641,no,"the line between them leaves the walkable area (a wall's thickness, or another floor)",
wall of tile 020000 (room 0x07),door 0x1c7b0c (preset 0x0056),39.785,no,"the line between them leaves the walkable area (a wall's thickness, or another floor)",
wall of tile 020000 (room 0x07),door 0x1c7b0c (preset 0x0056),28.181,no,"the line between them leaves the walkable area (a wall's thickness, or another floor)",
wall of tile 020000 (room 0x07),door 0x1c7b0c (preset 0x0056),28.181,no,"the line between them leaves the walkable area (a wall's thickness, or another floor)",
wall of tile 020000 (room 0x07),door 0x1c7b0c (preset 0x0056),28.181,no,"the line between them leaves the walkable area (a wall's thickness, or another floor)",
wall of tile 020000 (room 0x07),generic 0x1cb5b4 (preset 0x00e4),51.381,no,the far wall faces the other way (it belongs to floor which isn't linked here),
wall of tile 020000 (room 0x07),generic 0x1cb5b4 (preset 0x00e4),51.381,no,the far wall faces the other way (it belongs to floor which isn't linked here),
wall of tile 039402 (room 0x07),wall of tile 01FD00 (room 0x07),53.047,no,the line between them touches another wall,wall of tile 01FE00 (room 0x07)
wall of tile 039402 (room 0x07),wall of tile 012000 (room 0x06),53.047,no,the line between them touches another wall,wall of tile 01FE00 (room 0x07)
wall of tile 039402 (room 0x07),door 0x1c790c (preset 0x0054),0.000,yes,,
wall of tile 039402 (room 0x07),door 0x1c790c (preset 0x0054),0.000,yes,,
wall of tile 039402 (room 0x07),door 0x1c790c (preset 0x0054),0.000,no,"another wall pokes into the space between them, so a tighter pair covers this gap",door 0x1c790c (preset 0x0054)
wall of tile 039402 (room 0x07),door 0x1c790c (preset 0x0054),0.000,yes,,
wall of tile 039402 (room 0x07),door 0x1c7a0c (preset 0x0055),0.000,no,the far wall faces the other way (it belongs to floor which isn't linked here),
wall of tile 039402 (room 0x07),door 0x1c7a0c (preset 0x0055),0.000,no,the far wall faces the other way (it belongs to floor which isn't linked here),
wall of tile 039402 (room 0x07),door 0x1c7a0c (preset 0x0055),0.000,no,the far wall faces the other way (it belongs to floor which isn't linked here),
wall of tile 039402 (room 0x07),door 0x1c7a0c (preset 0x0055),0.000,no,the far wall faces the other way (it belongs to floor which isn't linked here),
wall of tile 039401 (room 0x07),wall of tile 013530 (room 0x47),53.047,no,the line between them touches another wall,wall of tile 013530 (room 0x47)
wall of tile 039401 (room 0x07),wall of tile 01FC00 (room 0x07),53.047,no,the line between them touches another wall,wall of tile 020000 (room 0x07)
wall of tile 039401 (room 0x07),door 0x1c780c (preset 0x0053),0.000,no,the line between them touches another wall,door 0x1c780c (preset 0x0053)
wall of tile 039401 (room 0x07),door 0x1c780c (preset 0x0053),0.000,no,"the line between them leaves the walkable area (a wall's thickness, or another floor)",
wall of tile 039401 (room 0x07),door 0x1c7b0c (preset 0x0056),0.000,no,the far wall faces the other way (it belongs to floor which isn't linked here),
wall of tile 039401 (room 0x07),door 0x1c7b0c (preset 0x0056),0.000,no,"the line between them leaves the walkable area (a wall's thickness, or another floor)",
wall of tile 039401 (room 0x07),door 0x1c7b0c (preset 0x0056),0.000,no,"the line between them leaves the walkable area (a wall's thickness, or another floor)",
wall of tile 039401 (room 0x07),generic 0x1cb5b4 (preset 0x00e4),52.220,no,the far wall faces the other way (it belongs to floor which isn't linked here),
wall of tile 039401 (room 0x07),generic 0x1cb5b4 (preset 0x00e4),52.220,no,the far wall faces the other way (it belongs to floor which isn't linked here),
wall of tile 013530 (room 0x47),wall of tile 01FC00 (room 0x07),39.785,no,"the line between them leaves the walkable area (a wall's thickness, or another floor)",
wall of tile 013530 (room 0x47),door 0x1c780c (preset 0x0053),0.000,no,the line between them touches another wall,door 0x1c780c (preset 0x0053)
wall of tile 013530 (room 0x47),door 0x1c780c (preset 0x0053),4.144,no,the line between them touches another wall,door 0x1c780c (preset 0x0053)
wall of tile 013530 (room 0x47),door 0x1c7b0c (preset 0x0056),0.000,no,the far wall faces the other way (it belongs to floor which isn't linked here),
wall of tile 013530 (room 0x47),door 0x1c7b0c (preset 0x0056),11.604,no,"the line between them leaves the walkable area (a wall's thickness, or another floor)",
wall of tile 013530 (room 0x47),door 0x1c7b0c (preset 0x0056),11.604,no,the far wall faces the other way (it belongs to floor which isn't linked here),
wall of tile 013530 (room 0x47),wall of tile 01FC00 (room 0x07),39.785,no,"the line between them leaves the walkable area (a wall's thickness, or another floor)",
wall of tile 013530 (room 0x47),door 0x1c780c (preset 0x0053),53.047,no,"another wall pokes into the space between them, so a tighter pair covers this gap",wall of tile 013530 (room 0x47)
wall of tile 013530 (room 0x47),door 0x1c780c (preset 0x0053),53.047,no,"another wall pokes into the space between them, so a tighter pair covers this gap",wall of tile 013530 (room 0x47)
wall of tile 013530 (room 0x47),door 0x1c780c (preset 0x0053),53.209,no,"the line between them leaves the walkable area (a wall's thickness, or another floor)",
wall of tile 013530 (room 0x47),door 0x1c7b0c (preset 0x0056),53.047,no,the far wall faces the other way (it belongs to floor which isn't linked here),
wall of tile 013530 (room 0x47),door 0x1c7b0c (preset 0x0056),53.047,no,the far wall faces the other way (it belongs to floor which isn't linked here),
wall of tile 013530 (room 0x47),door 0x1c7b0c (preset 0x0056),54.301,no,"the line between them leaves the walkable area (a wall's thickness, or another floor)",
wall of tile 013530 (room 0x47),door 0x1c7b0c (preset 0x0056),54.301,no,"the line between them leaves the walkable area (a wall's thickness, or another floor)",
wall of tile 012F30 (room 0x47),wall of tile 01FD00 (room 0x07),39.785,no,"the line between them leaves the walkable area (a wall's thickness, or another floor)",
wall of tile 012F30 (room 0x47),wall of tile 01B800 (room 0x09),39.785,no,"the line between them leaves the walkable area (a wall's thickness, or another floor)",
wall of tile 012F30 (room 0x47),wall of tile 020A00 (room 0x0c),39.785,no,"the line between them leaves the walkable area (a wall's thickness, or another floor)",
wall of tile 012F30 (room 0x47),wall of tile 01B700 (room 0x09),39.785,no,"the line between them leaves the walkable area (a wall's thickness, or another floor)",
wall of tile 012F30 (room 0x47),wall of tile 01B600 (room 0x09),39.785,no,"the line between them leaves the walkable area (a wall's thickness, or another floor)",
wall of tile 012F30 (room 0x47),wall of tile 012000 (room 0x06),39.785,no,"the line between them leaves the walkable area (a wall's thickness, or another floor)",
wall of tile 012F30 (room 0x47),door 0x1c790c (preset 0x0054),4.144,no,"another wall pokes into the space between them, so a tighter pair covers this gap",wall of tile 039402 (room 0x07)
wall of tile 012F30 (room 0x47),door 0x1c790c (preset 0x0054),0.000,yes,,
wall of tile 012F30 (room 0x47),door 0x1c790c (preset 0x0054),0.000,no,"another wall pokes into the space between them, so a tighter pair covers this gap",door 0x1c790c (preset 0x0054)
wall of tile 012F30 (room 0x47),door 0x1c790c (preset 0x0054),4.144,no,"another wall pokes into the space between them, so a tighter pair covers this gap",wall of tile 039402 (room 0x07)
wall of tile 012F30 (room 0x47),door 0x1c7a0c (preset 0x0055),0.000,no,the far wall faces the other way (it belongs to floor which isn't linked here),
wall of tile 012F30 (room 0x47),door 0x1c7a0c (preset 0x0055),0.000,no,the far wall faces the other way (it belongs to floor which isn't linked here),
wall of tile 012F30 (room 0x47),door 0x1c7a0c (preset 0x0055),0.000,no,the far wall faces the other way (it belongs to floor which isn't linked here),
wall of tile 012F30 (room 0x47),door 0x1c7a0c (preset 0x0055),11.604,no,the far wall faces the other way (it belongs to floor which isn't linked here),
wall of tile 012E30 (room 0x47),wall of tile 01B800 (room 0x09),39.785,no,"the line between them leaves the walkable area (a wall's thickness, or another floor)",
wall of tile 012E30 (room 0x47),wall of tile 020A00 (room 0x0c),39.785,no,"the line between them leaves the walkable area (a wall's thickness, or another floor)",
wall of tile 012E30 (room 0x47),wall of tile 01B700 (room 0x09),39.785,no,"the line between them leaves the walkable area (a wall's thickness, or another floor)",
wall of tile 012D30 (room 0x47),wall of tile 061A02 (room 0x0f),26.523,no,"the line between them leaves the walkable area (a wall's thickness, or another floor)",
wall of tile 012D30 (room 0x47),wall of tile 061A01 (room 0x0f),26.523,no,"the line between them leaves the walkable area (a wall's thickness, or another floor)",
wall of tile 012C30 (room 0x47),wall of tile 063402 (room 0x0f),33.154,no,"the line between them leaves the walkable area (a wall's thickness, or another floor)",
wall of tile 012C30 (room 0x47),wall of tile 061A02 (room 0x0f),26.523,no,"the line between them leaves the walkable area (a wall's thickness, or another floor)",
wall of tile 012C30 (room 0x47),wall of tile 061A01 (room 0x0f),27.340,no,"the line between them leaves the walkable area (a wall's thickness, or another floor)",
wall of tile 012B30 (room 0x47),wall of tile 063402 (room 0x0f),26.523,no,"the line between them leaves the walkable area (a wall's thickness, or another floor)",
wall of tile 012B30 (room 0x47),wall of tile 061A02 (room 0x0f),26.523,no,"the line between them leaves the walkable area (a wall's thickness, or another floor)",
wall of tile 012B30 (room 0x47),wall of tile 077F02 (room 0x0c),53.047,no,the line between them touches another wall,wall of tile 012A30 (room 0x47)
wall of tile 012A30 (room 0x47),wall of tile 064502 (room 0x0f),33.154,no,the far wall faces the other way (it belongs to floor which isn't linked here),
wall of tile 012A30 (room 0x47),wall of tile 063402 (room 0x0f),26.523,no,"the line between them leaves the walkable area (a wall's thickness, or another floor)",
wall of tile 012A30 (room 0x47),wall of tile 061A02 (room 0x0f),53.460,no,"the line between them leaves the walkable area (a wall's thickness, or another floor)",
wall of tile 012A30 (room 0x47),wall of tile 077F02 (room 0x0c),13.262,no,the far wall faces the other way (it belongs to floor which isn't linked here),
wall of tile 012A30 (room 0x47),wall of tile 077F01 (room 0x0c),44.303,no,the far wall faces the other way (it belongs to floor which isn't linked here),
wall of tile 01FC00 (room 0x07),generic 0x1cb5b4 (preset 0x00e4),59.333,no,the far wall faces the other way (it belongs to floor which isn't linked here),
wall of tile 01FC00 (room 0x07),generic 0x1cb6bc (preset 0x00e5),55.716,no,the far wall faces the other way (it belongs to floor which isn't linked here),
wall of tile 01FC00 (room 0x07),generic 0x1cb6bc (preset 0x00e5),55.716,no,the far wall faces the other way (it belongs to floor which isn't linked here),
wall of tile 01FC00 (room 0x07),generic 0x1cb5b4 (preset 0x00e4),43.729,no,the far wall faces the other way (it belongs to floor which isn't linked here),
wall of tile 01FC00 (room 0x07),generic 0x1cb6bc (preset 0x00e5),46.212,no,the far wall faces the other way (it belongs to floor which isn't linked here),
wall of tile 01FC00 (room 0x07),generic 0x1cb6bc (preset 0x00e5),56.566,no,the far wall faces the other way (it belongs to floor which isn't linked here),
wall of tile 075900 (room 0x08),generic 0x1cb1a0 (preset 0x00e0),25.712,yes,,
wall of tile 075900 (room 0x08),generic 0x1cb1a0 (preset 0x00e0),25.712,yes,,
wall of tile 075900 (room 0x08),generic 0x1cb2a8 (preset 0x00e1),51.482,yes,,
wall of tile 075900 (room 0x08),generic 0x1cb2a8 (preset 0x00e1),51.482,yes,,
wall of tile 075900 (room 0x08),generic 0x1cb3ac (preset 0x00e2),47.014,no,"another wall pokes into the space between them, so a tighter pair covers this gap",generic 0x1cb3ac (preset 0x00e2)
wall of tile 075900 (room 0x08),generic 0x1cb3ac (preset 0x00e2),46.930,yes,,
wall of tile 075900 (room 0x08),generic 0x1cb3ac (preset 0x00e2),46.930,yes,,
wall of tile 075A02 (room 0x08),wall of tile 074501 (room 0x08),26.523,no,the line between them touches another wall,wall of tile 075A01 (room 0x08)
wall of tile 075A02 (room 0x08),wall of tile 030A00 (room 0x0a),39.785,no,"the line between them leaves the walkable area (a wall's thickness, or another floor)",
wall of tile 075A02 (room 0x08),door 0x1c6f0c (preset 0x004e),47.816,no,"the line between them leaves the walkable area (a wall's thickness, or another floor)",
wall of tile 075A02 (room 0x08),door 0x1c6f0c (preset 0x004e),38.700,no,"the line between them leaves the walkable area (a wall's thickness, or another floor)",
wall of tile 075A02 (room 0x08),door 0x1c6f0c (preset 0x004e),38.700,no,"the line between them leaves the walkable area (a wall's thickness, or another floor)",
wall of tile 075A02 (room 0x08),door 0x1c6f0c (preset 0x004e),38.700,no,"the line between them leaves the walkable area (a wall's thickness, or another floor)",
wall of tile 075A02 (room 0x08),generic 0x1cb3ac (preset 0x00e2),47.014,no,"another wall pokes into the space between them, so a tighter pair covers this gap",generic 0x1cb3ac (preset 0x00e2)
wall of tile 075A02 (room 0x08),generic 0x1cb3ac (preset 0x00e2),46.930,yes,,
wall of tile 075A01 (room 0x08),wall of tile 074502 (room 0x08),26.523,no,the line between them touches another wall,wall of tile 075A01 (room 0x08)
wall of tile 075A01 (room 0x08),wall of tile 030D00 (room 0x0a),39.785,no,"the line between them leaves the walkable area (a wall's thickness, or another floor)",
wall of tile 075A01 (room 0x08),wall of tile 01B500 (room 0x09),39.785,no,"the line between them leaves the walkable area (a wall's thickness, or another floor)",
wall of tile 075A01 (room 0x08),wall of tile 01B300 (room 0x09),39.785,no,"the line between them leaves the walkable area (a wall's thickness, or another floor)",
wall of tile 075A01 (room 0x08),wall of tile 01B600 (room 0x09),39.785,no,"the line between them leaves the walkable area (a wall's thickness, or another floor)",
wall of tile 075A01 (room 0x08),door 0x1c6e0c (preset 0x004c),11.604,no,"the line between them leaves the walkable area (a wall's thickness, or another floor)",
wall of tile 075A01 (room 0x08),door 0x1c6e0c (preset 0x004c),11.604,no,"the line between them leaves the walkable area (a wall's thickness, or another floor)",
wall of tile 075A01 (room 0x08),door 0x1c6e0c (preset 0x004c),0.000,no,"the line between them leaves the walkable area (a wall's thickness, or another floor)",
wall of tile 075A01 (room 0x08),door 0x1c6e0c (preset 0x004c),0.000,no,the far wall faces the other way (it belongs to floor which isn't linked here),
wall of tile 075A01 (room 0x08),door 0x1c6f0c (preset 0x004e),47.816,no,"the line between them leaves the walkable area (a wall's thickness, or another floor)",
wall of tile 075A01 (room 0x08),door 0x1c6f0c (preset 0x004e),47.816,no,"the line between them leaves the walkable area (a wall's thickness, or another floor)",
wall of tile 075A01 (room 0x08),door 0x1c6f0c (preset 0x004e),38.700,no,"the line between them leaves the walkable area (a wall's thickness, or another floor)",
wall of tile 075A01 (room 0x08),door 0x1c6f0c (preset 0x004e),38.700,no,"the line between them leaves the walkable area (a wall's thickness, or another floor)",
wall of tile 075A01 (room 0x08),wall of tile 030D00 (room 0x0a),39.785,no,"the line between them leaves the walkable area (a wall's thickness, or another floor)",
wall of tile 075A01 (room 0x08),wall of tile 01B300 (room 0x09),39.785,no,"the line between them leaves the walkable area (a wall's thickness, or another floor)",
wall of tile 075A01 (room 0x08),door 0x1c6e0c (preset 0x004c),13.262,no,the far wall faces the other way (it belongs to floor which isn't linked here),
wall of tile 075A01 (room 0x08),door 0x1c6e0c (preset 0x004c),17.622,no,"the line between them leaves the walkable area (a wall's thickness, or another floor)",
wall of tile 075A01 (room 0x08),door 0x1c6e0c (preset 0x004c),17.622,no,"the line between them leaves the walkable area (a wall's thickness, or another floor)",
wall of tile 075A01 (room 0x08),door 0x1c6e0c (preset 0x004c),13.262,no,the far wall faces the other way (it belongs to floor which isn't linked here),
wall of tile 075A01 (room 0x08),door 0x1c6f0c (preset 0x004e),39.785,no,"the line between them leaves the walkable area (a wall's thickness, or another floor)",
wall of tile 075A01 (room 0x08),door 0x1c6f0c (preset 0x004e),39.785,no,"the line between them leaves the walkable area (a wall's thickness, or another floor)",
wall of tile 075A01 (room 0x08),door 0x1c6f0c (preset 0x004e),28.181,no,"another wall pokes into the space between them, so a tighter pair covers this gap",wall of tile 074502 (room 0x08)
wall of tile 075A01 (room 0x08),door 0x1c6f0c (preset 0x004e),28.181,no,"another wall pokes into the space between them, so a tighter pair covers this gap",wall of tile 074502 (room 0x08)
wall of tile 075A01 (room 0x08),wall of tile 030A00 (room 0x0a),39.785,no,"the line between them leaves the walkable area (a wall's thickness, or another floor)",
wall of tile 075A01 (room 0x08),door 0x1c6f0c (preset 0x004e),39.785,no,the line between them touches another wall,door 0x1c6f0c (preset 0x004e)
wall of tile 075A01 (room 0x08),door 0x1c6f0c (preset 0x004e),28.181,no,"another wall pokes into the space between them, so a tighter pair covers this gap",wall of tile 074501 (room 0x08)
wall of tile 075A01 (room 0x08),door 0x1c6f0c (preset 0x004e),28.181,no,"the line between them leaves the walkable area (a wall's thickness, or another floor)",
wall of tile 075A01 (room 0x08),door 0x1c6f0c (preset 0x004e),28.181,no,"the line between them leaves the walkable area (a wall's thickness, or another floor)",
wall of tile 074502 (room 0x08),door 0x1c6e0c (preset 0x004c),29.654,no,the far wall faces the other way (it belongs to floor which isn't linked here),
wall of tile 074502 (room 0x08),door 0x1c6e0c (preset 0x004c),40.368,no,"the line between them leaves the walkable area (a wall's thickness, or another floor)",
wall of tile 074502 (room 0x08),door 0x1c6e0c (preset 0x004c),40.368,no,"the line between them leaves the walkable area (a wall's thickness, or another floor)",
wall of tile 074502 (room 0x08),door 0x1c6e0c (preset 0x004c),29.654,no,the far wall faces the other way (it belongs to floor which isn't linked here),
wall of tile 074502 (room 0x08),door 0x1c6f0c (preset 0x004e),0.000,no,the line between them touches another wall,door 0x1c6f0c (preset 0x004e)
wall of tile 074502 (room 0x08),door 0x1c6f0c (preset 0x004e),0.000,no,"the line between them leaves the walkable area (a wall's thickness, or another floor)",
wall of tile 074502 (room 0x08),door 0x1c6f0c (preset 0x004e),0.000,no,"another wall pokes into the space between them, so a tighter pair covers this gap",door 0x1c6f0c (preset 0x004e)
wall of tile 074501 (room 0x08),door 0x1c6f0c (preset 0x004e),0.000,no,the line between them touches another wall,door 0x1c6f0c (preset 0x004e)
wall of tile 074501 (room 0x08),door 0x1c6f0c (preset 0x004e),0.000,no,"the line between them leaves the walkable area (a wall's thickness, or another floor)",
wall of tile 074501 (room 0x08),door 0x1c6f0c (preset 0x004e),0.000,no,"the line between them leaves the walkable area (a wall's thickness, or another floor)",
wall of tile 030D00 (room 0x0a),wall of tile 01BA00 (room 0x09),53.047,no,the far wall faces the other way (it belongs to floor which isn't linked here),
wall of tile 030D00 (room 0x0a),door 0x1c6e0c (preset 0x004c),53.047,no,"the line between them leaves the walkable area (a wall's thickness, or another floor)",
wall of tile 030D00 (room 0x0a),door 0x1c6e0c (preset 0x004c),53.047,no,"the line between them leaves the walkable area (a wall's thickness, or another floor)",
wall of tile 030D00 (room 0x0a),door 0x1c6e0c (preset 0x004c),53.047,no,"the line between them leaves the walkable area (a wall's thickness, or another floor)",
wall of tile 030D00 (room 0x0a),door 0x1c6e0c (preset 0x004c),53.047,no,"the line between them leaves the walkable area (a wall's thickness, or another floor)",
wall of tile 030D00 (room 0x0a),door 0x1c6f0c (preset 0x004e),0.000,no,the line between them touches another wall,door 0x1c6f0c (preset 0x004e)
wall of tile 030D00 (room 0x0a),door 0x1c6f0c (preset 0x004e),0.000,no,"the line between them leaves the walkable area (a wall's thickness, or another floor)",
wall of tile 030D00 (room 0x0a),door 0x1c6f0c (preset 0x004e),11.604,no,the line between them touches another wall,door 0x1c6f0c (preset 0x004e)
wall of tile 030E00 (room 0x0a),wall of tile 030F00 (room 0x0a),26.523,no,the line between them touches another wall,wall of tile 030E00 (room 0x0a)
wall of tile 030E00 (room 0x0a),wall of tile 01B300 (room 0x09),26.523,no,the far wall faces the other way (it belongs to floor which isn't linked here),
wall of tile 030E00 (room 0x0a),wall of tile 021F00 (room 0x0c),13.262,no,the far wall faces the other way (it belongs to floor which isn't linked here),
wall of tile 030E00 (room 0x0a),wall of tile 021C00 (room 0x0c),13.262,no,the far wall faces the other way (it belongs to floor which isn't linked here),
wall of tile 030E00 (room 0x0a),wall of tile 022000 (room 0x0c),39.785,no,the far wall faces the other way (it belongs to floor which isn't linked here),
wall of tile 030E00 (room 0x0a),wall of tile 022000 (room 0x0c),47.816,no,"the line between them leaves the walkable area (a wall's thickness, or another floor)",
wall of tile 030E00 (room 0x0a),wall of tile 031200 (room 0x0b),53.047,no,"the line between them leaves the walkable area (a wall's thickness, or another floor)",
wall of tile 030E00 (room 0x0a),wall of tile 031200 (room 0x0b),53.047,no,"the line between them leaves the walkable area (a wall's thickness, or another floor)",
wall of tile 030E00 (room 0x0a),wall of tile 021900 (room 0x0c),54.679,no,the far wall faces the other way (it belongs to floor which isn't linked here),
wall of tile 030E00 (room 0x0a),wall of tile 021900 (room 0x0c),54.679,no,the far wall faces the other way (it belongs to floor which isn't linked here),
wall of tile 030E00 (room 0x0a),wall of tile 022000 (room 0x0c),13.262,no,the far wall faces the other way (it belongs to floor which isn't linked here),
wall of tile 030E00 (room 0x0a),wall of tile 022000 (room 0x0c),29.654,no,the far wall faces the other way (it belongs to floor which isn't linked here),
wall of tile 030E00 (room 0x0a),wall of tile 031200 (room 0x0b),53.047,no,"the line between them leaves the walkable area (a wall's thickness, or another floor)",
wall of tile 030E00 (room 0x0a),wall of tile 031200 (room 0x0b),53.047,no,"the line between them leaves the walkable area (a wall's thickness, or another floor)",
wall of tile 030A00 (room 0x0a),door 0x1c6f0c (preset 0x004e),0.000,no,the line between them touches another wall,door 0x1c6f0c (preset 0x004e)
wall of tile 030A00 (room 0x0a),door 0x1c6f0c (preset 0x004e),11.604,no,"the line between them leaves the walkable area (a wall's thickness, or another floor)",
wall of tile 030A00 (room 0x0a),door 0x1c6f0c (preset 0x004e),11.604,no,"the line between them leaves the walkable area (a wall's thickness, or another floor)",
wall of tile 030F00 (room 0x0a),wall of tile 021900 (room 0x0c),13.262,no,the far wall faces the other way (it belongs to floor which isn't linked here),
wall of tile 030F00 (room 0x0a),wall of tile 021900 (room 0x0c),13.262,no,the far wall faces the other way (it belongs to floor which isn't linked here),
wall of tile 030F00 (room 0x0a),wall of tile 021C00 (room 0x0c),13.262,no,"the line between them leaves the walkable area (a wall's thickness, or another floor)",
wall of tile 030F00 (room 0x0a),wall of tile 022000 (room 0x0c),13.262,no,the far wall faces the other way (it belongs to floor which isn't linked here),
wall of tile 030F00 (room 0x0a),wall of tile 022000 (room 0x0c),13.262,no,the far wall faces the other way (it belongs to floor which isn't linked here),
wall of tile 030F00 (room 0x0a),wall of tile 031200 (room 0x0b),26.523,no,the line between them touches another wall,wall of tile 031200 (room 0x0b)
wall of tile 031000 (room 0x0a),wall of tile 031100 (room 0x0b),27.352,no,the line between them touches another wall,wall of tile 031100 (room 0x0b)
wall of tile 031000 (room 0x0a),wall of tile 030900 (room 0x0a),27.352,no,the line between them touches another wall,wall of tile 030900 (room 0x0a)
wall of tile 031000 (room 0x0a),wall of tile 022800 (room 0x0c),39.785,no,the far wall faces the other way (it belongs to floor which isn't linked here),
wall of tile 031000 (room 0x0a),wall of tile 023100 (room 0x0c),47.816,no,the far wall faces the other way (it belongs to floor which isn't linked here),
wall of tile 031100 (room 0x0b),wall of tile 030900 (room 0x0a),53.047,no,"the line between them leaves the walkable area (a wall's thickness, or another floor)",
wall of tile 031100 (room 0x0b),wall of tile 030900 (room 0x0a),53.047,no,"the line between them leaves the walkable area (a wall's thickness, or another floor)",
wall of tile 031100 (room 0x0b),wall of tile 078402 (room 0x0c),59.308,no,"the line between them leaves the walkable area (a wall's thickness, or another floor)",
wall of tile 031100 (room 0x0b),wall of tile 022C00 (room 0x0c),54.679,no,"the line between them leaves the walkable area (a wall's thickness, or another floor)",
wall of tile 031100 (room 0x0b),wall of tile 078502 (room 0x0c),53.047,no,"the line between them leaves the walkable area (a wall's thickness, or another floor)",
wall of tile 031100 (room 0x0b),wall of tile 078501 (room 0x0c),54.679,no,"the line between them leaves the walkable area (a wall's thickness, or another floor)",
wall of tile 031100 (room 0x0b),wall of tile 023200 (room 0x0c),53.047,no,"the line between them leaves the walkable area (a wall's thickness, or another floor)",
wall of tile 031100 (room 0x0b),wall of tile 078602 (room 0x0c),53.047,no,the line between them touches another wall,wall of tile 031500 (room 0x0b)
wall of tile 031100 (room 0x0b),wall of tile 023600 (room 0x0c),53.047,no,the line between them touches another wall,wall of tile 031500 (room 0x0b)
wall of tile 031100 (room 0x0b),wall of tile 023800 (room 0x0c),54.679,no,the far wall faces the other way (it belongs to floor which isn't linked here),
wall of tile 031100 (room 0x0b),wall of tile 078601 (room 0x0c),53.047,no,"the line between them leaves the walkable area (a wall's thickness, or another floor)",
wall of tile 031100 (room 0x0b),door 0x1c690c (preset 0x0047),59.308,no,"the line between them leaves the walkable area (a wall's thickness, or another floor)",
wall of tile 031100 (room 0x0b),door 0x1c690c (preset 0x0047),59.308,no,"the line between them leaves the walkable area (a wall's thickness, or another floor)",
wall of tile 031100 (room 0x0b),door 0x1c690c (preset 0x0047),59.308,no,"the line between them leaves the walkable area (a wall's thickness, or another floor)",
wall of tile 031100 (room 0x0b),door 0x1c6a0c (preset 0x0048),53.047,no,"the line between them leaves the walkable area (a wall's thickness, or another floor)",
wall of tile 031100 (room 0x0b),door 0x1c6a0c (preset 0x0048),53.047,no,"the line between them leaves the walkable area (a wall's thickness, or another floor)",
wall of tile 031100 (room 0x0b),door 0x1c6a0c (preset 0x0048),53.047,no,"the line between them leaves the walkable area (a wall's thickness, or another floor)",
wall of tile 031100 (room 0x0b),door 0x1c6a0c (preset 0x0048),54.679,no,"the line between them leaves the walkable area (a wall's thickness, or another floor)",
wall of tile 031100 (room 0x0b),door 0x1c6b0c (preset 0x0049),53.047,no,the far wall faces the other way (it belongs to floor which isn't linked here),
wall of tile 031100 (room 0x0b),door 0x1c6b0c (preset 0x0049),53.047,no,the far wall faces the other way (it belongs to floor which isn't linked here),
wall of tile 031100 (room 0x0b),door 0x1c6b0c (preset 0x0049),53.047,no,"the line between them leaves the walkable area (a wall's thickness, or another floor)",
wall of tile 031100 (room 0x0b),door 0x1c6b0c (preset 0x0049),53.047,no,"the line between them leaves the walkable area (a wall's thickness, or another floor)",
wall of tile 031100 (room 0x0b),door 0x1c6c0c (preset 0x004a),54.679,no,the far wall faces the other way (it belongs to floor which isn't linked here),
wall of tile 031100 (room 0x0b),door 0x1c6c0c (preset 0x004a),54.679,no,the far wall faces the other way (it belongs to floor which isn't linked here),
wall of tile 031100 (room 0x0b),generic 0x1cb4b0 (preset 0x00e3),11.047,yes,,
wall of tile 031100 (room 0x0b),generic 0x1cb4b0 (preset 0x00e3),11.047,yes,,
wall of tile 031100 (room 0x0b),generic 0x1cb4b0 (preset 0x00e3),11.047,yes,,
wall of tile 031100 (room 0x0b),wall of tile 030900 (room 0x0a),53.047,no,"the line between them leaves the walkable area (a wall's thickness, or another floor)",
wall of tile 031100 (room 0x0b),wall of tile 030900 (room 0x0a),53.047,no,"the line between them leaves the walkable area (a wall's thickness, or another floor)",
wall of tile 031100 (room 0x0b),wall of tile 022800 (room 0x0c),39.785,no,the far wall faces the other way (it belongs to floor which isn't linked here),
wall of tile 031100 (room 0x0b),wall of tile 078402 (room 0x0c),59.308,no,"the line between them leaves the walkable area (a wall's thickness, or another floor)",
wall of tile 031100 (room 0x0b),wall of tile 022C00 (room 0x0c),54.679,no,"the line between them leaves the walkable area (a wall's thickness, or another floor)",
wall of tile 031100 (room 0x0b),wall of tile 078501 (room 0x0c),54.679,no,"the line between them leaves the walkable area (a wall's thickness, or another floor)",
wall of tile 031100 (room 0x0b),wall of tile 023100 (room 0x0c),47.816,no,the far wall faces the other way (it belongs to floor which isn't linked here),
wall of tile 031100 (room 0x0b),door 0x1c690c (preset 0x0047),59.308,no,"the line between them leaves the walkable area (a wall's thickness, or another floor)",
wall of tile 031100 (room 0x0b),door 0x1c690c (preset 0x0047),59.308,no,"the line between them leaves the walkable area (a wall's thickness, or another floor)",
wall of tile 031100 (room 0x0b),door 0x1c690c (preset 0x0047),59.308,no,"the line between them leaves the walkable area (a wall's thickness, or another floor)",
wall of tile 031100 (room 0x0b),door 0x1c6a0c (preset 0x0048),53.047,no,"the line between them leaves the walkable area (a wall's thickness, or another floor)",
wall of tile 031100 (room 0x0b),door 0x1c6a0c (preset 0x0048),54.679,no,"the line between them leaves the walkable area (a wall's thickness, or another floor)",
wall of tile 030900 (room 0x0a),wall of tile 022800 (room 0x0c),39.785,no,the far wall faces the other way (it belongs to floor which isn't linked here),
wall of tile 030900 (room 0x0a),wall of tile 078402 (room 0x0c),59.308,no,"the line between them leaves the walkable area (a wall's thickness, or another floor)",
wall of tile 030900 (room 0x0a),wall of tile 022C00 (room 0x0c),59.308,no,"the line between them leaves the walkable area (a wall's thickness, or another floor)",
wall of tile 030900 (room 0x0a),door 0x1c690c (preset 0x0047),59.308,no,"the line between them leaves the walkable area (a wall's thickness, or another floor)",
wall of tile 030900 (room 0x0a),door 0x1c690c (preset 0x0047),59.308,no,"the line between them leaves the walkable area (a wall's thickness, or another floor)",
wall of tile 030900 (room 0x0a),door 0x1c690c (preset 0x0047),53.047,no,"the line between them leaves the walkable area (a wall's thickness, or another floor)",
wall of tile 030900 (room 0x0a),wall of tile 022600 (room 0x0c),53.047,no,"the line between them leaves the walkable area (a wall's thickness, or another floor)",
wall of tile 030900 (room 0x0a),wall of tile 022700 (room 0x0c),53.047,no,"the line between them leaves the walkable area (a wall's thickness, or another floor)",
wall of tile 030900 (room 0x0a),wall of tile 078402 (room 0x0c),59.308,no,"the line between them leaves the walkable area (a wall's thickness, or another floor)",
wall of tile 030900 (room 0x0a),wall of tile 022C00 (room 0x0c),59.308,no,"the line between them leaves the walkable area (a wall's thickness, or another floor)",
wall of tile 030900 (room 0x0a),wall of tile 078401 (room 0x0c),53.047,no,"the line between them leaves the walkable area (a wall's thickness, or another floor)",
wall of tile 030900 (room 0x0a),door 0x1c680c (preset 0x0046),53.047,no,"the line between them leaves the walkable area (a wall's thickness, or another floor)",
wall of tile 030900 (room 0x0a),door 0x1c680c (preset 0x0046),53.047,no,"the line between them leaves the walkable area (a wall's thickness, or another floor)",
wall of tile 030900 (room 0x0a),door 0x1c680c (preset 0x0046),53.047,no,"the line between them leaves the walkable area (a wall's thickness, or another floor)",
wall of tile 030900 (room 0x0a),door 0x1c680c (preset 0x0046),53.047,no,"the line between them leaves the walkable area (a wall's thickness, or another floor)",
wall of tile 030900 (room 0x0a),door 0x1c690c (preset 0x0047),59.308,no,"the line between them leaves the walkable area (a wall's thickness, or another floor)",
wall of tile 030900 (room 0x0a),door 0x1c690c (preset 0x0047),59.308,no,"the line between them leaves the walkable area (a wall's thickness, or another floor)",
wall of tile 030900 (room 0x0a),door 0x1c690c (preset 0x0047),53.047,no,"the line between them leaves the walkable area (a wall's thickness, or another floor)",
wall of tile 030900 (room 0x0a),door 0x1c690c (preset 0x0047),53.047,no,"the line between them leaves the walkable area (a wall's thickness, or another floor)",
wall of tile 00C301 (room 0x09),door 0x1c6e0c (preset 0x004c),0.000,yes,,
wall of tile 00C301 (room 0x09),door 0x1c6e0c (preset 0x004c),0.000,no,"another wall pokes into the space between them, so a tighter pair covers this gap",door 0x1c6e0c (preset 0x004c)
wall of tile 01B500 (room 0x09),door 0x1c6e0c (preset 0x004c),28.181,no,"another wall pokes into the space between them, so a tighter pair covers this gap",wall of tile 00C301 (room 0x09)
wall of tile 01B500 (room 0x09),door 0x1c6e0c (preset 0x004c),28.181,no,"the line between them leaves the walkable area (a wall's thickness, or another floor)",
wall of tile 01B500 (room 0x09),door 0x1c6e0c (preset 0x004c),39.785,no,the line between them touches another wall,door 0x1c6e0c (preset 0x004c)
wall of tile 01B500 (room 0x09),door 0x1c6e0c (preset 0x004c),39.785,no,the line between them touches another wall,door 0x1c6e0c (preset 0x004c)
wall of tile 01B300 (room 0x09),wall of tile 022300 (room 0x0c),39.785,no,"the line between them leaves the walkable area (a wall's thickness, or another floor)",
wall of tile 01B300 (room 0x09),door 0x1c6e0c (preset 0x004c),28.181,no,"the line between them leaves the walkable area (a wall's thickness, or another floor)",
wall of tile 01B300 (room 0x09),door 0x1c6e0c (preset 0x004c),28.181,no,"the line between them leaves the walkable area (a wall's thickness, or another floor)",
wall of tile 01B300 (room 0x09),door 0x1c6e0c (preset 0x004c),28.181,no,"the line between them leaves the walkable area (a wall's thickness, or another floor)",
wall of tile 01B300 (room 0x09),door 0x1c6e0c (preset 0x004c),39.785,no,"the line between them leaves the walkable area (a wall's thickness, or another floor)",
wall of tile 01BA00 (room 0x09),wall of tile 022300 (room 0x0c),39.785,no,"the line between them leaves the walkable area (a wall's thickness, or another floor)",
wall of tile 01BA00 (room 0x09),door 0x1c6d0c (preset 0x004b),39.785,no,the line between them touches another wall,door 0x1c6d0c (preset 0x004b)
wall of tile 01BA00 (room 0x09),door 0x1c6d0c (preset 0x004b),28.181,no,"another wall pokes into the space between them, so a tighter pair covers this gap",wall of tile 037F01 (room 0x09)
wall of tile 01BA00 (room 0x09),door 0x1c6d0c (preset 0x004b),28.181,no,"the line between them leaves the walkable area (a wall's thickness, or another floor)",
wall of tile 01BA00 (room 0x09),door 0x1c6d0c (preset 0x004b),39.785,no,"the line between them leaves the walkable area (a wall's thickness, or another floor)",
wall of tile 01B800 (room 0x09),wall of tile 020A00 (room 0x0c),39.785,no,"the line between them leaves the walkable area (a wall's thickness, or another floor)",
wall of tile 01B800 (room 0x09),door 0x1c6d0c (preset 0x004b),39.785,no,"another wall pokes into the space between them, so a tighter pair covers this gap",wall of tile 037F02 (room 0x09)
wall of tile 01B800 (room 0x09),door 0x1c6d0c (preset 0x004b),28.181,no,"another wall pokes into the space between them, so a tighter pair covers this gap",wall of tile 037F02 (room 0x09)
wall of tile 01B800 (room 0x09),door 0x1c6d0c (preset 0x004b),28.181,no,"another wall pokes into the space between them, so a tighter pair covers this gap",wall of tile 037F02 (room 0x09)
wall of tile 01B800 (room 0x09),door 0x1c6d0c (preset 0x004b),28.181,no,"another wall pokes into the space between them, so a tighter pair covers this gap",wall of tile 037F02 (room 0x09)
wall of tile 037F01 (room 0x09),door 0x1c6d0c (preset 0x004b),0.000,no,the line between them touches another wall,door 0x1c6d0c (preset 0x004b)
wall of tile 037F01 (room 0x09),door 0x1c6d0c (preset 0x004b),0.000,no,"the line between them leaves the walkable area (a wall's thickness, or another floor)",
wall of tile 037F01 (room 0x09),door 0x1c6d0c (preset 0x004b),0.000,no,"the line between them leaves the walkable area (a wall's thickness, or another floor)",
wall of tile 037F02 (room 0x09),door 0x1c6d0c (preset 0x004b),0.000,no,"another wall pokes into the space between them, so a tighter pair covers this gap",door 0x1c6d0c (preset 0x004b)
wall of tile 037F02 (room 0x09),door 0x1c6d0c (preset 0x004b),0.000,yes,,
wall of tile 037F02 (room 0x09),door 0x1c6d0c (preset 0x004b),0.000,yes,,
wall of tile 037F02 (room 0x09),door 0x1c6d0c (preset 0x004b),0.000,yes,,
wall of tile 022100 (room 0x0c),wall of tile 022800 (room 0x0c),26.523,no,"the line between them leaves the walkable area (a wall's thickness, or another floor)",
wall of tile 022100 (room 0x0c),wall of tile 023100 (room 0x0c),53.047,no,"the line between them leaves the walkable area (a wall's thickness, or another floor)",
wall of tile 022100 (room 0x0c),wall of tile 021A00 (room 0x0c),26.523,no,"the line between them leaves the walkable area (a wall's thickness, or another floor)",
wall of tile 022100 (room 0x0c),wall of tile 021900 (room 0x0c),26.523,no,"the line between them leaves the walkable area (a wall's thickness, or another floor)",
wall of tile 022300 (room 0x0c),door 0x1c680c (preset 0x0046),0.000,yes,,
wall of tile 022300 (room 0x0c),door 0x1c680c (preset 0x0046),0.000,yes,,
wall of tile 022300 (room 0x0c),door 0x1c680c (preset 0x0046),0.000,yes,,
wall of tile 022300 (room 0x0c),door 0x1c680c (preset 0x0046),0.000,yes,,
wall of tile 022300 (room 0x0c),door 0x1c6d0c (preset 0x004b),0.000,no,the line between them touches another wall,door 0x1c6d0c (preset 0x004b)
wall of tile 022300 (room 0x0c),door 0x1c6d0c (preset 0x004b),11.604,no,"the line between them leaves the walkable area (a wall's thickness, or another floor)",
wall of tile 022300 (room 0x0c),door 0x1c6d0c (preset 0x004b),0.000,no,"the line between them leaves the walkable area (a wall's thickness, or another floor)",
wall of tile 022600 (room 0x0c),wall of tile 078401 (room 0x0c),13.262,no,the line between them touches another wall,wall of tile 022700 (room 0x0c)
wall of tile 022600 (room 0x0c),door 0x1c680c (preset 0x0046),0.000,no,"the line between them leaves the walkable area (a wall's thickness, or another floor)",
wall of tile 022600 (room 0x0c),door 0x1c680c (preset 0x0046),0.000,no,the line between them touches another wall,wall of tile 022700 (room 0x0c)
wall of tile 022600 (room 0x0c),door 0x1c680c (preset 0x0046),0.000,no,the line between them touches another wall,door 0x1c680c (preset 0x0046)
wall of tile 022600 (room 0x0c),door 0x1c690c (preset 0x0047),13.262,no,"another wall pokes into the space between them, so a tighter pair covers this gap",wall of tile 022700 (room 0x0c)
wall of tile 022600 (room 0x0c),door 0x1c690c (preset 0x0047),13.262,no,the line between them touches another wall,wall of tile 022700 (room 0x0c)
wall of tile 022600 (room 0x0c),door 0x1c690c (preset 0x0047),16.847,no,"the line between them leaves the walkable area (a wall's thickness, or another floor)",
wall of tile 022600 (room 0x0c),door 0x1c690c (preset 0x0047),16.847,no,"the line between them leaves the walkable area (a wall's thickness, or another floor)",
wall of tile 022700 (room 0x0c),door 0x1c680c (preset 0x0046),0.000,no,"the line between them leaves the walkable area (a wall's thickness, or another floor)",
wall of tile 022700 (room 0x0c),door 0x1c680c (preset 0x0046),0.000,no,the line between them touches another wall,door 0x1c680c (preset 0x0046)
wall of tile 022700 (room 0x0c),door 0x1c680c (preset 0x0046),11.604,no,"the line between them leaves the walkable area (a wall's thickness, or another floor)",
wall of tile 022700 (room 0x0c),door 0x1c690c (preset 0x0047),0.000,no,"another wall pokes into the space between them, so a tighter pair covers this gap",door 0x1c690c (preset 0x0047)
wall of tile 022700 (room 0x0c),door 0x1c690c (preset 0x0047),0.000,yes,,
wall of tile 022700 (room 0x0c),door 0x1c690c (preset 0x0047),11.604,no,"another wall pokes into the space between them, so a tighter pair covers this gap",wall of tile 078401 (room 0x0c)
wall of tile 022700 (room 0x0c),door 0x1c690c (preset 0x0047),11.604,no,"another wall pokes into the space between them, so a tighter pair covers this gap",wall of tile 078401 (room 0x0c)
wall of tile 022800 (room 0x0c),wall of tile 021A00 (room 0x0c),26.523,no,"the line between them leaves the walkable area (a wall's thickness, or another floor)",
wall of tile 022800 (room 0x0c),wall of tile 021900 (room 0x0c),26.523,no,"the line between them leaves the walkable area (a wall's thickness, or another floor)",
wall of tile 022800 (room 0x0c),wall of tile 022000 (room 0x0c),26.523,no,"the line between them leaves the walkable area (a wall's thickness, or another floor)",
wall of tile 022800 (room 0x0c),generic 0x1cb4b0 (preset 0x00e3),45.482,no,the far wall faces the other way (it belongs to floor which isn't linked here),
wall of tile 022800 (room 0x0c),generic 0x1cb4b0 (preset 0x00e3),35.913,no,the far wall faces the other way (it belongs to floor which isn't linked here),
wall of tile 078402 (room 0x0c),wall of tile 078501 (room 0x0c),13.262,no,"the line between them leaves the walkable area (a wall's thickness, or another floor)",
wall of tile 078402 (room 0x0c),wall of tile 078501 (room 0x0c),13.262,no,"the line between them leaves the walkable area (a wall's thickness, or another floor)",
wall of tile 078402 (room 0x0c),door 0x1c690c (preset 0x0047),0.000,yes,,
wall of tile 078402 (room 0x0c),door 0x1c690c (preset 0x0047),0.000,yes,,
wall of tile 078402 (room 0x0c),door 0x1c690c (preset 0x0047),0.000,no,"another wall pokes into the space between them, so a tighter pair covers this gap",door 0x1c690c (preset 0x0047)
wall of tile 078402 (room 0x0c),door 0x1c690c (preset 0x0047),0.000,yes,,
wall of tile 078402 (room 0x0c),door 0x1c6a0c (preset 0x0048),13.262,no,"another wall pokes into the space between them, so a tighter pair covers this gap",wall of tile 022C00 (room 0x0c)
wall of tile 078402 (room 0x0c),door 0x1c6a0c (preset 0x0048),13.262,no,"the line between them leaves the walkable area (a wall's thickness, or another floor)",
wall of tile 078402 (room 0x0c),door 0x1c6a0c (preset 0x0048),13.262,no,"the line between them leaves the walkable area (a wall's thickness, or another floor)",
wall of tile 078402 (room 0x0c),door 0x1c6a0c (preset 0x0048),13.262,no,"the line between them leaves the walkable area (a wall's thickness, or another floor)",
wall of tile 022C00 (room 0x0c),door 0x1c690c (preset 0x0047),0.000,no,"another wall pokes into the space between them, so a tighter pair covers this gap",wall of tile 078402 (room 0x0c)
wall of tile 022C00 (room 0x0c),door 0x1c690c (preset 0x0047),0.000,yes,,
wall of tile 022C00 (room 0x0c),door 0x1c690c (preset 0x0047),0.000,no,"another wall pokes into the space between them, so a tighter pair covers this gap",door 0x1c690c (preset 0x0047)
wall of tile 022C00 (room 0x0c),door 0x1c690c (preset 0x0047),11.604,no,"another wall pokes into the space between them, so a tighter pair covers this gap",wall of tile 078402 (room 0x0c)
wall of tile 022C00 (room 0x0c),door 0x1c6a0c (preset 0x0048),0.000,no,"another wall pokes into the space between them, so a tighter pair covers this gap",door 0x1c6a0c (preset 0x0048)
wall of tile 022C00 (room 0x0c),door 0x1c6a0c (preset 0x0048),0.000,yes,,
wall of tile 022C00 (room 0x0c),door 0x1c6a0c (preset 0x0048),11.604,no,"another wall pokes into the space between them, so a tighter pair covers this gap",wall of tile 078501 (room 0x0c)
wall of tile 022C00 (room 0x0c),door 0x1c6a0c (preset 0x0048),11.604,no,"another wall pokes into the space between them, so a tighter pair covers this gap",wall of tile 078501 (room 0x0c)
wall of tile 078502 (room 0x0c),wall of tile 078601 (room 0x0c),13.262,no,"the line between them leaves the walkable area (a wall's thickness, or another floor)",
wall of tile 078502 (room 0x0c),wall of tile 078601 (room 0x0c),13.262,no,"the line between them leaves the walkable area (a wall's thickness, or another floor)",
wall of tile 078502 (room 0x0c),door 0x1c6a0c (preset 0x0048),0.000,no,"the line between them leaves the walkable area (a wall's thickness, or another floor)",
wall of tile 078502 (room 0x0c),door 0x1c6a0c (preset 0x0048),0.000,no,"the line between them leaves the walkable area (a wall's thickness, or another floor)",
wall of tile 078502 (room 0x0c),door 0x1c6a0c (preset 0x0048),0.000,no,the line between them touches another wall,door 0x1c6a0c (preset 0x0048)
wall of tile 078502 (room 0x0c),door 0x1c6b0c (preset 0x0049),13.262,no,"another wall pokes into the space between them, so a tighter pair covers this gap",wall of tile 023200 (room 0x0c)
wall of tile 078502 (room 0x0c),door 0x1c6b0c (preset 0x0049),13.262,no,"the line between them leaves the walkable area (a wall's thickness, or another floor)",
wall of tile 078502 (room 0x0c),door 0x1c6b0c (preset 0x0049),13.262,no,"the line between them leaves the walkable area (a wall's thickness, or another floor)",
wall of tile 078502 (room 0x0c),door 0x1c6b0c (preset 0x0049),13.262,no,"the line between them leaves the walkable area (a wall's thickness, or another floor)",
wall of tile 078501 (room 0x0c),wall of tile 078601 (room 0x0c),13.262,no,"the line between them leaves the walkable area (a wall's thickness, or another floor)",
wall of tile 078501 (room 0x0c),wall of tile 078601 (room 0x0c),13.262,no,"the line between them leaves the walkable area (a wall's thickness, or another floor)",
wall of tile 078501 (room 0x0c),wall of tile 078401 (room 0x0c),13.262,no,"the line between them leaves the walkable area (a wall's thickness, or another floor)",
wall of tile 078501 (room 0x0c),wall of tile 078401 (room 0x0c),13.262,no,"the line between them leaves the walkable area (a wall's thickness, or another floor)",
wall of tile 078501 (room 0x0c),door 0x1c690c (preset 0x0047),13.262,no,"the line between them leaves the walkable area (a wall's thickness, or another floor)",
wall of tile 078501 (room 0x0c),door 0x1c690c (preset 0x0047),13.262,no,"the line between them leaves the walkable area (a wall's thickness, or another floor)",
wall of tile 078501 (room 0x0c),door 0x1c690c (preset 0x0047),13.262,no,"another wall pokes into the space between them, so a tighter pair covers this gap",wall of tile 022C00 (room 0x0c)
wall of tile 078501 (room 0x0c),door 0x1c690c (preset 0x0047),13.262,no,"the line between them leaves the walkable area (a wall's thickness, or another floor)",
wall of tile 078501 (room 0x0c),door 0x1c6a0c (preset 0x0048),0.000,no,"another wall pokes into the space between them, so a tighter pair covers this gap",door 0x1c6a0c (preset 0x0048)
wall of tile 078501 (room 0x0c),door 0x1c6a0c (preset 0x0048),0.000,yes,,
wall of tile 078501 (room 0x0c),door 0x1c6a0c (preset 0x0048),0.000,yes,,
wall of tile 078501 (room 0x0c),door 0x1c6a0c (preset 0x0048),0.000,yes,,
wall of tile 023100 (room 0x0c),wall of tile 021900 (room 0x0c),26.523,no,the line between them touches another wall,wall of tile 021A00 (room 0x0c)
wall of tile 023100 (room 0x0c),wall of tile 022000 (room 0x0c),53.047,no,"the line between them leaves the walkable area (a wall's thickness, or another floor)",
wall of tile 023100 (room 0x0c),generic 0x1cb4b0 (preset 0x00e3),35.939,no,the far wall faces the other way (it belongs to floor which isn't linked here),
wall of tile 023100 (room 0x0c),generic 0x1cb4b0 (preset 0x00e3),35.913,no,the far wall faces the other way (it belongs to floor which isn't linked here),
wall of tile 023200 (room 0x0c),door 0x1c6a0c (preset 0x0048),0.000,no,"the line between them leaves the walkable area (a wall's thickness, or another floor)",
wall of tile 023200 (room 0x0c),door 0x1c6a0c (preset 0x0048),0.000,no,the line between them touches another wall,door 0x1c6a0c (preset 0x0048)
wall of tile 023200 (room 0x0c),door 0x1c6a0c (preset 0x0048),11.604,no,"the line between them leaves the walkable area (a wall's thickness, or another floor)",
wall of tile 023200 (room 0x0c),door 0x1c6b0c (preset 0x0049),0.000,no,"another wall pokes into the space between them, so a tighter pair covers this gap",door 0x1c6b0c (preset 0x0049)
wall of tile 023200 (room 0x0c),door 0x1c6b0c (preset 0x0049),0.000,yes,,
wall of tile 023200 (room 0x0c),door 0x1c6b0c (preset 0x0049),11.604,no,"another wall pokes into the space between them, so a tighter pair covers this gap",wall of tile 078601 (room 0x0c)
wall of tile 023200 (room 0x0c),door 0x1c6b0c (preset 0x0049),11.604,no,"another wall pokes into the space between them, so a tighter pair covers this gap",wall of tile 078601 (room 0x0c)
wall of tile 078602 (room 0x0c),wall of tile 023800 (room 0x0c),13.262,no,the line between them touches another wall,wall of tile 023600 (room 0x0c)
wall of tile 078602 (room 0x0c),door 0x1c6b0c (preset 0x0049),0.000,no,"the line between them leaves the walkable area (a wall's thickness, or another floor)",
wall of tile 078602 (room 0x0c),door 0x1c6b0c (preset 0x0049),0.000,no,"the line between them leaves the walkable area (a wall's thickness, or another floor)",
wall of tile 078602 (room 0x0c),door 0x1c6b0c (preset 0x0049),0.000,no,the line between them touches another wall,door 0x1c6b0c (preset 0x0049)
wall of tile 078602 (room 0x0c),door 0x1c6c0c (preset 0x004a),13.262,no,"another wall pokes into the space between them, so a tighter pair covers this gap",wall of tile 023800 (room 0x0c)
wall of tile 078602 (room 0x0c),door 0x1c6c0c (preset 0x004a),13.262,no,"the line between them leaves the walkable area (a wall's thickness, or another floor)",
wall of tile 078602 (room 0x0c),door 0x1c6c0c (preset 0x004a),13.262,no,"the line between them leaves the walkable area (a wall's thickness, or another floor)",
wall of tile 078602 (room 0x0c),door 0x1c6c0c (preset 0x004a),13.262,no,"the line between them leaves the walkable area (a wall's thickness, or another floor)",
wall of tile 023600 (room 0x0c),door 0x1c6b0c (preset 0x0049),0.000,no,"the line between them leaves the walkable area (a wall's thickness, or another floor)",
wall of tile 023600 (room 0x0c),door 0x1c6b0c (preset 0x0049),0.000,no,the line between them touches another wall,door 0x1c6b0c (preset 0x0049)
wall of tile 023600 (room 0x0c),door 0x1c6b0c (preset 0x0049),11.604,no,"the line between them leaves the walkable area (a wall's thickness, or another floor)",
wall of tile 023600 (room 0x0c),door 0x1c6c0c (preset 0x004a),0.000,no,"another wall pokes into the space between them, so a tighter pair covers this gap",door 0x1c6c0c (preset 0x004a)
wall of tile 023600 (room 0x0c),door 0x1c6c0c (preset 0x004a),0.000,no,"another wall pokes into the space between them, so a tighter pair covers this gap",wall of tile 023800 (room 0x0c)
wall of tile 023600 (room 0x0c),door 0x1c6c0c (preset 0x004a),11.604,no,"the line between them leaves the walkable area (a wall's thickness, or another floor)",
wall of tile 023600 (room 0x0c),door 0x1c6c0c (preset 0x004a),11.604,no,"the line between them leaves the walkable area (a wall's thickness, or another floor)",
wall of tile 023800 (room 0x0c),door 0x1c6b0c (preset 0x0049),13.262,no,"the line between them leaves the walkable area (a wall's thickness, or another floor)",
wall of tile 023800 (room 0x0c),door 0x1c6b0c (preset 0x0049),13.262,no,the line between them touches another wall,wall of tile 023600 (room 0x0c)
wall of tile 023800 (room 0x0c),door 0x1c6b0c (preset 0x0049),13.262,no,"another wall pokes into the space between them, so a tighter pair covers this gap",wall of tile 023600 (room 0x0c)
wall of tile 023800 (room 0x0c),door 0x1c6b0c (preset 0x0049),16.847,no,"the line between them leaves the walkable area (a wall's thickness, or another floor)",
wall of tile 023800 (room 0x0c),door 0x1c6c0c (preset 0x004a),0.000,no,"another wall pokes into the space between them, so a tighter pair covers this gap",door 0x1c6c0c (preset 0x004a)
wall of tile 023800 (room 0x0c),door 0x1c6c0c (preset 0x004a),4.744,no,"the line between them leaves the walkable area (a wall's thickness, or another floor)",
wall of tile 023800 (room 0x0c),door 0x1c760c (preset 0x0051),47.816,no,"the line between them leaves the walkable area (a wall's thickness, or another floor)",
wall of tile 023800 (room 0x0c),door 0x1c760c (preset 0x0051),38.700,no,"the line between them leaves the walkable area (a wall's thickness, or another floor)",
wall of tile 023800 (room 0x0c),door 0x1c760c (preset 0x0051),28.181,no,"the line between them leaves the walkable area (a wall's thickness, or another floor)",
wall of tile 023800 (room 0x0c),door 0x1c760c (preset 0x0051),39.785,no,"the line between them leaves the walkable area (a wall's thickness, or another floor)",
wall of tile 023800 (room 0x0c),door 0x1c770c (preset 0x0052),38.700,no,"the line between them leaves the walkable area (a wall's thickness, or another floor)",
wall of tile 023800 (room 0x0c),door 0x1c770c (preset 0x0052),38.700,no,"the line between them leaves the walkable area (a wall's thickness, or another floor)",
wall of tile 023800 (room 0x0c),door 0x1c770c (preset 0x0052),38.700,no,"the line between them leaves the walkable area (a wall's thickness, or another floor)",
wall of tile 023800 (room 0x0c),door 0x1c770c (preset 0x0052),47.816,no,"the line between them leaves the walkable area (a wall's thickness, or another floor)",
wall of tile 023900 (room 0x0c),door 0x1c6c0c (preset 0x004a),0.000,no,"the line between them leaves the walkable area (a wall's thickness, or another floor)",
wall of tile 023900 (room 0x0c),door 0x1c6c0c (preset 0x004a),0.000,no,"the line between them leaves the walkable area (a wall's thickness, or another floor)",
wall of tile 023900 (room 0x0c),door 0x1c740c (preset 0x004f),26.523,no,"the line between them leaves the walkable area (a wall's thickness, or another floor)",
wall of tile 023900 (room 0x0c),door 0x1c740c (preset 0x004f),26.523,no,"the line between them leaves the walkable area (a wall's thickness, or another floor)",
wall of tile 023900 (room 0x0c),door 0x1c750c (preset 0x0050),26.523,no,"the line between them leaves the walkable area (a wall's thickness, or another floor)",
wall of tile 023900 (room 0x0c),door 0x1c750c (preset 0x0050),26.523,no,"the line between them leaves the walkable area (a wall's thickness, or another floor)",
wall of tile 023900 (room 0x0c),door 0x1c750c (preset 0x0050),26.523,no,"the line between them leaves the walkable area (a wall's thickness, or another floor)",
wall of tile 023900 (room 0x0c),door 0x1c750c (preset 0x0050),26.523,no,"the line between them leaves the walkable area (a wall's thickness, or another floor)",
wall of tile 023900 (room 0x0c),door 0x1c760c (preset 0x0051),47.816,no,"the line between them leaves the walkable area (a wall's thickness, or another floor)",
wall of tile 023900 (room 0x0c),door 0x1c760c (preset 0x0051),38.700,no,"the line between them leaves the walkable area (a wall's thickness, or another floor)",
wall of tile 023900 (room 0x0c),door 0x1c760c (preset 0x0051),28.181,no,"the line between them leaves the walkable area (a wall's thickness, or another floor)",
wall of tile 023900 (room 0x0c),door 0x1c760c (preset 0x0051),39.785,no,"the line between them leaves the walkable area (a wall's thickness, or another floor)",
wall of tile 023900 (room 0x0c),door 0x1c770c (preset 0x0052),38.700,no,"the line between them leaves the walkable area (a wall's thickness, or another floor)",
wall of tile 023900 (room 0x0c),door 0x1c770c (preset 0x0052),38.700,no,"the line between them leaves the walkable area (a wall's thickness, or another floor)",
wall of tile 023900 (room 0x0c),door 0x1c770c (preset 0x0052),38.700,no,"the line between them leaves the walkable area (a wall's thickness, or another floor)",
wall of tile 023900 (room 0x0c),door 0x1c770c (preset 0x0052),47.816,no,"the line between them leaves the walkable area (a wall's thickness, or another floor)",
wall of tile 021400 (room 0x0c),door 0x1c640c (preset 0x0042),11.604,no,"the line between them leaves the walkable area (a wall's thickness, or another floor)",
wall of tile 021400 (room 0x0c),door 0x1c640c (preset 0x0042),11.604,no,"the line between them leaves the walkable area (a wall's thickness, or another floor)",
wall of tile 021400 (room 0x0c),door 0x1c640c (preset 0x0042),0.000,no,the line between them touches another wall,door 0x1c640c (preset 0x0042)
wall of tile 021800 (room 0x0c),wall of tile 031200 (room 0x0b),13.262,no,the far wall faces the other way (it belongs to floor which isn't linked here),
wall of tile 021A00 (room 0x0c),wall of tile 022000 (room 0x0c),26.523,no,"the line between them leaves the walkable area (a wall's thickness, or another floor)",
wall of tile 021A00 (room 0x0c),generic 0x1cb4b0 (preset 0x00e3),35.939,no,the far wall faces the other way (it belongs to floor which isn't linked here),
wall of tile 021A00 (room 0x0c),generic 0x1cb4b0 (preset 0x00e3),35.913,no,the far wall faces the other way (it belongs to floor which isn't linked here),
wall of tile 021900 (room 0x0c),wall of tile 021C00 (room 0x0c),26.523,no,"the line between them leaves the walkable area (a wall's thickness, or another floor)",
wall of tile 021900 (room 0x0c),wall of tile 022000 (room 0x0c),26.523,no,"the line between them leaves the walkable area (a wall's thickness, or another floor)",
wall of tile 021900 (room 0x0c),wall of tile 022000 (room 0x0c),26.523,no,"the line between them leaves the walkable area (a wall's thickness, or another floor)",
wall of tile 021900 (room 0x0c),wall of tile 031200 (room 0x0b),13.262,no,"the line between them leaves the walkable area (a wall's thickness, or another floor)",
wall of tile 021900 (room 0x0c),wall of tile 031200 (room 0x0b),39.785,no,"the line between them leaves the walkable area (a wall's thickness, or another floor)",
wall of tile 021900 (room 0x0c),wall of tile 021C00 (room 0x0c),26.523,no,"the line between them leaves the walkable area (a wall's thickness, or another floor)",
wall of tile 021900 (room 0x0c),wall of tile 022000 (room 0x0c),26.523,no,"the line between them leaves the walkable area (a wall's thickness, or another floor)",
wall of tile 021900 (room 0x0c),wall of tile 022000 (room 0x0c),26.523,no,"the line between them leaves the walkable area (a wall's thickness, or another floor)",
wall of tile 021900 (room 0x0c),wall of tile 031200 (room 0x0b),13.262,no,"the line between them leaves the walkable area (a wall's thickness, or another floor)",
wall of tile 021900 (room 0x0c),wall of tile 031200 (room 0x0b),39.785,no,"the line between them leaves the walkable area (a wall's thickness, or another floor)",
wall of tile 021C00 (room 0x0c),wall of tile 022000 (room 0x0c),26.523,no,"the line between them leaves the walkable area (a wall's thickness, or another floor)",
wall of tile 021C00 (room 0x0c),wall of tile 022000 (room 0x0c),26.523,no,"the line between them leaves the walkable area (a wall's thickness, or another floor)",
wall of tile 021C00 (room 0x0c),wall of tile 031200 (room 0x0b),13.262,no,the far wall faces the other way (it belongs to floor which isn't linked here),
wall of tile 021200 (room 0x0c),door 0x1c640c (preset 0x0042),11.604,no,"another wall pokes into the space between them, so a tighter pair covers this gap",wall of tile 077D02 (room 0x0c)
wall of tile 021200 (room 0x0c),door 0x1c640c (preset 0x0042),0.000,yes,,
wall of tile 021200 (room 0x0c),door 0x1c640c (preset 0x0042),0.000,no,"another wall pokes into the space between them, so a tighter pair covers this gap",door 0x1c640c (preset 0x0042)
wall of tile 021200 (room 0x0c),door 0x1c640c (preset 0x0042),0.000,no,"another wall pokes into the space between them, so a tighter pair covers this gap",door 0x1c640c (preset 0x0042)
wall of tile 021200 (room 0x0c),door 0x1c650c (preset 0x0043),11.604,no,"the line between them leaves the walkable area (a wall's thickness, or another floor)",
wall of tile 021200 (room 0x0c),door 0x1c650c (preset 0x0043),11.604,no,"the line between them leaves the walkable area (a wall's thickness, or another floor)",
wall of tile 021200 (room 0x0c),door 0x1c650c (preset 0x0043),0.000,no,the line between them touches another wall,door 0x1c650c (preset 0x0043)
wall of tile 077D02 (room 0x0c),wall of tile 077C01 (room 0x0c),13.262,no,"the line between them leaves the walkable area (a wall's thickness, or another floor)",
wall of tile 077D02 (room 0x0c),wall of tile 077C01 (room 0x0c),13.262,no,"the line between them leaves the walkable area (a wall's thickness, or another floor)",
wall of tile 077D02 (room 0x0c),door 0x1c640c (preset 0x0042),0.000,yes,,
wall of tile 077D02 (room 0x0c),door 0x1c640c (preset 0x0042),0.000,yes,,
wall of tile 077D02 (room 0x0c),door 0x1c640c (preset 0x0042),0.000,no,"another wall pokes into the space between them, so a tighter pair covers this gap",door 0x1c640c (preset 0x0042)
wall of tile 077D02 (room 0x0c),door 0x1c640c (preset 0x0042),0.000,no,"another wall pokes into the space between them, so a tighter pair covers this gap",door 0x1c640c (preset 0x0042)
wall of tile 077D02 (room 0x0c),door 0x1c650c (preset 0x0043),13.262,no,"the line between them leaves the walkable area (a wall's thickness, or another floor)",
wall of tile 077D02 (room 0x0c),door 0x1c650c (preset 0x0043),13.262,no,"the line between them leaves the walkable area (a wall's thickness, or another floor)",
wall of tile 077D02 (room 0x0c),door 0x1c650c (preset 0x0043),13.262,no,"the line between them leaves the walkable area (a wall's thickness, or another floor)",
wall of tile 077D02 (room 0x0c),door 0x1c650c (preset 0x0043),13.262,no,"another wall pokes into the space between them, so a tighter pair covers this gap",wall of tile 021200 (room 0x0c)
wall of tile 077D01 (room 0x0c),wall of tile 077C01 (room 0x0c),13.262,no,"the line between them leaves the walkable area (a wall's thickness, or another floor)",
wall of tile 077D01 (room 0x0c),wall of tile 077C01 (room 0x0c),13.262,no,"the line between them leaves the walkable area (a wall's thickness, or another floor)",
wall of tile 077D01 (room 0x0c),door 0x1c640c (preset 0x0042),0.000,no,"the line between them leaves the walkable area (a wall's thickness, or another floor)",
wall of tile 077D01 (room 0x0c),door 0x1c640c (preset 0x0042),0.000,no,"the line between them leaves the walkable area (a wall's thickness, or another floor)",
wall of tile 077D01 (room 0x0c),door 0x1c640c (preset 0x0042),0.000,no,the line between them touches another wall,door 0x1c640c (preset 0x0042)
wall of tile 077C02 (room 0x0c),wall of tile 079401 (room 0x0c),13.262,no,"the line between them leaves the walkable area (a wall's thickness, or another floor)",
wall of tile 077C02 (room 0x0c),wall of tile 079602 (room 0x0c),13.262,no,"the line between them leaves the walkable area (a wall's thickness, or another floor)",
wall of tile 077C02 (room 0x0c),wall of tile 079501 (room 0x0c),13.262,no,"the line between them leaves the walkable area (a wall's thickness, or another floor)",
wall of tile 077C02 (room 0x0c),door 0x1c650c (preset 0x0043),0.000,yes,,
wall of tile 077C02 (room 0x0c),door 0x1c650c (preset 0x0043),0.000,yes,,
wall of tile 077C02 (room 0x0c),door 0x1c650c (preset 0x0043),0.000,no,"another wall pokes into the space between them, so a tighter pair covers this gap",door 0x1c650c (preset 0x0043)
wall of tile 077C02 (room 0x0c),door 0x1c650c (preset 0x0043),0.000,no,"another wall pokes into the space between them, so a tighter pair covers this gap",door 0x1c650c (preset 0x0043)
wall of tile 077C02 (room 0x0c),door 0x1c660c (preset 0x0044),13.262,no,"the line between them leaves the walkable area (a wall's thickness, or another floor)",
wall of tile 077C02 (room 0x0c),door 0x1c660c (preset 0x0044),13.262,no,"the line between them leaves the walkable area (a wall's thickness, or another floor)",
wall of tile 077C02 (room 0x0c),door 0x1c660c (preset 0x0044),13.262,no,"the line between them leaves the walkable area (a wall's thickness, or another floor)",
wall of tile 077C02 (room 0x0c),door 0x1c660c (preset 0x0044),13.262,no,"another wall pokes into the space between them, so a tighter pair covers this gap",wall of tile 020F00 (room 0x0c)
wall of tile 020F00 (room 0x0c),door 0x1c650c (preset 0x0043),11.604,no,"another wall pokes into the space between them, so a tighter pair covers this gap",wall of tile 077C02 (room 0x0c)
wall of tile 020F00 (room 0x0c),door 0x1c650c (preset 0x0043),0.000,yes,,
wall of tile 020F00 (room 0x0c),door 0x1c650c (preset 0x0043),0.000,no,"another wall pokes into the space between them, so a tighter pair covers this gap",door 0x1c650c (preset 0x0043)
wall of tile 020F00 (room 0x0c),door 0x1c650c (preset 0x0043),0.000,no,"another wall pokes into the space between them, so a tighter pair covers this gap",door 0x1c650c (preset 0x0043)
wall of tile 020F00 (room 0x0c),door 0x1c660c (preset 0x0044),0.000,yes,,
wall of tile 020F00 (room 0x0c),door 0x1c660c (preset 0x0044),11.604,no,"another wall pokes into the space between them, so a tighter pair covers this gap",wall of tile 079401 (room 0x0c)
wall of tile 020F00 (room 0x0c),door 0x1c660c (preset 0x0044),11.604,no,"another wall pokes into the space between them, so a tighter pair covers this gap",wall of tile 079401 (room 0x0c)
wall of tile 020F00 (room 0x0c),door 0x1c660c (preset 0x0044),0.000,no,"another wall pokes into the space between them, so a tighter pair covers this gap",door 0x1c660c (preset 0x0044)
wall of tile 020D00 (room 0x0c),door 0x1c660c (preset 0x0044),11.604,no,"another wall pokes into the space between them, so a tighter pair covers this gap",wall of tile 079402 (room 0x0c)
wall of tile 020D00 (room 0x0c),door 0x1c660c (preset 0x0044),0.000,yes,,
wall of tile 020D00 (room 0x0c),door 0x1c660c (preset 0x0044),0.000,no,"another wall pokes into the space between them, so a tighter pair covers this gap",door 0x1c660c (preset 0x0044)
wall of tile 020D00 (room 0x0c),door 0x1c660c (preset 0x0044),0.000,no,"another wall pokes into the space between them, so a tighter pair covers this gap",door 0x1c660c (preset 0x0044)
wall of tile 020D00 (room 0x0c),door 0x1c670c (preset 0x0045),11.604,no,"the line between them leaves the walkable area (a wall's thickness, or another floor)",
wall of tile 020D00 (room 0x0c),door 0x1c670c (preset 0x0045),11.604,no,"the line between them leaves the walkable area (a wall's thickness, or another floor)",
wall of tile 020D00 (room 0x0c),door 0x1c670c (preset 0x0045),0.000,no,the line between them touches another wall,door 0x1c670c (preset 0x0045)
wall of tile 079402 (room 0x0c),wall of tile 079701 (room 0x0c),33.092,no,"the line between them leaves the walkable area (a wall's thickness, or another floor)",
wall of tile 079402 (room 0x0c),wall of tile 064A02 (room 0x0f),18.626,no,"the line between them leaves the walkable area (a wall's thickness, or another floor)",
wall of tile 079402 (room 0x0c),wall of tile 064502 (room 0x0f),18.626,no,"the line between them leaves the walkable area (a wall's thickness, or another floor)",
wall of tile 079402 (room 0x0c),wall of tile 077F01 (room 0x0c),35.708,no,"the line between them leaves the walkable area (a wall's thickness, or another floor)",
wall of tile 079402 (room 0x0c),wall of tile 077F01 (room 0x0c),13.262,no,"the line between them leaves the walkable area (a wall's thickness, or another floor)",
wall of tile 079402 (room 0x0c),door 0x1c660c (preset 0x0044),0.000,yes,,
wall of tile 079402 (room 0x0c),door 0x1c660c (preset 0x0044),0.000,yes,,
wall of tile 079402 (room 0x0c),door 0x1c660c (preset 0x0044),0.000,no,"another wall pokes into the space between them, so a tighter pair covers this gap",door 0x1c660c (preset 0x0044)
wall of tile 079402 (room 0x0c),door 0x1c660c (preset 0x0044),0.000,no,"another wall pokes into the space between them, so a tighter pair covers this gap",door 0x1c660c (preset 0x0044)
wall of tile 079402 (room 0x0c),door 0x1c670c (preset 0x0045),13.262,no,"the line between them leaves the walkable area (a wall's thickness, or another floor)",
wall of tile 079402 (room 0x0c),door 0x1c670c (preset 0x0045),13.262,no,"the line between them leaves the walkable area (a wall's thickness, or another floor)",
wall of tile 079402 (room 0x0c),door 0x1c670c (preset 0x0045),13.262,no,"the line between them leaves the walkable area (a wall's thickness, or another floor)",
wall of tile 079402 (room 0x0c),door 0x1c670c (preset 0x0045),13.262,no,"another wall pokes into the space between them, so a tighter pair covers this gap",wall of tile 020D00 (room 0x0c)
wall of tile 079401 (room 0x0c),wall of tile 079501 (room 0x0c),30.668,no,the line between them touches another wall,wall of tile 079602 (room 0x0c)
wall of tile 079401 (room 0x0c),wall of tile 077C01 (room 0x0c),35.708,no,"the line between them leaves the walkable area (a wall's thickness, or another floor)",
wall of tile 079401 (room 0x0c),door 0x1c650c (preset 0x0043),13.262,no,"the line between them leaves the walkable area (a wall's thickness, or another floor)",
wall of tile 079401 (room 0x0c),door 0x1c650c (preset 0x0043),13.262,no,"the line between them leaves the walkable area (a wall's thickness, or another floor)",
wall of tile 079401 (room 0x0c),door 0x1c650c (preset 0x0043),13.262,no,"another wall pokes into the space between them, so a tighter pair covers this gap",wall of tile 020F00 (room 0x0c)
wall of tile 079401 (room 0x0c),door 0x1c650c (preset 0x0043),13.262,no,"another wall pokes into the space between them, so a tighter pair covers this gap",wall of tile 020F00 (room 0x0c)
wall of tile 079401 (room 0x0c),door 0x1c660c (preset 0x0044),0.000,yes,,
wall of tile 079401 (room 0x0c),door 0x1c660c (preset 0x0044),0.000,yes,,
wall of tile 079401 (room 0x0c),door 0x1c660c (preset 0x0044),0.000,yes,,
wall of tile 079401 (room 0x0c),door 0x1c660c (preset 0x0044),0.000,no,"another wall pokes into the space between them, so a tighter pair covers this gap",door 0x1c660c (preset 0x0044)
wall of tile 079601 (room 0x0c),wall of tile 064A02 (room 0x0f),8.592,no,"the line between them leaves the walkable area (a wall's thickness, or another floor)",
wall of tile 079601 (room 0x0c),wall of tile 064502 (room 0x0f),15.791,no,"the line between them leaves the walkable area (a wall's thickness, or another floor)",
wall of tile 079601 (room 0x0c),wall of tile 077F01 (room 0x0c),30.582,no,"the line between them leaves the walkable area (a wall's thickness, or another floor)",
wall of tile 079601 (room 0x0c),wall of tile 077F01 (room 0x0c),13.262,no,"the line between them leaves the walkable area (a wall's thickness, or another floor)",
wall of tile 079602 (room 0x0c),wall of tile 077C01 (room 0x0c),13.493,no,"the line between them leaves the walkable area (a wall's thickness, or another floor)",
wall of tile 079501 (room 0x0c),wall of tile 064A01 (room 0x0f),11.120,no,the line between them touches another wall,wall of tile 079702 (room 0x0c)
wall of tile 079501 (room 0x0c),wall of tile 064501 (room 0x0f),30.171,no,"the line between them leaves the walkable area (a wall's thickness, or another floor)",
wall of tile 079501 (room 0x0c),wall of tile 077C01 (room 0x0c),13.262,no,"the line between them leaves the walkable area (a wall's thickness, or another floor)",
wall of tile 079701 (room 0x0c),wall of tile 064502 (room 0x0f),23.223,no,the line between them touches another wall,wall of tile 064A02 (room 0x0f)
wall of tile 079701 (room 0x0c),wall of tile 077F01 (room 0x0c),25.815,no,the far wall faces the other way (it belongs to floor which isn't linked here),
wall of tile 079701 (room 0x0c),wall of tile 077F01 (room 0x0c),25.695,no,the far wall faces the other way (it belongs to floor which isn't linked here),
wall of tile 079702 (room 0x0c),wall of tile 064501 (room 0x0f),23.223,no,the line between them touches another wall,wall of tile 064A01 (room 0x0f)
wall of tile 064A02 (room 0x0f),wall of tile 077F01 (room 0x0c),16.715,no,the far wall faces the other way (it belongs to floor which isn't linked here),
wall of tile 064A02 (room 0x0f),wall of tile 077F01 (room 0x0c),6.631,no,the line between them touches another wall,wall of tile 064502 (room 0x0f)
wall of tile 064502 (room 0x0f),wall of tile 077F02 (room 0x0c),6.631,no,the line between them touches another wall,wall of tile 063402 (room 0x0f)
wall of tile 064502 (room 0x0f),wall of tile 077F01 (room 0x0c),15.748,no,the far wall faces the other way (it belongs to floor which isn't linked here),
wall of tile 063402 (room 0x0f),wall of tile 077F01 (room 0x0c),15.748,no,the far wall faces the other way (it belongs to floor which isn't linked here),
wall of tile 078801 (room 0x0d),wall of tile 078901 (room 0x0d),26.523,no,the line between them touches another wall,wall of tile 068402 (room 0x0d)
wall of tile 078802 (room 0x0d),wall of tile 078902 (room 0x0d),26.523,no,the line between them touches another wall,wall of tile 068401 (room 0x0d)
wall of tile 077F02 (room 0x0c),wall of tile 020A00 (room 0x0c),53.047,no,the line between them touches another wall,wall of tile 020A00 (room 0x0c)
wall of tile 077F02 (room 0x0c),door 0x1c670c (preset 0x0045),0.000,yes,,
wall of tile 077F02 (room 0x0c),door 0x1c670c (preset 0x0045),0.000,yes,,
wall of tile 077F02 (room 0x0c),door 0x1c670c (preset 0x0045),0.000,no,"another wall pokes into the space between them, so a tighter pair covers this gap",door 0x1c670c (preset 0x0045)
wall of tile 077F02 (room 0x0c),door 0x1c670c (preset 0x0045),0.000,no,"another wall pokes into the space between them, so a tighter pair covers this gap",door 0x1c670c (preset 0x0045)
wall of tile 077F01 (room 0x0c),door 0x1c660c (preset 0x0044),13.262,no,"the line between them leaves the walkable area (a wall's thickness, or another floor)",
wall of tile 077F01 (room 0x0c),door 0x1c660c (preset 0x0044),13.262,no,"the line between them leaves the walkable area (a wall's thickness, or another floor)",
wall of tile 077F01 (room 0x0c),door 0x1c660c (preset 0x0044),13.262,no,"another wall pokes into the space between them, so a tighter pair covers this gap",wall of tile 020D00 (room 0x0c)
wall of tile 077F01 (room 0x0c),door 0x1c660c (preset 0x0044),13.262,no,"another wall pokes into the space between them, so a tighter pair covers this gap",wall of tile 020D00 (room 0x0c)
wall of tile 077F01 (room 0x0c),door 0x1c670c (preset 0x0045),0.000,no,"the line between them leaves the walkable area (a wall's thickness, or another floor)",
wall of tile 077F01 (room 0x0c),door 0x1c670c (preset 0x0045),0.000,no,"the line between them leaves the walkable area (a wall's thickness, or another floor)",
wall of tile 077F01 (room 0x0c),door 0x1c670c (preset 0x0045),0.000,no,the line between them touches another wall,door 0x1c670c (preset 0x0045)
wall of tile 020A00 (room 0x0c),wall of tile 01B700 (room 0x09),39.785,no,"the line between them leaves the walkable area (a wall's thickness, or another floor)",
wall of tile 020A00 (room 0x0c),door 0x1c670c (preset 0x0045),54.301,no,"the line between them leaves the walkable area (a wall's thickness, or another floor)",
wall of tile 020A00 (room 0x0c),door 0x1c670c (preset 0x0045),53.047,no,"another wall pokes into the space between them, so a tighter pair covers this gap",wall of tile 020A00 (room 0x0c)
wall of tile 020A00 (room 0x0c),door 0x1c670c (preset 0x0045),53.047,no,"another wall pokes into the space between them, so a tighter pair covers this gap",wall of tile 020A00 (room 0x0c)
wall of tile 020A00 (room 0x0c),door 0x1c670c (preset 0x0045),53.047,no,"another wall pokes into the space between them, so a tighter pair covers this gap",wall of tile 020A00 (room 0x0c)
wall of tile 020A00 (room 0x0c),door 0x1c6d0c (preset 0x004b),0.000,no,"another wall pokes into the space between them, so a tighter pair covers this gap",door 0x1c6d0c (preset 0x004b)
wall of tile 020A00 (room 0x0c),door 0x1c6d0c (preset 0x004b),0.000,yes,,
wall of tile 020A00 (room 0x0c),door 0x1c6d0c (preset 0x004b),11.604,no,"another wall pokes into the space between them, so a tighter pair covers this gap",wall of tile 037F02 (room 0x09)
wall of tile 020A00 (room 0x0c),door 0x1c6d0c (preset 0x004b),11.604,no,"another wall pokes into the space between them, so a tighter pair covers this gap",wall of tile 037F02 (room 0x09)
wall of tile 020A00 (room 0x0c),door 0x1c670c (preset 0x0045),11.604,no,"another wall pokes into the space between them, so a tighter pair covers this gap",wall of tile 077F02 (room 0x0c)
wall of tile 020A00 (room 0x0c),door 0x1c670c (preset 0x0045),0.000,yes,,
wall of tile 020A00 (room 0x0c),door 0x1c670c (preset 0x0045),0.000,no,"another wall pokes into the space between them, so a tighter pair covers this gap",door 0x1c670c (preset 0x0045)
wall of tile 020A00 (room 0x0c),door 0x1c670c (preset 0x0045),0.000,no,"another wall pokes into the space between them, so a tighter pair covers this gap",door 0x1c670c (preset 0x0045)
wall of tile 077C01 (room 0x0c),door 0x1c640c (preset 0x0042),13.262,no,"the line between them leaves the walkable area (a wall's thickness, or another floor)",
wall of tile 077C01 (room 0x0c),door 0x1c640c (preset 0x0042),13.262,no,"the line between them leaves the walkable area (a wall's thickness, or another floor)",
wall of tile 077C01 (room 0x0c),door 0x1c640c (preset 0x0042),13.262,no,"another wall pokes into the space between them, so a tighter pair covers this gap",wall of tile 021200 (room 0x0c)
wall of tile 077C01 (room 0x0c),door 0x1c640c (preset 0x0042),13.262,no,"another wall pokes into the space between them, so a tighter pair covers this gap",wall of tile 021200 (room 0x0c)
wall of tile 077C01 (room 0x0c),door 0x1c650c (preset 0x0043),0.000,no,"the line between them leaves the walkable area (a wall's thickness, or another floor)",
wall of tile 077C01 (room 0x0c),door 0x1c650c (preset 0x0043),0.000,no,"the line between them leaves the walkable area (a wall's thickness, or another floor)",
wall of tile 077C01 (room 0x0c),door 0x1c650c (preset 0x0043),0.000,no,the line between them touches another wall,door 0x1c650c (preset 0x0043)
wall of tile 078601 (room 0x0c),door 0x1c6a0c (preset 0x0048),13.262,no,"the line between them leaves the walkable area (a wall's thickness, or another floor)",
wall of tile 078601 (room 0x0c),door 0x1c6a0c (preset 0x0048),13.262,no,"the line between them leaves the walkable area (a wall's thickness, or another floor)",
wall of tile 078601 (room 0x0c),door 0x1c6a0c (preset 0x0048),13.262,no,"another wall pokes into the space between them, so a tighter pair covers this gap",wall of tile 023200 (room 0x0c)
wall of tile 078601 (room 0x0c),door 0x1c6a0c (preset 0x0048),13.262,no,"the line between them leaves the walkable area (a wall's thickness, or another floor)",
wall of tile 078601 (room 0x0c),door 0x1c6b0c (preset 0x0049),0.000,no,"another wall pokes into the space between them, so a tighter pair covers this gap",door 0x1c6b0c (preset 0x0049)
wall of tile 078601 (room 0x0c),door 0x1c6b0c (preset 0x0049),0.000,yes,,
wall of tile 078601 (room 0x0c),door 0x1c6b0c (preset 0x0049),0.000,yes,,
wall of tile 078601 (room 0x0c),door 0x1c6b0c (preset 0x0049),0.000,yes,,
wall of tile 078401 (room 0x0c),door 0x1c680c (preset 0x0046),13.262,no,"the line between them leaves the walkable area (a wall's thickness, or another floor)",
wall of tile 078401 (room 0x0c),door 0x1c680c (preset 0x0046),13.262,no,"the line between them leaves the walkable area (a wall's thickness, or another floor)",
wall of tile 078401 (room 0x0c),door 0x1c680c (preset 0x0046),13.262,no,"another wall pokes into the space between them, so a tighter pair covers this gap",wall of tile 022700 (room 0x0c)
wall of tile 078401 (room 0x0c),door 0x1c680c (preset 0x0046),13.262,no,"the line between them leaves the walkable area (a wall's thickness, or another floor)",
wall of tile 078401 (room 0x0c),door 0x1c690c (preset 0x0047),0.000,no,"another wall pokes into the space between them, so a tighter pair covers this gap",door 0x1c690c (preset 0x0047)
wall of tile 078401 (room 0x0c),door 0x1c690c (preset 0x0047),0.000,yes,,
wall of tile 078401 (room 0x0c),door 0x1c690c (preset 0x0047),0.000,yes,,
wall of tile 078401 (room 0x0c),door 0x1c690c (preset 0x0047),0.000,yes,,
wall of tile 022000 (room 0x0c),wall of tile 031200 (room 0x0b),29.654,no,"the line between them leaves the walkable area (a wall's thickness, or another floor)",
wall of tile 022000 (room 0x0c),wall of tile 031200 (room 0x0b),47.816,no,"the line between them leaves the walkable area (a wall's thickness, or another floor)",
wall of tile 022000 (room 0x0c),wall of tile 031200 (room 0x0b),29.654,no,"the line between them leaves the walkable area (a wall's thickness, or another floor)",
wall of tile 022000 (room 0x0c),wall of tile 031200 (room 0x0b),47.816,no,"the line between them leaves the walkable area (a wall's thickness, or another floor)",
wall of tile 013830 (room 0x47),door 0x1c740c (preset 0x004f),0.000,no,"another wall pokes into the space between them, so a tighter pair covers this gap",door 0x1c740c (preset 0x004f)
wall of tile 013830 (room 0x47),door 0x1c740c (preset 0x004f),0.000,yes,,
wall of tile 013830 (room 0x47),door 0x1c740c (preset 0x004f),0.000,no,"another wall pokes into the space between them, so a tighter pair covers this gap",wall of tile 02ED01 (room 0x0b)
wall of tile 013830 (room 0x47),door 0x1c740c (preset 0x004f),11.604,no,"another wall pokes into the space between them, so a tighter pair covers this gap",wall of tile 02ED01 (room 0x0b)
wall of tile 010630 (room 0x49),wall of tile 00FC30 (room 0x49),39.785,no,"the line between them leaves the walkable area (a wall's thickness, or another floor)",
wall of tile 010630 (room 0x49),door 0x1c760c (preset 0x0051),41.443,no,"the line between them leaves the walkable area (a wall's thickness, or another floor)",
wall of tile 010630 (room 0x49),door 0x1c760c (preset 0x0051),41.443,no,"the line between them leaves the walkable area (a wall's thickness, or another floor)",
wall of tile 010630 (room 0x49),door 0x1c760c (preset 0x0051),39.785,no,"another wall pokes into the space between them, so a tighter pair covers this gap",wall of tile 02D002 (room 0x0b)
wall of tile 010630 (room 0x49),door 0x1c760c (preset 0x0051),39.785,no,"another wall pokes into the space between them, so a tighter pair covers this gap",wall of tile 02D002 (room 0x0b)
wall of tile 00E430 (room 0x4b),wall of tile 00CC30 (room 0x4d),56.265,no,"the line between them leaves the walkable area (a wall's thickness, or another floor)",
door 0x1c640c (preset 0x0042),door 0x1c640c (preset 0x0042),0.000,no,neither wall could be placed on a tile,
door 0x1c640c (preset 0x0042),door 0x1c640c (preset 0x0042),11.604,no,neither wall could be placed on a tile,
door 0x1c640c (preset 0x0042),door 0x1c640c (preset 0x0042),11.604,no,the line between them touches another wall,door 0x1c640c (preset 0x0042)
door 0x1c640c (preset 0x0042),door 0x1c640c (preset 0x0042),11.604,no,the line between them touches another wall,door 0x1c640c (preset 0x0042)
door 0x1c640c (preset 0x0042),door 0x1c650c (preset 0x0043),13.262,no,"the line between them leaves the walkable area (a wall's thickness, or another floor)",
door 0x1c640c (preset 0x0042),door 0x1c650c (preset 0x0043),13.262,no,"the line between them leaves the walkable area (a wall's thickness, or another floor)",
door 0x1c640c (preset 0x0042),door 0x1c650c (preset 0x0043),13.262,no,"the line between them leaves the walkable area (a wall's thickness, or another floor)",
door 0x1c640c (preset 0x0042),door 0x1c650c (preset 0x0043),17.622,no,"the line between them leaves the walkable area (a wall's thickness, or another floor)",
door 0x1c640c (preset 0x0042),door 0x1c640c (preset 0x0042),0.000,no,the line between them touches another wall,door 0x1c640c (preset 0x0042)
door 0x1c640c (preset 0x0042),door 0x1c650c (preset 0x0043),13.262,no,"the line between them leaves the walkable area (a wall's thickness, or another floor)",
door 0x1c640c (preset 0x0042),door 0x1c650c (preset 0x0043),13.262,no,"the line between them leaves the walkable area (a wall's thickness, or another floor)",
door 0x1c640c (preset 0x0042),door 0x1c650c (preset 0x0043),13.262,no,"the line between them leaves the walkable area (a wall's thickness, or another floor)",
door 0x1c640c (preset 0x0042),door 0x1c650c (preset 0x0043),13.262,no,"another wall pokes into the space between them, so a tighter pair covers this gap",wall of tile 021200 (room 0x0c)
door 0x1c640c (preset 0x0042),door 0x1c650c (preset 0x0043),13.262,no,"another wall pokes into the space between them, so a tighter pair covers this gap",wall of tile 021200 (room 0x0c)
door 0x1c640c (preset 0x0042),door 0x1c650c (preset 0x0043),17.622,no,"the line between them leaves the walkable area (a wall's thickness, or another floor)",
door 0x1c640c (preset 0x0042),door 0x1c650c (preset 0x0043),17.622,no,"the line between them leaves the walkable area (a wall's thickness, or another floor)",
door 0x1c640c (preset 0x0042),door 0x1c650c (preset 0x0043),13.262,no,"another wall pokes into the space between them, so a tighter pair covers this gap",wall of tile 021200 (room 0x0c)
door 0x1c640c (preset 0x0042),door 0x1c650c (preset 0x0043),13.262,no,"another wall pokes into the space between them, so a tighter pair covers this gap",wall of tile 021200 (room 0x0c)
door 0x1c640c (preset 0x0042),door 0x1c650c (preset 0x0043),17.622,no,"the line between them leaves the walkable area (a wall's thickness, or another floor)",
door 0x1c640c (preset 0x0042),door 0x1c650c (preset 0x0043),17.622,no,"the line between them leaves the walkable area (a wall's thickness, or another floor)",
door 0x1c640c (preset 0x0042),door 0x1c650c (preset 0x0043),13.262,no,"another wall pokes into the space between them, so a tighter pair covers this gap",wall of tile 021200 (room 0x0c)
door 0x1c650c (preset 0x0043),door 0x1c650c (preset 0x0043),0.000,no,neither wall could be placed on a tile,
door 0x1c650c (preset 0x0043),door 0x1c650c (preset 0x0043),11.604,no,neither wall could be placed on a tile,
door 0x1c650c (preset 0x0043),door 0x1c650c (preset 0x0043),11.604,no,the line between them touches another wall,door 0x1c650c (preset 0x0043)
door 0x1c650c (preset 0x0043),door 0x1c650c (preset 0x0043),11.604,no,the line between them touches another wall,door 0x1c650c (preset 0x0043)
door 0x1c650c (preset 0x0043),door 0x1c660c (preset 0x0044),13.262,no,"the line between them leaves the walkable area (a wall's thickness, or another floor)",
door 0x1c650c (preset 0x0043),door 0x1c660c (preset 0x0044),13.262,no,"the line between them leaves the walkable area (a wall's thickness, or another floor)",
door 0x1c650c (preset 0x0043),door 0x1c660c (preset 0x0044),13.262,no,"the line between them leaves the walkable area (a wall's thickness, or another floor)",
door 0x1c650c (preset 0x0043),door 0x1c660c (preset 0x0044),17.622,no,"the line between them leaves the walkable area (a wall's thickness, or another floor)",
door 0x1c650c (preset 0x0043),door 0x1c650c (preset 0x0043),0.000,no,the line between them touches another wall,door 0x1c650c (preset 0x0043)
door 0x1c650c (preset 0x0043),door 0x1c660c (preset 0x0044),13.262,no,"the line between them leaves the walkable area (a wall's thickness, or another floor)",
door 0x1c650c (preset 0x0043),door 0x1c660c (preset 0x0044),13.262,no,"the line between them leaves the walkable area (a wall's thickness, or another floor)",
door 0x1c650c (preset 0x0043),door 0x1c660c (preset 0x0044),13.262,no,"the line between them leaves the walkable area (a wall's thickness, or another floor)",
door 0x1c650c (preset 0x0043),door 0x1c660c (preset 0x0044),13.262,no,"another wall pokes into the space between them, so a tighter pair covers this gap",wall of tile 077C02 (room 0x0c)
door 0x1c650c (preset 0x0043),door 0x1c660c (preset 0x0044),13.262,no,"another wall pokes into the space between them, so a tighter pair covers this gap",wall of tile 077C02 (room 0x0c)
door 0x1c650c (preset 0x0043),door 0x1c660c (preset 0x0044),17.622,no,"the line between them leaves the walkable area (a wall's thickness, or another floor)",
door 0x1c650c (preset 0x0043),door 0x1c660c (preset 0x0044),17.622,no,"the line between them leaves the walkable area (a wall's thickness, or another floor)",
door 0x1c650c (preset 0x0043),door 0x1c660c (preset 0x0044),13.262,no,"another wall pokes into the space between them, so a tighter pair covers this gap",wall of tile 077C02 (room 0x0c)
door 0x1c650c (preset 0x0043),door 0x1c660c (preset 0x0044),13.262,no,"another wall pokes into the space between them, so a tighter pair covers this gap",wall of tile 077C02 (room 0x0c)
door 0x1c650c (preset 0x0043),door 0x1c660c (preset 0x0044),17.622,no,"the line between them leaves the walkable area (a wall's thickness, or another floor)",
door 0x1c650c (preset 0x0043),door 0x1c660c (preset 0x0044),17.622,no,"the line between them leaves the walkable area (a wall's thickness, or another floor)",
door 0x1c650c (preset 0x0043),door 0x1c660c (preset 0x0044),13.262,no,"another wall pokes into the space between them, so a tighter pair covers this gap",wall of tile 077C02 (room 0x0c)
door 0x1c660c (preset 0x0044),door 0x1c660c (preset 0x0044),0.000,no,the line between them touches another wall,door 0x1c660c (preset 0x0044)
door 0x1c660c (preset 0x0044),door 0x1c660c (preset 0x0044),11.604,no,the line between them touches another wall,door 0x1c660c (preset 0x0044)
door 0x1c660c (preset 0x0044),door 0x1c660c (preset 0x0044),11.604,no,the line between them touches another wall,door 0x1c660c (preset 0x0044)
door 0x1c660c (preset 0x0044),door 0x1c660c (preset 0x0044),11.604,no,the line between them touches another wall,door 0x1c660c (preset 0x0044)
door 0x1c660c (preset 0x0044),door 0x1c670c (preset 0x0045),13.262,no,"the line between them leaves the walkable area (a wall's thickness, or another floor)",
door 0x1c660c (preset 0x0044),door 0x1c670c (preset 0x0045),13.262,no,"the line between them leaves the walkable area (a wall's thickness, or another floor)",
door 0x1c660c (preset 0x0044),door 0x1c670c (preset 0x0045),13.262,no,"the line between them leaves the walkable area (a wall's thickness, or another floor)",
door 0x1c660c (preset 0x0044),door 0x1c670c (preset 0x0045),17.622,no,"the line between them leaves the walkable area (a wall's thickness, or another floor)",
door 0x1c660c (preset 0x0044),door 0x1c660c (preset 0x0044),0.000,no,the line between them touches another wall,door 0x1c660c (preset 0x0044)
door 0x1c660c (preset 0x0044),door 0x1c670c (preset 0x0045),13.262,no,"the line between them leaves the walkable area (a wall's thickness, or another floor)",
door 0x1c660c (preset 0x0044),door 0x1c670c (preset 0x0045),13.262,no,"the line between them leaves the walkable area (a wall's thickness, or another floor)",
door 0x1c660c (preset 0x0044),door 0x1c670c (preset 0x0045),13.262,no,"the line between them leaves the walkable area (a wall's thickness, or another floor)",
door 0x1c660c (preset 0x0044),door 0x1c670c (preset 0x0045),13.262,no,"another wall pokes into the space between them, so a tighter pair covers this gap",wall of tile 020D00 (room 0x0c)
door 0x1c660c (preset 0x0044),door 0x1c670c (preset 0x0045),13.262,no,"another wall pokes into the space between them, so a tighter pair covers this gap",wall of tile 020D00 (room 0x0c)
door 0x1c660c (preset 0x0044),door 0x1c670c (preset 0x0045),17.622,no,"the line between them leaves the walkable area (a wall's thickness, or another floor)",
door 0x1c660c (preset 0x0044),door 0x1c670c (preset 0x0045),17.622,no,"the line between them leaves the walkable area (a wall's thickness, or another floor)",
door 0x1c660c (preset 0x0044),door 0x1c670c (preset 0x0045),13.262,no,"another wall pokes into the space between them, so a tighter pair covers this gap",wall of tile 020D00 (room 0x0c)
door 0x1c660c (preset 0x0044),door 0x1c670c (preset 0x0045),13.262,no,"another wall pokes into the space between them, so a tighter pair covers this gap",wall of tile 020D00 (room 0x0c)
door 0x1c660c (preset 0x0044),door 0x1c670c (preset 0x0045),17.622,no,"the line between them leaves the walkable area (a wall's thickness, or another floor)",
door 0x1c660c (preset 0x0044),door 0x1c670c (preset 0x0045),17.622,no,"the line between them leaves the walkable area (a wall's thickness, or another floor)",
door 0x1c660c (preset 0x0044),door 0x1c670c (preset 0x0045),13.262,no,"another wall pokes into the space between them, so a tighter pair covers this gap",wall of tile 020D00 (room 0x0c)
door 0x1c670c (preset 0x0045),door 0x1c670c (preset 0x0045),0.000,no,neither wall could be placed on a tile,
door 0x1c670c (preset 0x0045),door 0x1c670c (preset 0x0045),11.604,no,neither wall could be placed on a tile,
door 0x1c670c (preset 0x0045),door 0x1c670c (preset 0x0045),11.604,no,the line between them touches another wall,door 0x1c670c (preset 0x0045)
door 0x1c670c (preset 0x0045),door 0x1c670c (preset 0x0045),11.604,no,the line between them touches another wall,door 0x1c670c (preset 0x0045)
door 0x1c670c (preset 0x0045),door 0x1c670c (preset 0x0045),0.000,no,the line between them touches another wall,door 0x1c670c (preset 0x0045)
door 0x1c680c (preset 0x0046),door 0x1c680c (preset 0x0046),0.000,no,neither wall could be placed on a tile,
door 0x1c680c (preset 0x0046),door 0x1c690c (preset 0x0047),13.262,no,neither wall could be placed on a tile,
door 0x1c680c (preset 0x0046),door 0x1c690c (preset 0x0047),13.262,no,neither wall could be placed on a tile,
door 0x1c680c (preset 0x0046),door 0x1c690c (preset 0x0047),13.262,no,neither wall could be placed on a tile,
door 0x1c680c (preset 0x0046),door 0x1c690c (preset 0x0047),13.262,no,neither wall could be placed on a tile,
door 0x1c680c (preset 0x0046),door 0x1c680c (preset 0x0046),11.604,no,neither wall could be placed on a tile,
door 0x1c680c (preset 0x0046),door 0x1c690c (preset 0x0047),13.262,no,"another wall pokes into the space between them, so a tighter pair covers this gap",wall of tile 022700 (room 0x0c)
door 0x1c680c (preset 0x0046),door 0x1c690c (preset 0x0047),13.262,no,"another wall pokes into the space between them, so a tighter pair covers this gap",wall of tile 022700 (room 0x0c)
door 0x1c680c (preset 0x0046),door 0x1c690c (preset 0x0047),17.622,no,neither wall could be placed on a tile,
door 0x1c680c (preset 0x0046),door 0x1c690c (preset 0x0047),17.622,no,neither wall could be placed on a tile,
door 0x1c680c (preset 0x0046),door 0x1c680c (preset 0x0046),11.604,no,the line between them touches another wall,door 0x1c680c (preset 0x0046)
door 0x1c680c (preset 0x0046),door 0x1c680c (preset 0x0046),11.604,no,the line between them touches another wall,door 0x1c680c (preset 0x0046)
door 0x1c680c (preset 0x0046),door 0x1c690c (preset 0x0047),13.262,no,"another wall pokes into the space between them, so a tighter pair covers this gap",wall of tile 022700 (room 0x0c)
door 0x1c680c (preset 0x0046),door 0x1c690c (preset 0x0047),13.262,no,"another wall pokes into the space between them, so a tighter pair covers this gap",wall of tile 022700 (room 0x0c)
door 0x1c680c (preset 0x0046),door 0x1c690c (preset 0x0047),17.622,no,"the line between them leaves the walkable area (a wall's thickness, or another floor)",
door 0x1c680c (preset 0x0046),door 0x1c690c (preset 0x0047),17.622,no,"the line between them leaves the walkable area (a wall's thickness, or another floor)",
door 0x1c680c (preset 0x0046),door 0x1c680c (preset 0x0046),0.000,no,the line between them touches another wall,door 0x1c680c (preset 0x0046)
door 0x1c680c (preset 0x0046),door 0x1c690c (preset 0x0047),17.622,no,neither wall could be placed on a tile,
door 0x1c680c (preset 0x0046),door 0x1c690c (preset 0x0047),13.262,no,neither wall could be placed on a tile,
door 0x1c680c (preset 0x0046),door 0x1c690c (preset 0x0047),13.262,no,neither wall could be placed on a tile,
door 0x1c680c (preset 0x0046),door 0x1c690c (preset 0x0047),13.262,no,neither wall could be placed on a tile,
door 0x1c690c (preset 0x0047),door 0x1c690c (preset 0x0047),0.000,no,the line between them touches another wall,door 0x1c690c (preset 0x0047)
door 0x1c690c (preset 0x0047),door 0x1c6a0c (preset 0x0048),13.262,no,"the line between them leaves the walkable area (a wall's thickness, or another floor)",
door 0x1c690c (preset 0x0047),door 0x1c6a0c (preset 0x0048),13.262,no,"the line between them leaves the walkable area (a wall's thickness, or another floor)",
door 0x1c690c (preset 0x0047),door 0x1c6a0c (preset 0x0048),13.262,no,"the line between them leaves the walkable area (a wall's thickness, or another floor)",
door 0x1c690c (preset 0x0047),door 0x1c6a0c (preset 0x0048),13.262,no,"the line between them leaves the walkable area (a wall's thickness, or another floor)",
door 0x1c690c (preset 0x0047),door 0x1c690c (preset 0x0047),11.604,no,the line between them touches another wall,door 0x1c690c (preset 0x0047)
door 0x1c690c (preset 0x0047),door 0x1c6a0c (preset 0x0048),13.262,no,"another wall pokes into the space between them, so a tighter pair covers this gap",wall of tile 022C00 (room 0x0c)
door 0x1c690c (preset 0x0047),door 0x1c6a0c (preset 0x0048),13.262,no,"another wall pokes into the space between them, so a tighter pair covers this gap",wall of tile 022C00 (room 0x0c)
door 0x1c690c (preset 0x0047),door 0x1c6a0c (preset 0x0048),17.622,no,"the line between them leaves the walkable area (a wall's thickness, or another floor)",
door 0x1c690c (preset 0x0047),door 0x1c6a0c (preset 0x0048),17.622,no,"the line between them leaves the walkable area (a wall's thickness, or another floor)",
door 0x1c690c (preset 0x0047),door 0x1c690c (preset 0x0047),11.604,no,the line between them touches another wall,door 0x1c690c (preset 0x0047)
door 0x1c690c (preset 0x0047),door 0x1c690c (preset 0x0047),11.604,no,the line between them touches another wall,door 0x1c690c (preset 0x0047)
door 0x1c690c (preset 0x0047),door 0x1c6a0c (preset 0x0048),13.262,no,"another wall pokes into the space between them, so a tighter pair covers this gap",wall of tile 022C00 (room 0x0c)
door 0x1c690c (preset 0x0047),door 0x1c6a0c (preset 0x0048),13.262,no,"another wall pokes into the space between them, so a tighter pair covers this gap",wall of tile 022C00 (room 0x0c)
door 0x1c690c (preset 0x0047),door 0x1c6a0c (preset 0x0048),17.622,no,"the line between them leaves the walkable area (a wall's thickness, or another floor)",
door 0x1c690c (preset 0x0047),door 0x1c6a0c (preset 0x0048),17.622,no,"the line between them leaves the walkable area (a wall's thickness, or another floor)",
door 0x1c690c (preset 0x0047),door 0x1c690c (preset 0x0047),0.000,no,the line between them touches another wall,door 0x1c690c (preset 0x0047)
door 0x1c690c (preset 0x0047),door 0x1c6a0c (preset 0x0048),17.622,no,"the line between them leaves the walkable area (a wall's thickness, or another floor)",
door 0x1c690c (preset 0x0047),door 0x1c6a0c (preset 0x0048),13.262,no,"the line between them leaves the walkable area (a wall's thickness, or another floor)",
door 0x1c690c (preset 0x0047),door 0x1c6a0c (preset 0x0048),13.262,no,"the line between them leaves the walkable area (a wall's thickness, or another floor)",
door 0x1c690c (preset 0x0047),door 0x1c6a0c (preset 0x0048),13.262,no,"the line between them leaves the walkable area (a wall's thickness, or another floor)",
door 0x1c6a0c (preset 0x0048),door 0x1c6a0c (preset 0x0048),0.000,no,neither wall could be placed on a tile,
door 0x1c6a0c (preset 0x0048),door 0x1c6b0c (preset 0x0049),13.262,no,neither wall could be placed on a tile,
door 0x1c6a0c (preset 0x0048),door 0x1c6b0c (preset 0x0049),13.262,no,neither wall could be placed on a tile,
door 0x1c6a0c (preset 0x0048),door 0x1c6b0c (preset 0x0049),13.262,no,neither wall could be placed on a tile,
door 0x1c6a0c (preset 0x0048),door 0x1c6b0c (preset 0x0049),13.262,no,neither wall could be placed on a tile,
door 0x1c6a0c (preset 0x0048),door 0x1c6a0c (preset 0x0048),11.604,no,neither wall could be placed on a tile,
door 0x1c6a0c (preset 0x0048),door 0x1c6b0c (preset 0x0049),13.262,no,"another wall pokes into the space between them, so a tighter pair covers this gap",wall of tile 078601 (room 0x0c)
door 0x1c6a0c (preset 0x0048),door 0x1c6b0c (preset 0x0049),13.262,no,"another wall pokes into the space between them, so a tighter pair covers this gap",wall of tile 078601 (room 0x0c)
door 0x1c6a0c (preset 0x0048),door 0x1c6b0c (preset 0x0049),17.622,no,neither wall could be placed on a tile,
door 0x1c6a0c (preset 0x0048),door 0x1c6b0c (preset 0x0049),17.622,no,neither wall could be placed on a tile,
door 0x1c6a0c (preset 0x0048),door 0x1c6a0c (preset 0x0048),11.604,no,the line between them touches another wall,door 0x1c6a0c (preset 0x0048)
door 0x1c6a0c (preset 0x0048),door 0x1c6a0c (preset 0x0048),11.604,no,the line between them touches another wall,door 0x1c6a0c (preset 0x0048)
door 0x1c6a0c (preset 0x0048),door 0x1c6b0c (preset 0x0049),13.262,no,"another wall pokes into the space between them, so a tighter pair covers this gap",wall of tile 078601 (room 0x0c)
door 0x1c6a0c (preset 0x0048),door 0x1c6b0c (preset 0x0049),13.262,no,"another wall pokes into the space between them, so a tighter pair covers this gap",wall of tile 078601 (room 0x0c)
door 0x1c6a0c (preset 0x0048),door 0x1c6b0c (preset 0x0049),17.622,no,"the line between them leaves the walkable area (a wall's thickness, or another floor)",
door 0x1c6a0c (preset 0x0048),door 0x1c6b0c (preset 0x0049),17.622,no,"the line between them leaves the walkable area (a wall's thickness, or another floor)",
door 0x1c6a0c (preset 0x0048),door 0x1c6a0c (preset 0x0048),0.000,no,the line between them touches another wall,door 0x1c6a0c (preset 0x0048)
door 0x1c6a0c (preset 0x0048),door 0x1c6b0c (preset 0x0049),17.622,no,neither wall could be placed on a tile,
door 0x1c6a0c (preset 0x0048),door 0x1c6b0c (preset 0x0049),13.262,no,neither wall could be placed on a tile,
door 0x1c6a0c (preset 0x0048),door 0x1c6b0c (preset 0x0049),13.262,no,neither wall could be placed on a tile,
door 0x1c6a0c (preset 0x0048),door 0x1c6b0c (preset 0x0049),13.262,no,neither wall could be placed on a tile,
door 0x1c6b0c (preset 0x0049),door 0x1c6b0c (preset 0x0049),0.000,no,neither wall could be placed on a tile,
door 0x1c6b0c (preset 0x0049),door 0x1c6c0c (preset 0x004a),13.262,no,neither wall could be placed on a tile,
door 0x1c6b0c (preset 0x0049),door 0x1c6c0c (preset 0x004a),13.262,no,neither wall could be placed on a tile,
door 0x1c6b0c (preset 0x0049),door 0x1c6c0c (preset 0x004a),13.262,no,neither wall could be placed on a tile,
door 0x1c6b0c (preset 0x0049),door 0x1c6c0c (preset 0x004a),13.262,no,neither wall could be placed on a tile,
door 0x1c6b0c (preset 0x0049),door 0x1c6b0c (preset 0x0049),11.604,no,neither wall could be placed on a tile,
door 0x1c6b0c (preset 0x0049),door 0x1c6c0c (preset 0x004a),13.262,no,"another wall pokes into the space between them, so a tighter pair covers this gap",wall of tile 023800 (room 0x0c)
door 0x1c6b0c (preset 0x0049),door 0x1c6c0c (preset 0x004a),13.262,no,"another wall pokes into the space between them, so a tighter pair covers this gap",wall of tile 023800 (room 0x0c)
door 0x1c6b0c (preset 0x0049),door 0x1c6c0c (preset 0x004a),17.622,no,neither wall could be placed on a tile,
door 0x1c6b0c (preset 0x0049),door 0x1c6c0c (preset 0x004a),17.622,no,neither wall could be placed on a tile,
door 0x1c6b0c (preset 0x0049),door 0x1c6b0c (preset 0x0049),11.604,no,the line between them touches another wall,door 0x1c6b0c (preset 0x0049)
door 0x1c6b0c (preset 0x0049),door 0x1c6b0c (preset 0x0049),11.604,no,the line between them touches another wall,door 0x1c6b0c (preset 0x0049)
door 0x1c6b0c (preset 0x0049),door 0x1c6c0c (preset 0x004a),13.262,no,"another wall pokes into the space between them, so a tighter pair covers this gap",wall of tile 023800 (room 0x0c)
door 0x1c6b0c (preset 0x0049),door 0x1c6c0c (preset 0x004a),13.262,no,"another wall pokes into the space between them, so a tighter pair covers this gap",wall of tile 023800 (room 0x0c)
door 0x1c6b0c (preset 0x0049),door 0x1c6c0c (preset 0x004a),17.622,no,"the line between them leaves the walkable area (a wall's thickness, or another floor)",
door 0x1c6b0c (preset 0x0049),door 0x1c6c0c (preset 0x004a),17.622,no,"the line between them leaves the walkable area (a wall's thickness, or another floor)",
door 0x1c6b0c (preset 0x0049),door 0x1c6b0c (preset 0x0049),0.000,no,the line between them touches another wall,door 0x1c6b0c (preset 0x0049)
door 0x1c6b0c (preset 0x0049),door 0x1c6c0c (preset 0x004a),17.622,no,neither wall could be placed on a tile,
door 0x1c6b0c (preset 0x0049),door 0x1c6c0c (preset 0x004a),13.262,no,neither wall could be placed on a tile,
door 0x1c6b0c (preset 0x0049),door 0x1c6c0c (preset 0x004a),13.262,no,neither wall could be placed on a tile,
door 0x1c6b0c (preset 0x0049),door 0x1c6c0c (preset 0x004a),13.262,no,neither wall could be placed on a tile,
door 0x1c6c0c (preset 0x004a),door 0x1c6c0c (preset 0x004a),0.000,no,neither wall could be placed on a tile,
door 0x1c6c0c (preset 0x004a),door 0x1c6c0c (preset 0x004a),11.604,no,neither wall could be placed on a tile,
door 0x1c6c0c (preset 0x004a),door 0x1c6c0c (preset 0x004a),11.604,no,"the line between them leaves the walkable area (a wall's thickness, or another floor)",
door 0x1c6c0c (preset 0x004a),door 0x1c6c0c (preset 0x004a),11.604,no,the line between them touches another wall,door 0x1c6c0c (preset 0x004a)
door 0x1c6c0c (preset 0x004a),door 0x1c6c0c (preset 0x004a),0.000,no,neither wall could be placed on a tile,
door 0x1c6d0c (preset 0x004b),door 0x1c6d0c (preset 0x004b),11.604,no,the line between them touches another wall,door 0x1c6d0c (preset 0x004b)
door 0x1c6d0c (preset 0x004b),door 0x1c6d0c (preset 0x004b),11.604,no,"the line between them leaves the walkable area (a wall's thickness, or another floor)",
door 0x1c6d0c (preset 0x004b),door 0x1c6d0c (preset 0x004b),0.000,no,"the line between them leaves the walkable area (a wall's thickness, or another floor)",
door 0x1c6d0c (preset 0x004b),door 0x1c6d0c (preset 0x004b),0.000,no,the line between them touches another wall,door 0x1c6d0c (preset 0x004b)
door 0x1c6d0c (preset 0x004b),door 0x1c6d0c (preset 0x004b),11.604,no,neither wall could be placed on a tile,
door 0x1c6e0c (preset 0x004c),door 0x1c6e0c (preset 0x004c),0.000,no,neither wall could be placed on a tile,
door 0x1c6e0c (preset 0x004c),door 0x1c6f0c (preset 0x004e),59.308,no,"the line between them leaves the walkable area (a wall's thickness, or another floor)",
door 0x1c6e0c (preset 0x004c),door 0x1c6f0c (preset 0x004e),59.308,no,"the line between them leaves the walkable area (a wall's thickness, or another floor)",
door 0x1c6e0c (preset 0x004c),door 0x1c6f0c (preset 0x004e),49.204,no,"the line between them leaves the walkable area (a wall's thickness, or another floor)",
door 0x1c6e0c (preset 0x004c),door 0x1c6f0c (preset 0x004e),49.204,no,"the line between them leaves the walkable area (a wall's thickness, or another floor)",
door 0x1c6e0c (preset 0x004c),door 0x1c6e0c (preset 0x004c),11.604,no,neither wall could be placed on a tile,
door 0x1c6e0c (preset 0x004c),door 0x1c6f0c (preset 0x004e),56.313,no,neither wall could be placed on a tile,
door 0x1c6e0c (preset 0x004c),door 0x1c6f0c (preset 0x004e),56.313,no,neither wall could be placed on a tile,
door 0x1c6e0c (preset 0x004c),door 0x1c6e0c (preset 0x004c),11.604,no,neither wall could be placed on a tile,
door 0x1c6e0c (preset 0x004c),door 0x1c6e0c (preset 0x004c),11.604,no,neither wall could be placed on a tile,
door 0x1c6e0c (preset 0x004c),door 0x1c6f0c (preset 0x004e),56.314,no,neither wall could be placed on a tile,
door 0x1c6e0c (preset 0x004c),door 0x1c6f0c (preset 0x004e),56.314,no,neither wall could be placed on a tile,
door 0x1c6e0c (preset 0x004c),door 0x1c6e0c (preset 0x004c),0.000,no,the line between them touches another wall,door 0x1c6e0c (preset 0x004c)
door 0x1c6e0c (preset 0x004c),door 0x1c6f0c (preset 0x004e),59.308,no,"the line between them leaves the walkable area (a wall's thickness, or another floor)",
door 0x1c6e0c (preset 0x004c),door 0x1c6f0c (preset 0x004e),59.308,no,"the line between them leaves the walkable area (a wall's thickness, or another floor)",
door 0x1c6e0c (preset 0x004c),door 0x1c6f0c (preset 0x004e),49.204,no,"the line between them leaves the walkable area (a wall's thickness, or another floor)",
door 0x1c6e0c (preset 0x004c),door 0x1c6f0c (preset 0x004e),49.204,no,"the line between them leaves the walkable area (a wall's thickness, or another floor)",
door 0x1c6f0c (preset 0x004e),door 0x1c6f0c (preset 0x004e),0.000,no,"the line between them leaves the walkable area (a wall's thickness, or another floor)",
door 0x1c6f0c (preset 0x004e),door 0x1c6f0c (preset 0x004e),11.604,no,"the line between them leaves the walkable area (a wall's thickness, or another floor)",
door 0x1c6f0c (preset 0x004e),door 0x1c6f0c (preset 0x004e),11.604,no,"the line between them leaves the walkable area (a wall's thickness, or another floor)",
door 0x1c6f0c (preset 0x004e),door 0x1c6f0c (preset 0x004e),11.604,no,neither wall could be placed on a tile,
door 0x1c6f0c (preset 0x004e),door 0x1c6f0c (preset 0x004e),0.000,no,neither wall could be placed on a tile,
door 0x1c700c (preset 0x0058),door 0x1c710c (preset 0x0059),0.000,no,the line between them touches another wall,door 0x1c700c (preset 0x0058)
door 0x1c700c (preset 0x0058),door 0x1c700c (preset 0x0058),11.604,no,the line between them touches another wall,door 0x1c700c (preset 0x0058)
door 0x1c700c (preset 0x0058),door 0x1c710c (preset 0x0059),11.604,no,the line between them touches another wall,door 0x1c700c (preset 0x0058)
door 0x1c700c (preset 0x0058),door 0x1c710c (preset 0x0059),11.604,no,the line between them touches another wall,door 0x1c700c (preset 0x0058)
door 0x1c710c (preset 0x0059),door 0x1c710c (preset 0x0059),11.604,no,the line between them touches another wall,door 0x1c710c (preset 0x0059)
door 0x1c720c (preset 0x005a),door 0x1c720c (preset 0x005a),11.604,no,the line between them touches another wall,door 0x1c720c (preset 0x005a)
door 0x1c730c (preset 0x005b),door 0x1c730c (preset 0x005b),0.000,no,the line between them touches another wall,door 0x1c730c (preset 0x005b)
door 0x1c730c (preset 0x005b),door 0x1c730c (preset 0x005b),11.604,no,the line between them touches another wall,door 0x1c730c (preset 0x005b)
door 0x1c730c (preset 0x005b),door 0x1c730c (preset 0x005b),11.604,no,neither wall could be placed on a tile,
door 0x1c730c (preset 0x005b),door 0x1c730c (preset 0x005b),11.604,no,the line between them touches another wall,door 0x1c730c (preset 0x005b)
door 0x1c730c (preset 0x005b),door 0x1c730c (preset 0x005b),0.000,no,"the line between them leaves the walkable area (a wall's thickness, or another floor)",
door 0x1c740c (preset 0x004f),door 0x1c740c (preset 0x004f),11.604,no,the line between them touches another wall,door 0x1c740c (preset 0x004f)
door 0x1c740c (preset 0x004f),door 0x1c750c (preset 0x0050),11.604,no,the line between them touches another wall,door 0x1c740c (preset 0x004f)
door 0x1c740c (preset 0x004f),door 0x1c750c (preset 0x0050),11.604,no,the line between them touches another wall,door 0x1c740c (preset 0x004f)
door 0x1c740c (preset 0x004f),door 0x1c750c (preset 0x0050),0.000,no,the line between them touches another wall,door 0x1c750c (preset 0x0050)
door 0x1c740c (preset 0x004f),door 0x1c740c (preset 0x004f),0.000,no,the line between them touches another wall,door 0x1c740c (preset 0x004f)
door 0x1c740c (preset 0x004f),door 0x1c750c (preset 0x0050),0.000,no,the line between them touches another wall,door 0x1c750c (preset 0x0050)
door 0x1c740c (preset 0x004f),door 0x1c740c (preset 0x004f),0.000,no,the line between them touches another wall,door 0x1c740c (preset 0x004f)
door 0x1c740c (preset 0x004f),door 0x1c740c (preset 0x004f),11.604,no,the line between them touches another wall,door 0x1c740c (preset 0x004f)
door 0x1c740c (preset 0x004f),door 0x1c750c (preset 0x0050),0.000,no,"another wall pokes into the space between them, so a tighter pair covers this gap",door 0x1c740c (preset 0x004f)
door 0x1c740c (preset 0x004f),door 0x1c750c (preset 0x0050),0.000,no,the line between them touches another wall,door 0x1c740c (preset 0x004f)
door 0x1c740c (preset 0x004f),door 0x1c750c (preset 0x0050),0.000,no,the line between them touches another wall,door 0x1c740c (preset 0x004f)
door 0x1c740c (preset 0x004f),door 0x1c750c (preset 0x0050),11.604,no,the line between them touches another wall,door 0x1c750c (preset 0x0050)
door 0x1c740c (preset 0x004f),door 0x1c740c (preset 0x004f),11.604,no,the line between them touches another wall,door 0x1c740c (preset 0x004f)
door 0x1c740c (preset 0x004f),door 0x1c750c (preset 0x0050),11.604,no,the line between them touches another wall,door 0x1c740c (preset 0x004f)
door 0x1c740c (preset 0x004f),door 0x1c750c (preset 0x0050),11.604,no,the line between them touches another wall,door 0x1c740c (preset 0x004f)
door 0x1c740c (preset 0x004f),door 0x1c750c (preset 0x0050),0.000,no,the line between them touches another wall,door 0x1c750c (preset 0x0050)
door 0x1c750c (preset 0x0050),door 0x1c750c (preset 0x0050),11.604,no,the line between them touches another wall,door 0x1c750c (preset 0x0050)
door 0x1c750c (preset 0x0050),door 0x1c750c (preset 0x0050),0.000,no,the line between them touches another wall,door 0x1c750c (preset 0x0050)
door 0x1c750c (preset 0x0050),door 0x1c750c (preset 0x0050),0.000,no,the line between them touches another wall,door 0x1c750c (preset 0x0050)
door 0x1c750c (preset 0x0050),door 0x1c750c (preset 0x0050),11.604,no,the line between them touches another wall,door 0x1c750c (preset 0x0050)
door 0x1c750c (preset 0x0050),door 0x1c750c (preset 0x0050),11.604,no,the line between them touches another wall,door 0x1c750c (preset 0x0050)
door 0x1c760c (preset 0x0051),door 0x1c760c (preset 0x0051),11.604,no,the line between them touches another wall,door 0x1c760c (preset 0x0051)
door 0x1c760c (preset 0x0051),door 0x1c770c (preset 0x0052),11.604,no,the line between them touches another wall,door 0x1c760c (preset 0x0051)
door 0x1c760c (preset 0x0051),door 0x1c770c (preset 0x0052),11.604,no,the line between them touches another wall,door 0x1c760c (preset 0x0051)
door 0x1c760c (preset 0x0051),door 0x1c770c (preset 0x0052),0.000,no,the line between them touches another wall,door 0x1c770c (preset 0x0052)
door 0x1c760c (preset 0x0051),door 0x1c760c (preset 0x0051),0.000,no,the line between them touches another wall,door 0x1c760c (preset 0x0051)
door 0x1c760c (preset 0x0051),door 0x1c770c (preset 0x0052),0.000,no,the line between them touches another wall,door 0x1c770c (preset 0x0052)
door 0x1c760c (preset 0x0051),door 0x1c760c (preset 0x0051),0.000,no,the line between them touches another wall,door 0x1c760c (preset 0x0051)
door 0x1c760c (preset 0x0051),door 0x1c760c (preset 0x0051),11.604,no,the line between them touches another wall,door 0x1c760c (preset 0x0051)
door 0x1c760c (preset 0x0051),door 0x1c770c (preset 0x0052),0.000,no,"another wall pokes into the space between them, so a tighter pair covers this gap",door 0x1c760c (preset 0x0051)
door 0x1c760c (preset 0x0051),door 0x1c770c (preset 0x0052),0.000,no,the line between them touches another wall,door 0x1c760c (preset 0x0051)
door 0x1c760c (preset 0x0051),door 0x1c770c (preset 0x0052),0.000,no,the line between them touches another wall,door 0x1c760c (preset 0x0051)
door 0x1c760c (preset 0x0051),door 0x1c770c (preset 0x0052),11.604,no,the line between them touches another wall,door 0x1c770c (preset 0x0052)
door 0x1c760c (preset 0x0051),door 0x1c760c (preset 0x0051),11.604,no,the line between them touches another wall,door 0x1c760c (preset 0x0051)
door 0x1c760c (preset 0x0051),door 0x1c770c (preset 0x0052),11.604,no,the line between them touches another wall,door 0x1c760c (preset 0x0051)
door 0x1c760c (preset 0x0051),door 0x1c770c (preset 0x0052),11.604,no,the line between them touches another wall,door 0x1c760c (preset 0x0051)
door 0x1c760c (preset 0x0051),door 0x1c770c (preset 0x0052),0.000,no,the line between them touches another wall,door 0x1c770c (preset 0x0052)
door 0x1c770c (preset 0x0052),door 0x1c770c (preset 0x0052),11.604,no,the line between them touches another wall,door 0x1c770c (preset 0x0052)
door 0x1c770c (preset 0x0052),door 0x1c770c (preset 0x0052),0.000,no,the line between them touches another wall,door 0x1c770c (preset 0x0052)
door 0x1c770c (preset 0x0052),door 0x1c770c (preset 0x0052),0.000,no,the line between them touches another wall,door 0x1c770c (preset 0x0052)
door 0x1c770c (preset 0x0052),door 0x1c770c (preset 0x0052),11.604,no,the line between them touches another wall,door 0x1c770c (preset 0x0052)
door 0x1c770c (preset 0x0052),door 0x1c770c (preset 0x0052),11.604,no,the line between them touches another wall,door 0x1c770c (preset 0x0052)
door 0x1c780c (preset 0x0053),door 0x1c780c (preset 0x0053),4.144,no,the line between them touches another wall,door 0x1c780c (preset 0x0053)
door 0x1c780c (preset 0x0053),door 0x1c790c (preset 0x0054),4.144,no,"another wall pokes into the space between them, so a tighter pair covers this gap",door 0x1c780c (preset 0x0053)
door 0x1c780c (preset 0x0053),door 0x1c790c (preset 0x0054),4.144,no,"another wall pokes into the space between them, so a tighter pair covers this gap",door 0x1c780c (preset 0x0053)
door 0x1c780c (preset 0x0053),door 0x1c790c (preset 0x0054),0.000,yes,,
door 0x1c780c (preset 0x0053),door 0x1c790c (preset 0x0054),0.000,no,"another wall pokes into the space between them, so a tighter pair covers this gap",door 0x1c790c (preset 0x0054)
door 0x1c780c (preset 0x0053),door 0x1c7a0c (preset 0x0055),4.144,no,the far wall faces the other way (it belongs to floor which isn't linked here),
door 0x1c780c (preset 0x0053),door 0x1c7a0c (preset 0x0055),0.000,no,the far wall faces the other way (it belongs to floor which isn't linked here),
door 0x1c780c (preset 0x0053),door 0x1c7a0c (preset 0x0055),7.460,no,the far wall faces the other way (it belongs to floor which isn't linked here),
door 0x1c780c (preset 0x0053),door 0x1c7a0c (preset 0x0055),7.460,no,the far wall faces the other way (it belongs to floor which isn't linked here),
door 0x1c780c (preset 0x0053),door 0x1c7b0c (preset 0x0056),4.144,no,the line between them touches another wall,door 0x1c780c (preset 0x0053)
door 0x1c780c (preset 0x0053),door 0x1c7b0c (preset 0x0056),4.144,no,the line between them touches another wall,door 0x1c780c (preset 0x0053)
door 0x1c780c (preset 0x0053),door 0x1c7b0c (preset 0x0056),7.460,no,the far wall faces the other way (it belongs to floor which isn't linked here),
door 0x1c780c (preset 0x0053),door 0x1c780c (preset 0x0053),0.000,no,the line between them touches another wall,door 0x1c780c (preset 0x0053)
door 0x1c780c (preset 0x0053),door 0x1c790c (preset 0x0054),0.000,yes,,
door 0x1c780c (preset 0x0053),door 0x1c790c (preset 0x0054),0.000,yes,,
door 0x1c780c (preset 0x0053),door 0x1c790c (preset 0x0054),0.000,yes,,
door 0x1c780c (preset 0x0053),door 0x1c790c (preset 0x0054),0.000,no,"another wall pokes into the space between them, so a tighter pair covers this gap",door 0x1c780c (preset 0x0053)
door 0x1c780c (preset 0x0053),door 0x1c7a0c (preset 0x0055),0.000,no,the far wall faces the other way (it belongs to floor which isn't linked here),
door 0x1c780c (preset 0x0053),door 0x1c7a0c (preset 0x0055),0.000,no,the far wall faces the other way (it belongs to floor which isn't linked here),
door 0x1c780c (preset 0x0053),door 0x1c7a0c (preset 0x0055),7.460,no,the far wall faces the other way (it belongs to floor which isn't linked here),
door 0x1c780c (preset 0x0053),door 0x1c7a0c (preset 0x0055),7.460,no,the far wall faces the other way (it belongs to floor which isn't linked here),
door 0x1c780c (preset 0x0053),door 0x1c7b0c (preset 0x0056),7.460,no,the line between them touches another wall,door 0x1c780c (preset 0x0053)
door 0x1c780c (preset 0x0053),door 0x1c780c (preset 0x0053),4.144,no,the line between them touches another wall,door 0x1c780c (preset 0x0053)
door 0x1c780c (preset 0x0053),door 0x1c790c (preset 0x0054),0.000,no,"another wall pokes into the space between them, so a tighter pair covers this gap",door 0x1c780c (preset 0x0053)
door 0x1c780c (preset 0x0053),door 0x1c790c (preset 0x0054),0.000,no,"another wall pokes into the space between them, so a tighter pair covers this gap",door 0x1c780c (preset 0x0053)
door 0x1c780c (preset 0x0053),door 0x1c790c (preset 0x0054),0.000,no,"another wall pokes into the space between them, so a tighter pair covers this gap",door 0x1c780c (preset 0x0053)
door 0x1c780c (preset 0x0053),door 0x1c790c (preset 0x0054),4.144,no,"another wall pokes into the space between them, so a tighter pair covers this gap",door 0x1c780c (preset 0x0053)
door 0x1c780c (preset 0x0053),door 0x1c7a0c (preset 0x0055),0.000,no,the far wall faces the other way (it belongs to floor which isn't linked here),
door 0x1c780c (preset 0x0053),door 0x1c7a0c (preset 0x0055),0.000,no,the far wall faces the other way (it belongs to floor which isn't linked here),
door 0x1c780c (preset 0x0053),door 0x1c7a0c (preset 0x0055),11.604,no,the far wall faces the other way (it belongs to floor which isn't linked here),
door 0x1c780c (preset 0x0053),door 0x1c7a0c (preset 0x0055),11.604,no,the far wall faces the other way (it belongs to floor which isn't linked here),
door 0x1c780c (preset 0x0053),door 0x1c7b0c (preset 0x0056),0.000,no,the line between them touches another wall,door 0x1c780c (preset 0x0053)
door 0x1c780c (preset 0x0053),door 0x1c7b0c (preset 0x0056),11.604,no,"the line between them leaves the walkable area (a wall's thickness, or another floor)",
door 0x1c780c (preset 0x0053),door 0x1c7b0c (preset 0x0056),11.604,no,the line between them touches another wall,door 0x1c780c (preset 0x0053)
door 0x1c780c (preset 0x0053),door 0x1c7b0c (preset 0x0056),7.460,no,neither wall could be placed on a tile,
door 0x1c780c (preset 0x0053),door 0x1c7b0c (preset 0x0056),7.460,no,neither wall could be placed on a tile,
door 0x1c780c (preset 0x0053),door 0x1c790c (preset 0x0054),4.144,no,"another wall pokes into the space between them, so a tighter pair covers this gap",door 0x1c780c (preset 0x0053)
door 0x1c780c (preset 0x0053),door 0x1c790c (preset 0x0054),4.144,no,"another wall pokes into the space between them, so a tighter pair covers this gap",door 0x1c780c (preset 0x0053)
door 0x1c780c (preset 0x0053),door 0x1c790c (preset 0x0054),0.000,yes,,
door 0x1c780c (preset 0x0053),door 0x1c790c (preset 0x0054),0.000,no,"another wall pokes into the space between them, so a tighter pair covers this gap",door 0x1c790c (preset 0x0054)
door 0x1c780c (preset 0x0053),door 0x1c7a0c (preset 0x0055),4.144,no,the far wall faces the other way (it belongs to floor which isn't linked here),
door 0x1c780c (preset 0x0053),door 0x1c7a0c (preset 0x0055),0.000,no,the far wall faces the other way (it belongs to floor which isn't linked here),
door 0x1c780c (preset 0x0053),door 0x1c7a0c (preset 0x0055),7.460,no,the far wall faces the other way (it belongs to floor which isn't linked here),
door 0x1c780c (preset 0x0053),door 0x1c7a0c (preset 0x0055),7.460,no,the far wall faces the other way (it belongs to floor which isn't linked here),
door 0x1c780c (preset 0x0053),door 0x1c7b0c (preset 0x0056),4.144,no,the line between them touches another wall,door 0x1c780c (preset 0x0053)
door 0x1c780c (preset 0x0053),door 0x1c7b0c (preset 0x0056),4.144,no,the line between them touches another wall,door 0x1c780c (preset 0x0053)
door 0x1c780c (preset 0x0053),door 0x1c7b0c (preset 0x0056),7.460,no,neither wall could be placed on a tile,
door 0x1c780c (preset 0x0053),door 0x1c7b0c (preset 0x0056),7.460,no,the far wall faces the other way (it belongs to floor which isn't linked here),
door 0x1c790c (preset 0x0054),door 0x1c790c (preset 0x0054),4.144,no,the line between them touches another wall,door 0x1c790c (preset 0x0054)
door 0x1c790c (preset 0x0054),door 0x1c7a0c (preset 0x0055),4.144,no,the line between them touches another wall,door 0x1c790c (preset 0x0054)
door 0x1c790c (preset 0x0054),door 0x1c7a0c (preset 0x0055),4.144,no,the line between them touches another wall,door 0x1c790c (preset 0x0054)
door 0x1c790c (preset 0x0054),door 0x1c7a0c (preset 0x0055),7.460,no,the far wall faces the other way (it belongs to floor which isn't linked here),
door 0x1c790c (preset 0x0054),door 0x1c790c (preset 0x0054),0.000,no,the line between them touches another wall,door 0x1c790c (preset 0x0054)
door 0x1c790c (preset 0x0054),door 0x1c7a0c (preset 0x0055),7.460,no,the line between them touches another wall,door 0x1c790c (preset 0x0054)
door 0x1c790c (preset 0x0054),door 0x1c790c (preset 0x0054),0.000,no,the line between them touches another wall,door 0x1c790c (preset 0x0054)
door 0x1c790c (preset 0x0054),door 0x1c790c (preset 0x0054),4.144,no,the line between them touches another wall,door 0x1c790c (preset 0x0054)
door 0x1c790c (preset 0x0054),door 0x1c7a0c (preset 0x0055),0.000,no,the line between them touches another wall,door 0x1c790c (preset 0x0054)
door 0x1c790c (preset 0x0054),door 0x1c7a0c (preset 0x0055),11.604,no,the line between them touches another wall,door 0x1c790c (preset 0x0054)
door 0x1c790c (preset 0x0054),door 0x1c7a0c (preset 0x0055),11.604,no,the line between them touches another wall,door 0x1c790c (preset 0x0054)
door 0x1c790c (preset 0x0054),door 0x1c7b0c (preset 0x0056),0.000,no,the far wall faces the other way (it belongs to floor which isn't linked here),
door 0x1c790c (preset 0x0054),door 0x1c7b0c (preset 0x0056),0.000,no,the far wall faces the other way (it belongs to floor which isn't linked here),
door 0x1c790c (preset 0x0054),door 0x1c7b0c (preset 0x0056),0.000,no,the far wall faces the other way (it belongs to floor which isn't linked here),
door 0x1c790c (preset 0x0054),door 0x1c7b0c (preset 0x0056),11.604,no,the far wall faces the other way (it belongs to floor which isn't linked here),
door 0x1c790c (preset 0x0054),door 0x1c790c (preset 0x0054),4.144,no,the line between them touches another wall,door 0x1c790c (preset 0x0054)
door 0x1c790c (preset 0x0054),door 0x1c7a0c (preset 0x0055),0.000,no,the far wall faces the other way (it belongs to floor which isn't linked here),
door 0x1c790c (preset 0x0054),door 0x1c7a0c (preset 0x0055),11.604,no,the line between them touches another wall,door 0x1c790c (preset 0x0054)
door 0x1c790c (preset 0x0054),door 0x1c7a0c (preset 0x0055),11.604,no,the line between them touches another wall,door 0x1c790c (preset 0x0054)
door 0x1c790c (preset 0x0054),door 0x1c7b0c (preset 0x0056),0.000,no,the far wall faces the other way (it belongs to floor which isn't linked here),
door 0x1c790c (preset 0x0054),door 0x1c7b0c (preset 0x0056),0.000,no,the far wall faces the other way (it belongs to floor which isn't linked here),
door 0x1c790c (preset 0x0054),door 0x1c7b0c (preset 0x0056),0.000,no,the far wall faces the other way (it belongs to floor which isn't linked here),
door 0x1c790c (preset 0x0054),door 0x1c7b0c (preset 0x0056),11.604,no,the far wall faces the other way (it belongs to floor which isn't linked here),
door 0x1c790c (preset 0x0054),door 0x1c7a0c (preset 0x0055),0.000,no,the line between them touches another wall,door 0x1c790c (preset 0x0054)
door 0x1c790c (preset 0x0054),door 0x1c7a0c (preset 0x0055),7.460,no,the far wall faces the other way (it belongs to floor which isn't linked here),
door 0x1c790c (preset 0x0054),door 0x1c7a0c (preset 0x0055),7.460,no,the far wall faces the other way (it belongs to floor which isn't linked here),
door 0x1c790c (preset 0x0054),door 0x1c7b0c (preset 0x0056),0.000,no,the far wall faces the other way (it belongs to floor which isn't linked here),
door 0x1c790c (preset 0x0054),door 0x1c7b0c (preset 0x0056),0.000,no,the far wall faces the other way (it belongs to floor which isn't linked here),
door 0x1c790c (preset 0x0054),door 0x1c7b0c (preset 0x0056),0.000,no,the far wall faces the other way (it belongs to floor which isn't linked here),
door 0x1c790c (preset 0x0054),door 0x1c7b0c (preset 0x0056),7.460,no,the far wall faces the other way (it belongs to floor which isn't linked here),
door 0x1c790c (preset 0x0054),door 0x1c7a0c (preset 0x0055),4.144,no,the line between them touches another wall,door 0x1c790c (preset 0x0054)
door 0x1c790c (preset 0x0054),door 0x1c7a0c (preset 0x0055),4.144,no,the line between them touches another wall,door 0x1c790c (preset 0x0054)
door 0x1c790c (preset 0x0054),door 0x1c7a0c (preset 0x0055),7.460,no,the far wall faces the other way (it belongs to floor which isn't linked here),
door 0x1c790c (preset 0x0054),door 0x1c7a0c (preset 0x0055),7.460,no,the far wall faces the other way (it belongs to floor which isn't linked here),
door 0x1c790c (preset 0x0054),door 0x1c7b0c (preset 0x0056),0.000,no,the far wall faces the other way (it belongs to floor which isn't linked here),
door 0x1c790c (preset 0x0054),door 0x1c7b0c (preset 0x0056),4.144,no,the far wall faces the other way (it belongs to floor which isn't linked here),
door 0x1c790c (preset 0x0054),door 0x1c7b0c (preset 0x0056),4.144,no,the far wall faces the other way (it belongs to floor which isn't linked here),
door 0x1c790c (preset 0x0054),door 0x1c7b0c (preset 0x0056),7.460,no,the far wall faces the other way (it belongs to floor which isn't linked here),
door 0x1c7a0c (preset 0x0055),door 0x1c7a0c (preset 0x0055),0.000,no,the line between them touches another wall,door 0x1c7a0c (preset 0x0055)
door 0x1c7a0c (preset 0x0055),door 0x1c7a0c (preset 0x0055),11.604,no,the line between them touches another wall,door 0x1c7a0c (preset 0x0055)
door 0x1c7a0c (preset 0x0055),door 0x1c7a0c (preset 0x0055),11.604,no,the line between them touches another wall,door 0x1c7a0c (preset 0x0055)
door 0x1c7a0c (preset 0x0055),door 0x1c7a0c (preset 0x0055),11.604,no,the line between them touches another wall,door 0x1c7a0c (preset 0x0055)
door 0x1c7a0c (preset 0x0055),door 0x1c7b0c (preset 0x0056),0.000,no,"another wall pokes into the space between them, so a tighter pair covers this gap",door 0x1c7a0c (preset 0x0055)
door 0x1c7a0c (preset 0x0055),door 0x1c7b0c (preset 0x0056),0.000,yes,,
door 0x1c7a0c (preset 0x0055),door 0x1c7b0c (preset 0x0056),0.000,no,"another wall pokes into the space between them, so a tighter pair covers this gap",door 0x1c7b0c (preset 0x0056)
door 0x1c7a0c (preset 0x0055),door 0x1c7b0c (preset 0x0056),11.604,no,"another wall pokes into the space between them, so a tighter pair covers this gap",door 0x1c7a0c (preset 0x0055)
door 0x1c7a0c (preset 0x0055),door 0x1c7a0c (preset 0x0055),0.000,no,the line between them touches another wall,door 0x1c7a0c (preset 0x0055)
door 0x1c7a0c (preset 0x0055),door 0x1c7b0c (preset 0x0056),0.000,yes,,
door 0x1c7a0c (preset 0x0055),door 0x1c7b0c (preset 0x0056),0.000,yes,,
door 0x1c7a0c (preset 0x0055),door 0x1c7b0c (preset 0x0056),0.000,no,"another wall pokes into the space between them, so a tighter pair covers this gap",door 0x1c7b0c (preset 0x0056)
door 0x1c7a0c (preset 0x0055),door 0x1c7b0c (preset 0x0056),0.000,no,"another wall pokes into the space between them, so a tighter pair covers this gap",door 0x1c7a0c (preset 0x0055)
door 0x1c7a0c (preset 0x0055),door 0x1c7b0c (preset 0x0056),0.000,yes,,
door 0x1c7a0c (preset 0x0055),door 0x1c7b0c (preset 0x0056),11.604,no,"another wall pokes into the space between them, so a tighter pair covers this gap",door 0x1c7a0c (preset 0x0055)
door 0x1c7a0c (preset 0x0055),door 0x1c7b0c (preset 0x0056),11.604,no,"another wall pokes into the space between them, so a tighter pair covers this gap",door 0x1c7a0c (preset 0x0055)
door 0x1c7a0c (preset 0x0055),door 0x1c7b0c (preset 0x0056),0.000,yes,,
door 0x1c7a0c (preset 0x0055),door 0x1c7b0c (preset 0x0056),0.000,no,"another wall pokes into the space between them, so a tighter pair covers this gap",door 0x1c7a0c (preset 0x0055)
door 0x1c7a0c (preset 0x0055),door 0x1c7b0c (preset 0x0056),11.604,no,"another wall pokes into the space between them, so a tighter pair covers this gap",door 0x1c7a0c (preset 0x0055)
door 0x1c7a0c (preset 0x0055),door 0x1c7b0c (preset 0x0056),11.604,no,"another wall pokes into the space between them, so a tighter pair covers this gap",door 0x1c7a0c (preset 0x0055)
door 0x1c7a0c (preset 0x0055),door 0x1c7b0c (preset 0x0056),0.000,no,"another wall pokes into the space between them, so a tighter pair covers this gap",door 0x1c7a0c (preset 0x0055)
door 0x1c7b0c (preset 0x0056),door 0x1c7b0c (preset 0x0056),0.000,no,the line between them touches another wall,door 0x1c7b0c (preset 0x0056)
door 0x1c7b0c (preset 0x0056),door 0x1c7b0c (preset 0x0056),11.604,no,the line between them touches another wall,door 0x1c7b0c (preset 0x0056)
door 0x1c7b0c (preset 0x0056),door 0x1c7b0c (preset 0x0056),11.604,no,"the line between them leaves the walkable area (a wall's thickness, or another floor)",
door 0x1c7b0c (preset 0x0056),door 0x1c7b0c (preset 0x0056),11.604,no,the line between them touches another wall,door 0x1c7b0c (preset 0x0056)
door 0x1c7b0c (preset 0x0056),door 0x1c7b0c (preset 0x0056),0.000,no,neither wall could be placed on a tile,
door 0x1c7c0c (preset 0x0057),door 0x1c7c0c (preset 0x0057),0.000,no,the line between them touches another wall,door 0x1c7c0c (preset 0x0057)
door 0x1c7c0c (preset 0x0057),door 0x1c7c0c (preset 0x0057),11.604,no,the line between them touches another wall,door 0x1c7c0c (preset 0x0057)
door 0x1c7c0c (preset 0x0057),door 0x1c7c0c (preset 0x0057),11.604,no,the line between them touches another wall,door 0x1c7c0c (preset 0x0057)
door 0x1c7c0c (preset 0x0057),door 0x1c7c0c (preset 0x0057),11.604,no,the line between them touches another wall,door 0x1c7c0c (preset 0x0057)
door 0x1c7c0c (preset 0x0057),door 0x1c7c0c (preset 0x0057),0.000,no,the line between them touches another wall,door 0x1c7c0c (preset 0x0057)
door 0x1c7d0c (preset 0x0085),door 0x1c7d0c (preset 0x0085),11.604,no,the line between them touches another wall,door 0x1c7d0c (preset 0x0085)
door 0x1c7d0c (preset 0x0085),door 0x1c7e0c (preset 0x0086),11.604,no,the line between them touches another wall,door 0x1c7d0c (preset 0x0085)
door 0x1c7d0c (preset 0x0085),door 0x1c7e0c (preset 0x0086),11.604,no,the line between them touches another wall,door 0x1c7d0c (preset 0x0085)
door 0x1c7d0c (preset 0x0085),door 0x1c7e0c (preset 0x0086),0.000,no,the line between them touches another wall,door 0x1c7d0c (preset 0x0085)
door 0x1c7d0c (preset 0x0085),door 0x1c9894 (preset 0x0083),39.820,no,the far wall faces the other way (it belongs to floor which isn't linked here),
door 0x1c7d0c (preset 0x0085),door 0x1c9894 (preset 0x0083),39.820,no,the far wall faces the other way (it belongs to floor which isn't linked here),
door 0x1c7d0c (preset 0x0085),door 0x1c9894 (preset 0x0083),13.262,no,the line between them touches another wall,door 0x1c7d0c (preset 0x0085)
door 0x1c7d0c (preset 0x0085),door 0x1c9894 (preset 0x0083),1.657,no,the line between them touches another wall,door 0x1c7d0c (preset 0x0085)
door 0x1c7d0c (preset 0x0085),door 0x1c7d0c (preset 0x0085),0.000,no,the line between them touches another wall,door 0x1c7d0c (preset 0x0085)
door 0x1c7d0c (preset 0x0085),door 0x1c7e0c (preset 0x0086),0.000,no,the line between them touches another wall,door 0x1c7d0c (preset 0x0085)
door 0x1c7d0c (preset 0x0085),door 0x1c7e0c (preset 0x0086),0.000,no,the line between them touches another wall,door 0x1c7d0c (preset 0x0085)
door 0x1c7d0c (preset 0x0085),door 0x1c7e0c (preset 0x0086),0.000,no,the line between them touches another wall,door 0x1c7d0c (preset 0x0085)
door 0x1c7d0c (preset 0x0085),door 0x1c9894 (preset 0x0083),39.785,no,the far wall faces the other way (it belongs to floor which isn't linked here),
door 0x1c7d0c (preset 0x0085),door 0x1c9894 (preset 0x0083),39.785,no,the far wall faces the other way (it belongs to floor which isn't linked here),
door 0x1c7d0c (preset 0x0085),door 0x1c9894 (preset 0x0083),1.658,no,the far wall faces the other way (it belongs to floor which isn't linked here),
door 0x1c7d0c (preset 0x0085),door 0x1c7d0c (preset 0x0085),0.000,no,the line between them touches another wall,door 0x1c7d0c (preset 0x0085)
door 0x1c7d0c (preset 0x0085),door 0x1c7d0c (preset 0x0085),11.604,no,the line between them touches another wall,door 0x1c7d0c (preset 0x0085)
door 0x1c7d0c (preset 0x0085),door 0x1c7e0c (preset 0x0086),0.000,no,the line between them touches another wall,door 0x1c7e0c (preset 0x0086)
door 0x1c7d0c (preset 0x0085),door 0x1c7e0c (preset 0x0086),11.604,no,the line between them touches another wall,door 0x1c7d0c (preset 0x0085)
door 0x1c7d0c (preset 0x0085),door 0x1c9894 (preset 0x0083),41.010,no,the far wall faces the other way (it belongs to floor which isn't linked here),
door 0x1c7d0c (preset 0x0085),door 0x1c9894 (preset 0x0083),39.785,no,the far wall faces the other way (it belongs to floor which isn't linked here),
door 0x1c7d0c (preset 0x0085),door 0x1c9894 (preset 0x0083),1.658,no,the far wall faces the other way (it belongs to floor which isn't linked here),
door 0x1c7d0c (preset 0x0085),door 0x1c9894 (preset 0x0083),1.657,no,the far wall faces the other way (it belongs to floor which isn't linked here),
door 0x1c7d0c (preset 0x0085),door 0x1c9894 (preset 0x0083),9.947,no,the line between them touches another wall,door 0x1c7d0c (preset 0x0085)
door 0x1c7d0c (preset 0x0085),door 0x1c7d0c (preset 0x0085),11.604,no,the line between them touches another wall,door 0x1c7d0c (preset 0x0085)
door 0x1c7d0c (preset 0x0085),door 0x1c9894 (preset 0x0083),39.820,no,the far wall faces the other way (it belongs to floor which isn't linked here),
door 0x1c7d0c (preset 0x0085),door 0x1c9894 (preset 0x0083),39.820,no,the far wall faces the other way (it belongs to floor which isn't linked here),
door 0x1c7d0c (preset 0x0085),door 0x1c9894 (preset 0x0083),39.785,no,the line between them touches another wall,door 0x1c7d0c (preset 0x0085)
door 0x1c7d0c (preset 0x0085),door 0x1c9894 (preset 0x0083),41.010,no,the line between them touches another wall,door 0x1c7d0c (preset 0x0085)
door 0x1c7d0c (preset 0x0085),door 0x1c9894 (preset 0x0083),39.820,no,the line between them touches another wall,door 0x1c7d0c (preset 0x0085)
door 0x1c7d0c (preset 0x0085),door 0x1c9894 (preset 0x0083),39.820,no,the line between them touches another wall,door 0x1c7d0c (preset 0x0085)
door 0x1c7d0c (preset 0x0085),door 0x1c9894 (preset 0x0083),39.785,no,the line between them touches another wall,door 0x1c7d0c (preset 0x0085)
door 0x1c7d0c (preset 0x0085),door 0x1c9894 (preset 0x0083),39.785,no,the line between them touches another wall,door 0x1c7d0c (preset 0x0085)
door 0x1c7d0c (preset 0x0085),door 0x1c7e0c (preset 0x0086),11.604,no,the line between them touches another wall,door 0x1c7d0c (preset 0x0085)
door 0x1c7d0c (preset 0x0085),door 0x1c7e0c (preset 0x0086),11.604,no,the line between them touches another wall,door 0x1c7e0c (preset 0x0086)
door 0x1c7d0c (preset 0x0085),door 0x1c9894 (preset 0x0083),39.820,no,the far wall faces the other way (it belongs to floor which isn't linked here),
door 0x1c7d0c (preset 0x0085),door 0x1c9894 (preset 0x0083),39.820,no,the far wall faces the other way (it belongs to floor which isn't linked here),
door 0x1c7d0c (preset 0x0085),door 0x1c9894 (preset 0x0083),13.262,no,the line between them touches another wall,door 0x1c7d0c (preset 0x0085)
door 0x1c7d0c (preset 0x0085),door 0x1c9894 (preset 0x0083),13.262,no,the line between them touches another wall,door 0x1c7d0c (preset 0x0085)
door 0x1c7d0c (preset 0x0085),door 0x1c9894 (preset 0x0083),1.658,no,the line between them touches another wall,door 0x1c7d0c (preset 0x0085)
door 0x1c7d0c (preset 0x0085),door 0x1c9894 (preset 0x0083),1.658,no,the line between them touches another wall,door 0x1c7d0c (preset 0x0085)
door 0x1c7e0c (preset 0x0086),door 0x1c7e0c (preset 0x0086),11.604,no,the line between them touches another wall,door 0x1c7e0c (preset 0x0086)
door 0x1c7e0c (preset 0x0086),door 0x1c7e0c (preset 0x0086),0.000,no,the line between them touches another wall,door 0x1c7e0c (preset 0x0086)
door 0x1c7e0c (preset 0x0086),door 0x1c7e0c (preset 0x0086),0.000,no,the line between them touches another wall,door 0x1c7e0c (preset 0x0086)
door 0x1c7e0c (preset 0x0086),door 0x1c7e0c (preset 0x0086),11.604,no,the line between them touches another wall,door 0x1c7e0c (preset 0x0086)
door 0x1c7e0c (preset 0x0086),door 0x1c9894 (preset 0x0083),9.946,no,the line between them touches another wall,door 0x1c7e0c (preset 0x0086)
door 0x1c7e0c (preset 0x0086),door 0x1c9894 (preset 0x0083),1.658,no,the far wall faces the other way (it belongs to floor which isn't linked here),
door 0x1c7e0c (preset 0x0086),door 0x1c9894 (preset 0x0083),9.947,no,the line between them touches another wall,door 0x1c7e0c (preset 0x0086)
door 0x1c7e0c (preset 0x0086),door 0x1c7e0c (preset 0x0086),11.604,no,the line between them touches another wall,door 0x1c7e0c (preset 0x0086)
door 0x1c7e0c (preset 0x0086),door 0x1c9894 (preset 0x0083),41.010,no,the line between them touches another wall,door 0x1c7e0c (preset 0x0086)
door 0x1c7e0c (preset 0x0086),door 0x1c9894 (preset 0x0083),39.786,no,the line between them touches another wall,door 0x1c7e0c (preset 0x0086)
door 0x1c7e0c (preset 0x0086),door 0x1c9894 (preset 0x0083),1.658,no,the far wall faces the other way (it belongs to floor which isn't linked here),
door 0x1c7e0c (preset 0x0086),door 0x1c9894 (preset 0x0083),9.946,no,the line between them touches another wall,door 0x1c7e0c (preset 0x0086)
door 0x1c7e0c (preset 0x0086),door 0x1c9894 (preset 0x0083),39.786,no,the line between them touches another wall,door 0x1c7e0c (preset 0x0086)
door 0x1c7e0c (preset 0x0086),door 0x1c9894 (preset 0x0083),39.786,no,the line between them touches another wall,door 0x1c7e0c (preset 0x0086)
door 0x1c7e0c (preset 0x0086),door 0x1c9894 (preset 0x0083),1.658,no,the line between them touches another wall,door 0x1c7e0c (preset 0x0086)
door 0x1c7e0c (preset 0x0086),door 0x1c9894 (preset 0x0083),1.658,no,the line between them touches another wall,door 0x1c7e0c (preset 0x0086)
door 0x1c7e0c (preset 0x0086),door 0x1c9894 (preset 0x0083),1.658,no,the line between them touches another wall,door 0x1c7e0c (preset 0x0086)
door 0x1c7e0c (preset 0x0086),door 0x1c9894 (preset 0x0083),13.262,no,the line between them touches another wall,door 0x1c7e0c (preset 0x0086)
door 0x1c7e0c (preset 0x0086),door 0x1c9894 (preset 0x0083),1.658,no,the line between them touches another wall,door 0x1c7e0c (preset 0x0086)
door 0x1c7f64 (preset 0x005d),door 0x1c7f64 (preset 0x005d),11.604,no,the line between them touches another wall,door 0x1c7f64 (preset 0x005d)
monitor 0x1c8064 (preset 0x2733),monitor 0x1c8064 (preset 0x2733),0.015,no,the line between them touches another wall,monitor 0x1c8064 (preset 0x2733)
monitor 0x1c8064 (preset 0x2733),monitor 0x1c8064 (preset 0x2733),0.015,no,the line between them touches another wall,monitor 0x1c8064 (preset 0x2733)
door 0x1c81bc (preset 0x0071),door 0x1c81bc (preset 0x0071),0.000,no,the line between them touches another wall,door 0x1c81bc (preset 0x0071)
door 0x1c81bc (preset 0x0071),door 0x1c81bc (preset 0x0071),11.604,no,the line between them touches another wall,door 0x1c81bc (preset 0x0071)
door 0x1c81bc (preset 0x0071),door 0x1c81bc (preset 0x0071),11.604,no,neither wall could be placed on a tile,
door 0x1c81bc (preset 0x0071),door 0x1c81bc (preset 0x0071),11.604,no,the line between them touches another wall,door 0x1c81bc (preset 0x0071)
door 0x1c81bc (preset 0x0071),door 0x1c81bc (preset 0x0071),0.000,no,neither wall could be placed on a tile,
monitor 0x1c82bc (preset 0x2741),monitor 0x1c82bc (preset 0x2741),0.015,no,neither wall could be placed on a tile,
monitor 0x1c82bc (preset 0x2741),monitor 0x1c82bc (preset 0x2741),0.015,no,the line between them touches another wall,monitor 0x1c82bc (preset 0x2741)
door 0x1c83ec (preset 0x0072),door 0x1c83ec (preset 0x0072),0.000,no,the line between them touches another wall,door 0x1c83ec (preset 0x0072)
door 0x1c83ec (preset 0x0072),door 0x1c83ec (preset 0x0072),11.604,no,the line between them touches another wall,door 0x1c83ec (preset 0x0072)
door 0x1c83ec (preset 0x0072),door 0x1c83ec (preset 0x0072),11.604,no,neither wall could be placed on a tile,
door 0x1c83ec (preset 0x0072),door 0x1c83ec (preset 0x0072),11.604,no,the line between them touches another wall,door 0x1c83ec (preset 0x0072)
door 0x1c83ec (preset 0x0072),door 0x1c83ec (preset 0x0072),0.000,no,neither wall could be placed on a tile,
door 0x1c8524 (preset 0x0074),door 0x1c8524 (preset 0x0074),0.000,no,the line between them touches another wall,door 0x1c8524 (preset 0x0074)
door 0x1c8524 (preset 0x0074),door 0x1c8524 (preset 0x0074),11.604,no,the line between them touches another wall,door 0x1c8524 (preset 0x0074)
door 0x1c8524 (preset 0x0074),door 0x1c8524 (preset 0x0074),11.604,no,neither wall could be placed on a tile,
door 0x1c8524 (preset 0x0074),door 0x1c8524 (preset 0x0074),11.604,no,the line between them touches another wall,door 0x1c8524 (preset 0x0074)
door 0x1c8524 (preset 0x0074),door 0x1c8524 (preset 0x0074),0.000,no,neither wall could be placed on a tile,
monitor 0x1c8624 (preset 0x2740),monitor 0x1c8624 (preset 0x2740),0.015,no,the line between them touches another wall,monitor 0x1c8624 (preset 0x2740)
monitor 0x1c8624 (preset 0x2740),monitor 0x1c8624 (preset 0x2740),0.015,no,the line between them touches another wall,monitor 0x1c8624 (preset 0x2740)
door 0x1c8b84 (preset 0x0075),door 0x1c8b84 (preset 0x0075),11.604,no,neither wall could be placed on a tile,
door 0x1c8b84 (preset 0x0075),door 0x1c8b84 (preset 0x0075),0.000,no,neither wall could be placed on a tile,
door 0x1c8b84 (preset 0x0075),door 0x1c8b84 (preset 0x0075),0.000,no,the line between them touches another wall,door 0x1c8b84 (preset 0x0075)
door 0x1c8b84 (preset 0x0075),door 0x1c8b84 (preset 0x0075),11.604,no,the line between them touches another wall,door 0x1c8b84 (preset 0x0075)
door 0x1c8b84 (preset 0x0075),door 0x1c8b84 (preset 0x0075),11.604,no,the line between them touches another wall,door 0x1c8b84 (preset 0x0075)
door 0x1c8c84 (preset 0x0076),door 0x1c8c84 (preset 0x0076),11.604,no,neither wall could be placed on a tile,
door 0x1c8c84 (preset 0x0076),door 0x1c8c84 (preset 0x0076),0.000,no,neither wall could be placed on a tile,
door 0x1c8c84 (preset 0x0076),door 0x1c8c84 (preset 0x0076),0.000,no,the line between them touches another wall,door 0x1c8c84 (preset 0x0076)
door 0x1c8c84 (preset 0x0076),door 0x1c8c84 (preset 0x0076),11.604,no,neither wall could be placed on a tile,
door 0x1c8c84 (preset 0x0076),door 0x1c8c84 (preset 0x0076),11.604,no,the line between them touches another wall,door 0x1c8c84 (preset 0x0076)
door 0x1c8d84 (preset 0x0077),door 0x1c8d84 (preset 0x0077),11.604,no,the line between them touches another wall,door 0x1c8d84 (preset 0x0077)
door 0x1c8e84 (preset 0x0078),door 0x1c8e84 (preset 0x0078),11.604,no,neither wall could be placed on a tile,
door 0x1c8e84 (preset 0x0078),door 0x1c8e84 (preset 0x0078),11.604,no,the line between them touches another wall,door 0x1c8e84 (preset 0x0078)
door 0x1c8e84 (preset 0x0078),door 0x1c8e84 (preset 0x0078),0.000,no,the line between them touches another wall,door 0x1c8e84 (preset 0x0078)
door 0x1c8e84 (preset 0x0078),door 0x1c8e84 (preset 0x0078),0.000,no,neither wall could be placed on a tile,
door 0x1c8e84 (preset 0x0078),door 0x1c8e84 (preset 0x0078),11.604,no,the line between them touches another wall,door 0x1c8e84 (preset 0x0078)
door 0x1c8f84 (preset 0x004d),door 0x1c8f84 (preset 0x004d),0.000,no,the line between them touches another wall,door 0x1c8f84 (preset 0x004d)
door 0x1c8f84 (preset 0x004d),door 0x1c8f84 (preset 0x004d),11.604,no,the line between them touches another wall,door 0x1c8f84 (preset 0x004d)
door 0x1c8f84 (preset 0x004d),door 0x1c8f84 (preset 0x004d),11.604,no,the line between them touches another wall,door 0x1c8f84 (preset 0x004d)
door 0x1c8f84 (preset 0x004d),door 0x1c8f84 (preset 0x004d),11.604,no,the line between them touches another wall,door 0x1c8f84 (preset 0x004d)
door 0x1c8f84 (preset 0x004d),door 0x1c8f84 (preset 0x004d),0.000,no,the line between them touches another wall,door 0x1c8f84 (preset 0x004d)
door 0x1c9084 (preset 0x005c),door 0x1c9084 (preset 0x005c),11.604,no,the line between them touches another wall,door 0x1c9084 (preset 0x005c)
door 0x1c9184 (preset 0x005e),door 0x1c9184 (preset 0x005e),11.604,no,the line between them touches another wall,door 0x1c9184 (preset 0x005e)
door 0x1c9284 (preset 0x005f),door 0x1c9284 (preset 0x005f),13.262,no,the line between them touches another wall,door 0x1c9284 (preset 0x005f)
door 0x1c9384 (preset 0x0060),door 0x1c9384 (preset 0x0060),0.000,no,the line between them touches another wall,door 0x1c9384 (preset 0x0060)
door 0x1c9384 (preset 0x0060),door 0x1c9384 (preset 0x0060),13.262,no,the line between them touches another wall,door 0x1c9384 (preset 0x0060)
door 0x1c9384 (preset 0x0060),door 0x1c9384 (preset 0x0060),13.262,no,the line between them touches another wall,door 0x1c9384 (preset 0x0060)
door 0x1c9384 (preset 0x0060),door 0x1c9384 (preset 0x0060),13.262,no,the line between them touches another wall,door 0x1c9384 (preset 0x0060)
door 0x1c9384 (preset 0x0060),door 0x1c9384 (preset 0x0060),0.000,no,the line between them touches another wall,door 0x1c9384 (preset 0x0060)
door 0x1c9484 (preset 0x0061),door 0x1c9484 (preset 0x0061),11.604,no,the line between them touches another wall,door 0x1c9484 (preset 0x0061)
door 0x1c9584 (preset 0x006b),door 0x1c9584 (preset 0x006b),0.000,no,the line between them touches another wall,door 0x1c9584 (preset 0x006b)
door 0x1c9584 (preset 0x006b),door 0x1c9584 (preset 0x006b),11.604,no,the line between them touches another wall,door 0x1c9584 (preset 0x006b)
door 0x1c9584 (preset 0x006b),door 0x1c9584 (preset 0x006b),11.604,no,the line between them touches another wall,door 0x1c9584 (preset 0x006b)
door 0x1c9584 (preset 0x006b),door 0x1c9584 (preset 0x006b),11.604,no,the line between them touches another wall,door 0x1c9584 (preset 0x006b)
door 0x1c9584 (preset 0x006b),door 0x1c9584 (preset 0x006b),0.000,no,the line between them touches another wall,door 0x1c9584 (preset 0x006b)
door 0x1c9684 (preset 0x006c),door 0x1c9684 (preset 0x006c),0.000,no,the line between them touches another wall,door 0x1c9684 (preset 0x006c)
door 0x1c9684 (preset 0x006c),door 0x1c9684 (preset 0x006c),11.604,no,the line between them touches another wall,door 0x1c9684 (preset 0x006c)
door 0x1c9684 (preset 0x006c),door 0x1c9684 (preset 0x006c),11.604,no,the line between them touches another wall,door 0x1c9684 (preset 0x006c)
door 0x1c9684 (preset 0x006c),door 0x1c9684 (preset 0x006c),11.604,no,the line between them touches another wall,door 0x1c9684 (preset 0x006c)
door 0x1c9684 (preset 0x006c),door 0x1c9684 (preset 0x006c),0.000,no,the line between them touches another wall,door 0x1c9684 (preset 0x006c)
door 0x1c9794 (preset 0x0079),door 0x1c9794 (preset 0x0079),11.604,no,the line between them touches another wall,door 0x1c9794 (preset 0x0079)
door 0x1c9894 (preset 0x0083),door 0x1c9894 (preset 0x0083),11.604,no,neither wall could be placed on a tile,
door 0x1c9894 (preset 0x0083),door 0x1c9894 (preset 0x0083),0.000,no,neither wall could be placed on a tile,
door 0x1c9894 (preset 0x0083),door 0x1c9894 (preset 0x0083),0.000,no,the line between them touches another wall,door 0x1c9894 (preset 0x0083)
door 0x1c9894 (preset 0x0083),door 0x1c9894 (preset 0x0083),11.604,no,the line between them touches another wall,door 0x1c9894 (preset 0x0083)
door 0x1c9894 (preset 0x0083),door 0x1c9894 (preset 0x0083),11.604,no,the line between them touches another wall,door 0x1c9894 (preset 0x0083)
door 0x1c9994 (preset 0x0084),door 0x1c9994 (preset 0x0084),0.000,no,neither wall could be placed on a tile,
door 0x1c9994 (preset 0x0084),door 0x1c9994 (preset 0x0084),11.604,no,the line between them touches another wall,door 0x1c9994 (preset 0x0084)
door 0x1c9994 (preset 0x0084),door 0x1c9994 (preset 0x0084),11.604,no,the line between them touches another wall,door 0x1c9994 (preset 0x0084)
door 0x1c9994 (preset 0x0084),door 0x1c9994 (preset 0x0084),11.604,no,neither wall could be placed on a tile,
door 0x1c9994 (preset 0x0084),door 0x1c9994 (preset 0x0084),0.000,no,the line between them touches another wall,door 0x1c9994 (preset 0x0084)
generic 0x1ca034 (preset 0x00cf),generic 0x1ca13c (preset 0x00d0),25.342,no,"another wall pokes into the space between them, so a tighter pair covers this gap",generic 0x1ca13c (preset 0x00d0)
generic 0x1ca034 (preset 0x00cf),generic 0x1ca13c (preset 0x00d0),22.176,yes,,
generic 0x1ca034 (preset 0x00cf),generic 0x1ca244 (preset 0x00d1),46.494,no,"another wall pokes into the space between them, so a tighter pair covers this gap",generic 0x1ca244 (preset 0x00d1)
generic 0x1ca034 (preset 0x00cf),generic 0x1ca244 (preset 0x00d1),58.619,no,"another wall pokes into the space between them, so a tighter pair covers this gap",generic 0x1ca244 (preset 0x00d1)
generic 0x1ca034 (preset 0x00cf),generic 0x1ca34c (preset 0x00d2),32.843,yes,,
generic 0x1ca034 (preset 0x00cf),generic 0x1ca34c (preset 0x00d2),34.370,no,"another wall pokes into the space between them, so a tighter pair covers this gap",generic 0x1ca34c (preset 0x00d2)
generic 0x1ca034 (preset 0x00cf),generic 0x1ca244 (preset 0x00d1),54.239,no,"another wall pokes into the space between them, so a tighter pair covers this gap",wall of tile 01CB00 (room 0x03)
generic 0x1ca034 (preset 0x00cf),generic 0x1ca244 (preset 0x00d1),55.692,no,"another wall pokes into the space between them, so a tighter pair covers this gap",generic 0x1ca244 (preset 0x00d1)
generic 0x1ca034 (preset 0x00cf),generic 0x1ca244 (preset 0x00d1),38.919,no,"another wall pokes into the space between them, so a tighter pair covers this gap",wall of tile 01CB00 (room 0x03)
generic 0x1ca034 (preset 0x00cf),generic 0x1ca244 (preset 0x00d1),41.770,no,"another wall pokes into the space between them, so a tighter pair covers this gap",generic 0x1ca244 (preset 0x00d1)
generic 0x1ca034 (preset 0x00cf),generic 0x1ca13c (preset 0x00d0),25.342,no,"another wall pokes into the space between them, so a tighter pair covers this gap",generic 0x1ca13c (preset 0x00d0)
generic 0x1ca034 (preset 0x00cf),generic 0x1ca13c (preset 0x00d0),22.176,yes,,
generic 0x1ca034 (preset 0x00cf),generic 0x1ca244 (preset 0x00d1),31.056,no,"another wall pokes into the space between them, so a tighter pair covers this gap",generic 0x1ca244 (preset 0x00d1)
generic 0x1ca034 (preset 0x00cf),generic 0x1ca244 (preset 0x00d1),43.003,no,"another wall pokes into the space between them, so a tighter pair covers this gap",generic 0x1ca244 (preset 0x00d1)
generic 0x1ca034 (preset 0x00cf),generic 0x1ca34c (preset 0x00d2),32.843,yes,,
generic 0x1ca034 (preset 0x00cf),generic 0x1ca34c (preset 0x00d2),34.235,no,"another wall pokes into the space between them, so a tighter pair covers this gap",generic 0x1ca34c (preset 0x00d2)
generic 0x1ca13c (preset 0x00d0),generic 0x1ca34c (preset 0x00d2),50.373,no,"another wall pokes into the space between them, so a tighter pair covers this gap",generic 0x1ca34c (preset 0x00d2)
generic 0x1ca13c (preset 0x00d0),generic 0x1ca34c (preset 0x00d2),47.377,no,"another wall pokes into the space between them, so a tighter pair covers this gap",generic 0x1ca34c (preset 0x00d2)
generic 0x1ca13c (preset 0x00d0),generic 0x1ca450 (preset 0x00d3),47.935,no,"another wall pokes into the space between them, so a tighter pair covers this gap",generic 0x1ca450 (preset 0x00d3)
generic 0x1ca13c (preset 0x00d0),generic 0x1ca450 (preset 0x00d3),26.365,yes,,
generic 0x1ca13c (preset 0x00d0),generic 0x1ca450 (preset 0x00d3),29.816,no,"another wall pokes into the space between them, so a tighter pair covers this gap",generic 0x1ca450 (preset 0x00d3)
generic 0x1ca13c (preset 0x00d0),generic 0x1ca244 (preset 0x00d1),34.468,no,"another wall pokes into the space between them, so a tighter pair covers this gap",generic 0x1ca244 (preset 0x00d1)
generic 0x1ca13c (preset 0x00d0),generic 0x1ca244 (preset 0x00d1),33.075,yes,,
generic 0x1ca13c (preset 0x00d0),generic 0x1ca34c (preset 0x00d2),43.068,no,"another wall pokes into the space between them, so a tighter pair covers this gap",generic 0x1ca34c (preset 0x00d2)
generic 0x1ca13c (preset 0x00d0),generic 0x1ca34c (preset 0x00d2),44.170,no,"another wall pokes into the space between them, so a tighter pair covers this gap",generic 0x1ca34c (preset 0x00d2)
generic 0x1ca13c (preset 0x00d0),generic 0x1ca450 (preset 0x00d3),53.476,no,"another wall pokes into the space between them, so a tighter pair covers this gap",generic 0x1ca13c (preset 0x00d0)
generic 0x1ca13c (preset 0x00d0),generic 0x1ca450 (preset 0x00d3),53.476,no,"another wall pokes into the space between them, so a tighter pair covers this gap",generic 0x1ca13c (preset 0x00d0)
generic 0x1ca13c (preset 0x00d0),generic 0x1ca244 (preset 0x00d1),34.468,no,"another wall pokes into the space between them, so a tighter pair covers this gap",generic 0x1ca244 (preset 0x00d1)
generic 0x1ca13c (preset 0x00d0),generic 0x1ca244 (preset 0x00d1),51.178,no,"another wall pokes into the space between them, so a tighter pair covers this gap",generic 0x1ca244 (preset 0x00d1)
generic 0x1ca13c (preset 0x00d0),generic 0x1ca244 (preset 0x00d1),33.075,yes,,
generic 0x1ca13c (preset 0x00d0),generic 0x1ca34c (preset 0x00d2),55.846,no,"another wall pokes into the space between them, so a tighter pair covers this gap",generic 0x1ca34c (preset 0x00d2)
generic 0x1ca13c (preset 0x00d0),generic 0x1ca34c (preset 0x00d2),53.388,no,"another wall pokes into the space between them, so a tighter pair covers this gap",generic 0x1ca34c (preset 0x00d2)
generic 0x1ca13c (preset 0x00d0),generic 0x1ca34c (preset 0x00d2),59.438,no,"another wall pokes into the space between them, so a tighter pair covers this gap",generic 0x1ca34c (preset 0x00d2)
generic 0x1ca13c (preset 0x00d0),generic 0x1ca34c (preset 0x00d2),58.416,no,"another wall pokes into the space between them, so a tighter pair covers this gap",generic 0x1ca34c (preset 0x00d2)
generic 0x1ca13c (preset 0x00d0),generic 0x1ca450 (preset 0x00d3),26.365,yes,,
generic 0x1ca13c (preset 0x00d0),generic 0x1ca450 (preset 0x00d3),29.816,no,"another wall pokes into the space between them, so a tighter pair covers this gap",generic 0x1ca450 (preset 0x00d3)
generic 0x1ca244 (preset 0x00d1),generic 0x1ca34c (preset 0x00d2),59.313,no,"another wall pokes into the space between them, so a tighter pair covers this gap",generic 0x1ca244 (preset 0x00d1)
generic 0x1ca244 (preset 0x00d1),generic 0x1ca34c (preset 0x00d2),49.565,no,"another wall pokes into the space between them, so a tighter pair covers this gap",generic 0x1ca244 (preset 0x00d1)
generic 0x1ca244 (preset 0x00d1),generic 0x1ca34c (preset 0x00d2),49.565,no,"another wall pokes into the space between them, so a tighter pair covers this gap",generic 0x1ca244 (preset 0x00d1)
generic 0x1ca244 (preset 0x00d1),generic 0x1ca34c (preset 0x00d2),38.233,yes,,
generic 0x1ca244 (preset 0x00d1),generic 0x1ca34c (preset 0x00d2),38.233,yes,,
generic 0x1ca34c (preset 0x00d2),generic 0x1ca450 (preset 0x00d3),40.582,no,"another wall pokes into the space between them, so a tighter pair covers this gap",generic 0x1ca450 (preset 0x00d3)
generic 0x1ca34c (preset 0x00d2),generic 0x1ca450 (preset 0x00d3),29.866,yes,,
generic 0x1ca34c (preset 0x00d2),generic 0x1ca450 (preset 0x00d3),40.582,no,"another wall pokes into the space between them, so a tighter pair covers this gap",generic 0x1ca450 (preset 0x00d3)
generic 0x1ca34c (preset 0x00d2),generic 0x1ca450 (preset 0x00d3),29.866,yes,,
generic 0x1ca450 (preset 0x00d3),generic 0x1ca554 (preset 0x00d4),43.984,no,"another wall pokes into the space between them, so a tighter pair covers this gap",generic 0x1ca450 (preset 0x00d3)
generic 0x1ca450 (preset 0x00d3),generic 0x1ca554 (preset 0x00d4),43.938,no,"another wall pokes into the space between them, so a tighter pair covers this gap",generic 0x1ca450 (preset 0x00d3)
generic 0x1ca450 (preset 0x00d3),generic 0x1ca554 (preset 0x00d4),27.908,yes,,
generic 0x1ca450 (preset 0x00d3),generic 0x1ca554 (preset 0x00d4),27.908,yes,,
generic 0x1ca658 (preset 0x00d5),generic 0x1ca970 (preset 0x00d8),6.685,no,the line between them touches another wall,generic 0x1ca658 (preset 0x00d5)
generic 0x1ca658 (preset 0x00d5),generic 0x1ca970 (preset 0x00d8),6.685,no,the line between them touches another wall,generic 0x1ca658 (preset 0x00d5)
generic 0x1ca658 (preset 0x00d5),generic 0x1ca970 (preset 0x00d8),21.272,no,the line between them touches another wall,generic 0x1ca658 (preset 0x00d5)
generic 0x1ca658 (preset 0x00d5),generic 0x1ca760 (preset 0x00d6),6.267,yes,,
generic 0x1ca658 (preset 0x00d5),generic 0x1ca760 (preset 0x00d6),8.487,no,"another wall pokes into the space between them, so a tighter pair covers this gap",generic 0x1ca760 (preset 0x00d6)
generic 0x1ca658 (preset 0x00d5),generic 0x1ca970 (preset 0x00d8),8.010,no,the line between them touches another wall,generic 0x1ca658 (preset 0x00d5)
generic 0x1ca658 (preset 0x00d5),generic 0x1ca760 (preset 0x00d6),6.267,yes,,
generic 0x1ca658 (preset 0x00d5),generic 0x1ca760 (preset 0x00d6),8.487,no,"another wall pokes into the space between them, so a tighter pair covers this gap",generic 0x1ca760 (preset 0x00d6)
generic 0x1ca658 (preset 0x00d5),generic 0x1ca760 (preset 0x00d6),6.267,yes,,
generic 0x1ca658 (preset 0x00d5),generic 0x1ca970 (preset 0x00d8),13.096,no,"another wall pokes into the space between them, so a tighter pair covers this gap",generic 0x1ca970 (preset 0x00d8)
generic 0x1ca658 (preset 0x00d5),generic 0x1ca760 (preset 0x00d6),23.316,no,"another wall pokes into the space between them, so a tighter pair covers this gap",generic 0x1ca658 (preset 0x00d5)
generic 0x1ca658 (preset 0x00d5),generic 0x1ca760 (preset 0x00d6),23.316,no,"another wall pokes into the space between them, so a tighter pair covers this gap",generic 0x1ca658 (preset 0x00d5)
generic 0x1ca658 (preset 0x00d5),generic 0x1ca970 (preset 0x00d8),10.001,no,the line between them touches another wall,generic 0x1ca658 (preset 0x00d5)
generic 0x1ca658 (preset 0x00d5),generic 0x1ca970 (preset 0x00d8),24.802,no,"another wall pokes into the space between them, so a tighter pair covers this gap",generic 0x1ca970 (preset 0x00d8)
generic 0x1ca658 (preset 0x00d5),generic 0x1ca970 (preset 0x00d8),10.001,no,the line between them touches another wall,generic 0x1ca658 (preset 0x00d5)
generic 0x1ca760 (preset 0x00d6),generic 0x1ca970 (preset 0x00d8),17.613,no,"another wall pokes into the space between them, so a tighter pair covers this gap",generic 0x1ca970 (preset 0x00d8)
generic 0x1ca760 (preset 0x00d6),generic 0x1ca970 (preset 0x00d8),3.006,yes,,
generic 0x1ca760 (preset 0x00d6),generic 0x1ca970 (preset 0x00d8),3.006,yes,,
generic 0x1ca760 (preset 0x00d6),generic 0x1ca970 (preset 0x00d8),17.613,no,"another wall pokes into the space between them, so a tighter pair covers this gap",generic 0x1ca970 (preset 0x00d8)
generic 0x1ca760 (preset 0x00d6),generic 0x1ca970 (preset 0x00d8),17.177,no,"another wall pokes into the space between them, so a tighter pair covers this gap",generic 0x1ca760 (preset 0x00d6)
generic 0x1ca760 (preset 0x00d6),generic 0x1ca970 (preset 0x00d8),3.684,no,"another wall pokes into the space between them, so a tighter pair covers this gap",generic 0x1ca760 (preset 0x00d6)
generic 0x1ca760 (preset 0x00d6),generic 0x1ca970 (preset 0x00d8),3.684,no,"another wall pokes into the space between them, so a tighter pair covers this gap",generic 0x1ca760 (preset 0x00d6)
generic 0x1caa74 (preset 0x00d9),generic 0x1cac84 (preset 0x00db),49.973,no,"another wall pokes into the space between them, so a tighter pair covers this gap",generic 0x1cac84 (preset 0x00db)
generic 0x1caa74 (preset 0x00d9),generic 0x1cac84 (preset 0x00db),48.437,no,"another wall pokes into the space between them, so a tighter pair covers this gap",generic 0x1cac84 (preset 0x00db)
generic 0x1caa74 (preset 0x00d9),generic 0x1cab7c (preset 0x00da),20.006,no,"another wall pokes into the space between them, so a tighter pair covers this gap",generic 0x1cab7c (preset 0x00da)
generic 0x1caa74 (preset 0x00d9),generic 0x1cab7c (preset 0x00da),18.968,yes,,
generic 0x1caa74 (preset 0x00d9),generic 0x1cac84 (preset 0x00db),52.415,no,"another wall pokes into the space between them, so a tighter pair covers this gap",generic 0x1cac84 (preset 0x00db)
generic 0x1caa74 (preset 0x00d9),generic 0x1cac84 (preset 0x00db),39.517,no,"another wall pokes into the space between them, so a tighter pair covers this gap",generic 0x1cac84 (preset 0x00db)
generic 0x1caa74 (preset 0x00d9),generic 0x1cad8c (preset 0x00dc),22.913,yes,,
generic 0x1caa74 (preset 0x00d9),generic 0x1cad8c (preset 0x00dc),25.868,no,"another wall pokes into the space between them, so a tighter pair covers this gap",generic 0x1cad8c (preset 0x00dc)
generic 0x1caa74 (preset 0x00d9),generic 0x1cab7c (preset 0x00da),20.006,no,"another wall pokes into the space between them, so a tighter pair covers this gap",generic 0x1cab7c (preset 0x00da)
generic 0x1caa74 (preset 0x00d9),generic 0x1cab7c (preset 0x00da),18.968,yes,,
generic 0x1caa74 (preset 0x00d9),generic 0x1cac84 (preset 0x00db),54.747,no,"another wall pokes into the space between them, so a tighter pair covers this gap",generic 0x1cac84 (preset 0x00db)
generic 0x1caa74 (preset 0x00d9),generic 0x1cad8c (preset 0x00dc),22.913,yes,,
generic 0x1caa74 (preset 0x00d9),generic 0x1cad8c (preset 0x00dc),28.273,no,"another wall pokes into the space between them, so a tighter pair covers this gap",generic 0x1cad8c (preset 0x00dc)
generic 0x1cab7c (preset 0x00da),generic 0x1cac84 (preset 0x00db),34.955,yes,,
generic 0x1cab7c (preset 0x00da),generic 0x1cac84 (preset 0x00db),42.392,no,"another wall pokes into the space between them, so a tighter pair covers this gap",generic 0x1cac84 (preset 0x00db)
generic 0x1cab7c (preset 0x00da),generic 0x1cad8c (preset 0x00dc),37.191,no,"another wall pokes into the space between them, so a tighter pair covers this gap",generic 0x1cad8c (preset 0x00dc)
generic 0x1cab7c (preset 0x00da),generic 0x1cad8c (preset 0x00dc),39.748,no,"another wall pokes into the space between them, so a tighter pair covers this gap",generic 0x1cad8c (preset 0x00dc)
generic 0x1cab7c (preset 0x00da),generic 0x1cae90 (preset 0x00dd),58.354,no,"another wall pokes into the space between them, so a tighter pair covers this gap",generic 0x1cab7c (preset 0x00da)
generic 0x1cab7c (preset 0x00da),generic 0x1cae90 (preset 0x00dd),58.354,no,"another wall pokes into the space between them, so a tighter pair covers this gap",generic 0x1cab7c (preset 0x00da)
generic 0x1cab7c (preset 0x00da),generic 0x1cb098 (preset 0x00df),51.723,no,"another wall pokes into the space between them, so a tighter pair covers this gap",generic 0x1cab7c (preset 0x00da)
generic 0x1cab7c (preset 0x00da),generic 0x1cb098 (preset 0x00df),51.771,no,"another wall pokes into the space between them, so a tighter pair covers this gap",generic 0x1cb098 (preset 0x00df)
generic 0x1cab7c (preset 0x00da),generic 0x1cac84 (preset 0x00db),53.628,no,"another wall pokes into the space between them, so a tighter pair covers this gap",generic 0x1cac84 (preset 0x00db)
generic 0x1cab7c (preset 0x00da),generic 0x1cac84 (preset 0x00db),34.955,yes,,
generic 0x1cab7c (preset 0x00da),generic 0x1cac84 (preset 0x00db),42.392,no,"another wall pokes into the space between them, so a tighter pair covers this gap",generic 0x1cac84 (preset 0x00db)
generic 0x1cab7c (preset 0x00da),generic 0x1cad8c (preset 0x00dc),46.020,no,"another wall pokes into the space between them, so a tighter pair covers this gap",generic 0x1cad8c (preset 0x00dc)
generic 0x1cab7c (preset 0x00da),generic 0x1cad8c (preset 0x00dc),51.470,no,"another wall pokes into the space between them, so a tighter pair covers this gap",generic 0x1cad8c (preset 0x00dc)
generic 0x1cab7c (preset 0x00da),generic 0x1cac84 (preset 0x00db),56.865,no,"another wall pokes into the space between them, so a tighter pair covers this gap",generic 0x1cab7c (preset 0x00da)
generic 0x1cab7c (preset 0x00da),generic 0x1cac84 (preset 0x00db),56.865,no,"another wall pokes into the space between them, so a tighter pair covers this gap",generic 0x1cab7c (preset 0x00da)
generic 0x1cab7c (preset 0x00da),generic 0x1cad8c (preset 0x00dc),51.789,no,"another wall pokes into the space between them, so a tighter pair covers this gap",generic 0x1cad8c (preset 0x00dc)
generic 0x1cab7c (preset 0x00da),generic 0x1cad8c (preset 0x00dc),53.843,no,"another wall pokes into the space between them, so a tighter pair covers this gap",generic 0x1cad8c (preset 0x00dc)
generic 0x1cab7c (preset 0x00da),generic 0x1cae90 (preset 0x00dd),36.613,yes,,
generic 0x1cab7c (preset 0x00da),generic 0x1cae90 (preset 0x00dd),41.643,no,"another wall pokes into the space between them, so a tighter pair covers this gap",generic 0x1cae90 (preset 0x00dd)
generic 0x1cab7c (preset 0x00da),generic 0x1cb098 (preset 0x00df),29.982,yes,,
generic 0x1cab7c (preset 0x00da),generic 0x1cb098 (preset 0x00df),34.642,no,"another wall pokes into the space between them, so a tighter pair covers this gap",generic 0x1cb098 (preset 0x00df)
generic 0x1cab7c (preset 0x00da),generic 0x1cad8c (preset 0x00dc),46.523,no,"another wall pokes into the space between them, so a tighter pair covers this gap",generic 0x1cad8c (preset 0x00dc)
generic 0x1cab7c (preset 0x00da),generic 0x1cad8c (preset 0x00dc),40.159,no,"another wall pokes into the space between them, so a tighter pair covers this gap",generic 0x1cad8c (preset 0x00dc)
generic 0x1cab7c (preset 0x00da),generic 0x1cae90 (preset 0x00dd),36.613,yes,,
generic 0x1cab7c (preset 0x00da),generic 0x1cae90 (preset 0x00dd),41.643,no,"another wall pokes into the space between them, so a tighter pair covers this gap",generic 0x1cae90 (preset 0x00dd)
generic 0x1cab7c (preset 0x00da),generic 0x1cae90 (preset 0x00dd),56.302,no,"another wall pokes into the space between them, so a tighter pair covers this gap",generic 0x1cae90 (preset 0x00dd)
generic 0x1cab7c (preset 0x00da),generic 0x1cb098 (preset 0x00df),29.982,yes,,
generic 0x1cab7c (preset 0x00da),generic 0x1cb098 (preset 0x00df),34.642,no,"another wall pokes into the space between them, so a tighter pair covers this gap",generic 0x1cb098 (preset 0x00df)
generic 0x1cab7c (preset 0x00da),generic 0x1cb098 (preset 0x00df),50.541,no,"another wall pokes into the space between them, so a tighter pair covers this gap",generic 0x1cb098 (preset 0x00df)
generic 0x1cac84 (preset 0x00db),generic 0x1cad8c (preset 0x00dc),49.847,no,"another wall pokes into the space between them, so a tighter pair covers this gap",generic 0x1cac84 (preset 0x00db)
generic 0x1cac84 (preset 0x00db),generic 0x1cad8c (preset 0x00dc),49.847,no,"another wall pokes into the space between them, so a tighter pair covers this gap",generic 0x1cac84 (preset 0x00db)
generic 0x1cac84 (preset 0x00db),generic 0x1cad8c (preset 0x00dc),29.866,yes,,
generic 0x1cac84 (preset 0x00db),generic 0x1cad8c (preset 0x00dc),29.866,yes,,
generic 0x1cac84 (preset 0x00db),generic 0x1cad8c (preset 0x00dc),56.239,no,"another wall pokes into the space between them, so a tighter pair covers this gap",generic 0x1cac84 (preset 0x00db)
generic 0x1cad8c (preset 0x00dc),generic 0x1cae90 (preset 0x00dd),29.866,yes,,
generic 0x1cad8c (preset 0x00dc),generic 0x1cae90 (preset 0x00dd),40.582,no,"another wall pokes into the space between them, so a tighter pair covers this gap",generic 0x1cae90 (preset 0x00dd)
generic 0x1cad8c (preset 0x00dc),generic 0x1cb098 (preset 0x00df),23.235,yes,,
generic 0x1cad8c (preset 0x00dc),generic 0x1cb098 (preset 0x00df),55.457,no,"another wall pokes into the space between them, so a tighter pair covers this gap",generic 0x1cb098 (preset 0x00df)
generic 0x1cad8c (preset 0x00dc),generic 0x1cb098 (preset 0x00df),37.916,no,"another wall pokes into the space between them, so a tighter pair covers this gap",generic 0x1cb098 (preset 0x00df)
generic 0x1cad8c (preset 0x00dc),generic 0x1cae90 (preset 0x00dd),29.866,yes,,
generic 0x1cad8c (preset 0x00dc),generic 0x1cae90 (preset 0x00dd),40.582,no,"another wall pokes into the space between them, so a tighter pair covers this gap",generic 0x1cae90 (preset 0x00dd)
generic 0x1cad8c (preset 0x00dc),generic 0x1cb098 (preset 0x00df),23.235,yes,,
generic 0x1cad8c (preset 0x00dc),generic 0x1cb098 (preset 0x00df),37.916,no,"another wall pokes into the space between them, so a tighter pair covers this gap",generic 0x1cb098 (preset 0x00df)
generic 0x1cae90 (preset 0x00dd),generic 0x1cb098 (preset 0x00df),6.631,no,the line between them touches another wall,generic 0x1cb098 (preset 0x00df)
generic 0x1cae90 (preset 0x00dd),generic 0x1cb098 (preset 0x00df),2.487,no,the line between them touches another wall,generic 0x1cb098 (preset 0x00df)
generic 0x1cae90 (preset 0x00dd),generic 0x1cb098 (preset 0x00df),7.082,no,"another wall pokes into the space between them, so a tighter pair covers this gap",generic 0x1cae90 (preset 0x00dd)
generic 0x1cae90 (preset 0x00dd),generic 0x1cb098 (preset 0x00df),2.487,no,the line between them touches another wall,generic 0x1cae90 (preset 0x00dd)
generic 0x1cae90 (preset 0x00dd),generic 0x1cb098 (preset 0x00df),2.487,no,the line between them touches another wall,generic 0x1cae90 (preset 0x00dd)
generic 0x1cae90 (preset 0x00dd),generic 0x1cb098 (preset 0x00df),6.631,no,the line between them touches another wall,generic 0x1cae90 (preset 0x00dd)
generic 0x1cae90 (preset 0x00dd),generic 0x1cb098 (preset 0x00df),6.631,no,the line between them touches another wall,generic 0x1cae90 (preset 0x00dd)
generic 0x1cae90 (preset 0x00dd),generic 0x1cb098 (preset 0x00df),7.082,no,"another wall pokes into the space between them, so a tighter pair covers this gap",generic 0x1cae90 (preset 0x00dd)
generic 0x1cae90 (preset 0x00dd),generic 0x1cb098 (preset 0x00df),6.631,no,the line between them touches another wall,generic 0x1cb098 (preset 0x00df)
generic 0x1cae90 (preset 0x00dd),generic 0x1cb098 (preset 0x00df),2.487,no,the line between them touches another wall,generic 0x1cb098 (preset 0x00df)
generic 0x1cb1a0 (preset 0x00e0),generic 0x1cb2a8 (preset 0x00e1),12.303,no,the line between them touches another wall,generic 0x1cb1a0 (preset 0x00e0)
generic 0x1cb1a0 (preset 0x00e0),generic 0x1cb2a8 (preset 0x00e1),12.303,no,the line between them touches another wall,generic 0x1cb1a0 (preset 0x00e0)
generic 0x1cb1a0 (preset 0x00e0),generic 0x1cb2a8 (preset 0x00e1),23.926,no,the line between them touches another wall,generic 0x1cb1a0 (preset 0x00e0)
generic 0x1cb1a0 (preset 0x00e0),generic 0x1cb3ac (preset 0x00e2),8.323,no,"another wall pokes into the space between them, so a tighter pair covers this gap",generic 0x1cb1a0 (preset 0x00e0)
generic 0x1cb1a0 (preset 0x00e0),generic 0x1cb3ac (preset 0x00e2),0.532,yes,,
generic 0x1cb1a0 (preset 0x00e0),generic 0x1cb3ac (preset 0x00e2),29.776,no,"another wall pokes into the space between them, so a tighter pair covers this gap",generic 0x1cb3ac (preset 0x00e2)
generic 0x1cb1a0 (preset 0x00e0),generic 0x1cb2a8 (preset 0x00e1),10.339,no,the line between them touches another wall,generic 0x1cb1a0 (preset 0x00e0)
generic 0x1cb1a0 (preset 0x00e0),generic 0x1cb3ac (preset 0x00e2),7.459,no,"another wall pokes into the space between them, so a tighter pair covers this gap",generic 0x1cb3ac (preset 0x00e2)
generic 0x1cb1a0 (preset 0x00e0),generic 0x1cb3ac (preset 0x00e2),0.532,yes,,
generic 0x1cb1a0 (preset 0x00e0),generic 0x1cb3ac (preset 0x00e2),58.634,no,"another wall pokes into the space between them, so a tighter pair covers this gap",generic 0x1cb1a0 (preset 0x00e0)
generic 0x1cb1a0 (preset 0x00e0),generic 0x1cb2a8 (preset 0x00e1),14.039,no,"another wall pokes into the space between them, so a tighter pair covers this gap",generic 0x1cb1a0 (preset 0x00e0)
generic 0x1cb1a0 (preset 0x00e0),generic 0x1cb2a8 (preset 0x00e1),2.356,no,the line between them touches another wall,generic 0x1cb1a0 (preset 0x00e0)
generic 0x1cb1a0 (preset 0x00e0),generic 0x1cb2a8 (preset 0x00e1),2.356,no,the line between them touches another wall,generic 0x1cb1a0 (preset 0x00e0)
generic 0x1cb1a0 (preset 0x00e0),generic 0x1cb2a8 (preset 0x00e1),15.943,no,the line between them touches another wall,generic 0x1cb1a0 (preset 0x00e0)
generic 0x1cb1a0 (preset 0x00e0),generic 0x1cb2a8 (preset 0x00e1),27.567,no,the line between them touches another wall,generic 0x1cb1a0 (preset 0x00e0)
generic 0x1cb1a0 (preset 0x00e0),generic 0x1cb2a8 (preset 0x00e1),15.943,no,the line between them touches another wall,generic 0x1cb1a0 (preset 0x00e0)
generic 0x1cb1a0 (preset 0x00e0),generic 0x1cb3ac (preset 0x00e2),51.234,no,"another wall pokes into the space between them, so a tighter pair covers this gap",generic 0x1cb1a0 (preset 0x00e0)
generic 0x1cb1a0 (preset 0x00e0),generic 0x1cb3ac (preset 0x00e2),51.234,no,"another wall pokes into the space between them, so a tighter pair covers this gap",generic 0x1cb1a0 (preset 0x00e0)
generic 0x1cb2a8 (preset 0x00e1),generic 0x1cb3ac (preset 0x00e2),19.772,no,"another wall pokes into the space between them, so a tighter pair covers this gap",generic 0x1cb3ac (preset 0x00e2)
generic 0x1cb2a8 (preset 0x00e1),generic 0x1cb3ac (preset 0x00e2),16.356,yes,,
generic 0x1cb2a8 (preset 0x00e1),generic 0x1cb3ac (preset 0x00e2),48.415,no,"another wall pokes into the space between them, so a tighter pair covers this gap",generic 0x1cb3ac (preset 0x00e2)
generic 0x1cb2a8 (preset 0x00e1),generic 0x1cb3ac (preset 0x00e2),19.772,no,"another wall pokes into the space between them, so a tighter pair covers this gap",generic 0x1cb3ac (preset 0x00e2)
generic 0x1cb2a8 (preset 0x00e1),generic 0x1cb3ac (preset 0x00e2),16.356,yes,,
generic 0x1cb2a8 (preset 0x00e1),generic 0x1cb3ac (preset 0x00e2),58.175,no,"another wall pokes into the space between them, so a tighter pair covers this gap",generic 0x1cb3ac (preset 0x00e2)
generic 0x1cb2a8 (preset 0x00e1),generic 0x1cb3ac (preset 0x00e2),59.382,no,"another wall pokes into the space between them, so a tighter pair covers this gap",generic 0x1cb2a8 (preset 0x00e1)
generic 0x1cb2a8 (preset 0x00e1),generic 0x1cb3ac (preset 0x00e2),59.557,no,"another wall pokes into the space between them, so a tighter pair covers this gap",generic 0x1cb3ac (preset 0x00e2)
generic 0x1cb5b4 (preset 0x00e4),generic 0x1cb6bc (preset 0x00e5),7.100,no,the line between them touches another wall,generic 0x1cb5b4 (preset 0x00e4)
generic 0x1cb5b4 (preset 0x00e4),generic 0x1cb6bc (preset 0x00e5),7.100,no,the line between them touches another wall,generic 0x1cb5b4 (preset 0x00e4)
generic 0x1cb5b4 (preset 0x00e4),generic 0x1cb6bc (preset 0x00e5),21.686,no,the line between them touches another wall,generic 0x1cb5b4 (preset 0x00e4)
generic 0x1cb5b4 (preset 0x00e4),generic 0x1cb6bc (preset 0x00e5),6.967,no,the line between them touches another wall,generic 0x1cb5b4 (preset 0x00e4)
generic 0x1cb5b4 (preset 0x00e4),generic 0x1cb6bc (preset 0x00e5),13.308,no,neither wall could be placed on a tile,
generic 0x1cb5b4 (preset 0x00e4),generic 0x1cb6bc (preset 0x00e5),11.044,no,the line between them touches another wall,generic 0x1cb5b4 (preset 0x00e4)
generic 0x1cb5b4 (preset 0x00e4),generic 0x1cb6bc (preset 0x00e5),25.892,no,"another wall pokes into the space between them, so a tighter pair covers this gap",generic 0x1cb6bc (preset 0x00e5)
generic 0x1cb5b4 (preset 0x00e4),generic 0x1cb6bc (preset 0x00e5),11.044,no,the line between them touches another wall,generic 0x1cb5b4 (preset 0x00e4)
generic 0x1cb840 (preset 0x00e9),generic 0x1cc6d0 (preset 0x2724),37.034,no,"another wall pokes into the space between them, so a tighter pair covers this gap",generic 0x1cb840 (preset 0x00e9)
generic 0x1cb840 (preset 0x00e9),generic 0x1cc6d0 (preset 0x2724),37.034,no,"another wall pokes into the space between them, so a tighter pair covers this gap",generic 0x1cb840 (preset 0x00e9)
generic 0x1cb840 (preset 0x00e9),generic 0x1cc6d0 (preset 0x2724),34.903,yes,,
generic 0x1cb840 (preset 0x00e9),generic 0x1cc6d0 (preset 0x2724),34.903,yes,,
gas_container 0x1cb950 (preset 0x00f5),gas_container 0x1cbdd0 (preset 0x00fd),48.140,yes,,
gas_container 0x1cb950 (preset 0x00f5),gas_container 0x1cbdd0 (preset 0x00fd),48.140,yes,,
gas_container 0x1cb950 (preset 0x00f5),gas_container 0x1cbb00 (preset 0x00f8),32.901,no,"another wall pokes into the space between them, so a tighter pair covers this gap",gas_container 0x1cbb00 (preset 0x00f8)
gas_container 0x1cb950 (preset 0x00f5),gas_container 0x1cbb00 (preset 0x00f8),32.901,yes,,
gas_container 0x1cb950 (preset 0x00f5),gas_container 0x1cbb00 (preset 0x00f8),32.901,yes,,
gas_container 0x1cb950 (preset 0x00f5),gas_container 0x1cbdd0 (preset 0x00fd),48.140,yes,,
gas_container 0x1cb950 (preset 0x00f5),gas_container 0x1cbdd0 (preset 0x00fd),48.140,yes,,
gas_container 0x1cb950 (preset 0x00f5),gas_container 0x1cbb00 (preset 0x00f8),46.788,no,"another wall pokes into the space between them, so a tighter pair covers this gap",gas_container 0x1cb950 (preset 0x00f5)
gas_container 0x1cb950 (preset 0x00f5),gas_container 0x1cbb00 (preset 0x00f8),46.788,no,"another wall pokes into the space between them, so a tighter pair covers this gap",gas_container 0x1cb950 (preset 0x00f5)
gas_container 0x1cb9e0 (preset 0x00f6),gas_container 0x1cbb90 (preset 0x00f9),8.733,no,the line between them touches another wall,gas_container 0x1cb9e0 (preset 0x00f6)
gas_container 0x1cb9e0 (preset 0x00f6),gas_container 0x1cbb90 (preset 0x00f9),8.733,no,the line between them touches another wall,gas_container 0x1cb9e0 (preset 0x00f6)
gas_container 0x1cb9e0 (preset 0x00f6),gas_container 0x1cbd40 (preset 0x00fc),17.005,no,the line between them touches another wall,gas_container 0x1cb9e0 (preset 0x00f6)
gas_container 0x1cb9e0 (preset 0x00f6),gas_container 0x1cbb90 (preset 0x00f9),8.733,no,the line between them touches another wall,gas_container 0x1cbb90 (preset 0x00f9)
gas_container 0x1cb9e0 (preset 0x00f6),gas_container 0x1cbb90 (preset 0x00f9),9.099,no,the line between them touches another wall,gas_container 0x1cbb90 (preset 0x00f9)
gas_container 0x1cb9e0 (preset 0x00f6),gas_container 0x1cbd40 (preset 0x00fc),0.320,no,the line between them touches another wall,gas_container 0x1cb9e0 (preset 0x00f6)
gas_container 0x1cb9e0 (preset 0x00f6),gas_container 0x1cbb90 (preset 0x00f9),8.733,no,the line between them touches another wall,gas_container 0x1cbb90 (preset 0x00f9)
gas_container 0x1cba70 (preset 0x00f7),gas_container 0x1cbcb0 (preset 0x00fb),48.140,yes,,
gas_container 0x1cba70 (preset 0x00f7),gas_container 0x1cbcb0 (preset 0x00fb),48.140,yes,,
gas_container 0x1cba70 (preset 0x00f7),gas_container 0x1cbcb0 (preset 0x00fb),48.140,yes,,
gas_container 0x1cba70 (preset 0x00f7),gas_container 0x1cbcb0 (preset 0x00fb),48.140,yes,,
gas_container 0x1cbb90 (preset 0x00f9),gas_container 0x1cbd40 (preset 0x00fc),8.779,no,the line between them touches another wall,gas_container 0x1cbd40 (preset 0x00fc)
gas_container 0x1cbb90 (preset 0x00f9),gas_container 0x1cbd40 (preset 0x00fc),8.272,no,the line between them touches another wall,gas_container 0x1cbd40 (preset 0x00fc)
gas_container 0x1cbb90 (preset 0x00f9),gas_container 0x1cbd40 (preset 0x00fc),8.779,no,the line between them touches another wall,gas_container 0x1cbd40 (preset 0x00fc)
gas_container 0x1cbb90 (preset 0x00f9),gas_container 0x1cbd40 (preset 0x00fc),8.779,no,the line between them touches another wall,gas_container 0x1cbb90 (preset 0x00f9)
gas_container 0x1cbb90 (preset 0x00f9),gas_container 0x1cbd40 (preset 0x00fc),8.779,no,the line between them touches another wall,gas_container 0x1cbb90 (preset 0x00f9)
gas_container 0x1cbc20 (preset 0x00fa),gas_container 0x1cbcb0 (preset 0x00fb),32.901,yes,,
gas_container 0x1cbc20 (preset 0x00fa),gas_container 0x1cbcb0 (preset 0x00fb),46.788,no,"another wall pokes into the space between them, so a tighter pair covers this gap",gas_container 0x1cbcb0 (preset 0x00fb)
gas_container 0x1cbc20 (preset 0x00fa),gas_container 0x1cbcb0 (preset 0x00fb),32.901,yes,,
gas_container 0x1cbc20 (preset 0x00fa),gas_container 0x1cbcb0 (preset 0x00fb),32.901,no,"another wall pokes into the space between them, so a tighter pair covers this gap",gas_container 0x1cbc20 (preset 0x00fa)
gas_container 0x1cbc20 (preset 0x00fa),gas_container 0x1cbcb0 (preset 0x00fb),46.788,no,"another wall pokes into the space between them, so a tighter pair covers this gap",gas_container 0x1cbcb0 (preset 0x00fb)
gas_container 0x1cbcb0 (preset 0x00fb),monitor 0x1ce540 (preset 0x274b),12.505,no,the far wall faces the other way (it belongs to floor which isn't linked here),
gas_container 0x1cbcb0 (preset 0x00fb),monitor 0x1ce540 (preset 0x274b),12.505,no,the far wall faces the other way (it belongs to floor which isn't linked here),
gas_container 0x1cbcb0 (preset 0x00fb),generic 0x1ce640 (preset 0x274c),2.846,no,the far wall faces the other way (it belongs to floor which isn't linked here),
gas_container 0x1cbcb0 (preset 0x00fb),generic 0x1ce640 (preset 0x274c),2.861,no,the far wall faces the other way (it belongs to floor which isn't linked here),
gas_container 0x1cbcb0 (preset 0x00fb),generic 0x1ce6c0 (preset 0x274d),1.879,no,the line between them touches another wall,gas_container 0x1cbcb0 (preset 0x00fb)
gas_container 0x1cbcb0 (preset 0x00fb),generic 0x1ce6c0 (preset 0x274d),35.124,no,the far wall faces the other way (it belongs to floor which isn't linked here),
gas_container 0x1cbcb0 (preset 0x00fb),generic 0x1ce6c0 (preset 0x274d),1.893,no,the line between them touches another wall,gas_container 0x1cbcb0 (preset 0x00fb)
gas_container 0x1cbcb0 (preset 0x00fb),generic 0x1ce640 (preset 0x274c),36.986,no,the far wall faces the other way (it belongs to floor which isn't linked here),
gas_container 0x1cbcb0 (preset 0x00fb),generic 0x1ce640 (preset 0x274c),37.114,no,the line between them touches another wall,gas_container 0x1cbcb0 (preset 0x00fb)
gas_container 0x1cbcb0 (preset 0x00fb),generic 0x1ce6c0 (preset 0x274d),37.330,no,the line between them touches another wall,gas_container 0x1cbcb0 (preset 0x00fb)
gas_container 0x1cbcb0 (preset 0x00fb),generic 0x1ce6c0 (preset 0x274d),37.164,no,the far wall faces the other way (it belongs to floor which isn't linked here),
gas_container 0x1cbcb0 (preset 0x00fb),generic 0x1ce6c0 (preset 0x274d),34.841,no,the far wall faces the other way (it belongs to floor which isn't linked here),
gas_container 0x1cbcb0 (preset 0x00fb),monitor 0x1ce540 (preset 0x274b),12.505,no,the far wall faces the other way (it belongs to floor which isn't linked here),
gas_container 0x1cbcb0 (preset 0x00fb),monitor 0x1ce540 (preset 0x274b),12.505,no,the far wall faces the other way (it belongs to floor which isn't linked here),
gas_container 0x1cbcb0 (preset 0x00fb),generic 0x1ce640 (preset 0x274c),59.610,no,the far wall faces the other way (it belongs to floor which isn't linked here),
gas_container 0x1cbcb0 (preset 0x00fb),generic 0x1ce640 (preset 0x274c),59.611,no,the far wall faces the other way (it belongs to floor which isn't linked here),
gas_container 0x1cbcb0 (preset 0x00fb),generic 0x1ce640 (preset 0x274c),59.610,no,the far wall faces the other way (it belongs to floor which isn't linked here),
gas_container 0x1cbd40 (preset 0x00fc),generic 0x1ce220 (preset 0x2746),33.304,no,the far wall faces the other way (it belongs to floor which isn't linked here),
gas_container 0x1cbd40 (preset 0x00fc),generic 0x1ce220 (preset 0x2746),33.319,no,the far wall faces the other way (it belongs to floor which isn't linked here),
gas_container 0x1cbd40 (preset 0x00fc),generic 0x1ce220 (preset 0x2746),29.210,no,the far wall faces the other way (it belongs to floor which isn't linked here),
gas_container 0x1cbd40 (preset 0x00fc),generic 0x1ce220 (preset 0x2746),29.210,no,the far wall faces the other way (it belongs to floor which isn't linked here),
gas_container 0x1cbd40 (preset 0x00fc),generic 0x1ce2a0 (preset 0x2747),33.997,no,the far wall faces the other way (it belongs to floor which isn't linked here),
gas_container 0x1cbd40 (preset 0x00fc),generic 0x1ce2a0 (preset 0x2747),33.997,no,the far wall faces the other way (it belongs to floor which isn't linked here),
gas_container 0x1cbd40 (preset 0x00fc),generic 0x1ce220 (preset 0x2746),38.284,no,the far wall faces the other way (it belongs to floor which isn't linked here),
gas_container 0x1cbd40 (preset 0x00fc),generic 0x1ce220 (preset 0x2746),38.297,no,the far wall faces the other way (it belongs to floor which isn't linked here),
gas_container 0x1cbd40 (preset 0x00fc),generic 0x1ce220 (preset 0x2746),38.284,no,the far wall faces the other way (it belongs to floor which isn't linked here),
gas_container 0x1cbd40 (preset 0x00fc),generic 0x1ce2a0 (preset 0x2747),38.993,no,the far wall faces the other way (it belongs to floor which isn't linked here),
gas_container 0x1cbd40 (preset 0x00fc),generic 0x1ce2a0 (preset 0x2747),35.024,no,the far wall faces the other way (it belongs to floor which isn't linked here),
generic 0x1cc350 (preset 0x00cb),generic 0x1cc4d0 (preset 0x2720),21.949,no,"another wall pokes into the space between them, so a tighter pair covers this gap",generic 0x1cc350 (preset 0x00cb)
generic 0x1cc350 (preset 0x00cb),generic 0x1cc4d0 (preset 0x2720),23.929,no,"another wall pokes into the space between them, so a tighter pair covers this gap",generic 0x1cc4d0 (preset 0x2720)
generic 0x1cc350 (preset 0x00cb),generic 0x1cc4d0 (preset 0x2720),23.932,no,the line between them touches another wall,generic 0x1cc4d0 (preset 0x2720)
generic 0x1cc350 (preset 0x00cb),generic 0x1cc4d0 (preset 0x2720),21.562,yes,,
generic 0x1cc350 (preset 0x00cb),generic 0x1cc4d0 (preset 0x2720),23.929,no,"another wall pokes into the space between them, so a tighter pair covers this gap",generic 0x1cc4d0 (preset 0x2720)
generic 0x1cc350 (preset 0x00cb),generic 0x1cc4d0 (preset 0x2720),23.932,no,the line between them touches another wall,generic 0x1cc4d0 (preset 0x2720)
generic 0x1cc350 (preset 0x00cb),generic 0x1cc4d0 (preset 0x2720),21.562,yes,,
generic 0x1cc3d0 (preset 0x00cd),generic 0x1cc550 (preset 0x2721),41.501,no,"another wall pokes into the space between them, so a tighter pair covers this gap",generic 0x1cc3d0 (preset 0x00cd)
generic 0x1cc3d0 (preset 0x00cd),generic 0x1cc550 (preset 0x2721),20.702,yes,,
generic 0x1cc3d0 (preset 0x00cd),generic 0x1cc550 (preset 0x2721),41.461,no,"another wall pokes into the space between them, so a tighter pair covers this gap",generic 0x1cc550 (preset 0x2721)
generic 0x1cc3d0 (preset 0x00cd),generic 0x1cc550 (preset 0x2721),20.702,yes,,
generic 0x1cc3d0 (preset 0x00cd),generic 0x1cc550 (preset 0x2721),55.793,no,"another wall pokes into the space between them, so a tighter pair covers this gap",generic 0x1cc3d0 (preset 0x00cd)
generic 0x1cc4d0 (preset 0x2720),generic 0x1cc4d0 (preset 0x2720),0.004,no,the line between them touches another wall,generic 0x1cc4d0 (preset 0x2720)
generic 0x1cc4d0 (preset 0x2720),generic 0x1cc4d0 (preset 0x2720),0.004,no,the line between them touches another wall,generic 0x1cc4d0 (preset 0x2720)
generic 0x1cc550 (preset 0x2721),generic 0x1cc550 (preset 0x2721),0.003,no,the line between them touches another wall,generic 0x1cc550 (preset 0x2721)
generic 0x1cc550 (preset 0x2721),generic 0x1cc550 (preset 0x2721),0.004,no,the line between them touches another wall,generic 0x1cc550 (preset 0x2721)
generic 0x1cc5d0 (preset 0x2722),generic 0x1cc5d0 (preset 0x2722),0.003,no,neither wall could be placed on a tile,
generic 0x1cc5d0 (preset 0x2722),generic 0x1cc5d0 (preset 0x2722),0.003,no,the line between them touches another wall,generic 0x1cc5d0 (preset 0x2722)
generic 0x1cc650 (preset 0x2723),generic 0x1cc650 (preset 0x2723),0.003,no,the line between them touches another wall,generic 0x1cc650 (preset 0x2723)
generic 0x1cc650 (preset 0x2723),generic 0x1cc650 (preset 0x2723),0.003,no,the line between them touches another wall,generic 0x1cc650 (preset 0x2723)
generic 0x1cc6d0 (preset 0x2724),generic 0x1cc6d0 (preset 0x2724),0.004,no,the line between them touches another wall,generic 0x1cc6d0 (preset 0x2724)
generic 0x1cc6d0 (preset 0x2724),generic 0x1cc6d0 (preset 0x2724),0.004,no,the line between them touches another wall,generic 0x1cc6d0 (preset 0x2724)
monitor 0x1cd760 (preset 0x2734),monitor 0x1cd760 (preset 0x2734),0.015,no,the line between them touches another wall,monitor 0x1cd760 (preset 0x2734)
monitor 0x1cd760 (preset 0x2734),generic 0x1cd860 (preset 0x2735),0.125,no,"another wall pokes into the space between them, so a tighter pair covers this gap",monitor 0x1cd760 (preset 0x2734)
monitor 0x1cd760 (preset 0x2734),generic 0x1cd860 (preset 0x2735),0.125,no,the line between them touches another wall,monitor 0x1cd760 (preset 0x2734)
monitor 0x1cd760 (preset 0x2734),generic 0x1cd860 (preset 0x2735),0.140,no,the line between them touches another wall,monitor 0x1cd760 (preset 0x2734)
monitor 0x1cd760 (preset 0x2734),monitor 0x1cd760 (preset 0x2734),0.015,no,the line between them touches another wall,monitor 0x1cd760 (preset 0x2734)
monitor 0x1cd760 (preset 0x2734),generic 0x1cd860 (preset 0x2735),0.127,no,the line between them touches another wall,generic 0x1cd860 (preset 0x2735)
monitor 0x1cd760 (preset 0x2734),generic 0x1cd860 (preset 0x2735),0.179,no,the line between them touches another wall,monitor 0x1cd760 (preset 0x2734)
monitor 0x1cd760 (preset 0x2734),generic 0x1cd860 (preset 0x2735),0.127,no,the line between them touches another wall,generic 0x1cd860 (preset 0x2735)
monitor 0x1cd760 (preset 0x2734),generic 0x1cd860 (preset 0x2735),0.179,no,the line between them touches another wall,monitor 0x1cd760 (preset 0x2734)
monitor 0x1cd760 (preset 0x2734),generic 0x1cd860 (preset 0x2735),0.179,no,the line between them touches another wall,monitor 0x1cd760 (preset 0x2734)
monitor 0x1cd760 (preset 0x2734),generic 0x1cd860 (preset 0x2735),0.142,no,the line between them touches another wall,generic 0x1cd860 (preset 0x2735)
generic 0x1cd860 (preset 0x2735),generic 0x1cd860 (preset 0x2735),0.015,no,the line between them touches another wall,generic 0x1cd860 (preset 0x2735)
generic 0x1cd860 (preset 0x2735),generic 0x1cd8e0 (preset 0x2736),0.127,no,the line between them touches another wall,generic 0x1cd860 (preset 0x2735)
generic 0x1cd860 (preset 0x2735),generic 0x1cd8e0 (preset 0x2736),0.127,no,the line between them touches another wall,generic 0x1cd860 (preset 0x2735)
generic 0x1cd860 (preset 0x2735),generic 0x1cd8e0 (preset 0x2736),0.142,no,the line between them touches another wall,generic 0x1cd860 (preset 0x2735)
generic 0x1cd860 (preset 0x2735),generic 0x1cd860 (preset 0x2735),0.015,no,the line between them touches another wall,generic 0x1cd860 (preset 0x2735)
generic 0x1cd860 (preset 0x2735),generic 0x1cd8e0 (preset 0x2736),0.125,no,"another wall pokes into the space between them, so a tighter pair covers this gap",generic 0x1cd8e0 (preset 0x2736)
generic 0x1cd860 (preset 0x2735),generic 0x1cd8e0 (preset 0x2736),0.179,no,the line between them touches another wall,generic 0x1cd860 (preset 0x2735)
generic 0x1cd860 (preset 0x2735),generic 0x1cd8e0 (preset 0x2736),0.125,no,the line between them touches another wall,generic 0x1cd8e0 (preset 0x2736)
generic 0x1cd860 (preset 0x2735),generic 0x1cd8e0 (preset 0x2736),0.179,no,the line between them touches another wall,generic 0x1cd860 (preset 0x2735)
generic 0x1cd860 (preset 0x2735),generic 0x1cd8e0 (preset 0x2736),0.179,no,the line between them touches another wall,generic 0x1cd860 (preset 0x2735)
generic 0x1cd860 (preset 0x2735),generic 0x1cd8e0 (preset 0x2736),0.140,no,the line between them touches another wall,generic 0x1cd8e0 (preset 0x2736)
generic 0x1cd8e0 (preset 0x2736),generic 0x1cd8e0 (preset 0x2736),0.015,no,the line between them touches another wall,generic 0x1cd8e0 (preset 0x2736)
generic 0x1cd8e0 (preset 0x2736),generic 0x1cd8e0 (preset 0x2736),0.015,no,the line between them touches another wall,generic 0x1cd8e0 (preset 0x2736)
monitor 0x1cd970 (preset 0x2737),monitor 0x1cd970 (preset 0x2737),0.015,no,the line between them touches another wall,monitor 0x1cd970 (preset 0x2737)
monitor 0x1cd970 (preset 0x2737),monitor 0x1cd970 (preset 0x2737),0.015,no,the line between them touches another wall,monitor 0x1cd970 (preset 0x2737)
monitor 0x1cd970 (preset 0x2737),generic 0x1cda70 (preset 0x2738),0.127,no,the line between them touches another wall,generic 0x1cda70 (preset 0x2738)
monitor 0x1cd970 (preset 0x2737),generic 0x1cda70 (preset 0x2738),0.179,no,the line between them touches another wall,monitor 0x1cd970 (preset 0x2737)
monitor 0x1cd970 (preset 0x2737),generic 0x1cda70 (preset 0x2738),0.127,no,the line between them touches another wall,generic 0x1cda70 (preset 0x2738)
monitor 0x1cd970 (preset 0x2737),generic 0x1cda70 (preset 0x2738),0.179,no,the line between them touches another wall,generic 0x1cda70 (preset 0x2738)
monitor 0x1cd970 (preset 0x2737),generic 0x1cda70 (preset 0x2738),0.179,no,the line between them touches another wall,monitor 0x1cd970 (preset 0x2737)
monitor 0x1cd970 (preset 0x2737),generic 0x1cda70 (preset 0x2738),0.142,no,the line between them touches another wall,generic 0x1cda70 (preset 0x2738)
monitor 0x1cd970 (preset 0x2737),generic 0x1cda70 (preset 0x2738),0.000,no,the line between them touches another wall,generic 0x1cda70 (preset 0x2738)
monitor 0x1cd970 (preset 0x2737),generic 0x1cda70 (preset 0x2738),0.015,no,the line between them touches another wall,monitor 0x1cd970 (preset 0x2737)
monitor 0x1cd970 (preset 0x2737),generic 0x1cda70 (preset 0x2738),0.000,no,the line between them touches another wall,generic 0x1cda70 (preset 0x2738)
generic 0x1cda70 (preset 0x2738),generic 0x1cda70 (preset 0x2738),0.015,no,the line between them touches another wall,generic 0x1cda70 (preset 0x2738)
generic 0x1cda70 (preset 0x2738),generic 0x1cda70 (preset 0x2738),0.015,no,the line between them touches another wall,generic 0x1cda70 (preset 0x2738)
generic 0x1cda70 (preset 0x2738),generic 0x1cdaf0 (preset 0x2739),0.125,no,"another wall pokes into the space between them, so a tighter pair covers this gap",generic 0x1cdaf0 (preset 0x2739)
generic 0x1cda70 (preset 0x2738),generic 0x1cdaf0 (preset 0x2739),0.179,no,the line between them touches another wall,generic 0x1cda70 (preset 0x2738)
generic 0x1cda70 (preset 0x2738),generic 0x1cdaf0 (preset 0x2739),0.125,no,the line between them touches another wall,generic 0x1cdaf0 (preset 0x2739)
generic 0x1cda70 (preset 0x2738),generic 0x1cdaf0 (preset 0x2739),0.179,no,the line between them touches another wall,generic 0x1cda70 (preset 0x2738)
generic 0x1cda70 (preset 0x2738),generic 0x1cdaf0 (preset 0x2739),0.179,no,the line between them touches another wall,generic 0x1cda70 (preset 0x2738)
generic 0x1cda70 (preset 0x2738),generic 0x1cdaf0 (preset 0x2739),0.140,no,the line between them touches another wall,generic 0x1cdaf0 (preset 0x2739)
generic 0x1cda70 (preset 0x2738),generic 0x1cdaf0 (preset 0x2739),0.127,no,the line between them touches another wall,generic 0x1cda70 (preset 0x2738)
generic 0x1cda70 (preset 0x2738),generic 0x1cdaf0 (preset 0x2739),0.142,no,the line between them touches another wall,generic 0x1cda70 (preset 0x2738)
generic 0x1cda70 (preset 0x2738),generic 0x1cdaf0 (preset 0x2739),0.127,no,the line between them touches another wall,generic 0x1cda70 (preset 0x2738)
generic 0x1cdaf0 (preset 0x2739),generic 0x1cdaf0 (preset 0x2739),0.015,no,the line between them touches another wall,generic 0x1cdaf0 (preset 0x2739)
generic 0x1cdaf0 (preset 0x2739),generic 0x1cdaf0 (preset 0x2739),0.015,no,the line between them touches another wall,generic 0x1cdaf0 (preset 0x2739)
monitor 0x1cdb80 (preset 0x273a),monitor 0x1cdb80 (preset 0x273a),0.015,no,the line between them touches another wall,monitor 0x1cdb80 (preset 0x273a)
monitor 0x1cdb80 (preset 0x273a),monitor 0x1cdb80 (preset 0x273a),0.015,no,neither wall could be placed on a tile,
generic 0x1cdc80 (preset 0x273b),generic 0x1cdc80 (preset 0x273b),0.015,no,the line between them touches another wall,generic 0x1cdc80 (preset 0x273b)
generic 0x1cdc80 (preset 0x273b),generic 0x1cdc80 (preset 0x273b),0.015,no,neither wall could be placed on a tile,
generic 0x1cdd00 (preset 0x273c),generic 0x1cdd00 (preset 0x273c),0.015,no,the line between them touches another wall,generic 0x1cdd00 (preset 0x273c)
generic 0x1cdd00 (preset 0x273c),generic 0x1cdd00 (preset 0x273c),0.015,no,neither wall could be placed on a tile,
monitor 0x1cdd90 (preset 0x273d),monitor 0x1cdd90 (preset 0x273d),0.015,no,the line between them touches another wall,monitor 0x1cdd90 (preset 0x273d)
monitor 0x1cdd90 (preset 0x273d),monitor 0x1cdd90 (preset 0x273d),0.015,no,neither wall could be placed on a tile,
generic 0x1cde90 (preset 0x273e),generic 0x1cde90 (preset 0x273e),0.015,no,neither wall could be placed on a tile,
generic 0x1cde90 (preset 0x273e),generic 0x1cde90 (preset 0x273e),0.015,no,the line between them touches another wall,generic 0x1cde90 (preset 0x273e)
generic 0x1cdf10 (preset 0x273f),generic 0x1cdf10 (preset 0x273f),0.015,no,neither wall could be placed on a tile,
generic 0x1cdf10 (preset 0x273f),generic 0x1cdf10 (preset 0x273f),0.015,no,the line between them touches another wall,generic 0x1cdf10 (preset 0x273f)
generic 0x1cdf90 (preset 0x2742),generic 0x1cdf90 (preset 0x2742),0.015,no,the line between them touches another wall,generic 0x1cdf90 (preset 0x2742)
generic 0x1cdf90 (preset 0x2742),generic 0x1ce010 (preset 0x2743),0.703,no,the line between them touches another wall,generic 0x1ce010 (preset 0x2743)
generic 0x1cdf90 (preset 0x2742),generic 0x1ce010 (preset 0x2743),0.689,no,the line between them touches another wall,generic 0x1ce010 (preset 0x2743)
generic 0x1cdf90 (preset 0x2742),generic 0x1cdf90 (preset 0x2742),0.015,no,the line between them touches another wall,generic 0x1cdf90 (preset 0x2742)
generic 0x1cdf90 (preset 0x2742),generic 0x1ce010 (preset 0x2743),0.686,no,the line between them touches another wall,generic 0x1cdf90 (preset 0x2742)
generic 0x1cdf90 (preset 0x2742),generic 0x1ce010 (preset 0x2743),0.686,no,the line between them touches another wall,generic 0x1cdf90 (preset 0x2742)
generic 0x1cdf90 (preset 0x2742),generic 0x1ce010 (preset 0x2743),0.694,no,the line between them touches another wall,generic 0x1cdf90 (preset 0x2742)
generic 0x1cdf90 (preset 0x2742),generic 0x1ce010 (preset 0x2743),0.672,no,the line between them touches another wall,generic 0x1cdf90 (preset 0x2742)
generic 0x1cdf90 (preset 0x2742),generic 0x1ce010 (preset 0x2743),0.703,no,the line between them touches another wall,generic 0x1ce010 (preset 0x2743)
generic 0x1cdf90 (preset 0x2742),generic 0x1ce010 (preset 0x2743),0.711,no,the line between them touches another wall,generic 0x1ce010 (preset 0x2743)
generic 0x1cdf90 (preset 0x2742),generic 0x1ce010 (preset 0x2743),0.176,no,the line between them touches another wall,generic 0x1ce010 (preset 0x2743)
generic 0x1ce010 (preset 0x2743),generic 0x1ce010 (preset 0x2743),0.015,no,the line between them touches another wall,generic 0x1ce010 (preset 0x2743)
generic 0x1ce010 (preset 0x2743),generic 0x1ce010 (preset 0x2743),0.015,no,the line between them touches another wall,generic 0x1ce010 (preset 0x2743)
monitor 0x1ce0a0 (preset 0x2744),monitor 0x1ce0a0 (preset 0x2744),0.015,no,the line between them touches another wall,monitor 0x1ce0a0 (preset 0x2744)
monitor 0x1ce0a0 (preset 0x2744),generic 0x1ce1a0 (preset 0x2745),0.701,no,the line between them touches another wall,generic 0x1ce1a0 (preset 0x2745)
monitor 0x1ce0a0 (preset 0x2744),generic 0x1ce1a0 (preset 0x2745),0.687,no,the line between them touches another wall,generic 0x1ce1a0 (preset 0x2745)
monitor 0x1ce0a0 (preset 0x2744),monitor 0x1ce0a0 (preset 0x2744),0.015,no,the line between them touches another wall,monitor 0x1ce0a0 (preset 0x2744)
monitor 0x1ce0a0 (preset 0x2744),generic 0x1ce1a0 (preset 0x2745),0.111,no,"another wall pokes into the space between them, so a tighter pair covers this gap",generic 0x1ce1a0 (preset 0x2745)
monitor 0x1ce0a0 (preset 0x2744),generic 0x1ce1a0 (preset 0x2745),0.178,no,the line between them touches another wall,monitor 0x1ce0a0 (preset 0x2744)
monitor 0x1ce0a0 (preset 0x2744),generic 0x1ce1a0 (preset 0x2745),0.111,no,the line between them touches another wall,generic 0x1ce1a0 (preset 0x2745)
monitor 0x1ce0a0 (preset 0x2744),generic 0x1ce1a0 (preset 0x2745),0.701,no,the line between them touches another wall,generic 0x1ce1a0 (preset 0x2745)
monitor 0x1ce0a0 (preset 0x2744),generic 0x1ce1a0 (preset 0x2745),0.709,no,the line between them touches another wall,generic 0x1ce1a0 (preset 0x2745)
monitor 0x1ce0a0 (preset 0x2744),generic 0x1ce1a0 (preset 0x2745),0.178,no,the line between them touches another wall,monitor 0x1ce0a0 (preset 0x2744)
monitor 0x1ce0a0 (preset 0x2744),generic 0x1ce1a0 (preset 0x2745),0.125,no,the line between them touches another wall,generic 0x1ce1a0 (preset 0x2745)
generic 0x1ce1a0 (preset 0x2745),generic 0x1ce1a0 (preset 0x2745),0.015,no,the line between them touches another wall,generic 0x1ce1a0 (preset 0x2745)
generic 0x1ce1a0 (preset 0x2745),generic 0x1ce1a0 (preset 0x2745),0.015,no,the line between them touches another wall,generic 0x1ce1a0 (preset 0x2745)
generic 0x1ce220 (preset 0x2746),generic 0x1ce2a0 (preset 0x2747),0.711,no,the line between them touches another wall,generic 0x1ce220 (preset 0x2746)
generic 0x1ce220 (preset 0x2746),generic 0x1ce2a0 (preset 0x2747),0.689,no,the line between them touches another wall,generic 0x1ce220 (preset 0x2746)
generic 0x1ce220 (preset 0x2746),generic 0x1ce220 (preset 0x2746),0.015,no,the line between them touches another wall,generic 0x1ce220 (preset 0x2746)
generic 0x1ce220 (preset 0x2746),generic 0x1ce2a0 (preset 0x2747),0.702,no,the line between them touches another wall,generic 0x1ce2a0 (preset 0x2747)
generic 0x1ce220 (preset 0x2746),generic 0x1ce2a0 (preset 0x2747),0.710,no,the line between them touches another wall,generic 0x1ce2a0 (preset 0x2747)
generic 0x1ce220 (preset 0x2746),generic 0x1ce2a0 (preset 0x2747),0.177,no,the line between them touches another wall,generic 0x1ce220 (preset 0x2746)
generic 0x1ce220 (preset 0x2746),generic 0x1ce220 (preset 0x2746),0.015,no,the line between them touches another wall,generic 0x1ce220 (preset 0x2746)
generic 0x1ce220 (preset 0x2746),generic 0x1ce2a0 (preset 0x2747),0.702,no,the line between them touches another wall,generic 0x1ce2a0 (preset 0x2747)
generic 0x1ce220 (preset 0x2746),generic 0x1ce2a0 (preset 0x2747),0.687,no,"another wall pokes into the space between them, so a tighter pair covers this gap",generic 0x1ce2a0 (preset 0x2747)
generic 0x1ce220 (preset 0x2746),generic 0x1ce2a0 (preset 0x2747),0.703,no,the line between them touches another wall,generic 0x1ce220 (preset 0x2746)
generic 0x1ce220 (preset 0x2746),generic 0x1ce2a0 (preset 0x2747),0.703,no,the line between them touches another wall,generic 0x1ce220 (preset 0x2746)
generic 0x1ce2a0 (preset 0x2747),generic 0x1ce2a0 (preset 0x2747),0.015,no,the line between them touches another wall,generic 0x1ce2a0 (preset 0x2747)
generic 0x1ce2a0 (preset 0x2747),generic 0x1ce2a0 (preset 0x2747),0.015,no,the line between them touches another wall,generic 0x1ce2a0 (preset 0x2747)
monitor 0x1ce330 (preset 0x2748),generic 0x1ce430 (preset 0x2749),0.695,no,the line between them touches another wall,monitor 0x1ce330 (preset 0x2748)
monitor 0x1ce330 (preset 0x2748),generic 0x1ce430 (preset 0x2749),0.672,no,"another wall pokes into the space between them, so a tighter pair covers this gap",monitor 0x1ce330 (preset 0x2748)
monitor 0x1ce330 (preset 0x2748),monitor 0x1ce330 (preset 0x2748),0.015,no,the line between them touches another wall,monitor 0x1ce330 (preset 0x2748)
monitor 0x1ce330 (preset 0x2748),generic 0x1ce430 (preset 0x2749),0.702,no,the line between them touches another wall,generic 0x1ce430 (preset 0x2749)
monitor 0x1ce330 (preset 0x2748),generic 0x1ce430 (preset 0x2749),0.709,no,the line between them touches another wall,generic 0x1ce430 (preset 0x2749)
monitor 0x1ce330 (preset 0x2748),generic 0x1ce430 (preset 0x2749),0.177,no,the line between them touches another wall,monitor 0x1ce330 (preset 0x2748)
monitor 0x1ce330 (preset 0x2748),monitor 0x1ce330 (preset 0x2748),0.015,no,the line between them touches another wall,monitor 0x1ce330 (preset 0x2748)
monitor 0x1ce330 (preset 0x2748),generic 0x1ce430 (preset 0x2749),0.702,no,the line between them touches another wall,generic 0x1ce430 (preset 0x2749)
monitor 0x1ce330 (preset 0x2748),generic 0x1ce430 (preset 0x2749),0.687,no,"another wall pokes into the space between them, so a tighter pair covers this gap",generic 0x1ce430 (preset 0x2749)
monitor 0x1ce330 (preset 0x2748),generic 0x1ce430 (preset 0x2749),0.687,no,the line between them touches another wall,monitor 0x1ce330 (preset 0x2748)
monitor 0x1ce330 (preset 0x2748),generic 0x1ce430 (preset 0x2749),0.687,no,the line between them touches another wall,monitor 0x1ce330 (preset 0x2748)
generic 0x1ce430 (preset 0x2749),generic 0x1ce430 (preset 0x2749),0.015,no,the line between them touches another wall,generic 0x1ce430 (preset 0x2749)
generic 0x1ce430 (preset 0x2749),generic 0x1ce430 (preset 0x2749),0.015,no,the line between them touches another wall,generic 0x1ce430 (preset 0x2749)
generic 0x1ce4b0 (preset 0x274a),generic 0x1ce4b0 (preset 0x274a),0.015,no,the line between them touches another wall,generic 0x1ce4b0 (preset 0x274a)
generic 0x1ce4b0 (preset 0x274a),generic 0x1ce4b0 (preset 0x274a),0.015,no,the line between them touches another wall,generic 0x1ce4b0 (preset 0x274a)
generic 0x1ce4b0 (preset 0x274a),monitor 0x1ce540 (preset 0x274b),0.703,no,the line between them touches another wall,generic 0x1ce4b0 (preset 0x274a)
generic 0x1ce4b0 (preset 0x274a),monitor 0x1ce540 (preset 0x274b),0.703,no,the line between them touches another wall,generic 0x1ce4b0 (preset 0x274a)
generic 0x1ce4b0 (preset 0x274a),monitor 0x1ce540 (preset 0x274b),0.711,no,the line between them touches another wall,generic 0x1ce4b0 (preset 0x274a)
generic 0x1ce4b0 (preset 0x274a),monitor 0x1ce540 (preset 0x274b),0.689,no,"another wall pokes into the space between them, so a tighter pair covers this gap",generic 0x1ce4b0 (preset 0x274a)
generic 0x1ce4b0 (preset 0x274a),monitor 0x1ce540 (preset 0x274b),0.695,no,the line between them touches another wall,monitor 0x1ce540 (preset 0x274b)
generic 0x1ce4b0 (preset 0x274a),monitor 0x1ce540 (preset 0x274b),0.176,no,the line between them touches another wall,monitor 0x1ce540 (preset 0x274b)
generic 0x1ce4b0 (preset 0x274a),monitor 0x1ce540 (preset 0x274b),0.687,no,the line between them touches another wall,monitor 0x1ce540 (preset 0x274b)
generic 0x1ce4b0 (preset 0x274a),monitor 0x1ce540 (preset 0x274b),0.672,no,the line between them touches another wall,monitor 0x1ce540 (preset 0x274b)
generic 0x1ce4b0 (preset 0x274a),monitor 0x1ce540 (preset 0x274b),0.687,no,the line between them touches another wall,monitor 0x1ce540 (preset 0x274b)
monitor 0x1ce540 (preset 0x274b),monitor 0x1ce540 (preset 0x274b),0.015,no,the line between them touches another wall,monitor 0x1ce540 (preset 0x274b)
monitor 0x1ce540 (preset 0x274b),monitor 0x1ce540 (preset 0x274b),0.015,no,the line between them touches another wall,monitor 0x1ce540 (preset 0x274b)
generic 0x1ce640 (preset 0x274c),generic 0x1ce640 (preset 0x274c),0.015,no,the line between them touches another wall,generic 0x1ce640 (preset 0x274c)
generic 0x1ce640 (preset 0x274c),generic 0x1ce640 (preset 0x274c),0.015,no,the line between them touches another wall,generic 0x1ce640 (preset 0x274c)
generic 0x1ce640 (preset 0x274c),generic 0x1ce6c0 (preset 0x274d),0.702,no,the line between them touches another wall,generic 0x1ce640 (preset 0x274c)
generic 0x1ce640 (preset 0x274c),generic 0x1ce6c0 (preset 0x274d),0.702,no,the line between them touches another wall,generic 0x1ce640 (preset 0x274c)
generic 0x1ce640 (preset 0x274c),generic 0x1ce6c0 (preset 0x274d),0.709,no,the line between them touches another wall,generic 0x1ce640 (preset 0x274c)
generic 0x1ce640 (preset 0x274c),generic 0x1ce6c0 (preset 0x274d),0.687,no,the line between them touches another wall,generic 0x1ce640 (preset 0x274c)
generic 0x1ce640 (preset 0x274c),generic 0x1ce6c0 (preset 0x274d),0.711,no,the line between them touches another wall,generic 0x1ce6c0 (preset 0x274d)
generic 0x1ce640 (preset 0x274c),generic 0x1ce6c0 (preset 0x274d),0.177,no,the line between them touches another wall,generic 0x1ce640 (preset 0x274c)
generic 0x1ce640 (preset 0x274c),generic 0x1ce6c0 (preset 0x274d),0.703,no,the line between them touches another wall,generic 0x1ce6c0 (preset 0x274d)
generic 0x1ce640 (preset 0x274c),generic 0x1ce6c0 (preset 0x274d),0.689,no,"another wall pokes into the space between them, so a tighter pair covers this gap",generic 0x1ce6c0 (preset 0x274d)
generic 0x1ce640 (preset 0x274c),generic 0x1ce6c0 (preset 0x274d),0.703,no,the line between them touches another wall,generic 0x1ce6c0 (preset 0x274d)
generic 0x1ce6c0 (preset 0x274d),generic 0x1ce6c0 (preset 0x274d),0.015,no,the line between them touches another wall,generic 0x1ce6c0 (preset 0x274d)
generic 0x1ce6c0 (preset 0x274d),generic 0x1ce6c0 (preset 0x274d),0.015,no,the line between them touches another wall,generic 0x1ce6c0 (preset 0x274d)
monitor 0x1ce750 (preset 0x274e),monitor 0x1ce750 (preset 0x274e),0.015,no,the line between them touches another wall,monitor 0x1ce750 (preset 0x274e)
monitor 0x1ce750 (preset 0x274e),generic 0x1ce850 (preset 0x274f),0.015,no,the line between them touches another wall,generic 0x1ce850 (preset 0x274f)
monitor 0x1ce750 (preset 0x274e),generic 0x1ce850 (preset 0x274f),0.000,no,the line between them touches another wall,generic 0x1ce850 (preset 0x274f)
monitor 0x1ce750 (preset 0x274e),monitor 0x1ce750 (preset 0x274e),0.015,no,the line between them touches another wall,monitor 0x1ce750 (preset 0x274e)
monitor 0x1ce750 (preset 0x274e),generic 0x1ce850 (preset 0x274f),0.703,no,the line between them touches another wall,monitor 0x1ce750 (preset 0x274e)
monitor 0x1ce750 (preset 0x274e),generic 0x1ce850 (preset 0x274f),0.703,no,the line between them touches another wall,monitor 0x1ce750 (preset 0x274e)
monitor 0x1ce750 (preset 0x274e),generic 0x1ce850 (preset 0x274f),0.711,no,the line between them touches another wall,monitor 0x1ce750 (preset 0x274e)
monitor 0x1ce750 (preset 0x274e),generic 0x1ce850 (preset 0x274f),0.688,no,the line between them touches another wall,monitor 0x1ce750 (preset 0x274e)
monitor 0x1ce750 (preset 0x274e),generic 0x1ce850 (preset 0x274f),0.015,no,the line between them touches another wall,generic 0x1ce850 (preset 0x274f)
monitor 0x1ce750 (preset 0x274e),generic 0x1ce850 (preset 0x274f),0.178,no,the line between them touches another wall,generic 0x1ce850 (preset 0x274f)
monitor 0x1ce750 (preset 0x274e),generic 0x1ce850 (preset 0x274f),0.178,no,the line between them touches another wall,generic 0x1ce850 (preset 0x274f)
generic 0x1ce850 (preset 0x274f),generic 0x1ce850 (preset 0x274f),0.015,no,the line between them touches another wall,generic 0x1ce850 (preset 0x274f)
generic 0x1ce850 (preset 0x274f),generic 0x1ce850 (preset 0x274f),0.015,no,the line between them touches another wall,generic 0x1ce850 (preset 0x274f)
generic 0x1ce8d0 (preset 0x2750),generic 0x1ce8d0 (preset 0x2750),0.015,no,the line between them touches another wall,generic 0x1ce8d0 (preset 0x2750)
generic 0x1ce8d0 (preset 0x2750),monitor 0x1ce960 (preset 0x2751),0.688,no,the line between them touches another wall,monitor 0x1ce960 (preset 0x2751)
generic 0x1ce8d0 (preset 0x2750),monitor 0x1ce960 (preset 0x2751),0.673,no,the line between them touches another wall,monitor 0x1ce960 (preset 0x2751)
generic 0x1ce8d0 (preset 0x2750),generic 0x1ce8d0 (preset 0x2750),0.015,no,the line between them touches another wall,generic 0x1ce8d0 (preset 0x2750)
generic 0x1ce8d0 (preset 0x2750),monitor 0x1ce960 (preset 0x2751),0.702,no,the line between them touches another wall,generic 0x1ce8d0 (preset 0x2750)
generic 0x1ce8d0 (preset 0x2750),monitor 0x1ce960 (preset 0x2751),0.702,no,the line between them touches another wall,generic 0x1ce8d0 (preset 0x2750)
generic 0x1ce8d0 (preset 0x2750),monitor 0x1ce960 (preset 0x2751),0.710,no,the line between them touches another wall,generic 0x1ce8d0 (preset 0x2750)
generic 0x1ce8d0 (preset 0x2750),monitor 0x1ce960 (preset 0x2751),0.687,no,"another wall pokes into the space between them, so a tighter pair covers this gap",generic 0x1ce8d0 (preset 0x2750)
generic 0x1ce8d0 (preset 0x2750),monitor 0x1ce960 (preset 0x2751),0.688,no,the line between them touches another wall,monitor 0x1ce960 (preset 0x2751)
generic 0x1ce8d0 (preset 0x2750),monitor 0x1ce960 (preset 0x2751),0.696,no,the line between them touches another wall,monitor 0x1ce960 (preset 0x2751)
generic 0x1ce8d0 (preset 0x2750),monitor 0x1ce960 (preset 0x2751),0.176,no,the line between them touches another wall,monitor 0x1ce960 (preset 0x2751)
monitor 0x1ce960 (preset 0x2751),monitor 0x1ce960 (preset 0x2751),0.015,no,the line between them touches another wall,monitor 0x1ce960 (preset 0x2751)
monitor 0x1ce960 (preset 0x2751),monitor 0x1ce960 (preset 0x2751),0.015,no,the line between them touches another wall,monitor 0x1ce960 (preset 0x2751)
generic 0x1cea60 (preset 0x2725),generic 0x1cea60 (preset 0x2725),0.032,no,neither wall could be placed on a tile,
generic 0x1cea60 (preset 0x2725),generic 0x1ceae0 (preset 0x2726),0.149,no,neither wall could be placed on a tile,
generic 0x1cea60 (preset 0x2725),generic 0x1ceae0 (preset 0x2726),0.149,no,neither wall could be placed on a tile,
generic 0x1cea60 (preset 0x2725),generic 0x1ceae0 (preset 0x2726),0.182,no,neither wall could be placed on a tile,
generic 0x1cea60 (preset 0x2725),generic 0x1cea60 (preset 0x2725),0.032,no,the line between them touches another wall,generic 0x1cea60 (preset 0x2725)
generic 0x1cea60 (preset 0x2725),generic 0x1ceae0 (preset 0x2726),0.151,no,the line between them touches another wall,generic 0x1ceae0 (preset 0x2726)
generic 0x1cea60 (preset 0x2725),generic 0x1ceae0 (preset 0x2726),0.174,no,the line between them touches another wall,generic 0x1cea60 (preset 0x2725)
generic 0x1cea60 (preset 0x2725),generic 0x1ceae0 (preset 0x2726),0.151,no,the line between them touches another wall,generic 0x1ceae0 (preset 0x2726)
generic 0x1cea60 (preset 0x2725),generic 0x1ceae0 (preset 0x2726),0.174,no,neither wall could be placed on a tile,
generic 0x1cea60 (preset 0x2725),generic 0x1ceae0 (preset 0x2726),0.174,no,the line between them touches another wall,generic 0x1cea60 (preset 0x2725)
generic 0x1cea60 (preset 0x2725),generic 0x1ceae0 (preset 0x2726),0.183,no,the line between them touches another wall,generic 0x1ceae0 (preset 0x2726)
generic 0x1ceae0 (preset 0x2726),generic 0x1ceae0 (preset 0x2726),0.032,no,neither wall could be placed on a tile,
generic 0x1ceae0 (preset 0x2726),generic 0x1ceb60 (preset 0x2727),0.151,no,neither wall could be placed on a tile,
generic 0x1ceae0 (preset 0x2726),generic 0x1ceb60 (preset 0x2727),0.151,no,neither wall could be placed on a tile,
generic 0x1ceae0 (preset 0x2726),generic 0x1ceb60 (preset 0x2727),0.183,no,neither wall could be placed on a tile,
generic 0x1ceae0 (preset 0x2726),generic 0x1ceae0 (preset 0x2726),0.032,no,the line between them touches another wall,generic 0x1ceae0 (preset 0x2726)
generic 0x1ceae0 (preset 0x2726),generic 0x1ceb60 (preset 0x2727),0.149,no,"another wall pokes into the space between them, so a tighter pair covers this gap",generic 0x1ceb60 (preset 0x2727)
generic 0x1ceae0 (preset 0x2726),generic 0x1ceb60 (preset 0x2727),0.174,no,the line between them touches another wall,generic 0x1ceae0 (preset 0x2726)
generic 0x1ceae0 (preset 0x2726),generic 0x1ceb60 (preset 0x2727),0.149,no,the line between them touches another wall,generic 0x1ceb60 (preset 0x2727)
generic 0x1ceae0 (preset 0x2726),generic 0x1ceb60 (preset 0x2727),0.174,no,neither wall could be placed on a tile,
generic 0x1ceae0 (preset 0x2726),generic 0x1ceb60 (preset 0x2727),0.174,no,the line between them touches another wall,generic 0x1ceae0 (preset 0x2726)
generic 0x1ceae0 (preset 0x2726),generic 0x1ceb60 (preset 0x2727),0.182,no,the line between them touches another wall,generic 0x1ceb60 (preset 0x2727)
generic 0x1ceb60 (preset 0x2727),generic 0x1ceb60 (preset 0x2727),0.032,no,neither wall could be placed on a tile,
generic 0x1ceb60 (preset 0x2727),generic 0x1cebe0 (preset 0x2728),0.149,no,neither wall could be placed on a tile,
generic 0x1ceb60 (preset 0x2727),generic 0x1cebe0 (preset 0x2728),0.149,no,neither wall could be placed on a tile,
generic 0x1ceb60 (preset 0x2727),generic 0x1cebe0 (preset 0x2728),0.182,no,neither wall could be placed on a tile,
generic 0x1ceb60 (preset 0x2727),generic 0x1ceb60 (preset 0x2727),0.032,no,the line between them touches another wall,generic 0x1ceb60 (preset 0x2727)
generic 0x1ceb60 (preset 0x2727),generic 0x1cebe0 (preset 0x2728),0.151,no,the line between them touches another wall,generic 0x1cebe0 (preset 0x2728)
generic 0x1ceb60 (preset 0x2727),generic 0x1cebe0 (preset 0x2728),0.174,no,the line between them touches another wall,generic 0x1cebe0 (preset 0x2728)
generic 0x1ceb60 (preset 0x2727),generic 0x1cebe0 (preset 0x2728),0.151,no,the line between them touches another wall,generic 0x1cebe0 (preset 0x2728)
generic 0x1ceb60 (preset 0x2727),generic 0x1cebe0 (preset 0x2728),0.174,no,neither wall could be placed on a tile,
generic 0x1ceb60 (preset 0x2727),generic 0x1cebe0 (preset 0x2728),0.174,no,the line between them touches another wall,generic 0x1cebe0 (preset 0x2728)
generic 0x1ceb60 (preset 0x2727),generic 0x1cebe0 (preset 0x2728),0.183,no,the line between them touches another wall,generic 0x1cebe0 (preset 0x2728)
generic 0x1cebe0 (preset 0x2728),generic 0x1cebe0 (preset 0x2728),0.032,no,neither wall could be placed on a tile,
generic 0x1cebe0 (preset 0x2728),generic 0x1ced60 (preset 0x272b),0.151,no,neither wall could be placed on a tile,
generic 0x1cebe0 (preset 0x2728),generic 0x1ced60 (preset 0x272b),0.151,no,neither wall could be placed on a tile,
generic 0x1cebe0 (preset 0x2728),generic 0x1ced60 (preset 0x272b),0.183,no,neither wall could be placed on a tile,
generic 0x1cebe0 (preset 0x2728),generic 0x1cebe0 (preset 0x2728),0.032,no,the line between them touches another wall,generic 0x1cebe0 (preset 0x2728)
generic 0x1cebe0 (preset 0x2728),generic 0x1ced60 (preset 0x272b),0.149,no,"another wall pokes into the space between them, so a tighter pair covers this gap",generic 0x1ced60 (preset 0x272b)
generic 0x1cebe0 (preset 0x2728),generic 0x1ced60 (preset 0x272b),0.174,no,the line between them touches another wall,generic 0x1cebe0 (preset 0x2728)
generic 0x1cebe0 (preset 0x2728),generic 0x1ced60 (preset 0x272b),0.149,no,the line between them touches another wall,generic 0x1ced60 (preset 0x272b)
generic 0x1cebe0 (preset 0x2728),generic 0x1ced60 (preset 0x272b),0.174,no,neither wall could be placed on a tile,
generic 0x1cebe0 (preset 0x2728),generic 0x1ced60 (preset 0x272b),0.174,no,the line between them touches another wall,generic 0x1cebe0 (preset 0x2728)
generic 0x1cebe0 (preset 0x2728),generic 0x1ced60 (preset 0x272b),0.182,no,the line between them touches another wall,generic 0x1ced60 (preset 0x272b)
generic 0x1cec60 (preset 0x2729),generic 0x1cec60 (preset 0x2729),0.032,no,neither wall could be placed on a tile,
generic 0x1cec60 (preset 0x2729),generic 0x1cece0 (preset 0x272a),0.149,no,neither wall could be placed on a tile,
generic 0x1cec60 (preset 0x2729),generic 0x1cece0 (preset 0x272a),0.149,no,neither wall could be placed on a tile,
generic 0x1cec60 (preset 0x2729),generic 0x1cece0 (preset 0x272a),0.174,no,neither wall could be placed on a tile,
generic 0x1cec60 (preset 0x2729),generic 0x1cece0 (preset 0x272a),0.182,no,"the line between them leaves the walkable area (a wall's thickness, or another floor)",
generic 0x1cec60 (preset 0x2729),generic 0x1cece0 (preset 0x272a),0.174,no,the line between them touches another wall,generic 0x1cec60 (preset 0x2729)
generic 0x1cec60 (preset 0x2729),generic 0x1cece0 (preset 0x272a),0.174,no,the line between them touches another wall,generic 0x1cec60 (preset 0x2729)
generic 0x1cec60 (preset 0x2729),generic 0x1cec60 (preset 0x2729),0.032,no,the line between them touches another wall,generic 0x1cec60 (preset 0x2729)
generic 0x1cec60 (preset 0x2729),generic 0x1cece0 (preset 0x272a),0.151,no,the line between them touches another wall,generic 0x1cec60 (preset 0x2729)
generic 0x1cec60 (preset 0x2729),generic 0x1cece0 (preset 0x272a),0.151,no,the line between them touches another wall,generic 0x1cec60 (preset 0x2729)
generic 0x1cec60 (preset 0x2729),generic 0x1cece0 (preset 0x272a),0.183,no,the line between them touches another wall,generic 0x1cec60 (preset 0x2729)
generic 0x1cece0 (preset 0x272a),generic 0x1cece0 (preset 0x272a),0.032,no,neither wall could be placed on a tile,
generic 0x1cece0 (preset 0x272a),generic 0x1ced60 (preset 0x272b),0.149,no,neither wall could be placed on a tile,
generic 0x1cece0 (preset 0x272a),generic 0x1ced60 (preset 0x272b),0.149,no,neither wall could be placed on a tile,
generic 0x1cece0 (preset 0x272a),generic 0x1ced60 (preset 0x272b),0.174,no,neither wall could be placed on a tile,
generic 0x1cece0 (preset 0x272a),generic 0x1ced60 (preset 0x272b),0.182,no,"the line between them leaves the walkable area (a wall's thickness, or another floor)",
generic 0x1cece0 (preset 0x272a),generic 0x1ced60 (preset 0x272b),0.174,no,the line between them touches another wall,generic 0x1cece0 (preset 0x272a)
generic 0x1cece0 (preset 0x272a),generic 0x1ced60 (preset 0x272b),0.174,no,the line between them touches another wall,generic 0x1cece0 (preset 0x272a)
generic 0x1cece0 (preset 0x272a),generic 0x1cece0 (preset 0x272a),0.032,no,the line between them touches another wall,generic 0x1cece0 (preset 0x272a)
generic 0x1cece0 (preset 0x272a),generic 0x1ced60 (preset 0x272b),0.149,no,the line between them touches another wall,generic 0x1cece0 (preset 0x272a)
generic 0x1cece0 (preset 0x272a),generic 0x1ced60 (preset 0x272b),0.149,no,the line between them touches another wall,generic 0x1cece0 (preset 0x272a)
generic 0x1cece0 (preset 0x272a),generic 0x1ced60 (preset 0x272b),0.182,no,the line between them touches another wall,generic 0x1cece0 (preset 0x272a)
generic 0x1ced60 (preset 0x272b),generic 0x1ced60 (preset 0x272b),0.032,no,neither wall could be placed on a tile,
generic 0x1ced60 (preset 0x272b),generic 0x1ced60 (preset 0x272b),0.032,no,the line between them touches another wall,generic 0x1ced60 (preset 0x272b)
generic 0x1cede0 (preset 0x272c),generic 0x1cede0 (preset 0x272c),0.032,no,the line between them touches another wall,generic 0x1cede0 (preset 0x272c)
generic 0x1cede0 (preset 0x272c),generic 0x1cee60 (preset 0x272d),0.149,no,"another wall pokes into the space between them, so a tighter pair covers this gap",generic 0x1cee60 (preset 0x272d)
generic 0x1cede0 (preset 0x272c),generic 0x1cee60 (preset 0x272d),0.149,no,the line between them touches another wall,generic 0x1cee60 (preset 0x272d)
generic 0x1cede0 (preset 0x272c),generic 0x1cee60 (preset 0x272d),0.174,no,the line between them touches another wall,generic 0x1cede0 (preset 0x272c)
generic 0x1cede0 (preset 0x272c),generic 0x1cee60 (preset 0x272d),0.182,no,the line between them touches another wall,generic 0x1cee60 (preset 0x272d)
generic 0x1cede0 (preset 0x272c),generic 0x1cee60 (preset 0x272d),0.174,no,the line between them touches another wall,generic 0x1cede0 (preset 0x272c)
generic 0x1cede0 (preset 0x272c),generic 0x1cee60 (preset 0x272d),0.174,no,the line between them touches another wall,generic 0x1cede0 (preset 0x272c)
generic 0x1cede0 (preset 0x272c),generic 0x1cede0 (preset 0x272c),0.032,no,the line between them touches another wall,generic 0x1cede0 (preset 0x272c)
generic 0x1cede0 (preset 0x272c),generic 0x1cee60 (preset 0x272d),0.151,no,neither wall could be placed on a tile,
generic 0x1cede0 (preset 0x272c),generic 0x1cee60 (preset 0x272d),0.151,no,neither wall could be placed on a tile,
generic 0x1cede0 (preset 0x272c),generic 0x1cee60 (preset 0x272d),0.183,no,neither wall could be placed on a tile,
generic 0x1cee60 (preset 0x272d),generic 0x1cee60 (preset 0x272d),0.032,no,the line between them touches another wall,generic 0x1cee60 (preset 0x272d)
generic 0x1cee60 (preset 0x272d),generic 0x1ceee0 (preset 0x272e),0.149,no,the line between them touches another wall,generic 0x1ceee0 (preset 0x272e)
generic 0x1cee60 (preset 0x272d),generic 0x1ceee0 (preset 0x272e),0.149,no,the line between them touches another wall,generic 0x1ceee0 (preset 0x272e)
generic 0x1cee60 (preset 0x272d),generic 0x1ceee0 (preset 0x272e),0.174,no,the line between them touches another wall,generic 0x1ceee0 (preset 0x272e)
generic 0x1cee60 (preset 0x272d),generic 0x1ceee0 (preset 0x272e),0.182,no,the line between them touches another wall,generic 0x1ceee0 (preset 0x272e)
generic 0x1cee60 (preset 0x272d),generic 0x1ceee0 (preset 0x272e),0.174,no,the line between them touches another wall,generic 0x1cee60 (preset 0x272d)
generic 0x1cee60 (preset 0x272d),generic 0x1ceee0 (preset 0x272e),0.174,no,the line between them touches another wall,generic 0x1cee60 (preset 0x272d)
generic 0x1cee60 (preset 0x272d),generic 0x1cee60 (preset 0x272d),0.032,no,the line between them touches another wall,generic 0x1cee60 (preset 0x272d)
generic 0x1cee60 (preset 0x272d),generic 0x1ceee0 (preset 0x272e),0.149,no,neither wall could be placed on a tile,
generic 0x1cee60 (preset 0x272d),generic 0x1ceee0 (preset 0x272e),0.149,no,neither wall could be placed on a tile,
generic 0x1cee60 (preset 0x272d),generic 0x1ceee0 (preset 0x272e),0.182,no,neither wall could be placed on a tile,
generic 0x1ceee0 (preset 0x272e),generic 0x1ceee0 (preset 0x272e),0.032,no,the line between them touches another wall,generic 0x1ceee0 (preset 0x272e)
generic 0x1ceee0 (preset 0x272e),generic 0x1cef60 (preset 0x272f),0.151,no,the line between them touches another wall,generic 0x1cef60 (preset 0x272f)
generic 0x1ceee0 (preset 0x272e),generic 0x1cef60 (preset 0x272f),0.151,no,the line between them touches another wall,generic 0x1cef60 (preset 0x272f)
generic 0x1ceee0 (preset 0x272e),generic 0x1cef60 (preset 0x272f),0.174,no,the line between them touches another wall,generic 0x1cef60 (preset 0x272f)
generic 0x1ceee0 (preset 0x272e),generic 0x1cef60 (preset 0x272f),0.183,no,the line between them touches another wall,generic 0x1cef60 (preset 0x272f)
generic 0x1ceee0 (preset 0x272e),generic 0x1cef60 (preset 0x272f),0.174,no,the line between them touches another wall,generic 0x1cef60 (preset 0x272f)
generic 0x1ceee0 (preset 0x272e),generic 0x1cef60 (preset 0x272f),0.174,no,the line between them touches another wall,generic 0x1cef60 (preset 0x272f)
generic 0x1ceee0 (preset 0x272e),generic 0x1ceee0 (preset 0x272e),0.032,no,the line between them touches another wall,generic 0x1ceee0 (preset 0x272e)
generic 0x1ceee0 (preset 0x272e),generic 0x1cef60 (preset 0x272f),0.149,no,neither wall could be placed on a tile,
generic 0x1ceee0 (preset 0x272e),generic 0x1cef60 (preset 0x272f),0.149,no,neither wall could be placed on a tile,
generic 0x1ceee0 (preset 0x272e),generic 0x1cef60 (preset 0x272f),0.182,no,neither wall could be placed on a tile,
generic 0x1cef60 (preset 0x272f),generic 0x1cef60 (preset 0x272f),0.032,no,the line between them touches another wall,generic 0x1cef60 (preset 0x272f)
generic 0x1cef60 (preset 0x272f),generic 0x1cefe0 (preset 0x2730),0.149,no,"another wall pokes into the space between them, so a tighter pair covers this gap",generic 0x1cefe0 (preset 0x2730)
generic 0x1cef60 (preset 0x272f),generic 0x1cefe0 (preset 0x2730),0.149,no,the line between them touches another wall,generic 0x1cefe0 (preset 0x2730)
generic 0x1cef60 (preset 0x272f),generic 0x1cefe0 (preset 0x2730),0.174,no,the line between them touches another wall,generic 0x1cefe0 (preset 0x2730)
generic 0x1cef60 (preset 0x272f),generic 0x1cefe0 (preset 0x2730),0.182,no,the line between them touches another wall,generic 0x1cefe0 (preset 0x2730)
generic 0x1cef60 (preset 0x272f),generic 0x1cefe0 (preset 0x2730),0.174,no,the line between them touches another wall,generic 0x1cef60 (preset 0x272f)
generic 0x1cef60 (preset 0x272f),generic 0x1cefe0 (preset 0x2730),0.174,no,the line between them touches another wall,generic 0x1cefe0 (preset 0x2730)
generic 0x1cef60 (preset 0x272f),generic 0x1cef60 (preset 0x272f),0.032,no,the line between them touches another wall,generic 0x1cef60 (preset 0x272f)
generic 0x1cef60 (preset 0x272f),generic 0x1cefe0 (preset 0x2730),0.151,no,neither wall could be placed on a tile,
generic 0x1cef60 (preset 0x272f),generic 0x1cefe0 (preset 0x2730),0.151,no,neither wall could be placed on a tile,
generic 0x1cef60 (preset 0x272f),generic 0x1cefe0 (preset 0x2730),0.183,no,neither wall could be placed on a tile,
generic 0x1cefe0 (preset 0x2730),generic 0x1cefe0 (preset 0x2730),0.032,no,the line between them touches another wall,generic 0x1cefe0 (preset 0x2730)
generic 0x1cefe0 (preset 0x2730),generic 0x1cf060 (preset 0x2731),0.151,no,the line between them touches another wall,generic 0x1cf060 (preset 0x2731)
generic 0x1cefe0 (preset 0x2730),generic 0x1cf060 (preset 0x2731),0.151,no,the line between them touches another wall,generic 0x1cf060 (preset 0x2731)
generic 0x1cefe0 (preset 0x2730),generic 0x1cf060 (preset 0x2731),0.174,no,the line between them touches another wall,generic 0x1cefe0 (preset 0x2730)
generic 0x1cefe0 (preset 0x2730),generic 0x1cf060 (preset 0x2731),0.183,no,the line between them touches another wall,generic 0x1cf060 (preset 0x2731)
generic 0x1cefe0 (preset 0x2730),generic 0x1cf060 (preset 0x2731),0.174,no,the line between them touches another wall,generic 0x1cefe0 (preset 0x2730)
generic 0x1cefe0 (preset 0x2730),generic 0x1cf060 (preset 0x2731),0.174,no,the line between them touches another wall,generic 0x1cefe0 (preset 0x2730)
generic 0x1cefe0 (preset 0x2730),generic 0x1cefe0 (preset 0x2730),0.032,no,the line between them touches another wall,generic 0x1cefe0 (preset 0x2730)
generic 0x1cefe0 (preset 0x2730),generic 0x1cf060 (preset 0x2731),0.149,no,neither wall could be placed on a tile,
generic 0x1cefe0 (preset 0x2730),generic 0x1cf060 (preset 0x2731),0.149,no,neither wall could be placed on a tile,
generic 0x1cefe0 (preset 0x2730),generic 0x1cf060 (preset 0x2731),0.182,no,neither wall could be placed on a tile,
generic 0x1cf060 (preset 0x2731),generic 0x1cf060 (preset 0x2731),0.032,no,the line between them touches another wall,generic 0x1cf060 (preset 0x2731)
generic 0x1cf060 (preset 0x2731),generic 0x1cf0e0 (preset 0x2732),0.149,no,"another wall pokes into the space between them, so a tighter pair covers this gap",generic 0x1cf0e0 (preset 0x2732)
generic 0x1cf060 (preset 0x2731),generic 0x1cf0e0 (preset 0x2732),0.149,no,the line between them touches another wall,generic 0x1cf0e0 (preset 0x2732)
generic 0x1cf060 (preset 0x2731),generic 0x1cf0e0 (preset 0x2732),0.174,no,the line between them touches another wall,generic 0x1cf060 (preset 0x2731)
generic 0x1cf060 (preset 0x2731),generic 0x1cf0e0 (preset 0x2732),0.182,no,the line between them touches another wall,generic 0x1cf0e0 (preset 0x2732)
generic 0x1cf060 (preset 0x2731),generic 0x1cf0e0 (preset 0x2732),0.174,no,the line between them touches another wall,generic 0x1cf060 (preset 0x2731)
generic 0x1cf060 (preset 0x2731),generic 0x1cf0e0 (preset 0x2732),0.174,no,the line between them touches another wall,generic 0x1cf060 (preset 0x2731)
generic 0x1cf060 (preset 0x2731),generic 0x1cf060 (preset 0x2731),0.032,no,the line between them touches another wall,generic 0x1cf060 (preset 0x2731)
generic 0x1cf060 (preset 0x2731),generic 0x1cf0e0 (preset 0x2732),0.151,no,neither wall could be placed on a tile,
generic 0x1cf060 (preset 0x2731),generic 0x1cf0e0 (preset 0x2732),0.151,no,neither wall could be placed on a tile,
generic 0x1cf060 (preset 0x2731),generic 0x1cf0e0 (preset 0x2732),0.183,no,neither wall could be placed on a tile,
generic 0x1cf0e0 (preset 0x2732),generic 0x1cf0e0 (preset 0x2732),0.032,no,neither wall could be placed on a tile,
generic 0x1cf0e0 (preset 0x2732),generic 0x1cf0e0 (preset 0x2732),0.032,no,the line between them touches another wall,generic 0x1cf0e0 (preset 0x2732)
