between,and,width,kept,reason,because_of
wall of tile 1DE322 (room 0x1e),wall of tile 1DDF21 (room 0x1e),0.765,no,"the line between them leaves the walkable area (a wall's thickness, or another floor)",
wall of tile 1DE322 (room 0x1e),wall of tile 1DC722 (room 0x1e),46.614,no,"the line between them leaves the walkable area (a wall's thickness, or another floor)",
wall of tile 1DE322 (room 0x1e),wall of tile 1DBF21 (room 0x1e),45.173,no,"the line between them leaves the walkable area (a wall's thickness, or another floor)",
wall of tile 1DE322 (room 0x1e),wall of tile 1DC221 (room 0x1e),45.173,no,"the line between them leaves the walkable area (a wall's thickness, or another floor)",
wall of tile 1DE322 (room 0x1e),wall of tile 1DC321 (room 0x1e),46.134,no,"the line between them leaves the walkable area (a wall's thickness, or another floor)",
wall of tile 1DE322 (room 0x1e),wall of tile 1DD221 (room 0x1e),46.727,no,the far wall faces the other way (it belongs to floor which isn't linked here),
wall of tile 1DE322 (room 0x1e),wall of tile 26CB21 (room 0x1e),50.064,no,the far wall faces the other way (it belongs to floor which isn't linked here),
wall of tile 1DE322 (room 0x1e),wall of tile 1DC722 (room 0x1e),50.064,no,"the line between them leaves the walkable area (a wall's thickness, or another floor)",
wall of tile 1DE322 (room 0x1e),wall of tile 1DBF21 (room 0x1e),50.064,no,"the line between them leaves the walkable area (a wall's thickness, or another floor)",
wall of tile 1DDC21 (room 0x1e),wall of tile 1DDF21 (room 0x1e),0.765,no,"the line between them leaves the walkable area (a wall's thickness, or another floor)",
wall of tile 1DDC21 (room 0x1e),wall of tile 1DBF22 (room 0x1e),45.173,no,"the line between them leaves the walkable area (a wall's thickness, or another floor)",
wall of tile 1DDC21 (room 0x1e),wall of tile 1DC222 (room 0x1e),45.173,no,"the line between them leaves the walkable area (a wall's thickness, or another floor)",
wall of tile 1DDC21 (room 0x1e),wall of tile 1DC322 (room 0x1e),46.134,no,"the line between them leaves the walkable area (a wall's thickness, or another floor)",
wall of tile 1DDC21 (room 0x1e),wall of tile 1DD222 (room 0x1e),46.727,no,the far wall faces the other way (it belongs to floor which isn't linked here),
wall of tile 1DDC21 (room 0x1e),wall of tile 26CB22 (room 0x1e),50.064,no,the far wall faces the other way (it belongs to floor which isn't linked here),
wall of tile 1DDC21 (room 0x1e),wall of tile 1DC821 (room 0x1e),46.614,no,"the line between them leaves the walkable area (a wall's thickness, or another floor)",
wall of tile 1DDF22 (room 0x1e),wall of tile 1DC322 (room 0x1e),51.151,no,"the line between them leaves the walkable area (a wall's thickness, or another floor)",
wall of tile 1DDF22 (room 0x1e),wall of tile 1DD222 (room 0x1e),46.194,no,"the line between them leaves the walkable area (a wall's thickness, or another floor)",
wall of tile 1DDF22 (room 0x1e),wall of tile 26CB22 (room 0x1e),50.064,no,the far wall faces the other way (it belongs to floor which isn't linked here),
wall of tile 1DDF22 (room 0x1e),wall of tile 1DC821 (room 0x1e),45.849,no,"the line between them leaves the walkable area (a wall's thickness, or another floor)",
wall of tile 1DDF21 (room 0x1e),wall of tile 1DC322 (room 0x1e),37.084,no,"the line between them leaves the walkable area (a wall's thickness, or another floor)",
wall of tile 1DDF21 (room 0x1e),wall of tile 1DC321 (room 0x1e),37.084,no,"the line between them leaves the walkable area (a wall's thickness, or another floor)",
wall of tile 1DDF21 (room 0x1e),wall of tile 26CB22 (room 0x1e),35.230,no,the far wall faces the other way (it belongs to floor which isn't linked here),
wall of tile 1DDF21 (room 0x1e),wall of tile 26CB21 (room 0x1e),35.230,no,the far wall faces the other way (it belongs to floor which isn't linked here),
wall of tile 1DDF21 (room 0x1e),wall of tile 1DC721 (room 0x1e),0.765,no,"the line between them leaves the walkable area (a wall's thickness, or another floor)",
wall of tile 1DDF21 (room 0x1e),wall of tile 1DC721 (room 0x1e),35.230,no,the far wall faces the other way (it belongs to floor which isn't linked here),
wall of tile 1DDF21 (room 0x1e),wall of tile 1DC822 (room 0x1e),0.765,no,"the line between them leaves the walkable area (a wall's thickness, or another floor)",
wall of tile 1DDF21 (room 0x1e),wall of tile 1DC821 (room 0x1e),35.230,no,the far wall faces the other way (it belongs to floor which isn't linked here),
wall of tile 1DDF21 (room 0x1e),wall of tile 1DC722 (room 0x1e),45.849,no,"the line between them leaves the walkable area (a wall's thickness, or another floor)",
wall of tile 1DDF21 (room 0x1e),wall of tile 1DC321 (room 0x1e),51.151,no,"the line between them leaves the walkable area (a wall's thickness, or another floor)",
wall of tile 1DDF21 (room 0x1e),wall of tile 1DD221 (room 0x1e),46.194,no,"the line between them leaves the walkable area (a wall's thickness, or another floor)",
wall of tile 1DDF21 (room 0x1e),wall of tile 26CB21 (room 0x1e),50.064,no,the far wall faces the other way (it belongs to floor which isn't linked here),
wall of tile 1DDC22 (room 0x1e),wall of tile 1DBF22 (room 0x1e),50.064,no,"the line between them leaves the walkable area (a wall's thickness, or another floor)",
wall of tile 1DDC22 (room 0x1e),wall of tile 1DC821 (room 0x1e),50.064,no,"the line between them leaves the walkable area (a wall's thickness, or another floor)",
wall of tile 03C920 (room 0x1e),wall of tile 1DC722 (room 0x1e),50.064,no,"another wall pokes into the space between them, so a tighter pair covers this gap",wall of tile 1DC721 (room 0x1e)
wall of tile 03C920 (room 0x1e),wall of tile 1DBF21 (room 0x1e),50.064,no,"another wall pokes into the space between them, so a tighter pair covers this gap",wall of tile 1DC721 (room 0x1e)
wall of tile 1DC722 (room 0x1e),wall of tile 1DC221 (room 0x1e),0.481,no,the far wall faces the other way (it belongs to floor which isn't linked here),
wall of tile 1DC722 (room 0x1e),wall of tile 016601 (room 0x04),46.058,no,"the line between them leaves the walkable area (a wall's thickness, or another floor)",
wall of tile 1DC722 (room 0x1e),wall of tile 015101 (room 0x04),58.194,no,"the line between them leaves the walkable area (a wall's thickness, or another floor)",
wall of tile 1DC722 (room 0x1e),wall of tile 1DC721 (room 0x1e),46.614,yes,,
wall of tile 1DC722 (room 0x1e),door 0x1d24f0 (preset 0x0006),46.058,no,"the line between them leaves the walkable area (a wall's thickness, or another floor)",
wall of tile 1DC722 (room 0x1e),door 0x1d24f0 (preset 0x0006),46.058,no,"the line between them leaves the walkable area (a wall's thickness, or another floor)",
wall of tile 1DC722 (room 0x1e),door 0x1d24f0 (preset 0x0006),58.194,no,"the line between them leaves the walkable area (a wall's thickness, or another floor)",
wall of tile 1DBF22 (room 0x1e),wall of tile 1DC322 (room 0x1e),38.225,no,the line between them touches another wall,wall of tile 1DC222 (room 0x1e)
wall of tile 1DBF22 (room 0x1e),wall of tile 1DC822 (room 0x1e),45.173,no,"the line between them leaves the walkable area (a wall's thickness, or another floor)",
wall of tile 1DBF22 (room 0x1e),wall of tile 03D120 (room 0x1e),50.064,no,"another wall pokes into the space between them, so a tighter pair covers this gap",wall of tile 1DC822 (room 0x1e)
wall of tile 1DBF21 (room 0x1e),wall of tile 1DC321 (room 0x1e),38.225,no,the line between them touches another wall,wall of tile 1DC221 (room 0x1e)
wall of tile 1DBF21 (room 0x1e),wall of tile 1DC721 (room 0x1e),45.173,no,"the line between them leaves the walkable area (a wall's thickness, or another floor)",
wall of tile 1DC222 (room 0x1e),wall of tile 1DD222 (room 0x1e),38.225,no,the line between them touches another wall,wall of tile 1DC322 (room 0x1e)
wall of tile 1DC222 (room 0x1e),wall of tile 1DC822 (room 0x1e),45.173,no,"the line between them leaves the walkable area (a wall's thickness, or another floor)",
wall of tile 1DC222 (room 0x1e),wall of tile 1DC821 (room 0x1e),0.481,no,the far wall faces the other way (it belongs to floor which isn't linked here),
wall of tile 1DC221 (room 0x1e),wall of tile 1DD221 (room 0x1e),38.225,no,the line between them touches another wall,wall of tile 1DC321 (room 0x1e)
wall of tile 1DC221 (room 0x1e),wall of tile 1DC721 (room 0x1e),45.173,no,"the line between them leaves the walkable area (a wall's thickness, or another floor)",
wall of tile 1DC322 (room 0x1e),wall of tile 1DC822 (room 0x1e),46.134,no,"the line between them leaves the walkable area (a wall's thickness, or another floor)",
wall of tile 1DC321 (room 0x1e),wall of tile 1DC721 (room 0x1e),46.134,no,"the line between them leaves the walkable area (a wall's thickness, or another floor)",
wall of tile 1DD222 (room 0x1e),wall of tile 016602 (room 0x04),46.058,no,the line between them touches another wall,wall of tile 26CB22 (room 0x1e)
wall of tile 1DD222 (room 0x1e),wall of tile 015102 (room 0x04),58.194,no,"the line between them leaves the walkable area (a wall's thickness, or another floor)",
wall of tile 1DD222 (room 0x1e),wall of tile 1DC822 (room 0x1e),46.727,no,"the line between them leaves the walkable area (a wall's thickness, or another floor)",
wall of tile 1DD222 (room 0x1e),door 0x1d24f0 (preset 0x0006),46.058,no,"the line between them leaves the walkable area (a wall's thickness, or another floor)",
wall of tile 1DD222 (room 0x1e),door 0x1d24f0 (preset 0x0006),46.058,no,"the line between them leaves the walkable area (a wall's thickness, or another floor)",
wall of tile 1DD222 (room 0x1e),door 0x1d24f0 (preset 0x0006),58.194,no,"the line between them leaves the walkable area (a wall's thickness, or another floor)",
wall of tile 1DD221 (room 0x1e),wall of tile 016601 (room 0x04),46.058,no,the line between them touches another wall,wall of tile 26CB21 (room 0x1e)
wall of tile 1DD221 (room 0x1e),wall of tile 015101 (room 0x04),58.194,no,"the line between them leaves the walkable area (a wall's thickness, or another floor)",
wall of tile 1DD221 (room 0x1e),wall of tile 1DC721 (room 0x1e),46.727,no,"the line between them leaves the walkable area (a wall's thickness, or another floor)",
wall of tile 1DD221 (room 0x1e),door 0x1d24f0 (preset 0x0006),46.058,no,"the line between them leaves the walkable area (a wall's thickness, or another floor)",
wall of tile 1DD221 (room 0x1e),door 0x1d24f0 (preset 0x0006),46.058,no,"the line between them leaves the walkable area (a wall's thickness, or another floor)",
wall of tile 1DD221 (room 0x1e),door 0x1d24f0 (preset 0x0006),58.194,no,"the line between them leaves the walkable area (a wall's thickness, or another floor)",
wall of tile 26CB22 (room 0x1e),wall of tile 015102 (room 0x04),14.834,no,the line between them touches another wall,wall of tile 016602 (room 0x04)
wall of tile 26CB22 (room 0x1e),wall of tile 01A000 (room 0x04),51.951,no,"the line between them leaves the walkable area (a wall's thickness, or another floor)",
wall of tile 26CB22 (room 0x1e),wall of tile 1DC822 (room 0x1e),50.064,no,"the line between them leaves the walkable area (a wall's thickness, or another floor)",
wall of tile 26CB22 (room 0x1e),door 0x1d24f0 (preset 0x0006),0.000,no,the line between them touches another wall,wall of tile 016602 (room 0x04)
wall of tile 26CB22 (room 0x1e),door 0x1d24f0 (preset 0x0006),0.000,no,"the line between them leaves the walkable area (a wall's thickness, or another floor)",
wall of tile 26CB22 (room 0x1e),door 0x1d24f0 (preset 0x0006),14.834,no,the line between them touches another wall,wall of tile 016602 (room 0x04)
wall of tile 26CB21 (room 0x1e),wall of tile 015101 (room 0x04),14.834,no,the line between them touches another wall,wall of tile 016601 (room 0x04)
wall of tile 26CB21 (room 0x1e),wall of tile 01A200 (room 0x04),51.951,no,"the line between them leaves the walkable area (a wall's thickness, or another floor)",
wall of tile 26CB21 (room 0x1e),wall of tile 1DC721 (room 0x1e),50.064,no,"the line between them leaves the walkable area (a wall's thickness, or another floor)",
wall of tile 26CB21 (room 0x1e),door 0x1d24f0 (preset 0x0006),0.000,no,"another wall pokes into the space between them, so a tighter pair covers this gap",wall of tile 016601 (room 0x04)
wall of tile 26CB21 (room 0x1e),door 0x1d24f0 (preset 0x0006),0.000,no,"another wall pokes into the space between them, so a tighter pair covers this gap",wall of tile 016601 (room 0x04)
wall of tile 26CB21 (room 0x1e),door 0x1d24f0 (preset 0x0006),14.834,no,"another wall pokes into the space between them, so a tighter pair covers this gap",wall of tile 016601 (room 0x04)
wall of tile 016601 (room 0x04),wall of tile 01A200 (room 0x04),40.666,no,the line between them touches another wall,wall of tile 015101 (room 0x04)
wall of tile 016601 (room 0x04),wall of tile 1DC721 (room 0x1e),46.058,no,the line between them touches another wall,wall of tile 26CB21 (room 0x1e)
wall of tile 016601 (room 0x04),door 0x1d24f0 (preset 0x0006),0.000,yes,,
wall of tile 016601 (room 0x04),door 0x1d24f0 (preset 0x0006),0.000,no,"another wall pokes into the space between them, so a tighter pair covers this gap",door 0x1d24f0 (preset 0x0006)
wall of tile 016601 (room 0x04),door 0x1d24f0 (preset 0x0006),0.000,yes,,
wall of tile 016602 (room 0x04),wall of tile 01A000 (room 0x04),40.666,no,the line between them touches another wall,wall of tile 015102 (room 0x04)
wall of tile 016602 (room 0x04),wall of tile 1DC821 (room 0x1e),46.058,no,the line between them touches another wall,wall of tile 26CB22 (room 0x1e)
wall of tile 016602 (room 0x04),wall of tile 1DC821 (room 0x1e),46.058,no,the line between them touches another wall,wall of tile 26CB22 (room 0x1e)
wall of tile 016602 (room 0x04),door 0x1d24f0 (preset 0x0006),0.000,no,"the line between them leaves the walkable area (a wall's thickness, or another floor)",
wall of tile 015101 (room 0x04),wall of tile 1DC721 (room 0x1e),58.194,no,"the line between them leaves the walkable area (a wall's thickness, or another floor)",
wall of tile 015101 (room 0x04),door 0x1d24f0 (preset 0x0006),0.000,no,"another wall pokes into the space between them, so a tighter pair covers this gap",wall of tile 016601 (room 0x04)
wall of tile 015101 (room 0x04),door 0x1d24f0 (preset 0x0006),14.834,no,"another wall pokes into the space between them, so a tighter pair covers this gap",wall of tile 016601 (room 0x04)
wall of tile 015101 (room 0x04),door 0x1d24f0 (preset 0x0006),0.000,no,"another wall pokes into the space between them, so a tighter pair covers this gap",wall of tile 016601 (room 0x04)
wall of tile 015102 (room 0x04),wall of tile 1DC821 (room 0x1e),58.194,no,"the line between them leaves the walkable area (a wall's thickness, or another floor)",
wall of tile 015102 (room 0x04),wall of tile 1DC821 (room 0x1e),58.194,no,"the line between them leaves the walkable area (a wall's thickness, or another floor)",
wall of tile 015102 (room 0x04),door 0x1d24f0 (preset 0x0006),14.834,no,the line between them touches another wall,wall of tile 016602 (room 0x04)
wall of tile 015102 (room 0x04),door 0x1d24f0 (preset 0x0006),0.000,no,"the line between them leaves the walkable area (a wall's thickness, or another floor)",
wall of tile 015102 (room 0x04),door 0x1d24f0 (preset 0x0006),0.000,no,the line between them touches another wall,wall of tile 016602 (room 0x04)
wall of tile 01A200 (room 0x04),door 0x1d24f0 (preset 0x0006),40.666,no,"the line between them leaves the walkable area (a wall's thickness, or another floor)",
wall of tile 01A200 (room 0x04),door 0x1d24f0 (preset 0x0006),51.951,no,"the line between them leaves the walkable area (a wall's thickness, or another floor)",
wall of tile 01A200 (room 0x04),door 0x1d24f0 (preset 0x0006),40.666,no,"the line between them leaves the walkable area (a wall's thickness, or another floor)",
wall of tile 01A000 (room 0x04),door 0x1d24f0 (preset 0x0006),51.951,no,"the line between them leaves the walkable area (a wall's thickness, or another floor)",
wall of tile 01A000 (room 0x04),door 0x1d24f0 (preset 0x0006),40.666,no,"the line between them leaves the walkable area (a wall's thickness, or another floor)",
wall of tile 01A000 (room 0x04),door 0x1d24f0 (preset 0x0006),40.666,no,"the line between them leaves the walkable area (a wall's thickness, or another floor)",
wall of tile 015000 (room 0x04),wall of tile 00CB02 (room 0x03),27.813,no,the line between them touches another wall,wall of tile 015000 (room 0x04)
wall of tile 015000 (room 0x04),wall of tile 00CE02 (room 0x03),44.886,no,"the line between them leaves the walkable area (a wall's thickness, or another floor)",
wall of tile 015000 (room 0x04),wall of tile 00CE02 (room 0x03),35.230,no,the line between them touches another wall,wall of tile 00CB02 (room 0x03)
wall of tile 00CB02 (room 0x03),wall of tile 00CF02 (room 0x03),35.230,no,the line between them touches another wall,wall of tile 00CE02 (room 0x03)
wall of tile 00CB01 (room 0x03),wall of tile 00CF01 (room 0x03),35.230,no,the line between them touches another wall,wall of tile 00CE01 (room 0x03)
wall of tile 00CB01 (room 0x03),wall of tile 01A100 (room 0x04),27.813,no,the line between them touches another wall,wall of tile 01A100 (room 0x04)
wall of tile 00CE02 (room 0x03),wall of tile 00C502 (room 0x03),37.084,no,the line between them touches another wall,wall of tile 00CF02 (room 0x03)
wall of tile 00CE01 (room 0x03),wall of tile 00C501 (room 0x03),37.084,no,the line between them touches another wall,wall of tile 00CF01 (room 0x03)
wall of tile 00CE01 (room 0x03),wall of tile 01A100 (room 0x04),44.886,no,"the line between them leaves the walkable area (a wall's thickness, or another floor)",
wall of tile 00CE01 (room 0x03),wall of tile 01A100 (room 0x04),35.230,no,the line between them touches another wall,wall of tile 00CB01 (room 0x03)
wall of tile 00CF02 (room 0x03),wall of tile 00C802 (room 0x03),35.230,no,the line between them touches another wall,wall of tile 00C502 (room 0x03)
wall of tile 00CF01 (room 0x03),wall of tile 00C801 (room 0x03),35.230,no,the line between them touches another wall,wall of tile 00C501 (room 0x03)
wall of tile 00C502 (room 0x03),wall of tile 00C902 (room 0x03),35.230,no,the line between them touches another wall,wall of tile 00C802 (room 0x03)
wall of tile 00C501 (room 0x03),wall of tile 00C901 (room 0x03),35.230,no,the line between them touches another wall,wall of tile 00C801 (room 0x03)
wall of tile 00C802 (room 0x03),wall of tile 00D802 (room 0x03),35.230,no,the line between them touches another wall,wall of tile 00C902 (room 0x03)
wall of tile 00C801 (room 0x03),wall of tile 00D801 (room 0x03),35.230,no,the line between them touches another wall,wall of tile 00C901 (room 0x03)
wall of tile 00C902 (room 0x03),wall of tile 00DB02 (room 0x03),37.084,no,the line between them touches another wall,wall of tile 00D802 (room 0x03)
wall of tile 00C901 (room 0x03),wall of tile 00DB01 (room 0x03),37.084,no,the line between them touches another wall,wall of tile 00D801 (room 0x03)
wall of tile 00D802 (room 0x03),wall of tile 00DC02 (room 0x03),35.230,no,the line between them touches another wall,wall of tile 00DB02 (room 0x03)
wall of tile 00D801 (room 0x03),wall of tile 00DC01 (room 0x03),35.230,no,the line between them touches another wall,wall of tile 00DB01 (room 0x03)
wall of tile 00DB02 (room 0x03),wall of tile 00BB02 (room 0x03),35.230,no,the line between them touches another wall,wall of tile 00DC02 (room 0x03)
wall of tile 00DB01 (room 0x03),wall of tile 00BB01 (room 0x03),35.230,no,the line between them touches another wall,wall of tile 00DC01 (room 0x03)
wall of tile 00DC02 (room 0x03),wall of tile 00BE02 (room 0x03),37.084,no,the line between them touches another wall,wall of tile 00BB02 (room 0x03)
wall of tile 00DC01 (room 0x03),wall of tile 00BE01 (room 0x03),37.084,no,the line between them touches another wall,wall of tile 00BB01 (room 0x03)
wall of tile 00BB02 (room 0x03),wall of tile 00BF02 (room 0x03),35.230,no,the line between them touches another wall,wall of tile 00BE02 (room 0x03)
wall of tile 00BB01 (room 0x03),wall of tile 00BF01 (room 0x03),35.230,no,the line between them touches another wall,wall of tile 00BE01 (room 0x03)
wall of tile 00BE02 (room 0x03),wall of tile 00B302 (room 0x03),35.230,no,the line between them touches another wall,wall of tile 00BF02 (room 0x03)
wall of tile 00BE01 (room 0x03),wall of tile 00B301 (room 0x03),35.230,no,the line between them touches another wall,wall of tile 00BF01 (room 0x03)
wall of tile 00BF02 (room 0x03),wall of tile 00B702 (room 0x03),35.230,no,the line between them touches another wall,wall of tile 00B302 (room 0x03)
wall of tile 00BF01 (room 0x03),wall of tile 00B701 (room 0x03),35.230,no,the line between them touches another wall,wall of tile 00B301 (room 0x03)
wall of tile 00B302 (room 0x03),wall of tile 00B802 (room 0x03),37.084,no,the line between them touches another wall,wall of tile 00B702 (room 0x03)
wall of tile 00B301 (room 0x03),wall of tile 00B801 (room 0x03),37.084,no,the line between them touches another wall,wall of tile 00B701 (room 0x03)
wall of tile 00B702 (room 0x03),wall of tile 00B902 (room 0x03),35.230,no,the line between them touches another wall,wall of tile 00B802 (room 0x03)
wall of tile 00B701 (room 0x03),wall of tile 00B901 (room 0x03),35.230,no,the line between them touches another wall,wall of tile 00B801 (room 0x03)
wall of tile 00B802 (room 0x03),wall of tile 000002 (room 0x02),35.230,no,the line between them touches another wall,wall of tile 00B902 (room 0x03)
wall of tile 00B801 (room 0x03),wall of tile 00E901 (room 0x02),35.230,no,the line between them touches another wall,wall of tile 00B901 (room 0x03)
wall of tile 000102 (room 0x01),wall of tile 014E02 (room 0x01),22.250,no,the line between them touches another wall,wall of tile 014E02 (room 0x01)
wall of tile 000102 (room 0x01),door 0x1d1ef0 (preset 0x0000),41.668,no,the line between them touches another wall,door 0x1d1ef0 (preset 0x0000)
wall of tile 000102 (room 0x01),door 0x1d1ef0 (preset 0x0000),30.184,no,"another wall pokes into the space between them, so a tighter pair covers this gap",door 0x1d1ef0 (preset 0x0000)
wall of tile 000102 (room 0x01),door 0x1d1ef0 (preset 0x0000),20.396,yes,,
wall of tile 000102 (room 0x01),door 0x1d1ef0 (preset 0x0000),30.184,no,"the line between them leaves the walkable area (a wall's thickness, or another floor)",
wall of tile 000102 (room 0x01),door 0x1d1ef0 (preset 0x0000),30.184,no,"the line between them leaves the walkable area (a wall's thickness, or another floor)",
wall of tile 000102 (room 0x01),door 0x1d1ef0 (preset 0x0000),35.230,no,the line between them touches another wall,door 0x1d1ef0 (preset 0x0000)
wall of tile 000102 (room 0x01),door 0x1d1ff0 (preset 0x0001),38.225,yes,,
wall of tile 000102 (room 0x01),door 0x1d1ff0 (preset 0x0001),38.225,yes,,
wall of tile 000102 (room 0x01),door 0x1d1ff0 (preset 0x0001),38.225,no,"another wall pokes into the space between them, so a tighter pair covers this gap",door 0x1d1ff0 (preset 0x0001)
wall of tile 000102 (room 0x01),door 0x1d1ff0 (preset 0x0001),52.215,no,"another wall pokes into the space between them, so a tighter pair covers this gap",door 0x1d1ff0 (preset 0x0001)
wall of tile 014E02 (room 0x01),wall of tile 042920 (room 0x1e),23.338,no,"the line between them leaves the walkable area (a wall's thickness, or another floor)",
wall of tile 014E02 (room 0x01),door 0x1d1ef0 (preset 0x0000),44.501,no,the line between them touches another wall,door 0x1d1ef0 (preset 0x0000)
wall of tile 014E02 (room 0x01),door 0x1d1ef0 (preset 0x0000),44.501,no,the line between them touches another wall,door 0x1d1ef0 (preset 0x0000)
wall of tile 014E02 (room 0x01),door 0x1d1ef0 (preset 0x0000),0.000,no,"the line between them leaves the walkable area (a wall's thickness, or another floor)",
wall of tile 014E02 (room 0x01),door 0x1d1ef0 (preset 0x0000),0.000,no,"another wall pokes into the space between them, so a tighter pair covers this gap",door 0x1d1ef0 (preset 0x0000)
wall of tile 014E02 (room 0x01),door 0x1d1ff0 (preset 0x0001),37.084,yes,,
wall of tile 014E02 (room 0x01),door 0x1d1ff0 (preset 0x0001),37.084,yes,,
wall of tile 014E02 (room 0x01),door 0x1d1ff0 (preset 0x0001),37.084,yes,,
wall of tile 014E02 (room 0x01),door 0x1d1ff0 (preset 0x0001),37.084,yes,,
wall of tile 014E02 (room 0x01),door 0x1d1ef0 (preset 0x0000),41.668,no,the line between them touches another wall,door 0x1d1ef0 (preset 0x0000)
wall of tile 014E02 (room 0x01),door 0x1d1ef0 (preset 0x0000),30.184,no,"another wall pokes into the space between them, so a tighter pair covers this gap",door 0x1d1ef0 (preset 0x0000)
wall of tile 014E02 (room 0x01),door 0x1d1ef0 (preset 0x0000),20.396,yes,,
wall of tile 014E02 (room 0x01),door 0x1d1ef0 (preset 0x0000),20.396,no,"the line between them leaves the walkable area (a wall's thickness, or another floor)",
wall of tile 014E02 (room 0x01),door 0x1d1ef0 (preset 0x0000),20.396,no,"the line between them leaves the walkable area (a wall's thickness, or another floor)",
wall of tile 014E02 (room 0x01),door 0x1d1ef0 (preset 0x0000),35.230,no,the line between them touches another wall,door 0x1d1ef0 (preset 0x0000)
wall of tile 014E02 (room 0x01),door 0x1d1ff0 (preset 0x0001),38.225,yes,,
wall of tile 014E02 (room 0x01),door 0x1d1ff0 (preset 0x0001),38.225,yes,,
wall of tile 014E02 (room 0x01),door 0x1d1ff0 (preset 0x0001),38.225,no,"another wall pokes into the space between them, so a tighter pair covers this gap",door 0x1d1ff0 (preset 0x0001)
wall of tile 014E02 (room 0x01),door 0x1d1ff0 (preset 0x0001),52.215,no,"another wall pokes into the space between them, so a tighter pair covers this gap",door 0x1d1ff0 (preset 0x0001)
wall of tile 014F02 (room 0x01),door 0x1d21f0 (preset 0x0003),35.230,no,the line between them touches another wall,door 0x1d21f0 (preset 0x0003)
wall of tile 014F02 (room 0x01),door 0x1d21f0 (preset 0x0003),20.396,no,"another wall pokes into the space between them, so a tighter pair covers this gap",wall of tile 014F01 (room 0x01)
wall of tile 014F02 (room 0x01),door 0x1d21f0 (preset 0x0003),20.396,yes,,
wall of tile 014F02 (room 0x01),door 0x1d21f0 (preset 0x0003),31.576,no,"another wall pokes into the space between them, so a tighter pair covers this gap",door 0x1d21f0 (preset 0x0003)
wall of tile 014F02 (room 0x01),door 0x1d21f0 (preset 0x0003),31.576,no,the line between them touches another wall,door 0x1d21f0 (preset 0x0003)
wall of tile 014F02 (room 0x01),door 0x1d21f0 (preset 0x0003),35.230,no,the line between them touches another wall,door 0x1d21f0 (preset 0x0003)
wall of tile 014F02 (room 0x01),door 0x1d22f0 (preset 0x0004),52.772,no,"another wall pokes into the space between them, so a tighter pair covers this gap",door 0x1d22f0 (preset 0x0004)
wall of tile 014F02 (room 0x01),door 0x1d22f0 (preset 0x0004),38.982,yes,,
wall of tile 014F02 (room 0x01),door 0x1d22f0 (preset 0x0004),38.982,yes,,
wall of tile 014F02 (room 0x01),door 0x1d22f0 (preset 0x0004),52.772,no,"another wall pokes into the space between them, so a tighter pair covers this gap",door 0x1d22f0 (preset 0x0004)
wall of tile 010202 (room 0x01),wall of tile 03E209 (room 0x06),44.501,no,the line between them touches another wall,wall of tile 015201 (room 0x01)
wall of tile 010202 (room 0x01),wall of tile 004508 (room 0x06),58.928,no,"the line between them leaves the walkable area (a wall's thickness, or another floor)",
wall of tile 010202 (room 0x01),door 0x1d1ef0 (preset 0x0000),53.483,no,"another wall pokes into the space between them, so a tighter pair covers this gap",wall of tile 014E02 (room 0x01)
wall of tile 010202 (room 0x01),door 0x1d1ef0 (preset 0x0000),53.483,no,the line between them touches another wall,door 0x1d1ef0 (preset 0x0000)
wall of tile 010202 (room 0x01),door 0x1d1ef0 (preset 0x0000),44.501,no,the line between them touches another wall,wall of tile 014E02 (room 0x01)
wall of tile 010202 (room 0x01),door 0x1d1ef0 (preset 0x0000),44.501,no,"the line between them leaves the walkable area (a wall's thickness, or another floor)",
wall of tile 010202 (room 0x01),door 0x1d1ef0 (preset 0x0000),29.667,no,"another wall pokes into the space between them, so a tighter pair covers this gap",wall of tile 014E02 (room 0x01)
wall of tile 010202 (room 0x01),door 0x1d1ef0 (preset 0x0000),29.667,no,"another wall pokes into the space between them, so a tighter pair covers this gap",wall of tile 014E02 (room 0x01)
wall of tile 010202 (room 0x01),door 0x1d1ff0 (preset 0x0001),47.491,no,"another wall pokes into the space between them, so a tighter pair covers this gap",wall of tile 014E02 (room 0x01)
wall of tile 010202 (room 0x01),door 0x1d1ff0 (preset 0x0001),47.491,no,"another wall pokes into the space between them, so a tighter pair covers this gap",wall of tile 014E02 (room 0x01)
wall of tile 010202 (room 0x01),door 0x1d1ff0 (preset 0x0001),39.941,no,"another wall pokes into the space between them, so a tighter pair covers this gap",wall of tile 014E02 (room 0x01)
wall of tile 010202 (room 0x01),door 0x1d1ff0 (preset 0x0001),39.941,no,"another wall pokes into the space between them, so a tighter pair covers this gap",wall of tile 014E02 (room 0x01)
wall of tile 010201 (room 0x01),wall of tile 004D09 (room 0x06),44.501,no,the line between them touches another wall,wall of tile 015202 (room 0x01)
wall of tile 010201 (room 0x01),wall of tile 004C09 (room 0x06),58.928,no,"the line between them leaves the walkable area (a wall's thickness, or another floor)",
wall of tile 010201 (room 0x01),door 0x1d21f0 (preset 0x0003),29.667,no,"another wall pokes into the space between them, so a tighter pair covers this gap",wall of tile 014F01 (room 0x01)
wall of tile 010201 (room 0x01),door 0x1d21f0 (preset 0x0003),29.667,no,"another wall pokes into the space between them, so a tighter pair covers this gap",wall of tile 014F01 (room 0x01)
wall of tile 010201 (room 0x01),door 0x1d21f0 (preset 0x0003),44.501,no,"another wall pokes into the space between them, so a tighter pair covers this gap",wall of tile 014F01 (room 0x01)
wall of tile 010201 (room 0x01),door 0x1d21f0 (preset 0x0003),55.036,no,"another wall pokes into the space between them, so a tighter pair covers this gap",wall of tile 014F01 (room 0x01)
wall of tile 010201 (room 0x01),door 0x1d21f0 (preset 0x0003),29.667,no,"another wall pokes into the space between them, so a tighter pair covers this gap",wall of tile 014F01 (room 0x01)
wall of tile 010201 (room 0x01),door 0x1d22f0 (preset 0x0004),41.668,no,"another wall pokes into the space between them, so a tighter pair covers this gap",wall of tile 014F01 (room 0x01)
wall of tile 010201 (room 0x01),door 0x1d22f0 (preset 0x0004),41.668,no,"another wall pokes into the space between them, so a tighter pair covers this gap",wall of tile 014F01 (room 0x01)
wall of tile 010201 (room 0x01),door 0x1d22f0 (preset 0x0004),48.952,no,"another wall pokes into the space between them, so a tighter pair covers this gap",wall of tile 014F01 (room 0x01)
wall of tile 010201 (room 0x01),door 0x1d22f0 (preset 0x0004),41.668,no,"another wall pokes into the space between them, so a tighter pair covers this gap",wall of tile 014F01 (room 0x01)
wall of tile 014F01 (room 0x01),wall of tile 00E801 (room 0x01),22.250,no,the line between them touches another wall,wall of tile 014F02 (room 0x01)
wall of tile 014F01 (room 0x01),wall of tile 042920 (room 0x1e),49.454,no,the far wall faces the other way (it belongs to floor which isn't linked here),
wall of tile 014F01 (room 0x01),door 0x1d21f0 (preset 0x0003),0.000,yes,,
wall of tile 014F01 (room 0x01),door 0x1d21f0 (preset 0x0003),0.000,yes,,
wall of tile 014F01 (room 0x01),door 0x1d21f0 (preset 0x0003),0.000,yes,,
wall of tile 014F01 (room 0x01),door 0x1d21f0 (preset 0x0003),46.355,no,the line between them touches another wall,door 0x1d21f0 (preset 0x0003)
wall of tile 014F01 (room 0x01),door 0x1d21f0 (preset 0x0003),46.355,no,the line between them touches another wall,door 0x1d21f0 (preset 0x0003)
wall of tile 014F01 (room 0x01),door 0x1d21f0 (preset 0x0003),0.000,yes,,
wall of tile 014F01 (room 0x01),door 0x1d22f0 (preset 0x0004),38.938,yes,,
wall of tile 014F01 (room 0x01),door 0x1d22f0 (preset 0x0004),38.938,yes,,
wall of tile 014F01 (room 0x01),door 0x1d22f0 (preset 0x0004),38.938,yes,,
wall of tile 014F01 (room 0x01),door 0x1d22f0 (preset 0x0004),38.938,yes,,
wall of tile 015201 (room 0x01),wall of tile 004508 (room 0x06),18.356,no,the line between them touches another wall,wall of tile 03E209 (room 0x06)
wall of tile 015201 (room 0x01),wall of tile 042920 (room 0x1e),39.346,no,the far wall faces the other way (it belongs to floor which isn't linked here),
wall of tile 015202 (room 0x01),wall of tile 004C09 (room 0x06),18.356,no,the line between them touches another wall,wall of tile 004D09 (room 0x06)
wall of tile 015202 (room 0x01),wall of tile 042920 (room 0x1e),13.229,no,"the line between them leaves the walkable area (a wall's thickness, or another floor)",
wall of tile 004808 (room 0x06),wall of tile 016A09 (room 0x06),11.125,no,the far wall faces the other way (it belongs to floor which isn't linked here),
wall of tile 004808 (room 0x06),wall of tile 016A09 (room 0x06),9.271,no,the far wall faces the other way (it belongs to floor which isn't linked here),
wall of tile 004808 (room 0x06),wall of tile 018208 (room 0x08),11.125,no,the line between them touches another wall,wall of tile 004808 (room 0x06)
wall of tile 002308 (room 0x06),wall of tile 019609 (room 0x06),0.855,no,the far wall faces the other way (it belongs to floor which isn't linked here),
wall of tile 002308 (room 0x06),wall of tile 019709 (room 0x06),1.710,no,the far wall faces the other way (it belongs to floor which isn't linked here),
wall of tile 002308 (room 0x06),wall of tile 017609 (room 0x06),2.610,no,the far wall faces the other way (it belongs to floor which isn't linked here),
wall of tile 002308 (room 0x06),wall of tile 017509 (room 0x06),3.464,no,the far wall faces the other way (it belongs to floor which isn't linked here),
wall of tile 002308 (room 0x06),wall of tile 017709 (room 0x06),4.319,no,the far wall faces the other way (it belongs to floor which isn't linked here),
wall of tile 002308 (room 0x06),wall of tile 016A09 (room 0x06),11.125,no,the far wall faces the other way (it belongs to floor which isn't linked here),
wall of tile 002308 (room 0x06),wall of tile 016A09 (room 0x06),5.174,no,the far wall faces the other way (it belongs to floor which isn't linked here),
wall of tile 002408 (room 0x06),wall of tile 026208 (room 0x06),42.647,no,the line between them touches another wall,wall of tile 01100A (room 0x06)
wall of tile 002108 (room 0x06),wall of tile 01220A (room 0x06),44.501,no,the line between them touches another wall,wall of tile 011009 (room 0x06)
wall of tile 002108 (room 0x06),glass 0x1d1350 (preset 0x2745),7.417,no,the line between them touches another wall,wall of tile 048408 (room 0x08)
wall of tile 002108 (room 0x06),glass 0x1d1350 (preset 0x2745),7.417,no,"the line between them leaves the walkable area (a wall's thickness, or another floor)",
wall of tile 002108 (room 0x06),glass 0x1d1350 (preset 0x2745),7.417,no,the line between them touches another wall,wall of tile 048408 (room 0x08)
wall of tile 019209 (room 0x06),wall of tile 019709 (room 0x06),35.230,no,the line between them touches another wall,wall of tile 019609 (room 0x06)
wall of tile 019609 (room 0x06),wall of tile 017609 (room 0x06),37.084,no,the line between them touches another wall,wall of tile 019709 (room 0x06)
wall of tile 019709 (room 0x06),wall of tile 017509 (room 0x06),35.230,no,the line between them touches another wall,wall of tile 017609 (room 0x06)
wall of tile 017609 (room 0x06),wall of tile 017709 (room 0x06),35.230,no,the line between them touches another wall,wall of tile 017509 (room 0x06)
wall of tile 017509 (room 0x06),wall of tile 016A09 (room 0x06),35.230,no,the line between them touches another wall,wall of tile 017709 (room 0x06)
wall of tile 018208 (room 0x08),wall of tile 042920 (room 0x1e),7.770,no,"the line between them leaves the walkable area (a wall's thickness, or another floor)",
wall of tile 047D08 (room 0x08),wall of tile 047B08 (room 0x08),42.647,no,the line between them touches another wall,wall of tile 047B08 (room 0x08)
wall of tile 047D08 (room 0x08),wall of tile 047F08 (room 0x08),42.647,no,the line between them touches another wall,wall of tile 04B10A (room 0x08)
wall of tile 048108 (room 0x08),wall of tile 048208 (room 0x08),42.647,no,the line between them touches another wall,wall of tile 048108 (room 0x08)
wall of tile 048208 (room 0x08),wall of tile 048408 (room 0x08),42.647,no,the line between them touches another wall,wall of tile 048408 (room 0x08)
wall of tile 048408 (room 0x08),generic 0x1ce87c (preset 0x002d),47.346,yes,,
wall of tile 048408 (room 0x08),generic 0x1ce87c (preset 0x002d),47.346,yes,,
wall of tile 048408 (room 0x08),glass 0x1d1350 (preset 0x2745),0.000,no,"the line between them leaves the walkable area (a wall's thickness, or another floor)",
wall of tile 01100A (room 0x06),wall of tile 011D0A (room 0x06),22.250,no,the line between them touches another wall,wall of tile 002408 (room 0x06)
wall of tile 026208 (room 0x06),wall of tile 002B08 (room 0x06),42.647,no,the line between them touches another wall,wall of tile 011509 (room 0x06)
wall of tile 012009 (room 0x06),wall of tile 002808 (room 0x06),44.501,no,the line between them touches another wall,wall of tile 01150A (room 0x06)
wall of tile 011509 (room 0x06),wall of tile 011E0A (room 0x06),22.250,no,the line between them touches another wall,wall of tile 002B08 (room 0x06)
wall of tile 002808 (room 0x06),wall of tile 049108 (room 0x07),22.250,no,"the line between them leaves the walkable area (a wall's thickness, or another floor)",
wall of tile 002A08 (room 0x06),wall of tile 01C209 (room 0x06),4.160,no,the far wall faces the other way (it belongs to floor which isn't linked here),
wall of tile 002A08 (room 0x06),wall of tile 01B80A (room 0x06),3.473,no,the far wall faces the other way (it belongs to floor which isn't linked here),
wall of tile 002A08 (room 0x06),wall of tile 01C20A (room 0x06),12.979,no,the far wall faces the other way (it belongs to floor which isn't linked here),
wall of tile 002A08 (room 0x06),wall of tile 01BA0A (room 0x06),2.785,no,the far wall faces the other way (it belongs to floor which isn't linked here),
wall of tile 002A08 (room 0x06),wall of tile 01B90A (room 0x06),2.098,no,the far wall faces the other way (it belongs to floor which isn't linked here),
wall of tile 002A08 (room 0x06),wall of tile 01A00A (room 0x06),1.375,no,the far wall faces the other way (it belongs to floor which isn't linked here),
wall of tile 002A08 (room 0x06),wall of tile 01A10A (room 0x06),0.687,no,the far wall faces the other way (it belongs to floor which isn't linked here),
wall of tile 001F08 (room 0x06),wall of tile 01C209 (room 0x06),7.417,no,the far wall faces the other way (it belongs to floor which isn't linked here),
wall of tile 001F08 (room 0x06),wall of tile 01C20A (room 0x06),12.979,no,the far wall faces the other way (it belongs to floor which isn't linked here),
wall of tile 001F08 (room 0x06),wall of tile 026C08 (room 0x07),12.979,no,the line between them touches another wall,wall of tile 001F08 (room 0x06)
wall of tile 001708 (room 0x06),wall of tile 000F08 (room 0x05),42.647,no,the line between them touches another wall,wall of tile 03E908 (room 0x06)
wall of tile 000008 (room 0x05),wall of tile 001808 (room 0x06),42.647,no,the line between them touches another wall,wall of tile 000208 (room 0x06)
wall of tile 02EB08 (room 0x06),wall of tile 02EC08 (room 0x06),42.647,yes,,
wall of tile 02EB08 (room 0x06),wall of tile 002008 (room 0x06),44.501,no,the line between them touches another wall,wall of tile 002008 (room 0x06)
wall of tile 02EB08 (room 0x06),wall of tile 004108 (room 0x06),57.480,no,the line between them touches another wall,wall of tile 004308 (room 0x06)
wall of tile 02EC08 (room 0x06),wall of tile 002008 (room 0x06),42.647,yes,,
wall of tile 002008 (room 0x06),wall of tile 004308 (room 0x06),57.480,no,the line between them touches another wall,wall of tile 02EB08 (room 0x06)
wall of tile 000C08 (room 0x05),wall of tile 049C0A (room 0x05),5.563,no,the line between them touches another wall,wall of tile 049C09 (room 0x05)
wall of tile 000C08 (room 0x05),wall of tile 049C0A (room 0x05),42.647,no,"another wall pokes into the space between them, so a tighter pair covers this gap",wall of tile 049C0A (room 0x05)
wall of tile 000E08 (room 0x05),wall of tile 049C0A (room 0x05),42.647,no,the line between them touches another wall,wall of tile 049C09 (room 0x05)
wall of tile 049C09 (room 0x05),wall of tile 049C0A (room 0x05),42.647,no,"another wall pokes into the space between them, so a tighter pair covers this gap",wall of tile 049C0A (room 0x05)
wall of tile 049C0A (room 0x05),wall of tile 06C111 (room 0x12),37.084,no,the line between them touches another wall,wall of tile 06C211 (room 0x12)
wall of tile 049C0A (room 0x05),wall of tile 066511 (room 0x12),37.084,no,the line between them touches another wall,wall of tile 066611 (room 0x12)
wall of tile 06C211 (room 0x12),wall of tile 06C011 (room 0x12),35.230,no,the line between them touches another wall,wall of tile 06C111 (room 0x12)
wall of tile 066611 (room 0x12),wall of tile 066411 (room 0x12),35.230,no,the line between them touches another wall,wall of tile 066511 (room 0x12)
wall of tile 06C111 (room 0x12),wall of tile 06BC11 (room 0x12),35.230,no,the line between them touches another wall,wall of tile 06C011 (room 0x12)
wall of tile 066511 (room 0x12),wall of tile 066011 (room 0x12),35.230,no,the line between them touches another wall,wall of tile 066411 (room 0x12)
wall of tile 06C011 (room 0x12),wall of tile 06C811 (room 0x12),37.084,no,the line between them touches another wall,wall of tile 06BC11 (room 0x12)
wall of tile 066411 (room 0x12),wall of tile 066C11 (room 0x12),37.084,no,the line between them touches another wall,wall of tile 066011 (room 0x12)
wall of tile 06BC11 (room 0x12),wall of tile 06C711 (room 0x12),35.230,no,the line between them touches another wall,wall of tile 06C811 (room 0x12)
wall of tile 066011 (room 0x12),wall of tile 066B11 (room 0x12),35.230,no,the line between them touches another wall,wall of tile 066C11 (room 0x12)
wall of tile 06C811 (room 0x12),wall of tile 06C411 (room 0x12),35.230,no,the line between them touches another wall,wall of tile 06C711 (room 0x12)
wall of tile 066C11 (room 0x12),wall of tile 066811 (room 0x12),35.230,no,the line between them touches another wall,wall of tile 066B11 (room 0x12)
wall of tile 06C711 (room 0x12),wall of tile 06A811 (room 0x0f),37.084,no,the line between them touches another wall,wall of tile 06C411 (room 0x12)
wall of tile 066B11 (room 0x12),wall of tile 06B011 (room 0x0f),46.355,no,"the line between them leaves the walkable area (a wall's thickness, or another floor)",
wall of tile 066B11 (room 0x12),wall of tile 06B011 (room 0x0f),37.084,no,the line between them touches another wall,wall of tile 066811 (room 0x12)
wall of tile 066811 (room 0x12),wall of tile 06B011 (room 0x0f),27.813,no,the line between them touches another wall,wall of tile 06B011 (room 0x0f)
wall of tile 009D11 (room 0x0f),wall of tile 009C12 (room 0x0a),27.813,no,the line between them touches another wall,wall of tile 009D12 (room 0x0f)
wall of tile 009C12 (room 0x0a),wall of tile 005919 (room 0x1b),35.230,no,"the line between them leaves the walkable area (a wall's thickness, or another floor)",
wall of tile 009C12 (room 0x0a),wall of tile 00591A (room 0x1b),35.230,no,"the line between them leaves the walkable area (a wall's thickness, or another floor)",
wall of tile 077012 (room 0x0a),wall of tile 00561A (room 0x1b),35.666,no,"the line between them leaves the walkable area (a wall's thickness, or another floor)",
wall of tile 077012 (room 0x0a),wall of tile 005B19 (room 0x1b),35.230,no,"the line between them leaves the walkable area (a wall's thickness, or another floor)",
wall of tile 077012 (room 0x0a),wall of tile 005919 (room 0x1b),35.230,no,"the line between them leaves the walkable area (a wall's thickness, or another floor)",
wall of tile 075B12 (room 0x0a),wall of tile 009911 (room 0x09),27.813,no,the line between them touches another wall,wall of tile 075B11 (room 0x0a)
wall of tile 075B12 (room 0x0a),door 0x1d17f0 (preset 0x000b),40.666,no,"the line between them leaves the walkable area (a wall's thickness, or another floor)",
wall of tile 075B12 (room 0x0a),door 0x1d17f0 (preset 0x000b),34.490,no,"the line between them leaves the walkable area (a wall's thickness, or another floor)",
wall of tile 075B12 (room 0x0a),door 0x1d17f0 (preset 0x000b),34.490,no,"the line between them leaves the walkable area (a wall's thickness, or another floor)",
wall of tile 075B12 (room 0x0a),door 0x1d17f0 (preset 0x000b),34.490,no,"the line between them leaves the walkable area (a wall's thickness, or another floor)",
wall of tile 077212 (room 0x0a),wall of tile 009B12 (room 0x0b),27.813,no,the line between them touches another wall,wall of tile 009B11 (room 0x0b)
wall of tile 077212 (room 0x0a),wall of tile 07C811 (room 0x0b),39.334,no,"another wall pokes into the space between them, so a tighter pair covers this gap",wall of tile 009B11 (room 0x0b)
wall of tile 077212 (room 0x0a),wall of tile 005719 (room 0x1b),35.230,no,"the line between them leaves the walkable area (a wall's thickness, or another floor)",
wall of tile 077212 (room 0x0a),wall of tile 005719 (room 0x1b),35.230,no,"the line between them leaves the walkable area (a wall's thickness, or another floor)",
wall of tile 077212 (room 0x0a),wall of tile 00561A (room 0x1b),35.230,no,"the line between them leaves the walkable area (a wall's thickness, or another floor)",
wall of tile 077212 (room 0x0a),wall of tile 005B19 (room 0x1b),35.230,no,"the line between them leaves the walkable area (a wall's thickness, or another floor)",
wall of tile 077212 (room 0x0a),wall of tile 005919 (room 0x1b),36.002,no,"the line between them leaves the walkable area (a wall's thickness, or another floor)",
wall of tile 077212 (room 0x0a),door 0x1d14f0 (preset 0x0008),49.926,no,"the line between them leaves the walkable area (a wall's thickness, or another floor)",
wall of tile 077212 (room 0x0a),door 0x1d14f0 (preset 0x0008),49.926,no,"the line between them leaves the walkable area (a wall's thickness, or another floor)",
wall of tile 077212 (room 0x0a),door 0x1d14f0 (preset 0x0008),58.046,no,"the line between them leaves the walkable area (a wall's thickness, or another floor)",
wall of tile 077212 (room 0x0a),door 0x1d14f0 (preset 0x0008),58.046,no,"the line between them leaves the walkable area (a wall's thickness, or another floor)",
wall of tile 009B11 (room 0x0b),wall of tile 07C811 (room 0x0b),27.813,no,the line between them touches another wall,wall of tile 009B12 (room 0x0b)
wall of tile 009B11 (room 0x0b),wall of tile 03711A (room 0x1b),37.084,no,"the line between them leaves the walkable area (a wall's thickness, or another floor)",
wall of tile 009B11 (room 0x0b),wall of tile 005719 (room 0x1b),43.287,no,"the line between them leaves the walkable area (a wall's thickness, or another floor)",
wall of tile 009B11 (room 0x0b),wall of tile 005719 (room 0x1b),43.287,no,"the line between them leaves the walkable area (a wall's thickness, or another floor)",
wall of tile 009B11 (room 0x0b),door 0x1d14f0 (preset 0x0008),29.898,no,"the line between them leaves the walkable area (a wall's thickness, or another floor)",
wall of tile 009B11 (room 0x0b),door 0x1d14f0 (preset 0x0008),29.898,no,"the line between them leaves the walkable area (a wall's thickness, or another floor)",
wall of tile 009B11 (room 0x0b),door 0x1d14f0 (preset 0x0008),35.424,no,"the line between them leaves the walkable area (a wall's thickness, or another floor)",
wall of tile 009B11 (room 0x0b),door 0x1d14f0 (preset 0x0008),35.425,no,"the line between them leaves the walkable area (a wall's thickness, or another floor)",
wall of tile 009B12 (room 0x0b),wall of tile 07C812 (room 0x0b),27.813,no,the line between them touches another wall,wall of tile 009B12 (room 0x0b)
wall of tile 009B12 (room 0x0b),wall of tile 03711A (room 0x1b),37.084,no,"the line between them leaves the walkable area (a wall's thickness, or another floor)",
wall of tile 009B12 (room 0x0b),generic 0x1ce6fc (preset 0x0028),33.491,no,"another wall pokes into the space between them, so a tighter pair covers this gap",wall of tile 075C12 (room 0x0b)
wall of tile 009B12 (room 0x0b),generic 0x1ce6fc (preset 0x0028),33.491,no,"another wall pokes into the space between them, so a tighter pair covers this gap",wall of tile 075C12 (room 0x0b)
wall of tile 009B12 (room 0x0b),generic 0x1ce6fc (preset 0x0028),33.492,no,"another wall pokes into the space between them, so a tighter pair covers this gap",wall of tile 075C12 (room 0x0b)
wall of tile 009B12 (room 0x0b),door 0x1d15f0 (preset 0x0009),31.522,no,"the line between them leaves the walkable area (a wall's thickness, or another floor)",
wall of tile 009B12 (room 0x0b),door 0x1d15f0 (preset 0x0009),31.521,no,"the line between them leaves the walkable area (a wall's thickness, or another floor)",
wall of tile 009B12 (room 0x0b),door 0x1d15f0 (preset 0x0009),31.521,no,"the line between them leaves the walkable area (a wall's thickness, or another floor)",
wall of tile 009B12 (room 0x0b),door 0x1d15f0 (preset 0x0009),36.805,no,"the line between them leaves the walkable area (a wall's thickness, or another floor)",
wall of tile 009B12 (room 0x0b),wall of tile 075C12 (room 0x0b),27.813,no,the line between them touches another wall,wall of tile 009B12 (room 0x0b)
wall of tile 009B12 (room 0x0b),wall of tile 03711A (room 0x1b),37.084,no,"the line between them leaves the walkable area (a wall's thickness, or another floor)",
wall of tile 009B12 (room 0x0b),generic 0x1ce6fc (preset 0x0028),53.229,no,"the line between them leaves the walkable area (a wall's thickness, or another floor)",
wall of tile 009B12 (room 0x0b),generic 0x1ce6fc (preset 0x0028),53.229,no,"the line between them leaves the walkable area (a wall's thickness, or another floor)",
wall of tile 009B12 (room 0x0b),generic 0x1ce6fc (preset 0x0028),53.229,no,"the line between them leaves the walkable area (a wall's thickness, or another floor)",
wall of tile 009B12 (room 0x0b),door 0x1d15f0 (preset 0x0009),14.834,no,"another wall pokes into the space between them, so a tighter pair covers this gap",wall of tile 07C812 (room 0x0b)
wall of tile 009B12 (room 0x0b),door 0x1d15f0 (preset 0x0009),14.834,no,"another wall pokes into the space between them, so a tighter pair covers this gap",wall of tile 07C812 (room 0x0b)
wall of tile 009B12 (room 0x0b),door 0x1d15f0 (preset 0x0009),14.834,no,"another wall pokes into the space between them, so a tighter pair covers this gap",wall of tile 07C812 (room 0x0b)
wall of tile 009B12 (room 0x0b),door 0x1d15f0 (preset 0x0009),24.105,no,"another wall pokes into the space between them, so a tighter pair covers this gap",wall of tile 07C812 (room 0x0b)
wall of tile 009B12 (room 0x0b),wall of tile 03711A (room 0x1b),37.084,no,"the line between them leaves the walkable area (a wall's thickness, or another floor)",
wall of tile 009B12 (room 0x0b),wall of tile 005719 (room 0x1b),43.287,no,"the line between them leaves the walkable area (a wall's thickness, or another floor)",
wall of tile 009B12 (room 0x0b),wall of tile 005719 (room 0x1b),43.287,no,"the line between them leaves the walkable area (a wall's thickness, or another floor)",
wall of tile 009B12 (room 0x0b),door 0x1d14f0 (preset 0x0008),14.834,no,"another wall pokes into the space between them, so a tighter pair covers this gap",wall of tile 07C811 (room 0x0b)
wall of tile 009B12 (room 0x0b),door 0x1d14f0 (preset 0x0008),14.834,no,"the line between them leaves the walkable area (a wall's thickness, or another floor)",
wall of tile 009B12 (room 0x0b),door 0x1d14f0 (preset 0x0008),24.105,no,"the line between them leaves the walkable area (a wall's thickness, or another floor)",
wall of tile 009B12 (room 0x0b),door 0x1d14f0 (preset 0x0008),24.105,no,the line between them touches another wall,door 0x1d14f0 (preset 0x0008)
wall of tile 075C12 (room 0x0b),wall of tile 07C812 (room 0x0b),39.334,no,"another wall pokes into the space between them, so a tighter pair covers this gap",wall of tile 009B12 (room 0x0b)
wall of tile 075C12 (room 0x0b),wall of tile 009A12 (room 0x0c),27.813,no,the line between them touches another wall,wall of tile 009A11 (room 0x0c)
wall of tile 075C12 (room 0x0b),wall of tile 06AB11 (room 0x0d),39.334,no,"another wall pokes into the space between them, so a tighter pair covers this gap",wall of tile 009A11 (room 0x0c)
wall of tile 075C12 (room 0x0b),generic 0x1ce6fc (preset 0x0028),17.811,no,"another wall pokes into the space between them, so a tighter pair covers this gap",generic 0x1ce6fc (preset 0x0028)
wall of tile 075C12 (room 0x0b),generic 0x1ce6fc (preset 0x0028),16.864,yes,,
wall of tile 075C12 (room 0x0b),generic 0x1ce6fc (preset 0x0028),16.864,yes,,
wall of tile 075C12 (room 0x0b),generic 0x1ce6fc (preset 0x0028),16.864,yes,,
wall of tile 075C12 (room 0x0b),door 0x1d15f0 (preset 0x0009),50.915,no,"the line between them leaves the walkable area (a wall's thickness, or another floor)",
wall of tile 075C12 (room 0x0b),door 0x1d15f0 (preset 0x0009),50.915,no,"the line between them leaves the walkable area (a wall's thickness, or another floor)",
wall of tile 075C12 (room 0x0b),door 0x1d15f0 (preset 0x0009),50.915,no,"the line between them leaves the walkable area (a wall's thickness, or another floor)",
wall of tile 075C12 (room 0x0b),door 0x1d15f0 (preset 0x0009),58.898,no,"the line between them leaves the walkable area (a wall's thickness, or another floor)",
wall of tile 07C811 (room 0x0b),door 0x1d14f0 (preset 0x0008),1.854,no,"the line between them leaves the walkable area (a wall's thickness, or another floor)",
wall of tile 07C811 (room 0x0b),door 0x1d14f0 (preset 0x0008),1.854,no,"the line between them leaves the walkable area (a wall's thickness, or another floor)",
wall of tile 07C812 (room 0x0b),door 0x1d15f0 (preset 0x0009),0.000,yes,,
wall of tile 07C812 (room 0x0b),door 0x1d15f0 (preset 0x0009),0.000,yes,,
wall of tile 07C812 (room 0x0b),door 0x1d15f0 (preset 0x0009),0.000,yes,,
wall of tile 07C812 (room 0x0b),door 0x1d15f0 (preset 0x0009),0.000,yes,,
wall of tile 03711A (room 0x1b),wall of tile 005719 (room 0x1b),29.667,no,the line between them touches another wall,wall of tile 005719 (room 0x1b)
wall of tile 03711A (room 0x1b),door 0x1d14f0 (preset 0x0008),22.250,no,"the line between them leaves the walkable area (a wall's thickness, or another floor)",
wall of tile 03711A (room 0x1b),door 0x1d14f0 (preset 0x0008),12.979,no,"the line between them leaves the walkable area (a wall's thickness, or another floor)",
wall of tile 03711A (room 0x1b),door 0x1d14f0 (preset 0x0008),12.979,no,"the line between them leaves the walkable area (a wall's thickness, or another floor)",
wall of tile 03711A (room 0x1b),door 0x1d14f0 (preset 0x0008),12.979,no,"the line between them leaves the walkable area (a wall's thickness, or another floor)",
wall of tile 03711A (room 0x1b),wall of tile 03721A (room 0x1b),42.647,no,the line between them touches another wall,wall of tile 037119 (room 0x1b)
wall of tile 03711A (room 0x1b),door 0x1d15f0 (preset 0x0009),12.979,no,"another wall pokes into the space between them, so a tighter pair covers this gap",wall of tile 07C812 (room 0x0b)
wall of tile 03711A (room 0x1b),door 0x1d15f0 (preset 0x0009),22.250,no,"another wall pokes into the space between them, so a tighter pair covers this gap",wall of tile 07C812 (room 0x0b)
wall of tile 03711A (room 0x1b),door 0x1d15f0 (preset 0x0009),22.251,no,"another wall pokes into the space between them, so a tighter pair covers this gap",wall of tile 07C812 (room 0x0b)
wall of tile 03711A (room 0x1b),door 0x1d15f0 (preset 0x0009),12.979,no,"another wall pokes into the space between them, so a tighter pair covers this gap",wall of tile 07C812 (room 0x0b)
wall of tile 037119 (room 0x1b),wall of tile 037219 (room 0x1b),42.647,no,the line between them touches another wall,wall of tile 03721A (room 0x1b)
wall of tile 005719 (room 0x1b),wall of tile 005B19 (room 0x1b),57.480,no,the line between them touches another wall,wall of tile 00561A (room 0x1b)
wall of tile 031818 (room 0x1b),wall of tile 032018 (room 0x1b),57.480,no,the line between them touches another wall,wall of tile 032018 (room 0x1b)
wall of tile 031A18 (room 0x1b),wall of tile 031C19 (room 0x1b),42.647,no,the line between them touches another wall,wall of tile 031B18 (room 0x1b)
wall of tile 031B18 (room 0x1b),wall of tile 031C1A (room 0x1b),42.647,no,the line between them touches another wall,wall of tile 031C19 (room 0x1b)
wall of tile 031C19 (room 0x1b),wall of tile 079611 (room 0x0e),27.813,no,"the line between them leaves the walkable area (a wall's thickness, or another floor)",
wall of tile 031C1A (room 0x1b),wall of tile 079611 (room 0x0e),27.813,no,"the line between them leaves the walkable area (a wall's thickness, or another floor)",
wall of tile 031C1A (room 0x1b),wall of tile 079611 (room 0x0e),27.813,no,"the line between them leaves the walkable area (a wall's thickness, or another floor)",
wall of tile 031D19 (room 0x1b),wall of tile 00571B (room 0x1b),48.209,no,the line between them touches another wall,wall of tile 00571B (room 0x1b)
wall of tile 031D19 (room 0x1b),wall of tile 005619 (room 0x1b),53.096,no,"another wall pokes into the space between them, so a tighter pair covers this gap",wall of tile 00571B (room 0x1b)
wall of tile 031D19 (room 0x1b),wall of tile 032018 (room 0x1b),44.501,no,the line between them touches another wall,wall of tile 032018 (room 0x1b)
wall of tile 00571B (room 0x1b),wall of tile 005619 (room 0x1b),22.250,no,the line between them touches another wall,wall of tile 00571B (room 0x1b)
wall of tile 00571B (room 0x1b),wall of tile 032018 (room 0x1b),51.918,no,the line between them touches another wall,wall of tile 031D19 (room 0x1b)
wall of tile 00561A (room 0x1b),wall of tile 005919 (room 0x1b),12.979,no,the line between them touches another wall,wall of tile 005B19 (room 0x1b)
wall of tile 005B1A (room 0x1b),wall of tile 00781A (room 0x1d),17.425,no,"the line between them leaves the walkable area (a wall's thickness, or another floor)",
wall of tile 005B1A (room 0x1b),door 0x1d1df0 (preset 0x0011),0.000,no,the line between them touches another wall,door 0x1d1df0 (preset 0x0011)
wall of tile 005B1A (room 0x1b),door 0x1d1df0 (preset 0x0011),7.671,no,"the line between them leaves the walkable area (a wall's thickness, or another floor)",
wall of tile 005919 (room 0x1b),wall of tile 03701A (room 0x1b),48.102,no,"the line between them leaves the walkable area (a wall's thickness, or another floor)",
wall of tile 005919 (room 0x1b),wall of tile 03701A (room 0x1b),43.573,no,"the line between them leaves the walkable area (a wall's thickness, or another floor)",
wall of tile 00591A (room 0x1b),wall of tile 03701A (room 0x1b),37.996,no,"the line between them leaves the walkable area (a wall's thickness, or another floor)",
wall of tile 00701A (room 0x1d),door 0x1d1df0 (preset 0x0011),0.000,no,"another wall pokes into the space between them, so a tighter pair covers this gap",door 0x1d1df0 (preset 0x0011)
wall of tile 005818 (room 0x1b),wall of tile 03701A (room 0x1b),53.888,no,"another wall pokes into the space between them, so a tighter pair covers this gap",wall of tile 005818 (room 0x1b)
wall of tile 005818 (room 0x1b),wall of tile 007819 (room 0x1d),17.774,no,"the line between them leaves the walkable area (a wall's thickness, or another floor)",
wall of tile 005818 (room 0x1b),door 0x1d1df0 (preset 0x0011),0.000,no,"another wall pokes into the space between them, so a tighter pair covers this gap",door 0x1d1df0 (preset 0x0011)
wall of tile 005818 (room 0x1b),door 0x1d1df0 (preset 0x0011),0.000,no,"another wall pokes into the space between them, so a tighter pair covers this gap",wall of tile 00701A (room 0x1d)
wall of tile 005818 (room 0x1b),door 0x1d1df0 (preset 0x0011),7.925,no,"the line between them leaves the walkable area (a wall's thickness, or another floor)",
wall of tile 007019 (room 0x1d),door 0x1d1df0 (preset 0x0011),0.000,no,the line between them touches another wall,door 0x1d1df0 (preset 0x0011)
wall of tile 007019 (room 0x1d),door 0x1d1df0 (preset 0x0011),0.000,no,the line between them touches another wall,door 0x1d1df0 (preset 0x0011)
wall of tile 00781A (room 0x1d),wall of tile 007C19 (room 0x1a),17.914,no,"the line between them leaves the walkable area (a wall's thickness, or another floor)",
wall of tile 00781A (room 0x1d),door 0x1d1cf0 (preset 0x0010),9.985,no,"the line between them leaves the walkable area (a wall's thickness, or another floor)",
wall of tile 00781A (room 0x1d),door 0x1d1cf0 (preset 0x0010),9.271,no,"another wall pokes into the space between them, so a tighter pair covers this gap",wall of tile 01D41A (room 0x1d)
wall of tile 00781A (room 0x1d),door 0x1d1cf0 (preset 0x0010),18.542,no,the line between them touches another wall,door 0x1d1cf0 (preset 0x0010)
wall of tile 00781A (room 0x1d),door 0x1d1df0 (preset 0x0011),9.985,no,"the line between them leaves the walkable area (a wall's thickness, or another floor)",
wall of tile 00781A (room 0x1d),door 0x1d1df0 (preset 0x0011),18.542,no,the line between them touches another wall,door 0x1d1df0 (preset 0x0011)
wall of tile 00781A (room 0x1d),door 0x1d1df0 (preset 0x0011),9.271,no,"another wall pokes into the space between them, so a tighter pair covers this gap",wall of tile 007019 (room 0x1d)
wall of tile 007819 (room 0x1d),wall of tile 007D19 (room 0x1a),17.425,no,"the line between them leaves the walkable area (a wall's thickness, or another floor)",
wall of tile 007819 (room 0x1d),door 0x1d1cf0 (preset 0x0010),9.271,no,"another wall pokes into the space between them, so a tighter pair covers this gap",wall of tile 01D419 (room 0x1d)
wall of tile 007819 (room 0x1d),door 0x1d1cf0 (preset 0x0010),9.985,no,"the line between them leaves the walkable area (a wall's thickness, or another floor)",
wall of tile 007819 (room 0x1d),door 0x1d1cf0 (preset 0x0010),18.542,no,the line between them touches another wall,door 0x1d1cf0 (preset 0x0010)
wall of tile 007819 (room 0x1d),door 0x1d1df0 (preset 0x0011),18.542,no,the line between them touches another wall,door 0x1d1df0 (preset 0x0011)
wall of tile 007819 (room 0x1d),door 0x1d1df0 (preset 0x0011),9.985,no,"the line between them leaves the walkable area (a wall's thickness, or another floor)",
wall of tile 007819 (room 0x1d),door 0x1d1df0 (preset 0x0011),9.271,no,"another wall pokes into the space between them, so a tighter pair covers this gap",wall of tile 00701A (room 0x1d)
wall of tile 01D41A (room 0x1d),door 0x1d1cf0 (preset 0x0010),0.000,no,"another wall pokes into the space between them, so a tighter pair covers this gap",door 0x1d1cf0 (preset 0x0010)
wall of tile 01D419 (room 0x1d),door 0x1d1cf0 (preset 0x0010),0.000,no,"the line between them leaves the walkable area (a wall's thickness, or another floor)",
wall of tile 007C19 (room 0x1a),door 0x1d1cf0 (preset 0x0010),0.000,no,"the line between them leaves the walkable area (a wall's thickness, or another floor)",
wall of tile 007C19 (room 0x1a),door 0x1d1cf0 (preset 0x0010),8.031,no,"the line between them leaves the walkable area (a wall's thickness, or another floor)",
wall of tile 007C19 (room 0x1a),door 0x1d1cf0 (preset 0x0010),0.000,no,"the line between them leaves the walkable area (a wall's thickness, or another floor)",
wall of tile 007C1A (room 0x1a),wall of tile 036819 (room 0x1a),37.084,no,the line between them touches another wall,wall of tile 036819 (room 0x1a)
wall of tile 007C1A (room 0x1a),wall of tile 036719 (room 0x1a),56.515,no,"another wall pokes into the space between them, so a tighter pair covers this gap",wall of tile 036819 (room 0x1a)
wall of tile 036819 (room 0x1a),wall of tile 036719 (room 0x1a),42.647,no,the line between them touches another wall,wall of tile 036819 (room 0x1a)
wall of tile 036819 (room 0x1a),wall of tile 036719 (room 0x1a),42.647,no,the line between them touches another wall,wall of tile 036719 (room 0x1a)
wall of tile 036918 (room 0x1a),wall of tile 036A19 (room 0x1a),42.647,no,the line between them touches another wall,wall of tile 036A19 (room 0x1a)
wall of tile 036A19 (room 0x1a),wall of tile 009612 (room 0x13),37.084,no,"the line between them leaves the walkable area (a wall's thickness, or another floor)",
wall of tile 036A19 (room 0x1a),wall of tile 009612 (room 0x13),37.084,no,"the line between them leaves the walkable area (a wall's thickness, or another floor)",
wall of tile 036A19 (room 0x1a),door 0x1d1bf0 (preset 0x000f),14.834,no,"another wall pokes into the space between them, so a tighter pair covers this gap",wall of tile 083812 (room 0x13)
wall of tile 036A19 (room 0x1a),door 0x1d1bf0 (preset 0x000f),14.834,no,"the line between them leaves the walkable area (a wall's thickness, or another floor)",
wall of tile 036A19 (room 0x1a),door 0x1d1bf0 (preset 0x000f),24.105,no,"the line between them leaves the walkable area (a wall's thickness, or another floor)",
wall of tile 036A19 (room 0x1a),door 0x1d1bf0 (preset 0x000f),24.105,no,the line between them touches another wall,door 0x1d1bf0 (preset 0x000f)
wall of tile 036A19 (room 0x1a),wall of tile 007D19 (room 0x1a),42.647,no,the line between them touches another wall,wall of tile 036918 (room 0x1a)
wall of tile 036B19 (room 0x1a),wall of tile 036C19 (room 0x1a),42.647,no,the line between them touches another wall,wall of tile 036C19 (room 0x1a)
wall of tile 036B19 (room 0x1a),generic 0x1cf96c (preset 0x2740),56.435,no,"another wall pokes into the space between them, so a tighter pair covers this gap",generic 0x1cf96c (preset 0x2740)
wall of tile 036B19 (room 0x1a),generic 0x1cf96c (preset 0x2740),56.421,no,"another wall pokes into the space between them, so a tighter pair covers this gap",generic 0x1cf96c (preset 0x2740)
wall of tile 036B19 (room 0x1a),generic 0x1cf96c (preset 0x2740),22.182,yes,,
wall of tile 036B19 (room 0x1a),generic 0x1cf96c (preset 0x2740),44.960,no,"another wall pokes into the space between them, so a tighter pair covers this gap",wall of tile 036C19 (room 0x1a)
wall of tile 036B19 (room 0x1a),wall of tile 036C19 (room 0x1a),42.647,no,the line between them touches another wall,wall of tile 036B19 (room 0x1a)
wall of tile 036B19 (room 0x1a),wall of tile 009612 (room 0x13),37.084,no,"the line between them leaves the walkable area (a wall's thickness, or another floor)",
wall of tile 036B19 (room 0x1a),wall of tile 009611 (room 0x13),37.084,no,"the line between them leaves the walkable area (a wall's thickness, or another floor)",
wall of tile 036B19 (room 0x1a),door 0x1d1af0 (preset 0x000e),14.834,no,"the line between them leaves the walkable area (a wall's thickness, or another floor)",
wall of tile 036B19 (room 0x1a),door 0x1d1af0 (preset 0x000e),24.105,no,"the line between them leaves the walkable area (a wall's thickness, or another floor)",
wall of tile 036B19 (room 0x1a),door 0x1d1af0 (preset 0x000e),14.834,no,"the line between them leaves the walkable area (a wall's thickness, or another floor)",
wall of tile 036B19 (room 0x1a),door 0x1d1af0 (preset 0x000e),14.834,no,"the line between them leaves the walkable area (a wall's thickness, or another floor)",
wall of tile 036C19 (room 0x1a),wall of tile 036E19 (room 0x1a),42.647,no,the line between them touches another wall,wall of tile 036D18 (room 0x1a)
wall of tile 036C19 (room 0x1a),generic 0x1cf96c (preset 0x2740),3.694,no,"another wall pokes into the space between them, so a tighter pair covers this gap",generic 0x1cf96c (preset 0x2740)
wall of tile 036C19 (room 0x1a),generic 0x1cf96c (preset 0x2740),3.709,no,the line between them touches another wall,generic 0x1cf96c (preset 0x2740)
wall of tile 036C19 (room 0x1a),generic 0x1cf96c (preset 0x2740),3.579,yes,,
wall of tile 036C19 (room 0x1a),generic 0x1cf96c (preset 0x2740),3.579,yes,,
wall of tile 036C19 (room 0x1a),monitor 0x1cf9ec (preset 0x2741),3.707,no,"another wall pokes into the space between them, so a tighter pair covers this gap",monitor 0x1cf9ec (preset 0x2741)
wall of tile 036C19 (room 0x1a),monitor 0x1cf9ec (preset 0x2741),3.722,no,the line between them touches another wall,monitor 0x1cf9ec (preset 0x2741)
wall of tile 036C19 (room 0x1a),monitor 0x1cf9ec (preset 0x2741),3.596,yes,,
wall of tile 036C19 (room 0x1a),monitor 0x1cf9ec (preset 0x2741),3.596,yes,,
wall of tile 036C19 (room 0x1a),generic 0x1cfaec (preset 0x2742),3.707,no,"another wall pokes into the space between them, so a tighter pair covers this gap",generic 0x1cfaec (preset 0x2742)
wall of tile 036C19 (room 0x1a),generic 0x1cfaec (preset 0x2742),3.722,no,the line between them touches another wall,generic 0x1cfaec (preset 0x2742)
wall of tile 036C19 (room 0x1a),generic 0x1cfaec (preset 0x2742),3.593,yes,,
wall of tile 036C19 (room 0x1a),generic 0x1cfaec (preset 0x2742),3.593,yes,,
wall of tile 036C19 (room 0x1a),monitor 0x1cfb6c (preset 0x2743),3.707,no,"another wall pokes into the space between them, so a tighter pair covers this gap",monitor 0x1cfb6c (preset 0x2743)
wall of tile 036C19 (room 0x1a),monitor 0x1cfb6c (preset 0x2743),3.722,no,the line between them touches another wall,monitor 0x1cfb6c (preset 0x2743)
wall of tile 036C19 (room 0x1a),monitor 0x1cfb6c (preset 0x2743),3.593,yes,,
wall of tile 036C19 (room 0x1a),monitor 0x1cfb6c (preset 0x2743),3.593,yes,,
wall of tile 036C19 (room 0x1a),generic 0x1cfc6c (preset 0x2744),3.707,no,"another wall pokes into the space between them, so a tighter pair covers this gap",generic 0x1cfc6c (preset 0x2744)
wall of tile 036C19 (room 0x1a),generic 0x1cfc6c (preset 0x2744),3.722,no,the line between them touches another wall,generic 0x1cfc6c (preset 0x2744)
wall of tile 036C19 (room 0x1a),generic 0x1cfc6c (preset 0x2744),3.593,yes,,
wall of tile 036C19 (room 0x1a),generic 0x1cfc6c (preset 0x2744),3.593,yes,,
wall of tile 036C19 (room 0x1a),generic 0x1cf96c (preset 0x2740),56.435,no,"another wall pokes into the space between them, so a tighter pair covers this gap",generic 0x1cf96c (preset 0x2740)
wall of tile 036C19 (room 0x1a),generic 0x1cf96c (preset 0x2740),56.421,no,"another wall pokes into the space between them, so a tighter pair covers this gap",generic 0x1cf96c (preset 0x2740)
wall of tile 036C19 (room 0x1a),generic 0x1cf96c (preset 0x2740),22.182,yes,,
wall of tile 036C19 (room 0x1a),generic 0x1cf96c (preset 0x2740),22.251,no,"another wall pokes into the space between them, so a tighter pair covers this gap",wall of tile 036C19 (room 0x1a)
wall of tile 036D18 (room 0x1a),wall of tile 036E19 (room 0x1a),42.647,no,the line between them touches another wall,wall of tile 036E19 (room 0x1a)
wall of tile 036D18 (room 0x1a),generic 0x1cfc6c (preset 0x2744),12.820,no,"another wall pokes into the space between them, so a tighter pair covers this gap",wall of tile 036C19 (room 0x1a)
wall of tile 036D18 (room 0x1a),generic 0x1cfc6c (preset 0x2744),12.820,no,"another wall pokes into the space between them, so a tighter pair covers this gap",wall of tile 036C19 (room 0x1a)
wall of tile 036D18 (room 0x1a),generic 0x1cfc6c (preset 0x2744),53.640,no,"another wall pokes into the space between them, so a tighter pair covers this gap",generic 0x1cfc6c (preset 0x2744)
wall of tile 036D18 (room 0x1a),generic 0x1cfc6c (preset 0x2744),12.820,no,"another wall pokes into the space between them, so a tighter pair covers this gap",wall of tile 036C19 (room 0x1a)
wall of tile 036E19 (room 0x1a),wall of tile 000F10 (room 0x0e),27.813,no,"the line between them leaves the walkable area (a wall's thickness, or another floor)",
wall of tile 036E19 (room 0x1a),wall of tile 000E10 (room 0x0e),27.813,no,"the line between them leaves the walkable area (a wall's thickness, or another floor)",
wall of tile 036E19 (room 0x1a),wall of tile 000610 (room 0x0e),52.745,no,"the line between them leaves the walkable area (a wall's thickness, or another floor)",
wall of tile 036E19 (room 0x1a),generic 0x1cfc6c (preset 0x2744),55.535,no,"the line between them leaves the walkable area (a wall's thickness, or another floor)",
wall of tile 036E19 (room 0x1a),generic 0x1cfc6c (preset 0x2744),55.626,no,"another wall pokes into the space between them, so a tighter pair covers this gap",generic 0x1cfc6c (preset 0x2744)
wall of tile 036E19 (room 0x1a),wall of tile 000F10 (room 0x0e),31.522,no,"the line between them leaves the walkable area (a wall's thickness, or another floor)",
wall of tile 036E19 (room 0x1a),wall of tile 000E10 (room 0x0e),29.318,no,"the line between them leaves the walkable area (a wall's thickness, or another floor)",
wall of tile 036E19 (room 0x1a),generic 0x1cfc6c (preset 0x2744),40.981,no,"another wall pokes into the space between them, so a tighter pair covers this gap",wall of tile 036D18 (room 0x1a)
wall of tile 036E19 (room 0x1a),generic 0x1cfc6c (preset 0x2744),12.888,no,"another wall pokes into the space between them, so a tighter pair covers this gap",wall of tile 036D18 (room 0x1a)
wall of tile 036E19 (room 0x1a),generic 0x1cfc6c (preset 0x2744),53.640,no,"another wall pokes into the space between them, so a tighter pair covers this gap",generic 0x1cfc6c (preset 0x2744)
wall of tile 036E19 (room 0x1a),generic 0x1cfc6c (preset 0x2744),40.995,no,"another wall pokes into the space between them, so a tighter pair covers this gap",wall of tile 036D18 (room 0x1a)
wall of tile 083812 (room 0x13),wall of tile 009612 (room 0x13),29.667,no,the line between them touches another wall,wall of tile 009612 (room 0x13)
wall of tile 083812 (room 0x13),wall of tile 075812 (room 0x13),40.666,no,"another wall pokes into the space between them, so a tighter pair covers this gap",wall of tile 009612 (room 0x13)
wall of tile 083812 (room 0x13),door 0x1d1bf0 (preset 0x000f),1.854,no,"the line between them leaves the walkable area (a wall's thickness, or another floor)",
wall of tile 083812 (room 0x13),door 0x1d1bf0 (preset 0x000f),1.854,no,"the line between them leaves the walkable area (a wall's thickness, or another floor)",
wall of tile 083811 (room 0x13),wall of tile 009611 (room 0x13),29.667,no,the line between them touches another wall,wall of tile 009612 (room 0x13)
wall of tile 083811 (room 0x13),wall of tile 009711 (room 0x14),40.666,no,"another wall pokes into the space between them, so a tighter pair covers this gap",wall of tile 009611 (room 0x13)
wall of tile 083811 (room 0x13),door 0x1d1af0 (preset 0x000e),1.854,no,"the line between them leaves the walkable area (a wall's thickness, or another floor)",
wall of tile 083811 (room 0x13),door 0x1d1af0 (preset 0x000e),1.854,no,"the line between them leaves the walkable area (a wall's thickness, or another floor)",
wall of tile 009612 (room 0x13),door 0x1d1bf0 (preset 0x000f),35.618,no,"the line between them leaves the walkable area (a wall's thickness, or another floor)",
wall of tile 009612 (room 0x13),door 0x1d1bf0 (preset 0x000f),30.693,no,"the line between them leaves the walkable area (a wall's thickness, or another floor)",
wall of tile 009612 (room 0x13),door 0x1d1bf0 (preset 0x000f),30.693,no,"the line between them leaves the walkable area (a wall's thickness, or another floor)",
wall of tile 009612 (room 0x13),door 0x1d1bf0 (preset 0x000f),30.693,no,"the line between them leaves the walkable area (a wall's thickness, or another floor)",
wall of tile 009612 (room 0x13),wall of tile 075812 (room 0x13),27.813,no,the line between them touches another wall,wall of tile 009612 (room 0x13)
wall of tile 009612 (room 0x13),door 0x1d1bf0 (preset 0x000f),22.250,no,"the line between them leaves the walkable area (a wall's thickness, or another floor)",
wall of tile 009612 (room 0x13),door 0x1d1bf0 (preset 0x000f),12.979,no,"the line between them leaves the walkable area (a wall's thickness, or another floor)",
wall of tile 009612 (room 0x13),door 0x1d1bf0 (preset 0x000f),12.979,no,"the line between them leaves the walkable area (a wall's thickness, or another floor)",
wall of tile 009612 (room 0x13),door 0x1d1bf0 (preset 0x000f),12.979,no,"the line between them leaves the walkable area (a wall's thickness, or another floor)",
wall of tile 009612 (room 0x13),wall of tile 009711 (room 0x14),27.813,no,the line between them touches another wall,wall of tile 009611 (room 0x13)
wall of tile 009612 (room 0x13),door 0x1d1af0 (preset 0x000e),22.251,no,the line between them touches another wall,door 0x1d1af0 (preset 0x000e)
wall of tile 009612 (room 0x13),door 0x1d1af0 (preset 0x000e),12.979,no,"another wall pokes into the space between them, so a tighter pair covers this gap",wall of tile 083811 (room 0x13)
wall of tile 009612 (room 0x13),door 0x1d1af0 (preset 0x000e),12.979,no,"the line between them leaves the walkable area (a wall's thickness, or another floor)",
wall of tile 009612 (room 0x13),door 0x1d1af0 (preset 0x000e),22.250,no,"the line between them leaves the walkable area (a wall's thickness, or another floor)",
wall of tile 009611 (room 0x13),door 0x1d1af0 (preset 0x000e),35.618,no,"the line between them leaves the walkable area (a wall's thickness, or another floor)",
wall of tile 009611 (room 0x13),door 0x1d1af0 (preset 0x000e),30.693,no,"the line between them leaves the walkable area (a wall's thickness, or another floor)",
wall of tile 009611 (room 0x13),door 0x1d1af0 (preset 0x000e),30.693,no,"the line between them leaves the walkable area (a wall's thickness, or another floor)",
wall of tile 009611 (room 0x13),door 0x1d1af0 (preset 0x000e),35.618,no,"the line between them leaves the walkable area (a wall's thickness, or another floor)",
wall of tile 075812 (room 0x13),generic 0x1ce77c (preset 0x002a),18.465,yes,,
wall of tile 075812 (room 0x13),generic 0x1ce77c (preset 0x002a),23.790,no,"another wall pokes into the space between them, so a tighter pair covers this gap",generic 0x1ce77c (preset 0x002a)
wall of tile 075812 (room 0x13),generic 0x1ce77c (preset 0x002a),18.465,yes,,
wall of tile 075812 (room 0x13),door 0x1d1bf0 (preset 0x000f),57.271,no,"the line between them leaves the walkable area (a wall's thickness, or another floor)",
wall of tile 075812 (room 0x13),door 0x1d1bf0 (preset 0x000f),49.372,no,"the line between them leaves the walkable area (a wall's thickness, or another floor)",
wall of tile 075812 (room 0x13),door 0x1d1bf0 (preset 0x000f),49.372,no,"the line between them leaves the walkable area (a wall's thickness, or another floor)",
wall of tile 075812 (room 0x13),door 0x1d1bf0 (preset 0x000f),49.372,no,"the line between them leaves the walkable area (a wall's thickness, or another floor)",
wall of tile 06A511 (room 0x14),wall of tile 075912 (room 0x15),27.813,no,the line between them touches another wall,wall of tile 075911 (room 0x15)
wall of tile 06A511 (room 0x14),wall of tile 06B211 (room 0x15),39.334,no,"another wall pokes into the space between them, so a tighter pair covers this gap",wall of tile 075912 (room 0x15)
wall of tile 009711 (room 0x14),door 0x1d1af0 (preset 0x000e),57.271,no,"the line between them leaves the walkable area (a wall's thickness, or another floor)",
wall of tile 009711 (room 0x14),door 0x1d1af0 (preset 0x000e),49.372,no,"the line between them leaves the walkable area (a wall's thickness, or another floor)",
wall of tile 009711 (room 0x14),door 0x1d1af0 (preset 0x000e),49.372,no,"the line between them leaves the walkable area (a wall's thickness, or another floor)",
wall of tile 009711 (room 0x14),door 0x1d1af0 (preset 0x000e),57.271,no,"the line between them leaves the walkable area (a wall's thickness, or another floor)",
wall of tile 075911 (room 0x15),wall of tile 06B211 (room 0x15),27.813,no,the line between them touches another wall,wall of tile 075912 (room 0x15)
wall of tile 075911 (room 0x15),wall of tile 068212 (room 0x16),44.886,no,"the line between them leaves the walkable area (a wall's thickness, or another floor)",
wall of tile 075912 (room 0x15),wall of tile 068212 (room 0x16),35.230,no,the line between them touches another wall,wall of tile 06B211 (room 0x15)
wall of tile 009413 (room 0x15),wall of tile 068211 (room 0x16),35.230,no,the line between them touches another wall,wall of tile 009411 (room 0x15)
wall of tile 06B211 (room 0x15),wall of tile 068512 (room 0x16),37.084,no,the line between them touches another wall,wall of tile 068212 (room 0x16)
wall of tile 009411 (room 0x15),wall of tile 068511 (room 0x16),37.084,no,the line between them touches another wall,wall of tile 068211 (room 0x16)
wall of tile 068212 (room 0x16),wall of tile 068612 (room 0x16),35.230,no,the line between them touches another wall,wall of tile 068512 (room 0x16)
wall of tile 068211 (room 0x16),wall of tile 068611 (room 0x16),35.230,no,the line between them touches another wall,wall of tile 068511 (room 0x16)
wall of tile 068512 (room 0x16),wall of tile 067A12 (room 0x16),35.230,no,the line between them touches another wall,wall of tile 068612 (room 0x16)
wall of tile 068511 (room 0x16),wall of tile 067A11 (room 0x16),35.230,no,the line between them touches another wall,wall of tile 068611 (room 0x16)
wall of tile 068612 (room 0x16),wall of tile 067E12 (room 0x16),37.084,no,the line between them touches another wall,wall of tile 067A12 (room 0x16)
wall of tile 068611 (room 0x16),wall of tile 067E11 (room 0x16),37.084,no,the line between them touches another wall,wall of tile 067A11 (room 0x16)
wall of tile 067A12 (room 0x16),wall of tile 067F12 (room 0x16),35.230,no,the line between them touches another wall,wall of tile 067E12 (room 0x16)
wall of tile 067A11 (room 0x16),wall of tile 067F11 (room 0x16),35.230,no,the line between them touches another wall,wall of tile 067E11 (room 0x16)
wall of tile 067E12 (room 0x16),wall of tile 068012 (room 0x16),35.230,no,the line between them touches another wall,wall of tile 067F12 (room 0x16)
wall of tile 067E11 (room 0x16),wall of tile 068011 (room 0x16),35.230,no,the line between them touches another wall,wall of tile 067F11 (room 0x16)
wall of tile 067F12 (room 0x16),wall of tile 06BA12 (room 0x17),37.084,no,the line between them touches another wall,wall of tile 068012 (room 0x16)
wall of tile 067F12 (room 0x16),wall of tile 06BA11 (room 0x17),46.355,no,"the line between them leaves the walkable area (a wall's thickness, or another floor)",
wall of tile 067F11 (room 0x16),wall of tile 009512 (room 0x17),37.084,no,the line between them touches another wall,wall of tile 068011 (room 0x16)
wall of tile 067F11 (room 0x16),wall of tile 009511 (room 0x17),46.355,no,"the line between them leaves the walkable area (a wall's thickness, or another floor)",
wall of tile 068012 (room 0x16),wall of tile 06BA11 (room 0x17),44.886,no,"another wall pokes into the space between them, so a tighter pair covers this gap",wall of tile 06BA12 (room 0x17)
wall of tile 068012 (room 0x16),wall of tile 06BA11 (room 0x17),27.813,no,the line between them touches another wall,wall of tile 06BA12 (room 0x17)
wall of tile 068011 (room 0x16),wall of tile 009511 (room 0x17),27.813,no,the line between them touches another wall,wall of tile 009512 (room 0x17)
wall of tile 068011 (room 0x16),wall of tile 005712 (room 0x18),44.886,no,"another wall pokes into the space between them, so a tighter pair covers this gap",wall of tile 009512 (room 0x17)
wall of tile 009512 (room 0x17),wall of tile 005712 (room 0x18),35.230,no,the line between them touches another wall,wall of tile 009511 (room 0x17)
wall of tile 06BA12 (room 0x17),wall of tile 06BA11 (room 0x17),35.230,no,the line between them touches another wall,wall of tile 06BA11 (room 0x17)
wall of tile 005712 (room 0x18),generic 0x1ce7fc (preset 0x0024),28.643,yes,,
wall of tile 005712 (room 0x18),generic 0x1ce7fc (preset 0x0024),47.854,no,"another wall pokes into the space between them, so a tighter pair covers this gap",generic 0x1ce7fc (preset 0x0024)
wall of tile 005712 (room 0x18),generic 0x1ce7fc (preset 0x0024),28.643,yes,,
wall of tile 005510 (room 0x18),wall of tile 004010 (room 0x18),47.273,no,the line between them touches another wall,wall of tile 004110 (room 0x18)
wall of tile 005110 (room 0x18),wall of tile 003C10 (room 0x18),42.323,no,the line between them touches another wall,wall of tile 003C10 (room 0x18)
wall of tile 036719 (room 0x1a),wall of tile 079311 (room 0x0e),28.303,no,"the line between them leaves the walkable area (a wall's thickness, or another floor)",
wall of tile 036719 (room 0x1a),wall of tile 079311 (room 0x0e),19.892,no,"the line between them leaves the walkable area (a wall's thickness, or another floor)",
wall of tile 036719 (room 0x1a),wall of tile 079311 (room 0x0e),14.834,no,"the line between them leaves the walkable area (a wall's thickness, or another floor)",
wall of tile 036719 (room 0x1a),wall of tile 079311 (room 0x0e),14.834,no,"the line between them leaves the walkable area (a wall's thickness, or another floor)",
wall of tile 036719 (room 0x1a),wall of tile 000610 (room 0x0e),12.979,no,"the line between them leaves the walkable area (a wall's thickness, or another floor)",
wall of tile 036719 (room 0x1a),wall of tile 000710 (room 0x0e),12.979,no,"the line between them leaves the walkable area (a wall's thickness, or another floor)",
wall of tile 007D19 (room 0x1a),door 0x1d1cf0 (preset 0x0010),7.672,no,"the line between them leaves the walkable area (a wall's thickness, or another floor)",
wall of tile 007D19 (room 0x1a),door 0x1d1cf0 (preset 0x0010),0.000,no,"the line between them leaves the walkable area (a wall's thickness, or another floor)",
wall of tile 007D19 (room 0x1a),door 0x1d1cf0 (preset 0x0010),0.000,no,"the line between them leaves the walkable area (a wall's thickness, or another floor)",
wall of tile 009A11 (room 0x0c),wall of tile 06AB11 (room 0x0d),27.813,no,the line between them touches another wall,wall of tile 009A12 (room 0x0c)
wall of tile 06AB11 (room 0x0d),generic 0x1cea7c (preset 0x002f),5.533,no,"another wall pokes into the space between them, so a tighter pair covers this gap",generic 0x1cea7c (preset 0x002f)
wall of tile 003612 (room 0x0e),wall of tile 003812 (room 0x0d),27.813,no,the line between them touches another wall,wall of tile 003612 (room 0x0e)
wall of tile 003612 (room 0x0e),generic 0x1ce9fc (preset 0x002e),39.793,yes,,
wall of tile 003612 (room 0x0e),generic 0x1ce9fc (preset 0x002e),47.114,no,"another wall pokes into the space between them, so a tighter pair covers this gap",generic 0x1ce9fc (preset 0x002e)
wall of tile 003612 (room 0x0e),generic 0x1ce9fc (preset 0x002e),39.793,yes,,
wall of tile 06AC11 (room 0x0e),wall of tile 003A12 (room 0x0e),27.813,no,the line between them touches another wall,wall of tile 06AD12 (room 0x0e)
wall of tile 06AC11 (room 0x0e),generic 0x1ce97c (preset 0x002b),23.009,no,"another wall pokes into the space between them, so a tighter pair covers this gap",generic 0x1ce97c (preset 0x002b)
wall of tile 06AC11 (room 0x0e),generic 0x1ce97c (preset 0x002b),15.688,yes,,
wall of tile 06AC11 (room 0x0e),generic 0x1ce97c (preset 0x002b),15.688,yes,,
wall of tile 06AD12 (room 0x0e),generic 0x1ce97c (preset 0x002b),51.420,no,"another wall pokes into the space between them, so a tighter pair covers this gap",wall of tile 06AC11 (room 0x0e)
wall of tile 06AD12 (room 0x0e),generic 0x1ce97c (preset 0x002b),51.420,no,"another wall pokes into the space between them, so a tighter pair covers this gap",wall of tile 06AC11 (room 0x0e)
wall of tile 079810 (room 0x0e),wall of tile 079611 (room 0x0e),42.647,no,the line between them touches another wall,wall of tile 079810 (room 0x0e)
wall of tile 079810 (room 0x0e),wall of tile 079611 (room 0x0e),44.501,no,the line between them touches another wall,wall of tile 079611 (room 0x0e)
wall of tile 079612 (room 0x0e),wall of tile 079311 (room 0x0e),42.647,no,the line between them touches another wall,wall of tile 079312 (room 0x0e)
wall of tile 079611 (room 0x0e),wall of tile 079312 (room 0x0e),44.501,no,the line between them touches another wall,wall of tile 079612 (room 0x0e)
wall of tile 078F10 (room 0x0e),wall of tile 079110 (room 0x0e),42.647,no,"the line between them leaves the walkable area (a wall's thickness, or another floor)",
wall of tile 079010 (room 0x0e),wall of tile 079210 (room 0x0e),40.793,no,"the line between them leaves the walkable area (a wall's thickness, or another floor)",
wall of tile 06AA11 (room 0x0b),wall of tile 06B711 (room 0x0a),27.813,no,the line between them touches another wall,wall of tile 06B711 (room 0x0a)
wall of tile 06B711 (room 0x0a),door 0x1d16f0 (preset 0x000a),20.396,no,"the line between them leaves the walkable area (a wall's thickness, or another floor)",
wall of tile 06B711 (room 0x0a),door 0x1d16f0 (preset 0x000a),29.667,no,"the line between them leaves the walkable area (a wall's thickness, or another floor)",
wall of tile 06B711 (room 0x0a),door 0x1d16f0 (preset 0x000a),29.667,no,the line between them touches another wall,door 0x1d16f0 (preset 0x000a)
wall of tile 06B711 (room 0x0a),door 0x1d16f0 (preset 0x000a),20.396,no,"another wall pokes into the space between them, so a tighter pair covers this gap",wall of tile 06B611 (room 0x09)
wall of tile 06B611 (room 0x09),door 0x1d16f0 (preset 0x000a),1.854,no,"the line between them leaves the walkable area (a wall's thickness, or another floor)",
wall of tile 06B611 (room 0x09),door 0x1d16f0 (preset 0x000a),1.854,no,"the line between them leaves the walkable area (a wall's thickness, or another floor)",
wall of tile 06B611 (room 0x09),door 0x1d19f0 (preset 0x000d),1.854,no,"the line between them leaves the walkable area (a wall's thickness, or another floor)",
wall of tile 06B611 (room 0x09),door 0x1d19f0 (preset 0x000d),1.854,no,"the line between them leaves the walkable area (a wall's thickness, or another floor)",
wall of tile 009911 (room 0x09),wall of tile 06A911 (room 0x0a),39.334,no,"another wall pokes into the space between them, so a tighter pair covers this gap",wall of tile 075B11 (room 0x0a)
wall of tile 009911 (room 0x09),door 0x1d17f0 (preset 0x000b),0.000,no,"the line between them leaves the walkable area (a wall's thickness, or another floor)",
wall of tile 009911 (room 0x09),door 0x1d17f0 (preset 0x000b),0.000,no,"the line between them leaves the walkable area (a wall's thickness, or another floor)",
wall of tile 009911 (room 0x09),door 0x1d18f0 (preset 0x000c),0.000,no,"the line between them leaves the walkable area (a wall's thickness, or another floor)",
wall of tile 009911 (room 0x09),door 0x1d18f0 (preset 0x000c),0.000,no,"the line between them leaves the walkable area (a wall's thickness, or another floor)",
wall of tile 075B11 (room 0x0a),wall of tile 06A911 (room 0x0a),27.813,no,the line between them touches another wall,wall of tile 075B12 (room 0x0a)
wall of tile 075B11 (room 0x0a),door 0x1d17f0 (preset 0x000b),29.667,no,"the line between them leaves the walkable area (a wall's thickness, or another floor)",
wall of tile 075B11 (room 0x0a),door 0x1d17f0 (preset 0x000b),20.396,no,"the line between them leaves the walkable area (a wall's thickness, or another floor)",
wall of tile 075B11 (room 0x0a),door 0x1d17f0 (preset 0x000b),20.396,no,"the line between them leaves the walkable area (a wall's thickness, or another floor)",
wall of tile 075B11 (room 0x0a),door 0x1d17f0 (preset 0x000b),20.396,no,"the line between them leaves the walkable area (a wall's thickness, or another floor)",
wall of tile 010511 (room 0x11),door 0x1d19f0 (preset 0x000d),12.979,no,"the line between them leaves the walkable area (a wall's thickness, or another floor)",
wall of tile 010511 (room 0x11),door 0x1d19f0 (preset 0x000d),12.979,no,"the line between them leaves the walkable area (a wall's thickness, or another floor)",
wall of tile 010511 (room 0x11),door 0x1d19f0 (preset 0x000d),12.979,no,"the line between them leaves the walkable area (a wall's thickness, or another floor)",
wall of tile 010511 (room 0x11),door 0x1d19f0 (preset 0x000d),22.250,no,"the line between them leaves the walkable area (a wall's thickness, or another floor)",
wall of tile 010710 (room 0x11),wall of tile 00F811 (room 0x11),42.647,no,"the line between them leaves the walkable area (a wall's thickness, or another floor)",
wall of tile 010811 (room 0x11),wall of tile 00F510 (room 0x11),42.647,no,"the line between them leaves the walkable area (a wall's thickness, or another floor)",
wall of tile 010812 (room 0x11),wall of tile 010A10 (room 0x11),37.819,no,"another wall pokes into the space between them, so a tighter pair covers this gap",wall of tile 010B10 (room 0x11)
wall of tile 010812 (room 0x11),wall of tile 010B10 (room 0x11),30.919,no,"another wall pokes into the space between them, so a tighter pair covers this gap",wall of tile 010B10 (room 0x11)
wall of tile 010812 (room 0x11),wall of tile 010410 (room 0x11),42.647,no,the line between them touches another wall,wall of tile 010410 (room 0x11)
wall of tile 010812 (room 0x11),generic 0x1ce57c (preset 0x0025),23.241,yes,,
wall of tile 010812 (room 0x11),generic 0x1ce57c (preset 0x0025),23.241,yes,,
wall of tile 010A10 (room 0x11),wall of tile 010B10 (room 0x11),37.084,no,"another wall pokes into the space between them, so a tighter pair covers this gap",wall of tile 010B10 (room 0x11)
wall of tile 010B10 (room 0x11),wall of tile 010410 (room 0x11),42.647,no,"the line between them leaves the walkable area (a wall's thickness, or another floor)",
wall of tile 010B10 (room 0x11),wall of tile 010410 (room 0x11),42.647,no,"the line between them leaves the walkable area (a wall's thickness, or another floor)",
wall of tile 010B10 (room 0x11),wall of tile 010410 (room 0x11),42.647,no,"the line between them leaves the walkable area (a wall's thickness, or another floor)",
wall of tile 010B10 (room 0x11),wall of tile 010410 (room 0x11),42.647,no,"the line between them leaves the walkable area (a wall's thickness, or another floor)",
wall of tile 010B10 (room 0x11),generic 0x1ce57c (preset 0x0025),37.687,no,"another wall pokes into the space between them, so a tighter pair covers this gap",wall of tile 010812 (room 0x11)
wall of tile 010B10 (room 0x11),generic 0x1ce57c (preset 0x0025),37.412,no,"another wall pokes into the space between them, so a tighter pair covers this gap",wall of tile 010812 (room 0x11)
wall of tile 00F710 (room 0x11),wall of tile 00F812 (room 0x11),31.466,no,"another wall pokes into the space between them, so a tighter pair covers this gap",wall of tile 00FB10 (room 0x11)
wall of tile 00F710 (room 0x11),wall of tile 00FB10 (room 0x11),22.250,no,"another wall pokes into the space between them, so a tighter pair covers this gap",wall of tile 00FB10 (room 0x11)
wall of tile 00F812 (room 0x11),wall of tile 00FA10 (room 0x11),42.647,no,the line between them touches another wall,wall of tile 00FA10 (room 0x11)
wall of tile 00F812 (room 0x11),wall of tile 00FB10 (room 0x11),31.437,no,"another wall pokes into the space between them, so a tighter pair covers this gap",wall of tile 00FB10 (room 0x11)
wall of tile 00FA10 (room 0x11),wall of tile 00FB10 (room 0x11),42.647,no,"the line between them leaves the walkable area (a wall's thickness, or another floor)",
wall of tile 00FA10 (room 0x11),wall of tile 00FB10 (room 0x11),42.647,no,"the line between them leaves the walkable area (a wall's thickness, or another floor)",
wall of tile 00FA10 (room 0x11),wall of tile 00FB10 (room 0x11),42.647,no,"the line between them leaves the walkable area (a wall's thickness, or another floor)",
wall of tile 00FA10 (room 0x11),wall of tile 00FB10 (room 0x11),42.647,no,"the line between them leaves the walkable area (a wall's thickness, or another floor)",
wall of tile 00C710 (room 0x11),wall of tile 00C910 (room 0x11),56.802,no,"the line between them leaves the walkable area (a wall's thickness, or another floor)",
wall of tile 078D12 (room 0x11),wall of tile 00CD10 (room 0x11),42.647,no,"the line between them leaves the walkable area (a wall's thickness, or another floor)",
wall of tile 078B12 (room 0x11),wall of tile 078E10 (room 0x11),42.647,no,"the line between them leaves the walkable area (a wall's thickness, or another floor)",
wall of tile 00EE10 (room 0x11),wall of tile 010011 (room 0x11),42.647,no,"the line between them leaves the walkable area (a wall's thickness, or another floor)",
wall of tile 00E910 (room 0x11),wall of tile 078910 (room 0x11),42.647,no,"the line between them leaves the walkable area (a wall's thickness, or another floor)",
wall of tile 00E612 (room 0x11),wall of tile 00D510 (room 0x11),42.647,no,"the line between them leaves the walkable area (a wall's thickness, or another floor)",
wall of tile 00E611 (room 0x11),wall of tile 00DD10 (room 0x11),30.156,no,"another wall pokes into the space between them, so a tighter pair covers this gap",wall of tile 078A12 (room 0x11)
wall of tile 00E611 (room 0x11),wall of tile 00E710 (room 0x11),42.647,no,the line between them touches another wall,wall of tile 00E710 (room 0x11)
wall of tile 078A12 (room 0x11),wall of tile 00E710 (room 0x11),42.647,no,"the line between them leaves the walkable area (a wall's thickness, or another floor)",
wall of tile 078A12 (room 0x11),wall of tile 00E710 (room 0x11),42.647,no,"the line between them leaves the walkable area (a wall's thickness, or another floor)",
wall of tile 00DD10 (room 0x11),wall of tile 00E710 (room 0x11),42.647,no,"the line between them leaves the walkable area (a wall's thickness, or another floor)",
wall of tile 00DD10 (room 0x11),wall of tile 00E710 (room 0x11),42.647,no,"the line between them leaves the walkable area (a wall's thickness, or another floor)",
wall of tile 00B610 (room 0x11),wall of tile 00A710 (room 0x11),53.200,no,"the line between them leaves the walkable area (a wall's thickness, or another floor)",
wall of tile 00B610 (room 0x11),wall of tile 00AA10 (room 0x11),21.136,no,"another wall pokes into the space between them, so a tighter pair covers this gap",wall of tile 00AA10 (room 0x11)
wall of tile 00A510 (room 0x11),wall of tile 00A710 (room 0x11),50.064,no,the line between them touches another wall,wall of tile 00A710 (room 0x11)
wall of tile 00A710 (room 0x11),wall of tile 00AA10 (room 0x11),50.064,no,"the line between them leaves the walkable area (a wall's thickness, or another floor)",
wall of tile 00A710 (room 0x11),wall of tile 00AA10 (room 0x11),50.064,no,"the line between them leaves the walkable area (a wall's thickness, or another floor)",
wall of tile 00A710 (room 0x11),wall of tile 00AA10 (room 0x11),50.064,no,"the line between them leaves the walkable area (a wall's thickness, or another floor)",
wall of tile 00A710 (room 0x11),wall of tile 00AA10 (room 0x11),50.064,no,"the line between them leaves the walkable area (a wall's thickness, or another floor)",
wall of tile 00F310 (room 0x11),wall of tile 00F112 (room 0x11),42.647,no,the line between them touches another wall,wall of tile 00F310 (room 0x11)
wall of tile 00F310 (room 0x11),wall of tile 00F410 (room 0x11),42.647,no,"the line between them leaves the walkable area (a wall's thickness, or another floor)",
wall of tile 00F310 (room 0x11),wall of tile 00F410 (room 0x11),42.647,no,"the line between them leaves the walkable area (a wall's thickness, or another floor)",
wall of tile 00F310 (room 0x11),wall of tile 00F410 (room 0x11),42.647,no,"the line between them leaves the walkable area (a wall's thickness, or another floor)",
wall of tile 00F310 (room 0x11),wall of tile 00F410 (room 0x11),42.647,no,"the line between them leaves the walkable area (a wall's thickness, or another floor)",
wall of tile 00F111 (room 0x11),wall of tile 00FF10 (room 0x11),42.647,no,"the line between them leaves the walkable area (a wall's thickness, or another floor)",
wall of tile 00F112 (room 0x11),wall of tile 00F010 (room 0x11),30.184,no,"another wall pokes into the space between them, so a tighter pair covers this gap",wall of tile 00F410 (room 0x11)
wall of tile 00F112 (room 0x11),wall of tile 00F410 (room 0x11),30.156,no,"another wall pokes into the space between them, so a tighter pair covers this gap",wall of tile 00F410 (room 0x11)
wall of tile 00F010 (room 0x11),wall of tile 00F410 (room 0x11),22.250,no,"another wall pokes into the space between them, so a tighter pair covers this gap",wall of tile 00F410 (room 0x11)
wall of tile 010210 (room 0x11),wall of tile 010012 (room 0x11),36.002,no,"another wall pokes into the space between them, so a tighter pair covers this gap",wall of tile 010310 (room 0x11)
wall of tile 010210 (room 0x11),wall of tile 010310 (room 0x11),35.230,no,"another wall pokes into the space between them, so a tighter pair covers this gap",wall of tile 010310 (room 0x11)
wall of tile 010012 (room 0x11),wall of tile 010310 (room 0x11),30.156,no,"another wall pokes into the space between them, so a tighter pair covers this gap",wall of tile 010310 (room 0x11)
wall of tile 010012 (room 0x11),wall of tile 00FC10 (room 0x11),42.647,no,the line between them touches another wall,wall of tile 00FC10 (room 0x11)
wall of tile 010310 (room 0x11),wall of tile 00FC10 (room 0x11),42.647,no,"the line between them leaves the walkable area (a wall's thickness, or another floor)",
wall of tile 010310 (room 0x11),wall of tile 00FC10 (room 0x11),42.647,no,"the line between them leaves the walkable area (a wall's thickness, or another floor)",
wall of tile 010310 (room 0x11),wall of tile 00FC10 (room 0x11),42.647,no,"the line between them leaves the walkable area (a wall's thickness, or another floor)",
wall of tile 010310 (room 0x11),wall of tile 00FC10 (room 0x11),42.647,no,"the line between them leaves the walkable area (a wall's thickness, or another floor)",
wall of tile 00FD11 (room 0x11),door 0x1d18f0 (preset 0x000c),12.979,no,"another wall pokes into the space between them, so a tighter pair covers this gap",wall of tile 009911 (room 0x09)
wall of tile 00FD11 (room 0x11),door 0x1d18f0 (preset 0x000c),12.979,no,"the line between them leaves the walkable area (a wall's thickness, or another floor)",
wall of tile 00FD11 (room 0x11),door 0x1d18f0 (preset 0x000c),22.250,no,"the line between them leaves the walkable area (a wall's thickness, or another floor)",
wall of tile 00FD11 (room 0x11),door 0x1d18f0 (preset 0x000c),22.251,no,the line between them touches another wall,door 0x1d18f0 (preset 0x000c)
wall of tile 010410 (room 0x11),generic 0x1ce57c (preset 0x0025),26.620,no,"another wall pokes into the space between them, so a tighter pair covers this gap",wall of tile 010812 (room 0x11)
wall of tile 010410 (room 0x11),generic 0x1ce57c (preset 0x0025),26.620,no,"another wall pokes into the space between them, so a tighter pair covers this gap",wall of tile 010812 (room 0x11)
wall of tile 06A911 (room 0x0a),door 0x1d17f0 (preset 0x000b),55.657,no,"the line between them leaves the walkable area (a wall's thickness, or another floor)",
wall of tile 06A911 (room 0x0a),door 0x1d17f0 (preset 0x000b),55.657,no,"the line between them leaves the walkable area (a wall's thickness, or another floor)",
wall of tile 06A911 (room 0x0a),door 0x1d17f0 (preset 0x000b),55.657,no,"the line between them leaves the walkable area (a wall's thickness, or another floor)",
wall of tile 03E809 (room 0x05),wall of tile 007F08 (room 0x07),57.480,no,"the line between them leaves the walkable area (a wall's thickness, or another floor)",
wall of tile 000F08 (room 0x05),wall of tile 007F08 (room 0x07),57.480,no,"the line between them leaves the walkable area (a wall's thickness, or another floor)",
wall of tile 000F08 (room 0x05),wall of tile 007F08 (room 0x07),57.480,no,"the line between them leaves the walkable area (a wall's thickness, or another floor)",
wall of tile 003E08 (room 0x06),wall of tile 004B08 (room 0x06),57.480,no,the line between them touches another wall,wall of tile 004008 (room 0x06)
wall of tile 004008 (room 0x06),wall of tile 004C09 (room 0x06),42.647,yes,,
wall of tile 004008 (room 0x06),wall of tile 004B08 (room 0x06),44.501,no,the line between them touches another wall,wall of tile 004B08 (room 0x06)
wall of tile 004008 (room 0x06),wall of tile 003C08 (room 0x06),57.480,no,the line between them touches another wall,wall of tile 003E08 (room 0x06)
wall of tile 004D09 (room 0x06),wall of tile 042920 (room 0x1e),57.476,no,"the line between them leaves the walkable area (a wall's thickness, or another floor)",
wall of tile 004C09 (room 0x06),wall of tile 004B08 (room 0x06),42.647,yes,,
wall of tile 004C09 (room 0x06),wall of tile 042920 (room 0x1e),32.987,no,"the line between them leaves the walkable area (a wall's thickness, or another floor)",
wall of tile 004B08 (room 0x06),wall of tile 042920 (room 0x1e),32.987,no,"the line between them leaves the walkable area (a wall's thickness, or another floor)",
wall of tile 002D08 (room 0x06),wall of tile 049108 (room 0x07),22.250,no,"the line between them leaves the walkable area (a wall's thickness, or another floor)",
wall of tile 002D08 (room 0x06),wall of tile 049108 (room 0x07),22.250,no,"the line between them leaves the walkable area (a wall's thickness, or another floor)",
wall of tile 01C209 (room 0x06),wall of tile 01BA0A (room 0x06),35.230,no,the line between them touches another wall,wall of tile 01B80A (room 0x06)
wall of tile 01B80A (room 0x06),wall of tile 01B90A (room 0x06),35.230,no,the line between them touches another wall,wall of tile 01BA0A (room 0x06)
wall of tile 026D08 (room 0x07),wall of tile 049409 (room 0x07),42.647,no,the line between them touches another wall,wall of tile 026E08 (room 0x07)
wall of tile 04940A (room 0x07),wall of tile 049108 (room 0x07),42.647,no,the line between them touches another wall,wall of tile 049108 (room 0x07)
wall of tile 049409 (room 0x07),wall of tile 049208 (room 0x07),42.647,no,the line between them touches another wall,wall of tile 049208 (room 0x07)
wall of tile 049309 (room 0x07),wall of tile 049709 (room 0x07),35.230,no,the line between them touches another wall,wall of tile 04970A (room 0x07)
wall of tile 049309 (room 0x07),wall of tile 049809 (room 0x07),55.316,no,"another wall pokes into the space between them, so a tighter pair covers this gap",wall of tile 04970A (room 0x07)
wall of tile 049208 (room 0x07),wall of tile 049508 (room 0x07),35.230,no,the line between them touches another wall,wall of tile 049508 (room 0x07)
wall of tile 049208 (room 0x07),wall of tile 04960A (room 0x07),56.758,no,"another wall pokes into the space between them, so a tighter pair covers this gap",wall of tile 049508 (room 0x07)
wall of tile 049508 (room 0x07),wall of tile 04960A (room 0x07),44.501,no,the line between them touches another wall,wall of tile 049508 (room 0x07)
wall of tile 04960A (room 0x07),wall of tile 029308 (room 0x07),43.348,no,"the line between them leaves the walkable area (a wall's thickness, or another floor)",
wall of tile 04960A (room 0x07),wall of tile 029308 (room 0x07),13.111,no,the line between them touches another wall,wall of tile 049609 (room 0x07)
wall of tile 049609 (room 0x07),wall of tile 029308 (room 0x07),32.221,no,"another wall pokes into the space between them, so a tighter pair covers this gap",wall of tile 029308 (room 0x07)
wall of tile 029F08 (room 0x07),wall of tile 049809 (room 0x07),42.760,no,the far wall faces the other way (it belongs to floor which isn't linked here),
wall of tile 029F08 (room 0x07),wall of tile 049809 (room 0x07),42.760,no,the far wall faces the other way (it belongs to floor which isn't linked here),
wall of tile 029108 (room 0x07),wall of tile 049709 (room 0x07),55.814,no,"the line between them leaves the walkable area (a wall's thickness, or another floor)",
wall of tile 04970A (room 0x07),wall of tile 049809 (room 0x07),42.647,no,the line between them touches another wall,wall of tile 049709 (room 0x07)
wall of tile 049709 (room 0x07),wall of tile 049809 (room 0x07),56.364,no,"another wall pokes into the space between them, so a tighter pair covers this gap",wall of tile 049809 (room 0x07)
wall of tile 01BA0A (room 0x06),wall of tile 01A00A (room 0x06),35.230,no,the line between them touches another wall,wall of tile 01B90A (room 0x06)
wall of tile 01B90A (room 0x06),wall of tile 01A10A (room 0x06),37.084,no,the line between them touches another wall,wall of tile 01A00A (room 0x06)
wall of tile 01A00A (room 0x06),wall of tile 01A50A (room 0x06),35.230,no,the line between them touches another wall,wall of tile 01A10A (room 0x06)
wall of tile 00E801 (room 0x01),door 0x1d21f0 (preset 0x0003),41.668,no,the line between them touches another wall,door 0x1d21f0 (preset 0x0003)
wall of tile 00E801 (room 0x01),door 0x1d21f0 (preset 0x0003),30.184,no,"another wall pokes into the space between them, so a tighter pair covers this gap",wall of tile 014F02 (room 0x01)
wall of tile 00E801 (room 0x01),door 0x1d21f0 (preset 0x0003),20.396,yes,,
wall of tile 00E801 (room 0x01),door 0x1d21f0 (preset 0x0003),31.576,no,"another wall pokes into the space between them, so a tighter pair covers this gap",door 0x1d21f0 (preset 0x0003)
wall of tile 00E801 (room 0x01),door 0x1d21f0 (preset 0x0003),31.576,no,the line between them touches another wall,door 0x1d21f0 (preset 0x0003)
wall of tile 00E801 (room 0x01),door 0x1d21f0 (preset 0x0003),35.230,no,the line between them touches another wall,door 0x1d21f0 (preset 0x0003)
wall of tile 00E801 (room 0x01),door 0x1d22f0 (preset 0x0004),52.772,no,"another wall pokes into the space between them, so a tighter pair covers this gap",door 0x1d22f0 (preset 0x0004)
wall of tile 00E801 (room 0x01),door 0x1d22f0 (preset 0x0004),38.982,yes,,
wall of tile 00E801 (room 0x01),door 0x1d22f0 (preset 0x0004),38.982,yes,,
wall of tile 00E801 (room 0x01),door 0x1d22f0 (preset 0x0004),52.772,no,"another wall pokes into the space between them, so a tighter pair covers this gap",door 0x1d22f0 (preset 0x0004)
wall of tile 1DC721 (room 0x1e),door 0x1d24f0 (preset 0x0006),46.058,no,"the line between them leaves the walkable area (a wall's thickness, or another floor)",
wall of tile 1DC721 (room 0x1e),door 0x1d24f0 (preset 0x0006),46.058,no,"the line between them leaves the walkable area (a wall's thickness, or another floor)",
wall of tile 1DC721 (room 0x1e),door 0x1d24f0 (preset 0x0006),58.194,no,"the line between them leaves the walkable area (a wall's thickness, or another floor)",
wall of tile 042920 (room 0x1e),generic 0x1ce67c (preset 0x0029),42.568,no,the far wall faces the other way (it belongs to floor which isn't linked here),
wall of tile 042920 (room 0x1e),generic 0x1ce67c (preset 0x0029),42.568,no,the far wall faces the other way (it belongs to floor which isn't linked here),
wall of tile 042920 (room 0x1e),generic 0x1ce87c (preset 0x002d),31.023,no,the far wall faces the other way (it belongs to floor which isn't linked here),
wall of tile 042920 (room 0x1e),generic 0x1ce87c (preset 0x002d),17.533,no,"the line between them leaves the walkable area (a wall's thickness, or another floor)",
wall of tile 042920 (room 0x1e),door 0x1d1ef0 (preset 0x0000),57.584,no,the far wall faces the other way (it belongs to floor which isn't linked here),
wall of tile 042920 (room 0x1e),door 0x1d1ef0 (preset 0x0000),57.584,no,the far wall faces the other way (it belongs to floor which isn't linked here),
wall of tile 042920 (room 0x1e),door 0x1d1ef0 (preset 0x0000),52.835,no,the far wall faces the other way (it belongs to floor which isn't linked here),
wall of tile 042920 (room 0x1e),door 0x1d1ef0 (preset 0x0000),52.835,no,the far wall faces the other way (it belongs to floor which isn't linked here),
wall of tile 042920 (room 0x1e),door 0x1d1ff0 (preset 0x0001),46.990,no,the far wall faces the other way (it belongs to floor which isn't linked here),
wall of tile 042920 (room 0x1e),door 0x1d1ff0 (preset 0x0001),46.990,no,the far wall faces the other way (it belongs to floor which isn't linked here),
wall of tile 042920 (room 0x1e),door 0x1d1ff0 (preset 0x0001),56.793,no,the far wall faces the other way (it belongs to floor which isn't linked here),
wall of tile 042920 (room 0x1e),door 0x1d1ff0 (preset 0x0001),56.792,no,the far wall faces the other way (it belongs to floor which isn't linked here),
wall of tile 042920 (room 0x1e),door 0x1d1ff0 (preset 0x0001),42.043,no,the far wall faces the other way (it belongs to floor which isn't linked here),
wall of tile 042920 (room 0x1e),door 0x1d1ff0 (preset 0x0001),42.043,no,the far wall faces the other way (it belongs to floor which isn't linked here),
wall of tile 042920 (room 0x1e),door 0x1d20f0 (preset 0x0002),36.396,no,the far wall faces the other way (it belongs to floor which isn't linked here),
wall of tile 042920 (room 0x1e),door 0x1d20f0 (preset 0x0002),36.396,no,the far wall faces the other way (it belongs to floor which isn't linked here),
wall of tile 042920 (room 0x1e),door 0x1d20f0 (preset 0x0002),46.198,no,the far wall faces the other way (it belongs to floor which isn't linked here),
wall of tile 042920 (room 0x1e),door 0x1d20f0 (preset 0x0002),46.198,no,the far wall faces the other way (it belongs to floor which isn't linked here),
wall of tile 042920 (room 0x1e),door 0x1d20f0 (preset 0x0002),31.449,no,the far wall faces the other way (it belongs to floor which isn't linked here),
wall of tile 042920 (room 0x1e),door 0x1d20f0 (preset 0x0002),31.449,no,the far wall faces the other way (it belongs to floor which isn't linked here),
wall of tile 042920 (room 0x1e),door 0x1d22f0 (preset 0x0004),55.300,no,the far wall faces the other way (it belongs to floor which isn't linked here),
wall of tile 042920 (room 0x1e),door 0x1d22f0 (preset 0x0004),55.300,no,the far wall faces the other way (it belongs to floor which isn't linked here),
wall of tile 042920 (room 0x1e),door 0x1d23f0 (preset 0x0005),41.342,no,the far wall faces the other way (it belongs to floor which isn't linked here),
wall of tile 042920 (room 0x1e),door 0x1d23f0 (preset 0x0005),41.342,no,the far wall faces the other way (it belongs to floor which isn't linked here),
wall of tile 042920 (room 0x1e),door 0x1d23f0 (preset 0x0005),51.145,no,the far wall faces the other way (it belongs to floor which isn't linked here),
wall of tile 042920 (room 0x1e),door 0x1d23f0 (preset 0x0005),51.145,no,the far wall faces the other way (it belongs to floor which isn't linked here),
wall of tile 042920 (room 0x1e),door 0x1d23f0 (preset 0x0005),36.396,no,the far wall faces the other way (it belongs to floor which isn't linked here),
wall of tile 042920 (room 0x1e),door 0x1d23f0 (preset 0x0005),36.396,no,the far wall faces the other way (it belongs to floor which isn't linked here),
wall of tile 1DC822 (room 0x1e),wall of tile 1DC821 (room 0x1e),46.614,yes,,
wall of tile 03D120 (room 0x1e),wall of tile 1DC821 (room 0x1e),50.064,no,"another wall pokes into the space between them, so a tighter pair covers this gap",wall of tile 1DC822 (room 0x1e)
wall of tile 1DC821 (room 0x1e),door 0x1d24f0 (preset 0x0006),46.058,no,"the line between them leaves the walkable area (a wall's thickness, or another floor)",
wall of tile 1DC821 (room 0x1e),door 0x1d24f0 (preset 0x0006),46.058,no,"the line between them leaves the walkable area (a wall's thickness, or another floor)",
wall of tile 1DC821 (room 0x1e),door 0x1d24f0 (preset 0x0006),58.194,no,"the line between them leaves the walkable area (a wall's thickness, or another floor)",
wall of tile 1DC821 (room 0x1e),door 0x1d24f0 (preset 0x0006),46.058,no,"the line between them leaves the walkable area (a wall's thickness, or another floor)",
wall of tile 1DC821 (room 0x1e),door 0x1d24f0 (preset 0x0006),46.058,no,"the line between them leaves the walkable area (a wall's thickness, or another floor)",
wall of tile 1DC821 (room 0x1e),door 0x1d24f0 (preset 0x0006),58.194,no,"the line between them leaves the walkable area (a wall's thickness, or another floor)",
generic 0x1ce064 (preset 0x0035),generic 0x1ce064 (preset 0x0035),0.004,no,the line between them touches another wall,generic 0x1ce064 (preset 0x0035)
generic 0x1ce064 (preset 0x0035),generic 0x1ce064 (preset 0x0035),0.004,no,the line between them touches another wall,generic 0x1ce064 (preset 0x0035)
generic 0x1ce47c (preset 0x001e),generic 0x1cfaec (preset 0x2742),58.610,yes,,
generic 0x1ce47c (preset 0x001e),generic 0x1cfaec (preset 0x2742),58.610,yes,,
generic 0x1ce47c (preset 0x001e),monitor 0x1cfb6c (preset 0x2743),50.050,no,"another wall pokes into the space between them, so a tighter pair covers this gap",monitor 0x1cfb6c (preset 0x2743)
generic 0x1ce47c (preset 0x001e),monitor 0x1cfb6c (preset 0x2743),43.239,no,"another wall pokes into the space between them, so a tighter pair covers this gap",generic 0x1ce47c (preset 0x001e)
generic 0x1ce47c (preset 0x001e),monitor 0x1cfb6c (preset 0x2743),58.802,no,"another wall pokes into the space between them, so a tighter pair covers this gap",monitor 0x1cfb6c (preset 0x2743)
generic 0x1ce47c (preset 0x001e),monitor 0x1cfb6c (preset 0x2743),58.813,no,the line between them touches another wall,monitor 0x1cfb6c (preset 0x2743)
generic 0x1ce47c (preset 0x001e),generic 0x1cfc6c (preset 0x2744),50.069,no,"another wall pokes into the space between them, so a tighter pair covers this gap",generic 0x1ce47c (preset 0x001e)
generic 0x1ce47c (preset 0x001e),generic 0x1cfc6c (preset 0x2744),50.069,no,"another wall pokes into the space between them, so a tighter pair covers this gap",generic 0x1ce47c (preset 0x001e)
generic 0x1ce47c (preset 0x001e),generic 0x1cfc6c (preset 0x2744),50.081,no,"another wall pokes into the space between them, so a tighter pair covers this gap",generic 0x1cfc6c (preset 0x2744)
generic 0x1ce47c (preset 0x001e),generic 0x1cfaec (preset 0x2742),58.610,yes,,
generic 0x1ce47c (preset 0x001e),generic 0x1cfaec (preset 0x2742),58.610,yes,,
generic 0x1ce47c (preset 0x001e),monitor 0x1cfb6c (preset 0x2743),43.195,yes,,
generic 0x1ce47c (preset 0x001e),monitor 0x1cfb6c (preset 0x2743),43.195,yes,,
generic 0x1ce47c (preset 0x001e),monitor 0x1cfb6c (preset 0x2743),58.802,no,"another wall pokes into the space between them, so a tighter pair covers this gap",monitor 0x1cfb6c (preset 0x2743)
generic 0x1ce47c (preset 0x001e),monitor 0x1cfb6c (preset 0x2743),58.813,no,the line between them touches another wall,monitor 0x1cfb6c (preset 0x2743)
generic 0x1ce47c (preset 0x001e),generic 0x1cfc6c (preset 0x2744),49.798,no,"another wall pokes into the space between them, so a tighter pair covers this gap",generic 0x1cfc6c (preset 0x2744)
generic 0x1ce47c (preset 0x001e),generic 0x1cfc6c (preset 0x2744),43.238,yes,,
generic 0x1ce47c (preset 0x001e),generic 0x1cfc6c (preset 0x2744),43.309,no,"another wall pokes into the space between them, so a tighter pair covers this gap",generic 0x1cfc6c (preset 0x2744)
generic 0x1ce47c (preset 0x001e),generic 0x1cfc6c (preset 0x2744),43.324,no,the line between them touches another wall,generic 0x1cfc6c (preset 0x2744)
generic 0x1ce47c (preset 0x001e),monitor 0x1cfb6c (preset 0x2743),58.951,no,"another wall pokes into the space between them, so a tighter pair covers this gap",generic 0x1ce47c (preset 0x001e)
generic 0x1ce47c (preset 0x001e),monitor 0x1cfb6c (preset 0x2743),58.951,no,"another wall pokes into the space between them, so a tighter pair covers this gap",generic 0x1ce47c (preset 0x001e)
generic 0x1ce47c (preset 0x001e),generic 0x1cfc6c (preset 0x2744),49.798,no,"another wall pokes into the space between them, so a tighter pair covers this gap",generic 0x1cfc6c (preset 0x2744)
generic 0x1ce47c (preset 0x001e),generic 0x1cfc6c (preset 0x2744),43.238,yes,,
generic 0x1ce47c (preset 0x001e),generic 0x1cfc6c (preset 0x2744),59.143,no,"another wall pokes into the space between them, so a tighter pair covers this gap",generic 0x1cfc6c (preset 0x2744)
generic 0x1ce47c (preset 0x001e),generic 0x1cfc6c (preset 0x2744),59.154,no,the line between them touches another wall,generic 0x1cfc6c (preset 0x2744)
generic 0x1ce6fc (preset 0x0028),generic 0x1ce6fc (preset 0x0028),0.000,no,the line between them touches another wall,generic 0x1ce6fc (preset 0x0028)
generic 0x1ce6fc (preset 0x0028),generic 0x1ce6fc (preset 0x0028),0.000,no,the line between them touches another wall,generic 0x1ce6fc (preset 0x0028)
generic 0x1cf96c (preset 0x2740),monitor 0x1cf9ec (preset 0x2741),0.160,no,the line between them touches another wall,monitor 0x1cf9ec (preset 0x2741)
generic 0x1cf96c (preset 0x2740),monitor 0x1cf9ec (preset 0x2741),0.097,no,the line between them touches another wall,monitor 0x1cf9ec (preset 0x2741)
generic 0x1cf96c (preset 0x2740),generic 0x1cf96c (preset 0x2740),0.015,no,the line between them touches another wall,generic 0x1cf96c (preset 0x2740)
generic 0x1cf96c (preset 0x2740),monitor 0x1cf9ec (preset 0x2741),0.160,no,the line between them touches another wall,generic 0x1cf96c (preset 0x2740)
generic 0x1cf96c (preset 0x2740),monitor 0x1cf9ec (preset 0x2741),0.160,no,the line between them touches another wall,monitor 0x1cf9ec (preset 0x2741)
generic 0x1cf96c (preset 0x2740),monitor 0x1cf9ec (preset 0x2741),0.112,no,the line between them touches another wall,monitor 0x1cf9ec (preset 0x2741)
generic 0x1cf96c (preset 0x2740),generic 0x1cf96c (preset 0x2740),0.015,no,the line between them touches another wall,generic 0x1cf96c (preset 0x2740)
generic 0x1cf96c (preset 0x2740),monitor 0x1cf9ec (preset 0x2741),0.114,no,the line between them touches another wall,generic 0x1cf96c (preset 0x2740)
generic 0x1cf96c (preset 0x2740),monitor 0x1cf9ec (preset 0x2741),0.114,no,the line between them touches another wall,generic 0x1cf96c (preset 0x2740)
generic 0x1cf96c (preset 0x2740),monitor 0x1cf9ec (preset 0x2741),0.129,no,the line between them touches another wall,generic 0x1cf96c (preset 0x2740)
generic 0x1cf96c (preset 0x2740),monitor 0x1cf9ec (preset 0x2741),0.097,no,"another wall pokes into the space between them, so a tighter pair covers this gap",monitor 0x1cf9ec (preset 0x2741)
monitor 0x1cf9ec (preset 0x2741),generic 0x1cfaec (preset 0x2742),0.160,no,the line between them touches another wall,generic 0x1cfaec (preset 0x2742)
monitor 0x1cf9ec (preset 0x2741),generic 0x1cfaec (preset 0x2742),0.114,no,the line between them touches another wall,generic 0x1cfaec (preset 0x2742)
monitor 0x1cf9ec (preset 0x2741),monitor 0x1cf9ec (preset 0x2741),0.015,no,the line between them touches another wall,monitor 0x1cf9ec (preset 0x2741)
monitor 0x1cf9ec (preset 0x2741),generic 0x1cfaec (preset 0x2742),0.160,no,the line between them touches another wall,monitor 0x1cf9ec (preset 0x2741)
monitor 0x1cf9ec (preset 0x2741),generic 0x1cfaec (preset 0x2742),0.160,no,the line between them touches another wall,generic 0x1cfaec (preset 0x2742)
monitor 0x1cf9ec (preset 0x2741),generic 0x1cfaec (preset 0x2742),0.129,no,the line between them touches another wall,generic 0x1cfaec (preset 0x2742)
monitor 0x1cf9ec (preset 0x2741),monitor 0x1cf9ec (preset 0x2741),0.015,no,the line between them touches another wall,monitor 0x1cf9ec (preset 0x2741)
monitor 0x1cf9ec (preset 0x2741),generic 0x1cfaec (preset 0x2742),0.111,no,the line between them touches another wall,monitor 0x1cf9ec (preset 0x2741)
monitor 0x1cf9ec (preset 0x2741),generic 0x1cfaec (preset 0x2742),0.111,no,the line between them touches another wall,monitor 0x1cf9ec (preset 0x2741)
monitor 0x1cf9ec (preset 0x2741),generic 0x1cfaec (preset 0x2742),0.126,no,the line between them touches another wall,monitor 0x1cf9ec (preset 0x2741)
monitor 0x1cf9ec (preset 0x2741),generic 0x1cfaec (preset 0x2742),0.114,no,the line between them touches another wall,generic 0x1cfaec (preset 0x2742)
generic 0x1cfaec (preset 0x2742),monitor 0x1cfb6c (preset 0x2743),0.160,no,the line between them touches another wall,monitor 0x1cfb6c (preset 0x2743)
generic 0x1cfaec (preset 0x2742),monitor 0x1cfb6c (preset 0x2743),0.114,no,the line between them touches another wall,monitor 0x1cfb6c (preset 0x2743)
generic 0x1cfaec (preset 0x2742),generic 0x1cfaec (preset 0x2742),0.015,no,the line between them touches another wall,generic 0x1cfaec (preset 0x2742)
generic 0x1cfaec (preset 0x2742),monitor 0x1cfb6c (preset 0x2743),0.160,no,the line between them touches another wall,generic 0x1cfaec (preset 0x2742)
generic 0x1cfaec (preset 0x2742),monitor 0x1cfb6c (preset 0x2743),0.160,no,the line between them touches another wall,monitor 0x1cfb6c (preset 0x2743)
generic 0x1cfaec (preset 0x2742),monitor 0x1cfb6c (preset 0x2743),0.129,no,the line between them touches another wall,monitor 0x1cfb6c (preset 0x2743)
generic 0x1cfaec (preset 0x2742),generic 0x1cfaec (preset 0x2742),0.015,no,the line between them touches another wall,generic 0x1cfaec (preset 0x2742)
generic 0x1cfaec (preset 0x2742),monitor 0x1cfb6c (preset 0x2743),0.114,no,the line between them touches another wall,generic 0x1cfaec (preset 0x2742)
generic 0x1cfaec (preset 0x2742),monitor 0x1cfb6c (preset 0x2743),0.114,no,the line between them touches another wall,generic 0x1cfaec (preset 0x2742)
generic 0x1cfaec (preset 0x2742),monitor 0x1cfb6c (preset 0x2743),0.129,no,the line between them touches another wall,generic 0x1cfaec (preset 0x2742)
generic 0x1cfaec (preset 0x2742),monitor 0x1cfb6c (preset 0x2743),0.114,no,the line between them touches another wall,monitor 0x1cfb6c (preset 0x2743)
monitor 0x1cfb6c (preset 0x2743),generic 0x1cfc6c (preset 0x2744),0.160,no,the line between them touches another wall,monitor 0x1cfb6c (preset 0x2743)
monitor 0x1cfb6c (preset 0x2743),generic 0x1cfc6c (preset 0x2744),0.114,no,the line between them touches another wall,generic 0x1cfc6c (preset 0x2744)
monitor 0x1cfb6c (preset 0x2743),monitor 0x1cfb6c (preset 0x2743),0.015,no,the line between them touches another wall,monitor 0x1cfb6c (preset 0x2743)
monitor 0x1cfb6c (preset 0x2743),generic 0x1cfc6c (preset 0x2744),0.160,no,the line between them touches another wall,monitor 0x1cfb6c (preset 0x2743)
monitor 0x1cfb6c (preset 0x2743),generic 0x1cfc6c (preset 0x2744),0.160,no,the line between them touches another wall,monitor 0x1cfb6c (preset 0x2743)
monitor 0x1cfb6c (preset 0x2743),generic 0x1cfc6c (preset 0x2744),0.129,no,the line between them touches another wall,generic 0x1cfc6c (preset 0x2744)
monitor 0x1cfb6c (preset 0x2743),monitor 0x1cfb6c (preset 0x2743),0.015,no,the line between them touches another wall,monitor 0x1cfb6c (preset 0x2743)
monitor 0x1cfb6c (preset 0x2743),generic 0x1cfc6c (preset 0x2744),0.114,no,the line between them touches another wall,monitor 0x1cfb6c (preset 0x2743)
monitor 0x1cfb6c (preset 0x2743),generic 0x1cfc6c (preset 0x2744),0.114,no,the line between them touches another wall,monitor 0x1cfb6c (preset 0x2743)
monitor 0x1cfb6c (preset 0x2743),generic 0x1cfc6c (preset 0x2744),0.129,no,the line between them touches another wall,monitor 0x1cfb6c (preset 0x2743)
monitor 0x1cfb6c (preset 0x2743),generic 0x1cfc6c (preset 0x2744),0.114,no,"another wall pokes into the space between them, so a tighter pair covers this gap",generic 0x1cfc6c (preset 0x2744)
generic 0x1cfc6c (preset 0x2744),generic 0x1cfc6c (preset 0x2744),0.015,no,the line between them touches another wall,generic 0x1cfc6c (preset 0x2744)
generic 0x1cfc6c (preset 0x2744),generic 0x1cfc6c (preset 0x2744),0.015,no,the line between them touches another wall,generic 0x1cfc6c (preset 0x2744)
glass 0x1d1350 (preset 0x2745),glass 0x1d1350 (preset 0x2745),0.000,no,the line between them touches another wall,glass 0x1d1350 (preset 0x2745)
generic 0x1d13e0 (preset 0x0031),generic 0x1d1470 (preset 0x0032),12.363,yes,,
generic 0x1d13e0 (preset 0x0031),generic 0x1d1470 (preset 0x0032),12.363,yes,,
generic 0x1d13e0 (preset 0x0031),generic 0x1d1470 (preset 0x0032),12.690,no,"another wall pokes into the space between them, so a tighter pair covers this gap",generic 0x1d13e0 (preset 0x0031)
generic 0x1d13e0 (preset 0x0031),generic 0x1d1470 (preset 0x0032),12.452,no,"another wall pokes into the space between them, so a tighter pair covers this gap",generic 0x1d13e0 (preset 0x0031)
door 0x1d14f0 (preset 0x0008),door 0x1d14f0 (preset 0x0008),0.000,no,the line between them touches another wall,door 0x1d14f0 (preset 0x0008)
door 0x1d14f0 (preset 0x0008),door 0x1d15f0 (preset 0x0009),0.000,no,the line between them touches another wall,door 0x1d14f0 (preset 0x0008)
door 0x1d14f0 (preset 0x0008),door 0x1d15f0 (preset 0x0009),0.000,no,the line between them touches another wall,door 0x1d14f0 (preset 0x0008)
door 0x1d14f0 (preset 0x0008),door 0x1d15f0 (preset 0x0009),0.000,no,the line between them touches another wall,door 0x1d14f0 (preset 0x0008)
door 0x1d14f0 (preset 0x0008),door 0x1d15f0 (preset 0x0009),0.000,no,the line between them touches another wall,door 0x1d15f0 (preset 0x0009)
door 0x1d14f0 (preset 0x0008),door 0x1d14f0 (preset 0x0008),9.271,no,the line between them touches another wall,door 0x1d14f0 (preset 0x0008)
door 0x1d14f0 (preset 0x0008),door 0x1d15f0 (preset 0x0009),0.000,no,the line between them touches another wall,door 0x1d14f0 (preset 0x0008)
door 0x1d14f0 (preset 0x0008),door 0x1d15f0 (preset 0x0009),9.271,no,the line between them touches another wall,door 0x1d14f0 (preset 0x0008)
door 0x1d14f0 (preset 0x0008),door 0x1d15f0 (preset 0x0009),9.271,no,the line between them touches another wall,door 0x1d15f0 (preset 0x0009)
door 0x1d14f0 (preset 0x0008),door 0x1d14f0 (preset 0x0008),9.271,no,neither wall could be placed on a tile,
door 0x1d14f0 (preset 0x0008),door 0x1d14f0 (preset 0x0008),9.271,no,the line between them touches another wall,door 0x1d14f0 (preset 0x0008)
door 0x1d14f0 (preset 0x0008),door 0x1d15f0 (preset 0x0009),0.000,no,the line between them touches another wall,door 0x1d14f0 (preset 0x0008)
door 0x1d14f0 (preset 0x0008),door 0x1d15f0 (preset 0x0009),0.000,no,the line between them touches another wall,door 0x1d14f0 (preset 0x0008)
door 0x1d14f0 (preset 0x0008),door 0x1d15f0 (preset 0x0009),9.271,no,the line between them touches another wall,door 0x1d14f0 (preset 0x0008)
door 0x1d14f0 (preset 0x0008),door 0x1d15f0 (preset 0x0009),9.271,no,the line between them touches another wall,door 0x1d14f0 (preset 0x0008)
door 0x1d14f0 (preset 0x0008),door 0x1d14f0 (preset 0x0008),0.000,no,neither wall could be placed on a tile,
door 0x1d14f0 (preset 0x0008),door 0x1d15f0 (preset 0x0009),9.271,no,the line between them touches another wall,door 0x1d14f0 (preset 0x0008)
door 0x1d14f0 (preset 0x0008),door 0x1d15f0 (preset 0x0009),0.000,no,the line between them touches another wall,door 0x1d14f0 (preset 0x0008)
door 0x1d14f0 (preset 0x0008),door 0x1d15f0 (preset 0x0009),0.000,no,"another wall pokes into the space between them, so a tighter pair covers this gap",door 0x1d15f0 (preset 0x0009)
door 0x1d15f0 (preset 0x0009),door 0x1d15f0 (preset 0x0009),0.000,no,the line between them touches another wall,door 0x1d15f0 (preset 0x0009)
door 0x1d15f0 (preset 0x0009),door 0x1d15f0 (preset 0x0009),9.271,no,the line between them touches another wall,door 0x1d15f0 (preset 0x0009)
door 0x1d15f0 (preset 0x0009),door 0x1d15f0 (preset 0x0009),9.271,no,the line between them touches another wall,door 0x1d15f0 (preset 0x0009)
door 0x1d15f0 (preset 0x0009),door 0x1d15f0 (preset 0x0009),9.271,no,the line between them touches another wall,door 0x1d15f0 (preset 0x0009)
door 0x1d15f0 (preset 0x0009),door 0x1d15f0 (preset 0x0009),0.000,no,the line between them touches another wall,door 0x1d15f0 (preset 0x0009)
door 0x1d16f0 (preset 0x000a),door 0x1d16f0 (preset 0x000a),0.000,no,neither wall could be placed on a tile,
door 0x1d16f0 (preset 0x000a),door 0x1d16f0 (preset 0x000a),9.271,no,neither wall could be placed on a tile,
door 0x1d16f0 (preset 0x000a),door 0x1d16f0 (preset 0x000a),9.271,no,the line between them touches another wall,door 0x1d16f0 (preset 0x000a)
door 0x1d16f0 (preset 0x000a),door 0x1d16f0 (preset 0x000a),9.271,no,the line between them touches another wall,door 0x1d16f0 (preset 0x000a)
door 0x1d16f0 (preset 0x000a),door 0x1d17f0 (preset 0x000b),0.000,no,the line between them touches another wall,door 0x1d17f0 (preset 0x000b)
door 0x1d16f0 (preset 0x000a),door 0x1d17f0 (preset 0x000b),9.271,no,the line between them touches another wall,door 0x1d16f0 (preset 0x000a)
door 0x1d16f0 (preset 0x000a),door 0x1d16f0 (preset 0x000a),0.000,no,the line between them touches another wall,door 0x1d16f0 (preset 0x000a)
door 0x1d16f0 (preset 0x000a),door 0x1d17f0 (preset 0x000b),0.000,no,the line between them touches another wall,door 0x1d17f0 (preset 0x000b)
door 0x1d16f0 (preset 0x000a),door 0x1d17f0 (preset 0x000b),9.271,no,the line between them touches another wall,door 0x1d16f0 (preset 0x000a)
door 0x1d16f0 (preset 0x000a),door 0x1d17f0 (preset 0x000b),9.271,no,the line between them touches another wall,door 0x1d17f0 (preset 0x000b)
door 0x1d16f0 (preset 0x000a),door 0x1d17f0 (preset 0x000b),0.000,no,the line between them touches another wall,door 0x1d16f0 (preset 0x000a)
door 0x1d16f0 (preset 0x000a),door 0x1d17f0 (preset 0x000b),9.271,no,the line between them touches another wall,door 0x1d16f0 (preset 0x000a)
door 0x1d16f0 (preset 0x000a),door 0x1d17f0 (preset 0x000b),9.271,no,the line between them touches another wall,door 0x1d17f0 (preset 0x000b)
door 0x1d16f0 (preset 0x000a),door 0x1d17f0 (preset 0x000b),0.000,no,"another wall pokes into the space between them, so a tighter pair covers this gap",door 0x1d16f0 (preset 0x000a)
door 0x1d17f0 (preset 0x000b),door 0x1d17f0 (preset 0x000b),0.000,no,the line between them touches another wall,door 0x1d17f0 (preset 0x000b)
door 0x1d17f0 (preset 0x000b),door 0x1d17f0 (preset 0x000b),9.271,no,the line between them touches another wall,door 0x1d17f0 (preset 0x000b)
door 0x1d17f0 (preset 0x000b),door 0x1d17f0 (preset 0x000b),9.271,no,neither wall could be placed on a tile,
door 0x1d17f0 (preset 0x000b),door 0x1d17f0 (preset 0x000b),9.271,no,the line between them touches another wall,door 0x1d17f0 (preset 0x000b)
door 0x1d17f0 (preset 0x000b),door 0x1d17f0 (preset 0x000b),0.000,no,neither wall could be placed on a tile,
door 0x1d18f0 (preset 0x000c),door 0x1d18f0 (preset 0x000c),0.000,no,the line between them touches another wall,door 0x1d18f0 (preset 0x000c)
door 0x1d18f0 (preset 0x000c),door 0x1d19f0 (preset 0x000d),0.000,no,the line between them touches another wall,door 0x1d19f0 (preset 0x000d)
door 0x1d18f0 (preset 0x000c),door 0x1d19f0 (preset 0x000d),0.000,no,the line between them touches another wall,door 0x1d19f0 (preset 0x000d)
door 0x1d18f0 (preset 0x000c),door 0x1d19f0 (preset 0x000d),0.000,no,the line between them touches another wall,door 0x1d19f0 (preset 0x000d)
door 0x1d18f0 (preset 0x000c),door 0x1d19f0 (preset 0x000d),0.000,no,the line between them touches another wall,door 0x1d19f0 (preset 0x000d)
door 0x1d18f0 (preset 0x000c),door 0x1d18f0 (preset 0x000c),9.271,no,the line between them touches another wall,door 0x1d18f0 (preset 0x000c)
door 0x1d18f0 (preset 0x000c),door 0x1d19f0 (preset 0x000d),0.000,no,the line between them touches another wall,door 0x1d19f0 (preset 0x000d)
door 0x1d18f0 (preset 0x000c),door 0x1d19f0 (preset 0x000d),9.271,no,the line between them touches another wall,door 0x1d19f0 (preset 0x000d)
door 0x1d18f0 (preset 0x000c),door 0x1d19f0 (preset 0x000d),9.271,no,the line between them touches another wall,door 0x1d19f0 (preset 0x000d)
door 0x1d18f0 (preset 0x000c),door 0x1d18f0 (preset 0x000c),9.271,no,neither wall could be placed on a tile,
door 0x1d18f0 (preset 0x000c),door 0x1d18f0 (preset 0x000c),9.271,no,the line between them touches another wall,door 0x1d18f0 (preset 0x000c)
door 0x1d18f0 (preset 0x000c),door 0x1d19f0 (preset 0x000d),0.000,no,the line between them touches another wall,door 0x1d18f0 (preset 0x000c)
door 0x1d18f0 (preset 0x000c),door 0x1d19f0 (preset 0x000d),0.000,no,the line between them touches another wall,door 0x1d18f0 (preset 0x000c)
door 0x1d18f0 (preset 0x000c),door 0x1d19f0 (preset 0x000d),9.271,no,the line between them touches another wall,door 0x1d18f0 (preset 0x000c)
door 0x1d18f0 (preset 0x000c),door 0x1d19f0 (preset 0x000d),9.271,no,the line between them touches another wall,door 0x1d18f0 (preset 0x000c)
door 0x1d18f0 (preset 0x000c),door 0x1d18f0 (preset 0x000c),0.000,no,neither wall could be placed on a tile,
door 0x1d18f0 (preset 0x000c),door 0x1d19f0 (preset 0x000d),9.271,no,the line between them touches another wall,door 0x1d19f0 (preset 0x000d)
door 0x1d18f0 (preset 0x000c),door 0x1d19f0 (preset 0x000d),0.000,no,the line between them touches another wall,door 0x1d19f0 (preset 0x000d)
door 0x1d18f0 (preset 0x000c),door 0x1d19f0 (preset 0x000d),0.000,no,"another wall pokes into the space between them, so a tighter pair covers this gap",door 0x1d19f0 (preset 0x000d)
door 0x1d19f0 (preset 0x000d),door 0x1d19f0 (preset 0x000d),0.000,no,neither wall could be placed on a tile,
door 0x1d19f0 (preset 0x000d),door 0x1d19f0 (preset 0x000d),9.271,no,neither wall could be placed on a tile,
door 0x1d19f0 (preset 0x000d),door 0x1d19f0 (preset 0x000d),9.271,no,the line between them touches another wall,door 0x1d19f0 (preset 0x000d)
door 0x1d19f0 (preset 0x000d),door 0x1d19f0 (preset 0x000d),9.271,no,the line between them touches another wall,door 0x1d19f0 (preset 0x000d)
door 0x1d19f0 (preset 0x000d),door 0x1d19f0 (preset 0x000d),0.000,no,the line between them touches another wall,door 0x1d19f0 (preset 0x000d)
door 0x1d1af0 (preset 0x000e),door 0x1d1af0 (preset 0x000e),9.271,no,the line between them touches another wall,door 0x1d1af0 (preset 0x000e)
door 0x1d1af0 (preset 0x000e),door 0x1d1af0 (preset 0x000e),9.271,no,the line between them touches another wall,door 0x1d1af0 (preset 0x000e)
door 0x1d1af0 (preset 0x000e),door 0x1d1af0 (preset 0x000e),0.000,no,neither wall could be placed on a tile,
door 0x1d1af0 (preset 0x000e),door 0x1d1bf0 (preset 0x000f),0.000,no,"another wall pokes into the space between them, so a tighter pair covers this gap",door 0x1d1bf0 (preset 0x000f)
door 0x1d1af0 (preset 0x000e),door 0x1d1bf0 (preset 0x000f),9.271,no,the line between them touches another wall,door 0x1d1af0 (preset 0x000e)
door 0x1d1af0 (preset 0x000e),door 0x1d1bf0 (preset 0x000f),0.000,no,the line between them touches another wall,door 0x1d1af0 (preset 0x000e)
door 0x1d1af0 (preset 0x000e),door 0x1d1af0 (preset 0x000e),0.000,no,the line between them touches another wall,door 0x1d1af0 (preset 0x000e)
door 0x1d1af0 (preset 0x000e),door 0x1d1bf0 (preset 0x000f),0.000,no,the line between them touches another wall,door 0x1d1bf0 (preset 0x000f)
door 0x1d1af0 (preset 0x000e),door 0x1d1bf0 (preset 0x000f),0.000,no,the line between them touches another wall,door 0x1d1af0 (preset 0x000e)
door 0x1d1af0 (preset 0x000e),door 0x1d1bf0 (preset 0x000f),0.000,no,the line between them touches another wall,door 0x1d1af0 (preset 0x000e)
door 0x1d1af0 (preset 0x000e),door 0x1d1bf0 (preset 0x000f),0.000,no,the line between them touches another wall,door 0x1d1af0 (preset 0x000e)
door 0x1d1af0 (preset 0x000e),door 0x1d1bf0 (preset 0x000f),9.271,no,the line between them touches another wall,door 0x1d1bf0 (preset 0x000f)
door 0x1d1af0 (preset 0x000e),door 0x1d1bf0 (preset 0x000f),0.000,no,the line between them touches another wall,door 0x1d1af0 (preset 0x000e)
door 0x1d1af0 (preset 0x000e),door 0x1d1bf0 (preset 0x000f),9.271,no,the line between them touches another wall,door 0x1d1af0 (preset 0x000e)
door 0x1d1af0 (preset 0x000e),door 0x1d1af0 (preset 0x000e),9.271,no,neither wall could be placed on a tile,
door 0x1d1af0 (preset 0x000e),door 0x1d1bf0 (preset 0x000f),9.271,no,the line between them touches another wall,door 0x1d1af0 (preset 0x000e)
door 0x1d1af0 (preset 0x000e),door 0x1d1bf0 (preset 0x000f),0.000,no,the line between them touches another wall,door 0x1d1af0 (preset 0x000e)
door 0x1d1af0 (preset 0x000e),door 0x1d1bf0 (preset 0x000f),0.000,no,the line between them touches another wall,door 0x1d1af0 (preset 0x000e)
door 0x1d1af0 (preset 0x000e),door 0x1d1bf0 (preset 0x000f),9.271,no,the line between them touches another wall,door 0x1d1af0 (preset 0x000e)
door 0x1d1bf0 (preset 0x000f),door 0x1d1bf0 (preset 0x000f),9.271,no,neither wall could be placed on a tile,
door 0x1d1bf0 (preset 0x000f),door 0x1d1bf0 (preset 0x000f),9.271,no,the line between them touches another wall,door 0x1d1bf0 (preset 0x000f)
door 0x1d1bf0 (preset 0x000f),door 0x1d1bf0 (preset 0x000f),0.000,no,the line between them touches another wall,door 0x1d1bf0 (preset 0x000f)
door 0x1d1bf0 (preset 0x000f),door 0x1d1bf0 (preset 0x000f),0.000,no,neither wall could be placed on a tile,
door 0x1d1bf0 (preset 0x000f),door 0x1d1bf0 (preset 0x000f),9.271,no,the line between them touches another wall,door 0x1d1bf0 (preset 0x000f)
door 0x1d1cf0 (preset 0x0010),door 0x1d1cf0 (preset 0x0010),9.271,no,the line between them touches another wall,door 0x1d1cf0 (preset 0x0010)
door 0x1d1df0 (preset 0x0011),door 0x1d1df0 (preset 0x0011),9.271,no,the line between them touches another wall,door 0x1d1df0 (preset 0x0011)
door 0x1d1ef0 (preset 0x0000),door 0x1d1ef0 (preset 0x0000),14.834,no,the line between them touches another wall,door 0x1d1ef0 (preset 0x0000)
door 0x1d1ef0 (preset 0x0000),door 0x1d1ef0 (preset 0x0000),46.908,no,"the line between them leaves the walkable area (a wall's thickness, or another floor)",
door 0x1d1ef0 (preset 0x0000),door 0x1d1ef0 (preset 0x0000),44.501,no,the line between them touches another wall,door 0x1d1ef0 (preset 0x0000)
door 0x1d1ef0 (preset 0x0000),door 0x1d1ff0 (preset 0x0001),41.668,no,the line between them touches another wall,door 0x1d1ff0 (preset 0x0001)
door 0x1d1ef0 (preset 0x0000),door 0x1d1ff0 (preset 0x0001),38.938,no,the line between them touches another wall,door 0x1d1ff0 (preset 0x0001)
door 0x1d1ef0 (preset 0x0000),door 0x1d1ff0 (preset 0x0001),0.000,no,the line between them touches another wall,door 0x1d1ff0 (preset 0x0001)
door 0x1d1ef0 (preset 0x0000),door 0x1d1ff0 (preset 0x0001),7.417,no,the line between them touches another wall,door 0x1d1ef0 (preset 0x0000)
door 0x1d1ef0 (preset 0x0000),door 0x1d1ff0 (preset 0x0001),7.417,no,the line between them touches another wall,door 0x1d1ef0 (preset 0x0000)
door 0x1d1ef0 (preset 0x0000),door 0x1d1ff0 (preset 0x0001),14.834,no,the line between them touches another wall,door 0x1d1ff0 (preset 0x0001)
door 0x1d1ef0 (preset 0x0000),door 0x1d20f0 (preset 0x0002),34.837,yes,,
door 0x1d1ef0 (preset 0x0000),door 0x1d20f0 (preset 0x0002),34.837,yes,,
door 0x1d1ef0 (preset 0x0000),door 0x1d20f0 (preset 0x0002),34.837,no,"another wall pokes into the space between them, so a tighter pair covers this gap",door 0x1d20f0 (preset 0x0002)
door 0x1d1ef0 (preset 0x0000),door 0x1d20f0 (preset 0x0002),43.287,no,"another wall pokes into the space between them, so a tighter pair covers this gap",door 0x1d20f0 (preset 0x0002)
door 0x1d1ef0 (preset 0x0000),door 0x1d1ef0 (preset 0x0000),44.501,no,"the line between them leaves the walkable area (a wall's thickness, or another floor)",
door 0x1d1ef0 (preset 0x0000),door 0x1d1ef0 (preset 0x0000),44.501,no,"the line between them leaves the walkable area (a wall's thickness, or another floor)",
door 0x1d1ef0 (preset 0x0000),door 0x1d1ef0 (preset 0x0000),0.000,no,the line between them touches another wall,door 0x1d1ef0 (preset 0x0000)
door 0x1d1ef0 (preset 0x0000),door 0x1d1ff0 (preset 0x0001),41.668,no,the line between them touches another wall,door 0x1d1ff0 (preset 0x0001)
door 0x1d1ef0 (preset 0x0000),door 0x1d1ff0 (preset 0x0001),38.938,no,the line between them touches another wall,door 0x1d1ff0 (preset 0x0001)
door 0x1d1ef0 (preset 0x0000),door 0x1d1ff0 (preset 0x0001),7.417,no,the line between them touches another wall,door 0x1d1ef0 (preset 0x0000)
door 0x1d1ef0 (preset 0x0000),door 0x1d1ff0 (preset 0x0001),7.417,no,the line between them touches another wall,door 0x1d1ef0 (preset 0x0000)
door 0x1d1ef0 (preset 0x0000),door 0x1d1ff0 (preset 0x0001),14.834,no,the line between them touches another wall,door 0x1d1ef0 (preset 0x0000)
door 0x1d1ef0 (preset 0x0000),door 0x1d20f0 (preset 0x0002),34.837,no,"another wall pokes into the space between them, so a tighter pair covers this gap",door 0x1d1ef0 (preset 0x0000)
door 0x1d1ef0 (preset 0x0000),door 0x1d20f0 (preset 0x0002),34.837,no,"another wall pokes into the space between them, so a tighter pair covers this gap",door 0x1d1ef0 (preset 0x0000)
door 0x1d1ef0 (preset 0x0000),door 0x1d20f0 (preset 0x0002),34.837,no,"another wall pokes into the space between them, so a tighter pair covers this gap",door 0x1d1ef0 (preset 0x0000)
door 0x1d1ef0 (preset 0x0000),door 0x1d20f0 (preset 0x0002),43.287,no,"another wall pokes into the space between them, so a tighter pair covers this gap",door 0x1d1ef0 (preset 0x0000)
door 0x1d1ef0 (preset 0x0000),door 0x1d1ef0 (preset 0x0000),0.000,no,neither wall could be placed on a tile,
door 0x1d1ef0 (preset 0x0000),door 0x1d1ef0 (preset 0x0000),14.834,no,the line between them touches another wall,door 0x1d1ef0 (preset 0x0000)
door 0x1d1ef0 (preset 0x0000),door 0x1d1ff0 (preset 0x0001),48.952,no,the line between them touches another wall,door 0x1d1ff0 (preset 0x0001)
door 0x1d1ef0 (preset 0x0000),door 0x1d1ff0 (preset 0x0001),41.668,no,"another wall pokes into the space between them, so a tighter pair covers this gap",door 0x1d1ef0 (preset 0x0000)
door 0x1d1ef0 (preset 0x0000),door 0x1d1ff0 (preset 0x0001),14.834,no,the line between them touches another wall,door 0x1d1ef0 (preset 0x0000)
door 0x1d1ef0 (preset 0x0000),door 0x1d1ff0 (preset 0x0001),14.834,no,the line between them touches another wall,door 0x1d1ef0 (preset 0x0000)
door 0x1d1ef0 (preset 0x0000),door 0x1d1ff0 (preset 0x0001),14.834,no,the line between them touches another wall,door 0x1d1ff0 (preset 0x0001)
door 0x1d1ef0 (preset 0x0000),door 0x1d1ff0 (preset 0x0001),29.667,no,the line between them touches another wall,door 0x1d1ef0 (preset 0x0000)
door 0x1d1ef0 (preset 0x0000),door 0x1d20f0 (preset 0x0002),43.287,no,"another wall pokes into the space between them, so a tighter pair covers this gap",door 0x1d1ef0 (preset 0x0000)
door 0x1d1ef0 (preset 0x0000),door 0x1d20f0 (preset 0x0002),43.287,no,"another wall pokes into the space between them, so a tighter pair covers this gap",door 0x1d1ef0 (preset 0x0000)
door 0x1d1ef0 (preset 0x0000),door 0x1d20f0 (preset 0x0002),43.287,no,"another wall pokes into the space between them, so a tighter pair covers this gap",door 0x1d1ef0 (preset 0x0000)
door 0x1d1ef0 (preset 0x0000),door 0x1d20f0 (preset 0x0002),54.534,no,"another wall pokes into the space between them, so a tighter pair covers this gap",door 0x1d1ef0 (preset 0x0000)
door 0x1d1ef0 (preset 0x0000),door 0x1d1ef0 (preset 0x0000),14.834,no,neither wall could be placed on a tile,
door 0x1d1ef0 (preset 0x0000),door 0x1d1ff0 (preset 0x0001),39.941,no,neither wall could be placed on a tile,
door 0x1d1ef0 (preset 0x0000),door 0x1d1ff0 (preset 0x0001),39.941,no,neither wall could be placed on a tile,
door 0x1d1ef0 (preset 0x0000),door 0x1d1ff0 (preset 0x0001),39.941,no,neither wall could be placed on a tile,
door 0x1d1ef0 (preset 0x0000),door 0x1d1ff0 (preset 0x0001),47.491,no,neither wall could be placed on a tile,
door 0x1d1ef0 (preset 0x0000),door 0x1d1ff0 (preset 0x0001),37.084,no,the line between them touches another wall,door 0x1d1ef0 (preset 0x0000)
door 0x1d1ef0 (preset 0x0000),door 0x1d1ff0 (preset 0x0001),37.084,no,the line between them touches another wall,door 0x1d1ef0 (preset 0x0000)
door 0x1d1ef0 (preset 0x0000),door 0x1d1ff0 (preset 0x0001),37.084,no,the line between them touches another wall,door 0x1d1ef0 (preset 0x0000)
door 0x1d1ef0 (preset 0x0000),door 0x1d1ff0 (preset 0x0001),39.941,no,"another wall pokes into the space between them, so a tighter pair covers this gap",wall of tile 014E02 (room 0x01)
door 0x1d1ef0 (preset 0x0000),door 0x1d1ff0 (preset 0x0001),41.668,no,the line between them touches another wall,door 0x1d1ff0 (preset 0x0001)
door 0x1d1ef0 (preset 0x0000),door 0x1d1ff0 (preset 0x0001),38.938,no,the line between them touches another wall,door 0x1d1ff0 (preset 0x0001)
door 0x1d1ef0 (preset 0x0000),door 0x1d1ff0 (preset 0x0001),0.000,no,the line between them touches another wall,door 0x1d1ef0 (preset 0x0000)
door 0x1d1ef0 (preset 0x0000),door 0x1d1ff0 (preset 0x0001),0.000,no,the line between them touches another wall,door 0x1d1ff0 (preset 0x0001)
door 0x1d1ef0 (preset 0x0000),door 0x1d1ff0 (preset 0x0001),14.834,no,the line between them touches another wall,door 0x1d1ff0 (preset 0x0001)
door 0x1d1ef0 (preset 0x0000),door 0x1d20f0 (preset 0x0002),34.837,yes,,
door 0x1d1ef0 (preset 0x0000),door 0x1d20f0 (preset 0x0002),34.837,yes,,
door 0x1d1ef0 (preset 0x0000),door 0x1d20f0 (preset 0x0002),34.837,no,"another wall pokes into the space between them, so a tighter pair covers this gap",door 0x1d20f0 (preset 0x0002)
door 0x1d1ef0 (preset 0x0000),door 0x1d20f0 (preset 0x0002),43.287,no,"another wall pokes into the space between them, so a tighter pair covers this gap",door 0x1d20f0 (preset 0x0002)
door 0x1d1ff0 (preset 0x0001),door 0x1d1ff0 (preset 0x0001),14.834,no,the line between them touches another wall,door 0x1d1ff0 (preset 0x0001)
door 0x1d1ff0 (preset 0x0001),door 0x1d1ff0 (preset 0x0001),48.671,no,the line between them touches another wall,door 0x1d1ff0 (preset 0x0001)
door 0x1d1ff0 (preset 0x0001),door 0x1d1ff0 (preset 0x0001),46.355,no,the line between them touches another wall,door 0x1d1ff0 (preset 0x0001)
door 0x1d1ff0 (preset 0x0001),door 0x1d20f0 (preset 0x0002),41.668,no,the line between them touches another wall,door 0x1d20f0 (preset 0x0002)
door 0x1d1ff0 (preset 0x0001),door 0x1d20f0 (preset 0x0002),38.938,no,the line between them touches another wall,door 0x1d20f0 (preset 0x0002)
door 0x1d1ff0 (preset 0x0001),door 0x1d20f0 (preset 0x0002),7.417,no,the line between them touches another wall,door 0x1d20f0 (preset 0x0002)
door 0x1d1ff0 (preset 0x0001),door 0x1d20f0 (preset 0x0002),7.417,no,the line between them touches another wall,door 0x1d1ff0 (preset 0x0001)
door 0x1d1ff0 (preset 0x0001),door 0x1d20f0 (preset 0x0002),14.834,no,the line between them touches another wall,door 0x1d20f0 (preset 0x0002)
door 0x1d1ff0 (preset 0x0001),door 0x1d23f0 (preset 0x0005),38.938,yes,,
door 0x1d1ff0 (preset 0x0001),door 0x1d23f0 (preset 0x0005),38.938,yes,,
door 0x1d1ff0 (preset 0x0001),door 0x1d23f0 (preset 0x0005),38.938,yes,,
door 0x1d1ff0 (preset 0x0001),door 0x1d23f0 (preset 0x0005),41.668,no,"another wall pokes into the space between them, so a tighter pair covers this gap",door 0x1d23f0 (preset 0x0005)
door 0x1d1ff0 (preset 0x0001),door 0x1d1ff0 (preset 0x0001),46.355,no,the line between them touches another wall,door 0x1d1ff0 (preset 0x0001)
door 0x1d1ff0 (preset 0x0001),door 0x1d1ff0 (preset 0x0001),46.355,no,the line between them touches another wall,door 0x1d1ff0 (preset 0x0001)
door 0x1d1ff0 (preset 0x0001),door 0x1d1ff0 (preset 0x0001),0.000,no,the line between them touches another wall,door 0x1d1ff0 (preset 0x0001)
door 0x1d1ff0 (preset 0x0001),door 0x1d20f0 (preset 0x0002),41.668,no,the line between them touches another wall,door 0x1d20f0 (preset 0x0002)
door 0x1d1ff0 (preset 0x0001),door 0x1d20f0 (preset 0x0002),38.938,no,the line between them touches another wall,door 0x1d20f0 (preset 0x0002)
door 0x1d1ff0 (preset 0x0001),door 0x1d20f0 (preset 0x0002),7.417,no,the line between them touches another wall,door 0x1d1ff0 (preset 0x0001)
door 0x1d1ff0 (preset 0x0001),door 0x1d20f0 (preset 0x0002),7.417,no,the line between them touches another wall,door 0x1d20f0 (preset 0x0002)
door 0x1d1ff0 (preset 0x0001),door 0x1d20f0 (preset 0x0002),14.834,no,the line between them touches another wall,door 0x1d1ff0 (preset 0x0001)
door 0x1d1ff0 (preset 0x0001),door 0x1d23f0 (preset 0x0005),38.938,yes,,
door 0x1d1ff0 (preset 0x0001),door 0x1d23f0 (preset 0x0005),38.938,yes,,
door 0x1d1ff0 (preset 0x0001),door 0x1d23f0 (preset 0x0005),38.938,no,"another wall pokes into the space between them, so a tighter pair covers this gap",door 0x1d1ff0 (preset 0x0001)
door 0x1d1ff0 (preset 0x0001),door 0x1d23f0 (preset 0x0005),41.668,no,"another wall pokes into the space between them, so a tighter pair covers this gap",door 0x1d1ff0 (preset 0x0001)
door 0x1d1ff0 (preset 0x0001),door 0x1d1ff0 (preset 0x0001),0.000,no,the line between them touches another wall,door 0x1d1ff0 (preset 0x0001)
door 0x1d1ff0 (preset 0x0001),door 0x1d1ff0 (preset 0x0001),14.834,no,the line between them touches another wall,door 0x1d1ff0 (preset 0x0001)
door 0x1d1ff0 (preset 0x0001),door 0x1d20f0 (preset 0x0002),48.952,no,the line between them touches another wall,door 0x1d20f0 (preset 0x0002)
door 0x1d1ff0 (preset 0x0001),door 0x1d20f0 (preset 0x0002),41.668,no,"another wall pokes into the space between them, so a tighter pair covers this gap",door 0x1d20f0 (preset 0x0002)
door 0x1d1ff0 (preset 0x0001),door 0x1d20f0 (preset 0x0002),14.834,no,the line between them touches another wall,door 0x1d1ff0 (preset 0x0001)
door 0x1d1ff0 (preset 0x0001),door 0x1d20f0 (preset 0x0002),14.834,no,the line between them touches another wall,door 0x1d1ff0 (preset 0x0001)
door 0x1d1ff0 (preset 0x0001),door 0x1d20f0 (preset 0x0002),14.834,no,the line between them touches another wall,door 0x1d20f0 (preset 0x0002)
door 0x1d1ff0 (preset 0x0001),door 0x1d20f0 (preset 0x0002),29.667,no,the line between them touches another wall,door 0x1d20f0 (preset 0x0002)
door 0x1d1ff0 (preset 0x0001),door 0x1d23f0 (preset 0x0005),41.668,no,"another wall pokes into the space between them, so a tighter pair covers this gap",door 0x1d1ff0 (preset 0x0001)
door 0x1d1ff0 (preset 0x0001),door 0x1d23f0 (preset 0x0005),41.668,no,"another wall pokes into the space between them, so a tighter pair covers this gap",door 0x1d1ff0 (preset 0x0001)
door 0x1d1ff0 (preset 0x0001),door 0x1d23f0 (preset 0x0005),41.668,no,"another wall pokes into the space between them, so a tighter pair covers this gap",door 0x1d1ff0 (preset 0x0001)
door 0x1d1ff0 (preset 0x0001),door 0x1d23f0 (preset 0x0005),48.953,no,"another wall pokes into the space between them, so a tighter pair covers this gap",door 0x1d1ff0 (preset 0x0001)
door 0x1d1ff0 (preset 0x0001),door 0x1d1ff0 (preset 0x0001),14.834,no,the line between them touches another wall,door 0x1d1ff0 (preset 0x0001)
door 0x1d1ff0 (preset 0x0001),door 0x1d20f0 (preset 0x0002),41.668,no,the line between them touches another wall,door 0x1d1ff0 (preset 0x0001)
door 0x1d1ff0 (preset 0x0001),door 0x1d20f0 (preset 0x0002),41.668,no,the line between them touches another wall,door 0x1d1ff0 (preset 0x0001)
door 0x1d1ff0 (preset 0x0001),door 0x1d20f0 (preset 0x0002),41.668,no,the line between them touches another wall,door 0x1d1ff0 (preset 0x0001)
door 0x1d1ff0 (preset 0x0001),door 0x1d20f0 (preset 0x0002),48.952,no,the line between them touches another wall,door 0x1d1ff0 (preset 0x0001)
door 0x1d1ff0 (preset 0x0001),door 0x1d20f0 (preset 0x0002),38.938,no,the line between them touches another wall,door 0x1d1ff0 (preset 0x0001)
door 0x1d1ff0 (preset 0x0001),door 0x1d20f0 (preset 0x0002),38.938,no,the line between them touches another wall,door 0x1d1ff0 (preset 0x0001)
door 0x1d1ff0 (preset 0x0001),door 0x1d20f0 (preset 0x0002),38.938,no,the line between them touches another wall,door 0x1d1ff0 (preset 0x0001)
door 0x1d1ff0 (preset 0x0001),door 0x1d20f0 (preset 0x0002),41.668,no,"another wall pokes into the space between them, so a tighter pair covers this gap",door 0x1d20f0 (preset 0x0002)
door 0x1d1ff0 (preset 0x0001),door 0x1d20f0 (preset 0x0002),41.668,no,the line between them touches another wall,door 0x1d20f0 (preset 0x0002)
door 0x1d1ff0 (preset 0x0001),door 0x1d20f0 (preset 0x0002),38.938,no,the line between them touches another wall,door 0x1d20f0 (preset 0x0002)
door 0x1d1ff0 (preset 0x0001),door 0x1d20f0 (preset 0x0002),0.000,no,the line between them touches another wall,door 0x1d20f0 (preset 0x0002)
door 0x1d1ff0 (preset 0x0001),door 0x1d20f0 (preset 0x0002),14.834,no,the line between them touches another wall,door 0x1d20f0 (preset 0x0002)
door 0x1d1ff0 (preset 0x0001),door 0x1d23f0 (preset 0x0005),38.938,no,"another wall pokes into the space between them, so a tighter pair covers this gap",door 0x1d1ff0 (preset 0x0001)
door 0x1d1ff0 (preset 0x0001),door 0x1d23f0 (preset 0x0005),38.938,yes,,
door 0x1d1ff0 (preset 0x0001),door 0x1d23f0 (preset 0x0005),38.938,yes,,
door 0x1d1ff0 (preset 0x0001),door 0x1d23f0 (preset 0x0005),41.668,no,"another wall pokes into the space between them, so a tighter pair covers this gap",door 0x1d23f0 (preset 0x0005)
door 0x1d20f0 (preset 0x0002),door 0x1d20f0 (preset 0x0002),14.834,no,the line between them touches another wall,door 0x1d20f0 (preset 0x0002)
door 0x1d20f0 (preset 0x0002),door 0x1d20f0 (preset 0x0002),48.671,no,the line between them touches another wall,door 0x1d20f0 (preset 0x0002)
door 0x1d20f0 (preset 0x0002),door 0x1d20f0 (preset 0x0002),46.355,no,the line between them touches another wall,door 0x1d20f0 (preset 0x0002)
door 0x1d20f0 (preset 0x0002),door 0x1d22f0 (preset 0x0004),48.952,no,"another wall pokes into the space between them, so a tighter pair covers this gap",door 0x1d20f0 (preset 0x0002)
door 0x1d20f0 (preset 0x0002),door 0x1d22f0 (preset 0x0004),48.952,no,"another wall pokes into the space between them, so a tighter pair covers this gap",door 0x1d20f0 (preset 0x0002)
door 0x1d20f0 (preset 0x0002),door 0x1d22f0 (preset 0x0004),41.668,no,"another wall pokes into the space between them, so a tighter pair covers this gap",door 0x1d20f0 (preset 0x0002)
door 0x1d20f0 (preset 0x0002),door 0x1d22f0 (preset 0x0004),41.668,no,"another wall pokes into the space between them, so a tighter pair covers this gap",door 0x1d20f0 (preset 0x0002)
door 0x1d20f0 (preset 0x0002),door 0x1d23f0 (preset 0x0005),46.355,no,the line between them touches another wall,door 0x1d23f0 (preset 0x0005)
door 0x1d20f0 (preset 0x0002),door 0x1d23f0 (preset 0x0005),46.355,no,the line between them touches another wall,door 0x1d23f0 (preset 0x0005)
door 0x1d20f0 (preset 0x0002),door 0x1d23f0 (preset 0x0005),14.834,no,the line between them touches another wall,door 0x1d23f0 (preset 0x0005)
door 0x1d20f0 (preset 0x0002),door 0x1d23f0 (preset 0x0005),14.834,no,the line between them touches another wall,door 0x1d20f0 (preset 0x0002)
door 0x1d20f0 (preset 0x0002),door 0x1d23f0 (preset 0x0005),0.000,no,the line between them touches another wall,door 0x1d20f0 (preset 0x0002)
door 0x1d20f0 (preset 0x0002),door 0x1d20f0 (preset 0x0002),46.355,no,the line between them touches another wall,door 0x1d20f0 (preset 0x0002)
door 0x1d20f0 (preset 0x0002),door 0x1d20f0 (preset 0x0002),46.355,no,the line between them touches another wall,door 0x1d20f0 (preset 0x0002)
door 0x1d20f0 (preset 0x0002),door 0x1d20f0 (preset 0x0002),0.000,no,the line between them touches another wall,door 0x1d20f0 (preset 0x0002)
door 0x1d20f0 (preset 0x0002),door 0x1d22f0 (preset 0x0004),41.668,no,"another wall pokes into the space between them, so a tighter pair covers this gap",door 0x1d22f0 (preset 0x0004)
door 0x1d20f0 (preset 0x0002),door 0x1d22f0 (preset 0x0004),41.668,no,"another wall pokes into the space between them, so a tighter pair covers this gap",door 0x1d22f0 (preset 0x0004)
door 0x1d20f0 (preset 0x0002),door 0x1d22f0 (preset 0x0004),38.938,yes,,
door 0x1d20f0 (preset 0x0002),door 0x1d22f0 (preset 0x0004),38.938,no,"another wall pokes into the space between them, so a tighter pair covers this gap",door 0x1d22f0 (preset 0x0004)
door 0x1d20f0 (preset 0x0002),door 0x1d23f0 (preset 0x0005),46.355,no,the line between them touches another wall,door 0x1d23f0 (preset 0x0005)
door 0x1d20f0 (preset 0x0002),door 0x1d23f0 (preset 0x0005),46.355,no,the line between them touches another wall,door 0x1d23f0 (preset 0x0005)
door 0x1d20f0 (preset 0x0002),door 0x1d23f0 (preset 0x0005),0.000,no,the line between them touches another wall,door 0x1d20f0 (preset 0x0002)
door 0x1d20f0 (preset 0x0002),door 0x1d23f0 (preset 0x0005),0.000,no,the line between them touches another wall,door 0x1d20f0 (preset 0x0002)
door 0x1d20f0 (preset 0x0002),door 0x1d23f0 (preset 0x0005),0.000,no,the line between them touches another wall,door 0x1d20f0 (preset 0x0002)
door 0x1d20f0 (preset 0x0002),door 0x1d20f0 (preset 0x0002),0.000,no,the line between them touches another wall,door 0x1d20f0 (preset 0x0002)
door 0x1d20f0 (preset 0x0002),door 0x1d20f0 (preset 0x0002),14.834,no,the line between them touches another wall,door 0x1d20f0 (preset 0x0002)
door 0x1d20f0 (preset 0x0002),door 0x1d22f0 (preset 0x0004),41.668,no,"another wall pokes into the space between them, so a tighter pair covers this gap",door 0x1d22f0 (preset 0x0004)
door 0x1d20f0 (preset 0x0002),door 0x1d22f0 (preset 0x0004),41.668,no,"another wall pokes into the space between them, so a tighter pair covers this gap",door 0x1d22f0 (preset 0x0004)
door 0x1d20f0 (preset 0x0002),door 0x1d22f0 (preset 0x0004),38.938,yes,,
door 0x1d20f0 (preset 0x0002),door 0x1d22f0 (preset 0x0004),38.938,no,"another wall pokes into the space between them, so a tighter pair covers this gap",door 0x1d20f0 (preset 0x0002)
door 0x1d20f0 (preset 0x0002),door 0x1d23f0 (preset 0x0005),48.671,no,the line between them touches another wall,door 0x1d23f0 (preset 0x0005)
door 0x1d20f0 (preset 0x0002),door 0x1d23f0 (preset 0x0005),46.355,no,the line between them touches another wall,door 0x1d23f0 (preset 0x0005)
door 0x1d20f0 (preset 0x0002),door 0x1d23f0 (preset 0x0005),0.000,no,the line between them touches another wall,door 0x1d23f0 (preset 0x0005)
door 0x1d20f0 (preset 0x0002),door 0x1d23f0 (preset 0x0005),14.834,no,the line between them touches another wall,door 0x1d20f0 (preset 0x0002)
door 0x1d20f0 (preset 0x0002),door 0x1d20f0 (preset 0x0002),14.834,no,the line between them touches another wall,door 0x1d20f0 (preset 0x0002)
door 0x1d20f0 (preset 0x0002),door 0x1d23f0 (preset 0x0005),46.355,no,the line between them touches another wall,door 0x1d20f0 (preset 0x0002)
door 0x1d20f0 (preset 0x0002),door 0x1d23f0 (preset 0x0005),46.355,no,the line between them touches another wall,door 0x1d20f0 (preset 0x0002)
door 0x1d20f0 (preset 0x0002),door 0x1d23f0 (preset 0x0005),46.355,no,the line between them touches another wall,door 0x1d20f0 (preset 0x0002)
door 0x1d20f0 (preset 0x0002),door 0x1d23f0 (preset 0x0005),48.671,no,the line between them touches another wall,door 0x1d20f0 (preset 0x0002)
door 0x1d20f0 (preset 0x0002),door 0x1d23f0 (preset 0x0005),46.355,no,the line between them touches another wall,door 0x1d20f0 (preset 0x0002)
door 0x1d20f0 (preset 0x0002),door 0x1d23f0 (preset 0x0005),46.355,no,the line between them touches another wall,door 0x1d20f0 (preset 0x0002)
door 0x1d20f0 (preset 0x0002),door 0x1d23f0 (preset 0x0005),46.355,no,the line between them touches another wall,door 0x1d20f0 (preset 0x0002)
door 0x1d20f0 (preset 0x0002),door 0x1d23f0 (preset 0x0005),46.355,no,the line between them touches another wall,door 0x1d20f0 (preset 0x0002)
door 0x1d20f0 (preset 0x0002),door 0x1d22f0 (preset 0x0004),48.953,no,"another wall pokes into the space between them, so a tighter pair covers this gap",door 0x1d20f0 (preset 0x0002)
door 0x1d20f0 (preset 0x0002),door 0x1d22f0 (preset 0x0004),48.952,no,"another wall pokes into the space between them, so a tighter pair covers this gap",door 0x1d20f0 (preset 0x0002)
door 0x1d20f0 (preset 0x0002),door 0x1d22f0 (preset 0x0004),41.668,no,"another wall pokes into the space between them, so a tighter pair covers this gap",door 0x1d20f0 (preset 0x0002)
door 0x1d20f0 (preset 0x0002),door 0x1d22f0 (preset 0x0004),41.668,no,"another wall pokes into the space between them, so a tighter pair covers this gap",door 0x1d20f0 (preset 0x0002)
door 0x1d20f0 (preset 0x0002),door 0x1d23f0 (preset 0x0005),46.355,no,the line between them touches another wall,door 0x1d23f0 (preset 0x0005)
door 0x1d20f0 (preset 0x0002),door 0x1d23f0 (preset 0x0005),46.355,no,the line between them touches another wall,door 0x1d23f0 (preset 0x0005)
door 0x1d20f0 (preset 0x0002),door 0x1d23f0 (preset 0x0005),14.834,no,the line between them touches another wall,door 0x1d20f0 (preset 0x0002)
door 0x1d20f0 (preset 0x0002),door 0x1d23f0 (preset 0x0005),14.834,no,the line between them touches another wall,door 0x1d20f0 (preset 0x0002)
door 0x1d21f0 (preset 0x0003),door 0x1d21f0 (preset 0x0003),14.834,no,the line between them touches another wall,door 0x1d21f0 (preset 0x0003)
door 0x1d21f0 (preset 0x0003),door 0x1d21f0 (preset 0x0003),48.671,no,the line between them touches another wall,door 0x1d21f0 (preset 0x0003)
door 0x1d21f0 (preset 0x0003),door 0x1d21f0 (preset 0x0003),46.355,no,the line between them touches another wall,door 0x1d21f0 (preset 0x0003)
door 0x1d21f0 (preset 0x0003),door 0x1d22f0 (preset 0x0004),41.668,no,"another wall pokes into the space between them, so a tighter pair covers this gap",wall of tile 014F01 (room 0x01)
door 0x1d21f0 (preset 0x0003),door 0x1d22f0 (preset 0x0004),38.938,no,the line between them touches another wall,door 0x1d21f0 (preset 0x0003)
door 0x1d21f0 (preset 0x0003),door 0x1d22f0 (preset 0x0004),38.938,no,the line between them touches another wall,door 0x1d21f0 (preset 0x0003)
door 0x1d21f0 (preset 0x0003),door 0x1d22f0 (preset 0x0004),41.668,no,"another wall pokes into the space between them, so a tighter pair covers this gap",wall of tile 014F01 (room 0x01)
door 0x1d21f0 (preset 0x0003),door 0x1d21f0 (preset 0x0003),46.355,no,the line between them touches another wall,door 0x1d21f0 (preset 0x0003)
door 0x1d21f0 (preset 0x0003),door 0x1d21f0 (preset 0x0003),46.355,no,the line between them touches another wall,door 0x1d21f0 (preset 0x0003)
door 0x1d21f0 (preset 0x0003),door 0x1d21f0 (preset 0x0003),0.000,no,the line between them touches another wall,door 0x1d21f0 (preset 0x0003)
door 0x1d21f0 (preset 0x0003),door 0x1d22f0 (preset 0x0004),41.668,no,the line between them touches another wall,door 0x1d21f0 (preset 0x0003)
door 0x1d21f0 (preset 0x0003),door 0x1d22f0 (preset 0x0004),38.938,no,the line between them touches another wall,door 0x1d21f0 (preset 0x0003)
door 0x1d21f0 (preset 0x0003),door 0x1d22f0 (preset 0x0004),38.938,no,the line between them touches another wall,door 0x1d21f0 (preset 0x0003)
door 0x1d21f0 (preset 0x0003),door 0x1d22f0 (preset 0x0004),41.668,no,the line between them touches another wall,door 0x1d21f0 (preset 0x0003)
door 0x1d21f0 (preset 0x0003),door 0x1d21f0 (preset 0x0003),0.000,no,the line between them touches another wall,door 0x1d21f0 (preset 0x0003)
door 0x1d21f0 (preset 0x0003),door 0x1d21f0 (preset 0x0003),14.834,no,the line between them touches another wall,door 0x1d21f0 (preset 0x0003)
door 0x1d21f0 (preset 0x0003),door 0x1d22f0 (preset 0x0004),29.667,no,the line between them touches another wall,door 0x1d21f0 (preset 0x0003)
door 0x1d21f0 (preset 0x0003),door 0x1d22f0 (preset 0x0004),14.834,no,the line between them touches another wall,door 0x1d21f0 (preset 0x0003)
door 0x1d21f0 (preset 0x0003),door 0x1d22f0 (preset 0x0004),14.834,no,the line between them touches another wall,door 0x1d21f0 (preset 0x0003)
door 0x1d21f0 (preset 0x0003),door 0x1d22f0 (preset 0x0004),39.941,no,"another wall pokes into the space between them, so a tighter pair covers this gap",door 0x1d21f0 (preset 0x0003)
door 0x1d21f0 (preset 0x0003),door 0x1d22f0 (preset 0x0004),39.941,no,the line between them touches another wall,door 0x1d22f0 (preset 0x0004)
door 0x1d21f0 (preset 0x0003),door 0x1d22f0 (preset 0x0004),29.667,no,the line between them touches another wall,door 0x1d21f0 (preset 0x0003)
door 0x1d21f0 (preset 0x0003),door 0x1d23f0 (preset 0x0005),53.484,no,"another wall pokes into the space between them, so a tighter pair covers this gap",door 0x1d21f0 (preset 0x0003)
door 0x1d21f0 (preset 0x0003),door 0x1d23f0 (preset 0x0005),41.956,no,"another wall pokes into the space between them, so a tighter pair covers this gap",door 0x1d21f0 (preset 0x0003)
door 0x1d21f0 (preset 0x0003),door 0x1d23f0 (preset 0x0005),41.956,no,"another wall pokes into the space between them, so a tighter pair covers this gap",door 0x1d21f0 (preset 0x0003)
door 0x1d21f0 (preset 0x0003),door 0x1d23f0 (preset 0x0005),53.484,no,"another wall pokes into the space between them, so a tighter pair covers this gap",door 0x1d21f0 (preset 0x0003)
door 0x1d21f0 (preset 0x0003),door 0x1d21f0 (preset 0x0003),14.834,no,the line between them touches another wall,door 0x1d21f0 (preset 0x0003)
door 0x1d21f0 (preset 0x0003),door 0x1d22f0 (preset 0x0004),30.580,no,the line between them touches another wall,door 0x1d21f0 (preset 0x0003)
door 0x1d21f0 (preset 0x0003),door 0x1d22f0 (preset 0x0004),16.584,no,the line between them touches another wall,door 0x1d21f0 (preset 0x0003)
door 0x1d21f0 (preset 0x0003),door 0x1d22f0 (preset 0x0004),14.834,no,the line between them touches another wall,door 0x1d21f0 (preset 0x0003)
door 0x1d21f0 (preset 0x0003),door 0x1d22f0 (preset 0x0004),39.941,no,"another wall pokes into the space between them, so a tighter pair covers this gap",door 0x1d21f0 (preset 0x0003)
door 0x1d21f0 (preset 0x0003),door 0x1d22f0 (preset 0x0004),39.941,no,the line between them touches another wall,door 0x1d22f0 (preset 0x0004)
door 0x1d21f0 (preset 0x0003),door 0x1d22f0 (preset 0x0004),29.667,no,the line between them touches another wall,door 0x1d21f0 (preset 0x0003)
door 0x1d21f0 (preset 0x0003),door 0x1d23f0 (preset 0x0005),53.483,no,"another wall pokes into the space between them, so a tighter pair covers this gap",door 0x1d21f0 (preset 0x0003)
door 0x1d21f0 (preset 0x0003),door 0x1d23f0 (preset 0x0005),41.956,no,"another wall pokes into the space between them, so a tighter pair covers this gap",door 0x1d21f0 (preset 0x0003)
door 0x1d21f0 (preset 0x0003),door 0x1d23f0 (preset 0x0005),41.956,no,"another wall pokes into the space between them, so a tighter pair covers this gap",door 0x1d21f0 (preset 0x0003)
door 0x1d21f0 (preset 0x0003),door 0x1d23f0 (preset 0x0005),53.484,no,"another wall pokes into the space between them, so a tighter pair covers this gap",door 0x1d21f0 (preset 0x0003)
door 0x1d21f0 (preset 0x0003),door 0x1d22f0 (preset 0x0004),16.584,no,the line between them touches another wall,door 0x1d22f0 (preset 0x0004)
door 0x1d21f0 (preset 0x0003),door 0x1d22f0 (preset 0x0004),7.417,no,the line between them touches another wall,door 0x1d21f0 (preset 0x0003)
door 0x1d21f0 (preset 0x0003),door 0x1d22f0 (preset 0x0004),37.084,no,the line between them touches another wall,door 0x1d22f0 (preset 0x0004)
door 0x1d21f0 (preset 0x0003),door 0x1d22f0 (preset 0x0004),37.084,no,the line between them touches another wall,door 0x1d22f0 (preset 0x0004)
door 0x1d21f0 (preset 0x0003),door 0x1d22f0 (preset 0x0004),14.834,no,the line between them touches another wall,door 0x1d22f0 (preset 0x0004)
door 0x1d21f0 (preset 0x0003),door 0x1d23f0 (preset 0x0005),41.956,no,"another wall pokes into the space between them, so a tighter pair covers this gap",door 0x1d23f0 (preset 0x0005)
door 0x1d21f0 (preset 0x0003),door 0x1d23f0 (preset 0x0005),33.169,yes,,
door 0x1d21f0 (preset 0x0003),door 0x1d23f0 (preset 0x0005),33.169,yes,,
door 0x1d21f0 (preset 0x0003),door 0x1d23f0 (preset 0x0005),41.956,no,"another wall pokes into the space between them, so a tighter pair covers this gap",door 0x1d23f0 (preset 0x0005)
door 0x1d21f0 (preset 0x0003),door 0x1d22f0 (preset 0x0004),14.834,no,the line between them touches another wall,door 0x1d22f0 (preset 0x0004)
door 0x1d21f0 (preset 0x0003),door 0x1d22f0 (preset 0x0004),0.000,no,the line between them touches another wall,door 0x1d21f0 (preset 0x0003)
door 0x1d21f0 (preset 0x0003),door 0x1d22f0 (preset 0x0004),37.084,no,the line between them touches another wall,door 0x1d22f0 (preset 0x0004)
door 0x1d21f0 (preset 0x0003),door 0x1d22f0 (preset 0x0004),37.084,no,the line between them touches another wall,door 0x1d22f0 (preset 0x0004)
door 0x1d21f0 (preset 0x0003),door 0x1d22f0 (preset 0x0004),14.834,no,the line between them touches another wall,door 0x1d22f0 (preset 0x0004)
door 0x1d21f0 (preset 0x0003),door 0x1d23f0 (preset 0x0005),41.956,no,"another wall pokes into the space between them, so a tighter pair covers this gap",door 0x1d23f0 (preset 0x0005)
door 0x1d21f0 (preset 0x0003),door 0x1d23f0 (preset 0x0005),33.169,yes,,
door 0x1d21f0 (preset 0x0003),door 0x1d23f0 (preset 0x0005),33.169,yes,,
door 0x1d21f0 (preset 0x0003),door 0x1d23f0 (preset 0x0005),41.956,no,"another wall pokes into the space between them, so a tighter pair covers this gap",door 0x1d23f0 (preset 0x0005)
door 0x1d22f0 (preset 0x0004),door 0x1d22f0 (preset 0x0004),14.834,no,the line between them touches another wall,door 0x1d22f0 (preset 0x0004)
door 0x1d22f0 (preset 0x0004),door 0x1d22f0 (preset 0x0004),46.908,no,the line between them touches another wall,door 0x1d22f0 (preset 0x0004)
door 0x1d22f0 (preset 0x0004),door 0x1d22f0 (preset 0x0004),44.501,no,the line between them touches another wall,door 0x1d22f0 (preset 0x0004)
door 0x1d22f0 (preset 0x0004),door 0x1d23f0 (preset 0x0005),39.941,no,"another wall pokes into the space between them, so a tighter pair covers this gap",door 0x1d22f0 (preset 0x0004)
door 0x1d22f0 (preset 0x0004),door 0x1d23f0 (preset 0x0005),37.084,no,the line between them touches another wall,door 0x1d22f0 (preset 0x0004)
door 0x1d22f0 (preset 0x0004),door 0x1d23f0 (preset 0x0005),37.084,no,the line between them touches another wall,door 0x1d22f0 (preset 0x0004)
door 0x1d22f0 (preset 0x0004),door 0x1d23f0 (preset 0x0005),39.941,no,"another wall pokes into the space between them, so a tighter pair covers this gap",door 0x1d22f0 (preset 0x0004)
door 0x1d22f0 (preset 0x0004),door 0x1d22f0 (preset 0x0004),44.501,no,the line between them touches another wall,door 0x1d22f0 (preset 0x0004)
door 0x1d22f0 (preset 0x0004),door 0x1d22f0 (preset 0x0004),44.501,no,the line between them touches another wall,door 0x1d22f0 (preset 0x0004)
door 0x1d22f0 (preset 0x0004),door 0x1d22f0 (preset 0x0004),0.000,no,the line between them touches another wall,door 0x1d22f0 (preset 0x0004)
door 0x1d22f0 (preset 0x0004),door 0x1d23f0 (preset 0x0005),39.941,no,the line between them touches another wall,door 0x1d22f0 (preset 0x0004)
door 0x1d22f0 (preset 0x0004),door 0x1d23f0 (preset 0x0005),37.084,no,the line between them touches another wall,door 0x1d22f0 (preset 0x0004)
door 0x1d22f0 (preset 0x0004),door 0x1d23f0 (preset 0x0005),37.084,no,the line between them touches another wall,door 0x1d22f0 (preset 0x0004)
door 0x1d22f0 (preset 0x0004),door 0x1d23f0 (preset 0x0005),39.941,no,the line between them touches another wall,door 0x1d22f0 (preset 0x0004)
door 0x1d22f0 (preset 0x0004),door 0x1d22f0 (preset 0x0004),0.000,no,the line between them touches another wall,door 0x1d22f0 (preset 0x0004)
door 0x1d22f0 (preset 0x0004),door 0x1d22f0 (preset 0x0004),14.834,no,the line between them touches another wall,door 0x1d22f0 (preset 0x0004)
door 0x1d22f0 (preset 0x0004),door 0x1d23f0 (preset 0x0005),29.667,no,the line between them touches another wall,door 0x1d22f0 (preset 0x0004)
door 0x1d22f0 (preset 0x0004),door 0x1d23f0 (preset 0x0005),14.834,no,the line between them touches another wall,door 0x1d22f0 (preset 0x0004)
door 0x1d22f0 (preset 0x0004),door 0x1d23f0 (preset 0x0005),14.834,no,the line between them touches another wall,door 0x1d22f0 (preset 0x0004)
door 0x1d22f0 (preset 0x0004),door 0x1d23f0 (preset 0x0005),41.668,no,"another wall pokes into the space between them, so a tighter pair covers this gap",door 0x1d22f0 (preset 0x0004)
door 0x1d22f0 (preset 0x0004),door 0x1d23f0 (preset 0x0005),41.668,no,the line between them touches another wall,door 0x1d23f0 (preset 0x0005)
door 0x1d22f0 (preset 0x0004),door 0x1d23f0 (preset 0x0005),29.667,no,the line between them touches another wall,door 0x1d22f0 (preset 0x0004)
door 0x1d22f0 (preset 0x0004),door 0x1d22f0 (preset 0x0004),14.834,no,the line between them touches another wall,door 0x1d22f0 (preset 0x0004)
door 0x1d22f0 (preset 0x0004),door 0x1d23f0 (preset 0x0005),30.580,no,the line between them touches another wall,door 0x1d22f0 (preset 0x0004)
door 0x1d22f0 (preset 0x0004),door 0x1d23f0 (preset 0x0005),16.584,no,the line between them touches another wall,door 0x1d22f0 (preset 0x0004)
door 0x1d22f0 (preset 0x0004),door 0x1d23f0 (preset 0x0005),14.834,no,"another wall pokes into the space between them, so a tighter pair covers this gap",door 0x1d22f0 (preset 0x0004)
door 0x1d22f0 (preset 0x0004),door 0x1d23f0 (preset 0x0005),41.668,no,"another wall pokes into the space between them, so a tighter pair covers this gap",door 0x1d22f0 (preset 0x0004)
door 0x1d22f0 (preset 0x0004),door 0x1d23f0 (preset 0x0005),41.668,no,the line between them touches another wall,door 0x1d23f0 (preset 0x0005)
door 0x1d22f0 (preset 0x0004),door 0x1d23f0 (preset 0x0005),29.667,no,the line between them touches another wall,door 0x1d23f0 (preset 0x0005)
door 0x1d22f0 (preset 0x0004),door 0x1d23f0 (preset 0x0005),16.584,no,the line between them touches another wall,door 0x1d23f0 (preset 0x0005)
door 0x1d22f0 (preset 0x0004),door 0x1d23f0 (preset 0x0005),7.417,no,the line between them touches another wall,door 0x1d22f0 (preset 0x0004)
door 0x1d22f0 (preset 0x0004),door 0x1d23f0 (preset 0x0005),38.938,no,"another wall pokes into the space between them, so a tighter pair covers this gap",door 0x1d23f0 (preset 0x0005)
door 0x1d22f0 (preset 0x0004),door 0x1d23f0 (preset 0x0005),38.938,no,the line between them touches another wall,door 0x1d23f0 (preset 0x0005)
door 0x1d22f0 (preset 0x0004),door 0x1d23f0 (preset 0x0005),14.834,no,the line between them touches another wall,door 0x1d23f0 (preset 0x0005)
door 0x1d22f0 (preset 0x0004),door 0x1d23f0 (preset 0x0005),14.834,no,the line between them touches another wall,door 0x1d23f0 (preset 0x0005)
door 0x1d22f0 (preset 0x0004),door 0x1d23f0 (preset 0x0005),0.000,no,the line between them touches another wall,door 0x1d22f0 (preset 0x0004)
door 0x1d22f0 (preset 0x0004),door 0x1d23f0 (preset 0x0005),38.938,no,the line between them touches another wall,door 0x1d23f0 (preset 0x0005)
door 0x1d22f0 (preset 0x0004),door 0x1d23f0 (preset 0x0005),38.938,no,the line between them touches another wall,door 0x1d23f0 (preset 0x0005)
door 0x1d22f0 (preset 0x0004),door 0x1d23f0 (preset 0x0005),14.834,no,the line between them touches another wall,door 0x1d23f0 (preset 0x0005)
door 0x1d23f0 (preset 0x0005),door 0x1d23f0 (preset 0x0005),14.834,no,the line between them touches another wall,door 0x1d23f0 (preset 0x0005)
door 0x1d23f0 (preset 0x0005),door 0x1d23f0 (preset 0x0005),48.671,no,the line between them touches another wall,door 0x1d23f0 (preset 0x0005)
door 0x1d23f0 (preset 0x0005),door 0x1d23f0 (preset 0x0005),46.355,no,the line between them touches another wall,door 0x1d23f0 (preset 0x0005)
door 0x1d23f0 (preset 0x0005),door 0x1d23f0 (preset 0x0005),46.355,no,the line between them touches another wall,door 0x1d23f0 (preset 0x0005)
door 0x1d23f0 (preset 0x0005),door 0x1d23f0 (preset 0x0005),46.355,no,the line between them touches another wall,door 0x1d23f0 (preset 0x0005)
door 0x1d23f0 (preset 0x0005),door 0x1d23f0 (preset 0x0005),0.000,no,the line between them touches another wall,door 0x1d23f0 (preset 0x0005)
door 0x1d23f0 (preset 0x0005),door 0x1d23f0 (preset 0x0005),0.000,no,the line between them touches another wall,door 0x1d23f0 (preset 0x0005)
door 0x1d23f0 (preset 0x0005),door 0x1d23f0 (preset 0x0005),14.834,no,the line between them touches another wall,door 0x1d23f0 (preset 0x0005)
door 0x1d23f0 (preset 0x0005),door 0x1d23f0 (preset 0x0005),14.834,no,the line between them touches another wall,door 0x1d23f0 (preset 0x0005)
door 0x1d24f0 (preset 0x0006),door 0x1d24f0 (preset 0x0006),14.833,no,the line between them touches another wall,door 0x1d24f0 (preset 0x0006)
