between,and,width,kept,reason,because_of
wall of tile 003678 (room 0x56),wall of tile 002328 (room 0x24),50.787,no,"the line between them leaves the walkable area (a wall's thickness, or another floor)",
wall of tile 003678 (room 0x56),wall of tile 002628 (room 0x24),8.465,no,"the line between them leaves the walkable area (a wall's thickness, or another floor)",
wall of tile 003678 (room 0x56),wall of tile 002628 (room 0x24),50.787,no,"the line between them leaves the walkable area (a wall's thickness, or another floor)",
wall of tile 003478 (room 0x56),wall of tile 001528 (room 0x24),57.136,no,the far wall faces the other way (it belongs to floor which isn't linked here),
wall of tile 003478 (room 0x56),wall of tile 000B28 (room 0x24),57.136,no,the far wall faces the other way (it belongs to floor which isn't linked here),
wall of tile 003478 (room 0x56),wall of tile 000B28 (room 0x24),57.136,no,the far wall faces the other way (it belongs to floor which isn't linked here),
wall of tile 003878 (room 0x56),wall of tile 001528 (room 0x24),57.136,no,the far wall faces the other way (it belongs to floor which isn't linked here),
wall of tile 003878 (room 0x56),wall of tile 002628 (room 0x24),57.759,no,"the line between them leaves the walkable area (a wall's thickness, or another floor)",
wall of tile 003378 (room 0x56),wall of tile 001470 (room 0x50),40.207,no,"the line between them leaves the walkable area (a wall's thickness, or another floor)",
wall of tile 003378 (room 0x56),wall of tile 000928 (room 0x24),33.858,no,the line between them touches another wall,wall of tile 003778 (room 0x56)
wall of tile 003978 (room 0x56),wall of tile 001172 (room 0x50),21.161,no,the line between them touches another wall,wall of tile 001272 (room 0x50)
wall of tile 003978 (room 0x56),wall of tile 001470 (room 0x50),40.207,no,"the line between them leaves the walkable area (a wall's thickness, or another floor)",
wall of tile 003978 (room 0x56),door 0x1cae6c (preset 0x004c),52.903,no,"another wall pokes into the space between them, so a tighter pair covers this gap",wall of tile 001272 (room 0x50)
wall of tile 003978 (room 0x56),door 0x1cae6c (preset 0x004c),50.787,no,"another wall pokes into the space between them, so a tighter pair covers this gap",door 0x1cae6c (preset 0x004c)
wall of tile 003978 (room 0x56),door 0x1cae6c (preset 0x004c),50.787,no,"another wall pokes into the space between them, so a tighter pair covers this gap",door 0x1cae6c (preset 0x004c)
wall of tile 003978 (room 0x56),door 0x1cae6c (preset 0x004c),50.787,yes,,
wall of tile 003978 (room 0x56),door 0x1caf6c (preset 0x004d),14.813,no,the line between them touches another wall,wall of tile 001272 (room 0x50)
wall of tile 003978 (room 0x56),door 0x1caf6c (preset 0x004d),52.903,no,the line between them touches another wall,door 0x1caf6c (preset 0x004d)
wall of tile 003978 (room 0x56),door 0x1caf6c (preset 0x004d),50.787,no,the line between them touches another wall,door 0x1caf6c (preset 0x004d)
wall of tile 003978 (room 0x56),door 0x1caf6c (preset 0x004d),0.000,no,the line between them touches another wall,door 0x1caf6c (preset 0x004d)
wall of tile 003978 (room 0x56),door 0x1caf6c (preset 0x004d),0.000,no,the line between them touches another wall,door 0x1caf6c (preset 0x004d)
wall of tile 001271 (room 0x50),wall of tile 001470 (room 0x50),26.934,no,the line between them touches another wall,wall of tile 001171 (room 0x50)
wall of tile 001271 (room 0x50),door 0x1cae6c (preset 0x004c),0.000,yes,,
wall of tile 001271 (room 0x50),door 0x1cae6c (preset 0x004c),0.000,yes,,
wall of tile 001271 (room 0x50),door 0x1cae6c (preset 0x004c),0.000,yes,,
wall of tile 001271 (room 0x50),door 0x1cae6c (preset 0x004c),0.000,no,"another wall pokes into the space between them, so a tighter pair covers this gap",door 0x1cae6c (preset 0x004c)
wall of tile 001271 (room 0x50),door 0x1cae6c (preset 0x004c),52.903,no,the line between them touches another wall,door 0x1cae6c (preset 0x004c)
wall of tile 001271 (room 0x50),door 0x1cae6c (preset 0x004c),52.903,no,the line between them touches another wall,door 0x1cae6c (preset 0x004c)
wall of tile 001271 (room 0x50),door 0x1caf6c (preset 0x004d),52.903,yes,,
wall of tile 001271 (room 0x50),door 0x1caf6c (preset 0x004d),52.903,yes,,
wall of tile 001271 (room 0x50),door 0x1caf6c (preset 0x004d),52.903,yes,,
wall of tile 001271 (room 0x50),door 0x1caf6c (preset 0x004d),52.903,no,"another wall pokes into the space between them, so a tighter pair covers this gap",door 0x1caf6c (preset 0x004d)
wall of tile 003578 (room 0x56),wall of tile 001171 (room 0x50),21.161,no,the line between them touches another wall,wall of tile 001271 (room 0x50)
wall of tile 003578 (room 0x56),wall of tile 001470 (room 0x50),40.207,no,"the line between them leaves the walkable area (a wall's thickness, or another floor)",
wall of tile 003578 (room 0x56),door 0x1cae6c (preset 0x004c),14.813,no,"another wall pokes into the space between them, so a tighter pair covers this gap",wall of tile 001271 (room 0x50)
wall of tile 003578 (room 0x56),door 0x1cae6c (preset 0x004c),14.813,no,"another wall pokes into the space between them, so a tighter pair covers this gap",wall of tile 001271 (room 0x50)
wall of tile 003578 (room 0x56),door 0x1cae6c (preset 0x004c),0.000,yes,,
wall of tile 003578 (room 0x56),door 0x1cae6c (preset 0x004c),0.000,no,"another wall pokes into the space between them, so a tighter pair covers this gap",door 0x1cae6c (preset 0x004c)
wall of tile 003578 (room 0x56),door 0x1cae6c (preset 0x004c),52.903,no,the line between them touches another wall,door 0x1cae6c (preset 0x004c)
wall of tile 003578 (room 0x56),door 0x1cae6c (preset 0x004c),52.903,no,the line between them touches another wall,door 0x1cae6c (preset 0x004c)
wall of tile 003578 (room 0x56),door 0x1caf6c (preset 0x004d),54.938,no,"another wall pokes into the space between them, so a tighter pair covers this gap",wall of tile 001271 (room 0x50)
wall of tile 003578 (room 0x56),door 0x1caf6c (preset 0x004d),54.938,no,"another wall pokes into the space between them, so a tighter pair covers this gap",wall of tile 001271 (room 0x50)
wall of tile 003578 (room 0x56),door 0x1caf6c (preset 0x004d),52.903,yes,,
wall of tile 003578 (room 0x56),door 0x1caf6c (preset 0x004d),52.903,no,"another wall pokes into the space between them, so a tighter pair covers this gap",door 0x1caf6c (preset 0x004d)
wall of tile 000878 (room 0x56),wall of tile 001470 (room 0x50),40.207,no,"the line between them leaves the walkable area (a wall's thickness, or another floor)",
wall of tile 001272 (room 0x50),wall of tile 001470 (room 0x50),28.470,no,the line between them touches another wall,wall of tile 001172 (room 0x50)
wall of tile 001272 (room 0x50),door 0x1cae6c (preset 0x004c),50.787,yes,,
wall of tile 001272 (room 0x50),door 0x1cae6c (preset 0x004c),50.787,no,"another wall pokes into the space between them, so a tighter pair covers this gap",door 0x1cae6c (preset 0x004c)
wall of tile 001272 (room 0x50),door 0x1cae6c (preset 0x004c),50.787,no,"another wall pokes into the space between them, so a tighter pair covers this gap",door 0x1cae6c (preset 0x004c)
wall of tile 001272 (room 0x50),door 0x1cae6c (preset 0x004c),50.787,yes,,
wall of tile 001272 (room 0x50),door 0x1caf6c (preset 0x004d),50.787,no,the line between them touches another wall,door 0x1caf6c (preset 0x004d)
wall of tile 001272 (room 0x50),door 0x1caf6c (preset 0x004d),50.787,no,the line between them touches another wall,door 0x1caf6c (preset 0x004d)
wall of tile 001272 (room 0x50),door 0x1caf6c (preset 0x004d),0.000,no,the line between them touches another wall,door 0x1caf6c (preset 0x004d)
wall of tile 001272 (room 0x50),door 0x1caf6c (preset 0x004d),0.000,no,the line between them touches another wall,door 0x1caf6c (preset 0x004d)
wall of tile 001171 (room 0x50),door 0x1cae6c (preset 0x004c),6.348,no,"another wall pokes into the space between them, so a tighter pair covers this gap",wall of tile 001271 (room 0x50)
wall of tile 001171 (room 0x50),door 0x1cae6c (preset 0x004c),6.348,no,"another wall pokes into the space between them, so a tighter pair covers this gap",wall of tile 001271 (room 0x50)
wall of tile 001171 (room 0x50),door 0x1cae6c (preset 0x004c),6.348,no,"another wall pokes into the space between them, so a tighter pair covers this gap",wall of tile 001271 (room 0x50)
wall of tile 001171 (room 0x50),door 0x1cae6c (preset 0x004c),21.161,no,"another wall pokes into the space between them, so a tighter pair covers this gap",wall of tile 001271 (room 0x50)
wall of tile 001171 (room 0x50),door 0x1cae6c (preset 0x004c),56.979,no,the line between them touches another wall,door 0x1cae6c (preset 0x004c)
wall of tile 001171 (room 0x50),door 0x1cae6c (preset 0x004c),53.283,no,"another wall pokes into the space between them, so a tighter pair covers this gap",wall of tile 001271 (room 0x50)
wall of tile 001171 (room 0x50),door 0x1caf6c (preset 0x004d),53.283,no,"another wall pokes into the space between them, so a tighter pair covers this gap",wall of tile 001271 (room 0x50)
wall of tile 001171 (room 0x50),door 0x1caf6c (preset 0x004d),53.283,no,"another wall pokes into the space between them, so a tighter pair covers this gap",wall of tile 001271 (room 0x50)
wall of tile 001171 (room 0x50),door 0x1caf6c (preset 0x004d),53.283,no,"another wall pokes into the space between them, so a tighter pair covers this gap",wall of tile 001271 (room 0x50)
wall of tile 001171 (room 0x50),door 0x1caf6c (preset 0x004d),56.979,no,"another wall pokes into the space between them, so a tighter pair covers this gap",wall of tile 001271 (room 0x50)
wall of tile 001172 (room 0x50),wall of tile 000728 (room 0x24),50.787,no,the far wall faces the other way (it belongs to floor which isn't linked here),
wall of tile 001172 (room 0x50),wall of tile 000A28 (room 0x24),55.019,no,the far wall faces the other way (it belongs to floor which isn't linked here),
wall of tile 001172 (room 0x50),door 0x1cae6c (preset 0x004c),51.182,no,"another wall pokes into the space between them, so a tighter pair covers this gap",wall of tile 001272 (room 0x50)
wall of tile 001172 (room 0x50),door 0x1cae6c (preset 0x004c),55.019,no,"another wall pokes into the space between them, so a tighter pair covers this gap",wall of tile 001272 (room 0x50)
wall of tile 001172 (room 0x50),door 0x1cae6c (preset 0x004c),55.019,no,"another wall pokes into the space between them, so a tighter pair covers this gap",wall of tile 001272 (room 0x50)
wall of tile 001172 (room 0x50),door 0x1cae6c (preset 0x004c),51.182,no,"another wall pokes into the space between them, so a tighter pair covers this gap",wall of tile 001272 (room 0x50)
wall of tile 001172 (room 0x50),door 0x1caf6c (preset 0x004d),6.348,no,"another wall pokes into the space between them, so a tighter pair covers this gap",wall of tile 001272 (room 0x50)
wall of tile 001172 (room 0x50),door 0x1caf6c (preset 0x004d),51.182,no,"another wall pokes into the space between them, so a tighter pair covers this gap",wall of tile 001272 (room 0x50)
wall of tile 001172 (room 0x50),door 0x1caf6c (preset 0x004d),51.182,no,the line between them touches another wall,door 0x1caf6c (preset 0x004d)
wall of tile 001172 (room 0x50),door 0x1caf6c (preset 0x004d),21.161,no,the line between them touches another wall,door 0x1caf6c (preset 0x004d)
wall of tile 001172 (room 0x50),door 0x1caf6c (preset 0x004d),21.161,no,the line between them touches another wall,wall of tile 001272 (room 0x50)
wall of tile 001172 (room 0x50),door 0x1caf6c (preset 0x004d),6.348,no,the line between them touches another wall,wall of tile 001272 (room 0x50)
wall of tile 001470 (room 0x50),wall of tile 001A28 (room 0x24),50.787,no,the line between them touches another wall,wall of tile 001570 (room 0x50)
wall of tile 001470 (room 0x50),wall of tile 000728 (room 0x24),50.787,no,the far wall faces the other way (it belongs to floor which isn't linked here),
wall of tile 001470 (room 0x50),wall of tile 000A28 (room 0x24),55.019,no,the far wall faces the other way (it belongs to floor which isn't linked here),
wall of tile 001470 (room 0x50),door 0x1caf6c (preset 0x004d),33.055,no,"the line between them leaves the walkable area (a wall's thickness, or another floor)",
wall of tile 001470 (room 0x50),door 0x1caf6c (preset 0x004d),45.435,no,"the line between them leaves the walkable area (a wall's thickness, or another floor)",
wall of tile 001470 (room 0x50),door 0x1caf6c (preset 0x004d),45.435,no,"the line between them leaves the walkable area (a wall's thickness, or another floor)",
wall of tile 001470 (room 0x50),door 0x1caf6c (preset 0x004d),33.055,no,"the line between them leaves the walkable area (a wall's thickness, or another floor)",
wall of tile 001470 (room 0x50),wall of tile 002728 (room 0x24),50.787,no,the far wall faces the other way (it belongs to floor which isn't linked here),
wall of tile 001470 (room 0x50),wall of tile 002528 (room 0x24),50.787,no,the far wall faces the other way (it belongs to floor which isn't linked here),
wall of tile 001470 (room 0x50),door 0x1cae6c (preset 0x004c),31.742,no,"the line between them leaves the walkable area (a wall's thickness, or another floor)",
wall of tile 001470 (room 0x50),door 0x1cae6c (preset 0x004c),31.742,no,"the line between them leaves the walkable area (a wall's thickness, or another floor)",
wall of tile 001470 (room 0x50),door 0x1cae6c (preset 0x004c),31.742,no,"the line between them leaves the walkable area (a wall's thickness, or another floor)",
wall of tile 001470 (room 0x50),door 0x1cae6c (preset 0x004c),44.489,no,"the line between them leaves the walkable area (a wall's thickness, or another floor)",
wall of tile 001370 (room 0x50),wall of tile 029571 (room 0x55),42.323,no,"the line between them leaves the walkable area (a wall's thickness, or another floor)",
wall of tile 001370 (room 0x50),wall of tile 002728 (room 0x24),50.787,no,the far wall faces the other way (it belongs to floor which isn't linked here),
wall of tile 001370 (room 0x50),wall of tile 002728 (room 0x24),50.787,no,the far wall faces the other way (it belongs to floor which isn't linked here),
wall of tile 001570 (room 0x50),wall of tile 008C71 (room 0x55),42.323,no,"the line between them leaves the walkable area (a wall's thickness, or another floor)",
wall of tile 001670 (room 0x50),wall of tile 029571 (room 0x55),42.323,no,"the line between them leaves the walkable area (a wall's thickness, or another floor)",
wall of tile 001670 (room 0x50),wall of tile 008C71 (room 0x55),42.323,no,"the line between them leaves the walkable area (a wall's thickness, or another floor)",
wall of tile 008A70 (room 0x55),wall of tile 028E72 (room 0x51),29.626,no,the line between them touches another wall,wall of tile 029470 (room 0x55)
wall of tile 008A70 (room 0x55),wall of tile 007970 (room 0x51),29.626,no,the line between them touches another wall,wall of tile 008B70 (room 0x55)
wall of tile 008A70 (room 0x55),wall of tile 007B71 (room 0x51),29.626,no,"the line between them leaves the walkable area (a wall's thickness, or another floor)",
wall of tile 008A70 (room 0x55),wall of tile 007271 (room 0x51),29.626,no,the line between them touches another wall,wall of tile 029470 (room 0x55)
wall of tile 008A70 (room 0x55),wall of tile 007271 (room 0x51),29.626,no,"the line between them leaves the walkable area (a wall's thickness, or another floor)",
wall of tile 008A70 (room 0x55),wall of tile 024471 (room 0x54),29.626,no,the line between them touches another wall,wall of tile 008B70 (room 0x55)
wall of tile 008A70 (room 0x55),monitor 0x1c92a4 (preset 0x272e),35.974,no,"the line between them leaves the walkable area (a wall's thickness, or another floor)",
wall of tile 008A70 (room 0x55),monitor 0x1c92a4 (preset 0x272e),35.815,no,"the line between them leaves the walkable area (a wall's thickness, or another floor)",
wall of tile 008A70 (room 0x55),monitor 0x1c92a4 (preset 0x272e),35.815,no,"the line between them leaves the walkable area (a wall's thickness, or another floor)",
wall of tile 008A70 (room 0x55),monitor 0x1c94f8 (preset 0x272f),35.974,no,"the line between them leaves the walkable area (a wall's thickness, or another floor)",
wall of tile 008A70 (room 0x55),monitor 0x1c94f8 (preset 0x272f),35.812,no,"the line between them leaves the walkable area (a wall's thickness, or another floor)",
wall of tile 008A70 (room 0x55),monitor 0x1c94f8 (preset 0x272f),35.812,no,"the line between them leaves the walkable area (a wall's thickness, or another floor)",
wall of tile 029470 (room 0x55),wall of tile 007B71 (room 0x51),21.161,no,"the line between them leaves the walkable area (a wall's thickness, or another floor)",
wall of tile 028E71 (room 0x51),wall of tile 007471 (room 0x51),19.045,no,"the line between them leaves the walkable area (a wall's thickness, or another floor)",
wall of tile 028E71 (room 0x51),wall of tile 008D70 (room 0x52),29.626,no,the line between them touches another wall,wall of tile 008E70 (room 0x52)
wall of tile 028E72 (room 0x51),wall of tile 007B71 (room 0x51),21.161,no,"the line between them leaves the walkable area (a wall's thickness, or another floor)",
wall of tile 007372 (room 0x51),wall of tile 007471 (room 0x51),19.045,no,the line between them touches another wall,wall of tile 007371 (room 0x51)
wall of tile 007372 (room 0x51),wall of tile 008D70 (room 0x52),29.626,no,"the line between them leaves the walkable area (a wall's thickness, or another floor)",
wall of tile 007371 (room 0x51),wall of tile 008D70 (room 0x52),29.626,no,"the line between them leaves the walkable area (a wall's thickness, or another floor)",
wall of tile 007371 (room 0x51),monitor 0x1c84ac (preset 0x2728),57.470,no,"another wall pokes into the space between them, so a tighter pair covers this gap",wall of tile 007471 (room 0x51)
wall of tile 007371 (room 0x51),monitor 0x1c84ac (preset 0x2728),57.470,no,"another wall pokes into the space between them, so a tighter pair covers this gap",wall of tile 007471 (room 0x51)
wall of tile 007471 (room 0x51),wall of tile 008D70 (room 0x52),29.626,no,"the line between them leaves the walkable area (a wall's thickness, or another floor)",
wall of tile 007471 (room 0x51),wall of tile 008E70 (room 0x52),19.045,no,the line between them touches another wall,wall of tile 007371 (room 0x51)
wall of tile 007471 (room 0x51),monitor 0x1c84ac (preset 0x2728),6.189,yes,,
wall of tile 007471 (room 0x51),monitor 0x1c84ac (preset 0x2728),6.349,no,"another wall pokes into the space between them, so a tighter pair covers this gap",monitor 0x1c84ac (preset 0x2728)
wall of tile 007471 (room 0x51),monitor 0x1c84ac (preset 0x2728),6.189,yes,,
wall of tile 007471 (room 0x51),monitor 0x1c8700 (preset 0x2729),6.186,yes,,
wall of tile 007471 (room 0x51),monitor 0x1c8700 (preset 0x2729),6.349,no,"another wall pokes into the space between them, so a tighter pair covers this gap",monitor 0x1c8700 (preset 0x2729)
wall of tile 007471 (room 0x51),monitor 0x1c8700 (preset 0x2729),6.186,yes,,
wall of tile 007670 (room 0x51),wall of tile 008470 (room 0x53),29.626,no,"the line between them leaves the walkable area (a wall's thickness, or another floor)",
wall of tile 007670 (room 0x51),wall of tile 008D70 (room 0x52),29.626,no,"the line between them leaves the walkable area (a wall's thickness, or another floor)",
wall of tile 007670 (room 0x51),wall of tile 001E58 (room 0x3a),38.149,no,"the line between them leaves the walkable area (a wall's thickness, or another floor)",
wall of tile 007670 (room 0x51),wall of tile 001858 (room 0x3a),3.761,no,"the line between them leaves the walkable area (a wall's thickness, or another floor)",
wall of tile 007670 (room 0x51),wall of tile 002058 (room 0x3a),43.394,no,"the line between them leaves the walkable area (a wall's thickness, or another floor)",
wall of tile 007670 (room 0x51),monitor 0x1c8700 (preset 0x2729),34.306,no,"another wall pokes into the space between them, so a tighter pair covers this gap",wall of tile 007471 (room 0x51)
wall of tile 007670 (room 0x51),monitor 0x1c8700 (preset 0x2729),34.306,no,"another wall pokes into the space between them, so a tighter pair covers this gap",wall of tile 007471 (room 0x51)
wall of tile 007670 (room 0x51),monitor 0x1c8ba8 (preset 0x272b),34.419,no,"another wall pokes into the space between them, so a tighter pair covers this gap",wall of tile 007771 (room 0x51)
wall of tile 007670 (room 0x51),monitor 0x1c8ba8 (preset 0x272b),34.419,no,"another wall pokes into the space between them, so a tighter pair covers this gap",wall of tile 007771 (room 0x51)
wall of tile 007771 (room 0x51),wall of tile 007071 (room 0x51),19.045,no,the line between them touches another wall,wall of tile 007072 (room 0x51)
wall of tile 007771 (room 0x51),wall of tile 028D72 (room 0x51),19.045,no,the line between them touches another wall,wall of tile 007072 (room 0x51)
wall of tile 007771 (room 0x51),wall of tile 008570 (room 0x53),19.045,no,the line between them touches another wall,wall of tile 007072 (room 0x51)
wall of tile 007771 (room 0x51),wall of tile 008470 (room 0x53),29.626,no,"the line between them leaves the walkable area (a wall's thickness, or another floor)",
wall of tile 007771 (room 0x51),wall of tile 001C58 (room 0x3a),50.787,no,"the line between them leaves the walkable area (a wall's thickness, or another floor)",
wall of tile 007771 (room 0x51),wall of tile 001E58 (room 0x3a),12.697,no,"the line between them leaves the walkable area (a wall's thickness, or another floor)",
wall of tile 007771 (room 0x51),wall of tile 001858 (room 0x3a),3.761,no,"the line between them leaves the walkable area (a wall's thickness, or another floor)",
wall of tile 007771 (room 0x51),monitor 0x1c8954 (preset 0x272a),6.349,yes,,
wall of tile 007771 (room 0x51),monitor 0x1c8954 (preset 0x272a),6.349,yes,,
wall of tile 007771 (room 0x51),monitor 0x1c8954 (preset 0x272a),6.511,no,"another wall pokes into the space between them, so a tighter pair covers this gap",monitor 0x1c8954 (preset 0x272a)
wall of tile 007771 (room 0x51),monitor 0x1c8ba8 (preset 0x272b),6.189,yes,,
wall of tile 007771 (room 0x51),monitor 0x1c8ba8 (preset 0x272b),6.189,yes,,
wall of tile 007771 (room 0x51),monitor 0x1c8ba8 (preset 0x272b),6.349,no,"another wall pokes into the space between them, so a tighter pair covers this gap",monitor 0x1c8ba8 (preset 0x272b)
wall of tile 007571 (room 0x51),wall of tile 007172 (room 0x51),21.161,no,the line between them touches another wall,wall of tile 007171 (room 0x51)
wall of tile 007571 (room 0x51),wall of tile 028D71 (room 0x51),21.161,no,the line between them touches another wall,wall of tile 007171 (room 0x51)
wall of tile 007571 (room 0x51),wall of tile 028F70 (room 0x54),21.161,no,the line between them touches another wall,wall of tile 007171 (room 0x51)
wall of tile 007571 (room 0x51),wall of tile 008770 (room 0x54),29.626,no,"the line between them leaves the walkable area (a wall's thickness, or another floor)",
wall of tile 007571 (room 0x51),monitor 0x1c8dfc (preset 0x272c),6.186,yes,,
wall of tile 007571 (room 0x51),monitor 0x1c8dfc (preset 0x272c),6.186,yes,,
wall of tile 007571 (room 0x51),monitor 0x1c8dfc (preset 0x272c),6.349,no,"another wall pokes into the space between them, so a tighter pair covers this gap",monitor 0x1c8dfc (preset 0x272c)
wall of tile 007571 (room 0x51),monitor 0x1c9050 (preset 0x272d),6.189,yes,,
wall of tile 007571 (room 0x51),monitor 0x1c9050 (preset 0x272d),6.189,yes,,
wall of tile 007571 (room 0x51),monitor 0x1c9050 (preset 0x272d),6.349,no,"another wall pokes into the space between them, so a tighter pair covers this gap",monitor 0x1c9050 (preset 0x272d)
wall of tile 007970 (room 0x51),wall of tile 008770 (room 0x54),29.626,no,"the line between them leaves the walkable area (a wall's thickness, or another floor)",
wall of tile 007970 (room 0x51),monitor 0x1c8dfc (preset 0x272c),34.305,no,"another wall pokes into the space between them, so a tighter pair covers this gap",wall of tile 007571 (room 0x51)
wall of tile 007970 (room 0x51),monitor 0x1c8dfc (preset 0x272c),34.305,no,"another wall pokes into the space between them, so a tighter pair covers this gap",wall of tile 007571 (room 0x51)
wall of tile 007970 (room 0x51),monitor 0x1c92a4 (preset 0x272e),34.419,no,"another wall pokes into the space between them, so a tighter pair covers this gap",wall of tile 007B71 (room 0x51)
wall of tile 007970 (room 0x51),monitor 0x1c92a4 (preset 0x272e),34.419,no,"another wall pokes into the space between them, so a tighter pair covers this gap",wall of tile 007B71 (room 0x51)
wall of tile 007B71 (room 0x51),wall of tile 007271 (room 0x51),21.161,no,the line between them touches another wall,wall of tile 007271 (room 0x51)
wall of tile 007B71 (room 0x51),monitor 0x1c92a4 (preset 0x272e),6.349,no,"another wall pokes into the space between them, so a tighter pair covers this gap",monitor 0x1c92a4 (preset 0x272e)
wall of tile 007B71 (room 0x51),monitor 0x1c92a4 (preset 0x272e),6.189,yes,,
wall of tile 007B71 (room 0x51),monitor 0x1c92a4 (preset 0x272e),6.189,yes,,
wall of tile 007B71 (room 0x51),monitor 0x1c94f8 (preset 0x272f),6.349,no,"another wall pokes into the space between them, so a tighter pair covers this gap",monitor 0x1c94f8 (preset 0x272f)
wall of tile 007B71 (room 0x51),monitor 0x1c94f8 (preset 0x272f),6.186,yes,,
wall of tile 007B71 (room 0x51),monitor 0x1c94f8 (preset 0x272f),6.186,yes,,
wall of tile 007271 (room 0x51),monitor 0x1c94f8 (preset 0x272f),55.240,no,"another wall pokes into the space between them, so a tighter pair covers this gap",wall of tile 007B71 (room 0x51)
wall of tile 007271 (room 0x51),monitor 0x1c94f8 (preset 0x272f),55.240,no,"another wall pokes into the space between them, so a tighter pair covers this gap",wall of tile 007B71 (room 0x51)
wall of tile 007171 (room 0x51),wall of tile 008770 (room 0x54),29.626,no,"the line between them leaves the walkable area (a wall's thickness, or another floor)",
wall of tile 007171 (room 0x51),monitor 0x1c9050 (preset 0x272d),55.367,no,"another wall pokes into the space between them, so a tighter pair covers this gap",wall of tile 007571 (room 0x51)
wall of tile 007171 (room 0x51),monitor 0x1c9050 (preset 0x272d),55.367,no,"another wall pokes into the space between them, so a tighter pair covers this gap",wall of tile 007571 (room 0x51)
wall of tile 007172 (room 0x51),wall of tile 008770 (room 0x54),29.626,no,"the line between them leaves the walkable area (a wall's thickness, or another floor)",
wall of tile 007071 (room 0x51),wall of tile 008470 (room 0x53),29.626,no,"the line between them leaves the walkable area (a wall's thickness, or another floor)",
wall of tile 007072 (room 0x51),wall of tile 008470 (room 0x53),29.626,no,"the line between them leaves the walkable area (a wall's thickness, or another floor)",
wall of tile 007072 (room 0x51),monitor 0x1c8954 (preset 0x272a),57.358,no,"another wall pokes into the space between them, so a tighter pair covers this gap",wall of tile 007771 (room 0x51)
wall of tile 007072 (room 0x51),monitor 0x1c8954 (preset 0x272a),57.358,no,"another wall pokes into the space between them, so a tighter pair covers this gap",wall of tile 007771 (room 0x51)
wall of tile 028D72 (room 0x51),wall of tile 008470 (room 0x53),29.626,no,the line between them touches another wall,wall of tile 008570 (room 0x53)
wall of tile 028D71 (room 0x51),wall of tile 008770 (room 0x54),29.626,no,the line between them touches another wall,wall of tile 028F70 (room 0x54)
wall of tile 029071 (room 0x53),wall of tile 001258 (room 0x3a),53.072,no,"the line between them leaves the walkable area (a wall's thickness, or another floor)",
wall of tile 029071 (room 0x53),wall of tile 001B58 (room 0x3a),53.534,no,the far wall faces the other way (it belongs to floor which isn't linked here),
wall of tile 029071 (room 0x53),wall of tile 001F58 (room 0x3a),21.580,no,"the line between them leaves the walkable area (a wall's thickness, or another floor)",
wall of tile 029071 (room 0x53),wall of tile 001F58 (room 0x3a),20.774,no,the far wall faces the other way (it belongs to floor which isn't linked here),
wall of tile 008470 (room 0x53),wall of tile 024C72 (room 0x52),29.626,no,the line between them touches another wall,wall of tile 029170 (room 0x53)
wall of tile 008470 (room 0x53),wall of tile 001C58 (room 0x3a),21.161,no,the far wall faces the other way (it belongs to floor which isn't linked here),
wall of tile 008470 (room 0x53),wall of tile 001858 (room 0x3a),16.929,no,"the line between them leaves the walkable area (a wall's thickness, or another floor)",
wall of tile 008470 (room 0x53),monitor 0x1c8954 (preset 0x272a),35.974,no,"the line between them leaves the walkable area (a wall's thickness, or another floor)",
wall of tile 008470 (room 0x53),monitor 0x1c8954 (preset 0x272a),35.974,no,"the line between them leaves the walkable area (a wall's thickness, or another floor)",
wall of tile 008470 (room 0x53),monitor 0x1c8954 (preset 0x272a),36.137,no,"the line between them leaves the walkable area (a wall's thickness, or another floor)",
wall of tile 008470 (room 0x53),monitor 0x1c8ba8 (preset 0x272b),35.815,no,"the line between them leaves the walkable area (a wall's thickness, or another floor)",
wall of tile 008470 (room 0x53),monitor 0x1c8ba8 (preset 0x272b),35.815,no,"the line between them leaves the walkable area (a wall's thickness, or another floor)",
wall of tile 008470 (room 0x53),monitor 0x1c8ba8 (preset 0x272b),35.975,no,"the line between them leaves the walkable area (a wall's thickness, or another floor)",
wall of tile 008672 (room 0x53),wall of tile 001658 (room 0x3a),35.974,no,"the line between them leaves the walkable area (a wall's thickness, or another floor)",
wall of tile 008672 (room 0x53),wall of tile 001258 (room 0x3a),4.232,no,"the line between them leaves the walkable area (a wall's thickness, or another floor)",
wall of tile 008672 (room 0x53),wall of tile 001B58 (room 0x3a),50.787,no,the far wall faces the other way (it belongs to floor which isn't linked here),
wall of tile 008672 (room 0x53),wall of tile 001F58 (room 0x3a),4.232,no,"the line between them leaves the walkable area (a wall's thickness, or another floor)",
wall of tile 024C72 (room 0x52),wall of tile 008D70 (room 0x52),29.626,no,the line between them touches another wall,wall of tile 029270 (room 0x52)
wall of tile 024C72 (room 0x52),wall of tile 001E58 (room 0x3a),38.149,no,"the line between them leaves the walkable area (a wall's thickness, or another floor)",
wall of tile 024C72 (room 0x52),wall of tile 001858 (room 0x3a),3.761,no,the far wall faces the other way (it belongs to floor which isn't linked here),
wall of tile 024C72 (room 0x52),wall of tile 002058 (room 0x3a),43.394,no,the far wall faces the other way (it belongs to floor which isn't linked here),
wall of tile 024C72 (room 0x52),monitor 0x1c8700 (preset 0x2729),34.306,no,"the line between them leaves the walkable area (a wall's thickness, or another floor)",
wall of tile 024C72 (room 0x52),monitor 0x1c8700 (preset 0x2729),34.306,no,"the line between them leaves the walkable area (a wall's thickness, or another floor)",
wall of tile 024C72 (room 0x52),monitor 0x1c8ba8 (preset 0x272b),34.419,no,"the line between them leaves the walkable area (a wall's thickness, or another floor)",
wall of tile 024C72 (room 0x52),monitor 0x1c8ba8 (preset 0x272b),34.419,no,"the line between them leaves the walkable area (a wall's thickness, or another floor)",
wall of tile 029170 (room 0x53),wall of tile 001E58 (room 0x3a),35.974,no,"the line between them leaves the walkable area (a wall's thickness, or another floor)",
wall of tile 029170 (room 0x53),monitor 0x1c8ba8 (preset 0x272b),34.419,no,"the line between them leaves the walkable area (a wall's thickness, or another floor)",
wall of tile 029170 (room 0x53),monitor 0x1c8ba8 (preset 0x272b),34.419,no,"the line between them leaves the walkable area (a wall's thickness, or another floor)",
wall of tile 029270 (room 0x52),monitor 0x1c8700 (preset 0x2729),34.306,no,"the line between them leaves the walkable area (a wall's thickness, or another floor)",
wall of tile 029270 (room 0x52),monitor 0x1c8700 (preset 0x2729),34.306,no,"the line between them leaves the walkable area (a wall's thickness, or another floor)",
wall of tile 008F72 (room 0x52),wall of tile 00DF71 (room 0x4f),40.207,no,"the line between them leaves the walkable area (a wall's thickness, or another floor)",
wall of tile 008F72 (room 0x52),wall of tile 00DF71 (room 0x4f),40.207,no,"the line between them leaves the walkable area (a wall's thickness, or another floor)",
wall of tile 008F72 (room 0x52),wall of tile 05F528 (room 0x26),21.161,no,"the line between them leaves the walkable area (a wall's thickness, or another floor)",
wall of tile 008F72 (room 0x52),wall of tile 05F628 (room 0x26),21.161,no,"the line between them leaves the walkable area (a wall's thickness, or another floor)",
wall of tile 008F72 (room 0x52),wall of tile 05F228 (room 0x26),43.625,no,the far wall faces the other way (it belongs to floor which isn't linked here),
wall of tile 008F72 (room 0x52),wall of tile 05F928 (room 0x26),10.581,no,the far wall faces the other way (it belongs to floor which isn't linked here),
wall of tile 00E071 (room 0x4f),wall of tile 05F228 (room 0x26),43.625,no,the far wall faces the other way (it belongs to floor which isn't linked here),
wall of tile 00E071 (room 0x4f),wall of tile 05F928 (room 0x26),10.581,no,the far wall faces the other way (it belongs to floor which isn't linked here),
wall of tile 008D70 (room 0x52),monitor 0x1c84ac (preset 0x2728),35.815,no,"the line between them leaves the walkable area (a wall's thickness, or another floor)",
wall of tile 008D70 (room 0x52),monitor 0x1c84ac (preset 0x2728),35.974,no,"the line between them leaves the walkable area (a wall's thickness, or another floor)",
wall of tile 008D70 (room 0x52),monitor 0x1c84ac (preset 0x2728),35.815,no,"the line between them leaves the walkable area (a wall's thickness, or another floor)",
wall of tile 008D70 (room 0x52),monitor 0x1c8700 (preset 0x2729),35.812,no,"the line between them leaves the walkable area (a wall's thickness, or another floor)",
wall of tile 008D70 (room 0x52),monitor 0x1c8700 (preset 0x2729),35.974,no,"the line between them leaves the walkable area (a wall's thickness, or another floor)",
wall of tile 008D70 (room 0x52),monitor 0x1c8700 (preset 0x2729),35.812,no,"the line between them leaves the walkable area (a wall's thickness, or another floor)",
wall of tile 029371 (room 0x52),wall of tile 00DF71 (room 0x4f),40.207,no,"the line between them leaves the walkable area (a wall's thickness, or another floor)",
wall of tile 029371 (room 0x52),wall of tile 00DF72 (room 0x4f),40.207,no,"the line between them leaves the walkable area (a wall's thickness, or another floor)",
wall of tile 029371 (room 0x52),wall of tile 05F228 (room 0x26),33.459,no,the far wall faces the other way (it belongs to floor which isn't linked here),
wall of tile 029371 (room 0x52),wall of tile 05EA28 (room 0x26),10.581,no,the far wall faces the other way (it belongs to floor which isn't linked here),
wall of tile 029371 (room 0x52),wall of tile 05E828 (room 0x26),21.161,no,"the line between them leaves the walkable area (a wall's thickness, or another floor)",
wall of tile 029371 (room 0x52),wall of tile 05E428 (room 0x26),21.161,no,"the line between them leaves the walkable area (a wall's thickness, or another floor)",
wall of tile 00E072 (room 0x4f),wall of tile 05F228 (room 0x26),33.459,no,the far wall faces the other way (it belongs to floor which isn't linked here),
wall of tile 00E072 (room 0x4f),wall of tile 05EA28 (room 0x26),10.581,no,the far wall faces the other way (it belongs to floor which isn't linked here),
wall of tile 00DF71 (room 0x4f),wall of tile 05F228 (room 0x26),59.891,no,the far wall faces the other way (it belongs to floor which isn't linked here),
wall of tile 00DF71 (room 0x4f),wall of tile 05EA28 (room 0x26),19.045,no,the line between them touches another wall,wall of tile 00E072 (room 0x4f)
wall of tile 00DF71 (room 0x4f),wall of tile 05EA28 (room 0x26),50.787,no,the line between them touches another wall,wall of tile 029371 (room 0x52)
wall of tile 00DF71 (room 0x4f),wall of tile 05E828 (room 0x26),19.045,no,"the line between them leaves the walkable area (a wall's thickness, or another floor)",
wall of tile 00DF71 (room 0x4f),wall of tile 05E428 (room 0x26),54.241,no,"the line between them leaves the walkable area (a wall's thickness, or another floor)",
wall of tile 00DF71 (room 0x4f),wall of tile 05F528 (room 0x26),48.671,no,"the line between them leaves the walkable area (a wall's thickness, or another floor)",
wall of tile 00DF71 (room 0x4f),wall of tile 05F628 (room 0x26),19.045,no,"the line between them leaves the walkable area (a wall's thickness, or another floor)",
wall of tile 00DF71 (room 0x4f),wall of tile 05F928 (room 0x26),50.787,no,the line between them touches another wall,wall of tile 008F72 (room 0x52)
wall of tile 00DF71 (room 0x4f),wall of tile 05F928 (room 0x26),19.045,no,the line between them touches another wall,wall of tile 00E071 (room 0x4f)
wall of tile 00DF71 (room 0x4f),wall of tile 00CC70 (room 0x4f),52.903,no,the line between them touches another wall,wall of tile 00DE72 (room 0x4f)
wall of tile 00DF71 (room 0x4f),wall of tile 030B5A (room 0x3a),13.467,no,"the line between them leaves the walkable area (a wall's thickness, or another floor)",
wall of tile 00DF71 (room 0x4f),wall of tile 03E259 (room 0x3a),43.394,no,"the line between them leaves the walkable area (a wall's thickness, or another floor)",
wall of tile 00DF71 (room 0x4f),wall of tile 03E059 (room 0x3a),53.868,no,"the line between them leaves the walkable area (a wall's thickness, or another floor)",
wall of tile 00DF71 (room 0x4f),wall of tile 002D58 (room 0x3a),43.394,no,"the line between them leaves the walkable area (a wall's thickness, or another floor)",
wall of tile 00DF71 (room 0x4f),wall of tile 002D58 (room 0x3a),43.394,no,"the line between them leaves the walkable area (a wall's thickness, or another floor)",
wall of tile 00DF71 (room 0x4f),wall of tile 05F628 (room 0x26),19.045,no,"the line between them leaves the walkable area (a wall's thickness, or another floor)",
wall of tile 00DF71 (room 0x4f),door 0x1ca54c (preset 0x0041),2.993,no,the far wall faces the other way (it belongs to floor which isn't linked here),
wall of tile 00DF71 (room 0x4f),door 0x1ca54c (preset 0x0041),2.993,no,the far wall faces the other way (it belongs to floor which isn't linked here),
wall of tile 00DF72 (room 0x4f),wall of tile 00DC70 (room 0x4f),52.903,no,the line between them touches another wall,wall of tile 00DE71 (room 0x4f)
wall of tile 00DF72 (room 0x4f),wall of tile 05E828 (room 0x26),19.045,no,"the line between them leaves the walkable area (a wall's thickness, or another floor)",
wall of tile 00DF72 (room 0x4f),wall of tile 05E428 (room 0x26),49.379,no,"the line between them leaves the walkable area (a wall's thickness, or another floor)",
wall of tile 00DE72 (room 0x4f),wall of tile 05F728 (room 0x26),37.677,no,the far wall faces the other way (it belongs to floor which isn't linked here),
wall of tile 00DE72 (room 0x4f),wall of tile 05F528 (room 0x26),30.076,no,the far wall faces the other way (it belongs to floor which isn't linked here),
wall of tile 00DE72 (room 0x4f),wall of tile 030D5A (room 0x3a),29.626,no,the line between them touches another wall,wall of tile 00CC70 (room 0x4f)
wall of tile 00DE72 (room 0x4f),wall of tile 030D59 (room 0x3a),19.045,no,"the line between them leaves the walkable area (a wall's thickness, or another floor)",
wall of tile 00DE72 (room 0x4f),wall of tile 030B59 (room 0x3a),29.626,no,the line between them touches another wall,wall of tile 00CC70 (room 0x4f)
wall of tile 00DE72 (room 0x4f),wall of tile 030B5A (room 0x3a),19.045,no,"the line between them leaves the walkable area (a wall's thickness, or another floor)",
wall of tile 00DE72 (room 0x4f),wall of tile 03E259 (room 0x3a),45.435,no,"the line between them leaves the walkable area (a wall's thickness, or another floor)",
wall of tile 00DE72 (room 0x4f),wall of tile 03E25A (room 0x3a),55.019,no,"the line between them leaves the walkable area (a wall's thickness, or another floor)",
wall of tile 00DE72 (room 0x4f),wall of tile 03E059 (room 0x3a),53.951,no,"the line between them leaves the walkable area (a wall's thickness, or another floor)",
wall of tile 00DE72 (room 0x4f),wall of tile 002D58 (room 0x3a),45.435,no,"the line between them leaves the walkable area (a wall's thickness, or another floor)",
wall of tile 00DE72 (room 0x4f),wall of tile 002D58 (room 0x3a),45.435,no,"the line between them leaves the walkable area (a wall's thickness, or another floor)",
wall of tile 00DE72 (room 0x4f),door 0x1ca54c (preset 0x0041),6.348,no,the far wall faces the other way (it belongs to floor which isn't linked here),
wall of tile 00DE72 (room 0x4f),door 0x1ca54c (preset 0x0041),20.075,no,"the line between them leaves the walkable area (a wall's thickness, or another floor)",
wall of tile 00DE72 (room 0x4f),door 0x1ca54c (preset 0x0041),30.076,no,the far wall faces the other way (it belongs to floor which isn't linked here),
wall of tile 00DE72 (room 0x4f),door 0x1ca54c (preset 0x0041),23.278,no,the far wall faces the other way (it belongs to floor which isn't linked here),
wall of tile 00DE72 (room 0x4f),door 0x1ca54c (preset 0x0041),30.298,no,the far wall faces the other way (it belongs to floor which isn't linked here),
wall of tile 00DE72 (room 0x4f),door 0x1ca54c (preset 0x0041),30.298,no,the far wall faces the other way (it belongs to floor which isn't linked here),
wall of tile 00DC70 (room 0x4f),wall of tile 00D271 (room 0x4f),28.470,no,the line between them touches another wall,wall of tile 00DC70 (room 0x4f)
wall of tile 00DC70 (room 0x4f),wall of tile 00D272 (room 0x4f),55.019,no,"the line between them leaves the walkable area (a wall's thickness, or another floor)",
wall of tile 00DC70 (room 0x4f),wall of tile 05E628 (room 0x26),21.161,no,the far wall faces the other way (it belongs to floor which isn't linked here),
wall of tile 00DC70 (room 0x4f),wall of tile 00D272 (room 0x4f),31.742,no,the line between them touches another wall,wall of tile 00D271 (room 0x4f)
wall of tile 00DC70 (room 0x4f),wall of tile 00D170 (room 0x4f),56.979,no,"the line between them leaves the walkable area (a wall's thickness, or another floor)",
wall of tile 00DC70 (room 0x4f),wall of tile 05E328 (room 0x26),21.161,no,the line between them touches another wall,wall of tile 00DC70 (room 0x4f)
wall of tile 00DC70 (room 0x4f),wall of tile 05E628 (room 0x26),29.885,no,the far wall faces the other way (it belongs to floor which isn't linked here),
wall of tile 00CC70 (room 0x4f),wall of tile 00CF70 (room 0x4f),28.470,no,the line between them touches another wall,wall of tile 00CC70 (room 0x4f)
wall of tile 00CC70 (room 0x4f),wall of tile 02B870 (room 0x4f),55.019,no,"the line between them leaves the walkable area (a wall's thickness, or another floor)",
wall of tile 00CC70 (room 0x4f),wall of tile 05F828 (room 0x26),23.277,no,the far wall faces the other way (it belongs to floor which isn't linked here),
wall of tile 00CC70 (room 0x4f),wall of tile 05F728 (room 0x26),23.277,no,the far wall faces the other way (it belongs to floor which isn't linked here),
wall of tile 00CC70 (room 0x4f),wall of tile 03E25A (room 0x3a),21.161,no,"the line between them leaves the walkable area (a wall's thickness, or another floor)",
wall of tile 00CC70 (room 0x4f),wall of tile 03E05A (room 0x3a),35.974,no,"the line between them leaves the walkable area (a wall's thickness, or another floor)",
wall of tile 00CC70 (room 0x4f),wall of tile 03E15A (room 0x3a),53.951,no,"the line between them leaves the walkable area (a wall's thickness, or another floor)",
wall of tile 00CC70 (room 0x4f),wall of tile 083758 (room 0x3a),55.019,no,"the line between them leaves the walkable area (a wall's thickness, or another floor)",
wall of tile 00CC70 (room 0x4f),wall of tile 083758 (room 0x3a),55.019,no,"the line between them leaves the walkable area (a wall's thickness, or another floor)",
wall of tile 00CC70 (room 0x4f),door 0x1ca54c (preset 0x0041),6.348,no,the far wall faces the other way (it belongs to floor which isn't linked here),
wall of tile 00CC70 (room 0x4f),door 0x1ca54c (preset 0x0041),23.278,no,the far wall faces the other way (it belongs to floor which isn't linked here),
wall of tile 00CC70 (room 0x4f),door 0x1ca54c (preset 0x0041),6.349,no,the far wall faces the other way (it belongs to floor which isn't linked here),
wall of tile 00CC70 (room 0x4f),door 0x1ca54c (preset 0x0041),6.348,no,the far wall faces the other way (it belongs to floor which isn't linked here),
wall of tile 00CC70 (room 0x4f),wall of tile 00CE70 (room 0x4f),56.979,no,"the line between them leaves the walkable area (a wall's thickness, or another floor)",
wall of tile 00CC70 (room 0x4f),wall of tile 02B870 (room 0x4f),31.742,no,the line between them touches another wall,wall of tile 00CF70 (room 0x4f)
wall of tile 00CC70 (room 0x4f),wall of tile 05F828 (room 0x26),31.301,no,the far wall faces the other way (it belongs to floor which isn't linked here),
wall of tile 00CC70 (room 0x4f),wall of tile 05F728 (room 0x26),31.301,no,the far wall faces the other way (it belongs to floor which isn't linked here),
wall of tile 00CC70 (room 0x4f),wall of tile 03E05A (room 0x3a),35.974,no,"the line between them leaves the walkable area (a wall's thickness, or another floor)",
wall of tile 00CC70 (room 0x4f),wall of tile 03E15A (room 0x3a),53.951,no,"the line between them leaves the walkable area (a wall's thickness, or another floor)",
wall of tile 00CC70 (room 0x4f),wall of tile 083758 (room 0x3a),51.906,no,"the line between them leaves the walkable area (a wall's thickness, or another floor)",
wall of tile 00CC70 (room 0x4f),wall of tile 083758 (room 0x3a),51.906,no,"the line between them leaves the walkable area (a wall's thickness, or another floor)",
wall of tile 00CF70 (room 0x4f),wall of tile 00CE70 (room 0x4f),29.927,no,the line between them touches another wall,wall of tile 02B870 (room 0x4f)
wall of tile 00CF70 (room 0x4f),wall of tile 05F828 (room 0x26),40.262,no,the far wall faces the other way (it belongs to floor which isn't linked here),
wall of tile 00CF70 (room 0x4f),wall of tile 05F728 (room 0x26),40.262,no,the far wall faces the other way (it belongs to floor which isn't linked here),
wall of tile 00CF70 (room 0x4f),wall of tile 03E05A (room 0x3a),57.136,no,"the line between them leaves the walkable area (a wall's thickness, or another floor)",
wall of tile 00CF70 (room 0x4f),wall of tile 03E15A (room 0x3a),57.136,no,"the line between them leaves the walkable area (a wall's thickness, or another floor)",
wall of tile 00CF70 (room 0x4f),wall of tile 083758 (room 0x3a),42.323,no,"the line between them leaves the walkable area (a wall's thickness, or another floor)",
wall of tile 00CF70 (room 0x4f),wall of tile 083758 (room 0x3a),42.323,no,"the line between them leaves the walkable area (a wall's thickness, or another floor)",
wall of tile 00D271 (room 0x4f),wall of tile 00D170 (room 0x4f),29.927,no,the line between them touches another wall,wall of tile 00D272 (room 0x4f)
wall of tile 00D271 (room 0x4f),wall of tile 05E328 (room 0x26),40.207,no,the far wall faces the other way (it belongs to floor which isn't linked here),
wall of tile 00D271 (room 0x4f),wall of tile 05E628 (room 0x26),40.207,no,the far wall faces the other way (it belongs to floor which isn't linked here),
wall of tile 00D272 (room 0x4f),wall of tile 00B748 (room 0x38),40.207,no,"the line between them leaves the walkable area (a wall's thickness, or another floor)",
wall of tile 00D272 (room 0x4f),wall of tile 00BA48 (room 0x38),40.207,no,"the line between them leaves the walkable area (a wall's thickness, or another floor)",
wall of tile 00D170 (room 0x4f),wall of tile 00D570 (room 0x4f),29.927,no,the line between them touches another wall,wall of tile 02B970 (room 0x4f)
wall of tile 00D170 (room 0x4f),wall of tile 00D770 (room 0x4f),55.019,no,"the line between them leaves the walkable area (a wall's thickness, or another floor)",
wall of tile 00D170 (room 0x4f),wall of tile 01364A (room 0x38),31.742,no,the line between them touches another wall,wall of tile 02A172 (room 0x4f)
wall of tile 00D170 (room 0x4f),wall of tile 00B748 (room 0x38),40.207,no,"the line between them leaves the walkable area (a wall's thickness, or another floor)",
wall of tile 00D170 (room 0x4f),wall of tile 00B848 (room 0x38),40.207,no,"the line between them leaves the walkable area (a wall's thickness, or another floor)",
wall of tile 00D170 (room 0x4f),wall of tile 013649 (room 0x38),31.742,no,the line between them touches another wall,wall of tile 02A171 (room 0x4f)
wall of tile 00D170 (room 0x4f),wall of tile 00B748 (room 0x38),40.207,no,"the line between them leaves the walkable area (a wall's thickness, or another floor)",
wall of tile 00D170 (room 0x4f),wall of tile 00BA48 (room 0x38),40.207,no,"the line between them leaves the walkable area (a wall's thickness, or another floor)",
wall of tile 02A171 (room 0x4f),wall of tile 00B748 (room 0x38),8.465,no,the line between them touches another wall,wall of tile 013649 (room 0x38)
wall of tile 02B970 (room 0x4f),wall of tile 00D770 (room 0x4f),55.019,no,"the line between them leaves the walkable area (a wall's thickness, or another floor)",
wall of tile 02B970 (room 0x4f),wall of tile 00D770 (room 0x4f),29.626,no,the line between them touches another wall,wall of tile 00D570 (room 0x4f)
wall of tile 02B970 (room 0x4f),wall of tile 00B748 (room 0x38),40.207,no,"the line between them leaves the walkable area (a wall's thickness, or another floor)",
wall of tile 02B970 (room 0x4f),wall of tile 00B848 (room 0x38),40.207,no,"the line between them leaves the walkable area (a wall's thickness, or another floor)",
wall of tile 00D570 (room 0x4f),wall of tile 00D770 (room 0x4f),29.927,no,the line between them touches another wall,wall of tile 00D770 (room 0x4f)
wall of tile 00D470 (room 0x4f),wall of tile 00CE70 (room 0x4f),29.927,no,the line between them touches another wall,wall of tile 00D370 (room 0x4f)
wall of tile 00D470 (room 0x4f),wall of tile 00CD70 (room 0x4f),29.927,no,the line between them touches another wall,wall of tile 00CD70 (room 0x4f)
wall of tile 00D470 (room 0x4f),wall of tile 003558 (room 0x3a),40.429,no,"the line between them leaves the walkable area (a wall's thickness, or another floor)",
wall of tile 00D470 (room 0x4f),wall of tile 003758 (room 0x3a),40.418,no,"the line between them leaves the walkable area (a wall's thickness, or another floor)",
wall of tile 00D370 (room 0x4f),wall of tile 00CD70 (room 0x4f),29.626,no,the line between them touches another wall,wall of tile 00D470 (room 0x4f)
wall of tile 00D370 (room 0x4f),wall of tile 00CD70 (room 0x4f),55.019,no,"the line between them leaves the walkable area (a wall's thickness, or another floor)",
wall of tile 00D370 (room 0x4f),wall of tile 003558 (room 0x3a),10.581,no,"the line between them leaves the walkable area (a wall's thickness, or another floor)",
wall of tile 00D370 (room 0x4f),wall of tile 003758 (room 0x3a),10.495,no,"the line between them leaves the walkable area (a wall's thickness, or another floor)",
wall of tile 00CE70 (room 0x4f),wall of tile 00CD70 (room 0x4f),55.019,no,"the line between them leaves the walkable area (a wall's thickness, or another floor)",
wall of tile 00CE70 (room 0x4f),wall of tile 03E05A (room 0x3a),47.976,no,"the line between them leaves the walkable area (a wall's thickness, or another floor)",
wall of tile 00CE70 (room 0x4f),wall of tile 03E15A (room 0x3a),35.974,no,"the line between them leaves the walkable area (a wall's thickness, or another floor)",
wall of tile 00CE70 (room 0x4f),wall of tile 03E15A (room 0x3a),35.974,no,"the line between them leaves the walkable area (a wall's thickness, or another floor)",
wall of tile 00CE70 (room 0x4f),wall of tile 083758 (room 0x3a),21.161,no,"the line between them leaves the walkable area (a wall's thickness, or another floor)",
wall of tile 00CE70 (room 0x4f),wall of tile 083758 (room 0x3a),29.927,no,"the line between them leaves the walkable area (a wall's thickness, or another floor)",
wall of tile 00CE70 (room 0x4f),wall of tile 005358 (room 0x3a),21.161,no,"the line between them leaves the walkable area (a wall's thickness, or another floor)",
wall of tile 00CE70 (room 0x4f),wall of tile 003158 (room 0x3a),25.394,no,the far wall faces the other way (it belongs to floor which isn't linked here),
wall of tile 00CE70 (room 0x4f),wall of tile 003758 (room 0x3a),6.348,no,"the line between them leaves the walkable area (a wall's thickness, or another floor)",
wall of tile 02B870 (room 0x4f),wall of tile 03E05A (room 0x3a),47.976,no,"the line between them leaves the walkable area (a wall's thickness, or another floor)",
wall of tile 02B870 (room 0x4f),wall of tile 03E15A (room 0x3a),35.974,no,"the line between them leaves the walkable area (a wall's thickness, or another floor)",
wall of tile 02B870 (room 0x4f),wall of tile 083758 (room 0x3a),21.161,no,"the line between them leaves the walkable area (a wall's thickness, or another floor)",
wall of tile 02B870 (room 0x4f),wall of tile 083758 (room 0x3a),29.927,no,"the line between them leaves the walkable area (a wall's thickness, or another floor)",
wall of tile 00D770 (room 0x4f),wall of tile 00DA71 (room 0x4f),50.787,no,the line between them touches another wall,wall of tile 00D972 (room 0x4f)
wall of tile 00CD70 (room 0x4f),wall of tile 00DA72 (room 0x4f),50.787,no,the line between them touches another wall,wall of tile 00D971 (room 0x4f)
wall of tile 00DA72 (room 0x4f),monitor 0x1c8258 (preset 0x2727),21.122,no,"another wall pokes into the space between them, so a tighter pair covers this gap",wall of tile 00DA71 (room 0x4f)
wall of tile 00DA72 (room 0x4f),monitor 0x1c8258 (preset 0x2727),21.122,no,"another wall pokes into the space between them, so a tighter pair covers this gap",wall of tile 00DA71 (room 0x4f)
wall of tile 00DA71 (room 0x4f),monitor 0x1c7b5c (preset 0x2724),1.957,yes,,
wall of tile 00DA71 (room 0x4f),monitor 0x1c7b5c (preset 0x2724),2.116,no,"another wall pokes into the space between them, so a tighter pair covers this gap",monitor 0x1c7b5c (preset 0x2724)
wall of tile 00DA71 (room 0x4f),monitor 0x1c7b5c (preset 0x2724),1.957,yes,,
wall of tile 00DA71 (room 0x4f),monitor 0x1c7db0 (preset 0x2725),1.954,yes,,
wall of tile 00DA71 (room 0x4f),monitor 0x1c7db0 (preset 0x2725),2.116,no,"another wall pokes into the space between them, so a tighter pair covers this gap",monitor 0x1c7db0 (preset 0x2725)
wall of tile 00DA71 (room 0x4f),monitor 0x1c7db0 (preset 0x2725),1.954,yes,,
wall of tile 00DA71 (room 0x4f),monitor 0x1c8004 (preset 0x2726),1.957,yes,,
wall of tile 00DA71 (room 0x4f),monitor 0x1c8004 (preset 0x2726),2.116,no,"another wall pokes into the space between them, so a tighter pair covers this gap",monitor 0x1c8004 (preset 0x2726)
wall of tile 00DA71 (room 0x4f),monitor 0x1c8004 (preset 0x2726),1.957,yes,,
wall of tile 00DA71 (room 0x4f),monitor 0x1c8258 (preset 0x2727),1.954,yes,,
wall of tile 00DA71 (room 0x4f),monitor 0x1c8258 (preset 0x2727),2.116,no,"another wall pokes into the space between them, so a tighter pair covers this gap",monitor 0x1c8258 (preset 0x2727)
wall of tile 00DA71 (room 0x4f),monitor 0x1c8258 (preset 0x2727),1.954,yes,,
wall of tile 00DA71 (room 0x4f),monitor 0x1c7b5c (preset 0x2724),25.469,no,"another wall pokes into the space between them, so a tighter pair covers this gap",wall of tile 00DA71 (room 0x4f)
wall of tile 00DA71 (room 0x4f),monitor 0x1c7b5c (preset 0x2724),25.469,no,"another wall pokes into the space between them, so a tighter pair covers this gap",wall of tile 00DA71 (room 0x4f)
wall of tile 02A172 (room 0x4f),wall of tile 00B748 (room 0x38),8.465,no,the line between them touches another wall,wall of tile 01364A (room 0x38)
wall of tile 00BC48 (room 0x38),wall of tile 002A48 (room 0x37),31.742,no,the line between them touches another wall,wall of tile 002A48 (room 0x37)
wall of tile 00BC48 (room 0x38),wall of tile 064528 (room 0x27),50.300,no,"the line between them leaves the walkable area (a wall's thickness, or another floor)",
wall of tile 00BC48 (room 0x38),wall of tile 064429 (room 0x27),49.480,no,"the line between them leaves the walkable area (a wall's thickness, or another floor)",
wall of tile 002A48 (room 0x37),wall of tile 064429 (room 0x27),14.813,no,"the line between them leaves the walkable area (a wall's thickness, or another floor)",
wall of tile 002A48 (room 0x37),wall of tile 064528 (room 0x27),24.128,no,"the line between them leaves the walkable area (a wall's thickness, or another floor)",
wall of tile 002A48 (room 0x37),wall of tile 064429 (room 0x27),18.419,no,"the line between them leaves the walkable area (a wall's thickness, or another floor)",
wall of tile 00BE48 (room 0x37),wall of tile 003D28 (room 0x25),43.505,no,the far wall faces the other way (it belongs to floor which isn't linked here),
wall of tile 00BE48 (room 0x37),wall of tile 064528 (room 0x27),2.250,no,the far wall faces the other way (it belongs to floor which isn't linked here),
wall of tile 00BE48 (room 0x37),wall of tile 064429 (room 0x27),44.840,no,"the line between them leaves the walkable area (a wall's thickness, or another floor)",
wall of tile 00BE48 (room 0x37),wall of tile 002F48 (room 0x37),31.459,no,the line between them touches another wall,wall of tile 003048 (room 0x37)
wall of tile 002D48 (room 0x37),wall of tile 004028 (room 0x25),21.161,no,the far wall faces the other way (it belongs to floor which isn't linked here),
wall of tile 002D48 (room 0x37),wall of tile 002F28 (room 0x27),50.787,no,"the line between them leaves the walkable area (a wall's thickness, or another floor)",
wall of tile 002D48 (room 0x37),wall of tile 002F28 (room 0x27),51.488,no,"the line between them leaves the walkable area (a wall's thickness, or another floor)",
wall of tile 002D48 (room 0x37),wall of tile 002C28 (room 0x25),34.306,no,the far wall faces the other way (it belongs to floor which isn't linked here),
wall of tile 003148 (room 0x37),wall of tile 004028 (room 0x25),58.376,no,the far wall faces the other way (it belongs to floor which isn't linked here),
wall of tile 003148 (room 0x37),wall of tile 002C28 (room 0x25),29.626,no,the far wall faces the other way (it belongs to floor which isn't linked here),
wall of tile 003148 (room 0x37),wall of tile 003828 (room 0x25),29.626,no,the line between them touches another wall,wall of tile 010148 (room 0x37)
wall of tile 010148 (room 0x37),wall of tile 003848 (room 0x36),54.228,no,"the line between them leaves the walkable area (a wall's thickness, or another floor)",
wall of tile 010148 (room 0x37),wall of tile 002C28 (room 0x25),29.626,no,the far wall faces the other way (it belongs to floor which isn't linked here),
wall of tile 010148 (room 0x37),wall of tile 004928 (room 0x25),50.787,no,"the line between them leaves the walkable area (a wall's thickness, or another floor)",
wall of tile 010148 (room 0x37),wall of tile 003948 (room 0x36),56.965,no,"the line between them leaves the walkable area (a wall's thickness, or another floor)",
wall of tile 010148 (room 0x37),wall of tile 004928 (room 0x25),47.554,no,"the line between them leaves the walkable area (a wall's thickness, or another floor)",
wall of tile 003848 (room 0x36),wall of tile 003828 (room 0x25),35.366,no,"the line between them leaves the walkable area (a wall's thickness, or another floor)",
wall of tile 003848 (room 0x36),wall of tile 004928 (room 0x25),29.626,no,"the line between them leaves the walkable area (a wall's thickness, or another floor)",
wall of tile 003848 (room 0x36),wall of tile 004928 (room 0x25),19.045,no,the line between them touches another wall,wall of tile 003948 (room 0x36)
wall of tile 003848 (room 0x36),wall of tile 004628 (room 0x25),19.045,no,the line between them touches another wall,wall of tile 003948 (room 0x36)
wall of tile 003648 (room 0x36),wall of tile 004828 (room 0x25),19.045,no,the line between them touches another wall,wall of tile 012D48 (room 0x36)
wall of tile 003648 (room 0x36),wall of tile 003328 (room 0x25),37.033,no,"the line between them leaves the walkable area (a wall's thickness, or another floor)",
wall of tile 003648 (room 0x36),wall of tile 004A28 (room 0x25),31.742,no,"the line between them leaves the walkable area (a wall's thickness, or another floor)",
wall of tile 003648 (room 0x36),wall of tile 004A28 (room 0x25),19.045,no,the line between them touches another wall,wall of tile 012D48 (room 0x36)
wall of tile 012D48 (room 0x36),wall of tile 041902 (room 0x06),51.226,no,"the line between them leaves the walkable area (a wall's thickness, or another floor)",
wall of tile 012D48 (room 0x36),wall of tile 009F02 (room 0x06),51.226,no,"the line between them leaves the walkable area (a wall's thickness, or another floor)",
wall of tile 012D48 (room 0x36),wall of tile 00AA01 (room 0x05),59.891,no,"the line between them leaves the walkable area (a wall's thickness, or another floor)",
wall of tile 012D48 (room 0x36),wall of tile 053602 (room 0x05),51.226,no,"the line between them leaves the walkable area (a wall's thickness, or another floor)",
wall of tile 012D48 (room 0x36),wall of tile 053602 (room 0x05),51.226,no,"the line between them leaves the walkable area (a wall's thickness, or another floor)",
wall of tile 012D48 (room 0x36),wall of tile 004728 (room 0x25),2.115,no,"the line between them leaves the walkable area (a wall's thickness, or another floor)",
wall of tile 012D48 (room 0x36),wall of tile 003328 (room 0x25),38.149,no,"the line between them leaves the walkable area (a wall's thickness, or another floor)",
wall of tile 012D48 (room 0x36),wall of tile 004A28 (room 0x25),31.742,no,"the line between them leaves the walkable area (a wall's thickness, or another floor)",
wall of tile 012D48 (room 0x36),wall of tile 010248 (room 0x37),56.015,no,"the line between them leaves the walkable area (a wall's thickness, or another floor)",
wall of tile 003548 (room 0x36),wall of tile 009F02 (room 0x06),31.742,no,"the line between them leaves the walkable area (a wall's thickness, or another floor)",
wall of tile 003548 (room 0x36),wall of tile 00AA01 (room 0x05),31.742,no,"the line between them leaves the walkable area (a wall's thickness, or another floor)",
wall of tile 003548 (room 0x36),wall of tile 053602 (room 0x05),31.742,no,"the line between them leaves the walkable area (a wall's thickness, or another floor)",
wall of tile 003548 (room 0x36),door 0x1cad6c (preset 0x004b),0.000,no,"the line between them leaves the walkable area (a wall's thickness, or another floor)",
wall of tile 003548 (room 0x36),door 0x1cad6c (preset 0x004b),14.813,no,the far wall faces the other way (it belongs to floor which isn't linked here),
wall of tile 003548 (room 0x36),wall of tile 009E01 (room 0x06),33.858,no,"the line between them leaves the walkable area (a wall's thickness, or another floor)",
wall of tile 003548 (room 0x36),wall of tile 00AA02 (room 0x05),31.742,no,"the line between them leaves the walkable area (a wall's thickness, or another floor)",
wall of tile 003548 (room 0x36),wall of tile 053602 (room 0x05),31.742,no,"the line between them leaves the walkable area (a wall's thickness, or another floor)",
wall of tile 003548 (room 0x36),door 0x1cad6c (preset 0x004b),0.000,no,the far wall faces the other way (it belongs to floor which isn't linked here),
wall of tile 003548 (room 0x36),door 0x1cad6c (preset 0x004b),0.000,no,the far wall faces the other way (it belongs to floor which isn't linked here),
wall of tile 003548 (room 0x36),door 0x1cad6c (preset 0x004b),14.813,no,"the line between them leaves the walkable area (a wall's thickness, or another floor)",
wall of tile 003548 (room 0x36),door 0x1cad6c (preset 0x004b),14.813,no,"the line between them leaves the walkable area (a wall's thickness, or another floor)",
wall of tile 041901 (room 0x06),wall of tile 003948 (room 0x36),54.199,no,"the line between them leaves the walkable area (a wall's thickness, or another floor)",
wall of tile 041901 (room 0x06),wall of tile 00AA02 (room 0x05),4.977,no,the far wall faces the other way (it belongs to floor which isn't linked here),
wall of tile 041901 (room 0x06),wall of tile 004628 (room 0x25),52.903,no,"the line between them leaves the walkable area (a wall's thickness, or another floor)",
wall of tile 041901 (room 0x06),door 0x1cad6c (preset 0x004b),0.000,no,the far wall faces the other way (it belongs to floor which isn't linked here),
wall of tile 041901 (room 0x06),door 0x1cad6c (preset 0x004b),0.000,no,the far wall faces the other way (it belongs to floor which isn't linked here),
wall of tile 041901 (room 0x06),door 0x1cad6c (preset 0x004b),9.754,no,the far wall faces the other way (it belongs to floor which isn't linked here),
wall of tile 041901 (room 0x06),door 0x1cad6c (preset 0x004b),9.754,no,the far wall faces the other way (it belongs to floor which isn't linked here),
wall of tile 003948 (room 0x36),wall of tile 009E01 (room 0x06),48.286,no,"the line between them leaves the walkable area (a wall's thickness, or another floor)",
wall of tile 003948 (room 0x36),wall of tile 00AA02 (room 0x05),59.891,no,"the line between them leaves the walkable area (a wall's thickness, or another floor)",
wall of tile 003948 (room 0x36),wall of tile 053602 (room 0x05),52.903,no,"the line between them leaves the walkable area (a wall's thickness, or another floor)",
wall of tile 003948 (room 0x36),wall of tile 053601 (room 0x05),52.903,no,"the line between them leaves the walkable area (a wall's thickness, or another floor)",
wall of tile 003948 (room 0x36),wall of tile 004528 (room 0x25),2.115,no,"the line between them leaves the walkable area (a wall's thickness, or another floor)",
wall of tile 003948 (room 0x36),wall of tile 003828 (room 0x25),36.407,no,"the line between them leaves the walkable area (a wall's thickness, or another floor)",
wall of tile 003948 (room 0x36),wall of tile 004928 (room 0x25),29.626,no,"the line between them leaves the walkable area (a wall's thickness, or another floor)",
wall of tile 041902 (room 0x06),wall of tile 00AA01 (room 0x05),7.735,no,the far wall faces the other way (it belongs to floor which isn't linked here),
wall of tile 041902 (room 0x06),wall of tile 004828 (room 0x25),49.943,no,"the line between them leaves the walkable area (a wall's thickness, or another floor)",
wall of tile 041902 (room 0x06),door 0x1cad6c (preset 0x004b),0.000,no,the far wall faces the other way (it belongs to floor which isn't linked here),
wall of tile 041902 (room 0x06),door 0x1cad6c (preset 0x004b),0.000,no,the far wall faces the other way (it belongs to floor which isn't linked here),
wall of tile 041902 (room 0x06),door 0x1cad6c (preset 0x004b),10.107,no,the far wall faces the other way (it belongs to floor which isn't linked here),
wall of tile 009F02 (room 0x06),wall of tile 004728 (room 0x25),30.830,no,"the line between them leaves the walkable area (a wall's thickness, or another floor)",
wall of tile 009F02 (room 0x06),wall of tile 004828 (room 0x25),49.943,no,"the line between them leaves the walkable area (a wall's thickness, or another floor)",
wall of tile 009F02 (room 0x06),door 0x1cad6c (preset 0x004b),34.122,no,the far wall faces the other way (it belongs to floor which isn't linked here),
wall of tile 009F02 (room 0x06),door 0x1cad6c (preset 0x004b),43.419,no,the far wall faces the other way (it belongs to floor which isn't linked here),
wall of tile 009F02 (room 0x06),door 0x1cad6c (preset 0x004b),43.419,no,"the line between them leaves the walkable area (a wall's thickness, or another floor)",
wall of tile 009F02 (room 0x06),door 0x1cad6c (preset 0x004b),34.122,no,the far wall faces the other way (it belongs to floor which isn't linked here),
wall of tile 009F02 (room 0x06),wall of tile 00AA02 (room 0x05),10.581,no,the far wall faces the other way (it belongs to floor which isn't linked here),
wall of tile 009F02 (room 0x06),wall of tile 00AA01 (room 0x05),10.581,no,"the line between them leaves the walkable area (a wall's thickness, or another floor)",
wall of tile 009E01 (room 0x06),wall of tile 00AA02 (room 0x05),8.465,no,the far wall faces the other way (it belongs to floor which isn't linked here),
wall of tile 009E01 (room 0x06),wall of tile 053602 (room 0x05),2.116,no,"the line between them leaves the walkable area (a wall's thickness, or another floor)",
wall of tile 009E01 (room 0x06),wall of tile 053601 (room 0x05),2.116,no,"the line between them leaves the walkable area (a wall's thickness, or another floor)",
wall of tile 009E01 (room 0x06),wall of tile 004528 (room 0x25),32.973,no,"the line between them leaves the walkable area (a wall's thickness, or another floor)",
wall of tile 009E01 (room 0x06),wall of tile 004628 (room 0x25),46.358,no,"the line between them leaves the walkable area (a wall's thickness, or another floor)",
wall of tile 009E01 (room 0x06),door 0x1cad6c (preset 0x004b),44.990,no,"the line between them leaves the walkable area (a wall's thickness, or another floor)",
wall of tile 009E01 (room 0x06),door 0x1cad6c (preset 0x004b),35.219,no,the far wall faces the other way (it belongs to floor which isn't linked here),
wall of tile 009E01 (room 0x06),door 0x1cad6c (preset 0x004b),35.219,no,the far wall faces the other way (it belongs to floor which isn't linked here),
wall of tile 009E01 (room 0x06),door 0x1cad6c (preset 0x004b),35.219,no,the far wall faces the other way (it belongs to floor which isn't linked here),
wall of tile 009101 (room 0x06),wall of tile 00B002 (room 0x06),4.232,no,the line between them touches another wall,wall of tile 009401 (room 0x06)
wall of tile 009101 (room 0x06),wall of tile 002220 (room 0x20),33.858,no,"the line between them leaves the walkable area (a wall's thickness, or another floor)",
wall of tile 009101 (room 0x06),wall of tile 002320 (room 0x20),48.286,no,"the line between them leaves the walkable area (a wall's thickness, or another floor)",
wall of tile 009401 (room 0x06),wall of tile 002220 (room 0x20),29.626,no,"the line between them leaves the walkable area (a wall's thickness, or another floor)",
wall of tile 009401 (room 0x06),wall of tile 002320 (room 0x20),51.661,no,"the line between them leaves the walkable area (a wall's thickness, or another floor)",
wall of tile 009402 (room 0x06),wall of tile 002420 (room 0x20),29.626,no,"the line between them leaves the walkable area (a wall's thickness, or another floor)",
wall of tile 009402 (room 0x06),wall of tile 002520 (room 0x20),49.943,no,"the line between them leaves the walkable area (a wall's thickness, or another floor)",
wall of tile 00B002 (room 0x06),wall of tile 002320 (room 0x20),51.661,no,"the line between them leaves the walkable area (a wall's thickness, or another floor)",
wall of tile 00B001 (room 0x06),wall of tile 002520 (room 0x20),49.943,no,"the line between them leaves the walkable area (a wall's thickness, or another floor)",
wall of tile 002320 (room 0x20),wall of tile 001520 (room 0x20),49.943,no,"another wall pokes into the space between them, so a tighter pair covers this gap",wall of tile 002620 (room 0x20)
wall of tile 002320 (room 0x20),wall of tile 002620 (room 0x20),29.626,no,the line between them touches another wall,wall of tile 002620 (room 0x20)
wall of tile 002520 (room 0x20),wall of tile 001020 (room 0x20),51.226,no,"another wall pokes into the space between them, so a tighter pair covers this gap",wall of tile 002720 (room 0x20)
wall of tile 002520 (room 0x20),wall of tile 002720 (room 0x20),31.742,no,the line between them touches another wall,wall of tile 002720 (room 0x20)
wall of tile 001020 (room 0x20),wall of tile 002720 (room 0x20),40.207,no,the line between them touches another wall,wall of tile 002720 (room 0x20)
wall of tile 001020 (room 0x20),wall of tile 000A20 (room 0x20),29.626,no,the line between them touches another wall,wall of tile 000A20 (room 0x20)
wall of tile 001020 (room 0x20),wall of tile 000720 (room 0x20),43.419,no,"another wall pokes into the space between them, so a tighter pair covers this gap",wall of tile 000A20 (room 0x20)
wall of tile 000A20 (room 0x20),wall of tile 000720 (room 0x20),31.742,no,the line between them touches another wall,wall of tile 000A20 (room 0x20)
wall of tile 000C20 (room 0x23),wall of tile 001D20 (room 0x20),29.626,no,the line between them touches another wall,wall of tile 000C20 (room 0x23)
wall of tile 004020 (room 0x21),wall of tile 002F20 (room 0x23),29.626,no,the line between them touches another wall,wall of tile 002F20 (room 0x23)
wall of tile 002C20 (room 0x21),wall of tile 003820 (room 0x21),43.419,no,"another wall pokes into the space between them, so a tighter pair covers this gap",wall of tile 002E20 (room 0x21)
wall of tile 002C20 (room 0x21),wall of tile 002E20 (room 0x21),29.626,no,the line between them touches another wall,wall of tile 002E20 (room 0x21)
wall of tile 002A20 (room 0x21),wall of tile 003320 (room 0x21),44.890,no,"another wall pokes into the space between them, so a tighter pair covers this gap",wall of tile 002D20 (room 0x21)
wall of tile 002A20 (room 0x21),wall of tile 002D20 (room 0x21),31.742,no,the line between them touches another wall,wall of tile 002D20 (room 0x21)
wall of tile 003320 (room 0x21),wall of tile 002D20 (room 0x21),31.742,no,the line between them touches another wall,wall of tile 002D20 (room 0x21)
wall of tile 003320 (room 0x21),wall of tile 004A20 (room 0x21),42.323,no,the line between them touches another wall,wall of tile 004A20 (room 0x21)
wall of tile 003320 (room 0x21),wall of tile 004820 (room 0x21),52.903,no,"another wall pokes into the space between them, so a tighter pair covers this gap",wall of tile 004A20 (room 0x21)
wall of tile 004A20 (room 0x21),wall of tile 004820 (room 0x21),31.742,no,the line between them touches another wall,wall of tile 004A20 (room 0x21)
wall of tile 004820 (room 0x21),wall of tile 07D91A (room 0x1e),49.942,no,"the line between them leaves the walkable area (a wall's thickness, or another floor)",
wall of tile 004820 (room 0x21),wall of tile 08331A (room 0x1e),49.942,no,"the line between them leaves the walkable area (a wall's thickness, or another floor)",
wall of tile 004820 (room 0x21),wall of tile 05D719 (room 0x1a),49.942,no,"the line between them leaves the walkable area (a wall's thickness, or another floor)",
wall of tile 004820 (room 0x21),wall of tile 05D71A (room 0x1a),49.942,no,"the line between them leaves the walkable area (a wall's thickness, or another floor)",
wall of tile 004820 (room 0x21),wall of tile 081019 (room 0x1b),52.903,no,"the line between them leaves the walkable area (a wall's thickness, or another floor)",
wall of tile 004820 (room 0x21),wall of tile 08101A (room 0x1b),52.903,no,"the line between them leaves the walkable area (a wall's thickness, or another floor)",
wall of tile 004720 (room 0x21),wall of tile 08331A (room 0x1e),30.830,no,"the line between them leaves the walkable area (a wall's thickness, or another floor)",
wall of tile 004720 (room 0x21),wall of tile 05D719 (room 0x1a),30.830,no,"the line between them leaves the walkable area (a wall's thickness, or another floor)",
wall of tile 004720 (room 0x21),wall of tile 05D71A (room 0x1a),30.830,no,"the line between them leaves the walkable area (a wall's thickness, or another floor)",
wall of tile 004720 (room 0x21),wall of tile 081019 (room 0x1b),33.009,no,"the line between them leaves the walkable area (a wall's thickness, or another floor)",
wall of tile 004720 (room 0x21),wall of tile 08101A (room 0x1b),33.009,no,"the line between them leaves the walkable area (a wall's thickness, or another floor)",
wall of tile 004720 (room 0x21),door 0x1c9c4c (preset 0x0038),0.000,yes,,
wall of tile 004720 (room 0x21),door 0x1c9c4c (preset 0x0038),0.000,no,"another wall pokes into the space between them, so a tighter pair covers this gap",door 0x1c9c4c (preset 0x0038)
wall of tile 004720 (room 0x21),door 0x1c9c4c (preset 0x0038),16.921,no,"the line between them leaves the walkable area (a wall's thickness, or another floor)",
wall of tile 07D919 (room 0x1e),wall of tile 004620 (room 0x21),51.661,no,"the line between them leaves the walkable area (a wall's thickness, or another floor)",
wall of tile 07D919 (room 0x1e),wall of tile 081119 (room 0x1b),2.993,no,the far wall faces the other way (it belongs to floor which isn't linked here),
wall of tile 07D919 (room 0x1e),wall of tile 081019 (room 0x1b),2.116,no,the far wall faces the other way (it belongs to floor which isn't linked here),
wall of tile 07D919 (room 0x1e),door 0x1c9c4c (preset 0x0038),0.000,no,the line between them touches another wall,door 0x1c9c4c (preset 0x0038)
wall of tile 07D919 (room 0x1e),door 0x1c9c4c (preset 0x0038),11.551,no,"another wall pokes into the space between them, so a tighter pair covers this gap",door 0x1c9c4c (preset 0x0038)
wall of tile 004520 (room 0x21),wall of tile 083719 (room 0x1e),30.857,no,"the line between them leaves the walkable area (a wall's thickness, or another floor)",
wall of tile 004520 (room 0x21),wall of tile 05CB19 (room 0x1a),30.857,no,"the line between them leaves the walkable area (a wall's thickness, or another floor)",
wall of tile 004520 (room 0x21),wall of tile 05D719 (room 0x1a),30.857,no,"the line between them leaves the walkable area (a wall's thickness, or another floor)",
wall of tile 004520 (room 0x21),wall of tile 081119 (room 0x1b),32.910,no,"the line between them leaves the walkable area (a wall's thickness, or another floor)",
wall of tile 004520 (room 0x21),wall of tile 081019 (room 0x1b),32.910,no,"the line between them leaves the walkable area (a wall's thickness, or another floor)",
wall of tile 004520 (room 0x21),door 0x1c9c4c (preset 0x0038),0.000,no,the line between them touches another wall,door 0x1c9c4c (preset 0x0038)
wall of tile 004520 (room 0x21),door 0x1c9c4c (preset 0x0038),16.922,no,"the line between them leaves the walkable area (a wall's thickness, or another floor)",
wall of tile 004620 (room 0x21),wall of tile 083719 (room 0x1e),45.289,no,"the line between them leaves the walkable area (a wall's thickness, or another floor)",
wall of tile 004620 (room 0x21),wall of tile 004920 (room 0x21),29.626,no,the line between them touches another wall,wall of tile 004920 (room 0x21)
wall of tile 004620 (room 0x21),wall of tile 003820 (room 0x21),51.661,no,"another wall pokes into the space between them, so a tighter pair covers this gap",wall of tile 004920 (room 0x21)
wall of tile 004620 (room 0x21),wall of tile 05CB19 (room 0x1a),45.289,no,"the line between them leaves the walkable area (a wall's thickness, or another floor)",
wall of tile 004620 (room 0x21),wall of tile 05D719 (room 0x1a),51.661,no,"the line between them leaves the walkable area (a wall's thickness, or another floor)",
wall of tile 004620 (room 0x21),wall of tile 081119 (room 0x1b),45.749,no,"the line between them leaves the walkable area (a wall's thickness, or another floor)",
wall of tile 004620 (room 0x21),wall of tile 081019 (room 0x1b),51.226,no,"the line between them leaves the walkable area (a wall's thickness, or another floor)",
wall of tile 07D91A (room 0x1e),wall of tile 081019 (room 0x1b),2.993,no,the far wall faces the other way (it belongs to floor which isn't linked here),
wall of tile 07D91A (room 0x1e),wall of tile 08101A (room 0x1b),2.993,no,the far wall faces the other way (it belongs to floor which isn't linked here),
wall of tile 07D91A (room 0x1e),door 0x1c9c4c (preset 0x0038),0.000,yes,,
wall of tile 07D91A (room 0x1e),door 0x1c9c4c (preset 0x0038),0.000,no,"another wall pokes into the space between them, so a tighter pair covers this gap",door 0x1c9c4c (preset 0x0038)
wall of tile 07D91A (room 0x1e),door 0x1c9c4c (preset 0x0038),11.551,no,"another wall pokes into the space between them, so a tighter pair covers this gap",door 0x1c9c4c (preset 0x0038)
wall of tile 08371A (room 0x1e),wall of tile 08061A (room 0x1b),2.993,no,the far wall faces the other way (it belongs to floor which isn't linked here),
wall of tile 08371A (room 0x1e),wall of tile 08111A (room 0x1b),2.800,no,the far wall faces the other way (it belongs to floor which isn't linked here),
wall of tile 08371A (room 0x1e),wall of tile 08101A (room 0x1b),2.116,no,the far wall faces the other way (it belongs to floor which isn't linked here),
wall of tile 08331A (room 0x1e),wall of tile 081019 (room 0x1b),1.669,no,the far wall faces the other way (it belongs to floor which isn't linked here),
wall of tile 08331A (room 0x1e),wall of tile 08101A (room 0x1b),1.669,no,the far wall faces the other way (it belongs to floor which isn't linked here),
wall of tile 08331A (room 0x1e),wall of tile 08101A (room 0x1b),2.484,no,the far wall faces the other way (it belongs to floor which isn't linked here),
wall of tile 08331A (room 0x1e),door 0x1c9c4c (preset 0x0038),33.123,no,"another wall pokes into the space between them, so a tighter pair covers this gap",wall of tile 07D91A (room 0x1e)
wall of tile 08331A (room 0x1e),door 0x1c9c4c (preset 0x0038),43.420,no,"the line between them leaves the walkable area (a wall's thickness, or another floor)",
wall of tile 08331A (room 0x1e),door 0x1c9c4c (preset 0x0038),33.123,no,"another wall pokes into the space between them, so a tighter pair covers this gap",wall of tile 07D91A (room 0x1e)
wall of tile 08331A (room 0x1e),wall of tile 08111A (room 0x1b),2.993,no,the far wall faces the other way (it belongs to floor which isn't linked here),
wall of tile 08331A (room 0x1e),wall of tile 08101A (room 0x1b),2.116,no,the far wall faces the other way (it belongs to floor which isn't linked here),
wall of tile 08331A (room 0x1e),wall of tile 08101A (room 0x1b),2.116,no,the far wall faces the other way (it belongs to floor which isn't linked here),
wall of tile 083719 (room 0x1e),wall of tile 080619 (room 0x1b),2.993,no,"the line between them leaves the walkable area (a wall's thickness, or another floor)",
wall of tile 083719 (room 0x1e),wall of tile 081019 (room 0x1b),0.962,no,the far wall faces the other way (it belongs to floor which isn't linked here),
wall of tile 083719 (room 0x1e),door 0x1c9c4c (preset 0x0038),43.420,no,"the line between them leaves the walkable area (a wall's thickness, or another floor)",
wall of tile 083719 (room 0x1e),door 0x1c9c4c (preset 0x0038),33.123,no,"another wall pokes into the space between them, so a tighter pair covers this gap",wall of tile 07D919 (room 0x1e)
wall of tile 083719 (room 0x1e),door 0x1c9c4c (preset 0x0038),33.123,no,"another wall pokes into the space between them, so a tighter pair covers this gap",wall of tile 07D919 (room 0x1e)
wall of tile 08361A (room 0x1e),wall of tile 08021A (room 0x1b),2.801,no,the far wall faces the other way (it belongs to floor which isn't linked here),
wall of tile 08361A (room 0x1e),wall of tile 08061A (room 0x1b),2.993,no,the far wall faces the other way (it belongs to floor which isn't linked here),
wall of tile 08361A (room 0x1e),wall of tile 08111A (room 0x1b),2.800,no,the far wall faces the other way (it belongs to floor which isn't linked here),
wall of tile 083619 (room 0x1e),wall of tile 080219 (room 0x1b),2.805,no,"the line between them leaves the walkable area (a wall's thickness, or another floor)",
wall of tile 083619 (room 0x1e),wall of tile 080619 (room 0x1b),2.993,no,"the line between them leaves the walkable area (a wall's thickness, or another floor)",
wall of tile 083619 (room 0x1e),wall of tile 081119 (room 0x1b),2.812,no,"the line between them leaves the walkable area (a wall's thickness, or another floor)",
wall of tile 083E19 (room 0x1e),wall of tile 080519 (room 0x1b),2.116,no,the far wall faces the other way (it belongs to floor which isn't linked here),
wall of tile 083E19 (room 0x1e),wall of tile 08021A (room 0x1b),2.801,no,the far wall faces the other way (it belongs to floor which isn't linked here),
wall of tile 083E19 (room 0x1e),wall of tile 08061A (room 0x1b),2.993,no,the far wall faces the other way (it belongs to floor which isn't linked here),
wall of tile 083E1A (room 0x1e),wall of tile 002238 (room 0x2c),32.973,no,"the line between them leaves the walkable area (a wall's thickness, or another floor)",
wall of tile 083E1A (room 0x1e),wall of tile 07EE1A (room 0x1b),2.805,no,"the line between them leaves the walkable area (a wall's thickness, or another floor)",
wall of tile 083E1A (room 0x1e),wall of tile 080219 (room 0x1b),2.805,no,"the line between them leaves the walkable area (a wall's thickness, or another floor)",
wall of tile 083E1A (room 0x1e),wall of tile 080619 (room 0x1b),2.993,no,"the line between them leaves the walkable area (a wall's thickness, or another floor)",
wall of tile 083E1A (room 0x1e),wall of tile 002338 (room 0x2c),46.489,no,"the line between them leaves the walkable area (a wall's thickness, or another floor)",
wall of tile 083E1A (room 0x1e),door 0x1c9b4c (preset 0x0037),34.121,no,"the line between them leaves the walkable area (a wall's thickness, or another floor)",
wall of tile 083E1A (room 0x1e),door 0x1c9b4c (preset 0x0037),34.121,no,"the line between them leaves the walkable area (a wall's thickness, or another floor)",
wall of tile 083E1A (room 0x1e),door 0x1c9b4c (preset 0x0037),44.989,no,"the line between them leaves the walkable area (a wall's thickness, or another floor)",
wall of tile 083E1A (room 0x1e),door 0x1c9b4c (preset 0x0037),44.990,no,"the line between them leaves the walkable area (a wall's thickness, or another floor)",
wall of tile 083F1A (room 0x1e),wall of tile 08051A (room 0x1b),2.116,no,the far wall faces the other way (it belongs to floor which isn't linked here),
wall of tile 083F1A (room 0x1e),wall of tile 080519 (room 0x1b),2.116,no,the far wall faces the other way (it belongs to floor which isn't linked here),
wall of tile 083F1A (room 0x1e),wall of tile 08021A (room 0x1b),2.993,no,the far wall faces the other way (it belongs to floor which isn't linked here),
wall of tile 083F19 (room 0x1e),wall of tile 002538 (room 0x2c),49.583,no,"the line between them leaves the walkable area (a wall's thickness, or another floor)",
wall of tile 083F19 (room 0x1e),wall of tile 002438 (room 0x2c),32.848,no,"the line between them leaves the walkable area (a wall's thickness, or another floor)",
wall of tile 083F19 (room 0x1e),wall of tile 002238 (room 0x2c),32.973,no,"the line between them leaves the walkable area (a wall's thickness, or another floor)",
wall of tile 083F19 (room 0x1e),wall of tile 07EE19 (room 0x1b),2.116,no,"the line between them leaves the walkable area (a wall's thickness, or another floor)",
wall of tile 083F19 (room 0x1e),wall of tile 07EE1A (room 0x1b),2.993,no,"the line between them leaves the walkable area (a wall's thickness, or another floor)",
wall of tile 083F19 (room 0x1e),wall of tile 080219 (room 0x1b),2.993,no,"the line between them leaves the walkable area (a wall's thickness, or another floor)",
wall of tile 083F19 (room 0x1e),wall of tile 002338 (room 0x2c),52.903,no,"the line between them leaves the walkable area (a wall's thickness, or another floor)",
wall of tile 083F19 (room 0x1e),door 0x1c9b4c (preset 0x0037),16.929,no,"the line between them leaves the walkable area (a wall's thickness, or another floor)",
wall of tile 083F19 (room 0x1e),door 0x1c9b4c (preset 0x0037),16.929,no,"the line between them leaves the walkable area (a wall's thickness, or another floor)",
wall of tile 083F19 (room 0x1e),door 0x1c9b4c (preset 0x0037),33.858,no,"the line between them leaves the walkable area (a wall's thickness, or another floor)",
wall of tile 083F19 (room 0x1e),door 0x1c9b4c (preset 0x0037),33.858,no,"the line between them leaves the walkable area (a wall's thickness, or another floor)",
wall of tile 083F19 (room 0x1e),door 0x1c9b4c (preset 0x0037),16.929,no,"the line between them leaves the walkable area (a wall's thickness, or another floor)",
wall of tile 083F19 (room 0x1e),door 0x1c9b4c (preset 0x0037),16.929,no,"the line between them leaves the walkable area (a wall's thickness, or another floor)",
wall of tile 08451A (room 0x1e),wall of tile 08051A (room 0x1b),2.993,no,the far wall faces the other way (it belongs to floor which isn't linked here),
wall of tile 08451A (room 0x1e),wall of tile 080519 (room 0x1b),2.993,no,the far wall faces the other way (it belongs to floor which isn't linked here),
wall of tile 084519 (room 0x1e),wall of tile 002538 (room 0x2c),44.614,no,"the line between them leaves the walkable area (a wall's thickness, or another floor)",
wall of tile 084519 (room 0x1e),wall of tile 002438 (room 0x2c),32.848,no,"the line between them leaves the walkable area (a wall's thickness, or another floor)",
wall of tile 084519 (room 0x1e),wall of tile 07EE19 (room 0x1b),2.993,no,"the line between them leaves the walkable area (a wall's thickness, or another floor)",
wall of tile 084519 (room 0x1e),wall of tile 08051A (room 0x1b),2.503,no,"the line between them leaves the walkable area (a wall's thickness, or another floor)",
wall of tile 084519 (room 0x1e),door 0x1c9b4c (preset 0x0037),37.855,no,"the line between them leaves the walkable area (a wall's thickness, or another floor)",
wall of tile 084519 (room 0x1e),door 0x1c9b4c (preset 0x0037),47.883,no,"the line between them leaves the walkable area (a wall's thickness, or another floor)",
wall of tile 084519 (room 0x1e),door 0x1c9b4c (preset 0x0037),37.855,no,"the line between them leaves the walkable area (a wall's thickness, or another floor)",
wall of tile 084519 (room 0x1e),door 0x1c9b4c (preset 0x0037),37.855,no,"the line between them leaves the walkable area (a wall's thickness, or another floor)",
wall of tile 084819 (room 0x1e),wall of tile 063668 (room 0x4e),42.806,no,"the line between them leaves the walkable area (a wall's thickness, or another floor)",
wall of tile 084819 (room 0x1e),wall of tile 063568 (room 0x4e),28.742,no,"the line between them leaves the walkable area (a wall's thickness, or another floor)",
wall of tile 084819 (room 0x1e),door 0x1c974c (preset 0x0032),33.123,no,"the line between them leaves the walkable area (a wall's thickness, or another floor)",
wall of tile 084819 (room 0x1e),door 0x1c974c (preset 0x0032),33.123,no,"the line between them leaves the walkable area (a wall's thickness, or another floor)",
wall of tile 084819 (room 0x1e),door 0x1c974c (preset 0x0032),41.897,no,"the line between them leaves the walkable area (a wall's thickness, or another floor)",
wall of tile 084B1A (room 0x1e),wall of tile 063368 (room 0x4e),28.715,no,"the line between them leaves the walkable area (a wall's thickness, or another floor)",
wall of tile 084B1A (room 0x1e),wall of tile 063468 (room 0x4e),48.717,no,"the line between them leaves the walkable area (a wall's thickness, or another floor)",
wall of tile 084B1A (room 0x1e),door 0x1c974c (preset 0x0032),33.123,no,"the line between them leaves the walkable area (a wall's thickness, or another floor)",
wall of tile 084B1A (room 0x1e),door 0x1c974c (preset 0x0032),33.123,no,"the line between them leaves the walkable area (a wall's thickness, or another floor)",
wall of tile 084B1A (room 0x1e),door 0x1c974c (preset 0x0032),41.897,no,"the line between them leaves the walkable area (a wall's thickness, or another floor)",
wall of tile 084B1A (room 0x1e),wall of tile 063668 (room 0x4e),50.478,no,"the line between them leaves the walkable area (a wall's thickness, or another floor)",
wall of tile 084B1A (room 0x1e),wall of tile 063568 (room 0x4e),28.742,no,"the line between them leaves the walkable area (a wall's thickness, or another floor)",
wall of tile 084B1A (room 0x1e),wall of tile 063368 (room 0x4e),28.715,no,"the line between them leaves the walkable area (a wall's thickness, or another floor)",
wall of tile 084B1A (room 0x1e),wall of tile 063468 (room 0x4e),48.717,no,"the line between them leaves the walkable area (a wall's thickness, or another floor)",
wall of tile 084B1A (room 0x1e),door 0x1c974c (preset 0x0032),14.813,no,"the line between them leaves the walkable area (a wall's thickness, or another floor)",
wall of tile 084B1A (room 0x1e),door 0x1c974c (preset 0x0032),14.813,no,"the line between them leaves the walkable area (a wall's thickness, or another floor)",
wall of tile 084B1A (room 0x1e),door 0x1c974c (preset 0x0032),14.813,no,"the line between them leaves the walkable area (a wall's thickness, or another floor)",
wall of tile 084B1A (room 0x1e),door 0x1c974c (preset 0x0032),29.626,no,"the line between them leaves the walkable area (a wall's thickness, or another floor)",
wall of tile 004920 (room 0x21),wall of tile 003820 (room 0x21),42.323,no,the line between them touches another wall,wall of tile 004920 (room 0x21)
wall of tile 003820 (room 0x21),wall of tile 002E20 (room 0x21),31.742,no,the line between them touches another wall,wall of tile 002E20 (room 0x21)
wall of tile 064722 (room 0x23),wall of tile 05E320 (room 0x22),31.484,no,"another wall pokes into the space between them, so a tighter pair covers this gap",wall of tile 064722 (room 0x23)
wall of tile 05E620 (room 0x22),wall of tile 05ED20 (room 0x22),44.890,no,"another wall pokes into the space between them, so a tighter pair covers this gap",wall of tile 05E920 (room 0x22)
wall of tile 05E620 (room 0x22),wall of tile 05E920 (room 0x22),31.742,no,the line between them touches another wall,wall of tile 05E920 (room 0x22)
wall of tile 05ED20 (room 0x22),wall of tile 05E920 (room 0x22),31.742,no,the line between them touches another wall,wall of tile 05E920 (room 0x22)
wall of tile 05ED20 (room 0x22),wall of tile 05FA20 (room 0x22),42.323,no,the line between them touches another wall,wall of tile 05FA20 (room 0x22)
wall of tile 05ED20 (room 0x22),wall of tile 05F820 (room 0x22),52.903,no,"another wall pokes into the space between them, so a tighter pair covers this gap",wall of tile 05FA20 (room 0x22)
wall of tile 05FA20 (room 0x22),wall of tile 05F820 (room 0x22),31.742,no,the line between them touches another wall,wall of tile 05FA20 (room 0x22)
wall of tile 05F820 (room 0x22),wall of tile 03E052 (room 0x39),59.252,no,"the line between them leaves the walkable area (a wall's thickness, or another floor)",
wall of tile 05F720 (room 0x22),wall of tile 030B51 (room 0x39),23.277,no,the line between them touches another wall,wall of tile 030D52 (room 0x39)
wall of tile 05F720 (room 0x22),wall of tile 03E252 (room 0x39),44.439,no,"the line between them leaves the walkable area (a wall's thickness, or another floor)",
wall of tile 05F720 (room 0x22),wall of tile 03E052 (room 0x39),59.252,no,"the line between them leaves the walkable area (a wall's thickness, or another floor)",
wall of tile 05F720 (room 0x22),door 0x1caa4c (preset 0x0048),0.000,no,the line between them touches another wall,door 0x1caa4c (preset 0x0048)
wall of tile 05F720 (room 0x22),door 0x1caa4c (preset 0x0048),16.929,no,the line between them touches another wall,wall of tile 030D52 (room 0x39)
wall of tile 05F720 (room 0x22),door 0x1caa4c (preset 0x0048),16.929,no,the line between them touches another wall,wall of tile 030D52 (room 0x39)
wall of tile 05F520 (room 0x22),wall of tile 030B52 (room 0x39),23.277,no,the line between them touches another wall,wall of tile 030D51 (room 0x39)
wall of tile 05F520 (room 0x22),wall of tile 03E251 (room 0x39),44.439,no,"the line between them leaves the walkable area (a wall's thickness, or another floor)",
wall of tile 05F520 (room 0x22),wall of tile 03E051 (room 0x39),59.252,no,"the line between them leaves the walkable area (a wall's thickness, or another floor)",
wall of tile 05F520 (room 0x22),wall of tile 002D50 (room 0x39),44.439,no,"the line between them leaves the walkable area (a wall's thickness, or another floor)",
wall of tile 05F520 (room 0x22),wall of tile 002D50 (room 0x39),44.439,no,"the line between them leaves the walkable area (a wall's thickness, or another floor)",
wall of tile 05F520 (room 0x22),door 0x1caa4c (preset 0x0048),0.000,no,the line between them touches another wall,door 0x1caa4c (preset 0x0048)
wall of tile 05F520 (room 0x22),door 0x1caa4c (preset 0x0048),16.929,no,the line between them touches another wall,door 0x1caa4c (preset 0x0048)
wall of tile 030D52 (room 0x39),wall of tile 03E252 (room 0x39),29.927,no,the line between them touches another wall,wall of tile 030B51 (room 0x39)
wall of tile 030D52 (room 0x39),wall of tile 03E052 (room 0x39),41.737,no,"another wall pokes into the space between them, so a tighter pair covers this gap",wall of tile 030B51 (room 0x39)
wall of tile 030D52 (room 0x39),door 0x1caa4c (preset 0x0048),0.000,no,the line between them touches another wall,door 0x1caa4c (preset 0x0048)
wall of tile 030D51 (room 0x39),wall of tile 03E251 (room 0x39),29.927,no,the line between them touches another wall,wall of tile 030B52 (room 0x39)
wall of tile 030D51 (room 0x39),wall of tile 03E051 (room 0x39),41.737,no,"another wall pokes into the space between them, so a tighter pair covers this gap",wall of tile 030B52 (room 0x39)
wall of tile 030D51 (room 0x39),wall of tile 002D50 (room 0x39),29.927,no,the line between them touches another wall,wall of tile 030B52 (room 0x39)
wall of tile 030D51 (room 0x39),wall of tile 002D50 (room 0x39),29.927,no,the line between them touches another wall,wall of tile 030B52 (room 0x39)
wall of tile 030D51 (room 0x39),door 0x1caa4c (preset 0x0048),0.000,no,"the line between them leaves the walkable area (a wall's thickness, or another floor)",
wall of tile 030D51 (room 0x39),door 0x1caa4c (preset 0x0048),0.000,no,the line between them touches another wall,wall of tile 05F520 (room 0x22)
wall of tile 030D51 (room 0x39),door 0x1caa4c (preset 0x0048),0.000,no,the line between them touches another wall,door 0x1caa4c (preset 0x0048)
wall of tile 030B51 (room 0x39),wall of tile 03E052 (room 0x39),14.813,no,the line between them touches another wall,wall of tile 03E252 (room 0x39)
wall of tile 030B51 (room 0x39),door 0x1caa4c (preset 0x0048),23.278,no,the line between them touches another wall,door 0x1caa4c (preset 0x0048)
wall of tile 030B51 (room 0x39),door 0x1caa4c (preset 0x0048),6.349,no,the line between them touches another wall,wall of tile 030D52 (room 0x39)
wall of tile 030B51 (room 0x39),door 0x1caa4c (preset 0x0048),6.348,no,the line between them touches another wall,wall of tile 030D52 (room 0x39)
wall of tile 030B51 (room 0x39),door 0x1caa4c (preset 0x0048),6.348,no,"another wall pokes into the space between them, so a tighter pair covers this gap",wall of tile 030D52 (room 0x39)
wall of tile 030B52 (room 0x39),wall of tile 03E051 (room 0x39),14.813,no,the line between them touches another wall,wall of tile 03E251 (room 0x39)
wall of tile 030B52 (room 0x39),door 0x1caa4c (preset 0x0048),6.348,no,"the line between them leaves the walkable area (a wall's thickness, or another floor)",
wall of tile 030B52 (room 0x39),door 0x1caa4c (preset 0x0048),23.277,no,"the line between them leaves the walkable area (a wall's thickness, or another floor)",
wall of tile 030B52 (room 0x39),door 0x1caa4c (preset 0x0048),23.278,no,"the line between them leaves the walkable area (a wall's thickness, or another floor)",
wall of tile 030B52 (room 0x39),door 0x1caa4c (preset 0x0048),6.348,no,"the line between them leaves the walkable area (a wall's thickness, or another floor)",
wall of tile 03E251 (room 0x39),door 0x1caa4c (preset 0x0048),34.707,no,"the line between them leaves the walkable area (a wall's thickness, or another floor)",
wall of tile 03E251 (room 0x39),door 0x1caa4c (preset 0x0048),49.220,no,"the line between them leaves the walkable area (a wall's thickness, or another floor)",
wall of tile 03E251 (room 0x39),door 0x1caa4c (preset 0x0048),49.220,no,"the line between them leaves the walkable area (a wall's thickness, or another floor)",
wall of tile 03E251 (room 0x39),door 0x1caa4c (preset 0x0048),34.707,no,"the line between them leaves the walkable area (a wall's thickness, or another floor)",
wall of tile 03E252 (room 0x39),door 0x1caa4c (preset 0x0048),49.220,no,"the line between them leaves the walkable area (a wall's thickness, or another floor)",
wall of tile 03E252 (room 0x39),door 0x1caa4c (preset 0x0048),34.707,no,"the line between them leaves the walkable area (a wall's thickness, or another floor)",
wall of tile 03E252 (room 0x39),door 0x1caa4c (preset 0x0048),34.707,no,"the line between them leaves the walkable area (a wall's thickness, or another floor)",
wall of tile 03E252 (room 0x39),door 0x1caa4c (preset 0x0048),34.707,no,"the line between them leaves the walkable area (a wall's thickness, or another floor)",
wall of tile 03E052 (room 0x39),wall of tile 043C50 (room 0x39),14.813,no,"the line between them leaves the walkable area (a wall's thickness, or another floor)",
wall of tile 03E052 (room 0x39),door 0x1caa4c (preset 0x0048),47.318,no,"the line between them leaves the walkable area (a wall's thickness, or another floor)",
wall of tile 03E052 (room 0x39),door 0x1caa4c (preset 0x0048),47.318,no,"the line between them leaves the walkable area (a wall's thickness, or another floor)",
wall of tile 03E052 (room 0x39),door 0x1caa4c (preset 0x0048),47.318,no,"the line between them leaves the walkable area (a wall's thickness, or another floor)",
wall of tile 03E051 (room 0x39),wall of tile 002D50 (room 0x39),14.813,no,the line between them touches another wall,wall of tile 03E251 (room 0x39)
wall of tile 03E051 (room 0x39),door 0x1caa4c (preset 0x0048),47.318,no,"the line between them leaves the walkable area (a wall's thickness, or another floor)",
wall of tile 03E051 (room 0x39),door 0x1caa4c (preset 0x0048),47.318,no,"the line between them leaves the walkable area (a wall's thickness, or another floor)",
wall of tile 03E051 (room 0x39),wall of tile 03B151 (room 0x39),14.813,no,the line between them touches another wall,wall of tile 03E151 (room 0x39)
wall of tile 03E051 (room 0x39),wall of tile 041752 (room 0x39),35.974,no,the line between them touches another wall,wall of tile 03B151 (room 0x39)
wall of tile 03E051 (room 0x39),wall of tile 03AE51 (room 0x39),40.207,no,the line between them touches another wall,wall of tile 03B151 (room 0x39)
wall of tile 03E151 (room 0x39),wall of tile 041752 (room 0x39),21.161,no,the line between them touches another wall,wall of tile 03B151 (room 0x39)
wall of tile 03E151 (room 0x39),wall of tile 03AE51 (room 0x39),25.394,no,the line between them touches another wall,wall of tile 03B151 (room 0x39)
wall of tile 03E151 (room 0x39),wall of tile 041852 (room 0x39),46.555,no,the line between them touches another wall,wall of tile 03B151 (room 0x39)
wall of tile 03E151 (room 0x39),wall of tile 03B651 (room 0x39),50.787,no,the line between them touches another wall,wall of tile 03B151 (room 0x39)
wall of tile 03E152 (room 0x39),wall of tile 041751 (room 0x39),21.161,no,the line between them touches another wall,wall of tile 03B152 (room 0x39)
wall of tile 03E152 (room 0x39),wall of tile 03AE52 (room 0x39),25.394,no,the line between them touches another wall,wall of tile 03B152 (room 0x39)
wall of tile 03E152 (room 0x39),wall of tile 041851 (room 0x39),46.555,no,the line between them touches another wall,wall of tile 03B152 (room 0x39)
wall of tile 03E152 (room 0x39),wall of tile 03B652 (room 0x39),50.787,no,the line between them touches another wall,wall of tile 03B152 (room 0x39)
wall of tile 03E152 (room 0x39),wall of tile 043C50 (room 0x39),14.813,no,"the line between them leaves the walkable area (a wall's thickness, or another floor)",
wall of tile 03E152 (room 0x39),wall of tile 005350 (room 0x39),33.123,no,"the line between them leaves the walkable area (a wall's thickness, or another floor)",
wall of tile 03E152 (room 0x39),wall of tile 043C50 (room 0x39),14.813,no,"the line between them leaves the walkable area (a wall's thickness, or another floor)",
wall of tile 03E152 (room 0x39),wall of tile 043C50 (room 0x39),5.547,no,the far wall faces the other way (it belongs to floor which isn't linked here),
wall of tile 03E152 (room 0x39),wall of tile 005350 (room 0x39),33.123,no,"the line between them leaves the walkable area (a wall's thickness, or another floor)",
wall of tile 03B152 (room 0x39),wall of tile 03AE52 (room 0x39),4.232,no,the line between them touches another wall,wall of tile 041751 (room 0x39)
wall of tile 03B152 (room 0x39),wall of tile 041851 (room 0x39),25.394,no,the line between them touches another wall,wall of tile 03AE52 (room 0x39)
wall of tile 03B152 (room 0x39),wall of tile 03B652 (room 0x39),29.626,no,the line between them touches another wall,wall of tile 03AE52 (room 0x39)
wall of tile 03B152 (room 0x39),wall of tile 041951 (room 0x39),50.787,no,the line between them touches another wall,wall of tile 03AE52 (room 0x39)
wall of tile 03B152 (room 0x39),wall of tile 03B352 (room 0x39),55.020,no,the line between them touches another wall,wall of tile 03AE52 (room 0x39)
wall of tile 03B152 (room 0x39),wall of tile 043E50 (room 0x39),44.439,no,the line between them touches another wall,wall of tile 03AE52 (room 0x39)
wall of tile 03B152 (room 0x39),wall of tile 005550 (room 0x39),44.439,no,the line between them touches another wall,wall of tile 03AE52 (room 0x39)
wall of tile 03B151 (room 0x39),wall of tile 03AE51 (room 0x39),4.232,no,the line between them touches another wall,wall of tile 041752 (room 0x39)
wall of tile 03B151 (room 0x39),wall of tile 041852 (room 0x39),25.394,no,the line between them touches another wall,wall of tile 03AE51 (room 0x39)
wall of tile 03B151 (room 0x39),wall of tile 03B651 (room 0x39),29.626,no,the line between them touches another wall,wall of tile 03AE51 (room 0x39)
wall of tile 03B151 (room 0x39),wall of tile 041952 (room 0x39),50.787,no,the line between them touches another wall,wall of tile 03AE51 (room 0x39)
wall of tile 03B151 (room 0x39),wall of tile 03B351 (room 0x39),55.020,no,the line between them touches another wall,wall of tile 03AE51 (room 0x39)
wall of tile 03B151 (room 0x39),wall of tile 000452 (room 0x39),14.813,no,the line between them touches another wall,wall of tile 03E151 (room 0x39)
wall of tile 03B151 (room 0x39),wall of tile 043C50 (room 0x39),14.813,no,the line between them touches another wall,wall of tile 03E151 (room 0x39)
wall of tile 041751 (room 0x39),wall of tile 041851 (room 0x39),21.161,no,the line between them touches another wall,wall of tile 03AE52 (room 0x39)
wall of tile 041751 (room 0x39),wall of tile 03B652 (room 0x39),25.394,no,the line between them touches another wall,wall of tile 03AE52 (room 0x39)
wall of tile 041751 (room 0x39),wall of tile 041951 (room 0x39),46.555,no,the line between them touches another wall,wall of tile 03AE52 (room 0x39)
wall of tile 041751 (room 0x39),wall of tile 03B352 (room 0x39),50.787,no,the line between them touches another wall,wall of tile 03AE52 (room 0x39)
wall of tile 041751 (room 0x39),wall of tile 042D51 (room 0x39),57.136,no,the line between them touches another wall,wall of tile 03AE52 (room 0x39)
wall of tile 041751 (room 0x39),wall of tile 043E50 (room 0x39),40.207,no,the line between them touches another wall,wall of tile 03AE52 (room 0x39)
wall of tile 041751 (room 0x39),wall of tile 005550 (room 0x39),40.207,no,the line between them touches another wall,wall of tile 03AE52 (room 0x39)
wall of tile 041752 (room 0x39),wall of tile 041852 (room 0x39),21.161,no,the line between them touches another wall,wall of tile 03AE51 (room 0x39)
wall of tile 041752 (room 0x39),wall of tile 03B651 (room 0x39),25.394,no,the line between them touches another wall,wall of tile 03AE51 (room 0x39)
wall of tile 041752 (room 0x39),wall of tile 041952 (room 0x39),46.555,no,the line between them touches another wall,wall of tile 03AE51 (room 0x39)
wall of tile 041752 (room 0x39),wall of tile 03B351 (room 0x39),50.787,no,the line between them touches another wall,wall of tile 03AE51 (room 0x39)
wall of tile 041752 (room 0x39),wall of tile 000452 (room 0x39),35.974,no,the line between them touches another wall,wall of tile 03B151 (room 0x39)
wall of tile 041752 (room 0x39),wall of tile 043C50 (room 0x39),35.974,no,the line between them touches another wall,wall of tile 03B151 (room 0x39)
wall of tile 03AE52 (room 0x39),wall of tile 03B652 (room 0x39),4.232,no,the line between them touches another wall,wall of tile 041851 (room 0x39)
wall of tile 03AE52 (room 0x39),wall of tile 041951 (room 0x39),25.394,no,the line between them touches another wall,wall of tile 03B652 (room 0x39)
wall of tile 03AE52 (room 0x39),wall of tile 03B352 (room 0x39),29.626,no,the line between them touches another wall,wall of tile 03B652 (room 0x39)
wall of tile 03AE52 (room 0x39),wall of tile 041A51 (room 0x39),50.787,no,the line between them touches another wall,wall of tile 03B652 (room 0x39)
wall of tile 03AE52 (room 0x39),wall of tile 03BD52 (room 0x39),55.019,no,the line between them touches another wall,wall of tile 03B652 (room 0x39)
wall of tile 03AE52 (room 0x39),wall of tile 042D51 (room 0x39),35.974,no,the line between them touches another wall,wall of tile 03B652 (room 0x39)
wall of tile 03AE52 (room 0x39),wall of tile 043E50 (room 0x39),19.045,no,the line between them touches another wall,wall of tile 03B652 (room 0x39)
wall of tile 03AE52 (room 0x39),wall of tile 005550 (room 0x39),19.045,no,the line between them touches another wall,wall of tile 03B652 (room 0x39)
wall of tile 03AE51 (room 0x39),wall of tile 03B651 (room 0x39),4.232,no,the line between them touches another wall,wall of tile 041852 (room 0x39)
wall of tile 03AE51 (room 0x39),wall of tile 041952 (room 0x39),25.394,no,the line between them touches another wall,wall of tile 03B651 (room 0x39)
wall of tile 03AE51 (room 0x39),wall of tile 03B351 (room 0x39),29.626,no,the line between them touches another wall,wall of tile 03B651 (room 0x39)
wall of tile 03AE51 (room 0x39),wall of tile 041A52 (room 0x39),50.787,no,the line between them touches another wall,wall of tile 03B651 (room 0x39)
wall of tile 03AE51 (room 0x39),wall of tile 03BD51 (room 0x39),55.019,no,the line between them touches another wall,wall of tile 03B651 (room 0x39)
wall of tile 03AE51 (room 0x39),wall of tile 000452 (room 0x39),40.207,no,the line between them touches another wall,wall of tile 03B151 (room 0x39)
wall of tile 03AE51 (room 0x39),wall of tile 043C50 (room 0x39),40.207,no,the line between them touches another wall,wall of tile 03B151 (room 0x39)
wall of tile 041851 (room 0x39),wall of tile 041951 (room 0x39),21.161,no,the line between them touches another wall,wall of tile 03B652 (room 0x39)
wall of tile 041851 (room 0x39),wall of tile 03B352 (room 0x39),25.394,no,the line between them touches another wall,wall of tile 03B652 (room 0x39)
wall of tile 041851 (room 0x39),wall of tile 041A51 (room 0x39),46.555,no,the line between them touches another wall,wall of tile 03B652 (room 0x39)
wall of tile 041851 (room 0x39),wall of tile 03BD52 (room 0x39),50.787,no,the line between them touches another wall,wall of tile 03B652 (room 0x39)
wall of tile 041851 (room 0x39),wall of tile 042D51 (room 0x39),31.742,no,the line between them touches another wall,wall of tile 03B652 (room 0x39)
wall of tile 041851 (room 0x39),wall of tile 043E50 (room 0x39),14.813,no,the line between them touches another wall,wall of tile 03B652 (room 0x39)
wall of tile 041851 (room 0x39),wall of tile 005550 (room 0x39),14.813,no,the line between them touches another wall,wall of tile 03B652 (room 0x39)
wall of tile 041852 (room 0x39),wall of tile 041952 (room 0x39),21.161,no,the line between them touches another wall,wall of tile 03B651 (room 0x39)
wall of tile 041852 (room 0x39),wall of tile 03B351 (room 0x39),25.394,no,the line between them touches another wall,wall of tile 03B651 (room 0x39)
wall of tile 041852 (room 0x39),wall of tile 041A52 (room 0x39),46.555,no,the line between them touches another wall,wall of tile 03B651 (room 0x39)
wall of tile 041852 (room 0x39),wall of tile 03BD51 (room 0x39),50.787,no,the line between them touches another wall,wall of tile 03B651 (room 0x39)
wall of tile 03B652 (room 0x39),wall of tile 03B352 (room 0x39),4.232,no,the line between them touches another wall,wall of tile 041951 (room 0x39)
wall of tile 03B652 (room 0x39),wall of tile 041A51 (room 0x39),25.394,no,the line between them touches another wall,wall of tile 03B352 (room 0x39)
wall of tile 03B652 (room 0x39),wall of tile 03BD52 (room 0x39),29.626,no,the line between them touches another wall,wall of tile 03B352 (room 0x39)
wall of tile 03B652 (room 0x39),wall of tile 041B51 (room 0x39),50.787,no,the line between them touches another wall,wall of tile 03B352 (room 0x39)
wall of tile 03B652 (room 0x39),wall of tile 03BC52 (room 0x39),55.019,no,the line between them touches another wall,wall of tile 03B352 (room 0x39)
wall of tile 03B652 (room 0x39),wall of tile 042850 (room 0x39),55.019,no,the line between them touches another wall,wall of tile 03B352 (room 0x39)
wall of tile 03B652 (room 0x39),wall of tile 042D51 (room 0x39),10.581,no,the line between them touches another wall,wall of tile 03B352 (room 0x39)
wall of tile 03B651 (room 0x39),wall of tile 03B351 (room 0x39),4.232,no,the line between them touches another wall,wall of tile 041952 (room 0x39)
wall of tile 03B651 (room 0x39),wall of tile 041A52 (room 0x39),25.394,no,the line between them touches another wall,wall of tile 03B351 (room 0x39)
wall of tile 03B651 (room 0x39),wall of tile 03BD51 (room 0x39),29.626,no,the line between them touches another wall,wall of tile 03B351 (room 0x39)
wall of tile 03B651 (room 0x39),wall of tile 041B52 (room 0x39),50.787,no,the line between them touches another wall,wall of tile 03B351 (room 0x39)
wall of tile 03B651 (room 0x39),wall of tile 03BC51 (room 0x39),55.019,no,the line between them touches another wall,wall of tile 03B351 (room 0x39)
wall of tile 041951 (room 0x39),wall of tile 041A51 (room 0x39),21.161,no,the line between them touches another wall,wall of tile 03B352 (room 0x39)
wall of tile 041951 (room 0x39),wall of tile 03BD52 (room 0x39),25.394,no,the line between them touches another wall,wall of tile 03B352 (room 0x39)
wall of tile 041951 (room 0x39),wall of tile 041B51 (room 0x39),46.555,no,the line between them touches another wall,wall of tile 03B352 (room 0x39)
wall of tile 041951 (room 0x39),wall of tile 03BC52 (room 0x39),50.787,no,the line between them touches another wall,wall of tile 03B352 (room 0x39)
wall of tile 041951 (room 0x39),wall of tile 042850 (room 0x39),50.787,no,the line between them touches another wall,wall of tile 03B352 (room 0x39)
wall of tile 041951 (room 0x39),wall of tile 042D51 (room 0x39),6.348,no,the line between them touches another wall,wall of tile 03B352 (room 0x39)
wall of tile 041951 (room 0x39),wall of tile 005550 (room 0x39),6.348,no,the line between them touches another wall,wall of tile 03B652 (room 0x39)
wall of tile 041952 (room 0x39),wall of tile 041A52 (room 0x39),21.161,no,the line between them touches another wall,wall of tile 03B351 (room 0x39)
wall of tile 041952 (room 0x39),wall of tile 03BD51 (room 0x39),25.394,no,the line between them touches another wall,wall of tile 03B351 (room 0x39)
wall of tile 041952 (room 0x39),wall of tile 041B52 (room 0x39),46.555,no,the line between them touches another wall,wall of tile 03B351 (room 0x39)
wall of tile 041952 (room 0x39),wall of tile 03BC51 (room 0x39),50.787,no,the line between them touches another wall,wall of tile 03B351 (room 0x39)
wall of tile 03B352 (room 0x39),wall of tile 03BD52 (room 0x39),4.232,no,the line between them touches another wall,wall of tile 041A51 (room 0x39)
wall of tile 03B352 (room 0x39),wall of tile 041B51 (room 0x39),25.394,no,the line between them touches another wall,wall of tile 03BD52 (room 0x39)
wall of tile 03B352 (room 0x39),wall of tile 03BC52 (room 0x39),29.626,no,the line between them touches another wall,wall of tile 03BD52 (room 0x39)
wall of tile 03B352 (room 0x39),wall of tile 041C51 (room 0x39),50.787,no,the line between them touches another wall,wall of tile 03BD52 (room 0x39)
wall of tile 03B352 (room 0x39),wall of tile 042850 (room 0x39),29.626,no,the line between them touches another wall,wall of tile 03BD52 (room 0x39)
wall of tile 03B352 (room 0x39),wall of tile 005550 (room 0x39),10.581,no,the line between them touches another wall,wall of tile 03B652 (room 0x39)
wall of tile 03B351 (room 0x39),wall of tile 03BD51 (room 0x39),4.232,no,the line between them touches another wall,wall of tile 041A52 (room 0x39)
wall of tile 03B351 (room 0x39),wall of tile 041B52 (room 0x39),25.394,no,the line between them touches another wall,wall of tile 03BD51 (room 0x39)
wall of tile 03B351 (room 0x39),wall of tile 03BC51 (room 0x39),29.626,no,the line between them touches another wall,wall of tile 03BD51 (room 0x39)
wall of tile 03B351 (room 0x39),wall of tile 041C52 (room 0x39),50.787,no,the line between them touches another wall,wall of tile 03BD51 (room 0x39)
wall of tile 041A51 (room 0x39),wall of tile 041B51 (room 0x39),21.161,no,the line between them touches another wall,wall of tile 03BD52 (room 0x39)
wall of tile 041A51 (room 0x39),wall of tile 03BC52 (room 0x39),25.394,no,the line between them touches another wall,wall of tile 03BD52 (room 0x39)
wall of tile 041A51 (room 0x39),wall of tile 041C51 (room 0x39),46.555,no,the line between them touches another wall,wall of tile 03BD52 (room 0x39)
wall of tile 041A51 (room 0x39),wall of tile 03D652 (room 0x39),57.136,no,the line between them touches another wall,wall of tile 03BD52 (room 0x39)
wall of tile 041A51 (room 0x39),wall of tile 042952 (room 0x39),57.136,no,the line between them touches another wall,wall of tile 03BD52 (room 0x39)
wall of tile 041A51 (room 0x39),wall of tile 042850 (room 0x39),25.394,no,the line between them touches another wall,wall of tile 03BD52 (room 0x39)
wall of tile 041A51 (room 0x39),wall of tile 042D51 (room 0x39),57.136,no,the line between them touches another wall,wall of tile 03BD52 (room 0x39)
wall of tile 041A51 (room 0x39),wall of tile 043E50 (room 0x39),14.813,no,the line between them touches another wall,wall of tile 03B352 (room 0x39)
wall of tile 041A51 (room 0x39),wall of tile 005550 (room 0x39),31.742,no,the line between them touches another wall,wall of tile 03B352 (room 0x39)
wall of tile 041A52 (room 0x39),wall of tile 041B52 (room 0x39),21.161,no,the line between them touches another wall,wall of tile 03BD51 (room 0x39)
wall of tile 041A52 (room 0x39),wall of tile 03BC51 (room 0x39),25.394,no,the line between them touches another wall,wall of tile 03BD51 (room 0x39)
wall of tile 041A52 (room 0x39),wall of tile 041C52 (room 0x39),46.555,no,the line between them touches another wall,wall of tile 03BD51 (room 0x39)
wall of tile 041A52 (room 0x39),wall of tile 03C351 (room 0x39),57.136,no,the line between them touches another wall,wall of tile 03BD51 (room 0x39)
wall of tile 041A52 (room 0x39),wall of tile 042D51 (room 0x39),57.136,no,the line between them touches another wall,wall of tile 03BD51 (room 0x39)
wall of tile 041A52 (room 0x39),wall of tile 042B52 (room 0x39),57.136,no,the line between them touches another wall,wall of tile 03BD51 (room 0x39)
wall of tile 03BD52 (room 0x39),wall of tile 03BC52 (room 0x39),4.232,no,the line between them touches another wall,wall of tile 041B51 (room 0x39)
wall of tile 03BD52 (room 0x39),wall of tile 041C51 (room 0x39),25.394,no,the line between them touches another wall,wall of tile 03BC52 (room 0x39)
wall of tile 03BD52 (room 0x39),wall of tile 03D652 (room 0x39),35.974,no,the line between them touches another wall,wall of tile 03BC52 (room 0x39)
wall of tile 03BD52 (room 0x39),wall of tile 042952 (room 0x39),35.974,no,the line between them touches another wall,wall of tile 03BC52 (room 0x39)
wall of tile 03BD52 (room 0x39),wall of tile 042850 (room 0x39),4.232,no,the line between them touches another wall,wall of tile 041B51 (room 0x39)
wall of tile 03BD52 (room 0x39),wall of tile 042D51 (room 0x39),35.974,no,the line between them touches another wall,wall of tile 03BC52 (room 0x39)
wall of tile 03BD52 (room 0x39),wall of tile 043E50 (room 0x39),19.045,no,the line between them touches another wall,wall of tile 03B352 (room 0x39)
wall of tile 03BD52 (room 0x39),wall of tile 005550 (room 0x39),35.974,no,the line between them touches another wall,wall of tile 03B352 (room 0x39)
wall of tile 03BD51 (room 0x39),wall of tile 03BC51 (room 0x39),4.232,no,the line between them touches another wall,wall of tile 041B52 (room 0x39)
wall of tile 03BD51 (room 0x39),wall of tile 041C52 (room 0x39),25.394,no,the line between them touches another wall,wall of tile 03BC51 (room 0x39)
wall of tile 03BD51 (room 0x39),wall of tile 03C351 (room 0x39),35.974,no,the line between them touches another wall,wall of tile 03BC51 (room 0x39)
wall of tile 03BD51 (room 0x39),wall of tile 041D52 (room 0x39),40.705,no,"the line between them leaves the walkable area (a wall's thickness, or another floor)",
wall of tile 03BD51 (room 0x39),wall of tile 03C051 (room 0x39),44.034,no,"the line between them leaves the walkable area (a wall's thickness, or another floor)",
wall of tile 03BD51 (room 0x39),wall of tile 041E52 (room 0x39),57.175,no,"the line between them leaves the walkable area (a wall's thickness, or another floor)",
wall of tile 03BD51 (room 0x39),wall of tile 042D51 (room 0x39),35.974,no,the line between them touches another wall,wall of tile 03BC51 (room 0x39)
wall of tile 03BD51 (room 0x39),wall of tile 042B52 (room 0x39),35.974,no,the line between them touches another wall,wall of tile 03BC51 (room 0x39)
wall of tile 041B51 (room 0x39),wall of tile 041C51 (room 0x39),21.161,no,the line between them touches another wall,wall of tile 03BC52 (room 0x39)
wall of tile 041B51 (room 0x39),wall of tile 03D652 (room 0x39),31.742,no,the line between them touches another wall,wall of tile 03BC52 (room 0x39)
wall of tile 041B51 (room 0x39),wall of tile 042952 (room 0x39),31.742,no,the line between them touches another wall,wall of tile 03BC52 (room 0x39)
wall of tile 041B51 (room 0x39),wall of tile 042D51 (room 0x39),31.742,no,the line between them touches another wall,wall of tile 03BC52 (room 0x39)
wall of tile 041B51 (room 0x39),wall of tile 043E50 (room 0x39),40.207,no,the line between them touches another wall,wall of tile 03BD52 (room 0x39)
wall of tile 041B51 (room 0x39),wall of tile 005550 (room 0x39),57.136,no,the line between them touches another wall,wall of tile 03BD52 (room 0x39)
wall of tile 041B52 (room 0x39),wall of tile 041C52 (room 0x39),21.161,no,the line between them touches another wall,wall of tile 03BC51 (room 0x39)
wall of tile 041B52 (room 0x39),wall of tile 03C351 (room 0x39),31.742,no,the line between them touches another wall,wall of tile 03BC51 (room 0x39)
wall of tile 041B52 (room 0x39),wall of tile 041D52 (room 0x39),37.017,no,"the line between them leaves the walkable area (a wall's thickness, or another floor)",
wall of tile 041B52 (room 0x39),wall of tile 03C051 (room 0x39),40.650,no,"the line between them leaves the walkable area (a wall's thickness, or another floor)",
wall of tile 041B52 (room 0x39),wall of tile 041E52 (room 0x39),54.611,no,"the line between them leaves the walkable area (a wall's thickness, or another floor)",
wall of tile 041B52 (room 0x39),wall of tile 03C851 (room 0x39),59.891,no,"the line between them leaves the walkable area (a wall's thickness, or another floor)",
wall of tile 041B52 (room 0x39),wall of tile 042D51 (room 0x39),31.742,no,the line between them touches another wall,wall of tile 03BC51 (room 0x39)
wall of tile 041B52 (room 0x39),wall of tile 042B52 (room 0x39),31.742,no,the line between them touches another wall,wall of tile 03BC51 (room 0x39)
wall of tile 03BC52 (room 0x39),wall of tile 03D652 (room 0x39),10.581,no,the line between them touches another wall,wall of tile 041C51 (room 0x39)
wall of tile 03BC52 (room 0x39),wall of tile 042952 (room 0x39),10.581,no,the line between them touches another wall,wall of tile 041C51 (room 0x39)
wall of tile 03BC52 (room 0x39),wall of tile 042D51 (room 0x39),10.581,no,the line between them touches another wall,wall of tile 041C51 (room 0x39)
wall of tile 03BC52 (room 0x39),wall of tile 043E50 (room 0x39),44.439,no,the line between them touches another wall,wall of tile 03BD52 (room 0x39)
wall of tile 03BC51 (room 0x39),wall of tile 03C351 (room 0x39),10.581,no,the line between them touches another wall,wall of tile 041C52 (room 0x39)
wall of tile 03BC51 (room 0x39),wall of tile 041D52 (room 0x39),21.787,no,"the line between them leaves the walkable area (a wall's thickness, or another floor)",
wall of tile 03BC51 (room 0x39),wall of tile 03C051 (room 0x39),27.510,no,"the line between them leaves the walkable area (a wall's thickness, or another floor)",
wall of tile 03BC51 (room 0x39),wall of tile 041E52 (room 0x39),45.681,no,"the line between them leaves the walkable area (a wall's thickness, or another floor)",
wall of tile 03BC51 (room 0x39),wall of tile 03C851 (room 0x39),51.878,no,"the line between them leaves the walkable area (a wall's thickness, or another floor)",
wall of tile 03BC51 (room 0x39),wall of tile 042D51 (room 0x39),10.581,no,the line between them touches another wall,wall of tile 041C52 (room 0x39)
wall of tile 03BC51 (room 0x39),wall of tile 042B52 (room 0x39),10.581,no,the line between them touches another wall,wall of tile 041C52 (room 0x39)
wall of tile 041C51 (room 0x39),wall of tile 042850 (room 0x39),21.161,no,the line between them touches another wall,wall of tile 03BC52 (room 0x39)
wall of tile 041C51 (room 0x39),wall of tile 042D51 (room 0x39),21.161,no,the line between them touches another wall,wall of tile 03BC52 (room 0x39)
wall of tile 041C52 (room 0x39),wall of tile 041D52 (room 0x39),19.045,no,the line between them touches another wall,wall of tile 03C351 (room 0x39)
wall of tile 041C52 (room 0x39),wall of tile 03C051 (room 0x39),25.394,no,the line between them touches another wall,wall of tile 03C351 (room 0x39)
wall of tile 041C52 (room 0x39),wall of tile 041E52 (room 0x39),44.439,no,the line between them touches another wall,wall of tile 03C351 (room 0x39)
wall of tile 041C52 (room 0x39),wall of tile 03C851 (room 0x39),50.787,no,the line between them touches another wall,wall of tile 03C351 (room 0x39)
wall of tile 03D652 (room 0x39),wall of tile 041D51 (room 0x39),19.045,no,the line between them touches another wall,wall of tile 03C352 (room 0x39)
wall of tile 03D652 (room 0x39),wall of tile 03C052 (room 0x39),25.394,no,the line between them touches another wall,wall of tile 03C352 (room 0x39)
wall of tile 03D652 (room 0x39),wall of tile 041E51 (room 0x39),44.439,no,the line between them touches another wall,wall of tile 03C352 (room 0x39)
wall of tile 03D652 (room 0x39),wall of tile 03C852 (room 0x39),50.787,no,the line between them touches another wall,wall of tile 03C352 (room 0x39)
wall of tile 03D652 (room 0x39),monitor 0x1c6668 (preset 0x271b),55.019,no,"the line between them leaves the walkable area (a wall's thickness, or another floor)",
wall of tile 03D652 (room 0x39),monitor 0x1c6668 (preset 0x271b),55.010,no,"the line between them leaves the walkable area (a wall's thickness, or another floor)",
wall of tile 03D652 (room 0x39),monitor 0x1c6668 (preset 0x271b),55.010,no,"the line between them leaves the walkable area (a wall's thickness, or another floor)",
wall of tile 03D652 (room 0x39),wall of tile 042850 (room 0x39),31.742,no,the line between them touches another wall,wall of tile 03BC52 (room 0x39)
wall of tile 03D652 (room 0x39),wall of tile 042D51 (room 0x39),31.742,no,the line between them touches another wall,wall of tile 03BC52 (room 0x39)
wall of tile 03D652 (room 0x39),monitor 0x1c6668 (preset 0x271b),55.172,no,"the line between them leaves the walkable area (a wall's thickness, or another floor)",
wall of tile 03D652 (room 0x39),monitor 0x1c6668 (preset 0x271b),55.172,no,"the line between them leaves the walkable area (a wall's thickness, or another floor)",
wall of tile 03C352 (room 0x39),wall of tile 03C052 (room 0x39),6.348,no,the line between them touches another wall,wall of tile 041D51 (room 0x39)
wall of tile 03C352 (room 0x39),wall of tile 041E51 (room 0x39),25.394,no,the line between them touches another wall,wall of tile 03C052 (room 0x39)
wall of tile 03C352 (room 0x39),wall of tile 03C852 (room 0x39),31.742,no,the line between them touches another wall,wall of tile 03C052 (room 0x39)
wall of tile 03C352 (room 0x39),wall of tile 041F51 (room 0x39),50.787,no,the line between them touches another wall,wall of tile 03C052 (room 0x39)
wall of tile 03C352 (room 0x39),wall of tile 03C552 (room 0x39),57.136,no,the line between them touches another wall,wall of tile 03C052 (room 0x39)
wall of tile 03C352 (room 0x39),monitor 0x1c6668 (preset 0x271b),56.025,no,"the line between them leaves the walkable area (a wall's thickness, or another floor)",
wall of tile 03C352 (room 0x39),monitor 0x1c6668 (preset 0x271b),56.025,no,"the line between them leaves the walkable area (a wall's thickness, or another floor)",
wall of tile 03C351 (room 0x39),wall of tile 03C051 (room 0x39),6.348,no,the line between them touches another wall,wall of tile 041D52 (room 0x39)
wall of tile 03C351 (room 0x39),wall of tile 041E52 (room 0x39),25.394,no,the line between them touches another wall,wall of tile 03C051 (room 0x39)
wall of tile 03C351 (room 0x39),wall of tile 03C851 (room 0x39),31.742,no,the line between them touches another wall,wall of tile 03C051 (room 0x39)
wall of tile 03C351 (room 0x39),wall of tile 041F52 (room 0x39),50.787,no,the line between them touches another wall,wall of tile 03C051 (room 0x39)
wall of tile 03C351 (room 0x39),wall of tile 03C551 (room 0x39),57.136,no,the line between them touches another wall,wall of tile 03C051 (room 0x39)
wall of tile 041D51 (room 0x39),wall of tile 041E51 (room 0x39),19.045,no,the line between them touches another wall,wall of tile 03C052 (room 0x39)
wall of tile 041D51 (room 0x39),wall of tile 03C852 (room 0x39),25.394,no,the line between them touches another wall,wall of tile 03C052 (room 0x39)
wall of tile 041D51 (room 0x39),wall of tile 041F51 (room 0x39),44.439,no,the line between them touches another wall,wall of tile 03C052 (room 0x39)
wall of tile 041D51 (room 0x39),wall of tile 03C552 (room 0x39),50.787,no,the line between them touches another wall,wall of tile 03C052 (room 0x39)
wall of tile 041D52 (room 0x39),wall of tile 041E52 (room 0x39),19.045,no,the line between them touches another wall,wall of tile 03C051 (room 0x39)
wall of tile 041D52 (room 0x39),wall of tile 03C851 (room 0x39),25.394,no,the line between them touches another wall,wall of tile 03C051 (room 0x39)
wall of tile 041D52 (room 0x39),wall of tile 041F52 (room 0x39),44.439,no,the line between them touches another wall,wall of tile 03C051 (room 0x39)
wall of tile 041D52 (room 0x39),wall of tile 03C551 (room 0x39),50.787,no,the line between them touches another wall,wall of tile 03C051 (room 0x39)
wall of tile 041D52 (room 0x39),wall of tile 042D51 (room 0x39),19.045,no,the line between them touches another wall,wall of tile 03C351 (room 0x39)
wall of tile 03C052 (room 0x39),wall of tile 03C852 (room 0x39),6.348,no,the line between them touches another wall,wall of tile 041E51 (room 0x39)
wall of tile 03C052 (room 0x39),wall of tile 041F51 (room 0x39),25.394,no,the line between them touches another wall,wall of tile 03C852 (room 0x39)
wall of tile 03C052 (room 0x39),wall of tile 03C552 (room 0x39),31.742,no,the line between them touches another wall,wall of tile 03C852 (room 0x39)
wall of tile 03C052 (room 0x39),wall of tile 042051 (room 0x39),52.903,no,the line between them touches another wall,wall of tile 03C852 (room 0x39)
wall of tile 03C052 (room 0x39),wall of tile 03CF52 (room 0x39),57.135,no,the line between them touches another wall,wall of tile 03C852 (room 0x39)
wall of tile 03C051 (room 0x39),wall of tile 03C851 (room 0x39),6.348,no,the line between them touches another wall,wall of tile 041E52 (room 0x39)
wall of tile 03C051 (room 0x39),wall of tile 041F52 (room 0x39),25.394,no,the line between them touches another wall,wall of tile 03C851 (room 0x39)
wall of tile 03C051 (room 0x39),wall of tile 03C551 (room 0x39),31.742,no,the line between them touches another wall,wall of tile 03C851 (room 0x39)
wall of tile 03C051 (room 0x39),wall of tile 042052 (room 0x39),52.903,no,the line between them touches another wall,wall of tile 03C851 (room 0x39)
wall of tile 03C051 (room 0x39),wall of tile 03CF51 (room 0x39),57.135,no,the line between them touches another wall,wall of tile 03C851 (room 0x39)
wall of tile 03C051 (room 0x39),wall of tile 042D51 (room 0x39),25.394,no,the line between them touches another wall,wall of tile 03C351 (room 0x39)
wall of tile 041E51 (room 0x39),wall of tile 041F51 (room 0x39),19.045,no,the line between them touches another wall,wall of tile 03C852 (room 0x39)
wall of tile 041E51 (room 0x39),wall of tile 03C552 (room 0x39),25.394,no,the line between them touches another wall,wall of tile 03C852 (room 0x39)
wall of tile 041E51 (room 0x39),wall of tile 042051 (room 0x39),46.555,no,the line between them touches another wall,wall of tile 03C852 (room 0x39)
wall of tile 041E51 (room 0x39),wall of tile 03CF52 (room 0x39),50.787,no,the line between them touches another wall,wall of tile 03C852 (room 0x39)
wall of tile 041E52 (room 0x39),wall of tile 041F52 (room 0x39),19.045,no,the line between them touches another wall,wall of tile 03C851 (room 0x39)
wall of tile 041E52 (room 0x39),wall of tile 03C551 (room 0x39),25.394,no,the line between them touches another wall,wall of tile 03C851 (room 0x39)
wall of tile 041E52 (room 0x39),wall of tile 042052 (room 0x39),46.555,no,the line between them touches another wall,wall of tile 03C851 (room 0x39)
wall of tile 041E52 (room 0x39),wall of tile 03CF51 (room 0x39),50.787,no,the line between them touches another wall,wall of tile 03C851 (room 0x39)
wall of tile 041E52 (room 0x39),wall of tile 042D51 (room 0x39),44.439,no,the line between them touches another wall,wall of tile 03C051 (room 0x39)
wall of tile 03C852 (room 0x39),wall of tile 03C552 (room 0x39),6.348,no,the line between them touches another wall,wall of tile 041F51 (room 0x39)
wall of tile 03C852 (room 0x39),wall of tile 042051 (room 0x39),27.510,no,the line between them touches another wall,wall of tile 03C552 (room 0x39)
wall of tile 03C852 (room 0x39),wall of tile 03CF52 (room 0x39),31.742,no,the line between them touches another wall,wall of tile 03C552 (room 0x39)
wall of tile 03C852 (room 0x39),wall of tile 042151 (room 0x39),52.903,no,the line between them touches another wall,wall of tile 03C552 (room 0x39)
wall of tile 03C852 (room 0x39),wall of tile 03CE52 (room 0x39),57.136,no,the line between them touches another wall,wall of tile 03C552 (room 0x39)
wall of tile 03C851 (room 0x39),wall of tile 03C551 (room 0x39),6.348,no,the line between them touches another wall,wall of tile 041F52 (room 0x39)
wall of tile 03C851 (room 0x39),wall of tile 042052 (room 0x39),27.510,no,the line between them touches another wall,wall of tile 03C551 (room 0x39)
wall of tile 03C851 (room 0x39),wall of tile 03CF51 (room 0x39),31.742,no,the line between them touches another wall,wall of tile 03C551 (room 0x39)
wall of tile 03C851 (room 0x39),wall of tile 042152 (room 0x39),52.903,no,the line between them touches another wall,wall of tile 03C551 (room 0x39)
wall of tile 03C851 (room 0x39),wall of tile 03CE51 (room 0x39),57.136,no,the line between them touches another wall,wall of tile 03C551 (room 0x39)
wall of tile 03C851 (room 0x39),wall of tile 042D51 (room 0x39),50.787,no,the line between them touches another wall,wall of tile 03C051 (room 0x39)
wall of tile 041F51 (room 0x39),wall of tile 042051 (room 0x39),21.161,no,the line between them touches another wall,wall of tile 03C552 (room 0x39)
wall of tile 041F51 (room 0x39),wall of tile 03CF52 (room 0x39),25.394,no,the line between them touches another wall,wall of tile 03C552 (room 0x39)
wall of tile 041F51 (room 0x39),wall of tile 042151 (room 0x39),46.555,no,the line between them touches another wall,wall of tile 03C552 (room 0x39)
wall of tile 041F51 (room 0x39),wall of tile 03CE52 (room 0x39),50.787,no,the line between them touches another wall,wall of tile 03C552 (room 0x39)
wall of tile 041F52 (room 0x39),wall of tile 042052 (room 0x39),21.161,no,the line between them touches another wall,wall of tile 03C551 (room 0x39)
wall of tile 041F52 (room 0x39),wall of tile 03CF51 (room 0x39),25.394,no,the line between them touches another wall,wall of tile 03C551 (room 0x39)
wall of tile 041F52 (room 0x39),wall of tile 042152 (room 0x39),46.555,no,the line between them touches another wall,wall of tile 03C551 (room 0x39)
wall of tile 041F52 (room 0x39),wall of tile 03CE51 (room 0x39),50.787,no,the line between them touches another wall,wall of tile 03C551 (room 0x39)
wall of tile 03C552 (room 0x39),wall of tile 03CF52 (room 0x39),4.232,no,the line between them touches another wall,wall of tile 042051 (room 0x39)
wall of tile 03C552 (room 0x39),wall of tile 042151 (room 0x39),25.394,no,the line between them touches another wall,wall of tile 03CF52 (room 0x39)
wall of tile 03C552 (room 0x39),wall of tile 03CE52 (room 0x39),29.626,no,the line between them touches another wall,wall of tile 03CF52 (room 0x39)
wall of tile 03C552 (room 0x39),wall of tile 042251 (room 0x39),50.787,no,the line between them touches another wall,wall of tile 03CF52 (room 0x39)
wall of tile 03C551 (room 0x39),wall of tile 03CF51 (room 0x39),4.232,no,the line between them touches another wall,wall of tile 042052 (room 0x39)
wall of tile 03C551 (room 0x39),wall of tile 042152 (room 0x39),25.394,no,the line between them touches another wall,wall of tile 03CF51 (room 0x39)
wall of tile 03C551 (room 0x39),wall of tile 03CE51 (room 0x39),29.626,no,the line between them touches another wall,wall of tile 03CF51 (room 0x39)
wall of tile 03C551 (room 0x39),wall of tile 042252 (room 0x39),50.787,no,the line between them touches another wall,wall of tile 03CF51 (room 0x39)
wall of tile 042051 (room 0x39),wall of tile 042151 (room 0x39),21.161,no,the line between them touches another wall,wall of tile 03CF52 (room 0x39)
wall of tile 042051 (room 0x39),wall of tile 03CE52 (room 0x39),25.394,no,the line between them touches another wall,wall of tile 03CF52 (room 0x39)
wall of tile 042051 (room 0x39),wall of tile 042251 (room 0x39),46.555,no,the line between them touches another wall,wall of tile 03CF52 (room 0x39)
wall of tile 042052 (room 0x39),wall of tile 042152 (room 0x39),21.161,no,the line between them touches another wall,wall of tile 03CF51 (room 0x39)
wall of tile 042052 (room 0x39),wall of tile 03CE51 (room 0x39),25.394,no,the line between them touches another wall,wall of tile 03CF51 (room 0x39)
wall of tile 042052 (room 0x39),wall of tile 042252 (room 0x39),46.555,no,the line between them touches another wall,wall of tile 03CF51 (room 0x39)
wall of tile 03CF52 (room 0x39),wall of tile 03CE52 (room 0x39),4.232,no,the line between them touches another wall,wall of tile 042151 (room 0x39)
wall of tile 03CF52 (room 0x39),wall of tile 042251 (room 0x39),25.394,no,the line between them touches another wall,wall of tile 03CE52 (room 0x39)
wall of tile 03CF51 (room 0x39),wall of tile 03CE51 (room 0x39),4.232,no,the line between them touches another wall,wall of tile 042152 (room 0x39)
wall of tile 03CF51 (room 0x39),wall of tile 042252 (room 0x39),25.394,no,the line between them touches another wall,wall of tile 03CE51 (room 0x39)
wall of tile 042151 (room 0x39),wall of tile 042251 (room 0x39),21.161,no,the line between them touches another wall,wall of tile 03CE52 (room 0x39)
wall of tile 042152 (room 0x39),wall of tile 042252 (room 0x39),21.161,no,the line between them touches another wall,wall of tile 03CE51 (room 0x39)
wall of tile 006450 (room 0x39),monitor 0x1c5d18 (preset 0x2717),25.742,yes,,
wall of tile 006450 (room 0x39),monitor 0x1c5d18 (preset 0x2717),25.742,yes,,
wall of tile 042552 (room 0x39),monitor 0x1c6668 (preset 0x271b),55.019,no,"another wall pokes into the space between them, so a tighter pair covers this gap",monitor 0x1c6668 (preset 0x271b)
wall of tile 042552 (room 0x39),monitor 0x1c6668 (preset 0x271b),55.010,yes,,
wall of tile 042552 (room 0x39),monitor 0x1c6668 (preset 0x271b),55.010,yes,,
wall of tile 042952 (room 0x39),wall of tile 042850 (room 0x39),31.742,yes,,
wall of tile 042952 (room 0x39),wall of tile 042D51 (room 0x39),31.742,yes,,
wall of tile 042952 (room 0x39),monitor 0x1c6668 (preset 0x271b),55.172,no,"another wall pokes into the space between them, so a tighter pair covers this gap",wall of tile 042552 (room 0x39)
wall of tile 042952 (room 0x39),monitor 0x1c6668 (preset 0x271b),55.172,no,"another wall pokes into the space between them, so a tighter pair covers this gap",wall of tile 042552 (room 0x39)
wall of tile 042850 (room 0x39),wall of tile 042D51 (room 0x39),31.742,yes,,
wall of tile 042850 (room 0x39),wall of tile 043E50 (room 0x39),44.439,no,the line between them touches another wall,wall of tile 042D51 (room 0x39)
wall of tile 042D51 (room 0x39),wall of tile 042D51 (room 0x39),31.742,yes,,
wall of tile 042D51 (room 0x39),wall of tile 005550 (room 0x39),16.929,no,the line between them touches another wall,wall of tile 043E50 (room 0x39)
wall of tile 043C50 (room 0x39),wall of tile 003150 (room 0x39),56.346,no,"the line between them leaves the walkable area (a wall's thickness, or another floor)",
wall of tile 043C50 (room 0x39),wall of tile 003150 (room 0x39),31.742,no,the line between them touches another wall,wall of tile 005350 (room 0x39)
wall of tile 005350 (room 0x39),wall of tile 003150 (room 0x39),46.555,no,the line between them touches another wall,wall of tile 003150 (room 0x39)
wall of tile 002D50 (room 0x39),door 0x1caa4c (preset 0x0048),34.707,no,"the line between them leaves the walkable area (a wall's thickness, or another floor)",
wall of tile 002D50 (room 0x39),door 0x1caa4c (preset 0x0048),49.220,no,"the line between them leaves the walkable area (a wall's thickness, or another floor)",
wall of tile 002D50 (room 0x39),door 0x1caa4c (preset 0x0048),49.220,no,"the line between them leaves the walkable area (a wall's thickness, or another floor)",
wall of tile 002D50 (room 0x39),door 0x1caa4c (preset 0x0048),34.707,no,"the line between them leaves the walkable area (a wall's thickness, or another floor)",
wall of tile 002D50 (room 0x39),wall of tile 002050 (room 0x39),31.742,no,the line between them touches another wall,wall of tile 002950 (room 0x39)
wall of tile 002D50 (room 0x39),wall of tile 002050 (room 0x39),54.611,no,"the line between them leaves the walkable area (a wall's thickness, or another floor)",
wall of tile 002D50 (room 0x39),wall of tile 05F620 (room 0x22),44.439,no,"the line between them leaves the walkable area (a wall's thickness, or another floor)",
wall of tile 002D50 (room 0x39),door 0x1caa4c (preset 0x0048),34.707,no,"the line between them leaves the walkable area (a wall's thickness, or another floor)",
wall of tile 002D50 (room 0x39),door 0x1caa4c (preset 0x0048),49.220,no,"the line between them leaves the walkable area (a wall's thickness, or another floor)",
wall of tile 002D50 (room 0x39),door 0x1caa4c (preset 0x0048),49.220,no,"the line between them leaves the walkable area (a wall's thickness, or another floor)",
wall of tile 002D50 (room 0x39),door 0x1caa4c (preset 0x0048),34.707,no,"the line between them leaves the walkable area (a wall's thickness, or another floor)",
wall of tile 042450 (room 0x39),monitor 0x1c5d18 (preset 0x2717),25.742,yes,,
wall of tile 042450 (room 0x39),monitor 0x1c5d18 (preset 0x2717),25.742,yes,,
wall of tile 002550 (room 0x39),wall of tile 031651 (room 0x39),29.927,no,the line between them touches another wall,wall of tile 000F51 (room 0x39)
wall of tile 002550 (room 0x39),wall of tile 000B41 (room 0x30),47.318,no,"the line between them leaves the walkable area (a wall's thickness, or another floor)",
wall of tile 002550 (room 0x39),wall of tile 000550 (room 0x39),56.346,no,"the line between them leaves the walkable area (a wall's thickness, or another floor)",
wall of tile 002550 (room 0x39),wall of tile 000550 (room 0x39),31.742,no,the line between them touches another wall,wall of tile 002150 (room 0x39)
wall of tile 002550 (room 0x39),door 0x1ca94c (preset 0x0047),47.318,no,"the line between them leaves the walkable area (a wall's thickness, or another floor)",
wall of tile 002550 (room 0x39),door 0x1ca94c (preset 0x0047),34.707,no,"the line between them leaves the walkable area (a wall's thickness, or another floor)",
wall of tile 002550 (room 0x39),door 0x1ca94c (preset 0x0047),34.707,no,"the line between them leaves the walkable area (a wall's thickness, or another floor)",
wall of tile 005250 (room 0x39),wall of tile 031652 (room 0x39),29.927,no,the line between them touches another wall,wall of tile 000F52 (room 0x39)
wall of tile 005250 (room 0x39),wall of tile 000B42 (room 0x30),47.318,no,"the line between them leaves the walkable area (a wall's thickness, or another floor)",
wall of tile 005250 (room 0x39),wall of tile 004D50 (room 0x39),29.539,no,"another wall pokes into the space between them, so a tighter pair covers this gap",wall of tile 004D50 (room 0x39)
wall of tile 005250 (room 0x39),door 0x1ca94c (preset 0x0047),47.318,no,"the line between them leaves the walkable area (a wall's thickness, or another floor)",
wall of tile 005250 (room 0x39),door 0x1ca94c (preset 0x0047),34.707,no,"the line between them leaves the walkable area (a wall's thickness, or another floor)",
wall of tile 005250 (room 0x39),door 0x1ca94c (preset 0x0047),34.707,no,"the line between them leaves the walkable area (a wall's thickness, or another floor)",
wall of tile 000F51 (room 0x39),wall of tile 000B41 (room 0x30),21.161,no,the line between them touches another wall,wall of tile 031651 (room 0x39)
wall of tile 000F51 (room 0x39),wall of tile 000A41 (room 0x30),45.435,no,"the line between them leaves the walkable area (a wall's thickness, or another floor)",
wall of tile 000F51 (room 0x39),door 0x1ca94c (preset 0x0047),21.161,no,the line between them touches another wall,wall of tile 031651 (room 0x39)
wall of tile 000F51 (room 0x39),door 0x1ca94c (preset 0x0047),6.348,no,the line between them touches another wall,wall of tile 031651 (room 0x39)
wall of tile 000F51 (room 0x39),door 0x1ca94c (preset 0x0047),6.348,no,the line between them touches another wall,wall of tile 031651 (room 0x39)
wall of tile 000F52 (room 0x39),wall of tile 000B42 (room 0x30),21.161,no,the line between them touches another wall,wall of tile 031652 (room 0x39)
wall of tile 000F52 (room 0x39),wall of tile 000A41 (room 0x30),45.435,no,"the line between them leaves the walkable area (a wall's thickness, or another floor)",
wall of tile 000F52 (room 0x39),door 0x1ca94c (preset 0x0047),21.161,no,the line between them touches another wall,wall of tile 031652 (room 0x39)
wall of tile 000F52 (room 0x39),door 0x1ca94c (preset 0x0047),6.348,no,"the line between them leaves the walkable area (a wall's thickness, or another floor)",
wall of tile 000F52 (room 0x39),door 0x1ca94c (preset 0x0047),6.348,no,the line between them touches another wall,wall of tile 031652 (room 0x39)
wall of tile 031651 (room 0x39),wall of tile 000A41 (room 0x30),28.470,no,the line between them touches another wall,wall of tile 000B41 (room 0x30)
wall of tile 031652 (room 0x39),wall of tile 000A41 (room 0x30),28.470,no,the line between them touches another wall,wall of tile 000B42 (room 0x30)
wall of tile 031652 (room 0x39),door 0x1ca94c (preset 0x0047),0.000,no,"the line between them leaves the walkable area (a wall's thickness, or another floor)",
wall of tile 000B41 (room 0x30),door 0x1ca94c (preset 0x0047),14.813,no,the line between them touches another wall,wall of tile 031651 (room 0x39)
wall of tile 000B42 (room 0x30),wall of tile 000A42 (room 0x30),40.207,no,the line between them touches another wall,wall of tile 000A41 (room 0x30)
wall of tile 000B42 (room 0x30),wall of tile 000840 (room 0x30),49.943,no,"another wall pokes into the space between them, so a tighter pair covers this gap",wall of tile 000A42 (room 0x30)
wall of tile 000B42 (room 0x30),door 0x1ca94c (preset 0x0047),0.000,no,"the line between them leaves the walkable area (a wall's thickness, or another floor)",
wall of tile 000B42 (room 0x30),door 0x1ca94c (preset 0x0047),14.813,no,the line between them touches another wall,wall of tile 031652 (room 0x39)
wall of tile 000A41 (room 0x30),wall of tile 000740 (room 0x30),29.626,no,the line between them touches another wall,wall of tile 000A41 (room 0x30)
wall of tile 000A41 (room 0x30),door 0x1ca94c (preset 0x0047),28.470,no,the line between them touches another wall,wall of tile 000B41 (room 0x30)
wall of tile 000A41 (room 0x30),door 0x1ca94c (preset 0x0047),39.927,no,"the line between them leaves the walkable area (a wall's thickness, or another floor)",
wall of tile 000A41 (room 0x30),door 0x1ca94c (preset 0x0047),28.470,no,the line between them touches another wall,wall of tile 000B41 (room 0x30)
wall of tile 000A41 (room 0x30),wall of tile 000840 (room 0x30),29.626,no,the line between them touches another wall,wall of tile 000A42 (room 0x30)
wall of tile 000A41 (room 0x30),door 0x1ca94c (preset 0x0047),28.470,no,"the line between them leaves the walkable area (a wall's thickness, or another floor)",
wall of tile 000A41 (room 0x30),door 0x1ca94c (preset 0x0047),28.470,no,"the line between them leaves the walkable area (a wall's thickness, or another floor)",
wall of tile 000A41 (room 0x30),door 0x1ca94c (preset 0x0047),39.927,no,"the line between them leaves the walkable area (a wall's thickness, or another floor)",
wall of tile 014840 (room 0x30),wall of tile 015440 (room 0x31),41.897,no,"another wall pokes into the space between them, so a tighter pair covers this gap",wall of tile 014A40 (room 0x31)
wall of tile 014840 (room 0x30),wall of tile 014A40 (room 0x31),29.626,no,the line between them touches another wall,wall of tile 014A40 (room 0x31)
wall of tile 014640 (room 0x30),wall of tile 014F40 (room 0x31),41.897,no,the line between them touches another wall,wall of tile 014E40 (room 0x31)
wall of tile 014E40 (room 0x31),wall of tile 004450 (room 0x39),50.875,no,"the line between them leaves the walkable area (a wall's thickness, or another floor)",
wall of tile 014E40 (room 0x31),wall of tile 004D50 (room 0x39),37.017,no,"the line between them leaves the walkable area (a wall's thickness, or another floor)",
wall of tile 014E40 (room 0x31),wall of tile 004D50 (room 0x39),33.109,no,"the line between them leaves the walkable area (a wall's thickness, or another floor)",
wall of tile 014F40 (room 0x31),wall of tile 015A40 (room 0x31),40.207,no,the line between them touches another wall,wall of tile 015A40 (room 0x31)
wall of tile 014F40 (room 0x31),wall of tile 007640 (room 0x31),49.943,no,"another wall pokes into the space between them, so a tighter pair covers this gap",wall of tile 015A40 (room 0x31)
wall of tile 014F40 (room 0x31),wall of tile 004450 (room 0x39),35.974,no,"the line between them leaves the walkable area (a wall's thickness, or another floor)",
wall of tile 014F40 (room 0x31),wall of tile 004D50 (room 0x39),37.017,no,"the line between them leaves the walkable area (a wall's thickness, or another floor)",
wall of tile 014F40 (room 0x31),wall of tile 004D50 (room 0x39),33.109,no,"the line between them leaves the walkable area (a wall's thickness, or another floor)",
wall of tile 015A40 (room 0x31),wall of tile 007640 (room 0x31),29.626,no,the line between them touches another wall,wall of tile 015A40 (room 0x31)
wall of tile 007940 (room 0x31),wall of tile 015C40 (room 0x31),29.626,no,the line between them touches another wall,wall of tile 015C40 (room 0x31)
wall of tile 007940 (room 0x31),wall of tile 015440 (room 0x31),49.942,no,"another wall pokes into the space between them, so a tighter pair covers this gap",wall of tile 015C40 (room 0x31)
wall of tile 006540 (room 0x31),wall of tile 007140 (room 0x31),43.419,no,"another wall pokes into the space between them, so a tighter pair covers this gap",wall of tile 006740 (room 0x31)
wall of tile 006540 (room 0x31),wall of tile 006740 (room 0x31),29.626,no,the line between them touches another wall,wall of tile 006740 (room 0x31)
wall of tile 006340 (room 0x31),wall of tile 006C40 (room 0x31),43.419,no,the line between them touches another wall,wall of tile 006B40 (room 0x31)
wall of tile 006C40 (room 0x31),wall of tile 008040 (room 0x31),40.207,no,the line between them touches another wall,wall of tile 008040 (room 0x31)
wall of tile 006C40 (room 0x31),wall of tile 001040 (room 0x32),49.943,no,"another wall pokes into the space between them, so a tighter pair covers this gap",wall of tile 008040 (room 0x31)
wall of tile 008040 (room 0x31),wall of tile 001040 (room 0x32),29.626,no,the line between them touches another wall,wall of tile 008040 (room 0x31)
wall of tile 000D40 (room 0x32),wall of tile 008240 (room 0x31),29.626,no,the line between them touches another wall,wall of tile 008240 (room 0x31)
wall of tile 000D40 (room 0x32),wall of tile 007140 (room 0x31),49.942,no,"another wall pokes into the space between them, so a tighter pair covers this gap",wall of tile 008240 (room 0x31)
wall of tile 000D40 (room 0x32),generic 0x1c4b08 (preset 0x0064),18.270,yes,,
wall of tile 000D40 (room 0x32),generic 0x1c4b08 (preset 0x0064),18.706,no,"another wall pokes into the space between them, so a tighter pair covers this gap",generic 0x1c4b08 (preset 0x0064)
wall of tile 000D40 (room 0x32),generic 0x1c4b08 (preset 0x0064),18.270,yes,,
wall of tile 000E40 (room 0x32),generic 0x1c4b08 (preset 0x0064),34.518,no,"another wall pokes into the space between them, so a tighter pair covers this gap",wall of tile 000D40 (room 0x32)
wall of tile 000E40 (room 0x32),generic 0x1c4b08 (preset 0x0064),34.518,no,"another wall pokes into the space between them, so a tighter pair covers this gap",wall of tile 000D40 (room 0x32)
wall of tile 000040 (room 0x32),wall of tile 020941 (room 0x33),42.323,no,the line between them touches another wall,wall of tile 020B41 (room 0x33)
wall of tile 000240 (room 0x32),wall of tile 020942 (room 0x33),42.323,no,the line between them touches another wall,wall of tile 020B42 (room 0x33)
wall of tile 020B41 (room 0x33),wall of tile 020741 (room 0x33),40.207,no,the line between them touches another wall,wall of tile 020941 (room 0x33)
wall of tile 020B42 (room 0x33),wall of tile 020742 (room 0x33),40.207,no,the line between them touches another wall,wall of tile 020942 (room 0x33)
wall of tile 020941 (room 0x33),wall of tile 020541 (room 0x33),40.206,no,the line between them touches another wall,wall of tile 020741 (room 0x33)
wall of tile 020942 (room 0x33),wall of tile 020542 (room 0x33),40.206,no,the line between them touches another wall,wall of tile 020742 (room 0x33)
wall of tile 020741 (room 0x33),wall of tile 020341 (room 0x33),42.323,no,the line between them touches another wall,wall of tile 020541 (room 0x33)
wall of tile 020742 (room 0x33),wall of tile 020342 (room 0x33),42.323,no,the line between them touches another wall,wall of tile 020542 (room 0x33)
wall of tile 020541 (room 0x33),wall of tile 020141 (room 0x33),40.207,no,the line between them touches another wall,wall of tile 020341 (room 0x33)
wall of tile 020542 (room 0x33),wall of tile 020142 (room 0x33),40.207,no,the line between them touches another wall,wall of tile 020342 (room 0x33)
wall of tile 020341 (room 0x33),wall of tile 01FF41 (room 0x33),42.323,no,the line between them touches another wall,wall of tile 020141 (room 0x33)
wall of tile 020342 (room 0x33),wall of tile 01FF42 (room 0x33),42.323,no,the line between them touches another wall,wall of tile 020142 (room 0x33)
wall of tile 020141 (room 0x33),wall of tile 01FD41 (room 0x33),40.207,no,the line between them touches another wall,wall of tile 01FF41 (room 0x33)
wall of tile 020142 (room 0x33),wall of tile 01FD42 (room 0x33),40.207,no,the line between them touches another wall,wall of tile 01FF42 (room 0x33)
wall of tile 01FF41 (room 0x33),wall of tile 01FB41 (room 0x33),40.207,no,the line between them touches another wall,wall of tile 01FD41 (room 0x33)
wall of tile 01FF42 (room 0x33),wall of tile 01FB42 (room 0x33),40.207,no,the line between them touches another wall,wall of tile 01FD42 (room 0x33)
wall of tile 01FD41 (room 0x33),wall of tile 01F941 (room 0x33),42.323,no,the line between them touches another wall,wall of tile 01FB41 (room 0x33)
wall of tile 01FD42 (room 0x33),wall of tile 01F942 (room 0x33),42.323,no,the line between them touches another wall,wall of tile 01FB42 (room 0x33)
wall of tile 01FB41 (room 0x33),wall of tile 026D40 (room 0x33),40.207,no,the line between them touches another wall,wall of tile 01F941 (room 0x33)
wall of tile 01FB42 (room 0x33),wall of tile 026A40 (room 0x33),40.207,no,the line between them touches another wall,wall of tile 01F942 (room 0x33)
wall of tile 026D40 (room 0x33),generic 0x1c4a88 (preset 0x0063),26.618,no,"another wall pokes into the space between them, so a tighter pair covers this gap",wall of tile 025940 (room 0x33)
wall of tile 026D40 (room 0x33),generic 0x1c4a88 (preset 0x0063),26.618,no,"another wall pokes into the space between them, so a tighter pair covers this gap",wall of tile 025940 (room 0x33)
wall of tile 025940 (room 0x33),wall of tile 026540 (room 0x34),44.890,no,"another wall pokes into the space between them, so a tighter pair covers this gap",wall of tile 025B40 (room 0x34)
wall of tile 025940 (room 0x33),wall of tile 025B40 (room 0x34),31.742,no,the line between them touches another wall,wall of tile 025B40 (room 0x34)
wall of tile 025940 (room 0x33),generic 0x1c4a88 (preset 0x0063),6.593,yes,,
wall of tile 025940 (room 0x33),generic 0x1c4a88 (preset 0x0063),6.593,yes,,
wall of tile 025940 (room 0x33),generic 0x1c4a88 (preset 0x0063),7.154,no,"another wall pokes into the space between them, so a tighter pair covers this gap",generic 0x1c4a88 (preset 0x0063)
wall of tile 025740 (room 0x33),wall of tile 026040 (room 0x34),43.419,no,"another wall pokes into the space between them, so a tighter pair covers this gap",wall of tile 025A40 (room 0x34)
wall of tile 025740 (room 0x33),wall of tile 025A40 (room 0x34),29.626,no,the line between them touches another wall,wall of tile 025A40 (room 0x34)
wall of tile 026040 (room 0x34),wall of tile 025A40 (room 0x34),31.742,no,the line between them touches another wall,wall of tile 025A40 (room 0x34)
wall of tile 026040 (room 0x34),wall of tile 027440 (room 0x34),42.323,no,the line between them touches another wall,wall of tile 027440 (room 0x34)
wall of tile 026040 (room 0x34),wall of tile 024740 (room 0x34),51.661,no,"another wall pokes into the space between them, so a tighter pair covers this gap",wall of tile 027440 (room 0x34)
wall of tile 026040 (room 0x34),generic 0x1c4a08 (preset 0x0062),13.631,no,"another wall pokes into the space between them, so a tighter pair covers this gap",wall of tile 027440 (room 0x34)
wall of tile 026040 (room 0x34),generic 0x1c4a08 (preset 0x0062),12.942,yes,,
wall of tile 026040 (room 0x34),generic 0x1c4a08 (preset 0x0062),12.942,yes,,
wall of tile 025A40 (room 0x34),generic 0x1c4a08 (preset 0x0062),51.141,no,"another wall pokes into the space between them, so a tighter pair covers this gap",wall of tile 026040 (room 0x34)
wall of tile 025A40 (room 0x34),generic 0x1c4a08 (preset 0x0062),51.141,no,"another wall pokes into the space between them, so a tighter pair covers this gap",wall of tile 026040 (room 0x34)
wall of tile 027440 (room 0x34),wall of tile 024740 (room 0x34),29.626,no,the line between them touches another wall,wall of tile 027440 (room 0x34)
wall of tile 027440 (room 0x34),generic 0x1c4a08 (preset 0x0062),13.502,no,"another wall pokes into the space between them, so a tighter pair covers this gap",generic 0x1c4a08 (preset 0x0062)
wall of tile 027440 (room 0x34),generic 0x1c4a08 (preset 0x0062),13.492,no,"another wall pokes into the space between them, so a tighter pair covers this gap",wall of tile 026040 (room 0x34)
wall of tile 027440 (room 0x34),generic 0x1c4a08 (preset 0x0062),40.452,no,"another wall pokes into the space between them, so a tighter pair covers this gap",wall of tile 027440 (room 0x34)
wall of tile 027440 (room 0x34),generic 0x1c4a08 (preset 0x0062),40.452,no,"another wall pokes into the space between them, so a tighter pair covers this gap",wall of tile 027440 (room 0x34)
wall of tile 024740 (room 0x34),generic 0x1c4a08 (preset 0x0062),40.537,no,"another wall pokes into the space between them, so a tighter pair covers this gap",wall of tile 027440 (room 0x34)
wall of tile 024740 (room 0x34),generic 0x1c4a08 (preset 0x0062),43.547,no,"another wall pokes into the space between them, so a tighter pair covers this gap",wall of tile 027440 (room 0x34)
wall of tile 024A40 (room 0x34),wall of tile 027640 (room 0x34),31.742,no,the line between them touches another wall,wall of tile 027640 (room 0x34)
wall of tile 024A40 (room 0x34),wall of tile 026540 (room 0x34),52.903,no,"another wall pokes into the space between them, so a tighter pair covers this gap",wall of tile 027640 (room 0x34)
wall of tile 024A40 (room 0x34),generic 0x1c4988 (preset 0x0061),13.300,no,"another wall pokes into the space between them, so a tighter pair covers this gap",wall of tile 023640 (room 0x34)
wall of tile 024A40 (room 0x34),generic 0x1c4988 (preset 0x0061),13.502,no,"another wall pokes into the space between them, so a tighter pair covers this gap",generic 0x1c4988 (preset 0x0061)
wall of tile 023640 (room 0x34),wall of tile 024240 (room 0x34),44.890,no,"another wall pokes into the space between them, so a tighter pair covers this gap",wall of tile 023840 (room 0x34)
wall of tile 023640 (room 0x34),wall of tile 023840 (room 0x34),31.742,no,the line between them touches another wall,wall of tile 023840 (room 0x34)
wall of tile 023640 (room 0x34),generic 0x1c4988 (preset 0x0061),12.942,yes,,
wall of tile 023640 (room 0x34),generic 0x1c4988 (preset 0x0061),12.942,yes,,
wall of tile 023640 (room 0x34),generic 0x1c4988 (preset 0x0061),40.182,no,"another wall pokes into the space between them, so a tighter pair covers this gap",wall of tile 024A40 (room 0x34)
wall of tile 023440 (room 0x34),wall of tile 023D40 (room 0x34),43.419,no,"another wall pokes into the space between them, so a tighter pair covers this gap",wall of tile 023740 (room 0x34)
wall of tile 023440 (room 0x34),wall of tile 023740 (room 0x34),29.626,no,the line between them touches another wall,wall of tile 023740 (room 0x34)
wall of tile 023D40 (room 0x34),wall of tile 023740 (room 0x34),31.742,no,the line between them touches another wall,wall of tile 023740 (room 0x34)
wall of tile 023D40 (room 0x34),wall of tile 025440 (room 0x34),42.323,no,the line between them touches another wall,wall of tile 025440 (room 0x34)
wall of tile 023D40 (room 0x34),wall of tile 025240 (room 0x35),51.661,no,"another wall pokes into the space between them, so a tighter pair covers this gap",wall of tile 025440 (room 0x34)
wall of tile 023D40 (room 0x34),generic 0x1c4908 (preset 0x0060),26.199,no,"another wall pokes into the space between them, so a tighter pair covers this gap",generic 0x1c4908 (preset 0x0060)
wall of tile 023D40 (room 0x34),generic 0x1c4908 (preset 0x0060),25.639,yes,,
wall of tile 023D40 (room 0x34),generic 0x1c4908 (preset 0x0060),25.639,yes,,
wall of tile 023740 (room 0x34),generic 0x1c4908 (preset 0x0060),52.004,no,"another wall pokes into the space between them, so a tighter pair covers this gap",wall of tile 023D40 (room 0x34)
wall of tile 023740 (room 0x34),generic 0x1c4908 (preset 0x0060),52.004,no,"another wall pokes into the space between them, so a tighter pair covers this gap",wall of tile 023D40 (room 0x34)
wall of tile 025440 (room 0x34),wall of tile 025240 (room 0x35),29.626,no,the line between them touches another wall,wall of tile 025440 (room 0x34)
wall of tile 025440 (room 0x34),generic 0x1c4908 (preset 0x0060),26.305,no,"another wall pokes into the space between them, so a tighter pair covers this gap",wall of tile 023D40 (room 0x34)
wall of tile 025440 (room 0x34),generic 0x1c4908 (preset 0x0060),26.305,no,"another wall pokes into the space between them, so a tighter pair covers this gap",wall of tile 023D40 (room 0x34)
wall of tile 025440 (room 0x34),generic 0x1c4908 (preset 0x0060),44.684,yes,,
wall of tile 025440 (room 0x34),generic 0x1c4908 (preset 0x0060),44.684,yes,,
wall of tile 025240 (room 0x35),wall of tile 067102 (room 0x05),51.661,no,"the line between them leaves the walkable area (a wall's thickness, or another floor)",
wall of tile 025240 (room 0x35),wall of tile 067102 (room 0x05),51.661,no,"the line between them leaves the walkable area (a wall's thickness, or another floor)",
wall of tile 025240 (room 0x35),wall of tile 00AA02 (room 0x05),58.797,no,"the line between them leaves the walkable area (a wall's thickness, or another floor)",
wall of tile 025240 (room 0x35),generic 0x1c4908 (preset 0x0060),44.702,no,"another wall pokes into the space between them, so a tighter pair covers this gap",wall of tile 025440 (room 0x34)
wall of tile 025240 (room 0x35),generic 0x1c4908 (preset 0x0060),44.815,no,"another wall pokes into the space between them, so a tighter pair covers this gap",wall of tile 025440 (room 0x34)
wall of tile 025140 (room 0x35),wall of tile 067102 (room 0x05),30.857,no,"the line between them leaves the walkable area (a wall's thickness, or another floor)",
wall of tile 025140 (room 0x35),wall of tile 00AA02 (room 0x05),31.106,no,"the line between them leaves the walkable area (a wall's thickness, or another floor)",
wall of tile 025140 (room 0x35),door 0x1ca84c (preset 0x0046),0.024,no,"another wall pokes into the space between them, so a tighter pair covers this gap",door 0x1ca84c (preset 0x0046)
wall of tile 025140 (room 0x35),door 0x1ca84c (preset 0x0046),16.922,no,"the line between them leaves the walkable area (a wall's thickness, or another floor)",
wall of tile 025140 (room 0x35),door 0x1ca84c (preset 0x0046),0.000,yes,,
wall of tile 025140 (room 0x35),door 0x1ca84c (preset 0x0046),0.024,no,"another wall pokes into the space between them, so a tighter pair covers this gap",door 0x1ca84c (preset 0x0046)
wall of tile 067101 (room 0x05),wall of tile 025040 (room 0x35),49.943,no,"the line between them leaves the walkable area (a wall's thickness, or another floor)",
wall of tile 067101 (room 0x05),wall of tile 00AA01 (room 0x05),7.735,no,"another wall pokes into the space between them, so a tighter pair covers this gap",wall of tile 067102 (room 0x05)
wall of tile 067101 (room 0x05),door 0x1ca84c (preset 0x0046),0.000,no,the line between them touches another wall,door 0x1ca84c (preset 0x0046)
wall of tile 067101 (room 0x05),door 0x1ca84c (preset 0x0046),11.567,no,"another wall pokes into the space between them, so a tighter pair covers this gap",door 0x1ca84c (preset 0x0046)
wall of tile 067101 (room 0x05),door 0x1ca84c (preset 0x0046),11.567,no,"another wall pokes into the space between them, so a tighter pair covers this gap",door 0x1ca84c (preset 0x0046)
wall of tile 024F40 (room 0x35),wall of tile 067102 (room 0x05),30.830,no,"the line between them leaves the walkable area (a wall's thickness, or another floor)",
wall of tile 024F40 (room 0x35),wall of tile 00AA01 (room 0x05),31.151,no,"the line between them leaves the walkable area (a wall's thickness, or another floor)",
wall of tile 024F40 (room 0x35),door 0x1ca84c (preset 0x0046),0.000,no,the line between them touches another wall,door 0x1ca84c (preset 0x0046)
wall of tile 024F40 (room 0x35),door 0x1ca84c (preset 0x0046),16.945,no,"the line between them leaves the walkable area (a wall's thickness, or another floor)",
wall of tile 024F40 (room 0x35),door 0x1ca84c (preset 0x0046),16.945,no,"the line between them leaves the walkable area (a wall's thickness, or another floor)",
wall of tile 025040 (room 0x35),wall of tile 067102 (room 0x05),49.943,no,"the line between them leaves the walkable area (a wall's thickness, or another floor)",
wall of tile 025040 (room 0x35),wall of tile 00AA01 (room 0x05),58.797,no,"the line between them leaves the walkable area (a wall's thickness, or another floor)",
wall of tile 025040 (room 0x35),wall of tile 025340 (room 0x34),31.742,no,the line between them touches another wall,wall of tile 025340 (room 0x34)
wall of tile 025040 (room 0x35),wall of tile 024240 (room 0x34),52.903,no,"another wall pokes into the space between them, so a tighter pair covers this gap",wall of tile 025340 (room 0x34)
wall of tile 067102 (room 0x05),wall of tile 00AA02 (room 0x05),6.188,no,"another wall pokes into the space between them, so a tighter pair covers this gap",wall of tile 067102 (room 0x05)
wall of tile 067102 (room 0x05),door 0x1ca84c (preset 0x0046),0.024,no,"another wall pokes into the space between them, so a tighter pair covers this gap",door 0x1ca84c (preset 0x0046)
wall of tile 067102 (room 0x05),door 0x1ca84c (preset 0x0046),11.548,no,"another wall pokes into the space between them, so a tighter pair covers this gap",door 0x1ca84c (preset 0x0046)
wall of tile 067102 (room 0x05),door 0x1ca84c (preset 0x0046),0.000,yes,,
wall of tile 067102 (room 0x05),door 0x1ca84c (preset 0x0046),0.024,no,"another wall pokes into the space between them, so a tighter pair covers this gap",door 0x1ca84c (preset 0x0046)
wall of tile 067102 (room 0x05),door 0x1ca84c (preset 0x0046),38.169,no,"the line between them leaves the walkable area (a wall's thickness, or another floor)",
wall of tile 067102 (room 0x05),door 0x1ca84c (preset 0x0046),25.827,no,"another wall pokes into the space between them, so a tighter pair covers this gap",wall of tile 067102 (room 0x05)
wall of tile 067102 (room 0x05),door 0x1ca84c (preset 0x0046),25.827,no,"another wall pokes into the space between them, so a tighter pair covers this gap",wall of tile 067102 (room 0x05)
wall of tile 067102 (room 0x05),door 0x1ca84c (preset 0x0046),38.169,no,"the line between them leaves the walkable area (a wall's thickness, or another floor)",
wall of tile 067102 (room 0x05),door 0x1ca84c (preset 0x0046),37.015,no,"the line between them leaves the walkable area (a wall's thickness, or another floor)",
wall of tile 067102 (room 0x05),door 0x1ca84c (preset 0x0046),24.113,no,"another wall pokes into the space between them, so a tighter pair covers this gap",wall of tile 067101 (room 0x05)
wall of tile 067102 (room 0x05),door 0x1ca84c (preset 0x0046),24.113,no,"another wall pokes into the space between them, so a tighter pair covers this gap",wall of tile 067101 (room 0x05)
wall of tile 067102 (room 0x05),door 0x1ca84c (preset 0x0046),24.113,no,"another wall pokes into the space between them, so a tighter pair covers this gap",wall of tile 067101 (room 0x05)
wall of tile 00AA02 (room 0x05),wall of tile 053601 (room 0x05),6.188,no,"another wall pokes into the space between them, so a tighter pair covers this gap",wall of tile 053602 (room 0x05)
wall of tile 00AA02 (room 0x05),wall of tile 004528 (room 0x25),31.106,no,"the line between them leaves the walkable area (a wall's thickness, or another floor)",
wall of tile 00AA02 (room 0x05),wall of tile 004628 (room 0x25),58.797,no,"the line between them leaves the walkable area (a wall's thickness, or another floor)",
wall of tile 00AA02 (room 0x05),door 0x1ca84c (preset 0x0046),38.169,no,"the line between them leaves the walkable area (a wall's thickness, or another floor)",
wall of tile 00AA02 (room 0x05),door 0x1ca84c (preset 0x0046),25.827,no,"another wall pokes into the space between them, so a tighter pair covers this gap",wall of tile 067102 (room 0x05)
wall of tile 00AA02 (room 0x05),door 0x1ca84c (preset 0x0046),25.827,no,"another wall pokes into the space between them, so a tighter pair covers this gap",wall of tile 067102 (room 0x05)
wall of tile 00AA02 (room 0x05),door 0x1ca84c (preset 0x0046),38.169,no,"the line between them leaves the walkable area (a wall's thickness, or another floor)",
wall of tile 00AA02 (room 0x05),door 0x1cad6c (preset 0x004b),38.149,no,"the line between them leaves the walkable area (a wall's thickness, or another floor)",
wall of tile 00AA02 (room 0x05),door 0x1cad6c (preset 0x004b),27.100,no,"another wall pokes into the space between them, so a tighter pair covers this gap",wall of tile 053601 (room 0x05)
wall of tile 00AA02 (room 0x05),door 0x1cad6c (preset 0x004b),27.100,no,"another wall pokes into the space between them, so a tighter pair covers this gap",wall of tile 053601 (room 0x05)
wall of tile 00AA02 (room 0x05),door 0x1cad6c (preset 0x004b),27.100,no,"another wall pokes into the space between them, so a tighter pair covers this gap",wall of tile 053601 (room 0x05)
wall of tile 00AA01 (room 0x05),wall of tile 053602 (room 0x05),7.735,no,"another wall pokes into the space between them, so a tighter pair covers this gap",wall of tile 053602 (room 0x05)
wall of tile 00AA01 (room 0x05),wall of tile 004728 (room 0x25),31.151,no,"the line between them leaves the walkable area (a wall's thickness, or another floor)",
wall of tile 00AA01 (room 0x05),wall of tile 004828 (room 0x25),58.797,no,"the line between them leaves the walkable area (a wall's thickness, or another floor)",
wall of tile 00AA01 (room 0x05),door 0x1ca84c (preset 0x0046),37.015,no,"the line between them leaves the walkable area (a wall's thickness, or another floor)",
wall of tile 00AA01 (room 0x05),door 0x1ca84c (preset 0x0046),24.113,no,"another wall pokes into the space between them, so a tighter pair covers this gap",wall of tile 067101 (room 0x05)
wall of tile 00AA01 (room 0x05),door 0x1ca84c (preset 0x0046),24.113,no,"another wall pokes into the space between them, so a tighter pair covers this gap",wall of tile 067101 (room 0x05)
wall of tile 00AA01 (room 0x05),door 0x1ca84c (preset 0x0046),24.113,no,"another wall pokes into the space between them, so a tighter pair covers this gap",wall of tile 067101 (room 0x05)
wall of tile 00AA01 (room 0x05),door 0x1cad6c (preset 0x004b),25.481,no,"another wall pokes into the space between them, so a tighter pair covers this gap",wall of tile 053602 (room 0x05)
wall of tile 00AA01 (room 0x05),door 0x1cad6c (preset 0x004b),37.017,no,"another wall pokes into the space between them, so a tighter pair covers this gap",wall of tile 004728 (room 0x25)
wall of tile 00AA01 (room 0x05),door 0x1cad6c (preset 0x004b),37.017,no,"the line between them leaves the walkable area (a wall's thickness, or another floor)",
wall of tile 00AA01 (room 0x05),door 0x1cad6c (preset 0x004b),25.481,no,"another wall pokes into the space between them, so a tighter pair covers this gap",wall of tile 053602 (room 0x05)
wall of tile 053602 (room 0x05),wall of tile 004828 (room 0x25),49.943,no,"the line between them leaves the walkable area (a wall's thickness, or another floor)",
wall of tile 053602 (room 0x05),door 0x1cad6c (preset 0x004b),0.000,no,"another wall pokes into the space between them, so a tighter pair covers this gap",door 0x1cad6c (preset 0x004b)
wall of tile 053602 (room 0x05),door 0x1cad6c (preset 0x004b),0.000,no,the line between them touches another wall,door 0x1cad6c (preset 0x004b)
wall of tile 053602 (room 0x05),door 0x1cad6c (preset 0x004b),10.107,no,"another wall pokes into the space between them, so a tighter pair covers this gap",door 0x1cad6c (preset 0x004b)
wall of tile 053602 (room 0x05),wall of tile 004728 (room 0x25),30.830,no,"the line between them leaves the walkable area (a wall's thickness, or another floor)",
wall of tile 053602 (room 0x05),wall of tile 004828 (room 0x25),49.943,no,"the line between them leaves the walkable area (a wall's thickness, or another floor)",
wall of tile 053602 (room 0x05),door 0x1cad6c (preset 0x004b),25.481,no,"another wall pokes into the space between them, so a tighter pair covers this gap",wall of tile 053602 (room 0x05)
wall of tile 053602 (room 0x05),door 0x1cad6c (preset 0x004b),37.017,no,"another wall pokes into the space between them, so a tighter pair covers this gap",wall of tile 004728 (room 0x25)
wall of tile 053602 (room 0x05),door 0x1cad6c (preset 0x004b),37.017,no,"the line between them leaves the walkable area (a wall's thickness, or another floor)",
wall of tile 053602 (room 0x05),door 0x1cad6c (preset 0x004b),25.481,no,"another wall pokes into the space between them, so a tighter pair covers this gap",wall of tile 053602 (room 0x05)
wall of tile 053602 (room 0x05),wall of tile 004528 (room 0x25),30.857,no,"the line between them leaves the walkable area (a wall's thickness, or another floor)",
wall of tile 053602 (room 0x05),wall of tile 004628 (room 0x25),51.661,no,"the line between them leaves the walkable area (a wall's thickness, or another floor)",
wall of tile 053602 (room 0x05),door 0x1cad6c (preset 0x004b),38.149,no,"the line between them leaves the walkable area (a wall's thickness, or another floor)",
wall of tile 053602 (room 0x05),door 0x1cad6c (preset 0x004b),27.100,no,"another wall pokes into the space between them, so a tighter pair covers this gap",wall of tile 053601 (room 0x05)
wall of tile 053602 (room 0x05),door 0x1cad6c (preset 0x004b),27.100,no,"another wall pokes into the space between them, so a tighter pair covers this gap",wall of tile 053601 (room 0x05)
wall of tile 053602 (room 0x05),door 0x1cad6c (preset 0x004b),27.100,no,"another wall pokes into the space between them, so a tighter pair covers this gap",wall of tile 053601 (room 0x05)
wall of tile 053601 (room 0x05),wall of tile 004628 (room 0x25),51.661,no,"the line between them leaves the walkable area (a wall's thickness, or another floor)",
wall of tile 053601 (room 0x05),door 0x1cad6c (preset 0x004b),0.000,no,"another wall pokes into the space between them, so a tighter pair covers this gap",door 0x1cad6c (preset 0x004b)
wall of tile 053601 (room 0x05),door 0x1cad6c (preset 0x004b),0.000,yes,,
wall of tile 053601 (room 0x05),door 0x1cad6c (preset 0x004b),10.107,no,"another wall pokes into the space between them, so a tighter pair covers this gap",door 0x1cad6c (preset 0x004b)
wall of tile 053601 (room 0x05),door 0x1cad6c (preset 0x004b),10.107,no,"another wall pokes into the space between them, so a tighter pair covers this gap",door 0x1cad6c (preset 0x004b)
wall of tile 004528 (room 0x25),door 0x1cad6c (preset 0x004b),0.000,no,"another wall pokes into the space between them, so a tighter pair covers this gap",door 0x1cad6c (preset 0x004b)
wall of tile 004528 (room 0x25),door 0x1cad6c (preset 0x004b),0.000,yes,,
wall of tile 004528 (room 0x25),door 0x1cad6c (preset 0x004b),14.807,no,"the line between them leaves the walkable area (a wall's thickness, or another floor)",
wall of tile 004528 (room 0x25),door 0x1cad6c (preset 0x004b),14.807,no,"the line between them leaves the walkable area (a wall's thickness, or another floor)",
wall of tile 004728 (room 0x25),door 0x1cad6c (preset 0x004b),0.000,no,"the line between them leaves the walkable area (a wall's thickness, or another floor)",
wall of tile 004728 (room 0x25),door 0x1cad6c (preset 0x004b),0.000,no,the line between them touches another wall,door 0x1cad6c (preset 0x004b)
wall of tile 004728 (room 0x25),door 0x1cad6c (preset 0x004b),14.806,no,"the line between them leaves the walkable area (a wall's thickness, or another floor)",
wall of tile 004828 (room 0x25),wall of tile 003328 (room 0x25),51.226,no,"another wall pokes into the space between them, so a tighter pair covers this gap",wall of tile 004A28 (room 0x25)
wall of tile 004828 (room 0x25),wall of tile 004A28 (room 0x25),31.742,no,the line between them touches another wall,wall of tile 004A28 (room 0x25)
wall of tile 003328 (room 0x25),wall of tile 004A28 (room 0x25),40.206,no,the line between them touches another wall,wall of tile 004A28 (room 0x25)
wall of tile 003328 (room 0x25),wall of tile 002D28 (room 0x25),29.626,no,the line between them touches another wall,wall of tile 002D28 (room 0x25)
wall of tile 003328 (room 0x25),wall of tile 002A28 (room 0x25),43.419,no,"another wall pokes into the space between them, so a tighter pair covers this gap",wall of tile 002D28 (room 0x25)
wall of tile 003328 (room 0x25),wall of tile 010248 (room 0x37),10.581,no,"the line between them leaves the walkable area (a wall's thickness, or another floor)",
wall of tile 003328 (room 0x25),wall of tile 00C348 (room 0x37),10.581,no,"the line between them leaves the walkable area (a wall's thickness, or another floor)",
wall of tile 004A28 (room 0x25),wall of tile 010248 (room 0x37),55.019,no,"the line between them leaves the walkable area (a wall's thickness, or another floor)",
wall of tile 004A28 (room 0x25),wall of tile 010248 (room 0x37),43.681,no,the far wall faces the other way (it belongs to floor which isn't linked here),
wall of tile 002D28 (room 0x25),wall of tile 002A28 (room 0x25),31.742,no,the line between them touches another wall,wall of tile 002D28 (room 0x25)
wall of tile 064429 (room 0x27),generic 0x1c4888 (preset 0x005b),23.015,no,"the line between them leaves the walkable area (a wall's thickness, or another floor)",
wall of tile 064429 (room 0x27),generic 0x1c4888 (preset 0x005b),19.648,no,"another wall pokes into the space between them, so a tighter pair covers this gap",wall of tile 06432A (room 0x27)
wall of tile 06432A (room 0x27),generic 0x1c4888 (preset 0x005b),33.405,no,"another wall pokes into the space between them, so a tighter pair covers this gap",wall of tile 06422A (room 0x27)
wall of tile 064929 (room 0x27),wall of tile 007F71 (room 0x55),10.581,no,"the line between them leaves the walkable area (a wall's thickness, or another floor)",
wall of tile 06422A (room 0x27),wall of tile 05E328 (room 0x26),31.484,no,"another wall pokes into the space between them, so a tighter pair covers this gap",wall of tile 06422A (room 0x27)
wall of tile 06422A (room 0x27),generic 0x1c4888 (preset 0x005b),21.728,no,"another wall pokes into the space between them, so a tighter pair covers this gap",wall of tile 06432A (room 0x27)
wall of tile 06422A (room 0x27),generic 0x1c4888 (preset 0x005b),32.640,no,"another wall pokes into the space between them, so a tighter pair covers this gap",generic 0x1c4888 (preset 0x005b)
wall of tile 05E628 (room 0x26),wall of tile 05ED28 (room 0x26),44.890,no,"another wall pokes into the space between them, so a tighter pair covers this gap",wall of tile 05E928 (room 0x26)
wall of tile 05E628 (room 0x26),wall of tile 05E928 (room 0x26),31.742,no,the line between them touches another wall,wall of tile 05E928 (room 0x26)
wall of tile 05ED28 (room 0x26),wall of tile 05E928 (room 0x26),31.742,no,the line between them touches another wall,wall of tile 05E928 (room 0x26)
wall of tile 05ED28 (room 0x26),wall of tile 05FA28 (room 0x26),42.323,no,the line between them touches another wall,wall of tile 05FA28 (room 0x26)
wall of tile 05ED28 (room 0x26),wall of tile 05F828 (room 0x26),52.903,no,"another wall pokes into the space between them, so a tighter pair covers this gap",wall of tile 05FA28 (room 0x26)
wall of tile 05ED28 (room 0x26),monitor 0x1c6fb8 (preset 0x271f),48.671,no,"the line between them leaves the walkable area (a wall's thickness, or another floor)",
wall of tile 05ED28 (room 0x26),monitor 0x1c6fb8 (preset 0x271f),48.663,no,"the line between them leaves the walkable area (a wall's thickness, or another floor)",
wall of tile 05ED28 (room 0x26),monitor 0x1c6fb8 (preset 0x271f),52.251,no,"the line between them leaves the walkable area (a wall's thickness, or another floor)",
wall of tile 05ED28 (room 0x26),monitor 0x1c720c (preset 0x2720),49.404,no,"the line between them leaves the walkable area (a wall's thickness, or another floor)",
wall of tile 05ED28 (room 0x26),monitor 0x1c720c (preset 0x2720),48.661,no,"the line between them leaves the walkable area (a wall's thickness, or another floor)",
wall of tile 05ED28 (room 0x26),monitor 0x1c720c (preset 0x2720),48.661,no,"the line between them leaves the walkable area (a wall's thickness, or another floor)",
wall of tile 05E928 (room 0x26),monitor 0x1c6fb8 (preset 0x271f),48.661,no,"the line between them leaves the walkable area (a wall's thickness, or another floor)",
wall of tile 05E928 (room 0x26),monitor 0x1c6fb8 (preset 0x271f),48.661,no,"the line between them leaves the walkable area (a wall's thickness, or another floor)",
wall of tile 05E928 (room 0x26),monitor 0x1c6fb8 (preset 0x271f),50.293,no,"the line between them leaves the walkable area (a wall's thickness, or another floor)",
wall of tile 05E928 (room 0x26),monitor 0x1c6fb8 (preset 0x271f),50.293,no,"the line between them leaves the walkable area (a wall's thickness, or another floor)",
wall of tile 05FA28 (room 0x26),monitor 0x1c720c (preset 0x2720),59.284,no,"the line between them leaves the walkable area (a wall's thickness, or another floor)",
wall of tile 05FA28 (room 0x26),monitor 0x1c720c (preset 0x2720),59.284,no,"the line between them leaves the walkable area (a wall's thickness, or another floor)",
wall of tile 05FA28 (room 0x26),wall of tile 05F828 (room 0x26),31.742,no,the line between them touches another wall,wall of tile 05FA28 (room 0x26)
wall of tile 05FA28 (room 0x26),monitor 0x1c720c (preset 0x2720),48.671,no,"the line between them leaves the walkable area (a wall's thickness, or another floor)",
wall of tile 05FA28 (room 0x26),monitor 0x1c720c (preset 0x2720),48.670,no,"the line between them leaves the walkable area (a wall's thickness, or another floor)",
wall of tile 05F828 (room 0x26),wall of tile 03E05A (room 0x3a),59.252,no,"the line between them leaves the walkable area (a wall's thickness, or another floor)",
wall of tile 05F728 (room 0x26),wall of tile 030B59 (room 0x3a),23.277,no,the line between them touches another wall,wall of tile 030D5A (room 0x3a)
wall of tile 05F728 (room 0x26),wall of tile 03E25A (room 0x3a),44.439,no,"the line between them leaves the walkable area (a wall's thickness, or another floor)",
wall of tile 05F728 (room 0x26),wall of tile 03E05A (room 0x3a),59.252,no,"the line between them leaves the walkable area (a wall's thickness, or another floor)",
wall of tile 05F728 (room 0x26),door 0x1ca54c (preset 0x0041),16.929,no,the line between them touches another wall,wall of tile 030D5A (room 0x3a)
wall of tile 05F728 (room 0x26),door 0x1ca54c (preset 0x0041),0.000,no,the line between them touches another wall,door 0x1ca54c (preset 0x0041)
wall of tile 05F728 (room 0x26),door 0x1ca54c (preset 0x0041),16.929,no,the line between them touches another wall,wall of tile 030D5A (room 0x3a)
wall of tile 05F528 (room 0x26),wall of tile 030B5A (room 0x3a),23.277,no,the line between them touches another wall,wall of tile 030D59 (room 0x3a)
wall of tile 05F528 (room 0x26),wall of tile 03E259 (room 0x3a),44.439,no,"the line between them leaves the walkable area (a wall's thickness, or another floor)",
wall of tile 05F528 (room 0x26),wall of tile 03E059 (room 0x3a),59.252,no,"the line between them leaves the walkable area (a wall's thickness, or another floor)",
wall of tile 05F528 (room 0x26),wall of tile 002D58 (room 0x3a),44.439,no,"the line between them leaves the walkable area (a wall's thickness, or another floor)",
wall of tile 05F528 (room 0x26),wall of tile 002D58 (room 0x3a),44.439,no,"the line between them leaves the walkable area (a wall's thickness, or another floor)",
wall of tile 05F528 (room 0x26),door 0x1ca54c (preset 0x0041),16.929,no,the line between them touches another wall,door 0x1ca54c (preset 0x0041)
wall of tile 05F528 (room 0x26),door 0x1ca54c (preset 0x0041),0.000,no,the line between them touches another wall,door 0x1ca54c (preset 0x0041)
wall of tile 030D5A (room 0x3a),wall of tile 03E25A (room 0x3a),29.927,no,the line between them touches another wall,wall of tile 030B59 (room 0x3a)
wall of tile 030D5A (room 0x3a),wall of tile 03E05A (room 0x3a),41.737,no,"another wall pokes into the space between them, so a tighter pair covers this gap",wall of tile 030B59 (room 0x3a)
wall of tile 030D5A (room 0x3a),door 0x1ca54c (preset 0x0041),0.000,no,the line between them touches another wall,door 0x1ca54c (preset 0x0041)
wall of tile 030D59 (room 0x3a),wall of tile 03E259 (room 0x3a),29.927,no,the line between them touches another wall,wall of tile 030B5A (room 0x3a)
wall of tile 030D59 (room 0x3a),wall of tile 03E059 (room 0x3a),41.737,no,"another wall pokes into the space between them, so a tighter pair covers this gap",wall of tile 030B5A (room 0x3a)
wall of tile 030D59 (room 0x3a),wall of tile 002D58 (room 0x3a),29.927,no,the line between them touches another wall,wall of tile 030B5A (room 0x3a)
wall of tile 030D59 (room 0x3a),wall of tile 002D58 (room 0x3a),29.927,no,the line between them touches another wall,wall of tile 030B5A (room 0x3a)
wall of tile 030D59 (room 0x3a),door 0x1ca54c (preset 0x0041),0.000,no,the line between them touches another wall,door 0x1ca54c (preset 0x0041)
wall of tile 030B59 (room 0x3a),wall of tile 03E05A (room 0x3a),14.813,no,the line between them touches another wall,wall of tile 03E25A (room 0x3a)
wall of tile 030B59 (room 0x3a),door 0x1ca54c (preset 0x0041),6.348,no,"another wall pokes into the space between them, so a tighter pair covers this gap",wall of tile 030D5A (room 0x3a)
wall of tile 030B59 (room 0x3a),door 0x1ca54c (preset 0x0041),23.278,no,the line between them touches another wall,door 0x1ca54c (preset 0x0041)
wall of tile 030B59 (room 0x3a),door 0x1ca54c (preset 0x0041),6.349,no,the line between them touches another wall,wall of tile 030D5A (room 0x3a)
wall of tile 030B59 (room 0x3a),door 0x1ca54c (preset 0x0041),6.348,no,the line between them touches another wall,wall of tile 030D5A (room 0x3a)
wall of tile 030B5A (room 0x3a),wall of tile 03E059 (room 0x3a),14.813,no,the line between them touches another wall,wall of tile 03E259 (room 0x3a)
wall of tile 030B5A (room 0x3a),door 0x1ca54c (preset 0x0041),6.348,no,the line between them touches another wall,wall of tile 030D59 (room 0x3a)
wall of tile 030B5A (room 0x3a),door 0x1ca54c (preset 0x0041),6.348,no,the line between them touches another wall,wall of tile 030D59 (room 0x3a)
wall of tile 030B5A (room 0x3a),door 0x1ca54c (preset 0x0041),23.277,no,the line between them touches another wall,wall of tile 030D59 (room 0x3a)
wall of tile 030B5A (room 0x3a),door 0x1ca54c (preset 0x0041),23.278,no,the line between them touches another wall,wall of tile 030D59 (room 0x3a)
wall of tile 03E259 (room 0x3a),door 0x1ca54c (preset 0x0041),34.707,no,"the line between them leaves the walkable area (a wall's thickness, or another floor)",
wall of tile 03E259 (room 0x3a),door 0x1ca54c (preset 0x0041),34.707,no,"the line between them leaves the walkable area (a wall's thickness, or another floor)",
wall of tile 03E259 (room 0x3a),door 0x1ca54c (preset 0x0041),49.220,no,"the line between them leaves the walkable area (a wall's thickness, or another floor)",
wall of tile 03E259 (room 0x3a),door 0x1ca54c (preset 0x0041),49.220,no,"the line between them leaves the walkable area (a wall's thickness, or another floor)",
wall of tile 03E25A (room 0x3a),door 0x1ca54c (preset 0x0041),34.707,no,"the line between them leaves the walkable area (a wall's thickness, or another floor)",
wall of tile 03E25A (room 0x3a),door 0x1ca54c (preset 0x0041),49.220,no,"the line between them leaves the walkable area (a wall's thickness, or another floor)",
wall of tile 03E25A (room 0x3a),door 0x1ca54c (preset 0x0041),34.707,no,"the line between them leaves the walkable area (a wall's thickness, or another floor)",
wall of tile 03E25A (room 0x3a),door 0x1ca54c (preset 0x0041),34.707,no,"the line between them leaves the walkable area (a wall's thickness, or another floor)",
wall of tile 03E05A (room 0x3a),wall of tile 083758 (room 0x3a),18.204,no,"the line between them leaves the walkable area (a wall's thickness, or another floor)",
wall of tile 03E05A (room 0x3a),wall of tile 083758 (room 0x3a),9.221,no,the far wall faces the other way (it belongs to floor which isn't linked here),
wall of tile 03E05A (room 0x3a),door 0x1ca54c (preset 0x0041),47.318,no,"the line between them leaves the walkable area (a wall's thickness, or another floor)",
wall of tile 03E05A (room 0x3a),door 0x1ca54c (preset 0x0041),47.318,no,"the line between them leaves the walkable area (a wall's thickness, or another floor)",
wall of tile 03E05A (room 0x3a),door 0x1ca54c (preset 0x0041),47.318,no,"the line between them leaves the walkable area (a wall's thickness, or another floor)",
wall of tile 03E059 (room 0x3a),wall of tile 002D58 (room 0x3a),14.813,no,the line between them touches another wall,wall of tile 03E259 (room 0x3a)
wall of tile 03E059 (room 0x3a),door 0x1ca54c (preset 0x0041),47.318,no,"the line between them leaves the walkable area (a wall's thickness, or another floor)",
wall of tile 03E059 (room 0x3a),door 0x1ca54c (preset 0x0041),47.318,no,"the line between them leaves the walkable area (a wall's thickness, or another floor)",
wall of tile 03E059 (room 0x3a),wall of tile 03B159 (room 0x3a),14.813,no,the line between them touches another wall,wall of tile 03E159 (room 0x3a)
wall of tile 03E059 (room 0x3a),wall of tile 081D5A (room 0x3a),33.858,no,the line between them touches another wall,wall of tile 03B159 (room 0x3a)
wall of tile 03E059 (room 0x3a),wall of tile 03AE59 (room 0x3a),40.207,no,the line between them touches another wall,wall of tile 03B159 (room 0x3a)
wall of tile 03E059 (room 0x3a),generic 0x1c4808 (preset 0x005a),44.001,no,"the line between them leaves the walkable area (a wall's thickness, or another floor)",
wall of tile 03E059 (room 0x3a),generic 0x1c4808 (preset 0x005a),43.761,no,"the line between them leaves the walkable area (a wall's thickness, or another floor)",
wall of tile 03E059 (room 0x3a),generic 0x1c4808 (preset 0x005a),43.761,no,"the line between them leaves the walkable area (a wall's thickness, or another floor)",
wall of tile 03E159 (room 0x3a),wall of tile 081D5A (room 0x3a),19.045,no,the line between them touches another wall,wall of tile 03B159 (room 0x3a)
wall of tile 03E159 (room 0x3a),wall of tile 03AE59 (room 0x3a),25.394,no,the line between them touches another wall,wall of tile 03B159 (room 0x3a)
wall of tile 03E159 (room 0x3a),wall of tile 081E5A (room 0x3a),46.555,no,the line between them touches another wall,wall of tile 03B159 (room 0x3a)
wall of tile 03E159 (room 0x3a),wall of tile 03B659 (room 0x3a),50.787,no,the line between them touches another wall,wall of tile 03B159 (room 0x3a)
wall of tile 03E159 (room 0x3a),generic 0x1c4808 (preset 0x005a),45.835,no,"the line between them leaves the walkable area (a wall's thickness, or another floor)",
wall of tile 03E159 (room 0x3a),generic 0x1c4808 (preset 0x005a),45.835,no,"the line between them leaves the walkable area (a wall's thickness, or another floor)",
wall of tile 03E15A (room 0x3a),wall of tile 081D59 (room 0x3a),19.045,no,the line between them touches another wall,wall of tile 03B15A (room 0x3a)
wall of tile 03E15A (room 0x3a),wall of tile 03AE5A (room 0x3a),25.394,no,the line between them touches another wall,wall of tile 03B15A (room 0x3a)
wall of tile 03E15A (room 0x3a),wall of tile 081E59 (room 0x3a),46.555,no,the line between them touches another wall,wall of tile 03B15A (room 0x3a)
wall of tile 03E15A (room 0x3a),wall of tile 03B65A (room 0x3a),50.787,no,the line between them touches another wall,wall of tile 03B15A (room 0x3a)
wall of tile 03E15A (room 0x3a),wall of tile 083758 (room 0x3a),14.813,no,"the line between them leaves the walkable area (a wall's thickness, or another floor)",
wall of tile 03E15A (room 0x3a),wall of tile 005358 (room 0x3a),35.028,no,"the line between them leaves the walkable area (a wall's thickness, or another floor)",
wall of tile 03E15A (room 0x3a),wall of tile 083758 (room 0x3a),14.813,no,"the line between them leaves the walkable area (a wall's thickness, or another floor)",
wall of tile 03E15A (room 0x3a),wall of tile 005358 (room 0x3a),35.028,no,"the line between them leaves the walkable area (a wall's thickness, or another floor)",
wall of tile 03B15A (room 0x3a),wall of tile 03AE5A (room 0x3a),6.348,no,the line between them touches another wall,wall of tile 081D59 (room 0x3a)
wall of tile 03B15A (room 0x3a),wall of tile 081E59 (room 0x3a),27.510,no,the line between them touches another wall,wall of tile 03AE5A (room 0x3a)
wall of tile 03B15A (room 0x3a),wall of tile 03B65A (room 0x3a),31.742,no,the line between them touches another wall,wall of tile 03AE5A (room 0x3a)
wall of tile 03B15A (room 0x3a),wall of tile 081F59 (room 0x3a),52.903,no,the line between them touches another wall,wall of tile 03AE5A (room 0x3a)
wall of tile 03B15A (room 0x3a),wall of tile 03B35A (room 0x3a),57.136,no,the line between them touches another wall,wall of tile 03AE5A (room 0x3a)
wall of tile 03B15A (room 0x3a),wall of tile 081A59 (room 0x3a),59.252,no,the line between them touches another wall,wall of tile 03AE5A (room 0x3a)
wall of tile 03B15A (room 0x3a),wall of tile 081959 (room 0x3a),46.555,no,the line between them touches another wall,wall of tile 03AE5A (room 0x3a)
wall of tile 03B15A (room 0x3a),wall of tile 005558 (room 0x3a),46.555,no,the line between them touches another wall,wall of tile 03AE5A (room 0x3a)
wall of tile 03B159 (room 0x3a),wall of tile 03AE59 (room 0x3a),6.348,no,the line between them touches another wall,wall of tile 081D5A (room 0x3a)
wall of tile 03B159 (room 0x3a),wall of tile 081E5A (room 0x3a),27.510,no,the line between them touches another wall,wall of tile 03AE59 (room 0x3a)
wall of tile 03B159 (room 0x3a),wall of tile 03B659 (room 0x3a),31.742,no,the line between them touches another wall,wall of tile 03AE59 (room 0x3a)
wall of tile 03B159 (room 0x3a),wall of tile 081F5A (room 0x3a),52.903,no,the line between them touches another wall,wall of tile 03AE59 (room 0x3a)
wall of tile 03B159 (room 0x3a),wall of tile 03B359 (room 0x3a),57.136,no,the line between them touches another wall,wall of tile 03AE59 (room 0x3a)
wall of tile 03B159 (room 0x3a),wall of tile 00045A (room 0x3a),14.813,no,the line between them touches another wall,wall of tile 03E159 (room 0x3a)
wall of tile 03B159 (room 0x3a),wall of tile 083758 (room 0x3a),14.813,no,the line between them touches another wall,wall of tile 03E159 (room 0x3a)
wall of tile 03B159 (room 0x3a),generic 0x1c4808 (preset 0x005a),36.890,no,"the line between them leaves the walkable area (a wall's thickness, or another floor)",
wall of tile 03B159 (room 0x3a),generic 0x1c4808 (preset 0x005a),36.890,no,"the line between them leaves the walkable area (a wall's thickness, or another floor)",
wall of tile 081D59 (room 0x3a),wall of tile 081E59 (room 0x3a),21.161,no,the line between them touches another wall,wall of tile 03AE5A (room 0x3a)
wall of tile 081D59 (room 0x3a),wall of tile 03B65A (room 0x3a),25.394,no,the line between them touches another wall,wall of tile 03AE5A (room 0x3a)
wall of tile 081D59 (room 0x3a),wall of tile 081F59 (room 0x3a),46.555,no,the line between them touches another wall,wall of tile 03AE5A (room 0x3a)
wall of tile 081D59 (room 0x3a),wall of tile 03B35A (room 0x3a),50.787,no,the line between them touches another wall,wall of tile 03AE5A (room 0x3a)
wall of tile 081D59 (room 0x3a),wall of tile 081A59 (room 0x3a),52.903,no,the line between them touches another wall,wall of tile 03AE5A (room 0x3a)
wall of tile 081D59 (room 0x3a),wall of tile 081959 (room 0x3a),40.207,no,the line between them touches another wall,wall of tile 03AE5A (room 0x3a)
wall of tile 081D59 (room 0x3a),wall of tile 005558 (room 0x3a),40.207,no,the line between them touches another wall,wall of tile 03AE5A (room 0x3a)
wall of tile 081D5A (room 0x3a),wall of tile 081E5A (room 0x3a),21.161,no,the line between them touches another wall,wall of tile 03AE59 (room 0x3a)
wall of tile 081D5A (room 0x3a),wall of tile 03B659 (room 0x3a),25.394,no,the line between them touches another wall,wall of tile 03AE59 (room 0x3a)
wall of tile 081D5A (room 0x3a),wall of tile 081F5A (room 0x3a),46.555,no,the line between them touches another wall,wall of tile 03AE59 (room 0x3a)
wall of tile 081D5A (room 0x3a),wall of tile 03B359 (room 0x3a),50.787,no,the line between them touches another wall,wall of tile 03AE59 (room 0x3a)
wall of tile 081D5A (room 0x3a),wall of tile 00045A (room 0x3a),33.858,no,the line between them touches another wall,wall of tile 03B159 (room 0x3a)
wall of tile 081D5A (room 0x3a),wall of tile 083758 (room 0x3a),33.858,no,the line between them touches another wall,wall of tile 03B159 (room 0x3a)
wall of tile 081D5A (room 0x3a),generic 0x1c4808 (preset 0x005a),35.713,no,"the line between them leaves the walkable area (a wall's thickness, or another floor)",
wall of tile 081D5A (room 0x3a),generic 0x1c4808 (preset 0x005a),35.713,no,"the line between them leaves the walkable area (a wall's thickness, or another floor)",
wall of tile 03AE5A (room 0x3a),wall of tile 03B65A (room 0x3a),4.232,no,the line between them touches another wall,wall of tile 081E59 (room 0x3a)
wall of tile 03AE5A (room 0x3a),wall of tile 081F59 (room 0x3a),25.394,no,the line between them touches another wall,wall of tile 03B65A (room 0x3a)
wall of tile 03AE5A (room 0x3a),wall of tile 03B35A (room 0x3a),29.626,no,the line between them touches another wall,wall of tile 03B65A (room 0x3a)
wall of tile 03AE5A (room 0x3a),wall of tile 082059 (room 0x3a),50.787,no,the line between them touches another wall,wall of tile 03B65A (room 0x3a)
wall of tile 03AE5A (room 0x3a),wall of tile 03BD5A (room 0x3a),55.020,no,the line between them touches another wall,wall of tile 03B65A (room 0x3a)
wall of tile 03AE5A (room 0x3a),wall of tile 081A59 (room 0x3a),31.742,no,the line between them touches another wall,wall of tile 03B65A (room 0x3a)
wall of tile 03AE5A (room 0x3a),wall of tile 081959 (room 0x3a),19.045,no,the line between them touches another wall,wall of tile 03B65A (room 0x3a)
wall of tile 03AE5A (room 0x3a),wall of tile 005558 (room 0x3a),19.045,no,the line between them touches another wall,wall of tile 03B65A (room 0x3a)
wall of tile 03AE59 (room 0x3a),wall of tile 03B659 (room 0x3a),4.232,no,the line between them touches another wall,wall of tile 081E5A (room 0x3a)
wall of tile 03AE59 (room 0x3a),wall of tile 081F5A (room 0x3a),25.394,no,the line between them touches another wall,wall of tile 03B659 (room 0x3a)
wall of tile 03AE59 (room 0x3a),wall of tile 03B359 (room 0x3a),29.626,no,the line between them touches another wall,wall of tile 03B659 (room 0x3a)
wall of tile 03AE59 (room 0x3a),wall of tile 08205A (room 0x3a),50.787,no,the line between them touches another wall,wall of tile 03B659 (room 0x3a)
wall of tile 03AE59 (room 0x3a),wall of tile 03BD59 (room 0x3a),55.020,no,the line between them touches another wall,wall of tile 03B659 (room 0x3a)
wall of tile 03AE59 (room 0x3a),wall of tile 00045A (room 0x3a),40.207,no,the line between them touches another wall,wall of tile 03B159 (room 0x3a)
wall of tile 03AE59 (room 0x3a),wall of tile 083758 (room 0x3a),40.207,no,the line between them touches another wall,wall of tile 03B159 (room 0x3a)
wall of tile 03AE59 (room 0x3a),generic 0x1c4808 (preset 0x005a),35.536,no,"the line between them leaves the walkable area (a wall's thickness, or another floor)",
wall of tile 03AE59 (room 0x3a),generic 0x1c4808 (preset 0x005a),35.484,no,"the line between them leaves the walkable area (a wall's thickness, or another floor)",
wall of tile 081E59 (room 0x3a),wall of tile 081F59 (room 0x3a),21.161,no,the line between them touches another wall,wall of tile 03B65A (room 0x3a)
wall of tile 081E59 (room 0x3a),wall of tile 03B35A (room 0x3a),25.394,no,the line between them touches another wall,wall of tile 03B65A (room 0x3a)
wall of tile 081E59 (room 0x3a),wall of tile 082059 (room 0x3a),46.555,no,the line between them touches another wall,wall of tile 03B65A (room 0x3a)
wall of tile 081E59 (room 0x3a),wall of tile 03BD5A (room 0x3a),50.787,no,the line between them touches another wall,wall of tile 03B65A (room 0x3a)
wall of tile 081E59 (room 0x3a),wall of tile 081A59 (room 0x3a),27.510,no,the line between them touches another wall,wall of tile 03B65A (room 0x3a)
wall of tile 081E59 (room 0x3a),wall of tile 081959 (room 0x3a),14.813,no,the line between them touches another wall,wall of tile 03B65A (room 0x3a)
wall of tile 081E59 (room 0x3a),wall of tile 005558 (room 0x3a),14.813,no,the line between them touches another wall,wall of tile 03B65A (room 0x3a)
wall of tile 081E5A (room 0x3a),wall of tile 081F5A (room 0x3a),21.161,no,the line between them touches another wall,wall of tile 03B659 (room 0x3a)
wall of tile 081E5A (room 0x3a),wall of tile 03B359 (room 0x3a),25.394,no,the line between them touches another wall,wall of tile 03B659 (room 0x3a)
wall of tile 081E5A (room 0x3a),wall of tile 08205A (room 0x3a),46.555,no,the line between them touches another wall,wall of tile 03B659 (room 0x3a)
wall of tile 081E5A (room 0x3a),wall of tile 03BD59 (room 0x3a),50.787,no,the line between them touches another wall,wall of tile 03B659 (room 0x3a)
wall of tile 081E5A (room 0x3a),generic 0x1c4808 (preset 0x005a),39.659,no,"the line between them leaves the walkable area (a wall's thickness, or another floor)",
wall of tile 081E5A (room 0x3a),generic 0x1c4808 (preset 0x005a),35.472,no,"the line between them leaves the walkable area (a wall's thickness, or another floor)",
wall of tile 03B65A (room 0x3a),wall of tile 03B35A (room 0x3a),4.232,no,the line between them touches another wall,wall of tile 081F59 (room 0x3a)
wall of tile 03B65A (room 0x3a),wall of tile 082059 (room 0x3a),25.394,no,the line between them touches another wall,wall of tile 03B35A (room 0x3a)
wall of tile 03B65A (room 0x3a),wall of tile 03BD5A (room 0x3a),29.626,no,the line between them touches another wall,wall of tile 03B35A (room 0x3a)
wall of tile 03B65A (room 0x3a),wall of tile 082159 (room 0x3a),50.787,no,the line between them touches another wall,wall of tile 03B35A (room 0x3a)
wall of tile 03B65A (room 0x3a),wall of tile 03BC5A (room 0x3a),55.019,no,the line between them touches another wall,wall of tile 03B35A (room 0x3a)
wall of tile 03B65A (room 0x3a),wall of tile 081558 (room 0x3a),55.019,no,the line between them touches another wall,wall of tile 03B35A (room 0x3a)
wall of tile 03B65A (room 0x3a),wall of tile 081A59 (room 0x3a),6.348,no,the line between them touches another wall,wall of tile 03B35A (room 0x3a)
wall of tile 03B659 (room 0x3a),wall of tile 03B359 (room 0x3a),4.232,no,the line between them touches another wall,wall of tile 081F5A (room 0x3a)
wall of tile 03B659 (room 0x3a),wall of tile 08205A (room 0x3a),25.394,no,the line between them touches another wall,wall of tile 03B359 (room 0x3a)
wall of tile 03B659 (room 0x3a),wall of tile 03BD59 (room 0x3a),29.626,no,the line between them touches another wall,wall of tile 03B359 (room 0x3a)
wall of tile 03B659 (room 0x3a),wall of tile 08215A (room 0x3a),50.787,no,the line between them touches another wall,wall of tile 03B359 (room 0x3a)
wall of tile 03B659 (room 0x3a),wall of tile 03BC59 (room 0x3a),55.019,no,the line between them touches another wall,wall of tile 03B359 (room 0x3a)
wall of tile 03B659 (room 0x3a),generic 0x1c4808 (preset 0x005a),52.252,no,"the line between them leaves the walkable area (a wall's thickness, or another floor)",
wall of tile 03B659 (room 0x3a),generic 0x1c4808 (preset 0x005a),41.710,no,"the line between them leaves the walkable area (a wall's thickness, or another floor)",
wall of tile 03B659 (room 0x3a),generic 0x1c4808 (preset 0x005a),35.410,no,"the line between them leaves the walkable area (a wall's thickness, or another floor)",
wall of tile 081F59 (room 0x3a),wall of tile 082059 (room 0x3a),21.161,no,the line between them touches another wall,wall of tile 03B35A (room 0x3a)
wall of tile 081F59 (room 0x3a),wall of tile 03BD5A (room 0x3a),25.394,no,the line between them touches another wall,wall of tile 03B35A (room 0x3a)
wall of tile 081F59 (room 0x3a),wall of tile 082159 (room 0x3a),46.555,no,the line between them touches another wall,wall of tile 03B35A (room 0x3a)
wall of tile 081F59 (room 0x3a),wall of tile 03BC5A (room 0x3a),50.787,no,the line between them touches another wall,wall of tile 03B35A (room 0x3a)
wall of tile 081F59 (room 0x3a),wall of tile 081558 (room 0x3a),50.787,no,the line between them touches another wall,wall of tile 03B35A (room 0x3a)
wall of tile 081F59 (room 0x3a),wall of tile 081A59 (room 0x3a),2.116,no,the line between them touches another wall,wall of tile 03B35A (room 0x3a)
wall of tile 081F59 (room 0x3a),wall of tile 005558 (room 0x3a),6.348,no,the line between them touches another wall,wall of tile 03B65A (room 0x3a)
wall of tile 081F5A (room 0x3a),wall of tile 08205A (room 0x3a),21.161,no,the line between them touches another wall,wall of tile 03B359 (room 0x3a)
wall of tile 081F5A (room 0x3a),wall of tile 03BD59 (room 0x3a),25.394,no,the line between them touches another wall,wall of tile 03B359 (room 0x3a)
wall of tile 081F5A (room 0x3a),wall of tile 08215A (room 0x3a),46.555,no,the line between them touches another wall,wall of tile 03B359 (room 0x3a)
wall of tile 081F5A (room 0x3a),wall of tile 03BC59 (room 0x3a),50.787,no,the line between them touches another wall,wall of tile 03B359 (room 0x3a)
wall of tile 081F5A (room 0x3a),generic 0x1c4808 (preset 0x005a),49.215,no,"the line between them leaves the walkable area (a wall's thickness, or another floor)",
wall of tile 081F5A (room 0x3a),generic 0x1c4808 (preset 0x005a),55.784,no,"the line between them leaves the walkable area (a wall's thickness, or another floor)",
wall of tile 081F5A (room 0x3a),generic 0x1c4808 (preset 0x005a),35.397,no,"the line between them leaves the walkable area (a wall's thickness, or another floor)",
wall of tile 03B35A (room 0x3a),wall of tile 03BD5A (room 0x3a),4.232,no,the line between them touches another wall,wall of tile 082059 (room 0x3a)
wall of tile 03B35A (room 0x3a),wall of tile 082159 (room 0x3a),25.394,no,the line between them touches another wall,wall of tile 03BD5A (room 0x3a)
wall of tile 03B35A (room 0x3a),wall of tile 03BC5A (room 0x3a),29.626,no,the line between them touches another wall,wall of tile 03BD5A (room 0x3a)
wall of tile 03B35A (room 0x3a),wall of tile 082259 (room 0x3a),50.787,no,the line between them touches another wall,wall of tile 03BD5A (room 0x3a)
wall of tile 03B35A (room 0x3a),wall of tile 081558 (room 0x3a),29.626,no,the line between them touches another wall,wall of tile 03BD5A (room 0x3a)
wall of tile 03B35A (room 0x3a),wall of tile 005558 (room 0x3a),10.581,no,the line between them touches another wall,wall of tile 03B65A (room 0x3a)
wall of tile 03B359 (room 0x3a),wall of tile 03BD59 (room 0x3a),4.232,no,the line between them touches another wall,wall of tile 08205A (room 0x3a)
wall of tile 03B359 (room 0x3a),wall of tile 08215A (room 0x3a),25.394,no,the line between them touches another wall,wall of tile 03BD59 (room 0x3a)
wall of tile 03B359 (room 0x3a),wall of tile 03BC59 (room 0x3a),29.626,no,the line between them touches another wall,wall of tile 03BD59 (room 0x3a)
wall of tile 03B359 (room 0x3a),wall of tile 08225A (room 0x3a),50.787,no,the line between them touches another wall,wall of tile 03BD59 (room 0x3a)
wall of tile 03B359 (room 0x3a),generic 0x1c4808 (preset 0x005a),37.662,no,"the line between them leaves the walkable area (a wall's thickness, or another floor)",
wall of tile 03B359 (room 0x3a),generic 0x1c4808 (preset 0x005a),59.108,no,"the line between them leaves the walkable area (a wall's thickness, or another floor)",
wall of tile 03B359 (room 0x3a),generic 0x1c4808 (preset 0x005a),35.335,no,"the line between them leaves the walkable area (a wall's thickness, or another floor)",
wall of tile 082059 (room 0x3a),wall of tile 082159 (room 0x3a),21.161,no,the line between them touches another wall,wall of tile 03BD5A (room 0x3a)
wall of tile 082059 (room 0x3a),wall of tile 03BC5A (room 0x3a),25.394,no,the line between them touches another wall,wall of tile 03BD5A (room 0x3a)
wall of tile 082059 (room 0x3a),wall of tile 082259 (room 0x3a),46.555,no,the line between them touches another wall,wall of tile 03BD5A (room 0x3a)
wall of tile 082059 (room 0x3a),wall of tile 03D65A (room 0x3a),57.136,no,the line between them touches another wall,wall of tile 03BD5A (room 0x3a)
wall of tile 082059 (room 0x3a),wall of tile 08165A (room 0x3a),57.136,no,the line between them touches another wall,wall of tile 03BD5A (room 0x3a)
wall of tile 082059 (room 0x3a),wall of tile 081558 (room 0x3a),25.394,no,the line between them touches another wall,wall of tile 03BD5A (room 0x3a)
wall of tile 082059 (room 0x3a),wall of tile 081A59 (room 0x3a),57.136,no,the line between them touches another wall,wall of tile 03BD5A (room 0x3a)
wall of tile 082059 (room 0x3a),wall of tile 081959 (room 0x3a),19.045,no,the line between them touches another wall,wall of tile 03B35A (room 0x3a)
wall of tile 082059 (room 0x3a),wall of tile 005558 (room 0x3a),31.742,no,the line between them touches another wall,wall of tile 03B35A (room 0x3a)
wall of tile 08205A (room 0x3a),wall of tile 08215A (room 0x3a),21.161,no,the line between them touches another wall,wall of tile 03BD59 (room 0x3a)
wall of tile 08205A (room 0x3a),wall of tile 03BC59 (room 0x3a),25.394,no,the line between them touches another wall,wall of tile 03BD59 (room 0x3a)
wall of tile 08205A (room 0x3a),wall of tile 08225A (room 0x3a),46.555,no,the line between them touches another wall,wall of tile 03BD59 (room 0x3a)
wall of tile 08205A (room 0x3a),wall of tile 03C359 (room 0x3a),57.136,no,the line between them touches another wall,wall of tile 03BD59 (room 0x3a)
wall of tile 08205A (room 0x3a),wall of tile 081A59 (room 0x3a),57.136,no,the line between them touches another wall,wall of tile 03BD59 (room 0x3a)
wall of tile 08205A (room 0x3a),wall of tile 08185A (room 0x3a),57.136,no,the line between them touches another wall,wall of tile 03BD59 (room 0x3a)
wall of tile 08205A (room 0x3a),generic 0x1c4808 (preset 0x005a),36.402,no,"the line between them leaves the walkable area (a wall's thickness, or another floor)",
wall of tile 08205A (room 0x3a),generic 0x1c4808 (preset 0x005a),35.323,no,"the line between them leaves the walkable area (a wall's thickness, or another floor)",
wall of tile 03BD5A (room 0x3a),wall of tile 03BC5A (room 0x3a),4.232,no,the line between them touches another wall,wall of tile 082159 (room 0x3a)
wall of tile 03BD5A (room 0x3a),wall of tile 082259 (room 0x3a),25.394,no,the line between them touches another wall,wall of tile 03BC5A (room 0x3a)
wall of tile 03BD5A (room 0x3a),wall of tile 03D65A (room 0x3a),35.974,no,the line between them touches another wall,wall of tile 03BC5A (room 0x3a)
wall of tile 03BD5A (room 0x3a),wall of tile 08165A (room 0x3a),35.974,no,the line between them touches another wall,wall of tile 03BC5A (room 0x3a)
wall of tile 03BD5A (room 0x3a),wall of tile 081558 (room 0x3a),4.232,no,the line between them touches another wall,wall of tile 082159 (room 0x3a)
wall of tile 03BD5A (room 0x3a),wall of tile 081A59 (room 0x3a),35.974,no,the line between them touches another wall,wall of tile 03BC5A (room 0x3a)
wall of tile 03BD5A (room 0x3a),wall of tile 081959 (room 0x3a),23.277,no,the line between them touches another wall,wall of tile 03B35A (room 0x3a)
wall of tile 03BD5A (room 0x3a),wall of tile 005558 (room 0x3a),35.974,no,the line between them touches another wall,wall of tile 03B35A (room 0x3a)
wall of tile 03BD59 (room 0x3a),wall of tile 03BC59 (room 0x3a),4.232,no,the line between them touches another wall,wall of tile 08215A (room 0x3a)
wall of tile 03BD59 (room 0x3a),wall of tile 08225A (room 0x3a),25.394,no,the line between them touches another wall,wall of tile 03BC59 (room 0x3a)
wall of tile 03BD59 (room 0x3a),wall of tile 03C359 (room 0x3a),35.974,no,the line between them touches another wall,wall of tile 03BC59 (room 0x3a)
wall of tile 03BD59 (room 0x3a),wall of tile 08235A (room 0x3a),41.737,no,"the line between them leaves the walkable area (a wall's thickness, or another floor)",
wall of tile 03BD59 (room 0x3a),wall of tile 03C059 (room 0x3a),44.034,no,"the line between them leaves the walkable area (a wall's thickness, or another floor)",
wall of tile 03BD59 (room 0x3a),wall of tile 08245A (room 0x3a),58.835,no,"the line between them leaves the walkable area (a wall's thickness, or another floor)",
wall of tile 03BD59 (room 0x3a),wall of tile 081A59 (room 0x3a),35.974,no,the line between them touches another wall,wall of tile 03BC59 (room 0x3a)
wall of tile 03BD59 (room 0x3a),wall of tile 08185A (room 0x3a),35.974,no,the line between them touches another wall,wall of tile 03BC59 (room 0x3a)
wall of tile 03BD59 (room 0x3a),generic 0x1c4808 (preset 0x005a),35.297,no,"the line between them leaves the walkable area (a wall's thickness, or another floor)",
wall of tile 03BD59 (room 0x3a),generic 0x1c4808 (preset 0x005a),35.297,no,"the line between them leaves the walkable area (a wall's thickness, or another floor)",
wall of tile 082159 (room 0x3a),wall of tile 082259 (room 0x3a),21.161,no,the line between them touches another wall,wall of tile 03BC5A (room 0x3a)
wall of tile 082159 (room 0x3a),wall of tile 03D65A (room 0x3a),31.742,no,the line between them touches another wall,wall of tile 03BC5A (room 0x3a)
wall of tile 082159 (room 0x3a),wall of tile 08165A (room 0x3a),31.742,no,the line between them touches another wall,wall of tile 03BC5A (room 0x3a)
wall of tile 082159 (room 0x3a),wall of tile 081A59 (room 0x3a),31.742,no,the line between them touches another wall,wall of tile 03BC5A (room 0x3a)
wall of tile 082159 (room 0x3a),wall of tile 081959 (room 0x3a),44.439,no,the line between them touches another wall,wall of tile 03BD5A (room 0x3a)
wall of tile 082159 (room 0x3a),wall of tile 005558 (room 0x3a),57.136,no,the line between them touches another wall,wall of tile 03BD5A (room 0x3a)
wall of tile 08215A (room 0x3a),wall of tile 08225A (room 0x3a),21.161,no,the line between them touches another wall,wall of tile 03BC59 (room 0x3a)
wall of tile 08215A (room 0x3a),wall of tile 03C359 (room 0x3a),31.742,no,the line between them touches another wall,wall of tile 03BC59 (room 0x3a)
wall of tile 08215A (room 0x3a),wall of tile 08235A (room 0x3a),38.149,no,"the line between them leaves the walkable area (a wall's thickness, or another floor)",
wall of tile 08215A (room 0x3a),wall of tile 03C059 (room 0x3a),40.650,no,"the line between them leaves the walkable area (a wall's thickness, or another floor)",
wall of tile 08215A (room 0x3a),wall of tile 08245A (room 0x3a),56.346,no,"the line between them leaves the walkable area (a wall's thickness, or another floor)",
wall of tile 08215A (room 0x3a),wall of tile 03C859 (room 0x3a),59.891,no,"the line between them leaves the walkable area (a wall's thickness, or another floor)",
wall of tile 08215A (room 0x3a),wall of tile 081A59 (room 0x3a),31.742,no,the line between them touches another wall,wall of tile 03BC59 (room 0x3a)
wall of tile 08215A (room 0x3a),wall of tile 08185A (room 0x3a),31.742,no,the line between them touches another wall,wall of tile 03BC59 (room 0x3a)
wall of tile 08215A (room 0x3a),generic 0x1c4808 (preset 0x005a),37.365,no,"the line between them leaves the walkable area (a wall's thickness, or another floor)",
wall of tile 08215A (room 0x3a),generic 0x1c4808 (preset 0x005a),37.365,no,"the line between them leaves the walkable area (a wall's thickness, or another floor)",
wall of tile 03BC5A (room 0x3a),wall of tile 03D65A (room 0x3a),10.581,no,the line between them touches another wall,wall of tile 082259 (room 0x3a)
wall of tile 03BC5A (room 0x3a),wall of tile 08165A (room 0x3a),10.581,no,the line between them touches another wall,wall of tile 082259 (room 0x3a)
wall of tile 03BC5A (room 0x3a),wall of tile 081A59 (room 0x3a),10.581,no,the line between them touches another wall,wall of tile 082259 (room 0x3a)
wall of tile 03BC5A (room 0x3a),wall of tile 081959 (room 0x3a),48.671,no,the line between them touches another wall,wall of tile 03BD5A (room 0x3a)
wall of tile 03BC59 (room 0x3a),wall of tile 03C359 (room 0x3a),10.581,no,the line between them touches another wall,wall of tile 08225A (room 0x3a)
wall of tile 03BC59 (room 0x3a),wall of tile 08235A (room 0x3a),23.659,no,"the line between them leaves the walkable area (a wall's thickness, or another floor)",
wall of tile 03BC59 (room 0x3a),wall of tile 03C059 (room 0x3a),27.510,no,"the line between them leaves the walkable area (a wall's thickness, or another floor)",
wall of tile 03BC59 (room 0x3a),wall of tile 08245A (room 0x3a),47.742,no,"the line between them leaves the walkable area (a wall's thickness, or another floor)",
wall of tile 03BC59 (room 0x3a),wall of tile 03C859 (room 0x3a),51.878,no,"the line between them leaves the walkable area (a wall's thickness, or another floor)",
wall of tile 03BC59 (room 0x3a),wall of tile 081A59 (room 0x3a),10.581,no,the line between them touches another wall,wall of tile 08225A (room 0x3a)
wall of tile 03BC59 (room 0x3a),wall of tile 08185A (room 0x3a),10.581,no,the line between them touches another wall,wall of tile 08225A (room 0x3a)
wall of tile 03BC59 (room 0x3a),generic 0x1c4808 (preset 0x005a),38.959,no,"the line between them leaves the walkable area (a wall's thickness, or another floor)",
wall of tile 03BC59 (room 0x3a),generic 0x1c4808 (preset 0x005a),38.959,no,"the line between them leaves the walkable area (a wall's thickness, or another floor)",
wall of tile 082259 (room 0x3a),wall of tile 081558 (room 0x3a),21.161,no,the line between them touches another wall,wall of tile 03BC5A (room 0x3a)
wall of tile 082259 (room 0x3a),wall of tile 081A59 (room 0x3a),21.161,no,the line between them touches another wall,wall of tile 03BC5A (room 0x3a)
wall of tile 08225A (room 0x3a),wall of tile 08235A (room 0x3a),21.161,no,the line between them touches another wall,wall of tile 03C359 (room 0x3a)
wall of tile 08225A (room 0x3a),wall of tile 03C059 (room 0x3a),25.394,no,the line between them touches another wall,wall of tile 03C359 (room 0x3a)
wall of tile 08225A (room 0x3a),wall of tile 08245A (room 0x3a),46.555,no,the line between them touches another wall,wall of tile 03C359 (room 0x3a)
wall of tile 08225A (room 0x3a),wall of tile 03C859 (room 0x3a),50.787,no,the line between them touches another wall,wall of tile 03C359 (room 0x3a)
wall of tile 08225A (room 0x3a),generic 0x1c4808 (preset 0x005a),51.610,no,"the line between them leaves the walkable area (a wall's thickness, or another floor)",
wall of tile 08225A (room 0x3a),generic 0x1c4808 (preset 0x005a),51.610,no,"the line between them leaves the walkable area (a wall's thickness, or another floor)",
wall of tile 03D65A (room 0x3a),wall of tile 082359 (room 0x3a),21.161,no,the line between them touches another wall,wall of tile 03C35A (room 0x3a)
wall of tile 03D65A (room 0x3a),wall of tile 03C05A (room 0x3a),25.394,no,the line between them touches another wall,wall of tile 03C35A (room 0x3a)
wall of tile 03D65A (room 0x3a),wall of tile 082459 (room 0x3a),46.555,no,the line between them touches another wall,wall of tile 03C35A (room 0x3a)
wall of tile 03D65A (room 0x3a),wall of tile 03C85A (room 0x3a),50.787,no,the line between them touches another wall,wall of tile 03C35A (room 0x3a)
wall of tile 03D65A (room 0x3a),wall of tile 081558 (room 0x3a),31.742,no,the line between them touches another wall,wall of tile 03BC5A (room 0x3a)
wall of tile 03D65A (room 0x3a),wall of tile 081A59 (room 0x3a),31.742,no,the line between them touches another wall,wall of tile 03BC5A (room 0x3a)
wall of tile 03C35A (room 0x3a),wall of tile 03C05A (room 0x3a),4.232,no,the line between them touches another wall,wall of tile 082359 (room 0x3a)
wall of tile 03C35A (room 0x3a),wall of tile 082459 (room 0x3a),25.394,no,the line between them touches another wall,wall of tile 03C05A (room 0x3a)
wall of tile 03C35A (room 0x3a),wall of tile 03C85A (room 0x3a),29.626,no,the line between them touches another wall,wall of tile 03C05A (room 0x3a)
wall of tile 03C35A (room 0x3a),wall of tile 082559 (room 0x3a),50.787,no,the line between them touches another wall,wall of tile 03C05A (room 0x3a)
wall of tile 03C35A (room 0x3a),wall of tile 03C55A (room 0x3a),55.020,no,the line between them touches another wall,wall of tile 03C05A (room 0x3a)
wall of tile 03C359 (room 0x3a),wall of tile 03C059 (room 0x3a),4.232,no,the line between them touches another wall,wall of tile 08235A (room 0x3a)
wall of tile 03C359 (room 0x3a),wall of tile 08245A (room 0x3a),25.394,no,the line between them touches another wall,wall of tile 03C059 (room 0x3a)
wall of tile 03C359 (room 0x3a),wall of tile 03C859 (room 0x3a),29.626,no,the line between them touches another wall,wall of tile 03C059 (room 0x3a)
wall of tile 03C359 (room 0x3a),wall of tile 08255A (room 0x3a),50.787,no,the line between them touches another wall,wall of tile 03C059 (room 0x3a)
wall of tile 03C359 (room 0x3a),wall of tile 03C559 (room 0x3a),55.020,no,the line between them touches another wall,wall of tile 03C059 (room 0x3a)
wall of tile 03C359 (room 0x3a),generic 0x1c4808 (preset 0x005a),50.262,no,"the line between them leaves the walkable area (a wall's thickness, or another floor)",
wall of tile 03C359 (room 0x3a),generic 0x1c4808 (preset 0x005a),50.262,no,"the line between them leaves the walkable area (a wall's thickness, or another floor)",
wall of tile 082359 (room 0x3a),wall of tile 082459 (room 0x3a),21.161,no,the line between them touches another wall,wall of tile 03C05A (room 0x3a)
wall of tile 082359 (room 0x3a),wall of tile 03C85A (room 0x3a),25.394,no,the line between them touches another wall,wall of tile 03C05A (room 0x3a)
wall of tile 082359 (room 0x3a),wall of tile 082559 (room 0x3a),46.555,no,the line between them touches another wall,wall of tile 03C05A (room 0x3a)
wall of tile 082359 (room 0x3a),wall of tile 03C55A (room 0x3a),50.787,no,the line between them touches another wall,wall of tile 03C05A (room 0x3a)
wall of tile 08235A (room 0x3a),wall of tile 08245A (room 0x3a),21.161,no,the line between them touches another wall,wall of tile 03C059 (room 0x3a)
wall of tile 08235A (room 0x3a),wall of tile 03C859 (room 0x3a),25.394,no,the line between them touches another wall,wall of tile 03C059 (room 0x3a)
wall of tile 08235A (room 0x3a),wall of tile 08255A (room 0x3a),46.555,no,the line between them touches another wall,wall of tile 03C059 (room 0x3a)
wall of tile 08235A (room 0x3a),wall of tile 03C559 (room 0x3a),50.787,no,the line between them touches another wall,wall of tile 03C059 (room 0x3a)
wall of tile 08235A (room 0x3a),wall of tile 081A59 (room 0x3a),21.161,no,the line between them touches another wall,wall of tile 03C359 (room 0x3a)
wall of tile 08235A (room 0x3a),generic 0x1c4808 (preset 0x005a),49.239,no,"the line between them leaves the walkable area (a wall's thickness, or another floor)",
wall of tile 08235A (room 0x3a),generic 0x1c4808 (preset 0x005a),49.239,no,"the line between them leaves the walkable area (a wall's thickness, or another floor)",
wall of tile 03C05A (room 0x3a),wall of tile 03C85A (room 0x3a),4.232,no,the line between them touches another wall,wall of tile 082459 (room 0x3a)
wall of tile 03C05A (room 0x3a),wall of tile 082559 (room 0x3a),25.394,no,the line between them touches another wall,wall of tile 03C85A (room 0x3a)
wall of tile 03C05A (room 0x3a),wall of tile 03C55A (room 0x3a),29.626,no,the line between them touches another wall,wall of tile 03C85A (room 0x3a)
wall of tile 03C05A (room 0x3a),wall of tile 082659 (room 0x3a),50.787,no,the line between them touches another wall,wall of tile 03C85A (room 0x3a)
wall of tile 03C05A (room 0x3a),wall of tile 03CF5A (room 0x3a),55.020,no,the line between them touches another wall,wall of tile 03C85A (room 0x3a)
wall of tile 03C059 (room 0x3a),wall of tile 03C859 (room 0x3a),4.232,no,the line between them touches another wall,wall of tile 08245A (room 0x3a)
wall of tile 03C059 (room 0x3a),wall of tile 08255A (room 0x3a),25.394,no,the line between them touches another wall,wall of tile 03C859 (room 0x3a)
wall of tile 03C059 (room 0x3a),wall of tile 03C559 (room 0x3a),29.626,no,the line between them touches another wall,wall of tile 03C859 (room 0x3a)
wall of tile 03C059 (room 0x3a),wall of tile 08265A (room 0x3a),50.787,no,the line between them touches another wall,wall of tile 03C859 (room 0x3a)
wall of tile 03C059 (room 0x3a),wall of tile 03CF59 (room 0x3a),55.020,no,the line between them touches another wall,wall of tile 03C859 (room 0x3a)
wall of tile 03C059 (room 0x3a),wall of tile 081A59 (room 0x3a),25.394,no,the line between them touches another wall,wall of tile 03C359 (room 0x3a)
wall of tile 03C059 (room 0x3a),generic 0x1c4808 (preset 0x005a),48.200,no,"the line between them leaves the walkable area (a wall's thickness, or another floor)",
wall of tile 03C059 (room 0x3a),generic 0x1c4808 (preset 0x005a),48.233,no,"the line between them leaves the walkable area (a wall's thickness, or another floor)",
wall of tile 082459 (room 0x3a),wall of tile 082559 (room 0x3a),21.161,no,the line between them touches another wall,wall of tile 03C85A (room 0x3a)
wall of tile 082459 (room 0x3a),wall of tile 03C55A (room 0x3a),25.394,no,the line between them touches another wall,wall of tile 03C85A (room 0x3a)
wall of tile 082459 (room 0x3a),wall of tile 082659 (room 0x3a),46.555,no,the line between them touches another wall,wall of tile 03C85A (room 0x3a)
wall of tile 082459 (room 0x3a),wall of tile 03CF5A (room 0x3a),50.787,no,the line between them touches another wall,wall of tile 03C85A (room 0x3a)
wall of tile 08245A (room 0x3a),wall of tile 08255A (room 0x3a),21.161,no,the line between them touches another wall,wall of tile 03C859 (room 0x3a)
wall of tile 08245A (room 0x3a),wall of tile 03C559 (room 0x3a),25.394,no,the line between them touches another wall,wall of tile 03C859 (room 0x3a)
wall of tile 08245A (room 0x3a),wall of tile 08265A (room 0x3a),46.555,no,the line between them touches another wall,wall of tile 03C859 (room 0x3a)
wall of tile 08245A (room 0x3a),wall of tile 03CF59 (room 0x3a),50.787,no,the line between them touches another wall,wall of tile 03C859 (room 0x3a)
wall of tile 08245A (room 0x3a),wall of tile 081A59 (room 0x3a),46.555,no,the line between them touches another wall,wall of tile 03C059 (room 0x3a)
wall of tile 08245A (room 0x3a),generic 0x1c4808 (preset 0x005a),48.187,no,"the line between them leaves the walkable area (a wall's thickness, or another floor)",
wall of tile 08245A (room 0x3a),generic 0x1c4808 (preset 0x005a),49.529,no,"the line between them leaves the walkable area (a wall's thickness, or another floor)",
wall of tile 03C85A (room 0x3a),wall of tile 03C55A (room 0x3a),4.232,no,the line between them touches another wall,wall of tile 082559 (room 0x3a)
wall of tile 03C85A (room 0x3a),wall of tile 082659 (room 0x3a),25.394,no,the line between them touches another wall,wall of tile 03C55A (room 0x3a)
wall of tile 03C85A (room 0x3a),wall of tile 03CF5A (room 0x3a),29.626,no,the line between them touches another wall,wall of tile 03C55A (room 0x3a)
wall of tile 03C85A (room 0x3a),wall of tile 082759 (room 0x3a),50.787,no,the line between them touches another wall,wall of tile 03C55A (room 0x3a)
wall of tile 03C85A (room 0x3a),wall of tile 03CE5A (room 0x3a),57.136,no,the line between them touches another wall,wall of tile 03C55A (room 0x3a)
wall of tile 03C859 (room 0x3a),wall of tile 03C559 (room 0x3a),4.232,no,the line between them touches another wall,wall of tile 08255A (room 0x3a)
wall of tile 03C859 (room 0x3a),wall of tile 08265A (room 0x3a),25.394,no,the line between them touches another wall,wall of tile 03C559 (room 0x3a)
wall of tile 03C859 (room 0x3a),wall of tile 03CF59 (room 0x3a),29.626,no,the line between them touches another wall,wall of tile 03C559 (room 0x3a)
wall of tile 03C859 (room 0x3a),wall of tile 08275A (room 0x3a),50.787,no,the line between them touches another wall,wall of tile 03C559 (room 0x3a)
wall of tile 03C859 (room 0x3a),wall of tile 03CE59 (room 0x3a),57.136,no,the line between them touches another wall,wall of tile 03C559 (room 0x3a)
wall of tile 03C859 (room 0x3a),wall of tile 081A59 (room 0x3a),50.787,no,the line between them touches another wall,wall of tile 03C059 (room 0x3a)
wall of tile 03C859 (room 0x3a),generic 0x1c4808 (preset 0x005a),48.125,no,"the line between them leaves the walkable area (a wall's thickness, or another floor)",
wall of tile 03C859 (room 0x3a),generic 0x1c4808 (preset 0x005a),50.659,no,"the line between them leaves the walkable area (a wall's thickness, or another floor)",
wall of tile 082559 (room 0x3a),wall of tile 082659 (room 0x3a),21.161,no,the line between them touches another wall,wall of tile 03C55A (room 0x3a)
wall of tile 082559 (room 0x3a),wall of tile 03CF5A (room 0x3a),25.394,no,the line between them touches another wall,wall of tile 03C55A (room 0x3a)
wall of tile 082559 (room 0x3a),wall of tile 082759 (room 0x3a),46.555,no,the line between them touches another wall,wall of tile 03C55A (room 0x3a)
wall of tile 082559 (room 0x3a),wall of tile 03CE5A (room 0x3a),52.903,no,the line between them touches another wall,wall of tile 03C55A (room 0x3a)
wall of tile 08255A (room 0x3a),wall of tile 08265A (room 0x3a),21.161,no,the line between them touches another wall,wall of tile 03C559 (room 0x3a)
wall of tile 08255A (room 0x3a),wall of tile 03CF59 (room 0x3a),25.394,no,the line between them touches another wall,wall of tile 03C559 (room 0x3a)
wall of tile 08255A (room 0x3a),wall of tile 08275A (room 0x3a),46.555,no,the line between them touches another wall,wall of tile 03C559 (room 0x3a)
wall of tile 08255A (room 0x3a),wall of tile 03CE59 (room 0x3a),52.903,no,the line between them touches another wall,wall of tile 03C559 (room 0x3a)
wall of tile 08255A (room 0x3a),generic 0x1c4808 (preset 0x005a),48.113,no,"the line between them leaves the walkable area (a wall's thickness, or another floor)",
wall of tile 03C55A (room 0x3a),wall of tile 03CF5A (room 0x3a),4.232,no,the line between them touches another wall,wall of tile 082659 (room 0x3a)
wall of tile 03C55A (room 0x3a),wall of tile 082759 (room 0x3a),25.394,no,the line between them touches another wall,wall of tile 03CF5A (room 0x3a)
wall of tile 03C55A (room 0x3a),wall of tile 03CE5A (room 0x3a),31.742,no,the line between them touches another wall,wall of tile 03CF5A (room 0x3a)
wall of tile 03C55A (room 0x3a),wall of tile 082859 (room 0x3a),50.787,no,the line between them touches another wall,wall of tile 03CF5A (room 0x3a)
wall of tile 03C559 (room 0x3a),wall of tile 03CF59 (room 0x3a),4.232,no,the line between them touches another wall,wall of tile 08265A (room 0x3a)
wall of tile 03C559 (room 0x3a),wall of tile 08275A (room 0x3a),25.394,no,the line between them touches another wall,wall of tile 03CF59 (room 0x3a)
wall of tile 03C559 (room 0x3a),wall of tile 03CE59 (room 0x3a),31.742,no,the line between them touches another wall,wall of tile 03CF59 (room 0x3a)
wall of tile 03C559 (room 0x3a),wall of tile 08285A (room 0x3a),50.787,no,the line between them touches another wall,wall of tile 03CF59 (room 0x3a)
wall of tile 03C559 (room 0x3a),generic 0x1c4808 (preset 0x005a),48.051,no,"the line between them leaves the walkable area (a wall's thickness, or another floor)",
wall of tile 03C559 (room 0x3a),generic 0x1c4808 (preset 0x005a),51.798,no,"the line between them leaves the walkable area (a wall's thickness, or another floor)",
wall of tile 082659 (room 0x3a),wall of tile 082759 (room 0x3a),21.161,no,the line between them touches another wall,wall of tile 03CF5A (room 0x3a)
wall of tile 082659 (room 0x3a),wall of tile 03CE5A (room 0x3a),27.510,no,the line between them touches another wall,wall of tile 03CF5A (room 0x3a)
wall of tile 082659 (room 0x3a),wall of tile 082859 (room 0x3a),46.555,no,the line between them touches another wall,wall of tile 03CF5A (room 0x3a)
wall of tile 08265A (room 0x3a),wall of tile 08275A (room 0x3a),21.161,no,the line between them touches another wall,wall of tile 03CF59 (room 0x3a)
wall of tile 08265A (room 0x3a),wall of tile 03CE59 (room 0x3a),27.510,no,the line between them touches another wall,wall of tile 03CF59 (room 0x3a)
wall of tile 08265A (room 0x3a),wall of tile 08285A (room 0x3a),46.555,no,the line between them touches another wall,wall of tile 03CF59 (room 0x3a)
wall of tile 08265A (room 0x3a),generic 0x1c4808 (preset 0x005a),48.038,no,"the line between them leaves the walkable area (a wall's thickness, or another floor)",
wall of tile 08265A (room 0x3a),generic 0x1c4808 (preset 0x005a),50.359,no,"the line between them leaves the walkable area (a wall's thickness, or another floor)",
wall of tile 03CF5A (room 0x3a),wall of tile 03CE5A (room 0x3a),6.348,no,the line between them touches another wall,wall of tile 082759 (room 0x3a)
wall of tile 03CF5A (room 0x3a),wall of tile 082859 (room 0x3a),25.394,no,the line between them touches another wall,wall of tile 03CE5A (room 0x3a)
wall of tile 03CF59 (room 0x3a),wall of tile 03CE59 (room 0x3a),6.348,no,the line between them touches another wall,wall of tile 08275A (room 0x3a)
wall of tile 03CF59 (room 0x3a),wall of tile 08285A (room 0x3a),25.394,no,the line between them touches another wall,wall of tile 03CE59 (room 0x3a)
wall of tile 03CF59 (room 0x3a),generic 0x1c4808 (preset 0x005a),47.994,no,"the line between them leaves the walkable area (a wall's thickness, or another floor)",
wall of tile 03CF59 (room 0x3a),generic 0x1c4808 (preset 0x005a),47.994,no,"the line between them leaves the walkable area (a wall's thickness, or another floor)",
wall of tile 082759 (room 0x3a),wall of tile 082859 (room 0x3a),19.045,no,the line between them touches another wall,wall of tile 03CE5A (room 0x3a)
wall of tile 08275A (room 0x3a),wall of tile 08285A (room 0x3a),19.045,no,the line between them touches another wall,wall of tile 03CE59 (room 0x3a)
wall of tile 08275A (room 0x3a),generic 0x1c4808 (preset 0x005a),48.356,no,"the line between them leaves the walkable area (a wall's thickness, or another floor)",
wall of tile 08275A (room 0x3a),generic 0x1c4808 (preset 0x005a),48.356,no,"the line between them leaves the walkable area (a wall's thickness, or another floor)",
wall of tile 03CE59 (room 0x3a),generic 0x1c4808 (preset 0x005a),49.535,no,"the line between them leaves the walkable area (a wall's thickness, or another floor)",
wall of tile 03CE59 (room 0x3a),generic 0x1c4808 (preset 0x005a),49.535,no,"the line between them leaves the walkable area (a wall's thickness, or another floor)",
wall of tile 08285A (room 0x3a),generic 0x1c4808 (preset 0x005a),57.300,no,"the line between them leaves the walkable area (a wall's thickness, or another floor)",
wall of tile 08285A (room 0x3a),generic 0x1c4808 (preset 0x005a),57.300,no,"the line between them leaves the walkable area (a wall's thickness, or another floor)",
wall of tile 08165A (room 0x3a),wall of tile 081558 (room 0x3a),31.742,yes,,
wall of tile 08165A (room 0x3a),wall of tile 081A59 (room 0x3a),31.742,yes,,
wall of tile 081558 (room 0x3a),wall of tile 081A59 (room 0x3a),31.742,yes,,
wall of tile 081558 (room 0x3a),wall of tile 081959 (room 0x3a),48.671,no,the line between them touches another wall,wall of tile 081A59 (room 0x3a)
wall of tile 081A59 (room 0x3a),wall of tile 081A59 (room 0x3a),31.742,yes,,
wall of tile 081A59 (room 0x3a),generic 0x1c4808 (preset 0x005a),59.769,no,"another wall pokes into the space between them, so a tighter pair covers this gap",wall of tile 08185A (room 0x3a)
wall of tile 081A59 (room 0x3a),generic 0x1c4808 (preset 0x005a),59.769,no,"another wall pokes into the space between them, so a tighter pair covers this gap",wall of tile 08185A (room 0x3a)
wall of tile 081A59 (room 0x3a),wall of tile 005558 (room 0x3a),12.697,no,the line between them touches another wall,wall of tile 081959 (room 0x3a)
wall of tile 08185A (room 0x3a),generic 0x1c4808 (preset 0x005a),47.994,yes,,
wall of tile 08185A (room 0x3a),generic 0x1c4808 (preset 0x005a),47.994,yes,,
wall of tile 08185A (room 0x3a),generic 0x1c4808 (preset 0x005a),48.233,no,"another wall pokes into the space between them, so a tighter pair covers this gap",generic 0x1c4808 (preset 0x005a)
wall of tile 00045A (room 0x3a),generic 0x1c4808 (preset 0x005a),44.001,no,"another wall pokes into the space between them, so a tighter pair covers this gap",generic 0x1c4808 (preset 0x005a)
wall of tile 00045A (room 0x3a),generic 0x1c4808 (preset 0x005a),43.761,yes,,
wall of tile 00045A (room 0x3a),generic 0x1c4808 (preset 0x005a),43.761,yes,,
wall of tile 083758 (room 0x3a),wall of tile 003158 (room 0x3a),56.346,no,"the line between them leaves the walkable area (a wall's thickness, or another floor)",
wall of tile 083758 (room 0x3a),wall of tile 003158 (room 0x3a),31.742,no,the line between them touches another wall,wall of tile 005358 (room 0x3a)
wall of tile 083758 (room 0x3a),generic 0x1c4808 (preset 0x005a),56.373,no,"another wall pokes into the space between them, so a tighter pair covers this gap",wall of tile 00045A (room 0x3a)
wall of tile 083758 (room 0x3a),generic 0x1c4808 (preset 0x005a),56.373,no,"another wall pokes into the space between them, so a tighter pair covers this gap",wall of tile 00045A (room 0x3a)
wall of tile 005358 (room 0x3a),wall of tile 003158 (room 0x3a),46.555,no,the line between them touches another wall,wall of tile 003158 (room 0x3a)
wall of tile 005A58 (room 0x3a),generic 0x1c4188 (preset 0x0059),56.674,yes,,
wall of tile 005A58 (room 0x3a),generic 0x1c4188 (preset 0x0059),56.674,yes,,
wall of tile 002D58 (room 0x3a),door 0x1ca54c (preset 0x0041),34.707,no,"the line between them leaves the walkable area (a wall's thickness, or another floor)",
wall of tile 002D58 (room 0x3a),door 0x1ca54c (preset 0x0041),34.707,no,"the line between them leaves the walkable area (a wall's thickness, or another floor)",
wall of tile 002D58 (room 0x3a),door 0x1ca54c (preset 0x0041),49.220,no,"the line between them leaves the walkable area (a wall's thickness, or another floor)",
wall of tile 002D58 (room 0x3a),door 0x1ca54c (preset 0x0041),49.220,no,"the line between them leaves the walkable area (a wall's thickness, or another floor)",
wall of tile 002D58 (room 0x3a),wall of tile 002058 (room 0x3a),31.742,no,the line between them touches another wall,wall of tile 002958 (room 0x3a)
wall of tile 002D58 (room 0x3a),wall of tile 002058 (room 0x3a),54.611,no,"the line between them leaves the walkable area (a wall's thickness, or another floor)",
wall of tile 002D58 (room 0x3a),wall of tile 05F628 (room 0x26),44.439,no,"the line between them leaves the walkable area (a wall's thickness, or another floor)",
wall of tile 002D58 (room 0x3a),wall of tile 008171 (room 0x52),29.626,no,the far wall faces the other way (it belongs to floor which isn't linked here),
wall of tile 002D58 (room 0x3a),door 0x1ca54c (preset 0x0041),34.707,no,"the line between them leaves the walkable area (a wall's thickness, or another floor)",
wall of tile 002D58 (room 0x3a),door 0x1ca54c (preset 0x0041),34.707,no,"the line between them leaves the walkable area (a wall's thickness, or another floor)",
wall of tile 002D58 (room 0x3a),door 0x1ca54c (preset 0x0041),49.220,no,"the line between them leaves the walkable area (a wall's thickness, or another floor)",
wall of tile 002D58 (room 0x3a),door 0x1ca54c (preset 0x0041),49.220,no,"the line between them leaves the walkable area (a wall's thickness, or another floor)",
wall of tile 002558 (room 0x3a),wall of tile 031659 (room 0x3a),28.470,no,the line between them touches another wall,wall of tile 000F59 (room 0x3a)
wall of tile 002558 (room 0x3a),wall of tile 041559 (room 0x3b),47.318,no,"the line between them leaves the walkable area (a wall's thickness, or another floor)",
wall of tile 002558 (room 0x3a),wall of tile 000558 (room 0x3a),56.346,no,"the line between them leaves the walkable area (a wall's thickness, or another floor)",
wall of tile 002558 (room 0x3a),wall of tile 000558 (room 0x3a),31.742,no,the line between them touches another wall,wall of tile 002158 (room 0x3a)
wall of tile 002558 (room 0x3a),door 0x1ca44c (preset 0x0040),34.707,no,"the line between them leaves the walkable area (a wall's thickness, or another floor)",
wall of tile 002558 (room 0x3a),door 0x1ca44c (preset 0x0040),47.318,no,"the line between them leaves the walkable area (a wall's thickness, or another floor)",
wall of tile 002558 (room 0x3a),door 0x1ca44c (preset 0x0040),34.707,no,"the line between them leaves the walkable area (a wall's thickness, or another floor)",
wall of tile 005258 (room 0x3a),wall of tile 03165A (room 0x3a),28.470,no,the line between them touches another wall,wall of tile 000F5A (room 0x3a)
wall of tile 005258 (room 0x3a),wall of tile 04155A (room 0x3b),47.318,no,"the line between them leaves the walkable area (a wall's thickness, or another floor)",
wall of tile 005258 (room 0x3a),wall of tile 004D58 (room 0x3a),29.545,no,"another wall pokes into the space between them, so a tighter pair covers this gap",wall of tile 004D58 (room 0x3a)
wall of tile 005258 (room 0x3a),monitor 0x1c5ac4 (preset 0x2716),31.732,yes,,
wall of tile 005258 (room 0x3a),monitor 0x1c5ac4 (preset 0x2716),31.732,yes,,
wall of tile 005258 (room 0x3a),monitor 0x1c5ac4 (preset 0x2716),31.742,no,"another wall pokes into the space between them, so a tighter pair covers this gap",monitor 0x1c5ac4 (preset 0x2716)
wall of tile 005258 (room 0x3a),door 0x1ca44c (preset 0x0040),47.318,no,"the line between them leaves the walkable area (a wall's thickness, or another floor)",
wall of tile 005258 (room 0x3a),door 0x1ca44c (preset 0x0040),34.707,no,"the line between them leaves the walkable area (a wall's thickness, or another floor)",
wall of tile 005258 (room 0x3a),door 0x1ca44c (preset 0x0040),34.707,no,"the line between them leaves the walkable area (a wall's thickness, or another floor)",
wall of tile 000F59 (room 0x3a),wall of tile 041559 (room 0x3b),23.278,no,the line between them touches another wall,wall of tile 031659 (room 0x3a)
wall of tile 000F59 (room 0x3a),wall of tile 041459 (room 0x3b),47.318,no,"the line between them leaves the walkable area (a wall's thickness, or another floor)",
wall of tile 000F59 (room 0x3a),door 0x1ca44c (preset 0x0040),8.465,no,the line between them touches another wall,wall of tile 031659 (room 0x3a)
wall of tile 000F59 (room 0x3a),door 0x1ca44c (preset 0x0040),23.278,no,the line between them touches another wall,wall of tile 031659 (room 0x3a)
wall of tile 000F59 (room 0x3a),door 0x1ca44c (preset 0x0040),8.465,no,the line between them touches another wall,wall of tile 031659 (room 0x3a)
wall of tile 000F5A (room 0x3a),wall of tile 04155A (room 0x3b),23.278,no,the line between them touches another wall,wall of tile 03165A (room 0x3a)
wall of tile 000F5A (room 0x3a),wall of tile 041459 (room 0x3b),47.318,no,"the line between them leaves the walkable area (a wall's thickness, or another floor)",
wall of tile 000F5A (room 0x3a),door 0x1ca44c (preset 0x0040),23.278,no,the line between them touches another wall,wall of tile 03165A (room 0x3a)
wall of tile 000F5A (room 0x3a),door 0x1ca44c (preset 0x0040),8.465,no,the line between them touches another wall,wall of tile 03165A (room 0x3a)
wall of tile 000F5A (room 0x3a),door 0x1ca44c (preset 0x0040),8.465,no,the line between them touches another wall,wall of tile 03165A (room 0x3a)
wall of tile 031659 (room 0x3a),wall of tile 041459 (room 0x3b),28.470,no,the line between them touches another wall,wall of tile 041559 (room 0x3b)
wall of tile 03165A (room 0x3a),wall of tile 041459 (room 0x3b),28.470,no,the line between them touches another wall,wall of tile 04155A (room 0x3b)
wall of tile 041559 (room 0x3b),door 0x1ca44c (preset 0x0040),14.813,no,the line between them touches another wall,wall of tile 031659 (room 0x3a)
wall of tile 04155A (room 0x3b),wall of tile 04145A (room 0x3b),40.206,no,the line between them touches another wall,wall of tile 041459 (room 0x3b)
wall of tile 04155A (room 0x3b),wall of tile 041258 (room 0x3b),49.943,no,"another wall pokes into the space between them, so a tighter pair covers this gap",wall of tile 041459 (room 0x3b)
wall of tile 04155A (room 0x3b),door 0x1ca44c (preset 0x0040),14.813,no,the line between them touches another wall,wall of tile 03165A (room 0x3a)
wall of tile 041459 (room 0x3b),wall of tile 041158 (room 0x3b),29.626,no,the line between them touches another wall,wall of tile 041459 (room 0x3b)
wall of tile 041459 (room 0x3b),door 0x1ca44c (preset 0x0040),28.470,no,the line between them touches another wall,wall of tile 041559 (room 0x3b)
wall of tile 041459 (room 0x3b),door 0x1ca44c (preset 0x0040),28.470,no,the line between them touches another wall,wall of tile 041559 (room 0x3b)
wall of tile 041459 (room 0x3b),door 0x1ca44c (preset 0x0040),39.927,no,"the line between them leaves the walkable area (a wall's thickness, or another floor)",
wall of tile 041459 (room 0x3b),wall of tile 041258 (room 0x3b),29.626,no,the line between them touches another wall,wall of tile 04145A (room 0x3b)
wall of tile 041459 (room 0x3b),door 0x1ca44c (preset 0x0040),28.470,no,the line between them touches another wall,wall of tile 04155A (room 0x3b)
wall of tile 041459 (room 0x3b),door 0x1ca44c (preset 0x0040),28.470,no,the line between them touches another wall,wall of tile 04155A (room 0x3b)
wall of tile 041459 (room 0x3b),door 0x1ca44c (preset 0x0040),39.927,no,"the line between them leaves the walkable area (a wall's thickness, or another floor)",
wall of tile 054558 (room 0x3b),wall of tile 054E58 (room 0x3c),43.420,no,"another wall pokes into the space between them, so a tighter pair covers this gap",wall of tile 054758 (room 0x3c)
wall of tile 054558 (room 0x3b),wall of tile 054758 (room 0x3c),29.626,no,the line between them touches another wall,wall of tile 054758 (room 0x3c)
wall of tile 054358 (room 0x3b),wall of tile 054958 (room 0x3c),43.420,no,the line between them touches another wall,wall of tile 054858 (room 0x3c)
wall of tile 054858 (room 0x3c),wall of tile 004458 (room 0x3a),50.875,no,"the line between them leaves the walkable area (a wall's thickness, or another floor)",
wall of tile 054858 (room 0x3c),wall of tile 004D58 (room 0x3a),38.149,no,"the line between them leaves the walkable area (a wall's thickness, or another floor)",
wall of tile 054858 (room 0x3c),wall of tile 004D58 (room 0x3a),33.218,no,"the line between them leaves the walkable area (a wall's thickness, or another floor)",
wall of tile 054958 (room 0x3c),wall of tile 055158 (room 0x3c),42.323,no,the line between them touches another wall,wall of tile 055158 (room 0x3c)
wall of tile 054958 (room 0x3c),wall of tile 047E58 (room 0x3c),51.661,no,"another wall pokes into the space between them, so a tighter pair covers this gap",wall of tile 055158 (room 0x3c)
wall of tile 054958 (room 0x3c),wall of tile 004458 (room 0x3a),35.974,no,"the line between them leaves the walkable area (a wall's thickness, or another floor)",
wall of tile 054958 (room 0x3c),wall of tile 004D58 (room 0x3a),38.149,no,"the line between them leaves the walkable area (a wall's thickness, or another floor)",
wall of tile 054958 (room 0x3c),wall of tile 004D58 (room 0x3a),33.218,no,"the line between them leaves the walkable area (a wall's thickness, or another floor)",
wall of tile 055158 (room 0x3c),wall of tile 047E58 (room 0x3c),29.626,no,the line between them touches another wall,wall of tile 055158 (room 0x3c)
wall of tile 048158 (room 0x3c),wall of tile 055258 (room 0x3c),29.626,no,the line between them touches another wall,wall of tile 055258 (room 0x3c)
wall of tile 048158 (room 0x3c),wall of tile 054E58 (room 0x3c),51.661,no,"another wall pokes into the space between them, so a tighter pair covers this gap",wall of tile 055258 (room 0x3c)
wall of tile 046F58 (room 0x3c),wall of tile 047B58 (room 0x3c),41.897,no,"another wall pokes into the space between them, so a tighter pair covers this gap",wall of tile 047158 (room 0x3c)
wall of tile 046F58 (room 0x3c),wall of tile 047158 (room 0x3c),29.626,no,the line between them touches another wall,wall of tile 047158 (room 0x3c)
wall of tile 046D58 (room 0x3c),wall of tile 047658 (room 0x3c),41.897,no,the line between them touches another wall,wall of tile 047558 (room 0x3c)
wall of tile 047658 (room 0x3c),wall of tile 048358 (room 0x3c),40.207,no,the line between them touches another wall,wall of tile 048358 (room 0x3c)
wall of tile 047658 (room 0x3c),wall of tile 041B58 (room 0x3d),49.943,no,"another wall pokes into the space between them, so a tighter pair covers this gap",wall of tile 048358 (room 0x3c)
wall of tile 048358 (room 0x3c),wall of tile 041B58 (room 0x3d),29.626,no,the line between them touches another wall,wall of tile 048358 (room 0x3c)
wall of tile 041858 (room 0x3d),wall of tile 048458 (room 0x3c),29.626,no,the line between them touches another wall,wall of tile 048458 (room 0x3c)
wall of tile 041858 (room 0x3d),wall of tile 047B58 (room 0x3c),49.943,no,"another wall pokes into the space between them, so a tighter pair covers this gap",wall of tile 048458 (room 0x3c)
wall of tile 040958 (room 0x3d),wall of tile 05FB59 (room 0x3e),42.323,no,the line between them touches another wall,wall of tile 05FD59 (room 0x3e)
wall of tile 040B58 (room 0x3d),wall of tile 05FB5A (room 0x3e),42.323,no,the line between them touches another wall,wall of tile 05FD5A (room 0x3e)
wall of tile 05FD59 (room 0x3e),wall of tile 05F959 (room 0x3e),40.207,no,the line between them touches another wall,wall of tile 05FB59 (room 0x3e)
wall of tile 05FD5A (room 0x3e),wall of tile 05F95A (room 0x3e),40.207,no,the line between them touches another wall,wall of tile 05FB5A (room 0x3e)
wall of tile 05FB59 (room 0x3e),wall of tile 05F759 (room 0x3e),42.323,no,the line between them touches another wall,wall of tile 05F959 (room 0x3e)
wall of tile 05FB5A (room 0x3e),wall of tile 05F75A (room 0x3e),42.323,no,the line between them touches another wall,wall of tile 05F95A (room 0x3e)
wall of tile 05F959 (room 0x3e),wall of tile 05F559 (room 0x3e),40.207,no,the line between them touches another wall,wall of tile 05F759 (room 0x3e)
wall of tile 05F95A (room 0x3e),wall of tile 05F55A (room 0x3e),40.207,no,the line between them touches another wall,wall of tile 05F75A (room 0x3e)
wall of tile 05F759 (room 0x3e),wall of tile 05F359 (room 0x3e),40.207,no,the line between them touches another wall,wall of tile 05F559 (room 0x3e)
wall of tile 05F75A (room 0x3e),wall of tile 05F35A (room 0x3e),40.207,no,the line between them touches another wall,wall of tile 05F55A (room 0x3e)
wall of tile 05F559 (room 0x3e),wall of tile 05F159 (room 0x3e),42.323,no,the line between them touches another wall,wall of tile 05F359 (room 0x3e)
wall of tile 05F55A (room 0x3e),wall of tile 05F15A (room 0x3e),42.323,no,the line between them touches another wall,wall of tile 05F35A (room 0x3e)
wall of tile 05F359 (room 0x3e),wall of tile 05EF59 (room 0x3e),40.207,no,the line between them touches another wall,wall of tile 05F159 (room 0x3e)
wall of tile 05F35A (room 0x3e),wall of tile 05EF5A (room 0x3e),40.207,no,the line between them touches another wall,wall of tile 05F15A (room 0x3e)
wall of tile 05F159 (room 0x3e),wall of tile 05ED59 (room 0x3e),40.207,no,the line between them touches another wall,wall of tile 05EF59 (room 0x3e)
wall of tile 05F15A (room 0x3e),wall of tile 05ED5A (room 0x3e),40.207,no,the line between them touches another wall,wall of tile 05EF5A (room 0x3e)
wall of tile 05EF59 (room 0x3e),wall of tile 05EB59 (room 0x3e),42.323,no,the line between them touches another wall,wall of tile 05ED59 (room 0x3e)
wall of tile 05EF5A (room 0x3e),wall of tile 05EB5A (room 0x3e),42.323,no,the line between them touches another wall,wall of tile 05ED5A (room 0x3e)
wall of tile 05ED59 (room 0x3e),wall of tile 064E58 (room 0x3e),40.207,no,the line between them touches another wall,wall of tile 05EB59 (room 0x3e)
wall of tile 05ED5A (room 0x3e),wall of tile 064B58 (room 0x3e),40.207,no,the line between them touches another wall,wall of tile 05EB5A (room 0x3e)
wall of tile 063E58 (room 0x3e),wall of tile 064858 (room 0x3f),43.419,no,"another wall pokes into the space between them, so a tighter pair covers this gap",wall of tile 064058 (room 0x3f)
wall of tile 063E58 (room 0x3e),wall of tile 064058 (room 0x3f),29.626,no,the line between them touches another wall,wall of tile 064058 (room 0x3f)
wall of tile 063C58 (room 0x3e),wall of tile 064358 (room 0x3f),44.890,no,"another wall pokes into the space between them, so a tighter pair covers this gap",wall of tile 063F58 (room 0x3f)
wall of tile 063C58 (room 0x3e),wall of tile 063F58 (room 0x3f),31.742,no,the line between them touches another wall,wall of tile 063F58 (room 0x3f)
wall of tile 064358 (room 0x3f),wall of tile 063F58 (room 0x3f),31.742,no,the line between them touches another wall,wall of tile 063F58 (room 0x3f)
wall of tile 064358 (room 0x3f),wall of tile 065058 (room 0x3f),40.207,no,the line between them touches another wall,wall of tile 065058 (room 0x3f)
wall of tile 064358 (room 0x3f),wall of tile 062E58 (room 0x3f),51.226,no,"another wall pokes into the space between them, so a tighter pair covers this gap",wall of tile 065058 (room 0x3f)
wall of tile 065058 (room 0x3f),wall of tile 062E58 (room 0x3f),31.742,no,the line between them touches another wall,wall of tile 065058 (room 0x3f)
wall of tile 063158 (room 0x3f),wall of tile 065258 (room 0x3f),29.626,no,the line between them touches another wall,wall of tile 065258 (room 0x3f)
wall of tile 063158 (room 0x3f),wall of tile 064858 (room 0x3f),49.942,no,"another wall pokes into the space between them, so a tighter pair covers this gap",wall of tile 065258 (room 0x3f)
wall of tile 061F58 (room 0x3f),wall of tile 062B58 (room 0x3f),43.419,no,"another wall pokes into the space between them, so a tighter pair covers this gap",wall of tile 062158 (room 0x3f)
wall of tile 061F58 (room 0x3f),wall of tile 062158 (room 0x3f),29.626,no,the line between them touches another wall,wall of tile 062158 (room 0x3f)
wall of tile 061D58 (room 0x3f),wall of tile 062658 (room 0x3f),44.890,no,"another wall pokes into the space between them, so a tighter pair covers this gap",wall of tile 062058 (room 0x3f)
wall of tile 061D58 (room 0x3f),wall of tile 062058 (room 0x3f),31.742,no,the line between them touches another wall,wall of tile 062058 (room 0x3f)
wall of tile 062658 (room 0x3f),wall of tile 062058 (room 0x3f),31.742,no,the line between them touches another wall,wall of tile 062058 (room 0x3f)
wall of tile 062658 (room 0x3f),wall of tile 063858 (room 0x3f),42.323,no,the line between them touches another wall,wall of tile 063858 (room 0x3f)
wall of tile 062658 (room 0x3f),wall of tile 063658 (room 0x40),52.903,no,"another wall pokes into the space between them, so a tighter pair covers this gap",wall of tile 063858 (room 0x3f)
wall of tile 063858 (room 0x3f),wall of tile 063658 (room 0x40),31.742,no,the line between them touches another wall,wall of tile 063858 (room 0x3f)
wall of tile 063658 (room 0x40),wall of tile 05610A (room 0x0b),49.942,no,"the line between them leaves the walkable area (a wall's thickness, or another floor)",
wall of tile 063658 (room 0x40),wall of tile 05610A (room 0x0b),49.942,no,"the line between them leaves the walkable area (a wall's thickness, or another floor)",
wall of tile 063658 (room 0x40),wall of tile 00AA09 (room 0x0b),56.978,no,"the line between them leaves the walkable area (a wall's thickness, or another floor)",
wall of tile 063658 (room 0x40),wall of tile 009109 (room 0x0c),51.086,no,"the line between them leaves the walkable area (a wall's thickness, or another floor)",
wall of tile 063658 (room 0x40),wall of tile 00940A (room 0x0c),57.175,no,"the line between them leaves the walkable area (a wall's thickness, or another floor)",
wall of tile 063558 (room 0x40),wall of tile 05610A (room 0x0b),30.830,no,"the line between them leaves the walkable area (a wall's thickness, or another floor)",
wall of tile 063558 (room 0x40),wall of tile 00AA09 (room 0x0b),31.086,no,"the line between them leaves the walkable area (a wall's thickness, or another floor)",
wall of tile 063558 (room 0x40),wall of tile 009109 (room 0x0c),37.304,no,"the line between them leaves the walkable area (a wall's thickness, or another floor)",
wall of tile 063558 (room 0x40),wall of tile 00940A (room 0x0c),37.304,no,"the line between them leaves the walkable area (a wall's thickness, or another floor)",
wall of tile 063558 (room 0x40),door 0x1ca34c (preset 0x003f),0.024,no,the line between them touches another wall,door 0x1ca34c (preset 0x003f)
wall of tile 063558 (room 0x40),door 0x1ca34c (preset 0x003f),0.024,no,the line between them touches another wall,door 0x1ca34c (preset 0x003f)
wall of tile 063558 (room 0x40),door 0x1ca34c (preset 0x003f),16.921,no,"the line between them leaves the walkable area (a wall's thickness, or another floor)",
wall of tile 056109 (room 0x0b),wall of tile 063458 (room 0x40),51.661,no,"the line between them leaves the walkable area (a wall's thickness, or another floor)",
wall of tile 056109 (room 0x0b),wall of tile 00AA0A (room 0x0b),7.735,no,"another wall pokes into the space between them, so a tighter pair covers this gap",wall of tile 05610A (room 0x0b)
wall of tile 056109 (room 0x0b),wall of tile 00940A (room 0x0c),10.581,no,"the line between them leaves the walkable area (a wall's thickness, or another floor)",
wall of tile 056109 (room 0x0b),wall of tile 00940A (room 0x0c),8.382,no,"the line between them leaves the walkable area (a wall's thickness, or another floor)",
wall of tile 056109 (room 0x0b),door 0x1ca34c (preset 0x003f),0.000,no,the line between them touches another wall,door 0x1ca34c (preset 0x003f)
wall of tile 056109 (room 0x0b),door 0x1ca34c (preset 0x003f),11.567,no,"another wall pokes into the space between them, so a tighter pair covers this gap",door 0x1ca34c (preset 0x003f)
wall of tile 056109 (room 0x0b),door 0x1ca34c (preset 0x003f),11.567,no,"another wall pokes into the space between them, so a tighter pair covers this gap",door 0x1ca34c (preset 0x003f)
wall of tile 063358 (room 0x40),wall of tile 05610A (room 0x0b),30.857,no,"the line between them leaves the walkable area (a wall's thickness, or another floor)",
wall of tile 063358 (room 0x40),wall of tile 00AA0A (room 0x0b),31.168,no,"the line between them leaves the walkable area (a wall's thickness, or another floor)",
wall of tile 063358 (room 0x40),wall of tile 00940A (room 0x0c),39.132,no,"the line between them leaves the walkable area (a wall's thickness, or another floor)",
wall of tile 063358 (room 0x40),wall of tile 00940A (room 0x0c),39.132,no,"the line between them leaves the walkable area (a wall's thickness, or another floor)",
wall of tile 063358 (room 0x40),door 0x1ca34c (preset 0x003f),0.000,no,the line between them touches another wall,door 0x1ca34c (preset 0x003f)
wall of tile 063358 (room 0x40),door 0x1ca34c (preset 0x003f),16.946,no,"the line between them leaves the walkable area (a wall's thickness, or another floor)",
wall of tile 063358 (room 0x40),door 0x1ca34c (preset 0x003f),16.946,no,"the line between them leaves the walkable area (a wall's thickness, or another floor)",
wall of tile 063458 (room 0x40),wall of tile 05610A (room 0x0b),51.661,no,"the line between them leaves the walkable area (a wall's thickness, or another floor)",
wall of tile 063458 (room 0x40),wall of tile 063758 (room 0x3f),29.626,no,the line between them touches another wall,wall of tile 063758 (room 0x3f)
wall of tile 063458 (room 0x40),wall of tile 062B58 (room 0x3f),51.661,no,"another wall pokes into the space between them, so a tighter pair covers this gap",wall of tile 063758 (room 0x3f)
wall of tile 063458 (room 0x40),wall of tile 00940A (room 0x0c),52.393,no,"the line between them leaves the walkable area (a wall's thickness, or another floor)",
wall of tile 063458 (room 0x40),wall of tile 00940A (room 0x0c),52.393,no,"the line between them leaves the walkable area (a wall's thickness, or another floor)",
wall of tile 05610A (room 0x0b),wall of tile 00AA09 (room 0x0b),6.188,no,"another wall pokes into the space between them, so a tighter pair covers this gap",wall of tile 05610A (room 0x0b)
wall of tile 05610A (room 0x0b),wall of tile 009109 (room 0x0c),7.528,no,"the line between them leaves the walkable area (a wall's thickness, or another floor)",
wall of tile 05610A (room 0x0b),wall of tile 00940A (room 0x0c),7.630,no,"the line between them leaves the walkable area (a wall's thickness, or another floor)",
wall of tile 05610A (room 0x0b),door 0x1ca34c (preset 0x003f),0.024,no,the line between them touches another wall,door 0x1ca34c (preset 0x003f)
wall of tile 05610A (room 0x0b),door 0x1ca34c (preset 0x003f),0.024,no,the line between them touches another wall,door 0x1ca34c (preset 0x003f)
wall of tile 05610A (room 0x0b),door 0x1ca34c (preset 0x003f),11.548,no,"another wall pokes into the space between them, so a tighter pair covers this gap",door 0x1ca34c (preset 0x003f)
wall of tile 05610A (room 0x0b),wall of tile 009109 (room 0x0c),6.348,no,"the line between them leaves the walkable area (a wall's thickness, or another floor)",
wall of tile 05610A (room 0x0b),wall of tile 00940A (room 0x0c),6.348,no,"the line between them leaves the walkable area (a wall's thickness, or another floor)",
wall of tile 05610A (room 0x0b),door 0x1ca34c (preset 0x003f),25.828,no,"another wall pokes into the space between them, so a tighter pair covers this gap",wall of tile 05610A (room 0x0b)
wall of tile 05610A (room 0x0b),door 0x1ca34c (preset 0x003f),38.169,no,"the line between them leaves the walkable area (a wall's thickness, or another floor)",
wall of tile 05610A (room 0x0b),door 0x1ca34c (preset 0x003f),38.169,no,"the line between them leaves the walkable area (a wall's thickness, or another floor)",
wall of tile 05610A (room 0x0b),door 0x1ca34c (preset 0x003f),25.828,no,"another wall pokes into the space between them, so a tighter pair covers this gap",wall of tile 05610A (room 0x0b)
wall of tile 05610A (room 0x0b),wall of tile 00940A (room 0x0c),10.581,no,"the line between them leaves the walkable area (a wall's thickness, or another floor)",
wall of tile 05610A (room 0x0b),wall of tile 00940A (room 0x0c),8.247,no,the far wall faces the other way (it belongs to floor which isn't linked here),
wall of tile 05610A (room 0x0b),door 0x1ca34c (preset 0x003f),37.015,no,"the line between them leaves the walkable area (a wall's thickness, or another floor)",
wall of tile 05610A (room 0x0b),door 0x1ca34c (preset 0x003f),24.113,no,"another wall pokes into the space between them, so a tighter pair covers this gap",wall of tile 056109 (room 0x0b)
wall of tile 05610A (room 0x0b),door 0x1ca34c (preset 0x003f),24.113,no,"another wall pokes into the space between them, so a tighter pair covers this gap",wall of tile 056109 (room 0x0b)
wall of tile 05610A (room 0x0b),door 0x1ca34c (preset 0x003f),24.113,no,"another wall pokes into the space between them, so a tighter pair covers this gap",wall of tile 056109 (room 0x0b)
wall of tile 00AA09 (room 0x0b),wall of tile 055009 (room 0x0b),5.985,no,"another wall pokes into the space between them, so a tighter pair covers this gap",wall of tile 05500A (room 0x0b)
wall of tile 00AA09 (room 0x0b),wall of tile 004530 (room 0x29),28.971,no,"the line between them leaves the walkable area (a wall's thickness, or another floor)",
wall of tile 00AA09 (room 0x0b),wall of tile 004630 (room 0x29),55.907,no,"the line between them leaves the walkable area (a wall's thickness, or another floor)",
wall of tile 00AA09 (room 0x0b),wall of tile 009109 (room 0x0c),4.232,no,"the line between them leaves the walkable area (a wall's thickness, or another floor)",
wall of tile 00AA09 (room 0x0b),wall of tile 009409 (room 0x0c),14.813,no,the far wall faces the other way (it belongs to floor which isn't linked here),
wall of tile 00AA09 (room 0x0b),door 0x1ca34c (preset 0x003f),25.828,no,"another wall pokes into the space between them, so a tighter pair covers this gap",wall of tile 05610A (room 0x0b)
wall of tile 00AA09 (room 0x0b),door 0x1ca34c (preset 0x003f),38.169,no,"the line between them leaves the walkable area (a wall's thickness, or another floor)",
wall of tile 00AA09 (room 0x0b),door 0x1ca34c (preset 0x003f),38.169,no,"the line between them leaves the walkable area (a wall's thickness, or another floor)",
wall of tile 00AA09 (room 0x0b),door 0x1ca34c (preset 0x003f),25.828,no,"another wall pokes into the space between them, so a tighter pair covers this gap",wall of tile 05610A (room 0x0b)
wall of tile 00AA09 (room 0x0b),door 0x1ca64c (preset 0x0042),25.817,no,"another wall pokes into the space between them, so a tighter pair covers this gap",wall of tile 055009 (room 0x0b)
wall of tile 00AA09 (room 0x0b),door 0x1ca64c (preset 0x0042),25.817,no,"another wall pokes into the space between them, so a tighter pair covers this gap",wall of tile 055009 (room 0x0b)
wall of tile 00AA09 (room 0x0b),door 0x1ca64c (preset 0x0042),25.817,no,"another wall pokes into the space between them, so a tighter pair covers this gap",wall of tile 055009 (room 0x0b)
wall of tile 00AA09 (room 0x0b),door 0x1ca64c (preset 0x0042),36.405,no,"the line between them leaves the walkable area (a wall's thickness, or another floor)",
wall of tile 00AA0A (room 0x0b),wall of tile 05500A (room 0x0b),7.482,no,"another wall pokes into the space between them, so a tighter pair covers this gap",wall of tile 05500A (room 0x0b)
wall of tile 00AA0A (room 0x0b),wall of tile 004730 (room 0x29),29.053,no,"the line between them leaves the walkable area (a wall's thickness, or another floor)",
wall of tile 00AA0A (room 0x0b),wall of tile 004830 (room 0x29),59.628,no,"the line between them leaves the walkable area (a wall's thickness, or another floor)",
wall of tile 00AA0A (room 0x0b),wall of tile 009409 (room 0x0c),6.348,no,the far wall faces the other way (it belongs to floor which isn't linked here),
wall of tile 00AA0A (room 0x0b),door 0x1ca34c (preset 0x003f),37.015,no,"the line between them leaves the walkable area (a wall's thickness, or another floor)",
wall of tile 00AA0A (room 0x0b),door 0x1ca34c (preset 0x003f),24.113,no,"another wall pokes into the space between them, so a tighter pair covers this gap",wall of tile 056109 (room 0x0b)
wall of tile 00AA0A (room 0x0b),door 0x1ca34c (preset 0x003f),24.113,no,"another wall pokes into the space between them, so a tighter pair covers this gap",wall of tile 056109 (room 0x0b)
wall of tile 00AA0A (room 0x0b),door 0x1ca34c (preset 0x003f),24.113,no,"another wall pokes into the space between them, so a tighter pair covers this gap",wall of tile 056109 (room 0x0b)
wall of tile 00AA0A (room 0x0b),door 0x1ca64c (preset 0x0042),24.125,no,"another wall pokes into the space between them, so a tighter pair covers this gap",wall of tile 05500A (room 0x0b)
wall of tile 00AA0A (room 0x0b),door 0x1ca64c (preset 0x0042),24.125,no,"another wall pokes into the space between them, so a tighter pair covers this gap",wall of tile 05500A (room 0x0b)
wall of tile 00AA0A (room 0x0b),door 0x1ca64c (preset 0x0042),35.240,no,"the line between them leaves the walkable area (a wall's thickness, or another floor)",
wall of tile 00AA0A (room 0x0b),door 0x1ca64c (preset 0x0042),35.240,no,"the line between them leaves the walkable area (a wall's thickness, or another floor)",
wall of tile 05500A (room 0x0b),wall of tile 004830 (room 0x29),50.478,no,"the line between them leaves the walkable area (a wall's thickness, or another floor)",
wall of tile 05500A (room 0x0b),door 0x1ca64c (preset 0x0042),10.472,no,"another wall pokes into the space between them, so a tighter pair covers this gap",door 0x1ca64c (preset 0x0042)
wall of tile 05500A (room 0x0b),door 0x1ca64c (preset 0x0042),0.024,no,the line between them touches another wall,door 0x1ca64c (preset 0x0042)
wall of tile 05500A (room 0x0b),door 0x1ca64c (preset 0x0042),0.024,no,the line between them touches another wall,door 0x1ca64c (preset 0x0042)
wall of tile 05500A (room 0x0b),wall of tile 004730 (room 0x29),28.742,no,"the line between them leaves the walkable area (a wall's thickness, or another floor)",
wall of tile 05500A (room 0x0b),wall of tile 004830 (room 0x29),50.478,no,"the line between them leaves the walkable area (a wall's thickness, or another floor)",
wall of tile 05500A (room 0x0b),door 0x1ca64c (preset 0x0042),24.125,no,"another wall pokes into the space between them, so a tighter pair covers this gap",wall of tile 05500A (room 0x0b)
wall of tile 05500A (room 0x0b),door 0x1ca64c (preset 0x0042),24.125,no,"another wall pokes into the space between them, so a tighter pair covers this gap",wall of tile 05500A (room 0x0b)
wall of tile 05500A (room 0x0b),door 0x1ca64c (preset 0x0042),35.240,no,"the line between them leaves the walkable area (a wall's thickness, or another floor)",
wall of tile 05500A (room 0x0b),door 0x1ca64c (preset 0x0042),35.240,no,"the line between them leaves the walkable area (a wall's thickness, or another floor)",
wall of tile 05500A (room 0x0b),wall of tile 004530 (room 0x29),28.715,no,"the line between them leaves the walkable area (a wall's thickness, or another floor)",
wall of tile 05500A (room 0x0b),wall of tile 004630 (room 0x29),48.717,no,"the line between them leaves the walkable area (a wall's thickness, or another floor)",
wall of tile 05500A (room 0x0b),door 0x1ca64c (preset 0x0042),25.817,no,"another wall pokes into the space between them, so a tighter pair covers this gap",wall of tile 055009 (room 0x0b)
wall of tile 05500A (room 0x0b),door 0x1ca64c (preset 0x0042),25.817,no,"another wall pokes into the space between them, so a tighter pair covers this gap",wall of tile 055009 (room 0x0b)
wall of tile 05500A (room 0x0b),door 0x1ca64c (preset 0x0042),25.817,no,"another wall pokes into the space between them, so a tighter pair covers this gap",wall of tile 055009 (room 0x0b)
wall of tile 05500A (room 0x0b),door 0x1ca64c (preset 0x0042),36.405,no,"the line between them leaves the walkable area (a wall's thickness, or another floor)",
wall of tile 055009 (room 0x0b),wall of tile 004630 (room 0x29),48.717,no,"the line between them leaves the walkable area (a wall's thickness, or another floor)",
wall of tile 055009 (room 0x0b),door 0x1ca64c (preset 0x0042),10.491,no,"another wall pokes into the space between them, so a tighter pair covers this gap",door 0x1ca64c (preset 0x0042)
wall of tile 055009 (room 0x0b),door 0x1ca64c (preset 0x0042),10.491,no,"another wall pokes into the space between them, so a tighter pair covers this gap",door 0x1ca64c (preset 0x0042)
wall of tile 004530 (room 0x29),door 0x1ca64c (preset 0x0042),14.830,no,"the line between them leaves the walkable area (a wall's thickness, or another floor)",
wall of tile 004530 (room 0x29),door 0x1ca64c (preset 0x0042),14.830,no,"the line between them leaves the walkable area (a wall's thickness, or another floor)",
wall of tile 004730 (room 0x29),door 0x1ca64c (preset 0x0042),14.806,no,"the line between them leaves the walkable area (a wall's thickness, or another floor)",
wall of tile 004730 (room 0x29),door 0x1ca64c (preset 0x0042),0.024,no,the line between them touches another wall,door 0x1ca64c (preset 0x0042)
wall of tile 004730 (room 0x29),door 0x1ca64c (preset 0x0042),0.024,no,the line between them touches another wall,door 0x1ca64c (preset 0x0042)
wall of tile 004830 (room 0x29),wall of tile 003330 (room 0x29),49.942,no,"another wall pokes into the space between them, so a tighter pair covers this gap",wall of tile 004A30 (room 0x29)
wall of tile 004830 (room 0x29),wall of tile 004A30 (room 0x29),29.626,no,the line between them touches another wall,wall of tile 004A30 (room 0x29)
wall of tile 003330 (room 0x29),wall of tile 004A30 (room 0x29),40.207,no,the line between them touches another wall,wall of tile 004A30 (room 0x29)
wall of tile 003330 (room 0x29),wall of tile 002D30 (room 0x29),29.626,no,the line between them touches another wall,wall of tile 002D30 (room 0x29)
wall of tile 003330 (room 0x29),wall of tile 002A30 (room 0x29),41.897,no,"another wall pokes into the space between them, so a tighter pair covers this gap",wall of tile 002D30 (room 0x29)
wall of tile 002D30 (room 0x29),wall of tile 002A30 (room 0x29),29.626,no,the line between them touches another wall,wall of tile 002D30 (room 0x29)
wall of tile 05E230 (room 0x2b),wall of tile 05E430 (room 0x2a),42.323,no,the line between them touches another wall,wall of tile 05FE30 (room 0x2b)
wall of tile 05E830 (room 0x2a),wall of tile 05F230 (room 0x2a),43.419,no,"another wall pokes into the space between them, so a tighter pair covers this gap",wall of tile 05EA30 (room 0x2a)
wall of tile 05E830 (room 0x2a),wall of tile 05EA30 (room 0x2a),31.742,no,the line between them touches another wall,wall of tile 05EA30 (room 0x2a)
wall of tile 05E630 (room 0x2a),wall of tile 05ED30 (room 0x2a),41.897,no,"another wall pokes into the space between them, so a tighter pair covers this gap",wall of tile 05E930 (room 0x2a)
wall of tile 05E630 (room 0x2a),wall of tile 05E930 (room 0x2a),29.626,no,the line between them touches another wall,wall of tile 05E930 (room 0x2a)
wall of tile 05ED30 (room 0x2a),wall of tile 05E930 (room 0x2a),29.626,no,the line between them touches another wall,wall of tile 05E930 (room 0x2a)
wall of tile 05ED30 (room 0x2a),wall of tile 05FA30 (room 0x2a),40.207,no,the line between them touches another wall,wall of tile 05FA30 (room 0x2a)
wall of tile 05ED30 (room 0x2a),wall of tile 05F830 (room 0x2a),49.943,no,"another wall pokes into the space between them, so a tighter pair covers this gap",wall of tile 05FA30 (room 0x2a)
wall of tile 05FA30 (room 0x2a),wall of tile 05F830 (room 0x2a),29.626,no,the line between them touches another wall,wall of tile 05FA30 (room 0x2a)
wall of tile 05F830 (room 0x2a),wall of tile 03E062 (room 0x41),57.136,no,"the line between them leaves the walkable area (a wall's thickness, or another floor)",
wall of tile 05F730 (room 0x2a),wall of tile 030B61 (room 0x41),23.278,no,the line between them touches another wall,wall of tile 030D62 (room 0x41)
wall of tile 05F730 (room 0x2a),wall of tile 03E262 (room 0x41),42.323,no,"the line between them leaves the walkable area (a wall's thickness, or another floor)",
wall of tile 05F730 (room 0x2a),wall of tile 03E062 (room 0x41),57.136,no,"the line between them leaves the walkable area (a wall's thickness, or another floor)",
wall of tile 05F730 (room 0x2a),door 0x1c9f4c (preset 0x003b),0.000,no,the line between them touches another wall,door 0x1c9f4c (preset 0x003b)
wall of tile 05F730 (room 0x2a),door 0x1c9f4c (preset 0x003b),14.813,no,"the line between them leaves the walkable area (a wall's thickness, or another floor)",
wall of tile 05F730 (room 0x2a),door 0x1c9f4c (preset 0x003b),0.000,no,the line between them touches another wall,door 0x1c9f4c (preset 0x003b)
wall of tile 05F530 (room 0x2a),wall of tile 030B62 (room 0x41),23.278,no,the line between them touches another wall,wall of tile 030D61 (room 0x41)
wall of tile 05F530 (room 0x2a),wall of tile 03E261 (room 0x41),42.323,no,"the line between them leaves the walkable area (a wall's thickness, or another floor)",
wall of tile 05F530 (room 0x2a),wall of tile 03E061 (room 0x41),57.136,no,"the line between them leaves the walkable area (a wall's thickness, or another floor)",
wall of tile 05F530 (room 0x2a),wall of tile 002D60 (room 0x41),42.323,no,"the line between them leaves the walkable area (a wall's thickness, or another floor)",
wall of tile 05F530 (room 0x2a),wall of tile 002D60 (room 0x41),42.323,no,"the line between them leaves the walkable area (a wall's thickness, or another floor)",
wall of tile 05F530 (room 0x2a),door 0x1c9f4c (preset 0x003b),14.813,no,the line between them touches another wall,door 0x1c9f4c (preset 0x003b)
wall of tile 05F530 (room 0x2a),door 0x1c9f4c (preset 0x003b),14.813,no,the line between them touches another wall,wall of tile 030D61 (room 0x41)
wall of tile 05F530 (room 0x2a),door 0x1c9f4c (preset 0x003b),0.000,no,the line between them touches another wall,door 0x1c9f4c (preset 0x003b)
wall of tile 030D62 (room 0x41),wall of tile 03E262 (room 0x41),28.470,no,the line between them touches another wall,wall of tile 030B61 (room 0x41)
wall of tile 030D62 (room 0x41),wall of tile 03E062 (room 0x41),39.927,no,"another wall pokes into the space between them, so a tighter pair covers this gap",wall of tile 030B61 (room 0x41)
wall of tile 030D62 (room 0x41),door 0x1c9f4c (preset 0x003b),0.000,no,the line between them touches another wall,door 0x1c9f4c (preset 0x003b)
wall of tile 030D62 (room 0x41),door 0x1c9f4c (preset 0x003b),0.000,no,"the line between them leaves the walkable area (a wall's thickness, or another floor)",
wall of tile 030D62 (room 0x41),door 0x1c9f4c (preset 0x003b),0.000,no,the line between them touches another wall,door 0x1c9f4c (preset 0x003b)
wall of tile 030D61 (room 0x41),wall of tile 03E261 (room 0x41),28.470,no,the line between them touches another wall,wall of tile 030B62 (room 0x41)
wall of tile 030D61 (room 0x41),wall of tile 03E061 (room 0x41),39.927,no,"another wall pokes into the space between them, so a tighter pair covers this gap",wall of tile 030B62 (room 0x41)
wall of tile 030D61 (room 0x41),wall of tile 002D60 (room 0x41),28.470,no,the line between them touches another wall,wall of tile 030B62 (room 0x41)
wall of tile 030D61 (room 0x41),wall of tile 002D60 (room 0x41),28.470,no,the line between them touches another wall,wall of tile 030B62 (room 0x41)
wall of tile 030D61 (room 0x41),door 0x1c9f4c (preset 0x003b),0.000,no,the line between them touches another wall,door 0x1c9f4c (preset 0x003b)
wall of tile 030B61 (room 0x41),wall of tile 03E062 (room 0x41),14.813,no,the line between them touches another wall,wall of tile 03E262 (room 0x41)
wall of tile 030B61 (room 0x41),door 0x1c9f4c (preset 0x003b),23.278,no,"the line between them leaves the walkable area (a wall's thickness, or another floor)",
wall of tile 030B61 (room 0x41),door 0x1c9f4c (preset 0x003b),8.465,no,"the line between them leaves the walkable area (a wall's thickness, or another floor)",
wall of tile 030B61 (room 0x41),door 0x1c9f4c (preset 0x003b),8.465,no,"another wall pokes into the space between them, so a tighter pair covers this gap",wall of tile 030D62 (room 0x41)
wall of tile 030B61 (room 0x41),door 0x1c9f4c (preset 0x003b),23.278,no,the line between them touches another wall,door 0x1c9f4c (preset 0x003b)
wall of tile 030B62 (room 0x41),wall of tile 03E061 (room 0x41),14.813,no,the line between them touches another wall,wall of tile 03E261 (room 0x41)
wall of tile 030B62 (room 0x41),door 0x1c9f4c (preset 0x003b),8.465,no,the line between them touches another wall,wall of tile 030D61 (room 0x41)
wall of tile 030B62 (room 0x41),door 0x1c9f4c (preset 0x003b),8.465,no,the line between them touches another wall,wall of tile 030D61 (room 0x41)
wall of tile 030B62 (room 0x41),door 0x1c9f4c (preset 0x003b),8.465,no,the line between them touches another wall,wall of tile 030D61 (room 0x41)
wall of tile 030B62 (room 0x41),door 0x1c9f4c (preset 0x003b),23.278,no,the line between them touches another wall,wall of tile 030D61 (room 0x41)
wall of tile 03E261 (room 0x41),door 0x1c9f4c (preset 0x003b),34.707,no,"the line between them leaves the walkable area (a wall's thickness, or another floor)",
wall of tile 03E261 (room 0x41),door 0x1c9f4c (preset 0x003b),34.707,no,"the line between them leaves the walkable area (a wall's thickness, or another floor)",
wall of tile 03E261 (room 0x41),door 0x1c9f4c (preset 0x003b),34.707,no,"the line between them leaves the walkable area (a wall's thickness, or another floor)",
wall of tile 03E261 (room 0x41),door 0x1c9f4c (preset 0x003b),47.318,no,"the line between them leaves the walkable area (a wall's thickness, or another floor)",
wall of tile 03E262 (room 0x41),door 0x1c9f4c (preset 0x003b),47.318,no,"the line between them leaves the walkable area (a wall's thickness, or another floor)",
wall of tile 03E262 (room 0x41),door 0x1c9f4c (preset 0x003b),34.707,no,"the line between them leaves the walkable area (a wall's thickness, or another floor)",
wall of tile 03E262 (room 0x41),door 0x1c9f4c (preset 0x003b),34.707,no,"the line between them leaves the walkable area (a wall's thickness, or another floor)",
wall of tile 03E262 (room 0x41),door 0x1c9f4c (preset 0x003b),47.319,no,"the line between them leaves the walkable area (a wall's thickness, or another floor)",
wall of tile 03E062 (room 0x41),wall of tile 0C1C60 (room 0x41),18.204,no,"the line between them leaves the walkable area (a wall's thickness, or another floor)",
wall of tile 03E062 (room 0x41),wall of tile 0C1C60 (room 0x41),9.221,no,the far wall faces the other way (it belongs to floor which isn't linked here),
wall of tile 03E062 (room 0x41),door 0x1c9f4c (preset 0x003b),47.318,no,"the line between them leaves the walkable area (a wall's thickness, or another floor)",
wall of tile 03E062 (room 0x41),door 0x1c9f4c (preset 0x003b),47.318,no,"the line between them leaves the walkable area (a wall's thickness, or another floor)",
wall of tile 03E061 (room 0x41),wall of tile 002D60 (room 0x41),14.813,no,the line between them touches another wall,wall of tile 03E261 (room 0x41)
wall of tile 03E061 (room 0x41),door 0x1c9f4c (preset 0x003b),47.318,no,"the line between them leaves the walkable area (a wall's thickness, or another floor)",
wall of tile 03E061 (room 0x41),door 0x1c9f4c (preset 0x003b),47.318,no,"the line between them leaves the walkable area (a wall's thickness, or another floor)",
wall of tile 03E061 (room 0x41),door 0x1c9f4c (preset 0x003b),47.318,no,"the line between them leaves the walkable area (a wall's thickness, or another floor)",
wall of tile 03E061 (room 0x41),wall of tile 03B161 (room 0x41),14.813,no,the line between them touches another wall,wall of tile 03E161 (room 0x41)
wall of tile 03E061 (room 0x41),wall of tile 082362 (room 0x41),35.974,no,the line between them touches another wall,wall of tile 03B161 (room 0x41)
wall of tile 03E061 (room 0x41),wall of tile 03AE61 (room 0x41),40.207,no,the line between them touches another wall,wall of tile 03B161 (room 0x41)
wall of tile 03E161 (room 0x41),wall of tile 082362 (room 0x41),21.161,no,the line between them touches another wall,wall of tile 03B161 (room 0x41)
wall of tile 03E161 (room 0x41),wall of tile 03AE61 (room 0x41),25.394,no,the line between them touches another wall,wall of tile 03B161 (room 0x41)
wall of tile 03E161 (room 0x41),wall of tile 082462 (room 0x41),46.555,no,the line between them touches another wall,wall of tile 03B161 (room 0x41)
wall of tile 03E161 (room 0x41),wall of tile 03B661 (room 0x41),50.787,no,the line between them touches another wall,wall of tile 03B161 (room 0x41)
wall of tile 03E162 (room 0x41),wall of tile 082361 (room 0x41),21.161,no,the line between them touches another wall,wall of tile 03B162 (room 0x41)
wall of tile 03E162 (room 0x41),wall of tile 03AE62 (room 0x41),25.394,no,the line between them touches another wall,wall of tile 03B162 (room 0x41)
wall of tile 03E162 (room 0x41),wall of tile 082461 (room 0x41),46.555,no,the line between them touches another wall,wall of tile 03B162 (room 0x41)
wall of tile 03E162 (room 0x41),wall of tile 03B662 (room 0x41),50.787,no,the line between them touches another wall,wall of tile 03B162 (room 0x41)
wall of tile 03E162 (room 0x41),wall of tile 0C1C60 (room 0x41),14.813,no,"the line between them leaves the walkable area (a wall's thickness, or another floor)",
wall of tile 03E162 (room 0x41),wall of tile 005360 (room 0x41),35.028,no,"the line between them leaves the walkable area (a wall's thickness, or another floor)",
wall of tile 03E162 (room 0x41),wall of tile 0C1C60 (room 0x41),14.813,no,"the line between them leaves the walkable area (a wall's thickness, or another floor)",
wall of tile 03E162 (room 0x41),wall of tile 005360 (room 0x41),35.028,no,"the line between them leaves the walkable area (a wall's thickness, or another floor)",
wall of tile 03B162 (room 0x41),wall of tile 03AE62 (room 0x41),4.232,no,the line between them touches another wall,wall of tile 082361 (room 0x41)
wall of tile 03B162 (room 0x41),wall of tile 082461 (room 0x41),25.394,no,the line between them touches another wall,wall of tile 03AE62 (room 0x41)
wall of tile 03B162 (room 0x41),wall of tile 03B662 (room 0x41),29.626,no,the line between them touches another wall,wall of tile 03AE62 (room 0x41)
wall of tile 03B162 (room 0x41),wall of tile 082561 (room 0x41),50.787,no,the line between them touches another wall,wall of tile 03AE62 (room 0x41)
wall of tile 03B162 (room 0x41),wall of tile 03B362 (room 0x41),57.135,no,the line between them touches another wall,wall of tile 03AE62 (room 0x41)
wall of tile 03B162 (room 0x41),wall of tile 081F61 (room 0x41),46.555,no,the line between them touches another wall,wall of tile 03AE62 (room 0x41)
wall of tile 03B162 (room 0x41),wall of tile 005560 (room 0x41),46.555,no,the line between them touches another wall,wall of tile 03AE62 (room 0x41)
wall of tile 03B161 (room 0x41),wall of tile 03AE61 (room 0x41),4.232,no,the line between them touches another wall,wall of tile 082362 (room 0x41)
wall of tile 03B161 (room 0x41),wall of tile 082462 (room 0x41),25.394,no,the line between them touches another wall,wall of tile 03AE61 (room 0x41)
wall of tile 03B161 (room 0x41),wall of tile 03B661 (room 0x41),29.626,no,the line between them touches another wall,wall of tile 03AE61 (room 0x41)
wall of tile 03B161 (room 0x41),wall of tile 082562 (room 0x41),50.787,no,the line between them touches another wall,wall of tile 03AE61 (room 0x41)
wall of tile 03B161 (room 0x41),wall of tile 03B361 (room 0x41),57.135,no,the line between them touches another wall,wall of tile 03AE61 (room 0x41)
wall of tile 03B161 (room 0x41),wall of tile 000462 (room 0x41),14.813,no,the line between them touches another wall,wall of tile 03E161 (room 0x41)
wall of tile 03B161 (room 0x41),wall of tile 0C1C60 (room 0x41),14.813,no,the line between them touches another wall,wall of tile 03E161 (room 0x41)
wall of tile 082361 (room 0x41),wall of tile 082461 (room 0x41),21.161,no,the line between them touches another wall,wall of tile 03AE62 (room 0x41)
wall of tile 082361 (room 0x41),wall of tile 03B662 (room 0x41),25.394,no,the line between them touches another wall,wall of tile 03AE62 (room 0x41)
wall of tile 082361 (room 0x41),wall of tile 082561 (room 0x41),46.555,no,the line between them touches another wall,wall of tile 03AE62 (room 0x41)
wall of tile 082361 (room 0x41),wall of tile 03B362 (room 0x41),52.903,no,the line between them touches another wall,wall of tile 03AE62 (room 0x41)
wall of tile 082361 (room 0x41),wall of tile 082061 (room 0x41),57.136,no,the line between them touches another wall,wall of tile 03AE62 (room 0x41)
wall of tile 082361 (room 0x41),wall of tile 081F61 (room 0x41),42.323,no,the line between them touches another wall,wall of tile 03AE62 (room 0x41)
wall of tile 082361 (room 0x41),wall of tile 005560 (room 0x41),42.323,no,the line between them touches another wall,wall of tile 03AE62 (room 0x41)
wall of tile 082362 (room 0x41),wall of tile 082462 (room 0x41),21.161,no,the line between them touches another wall,wall of tile 03AE61 (room 0x41)
wall of tile 082362 (room 0x41),wall of tile 03B661 (room 0x41),25.394,no,the line between them touches another wall,wall of tile 03AE61 (room 0x41)
wall of tile 082362 (room 0x41),wall of tile 082562 (room 0x41),46.555,no,the line between them touches another wall,wall of tile 03AE61 (room 0x41)
wall of tile 082362 (room 0x41),wall of tile 03B361 (room 0x41),52.903,no,the line between them touches another wall,wall of tile 03AE61 (room 0x41)
wall of tile 082362 (room 0x41),wall of tile 000462 (room 0x41),35.974,no,the line between them touches another wall,wall of tile 03B161 (room 0x41)
wall of tile 082362 (room 0x41),wall of tile 0C1C60 (room 0x41),35.974,no,the line between them touches another wall,wall of tile 03B161 (room 0x41)
wall of tile 03AE62 (room 0x41),wall of tile 03B662 (room 0x41),4.232,no,the line between them touches another wall,wall of tile 082461 (room 0x41)
wall of tile 03AE62 (room 0x41),wall of tile 082561 (room 0x41),25.394,no,the line between them touches another wall,wall of tile 03B662 (room 0x41)
wall of tile 03AE62 (room 0x41),wall of tile 03B362 (room 0x41),31.742,no,the line between them touches another wall,wall of tile 03B662 (room 0x41)
wall of tile 03AE62 (room 0x41),wall of tile 082661 (room 0x41),50.787,no,the line between them touches another wall,wall of tile 03B662 (room 0x41)
wall of tile 03AE62 (room 0x41),wall of tile 03BD62 (room 0x41),57.135,no,the line between them touches another wall,wall of tile 03B662 (room 0x41)
wall of tile 03AE62 (room 0x41),wall of tile 082061 (room 0x41),35.974,no,the line between them touches another wall,wall of tile 03B662 (room 0x41)
wall of tile 03AE62 (room 0x41),wall of tile 081F61 (room 0x41),21.161,no,the line between them touches another wall,wall of tile 03B662 (room 0x41)
wall of tile 03AE62 (room 0x41),wall of tile 005560 (room 0x41),21.161,no,the line between them touches another wall,wall of tile 03B662 (room 0x41)
wall of tile 03AE61 (room 0x41),wall of tile 03B661 (room 0x41),4.232,no,the line between them touches another wall,wall of tile 082462 (room 0x41)
wall of tile 03AE61 (room 0x41),wall of tile 082562 (room 0x41),25.394,no,the line between them touches another wall,wall of tile 03B661 (room 0x41)
wall of tile 03AE61 (room 0x41),wall of tile 03B361 (room 0x41),31.742,no,the line between them touches another wall,wall of tile 03B661 (room 0x41)
wall of tile 03AE61 (room 0x41),wall of tile 082662 (room 0x41),50.787,no,the line between them touches another wall,wall of tile 03B661 (room 0x41)
wall of tile 03AE61 (room 0x41),wall of tile 03BD61 (room 0x41),57.135,no,the line between them touches another wall,wall of tile 03B661 (room 0x41)
wall of tile 03AE61 (room 0x41),wall of tile 000462 (room 0x41),40.207,no,the line between them touches another wall,wall of tile 03B161 (room 0x41)
wall of tile 03AE61 (room 0x41),wall of tile 0C1C60 (room 0x41),40.207,no,the line between them touches another wall,wall of tile 03B161 (room 0x41)
wall of tile 082461 (room 0x41),wall of tile 082561 (room 0x41),21.161,no,the line between them touches another wall,wall of tile 03B662 (room 0x41)
wall of tile 082461 (room 0x41),wall of tile 03B362 (room 0x41),27.510,no,the line between them touches another wall,wall of tile 03B662 (room 0x41)
wall of tile 082461 (room 0x41),wall of tile 082661 (room 0x41),46.555,no,the line between them touches another wall,wall of tile 03B662 (room 0x41)
wall of tile 082461 (room 0x41),wall of tile 03BD62 (room 0x41),52.903,no,the line between them touches another wall,wall of tile 03B662 (room 0x41)
wall of tile 082461 (room 0x41),wall of tile 082061 (room 0x41),31.742,no,the line between them touches another wall,wall of tile 03B662 (room 0x41)
wall of tile 082461 (room 0x41),wall of tile 081F61 (room 0x41),16.929,no,the line between them touches another wall,wall of tile 03B662 (room 0x41)
wall of tile 082461 (room 0x41),wall of tile 005560 (room 0x41),16.929,no,the line between them touches another wall,wall of tile 03B662 (room 0x41)
wall of tile 082462 (room 0x41),wall of tile 082562 (room 0x41),21.161,no,the line between them touches another wall,wall of tile 03B661 (room 0x41)
wall of tile 082462 (room 0x41),wall of tile 03B361 (room 0x41),27.510,no,the line between them touches another wall,wall of tile 03B661 (room 0x41)
wall of tile 082462 (room 0x41),wall of tile 082662 (room 0x41),46.555,no,the line between them touches another wall,wall of tile 03B661 (room 0x41)
wall of tile 082462 (room 0x41),wall of tile 03BD61 (room 0x41),52.903,no,the line between them touches another wall,wall of tile 03B661 (room 0x41)
wall of tile 03B662 (room 0x41),wall of tile 03B362 (room 0x41),6.348,no,the line between them touches another wall,wall of tile 082561 (room 0x41)
wall of tile 03B662 (room 0x41),wall of tile 082661 (room 0x41),25.394,no,the line between them touches another wall,wall of tile 03B362 (room 0x41)
wall of tile 03B662 (room 0x41),wall of tile 03BD62 (room 0x41),31.742,no,the line between them touches another wall,wall of tile 03B362 (room 0x41)
wall of tile 03B662 (room 0x41),wall of tile 082761 (room 0x41),50.787,no,the line between them touches another wall,wall of tile 03B362 (room 0x41)
wall of tile 03B662 (room 0x41),wall of tile 03BC62 (room 0x41),57.135,no,the line between them touches another wall,wall of tile 03B362 (room 0x41)
wall of tile 03B662 (room 0x41),wall of tile 081B60 (room 0x41),57.135,no,the line between them touches another wall,wall of tile 03B362 (room 0x41)
wall of tile 03B662 (room 0x41),wall of tile 082061 (room 0x41),10.581,no,the line between them touches another wall,wall of tile 03B362 (room 0x41)
wall of tile 03B661 (room 0x41),wall of tile 03B361 (room 0x41),6.348,no,the line between them touches another wall,wall of tile 082562 (room 0x41)
wall of tile 03B661 (room 0x41),wall of tile 082662 (room 0x41),25.394,no,the line between them touches another wall,wall of tile 03B361 (room 0x41)
wall of tile 03B661 (room 0x41),wall of tile 03BD61 (room 0x41),31.742,no,the line between them touches another wall,wall of tile 03B361 (room 0x41)
wall of tile 03B661 (room 0x41),wall of tile 082762 (room 0x41),50.787,no,the line between them touches another wall,wall of tile 03B361 (room 0x41)
wall of tile 03B661 (room 0x41),wall of tile 03BC61 (room 0x41),57.135,no,the line between them touches another wall,wall of tile 03B361 (room 0x41)
wall of tile 082561 (room 0x41),wall of tile 082661 (room 0x41),19.045,no,the line between them touches another wall,wall of tile 03B362 (room 0x41)
wall of tile 082561 (room 0x41),wall of tile 03BD62 (room 0x41),25.394,no,the line between them touches another wall,wall of tile 03B362 (room 0x41)
wall of tile 082561 (room 0x41),wall of tile 082761 (room 0x41),44.439,no,the line between them touches another wall,wall of tile 03B362 (room 0x41)
wall of tile 082561 (room 0x41),wall of tile 03BC62 (room 0x41),50.787,no,the line between them touches another wall,wall of tile 03B362 (room 0x41)
wall of tile 082561 (room 0x41),wall of tile 081B60 (room 0x41),50.787,no,the line between them touches another wall,wall of tile 03B362 (room 0x41)
wall of tile 082561 (room 0x41),wall of tile 082061 (room 0x41),4.232,no,the line between them touches another wall,wall of tile 03B362 (room 0x41)
wall of tile 082561 (room 0x41),wall of tile 005560 (room 0x41),4.232,no,the line between them touches another wall,wall of tile 03B662 (room 0x41)
wall of tile 082562 (room 0x41),wall of tile 082662 (room 0x41),19.045,no,the line between them touches another wall,wall of tile 03B361 (room 0x41)
wall of tile 082562 (room 0x41),wall of tile 03BD61 (room 0x41),25.394,no,the line between them touches another wall,wall of tile 03B361 (room 0x41)
wall of tile 082562 (room 0x41),wall of tile 082762 (room 0x41),44.439,no,the line between them touches another wall,wall of tile 03B361 (room 0x41)
wall of tile 082562 (room 0x41),wall of tile 03BC61 (room 0x41),50.787,no,the line between them touches another wall,wall of tile 03B361 (room 0x41)
wall of tile 03B362 (room 0x41),wall of tile 03BD62 (room 0x41),6.348,no,the line between them touches another wall,wall of tile 082661 (room 0x41)
wall of tile 03B362 (room 0x41),wall of tile 082761 (room 0x41),25.394,no,the line between them touches another wall,wall of tile 03BD62 (room 0x41)
wall of tile 03B362 (room 0x41),wall of tile 03BC62 (room 0x41),31.742,no,the line between them touches another wall,wall of tile 03BD62 (room 0x41)
wall of tile 03B362 (room 0x41),wall of tile 082861 (room 0x41),50.787,no,the line between them touches another wall,wall of tile 03BD62 (room 0x41)
wall of tile 03B362 (room 0x41),wall of tile 081B60 (room 0x41),31.742,no,the line between them touches another wall,wall of tile 03BD62 (room 0x41)
wall of tile 03B362 (room 0x41),wall of tile 005560 (room 0x41),10.581,no,the line between them touches another wall,wall of tile 03B662 (room 0x41)
wall of tile 03B361 (room 0x41),wall of tile 03BD61 (room 0x41),6.348,no,the line between them touches another wall,wall of tile 082662 (room 0x41)
wall of tile 03B361 (room 0x41),wall of tile 082762 (room 0x41),25.394,no,the line between them touches another wall,wall of tile 03BD61 (room 0x41)
wall of tile 03B361 (room 0x41),wall of tile 03BC61 (room 0x41),31.742,no,the line between them touches another wall,wall of tile 03BD61 (room 0x41)
wall of tile 03B361 (room 0x41),wall of tile 082862 (room 0x41),50.787,no,the line between them touches another wall,wall of tile 03BD61 (room 0x41)
wall of tile 082661 (room 0x41),wall of tile 082761 (room 0x41),19.045,no,the line between them touches another wall,wall of tile 03BD62 (room 0x41)
wall of tile 082661 (room 0x41),wall of tile 03BC62 (room 0x41),25.394,no,the line between them touches another wall,wall of tile 03BD62 (room 0x41)
wall of tile 082661 (room 0x41),wall of tile 082861 (room 0x41),44.439,no,the line between them touches another wall,wall of tile 03BD62 (room 0x41)
wall of tile 082661 (room 0x41),wall of tile 03D662 (room 0x41),55.020,no,the line between them touches another wall,wall of tile 03BD62 (room 0x41)
wall of tile 082661 (room 0x41),wall of tile 081C62 (room 0x41),55.020,no,the line between them touches another wall,wall of tile 03BD62 (room 0x41)
wall of tile 082661 (room 0x41),wall of tile 081B60 (room 0x41),25.394,no,the line between them touches another wall,wall of tile 03BD62 (room 0x41)
wall of tile 082661 (room 0x41),wall of tile 082061 (room 0x41),55.020,no,the line between them touches another wall,wall of tile 03BD62 (room 0x41)
wall of tile 082661 (room 0x41),wall of tile 081F61 (room 0x41),14.813,no,the line between them touches another wall,wall of tile 03B362 (room 0x41)
wall of tile 082661 (room 0x41),wall of tile 005560 (room 0x41),29.626,no,the line between them touches another wall,wall of tile 03B362 (room 0x41)
wall of tile 082662 (room 0x41),wall of tile 082762 (room 0x41),19.045,no,the line between them touches another wall,wall of tile 03BD61 (room 0x41)
wall of tile 082662 (room 0x41),wall of tile 03BC61 (room 0x41),25.394,no,the line between them touches another wall,wall of tile 03BD61 (room 0x41)
wall of tile 082662 (room 0x41),wall of tile 082862 (room 0x41),44.439,no,the line between them touches another wall,wall of tile 03BD61 (room 0x41)
wall of tile 082662 (room 0x41),wall of tile 03C361 (room 0x41),55.020,no,the line between them touches another wall,wall of tile 03BD61 (room 0x41)
wall of tile 082662 (room 0x41),wall of tile 082962 (room 0x41),58.949,no,"the line between them leaves the walkable area (a wall's thickness, or another floor)",
wall of tile 082662 (room 0x41),wall of tile 082061 (room 0x41),55.020,no,the line between them touches another wall,wall of tile 03BD61 (room 0x41)
wall of tile 082662 (room 0x41),wall of tile 081E62 (room 0x41),55.020,no,the line between them touches another wall,wall of tile 03BD61 (room 0x41)
wall of tile 03BD62 (room 0x41),wall of tile 03BC62 (room 0x41),6.348,no,the line between them touches another wall,wall of tile 082761 (room 0x41)
wall of tile 03BD62 (room 0x41),wall of tile 082861 (room 0x41),25.394,no,the line between them touches another wall,wall of tile 03BC62 (room 0x41)
wall of tile 03BD62 (room 0x41),wall of tile 03D662 (room 0x41),35.974,no,the line between them touches another wall,wall of tile 03BC62 (room 0x41)
wall of tile 03BD62 (room 0x41),wall of tile 081C62 (room 0x41),35.974,no,the line between them touches another wall,wall of tile 03BC62 (room 0x41)
wall of tile 03BD62 (room 0x41),wall of tile 081B60 (room 0x41),6.348,no,the line between them touches another wall,wall of tile 082761 (room 0x41)
wall of tile 03BD62 (room 0x41),wall of tile 082061 (room 0x41),35.974,no,the line between them touches another wall,wall of tile 03BC62 (room 0x41)
wall of tile 03BD62 (room 0x41),wall of tile 081F61 (room 0x41),21.161,no,the line between them touches another wall,wall of tile 03B362 (room 0x41)
wall of tile 03BD62 (room 0x41),wall of tile 005560 (room 0x41),35.974,no,the line between them touches another wall,wall of tile 03B362 (room 0x41)
wall of tile 03BD61 (room 0x41),wall of tile 03BC61 (room 0x41),6.348,no,the line between them touches another wall,wall of tile 082762 (room 0x41)
wall of tile 03BD61 (room 0x41),wall of tile 082862 (room 0x41),25.394,no,the line between them touches another wall,wall of tile 03BC61 (room 0x41)
wall of tile 03BD61 (room 0x41),wall of tile 03C361 (room 0x41),35.974,no,the line between them touches another wall,wall of tile 03BC61 (room 0x41)
wall of tile 03BD61 (room 0x41),wall of tile 082962 (room 0x41),41.737,no,"the line between them leaves the walkable area (a wall's thickness, or another floor)",
wall of tile 03BD61 (room 0x41),wall of tile 03C061 (room 0x41),44.034,no,"the line between them leaves the walkable area (a wall's thickness, or another floor)",
wall of tile 03BD61 (room 0x41),wall of tile 082A62 (room 0x41),58.835,no,"the line between them leaves the walkable area (a wall's thickness, or another floor)",
wall of tile 03BD61 (room 0x41),wall of tile 082061 (room 0x41),35.974,no,the line between them touches another wall,wall of tile 03BC61 (room 0x41)
wall of tile 03BD61 (room 0x41),wall of tile 081E62 (room 0x41),35.974,no,the line between them touches another wall,wall of tile 03BC61 (room 0x41)
wall of tile 082761 (room 0x41),wall of tile 082861 (room 0x41),19.045,no,the line between them touches another wall,wall of tile 03BC62 (room 0x41)
wall of tile 082761 (room 0x41),wall of tile 03D662 (room 0x41),29.626,no,the line between them touches another wall,wall of tile 03BC62 (room 0x41)
wall of tile 082761 (room 0x41),wall of tile 081C62 (room 0x41),29.626,no,the line between them touches another wall,wall of tile 03BC62 (room 0x41)
wall of tile 082761 (room 0x41),wall of tile 082061 (room 0x41),29.626,no,the line between them touches another wall,wall of tile 03BC62 (room 0x41)
wall of tile 082761 (room 0x41),wall of tile 081F61 (room 0x41),40.207,no,the line between them touches another wall,wall of tile 03BD62 (room 0x41)
wall of tile 082761 (room 0x41),wall of tile 005560 (room 0x41),55.020,no,the line between them touches another wall,wall of tile 03BD62 (room 0x41)
wall of tile 082762 (room 0x41),wall of tile 082862 (room 0x41),19.045,no,the line between them touches another wall,wall of tile 03BC61 (room 0x41)
wall of tile 082762 (room 0x41),wall of tile 03C361 (room 0x41),29.626,no,the line between them touches another wall,wall of tile 03BC61 (room 0x41)
wall of tile 082762 (room 0x41),wall of tile 082962 (room 0x41),36.407,no,"the line between them leaves the walkable area (a wall's thickness, or another floor)",
wall of tile 082762 (room 0x41),wall of tile 03C061 (room 0x41),39.020,no,"the line between them leaves the walkable area (a wall's thickness, or another floor)",
wall of tile 082762 (room 0x41),wall of tile 082A62 (room 0x41),55.182,no,"the line between them leaves the walkable area (a wall's thickness, or another floor)",
wall of tile 082762 (room 0x41),wall of tile 03C861 (room 0x41),58.797,no,"the line between them leaves the walkable area (a wall's thickness, or another floor)",
wall of tile 082762 (room 0x41),wall of tile 082061 (room 0x41),29.626,no,the line between them touches another wall,wall of tile 03BC61 (room 0x41)
wall of tile 082762 (room 0x41),wall of tile 081E62 (room 0x41),29.626,no,the line between them touches another wall,wall of tile 03BC61 (room 0x41)
wall of tile 03BC62 (room 0x41),wall of tile 03D662 (room 0x41),10.581,no,the line between them touches another wall,wall of tile 082861 (room 0x41)
wall of tile 03BC62 (room 0x41),wall of tile 081C62 (room 0x41),10.581,no,the line between them touches another wall,wall of tile 082861 (room 0x41)
wall of tile 03BC62 (room 0x41),wall of tile 082061 (room 0x41),10.581,no,the line between them touches another wall,wall of tile 082861 (room 0x41)
wall of tile 03BC62 (room 0x41),wall of tile 081F61 (room 0x41),46.555,no,the line between them touches another wall,wall of tile 03BD62 (room 0x41)
wall of tile 03BC61 (room 0x41),wall of tile 03C361 (room 0x41),10.581,no,the line between them touches another wall,wall of tile 082862 (room 0x41)
wall of tile 03BC61 (room 0x41),wall of tile 082962 (room 0x41),23.659,no,"the line between them leaves the walkable area (a wall's thickness, or another floor)",
wall of tile 03BC61 (room 0x41),wall of tile 03C061 (room 0x41),27.510,no,"the line between them leaves the walkable area (a wall's thickness, or another floor)",
wall of tile 03BC61 (room 0x41),wall of tile 082A62 (room 0x41),47.742,no,"the line between them leaves the walkable area (a wall's thickness, or another floor)",
wall of tile 03BC61 (room 0x41),wall of tile 03C861 (room 0x41),51.878,no,"the line between them leaves the walkable area (a wall's thickness, or another floor)",
wall of tile 03BC61 (room 0x41),wall of tile 082061 (room 0x41),10.581,no,the line between them touches another wall,wall of tile 082862 (room 0x41)
wall of tile 03BC61 (room 0x41),wall of tile 081E62 (room 0x41),10.581,no,the line between them touches another wall,wall of tile 082862 (room 0x41)
wall of tile 082861 (room 0x41),wall of tile 081B60 (room 0x41),19.045,no,the line between them touches another wall,wall of tile 03BC62 (room 0x41)
wall of tile 082861 (room 0x41),wall of tile 082061 (room 0x41),19.045,no,the line between them touches another wall,wall of tile 03BC62 (room 0x41)
wall of tile 082862 (room 0x41),wall of tile 082962 (room 0x41),21.161,no,the line between them touches another wall,wall of tile 03C361 (room 0x41)
wall of tile 082862 (room 0x41),wall of tile 03C061 (room 0x41),25.394,no,the line between them touches another wall,wall of tile 082962 (room 0x41)
wall of tile 082862 (room 0x41),wall of tile 082A62 (room 0x41),46.555,no,the line between them touches another wall,wall of tile 082962 (room 0x41)
wall of tile 082862 (room 0x41),wall of tile 03C861 (room 0x41),50.787,no,the line between them touches another wall,wall of tile 082A62 (room 0x41)
wall of tile 03D662 (room 0x41),wall of tile 082961 (room 0x41),21.161,no,the line between them touches another wall,wall of tile 03C362 (room 0x41)
wall of tile 03D662 (room 0x41),wall of tile 03C062 (room 0x41),25.394,no,the line between them touches another wall,wall of tile 03C362 (room 0x41)
wall of tile 03D662 (room 0x41),wall of tile 082A61 (room 0x41),46.555,no,the line between them touches another wall,wall of tile 03C362 (room 0x41)
wall of tile 03D662 (room 0x41),wall of tile 03C862 (room 0x41),50.787,no,the line between them touches another wall,wall of tile 082A61 (room 0x41)
wall of tile 03D662 (room 0x41),wall of tile 081B60 (room 0x41),29.626,no,the line between them touches another wall,wall of tile 082861 (room 0x41)
wall of tile 03D662 (room 0x41),wall of tile 082061 (room 0x41),29.626,no,the line between them touches another wall,wall of tile 082861 (room 0x41)
wall of tile 03C362 (room 0x41),wall of tile 03C062 (room 0x41),4.232,no,the line between them touches another wall,wall of tile 082961 (room 0x41)
wall of tile 03C362 (room 0x41),wall of tile 082A61 (room 0x41),25.394,no,the line between them touches another wall,wall of tile 03C062 (room 0x41)
wall of tile 03C362 (room 0x41),wall of tile 03C862 (room 0x41),29.626,no,the line between them touches another wall,wall of tile 082A61 (room 0x41)
wall of tile 03C362 (room 0x41),wall of tile 082B61 (room 0x41),50.787,no,the line between them touches another wall,wall of tile 082A61 (room 0x41)
wall of tile 03C362 (room 0x41),wall of tile 03C562 (room 0x41),55.020,no,the line between them touches another wall,wall of tile 082B61 (room 0x41)
wall of tile 03C361 (room 0x41),wall of tile 03C061 (room 0x41),4.232,no,the line between them touches another wall,wall of tile 082962 (room 0x41)
wall of tile 03C361 (room 0x41),wall of tile 082A62 (room 0x41),25.394,no,the line between them touches another wall,wall of tile 082962 (room 0x41)
wall of tile 03C361 (room 0x41),wall of tile 03C861 (room 0x41),29.626,no,the line between them touches another wall,wall of tile 082A62 (room 0x41)
wall of tile 03C361 (room 0x41),wall of tile 082B62 (room 0x41),50.787,no,the line between them touches another wall,wall of tile 082A62 (room 0x41)
wall of tile 03C361 (room 0x41),wall of tile 03C561 (room 0x41),55.020,no,the line between them touches another wall,wall of tile 082A62 (room 0x41)
wall of tile 082961 (room 0x41),wall of tile 082A61 (room 0x41),21.161,no,the line between them touches another wall,wall of tile 03C062 (room 0x41)
wall of tile 082961 (room 0x41),wall of tile 03C862 (room 0x41),25.394,no,the line between them touches another wall,wall of tile 03C062 (room 0x41)
wall of tile 082961 (room 0x41),wall of tile 082B61 (room 0x41),46.555,no,the line between them touches another wall,wall of tile 03C062 (room 0x41)
wall of tile 082961 (room 0x41),wall of tile 03C562 (room 0x41),50.787,no,the line between them touches another wall,wall of tile 082B61 (room 0x41)
wall of tile 082962 (room 0x41),wall of tile 082A62 (room 0x41),21.161,no,the line between them touches another wall,wall of tile 03C061 (room 0x41)
wall of tile 082962 (room 0x41),wall of tile 03C861 (room 0x41),25.394,no,the line between them touches another wall,wall of tile 03C061 (room 0x41)
wall of tile 082962 (room 0x41),wall of tile 082B62 (room 0x41),46.555,no,the line between them touches another wall,wall of tile 03C061 (room 0x41)
wall of tile 082962 (room 0x41),wall of tile 03C561 (room 0x41),50.787,no,the line between them touches another wall,wall of tile 03C061 (room 0x41)
wall of tile 082962 (room 0x41),wall of tile 082061 (room 0x41),21.161,no,the line between them touches another wall,wall of tile 03C361 (room 0x41)
wall of tile 03C062 (room 0x41),wall of tile 03C862 (room 0x41),4.232,no,the line between them touches another wall,wall of tile 082A61 (room 0x41)
wall of tile 03C062 (room 0x41),wall of tile 082B61 (room 0x41),25.394,no,the line between them touches another wall,wall of tile 082A61 (room 0x41)
wall of tile 03C062 (room 0x41),wall of tile 03C562 (room 0x41),29.626,no,the line between them touches another wall,wall of tile 082B61 (room 0x41)
wall of tile 03C062 (room 0x41),wall of tile 082C61 (room 0x41),50.787,no,the line between them touches another wall,wall of tile 082B61 (room 0x41)
wall of tile 03C062 (room 0x41),wall of tile 03CF62 (room 0x41),55.019,no,the line between them touches another wall,wall of tile 082B61 (room 0x41)
wall of tile 03C061 (room 0x41),wall of tile 03C861 (room 0x41),4.232,no,the line between them touches another wall,wall of tile 082A62 (room 0x41)
wall of tile 03C061 (room 0x41),wall of tile 082B62 (room 0x41),25.394,no,the line between them touches another wall,wall of tile 03C861 (room 0x41)
wall of tile 03C061 (room 0x41),wall of tile 03C561 (room 0x41),29.626,no,the line between them touches another wall,wall of tile 03C861 (room 0x41)
wall of tile 03C061 (room 0x41),wall of tile 082C62 (room 0x41),50.787,no,the line between them touches another wall,wall of tile 03C861 (room 0x41)
wall of tile 03C061 (room 0x41),wall of tile 03CF61 (room 0x41),55.019,no,the line between them touches another wall,wall of tile 03C861 (room 0x41)
wall of tile 03C061 (room 0x41),wall of tile 082061 (room 0x41),25.394,no,the line between them touches another wall,wall of tile 082962 (room 0x41)
wall of tile 082A61 (room 0x41),wall of tile 082B61 (room 0x41),21.161,no,the line between them touches another wall,wall of tile 03C862 (room 0x41)
wall of tile 082A61 (room 0x41),wall of tile 03C562 (room 0x41),25.394,no,the line between them touches another wall,wall of tile 03C862 (room 0x41)
wall of tile 082A61 (room 0x41),wall of tile 082C61 (room 0x41),46.555,no,the line between them touches another wall,wall of tile 03C862 (room 0x41)
wall of tile 082A61 (room 0x41),wall of tile 03CF62 (room 0x41),50.787,no,the line between them touches another wall,wall of tile 03C862 (room 0x41)
wall of tile 082A62 (room 0x41),wall of tile 082B62 (room 0x41),21.161,no,the line between them touches another wall,wall of tile 03C861 (room 0x41)
wall of tile 082A62 (room 0x41),wall of tile 03C561 (room 0x41),25.394,no,the line between them touches another wall,wall of tile 03C861 (room 0x41)
wall of tile 082A62 (room 0x41),wall of tile 082C62 (room 0x41),46.555,no,the line between them touches another wall,wall of tile 03C861 (room 0x41)
wall of tile 082A62 (room 0x41),wall of tile 03CF61 (room 0x41),50.787,no,the line between them touches another wall,wall of tile 03C861 (room 0x41)
wall of tile 082A62 (room 0x41),wall of tile 082061 (room 0x41),46.555,no,the line between them touches another wall,wall of tile 082962 (room 0x41)
wall of tile 03C862 (room 0x41),wall of tile 03C562 (room 0x41),4.232,no,the line between them touches another wall,wall of tile 082B61 (room 0x41)
wall of tile 03C862 (room 0x41),wall of tile 082C61 (room 0x41),25.394,no,the line between them touches another wall,wall of tile 03C562 (room 0x41)
wall of tile 03C862 (room 0x41),wall of tile 03CF62 (room 0x41),29.626,no,the line between them touches another wall,wall of tile 03C562 (room 0x41)
wall of tile 03C862 (room 0x41),wall of tile 082D61 (room 0x41),50.787,no,the line between them touches another wall,wall of tile 03C562 (room 0x41)
wall of tile 03C862 (room 0x41),wall of tile 03CE62 (room 0x41),57.136,no,the line between them touches another wall,wall of tile 03C562 (room 0x41)
wall of tile 03C861 (room 0x41),wall of tile 03C561 (room 0x41),4.232,no,the line between them touches another wall,wall of tile 082B62 (room 0x41)
wall of tile 03C861 (room 0x41),wall of tile 082C62 (room 0x41),25.394,no,the line between them touches another wall,wall of tile 03C561 (room 0x41)
wall of tile 03C861 (room 0x41),wall of tile 03CF61 (room 0x41),29.626,no,the line between them touches another wall,wall of tile 03C561 (room 0x41)
wall of tile 03C861 (room 0x41),wall of tile 082D62 (room 0x41),50.787,no,the line between them touches another wall,wall of tile 03C561 (room 0x41)
wall of tile 03C861 (room 0x41),wall of tile 03CE61 (room 0x41),57.136,no,the line between them touches another wall,wall of tile 03C561 (room 0x41)
wall of tile 03C861 (room 0x41),wall of tile 082061 (room 0x41),50.787,no,the line between them touches another wall,wall of tile 082962 (room 0x41)
wall of tile 082B61 (room 0x41),wall of tile 082C61 (room 0x41),21.161,no,the line between them touches another wall,wall of tile 03C562 (room 0x41)
wall of tile 082B61 (room 0x41),wall of tile 03CF62 (room 0x41),25.394,no,the line between them touches another wall,wall of tile 03C562 (room 0x41)
wall of tile 082B61 (room 0x41),wall of tile 082D61 (room 0x41),46.555,no,the line between them touches another wall,wall of tile 03C562 (room 0x41)
wall of tile 082B61 (room 0x41),wall of tile 03CE62 (room 0x41),52.903,no,the line between them touches another wall,wall of tile 03C562 (room 0x41)
wall of tile 082B62 (room 0x41),wall of tile 082C62 (room 0x41),21.161,no,the line between them touches another wall,wall of tile 03C561 (room 0x41)
wall of tile 082B62 (room 0x41),wall of tile 03CF61 (room 0x41),25.394,no,the line between them touches another wall,wall of tile 03C561 (room 0x41)
wall of tile 082B62 (room 0x41),wall of tile 082D62 (room 0x41),46.555,no,the line between them touches another wall,wall of tile 03C561 (room 0x41)
wall of tile 082B62 (room 0x41),wall of tile 03CE61 (room 0x41),52.903,no,the line between them touches another wall,wall of tile 03C561 (room 0x41)
wall of tile 03C562 (room 0x41),wall of tile 03CF62 (room 0x41),4.232,no,the line between them touches another wall,wall of tile 082C61 (room 0x41)
wall of tile 03C562 (room 0x41),wall of tile 082D61 (room 0x41),25.394,no,the line between them touches another wall,wall of tile 03CF62 (room 0x41)
wall of tile 03C562 (room 0x41),wall of tile 03CE62 (room 0x41),31.742,no,the line between them touches another wall,wall of tile 03CF62 (room 0x41)
wall of tile 03C562 (room 0x41),wall of tile 082E61 (room 0x41),50.787,no,the line between them touches another wall,wall of tile 03CF62 (room 0x41)
wall of tile 03C561 (room 0x41),wall of tile 03CF61 (room 0x41),4.232,no,the line between them touches another wall,wall of tile 082C62 (room 0x41)
wall of tile 03C561 (room 0x41),wall of tile 082D62 (room 0x41),25.394,no,the line between them touches another wall,wall of tile 03CF61 (room 0x41)
wall of tile 03C561 (room 0x41),wall of tile 03CE61 (room 0x41),31.742,no,the line between them touches another wall,wall of tile 03CF61 (room 0x41)
wall of tile 03C561 (room 0x41),wall of tile 082E62 (room 0x41),50.787,no,the line between them touches another wall,wall of tile 03CF61 (room 0x41)
wall of tile 082C61 (room 0x41),wall of tile 082D61 (room 0x41),21.161,no,the line between them touches another wall,wall of tile 03CF62 (room 0x41)
wall of tile 082C61 (room 0x41),wall of tile 03CE62 (room 0x41),27.510,no,the line between them touches another wall,wall of tile 03CF62 (room 0x41)
wall of tile 082C61 (room 0x41),wall of tile 082E61 (room 0x41),46.555,no,the line between them touches another wall,wall of tile 03CF62 (room 0x41)
wall of tile 082C62 (room 0x41),wall of tile 082D62 (room 0x41),21.161,no,the line between them touches another wall,wall of tile 03CF61 (room 0x41)
wall of tile 082C62 (room 0x41),wall of tile 03CE61 (room 0x41),27.510,no,the line between them touches another wall,wall of tile 03CF61 (room 0x41)
wall of tile 082C62 (room 0x41),wall of tile 082E62 (room 0x41),46.555,no,the line between them touches another wall,wall of tile 03CF61 (room 0x41)
wall of tile 03CF62 (room 0x41),wall of tile 03CE62 (room 0x41),6.348,no,the line between them touches another wall,wall of tile 082D61 (room 0x41)
wall of tile 03CF62 (room 0x41),wall of tile 082E61 (room 0x41),25.394,no,the line between them touches another wall,wall of tile 03CE62 (room 0x41)
wall of tile 03CF61 (room 0x41),wall of tile 03CE61 (room 0x41),6.348,no,the line between them touches another wall,wall of tile 082D62 (room 0x41)
wall of tile 03CF61 (room 0x41),wall of tile 082E62 (room 0x41),25.394,no,the line between them touches another wall,wall of tile 03CE61 (room 0x41)
wall of tile 082D61 (room 0x41),wall of tile 082E61 (room 0x41),19.045,no,the line between them touches another wall,wall of tile 03CE62 (room 0x41)
wall of tile 082D62 (room 0x41),wall of tile 082E62 (room 0x41),19.045,no,the line between them touches another wall,wall of tile 03CE61 (room 0x41)
wall of tile 081C62 (room 0x41),wall of tile 081B60 (room 0x41),29.626,yes,,
wall of tile 081C62 (room 0x41),wall of tile 082061 (room 0x41),29.626,yes,,
wall of tile 081B60 (room 0x41),wall of tile 082061 (room 0x41),29.626,yes,,
wall of tile 081B60 (room 0x41),wall of tile 081F61 (room 0x41),46.555,no,the line between them touches another wall,wall of tile 082061 (room 0x41)
wall of tile 082061 (room 0x41),wall of tile 082061 (room 0x41),29.626,yes,,
wall of tile 082061 (room 0x41),wall of tile 005560 (room 0x41),14.813,no,the line between them touches another wall,wall of tile 081F61 (room 0x41)
wall of tile 0C1C60 (room 0x41),wall of tile 003160 (room 0x41),55.182,no,"the line between them leaves the walkable area (a wall's thickness, or another floor)",
wall of tile 0C1C60 (room 0x41),wall of tile 003160 (room 0x41),29.626,no,the line between them touches another wall,wall of tile 005360 (room 0x41)
wall of tile 005360 (room 0x41),wall of tile 003160 (room 0x41),46.555,no,the line between them touches another wall,wall of tile 003160 (room 0x41)
wall of tile 002D60 (room 0x41),door 0x1c9f4c (preset 0x003b),34.707,no,"the line between them leaves the walkable area (a wall's thickness, or another floor)",
wall of tile 002D60 (room 0x41),door 0x1c9f4c (preset 0x003b),34.707,no,"the line between them leaves the walkable area (a wall's thickness, or another floor)",
wall of tile 002D60 (room 0x41),door 0x1c9f4c (preset 0x003b),34.707,no,"the line between them leaves the walkable area (a wall's thickness, or another floor)",
wall of tile 002D60 (room 0x41),door 0x1c9f4c (preset 0x003b),47.318,no,"the line between them leaves the walkable area (a wall's thickness, or another floor)",
wall of tile 002D60 (room 0x41),wall of tile 002060 (room 0x41),31.742,no,the line between them touches another wall,wall of tile 002960 (room 0x41)
wall of tile 002D60 (room 0x41),wall of tile 002060 (room 0x41),54.611,no,"the line between them leaves the walkable area (a wall's thickness, or another floor)",
wall of tile 002D60 (room 0x41),wall of tile 05F630 (room 0x2a),42.323,no,"the line between them leaves the walkable area (a wall's thickness, or another floor)",
wall of tile 002D60 (room 0x41),door 0x1c9f4c (preset 0x003b),34.707,no,"the line between them leaves the walkable area (a wall's thickness, or another floor)",
wall of tile 002D60 (room 0x41),door 0x1c9f4c (preset 0x003b),34.707,no,"the line between them leaves the walkable area (a wall's thickness, or another floor)",
wall of tile 002D60 (room 0x41),door 0x1c9f4c (preset 0x003b),34.707,no,"the line between them leaves the walkable area (a wall's thickness, or another floor)",
wall of tile 002D60 (room 0x41),door 0x1c9f4c (preset 0x003b),47.318,no,"the line between them leaves the walkable area (a wall's thickness, or another floor)",
wall of tile 002560 (room 0x41),wall of tile 031661 (room 0x41),29.927,no,the line between them touches another wall,wall of tile 000F61 (room 0x41)
wall of tile 002560 (room 0x41),wall of tile 083B61 (room 0x42),49.220,no,"the line between them leaves the walkable area (a wall's thickness, or another floor)",
wall of tile 002560 (room 0x41),wall of tile 000560 (room 0x41),43.420,no,"the line between them leaves the walkable area (a wall's thickness, or another floor)",
wall of tile 002560 (room 0x41),wall of tile 000560 (room 0x41),29.626,no,the line between them touches another wall,wall of tile 002160 (room 0x41)
wall of tile 002560 (room 0x41),door 0x1c9e4c (preset 0x003a),34.707,no,"the line between them leaves the walkable area (a wall's thickness, or another floor)",
wall of tile 002560 (room 0x41),door 0x1c9e4c (preset 0x003a),34.707,no,"the line between them leaves the walkable area (a wall's thickness, or another floor)",
wall of tile 002560 (room 0x41),door 0x1c9e4c (preset 0x003a),49.220,no,"the line between them leaves the walkable area (a wall's thickness, or another floor)",
wall of tile 005260 (room 0x41),wall of tile 031662 (room 0x41),29.927,no,the line between them touches another wall,wall of tile 000F62 (room 0x41)
wall of tile 005260 (room 0x41),wall of tile 083B62 (room 0x42),49.220,no,"the line between them leaves the walkable area (a wall's thickness, or another floor)",
wall of tile 005260 (room 0x41),wall of tile 004D60 (room 0x41),31.742,no,the line between them touches another wall,wall of tile 004E60 (room 0x41)
wall of tile 005260 (room 0x41),wall of tile 004D60 (room 0x41),44.890,no,"the line between them leaves the walkable area (a wall's thickness, or another floor)",
wall of tile 005260 (room 0x41),door 0x1c9e4c (preset 0x003a),34.707,no,"the line between them leaves the walkable area (a wall's thickness, or another floor)",
wall of tile 005260 (room 0x41),door 0x1c9e4c (preset 0x003a),49.220,no,"the line between them leaves the walkable area (a wall's thickness, or another floor)",
wall of tile 005260 (room 0x41),door 0x1c9e4c (preset 0x003a),34.707,no,"the line between them leaves the walkable area (a wall's thickness, or another floor)",
wall of tile 000F61 (room 0x41),wall of tile 083B61 (room 0x42),23.277,no,the line between them touches another wall,wall of tile 031661 (room 0x41)
wall of tile 000F61 (room 0x41),wall of tile 083A61 (room 0x42),45.435,no,"the line between them leaves the walkable area (a wall's thickness, or another floor)",
wall of tile 000F61 (room 0x41),door 0x1c9e4c (preset 0x003a),6.348,no,the line between them touches another wall,wall of tile 031661 (room 0x41)
wall of tile 000F61 (room 0x41),door 0x1c9e4c (preset 0x003a),6.348,no,"the line between them leaves the walkable area (a wall's thickness, or another floor)",
wall of tile 000F61 (room 0x41),door 0x1c9e4c (preset 0x003a),23.277,no,the line between them touches another wall,wall of tile 031661 (room 0x41)
wall of tile 000F62 (room 0x41),wall of tile 083B62 (room 0x42),23.277,no,the line between them touches another wall,wall of tile 031662 (room 0x41)
wall of tile 000F62 (room 0x41),wall of tile 083A61 (room 0x42),45.435,no,"the line between them leaves the walkable area (a wall's thickness, or another floor)",
wall of tile 000F62 (room 0x41),door 0x1c9e4c (preset 0x003a),6.348,no,the line between them touches another wall,wall of tile 031662 (room 0x41)
wall of tile 000F62 (room 0x41),door 0x1c9e4c (preset 0x003a),23.277,no,the line between them touches another wall,wall of tile 031662 (room 0x41)
wall of tile 000F62 (room 0x41),door 0x1c9e4c (preset 0x003a),6.348,no,the line between them touches another wall,wall of tile 031662 (room 0x41)
wall of tile 031661 (room 0x41),wall of tile 083A61 (room 0x42),27.100,no,the line between them touches another wall,wall of tile 083B61 (room 0x42)
wall of tile 031661 (room 0x41),door 0x1c9e4c (preset 0x003a),0.000,no,"the line between them leaves the walkable area (a wall's thickness, or another floor)",
wall of tile 031662 (room 0x41),wall of tile 083A61 (room 0x42),27.100,no,the line between them touches another wall,wall of tile 083B62 (room 0x42)
wall of tile 083B61 (room 0x42),door 0x1c9e4c (preset 0x003a),16.929,no,the line between them touches another wall,wall of tile 031661 (room 0x41)
wall of tile 083B61 (room 0x42),door 0x1c9e4c (preset 0x003a),0.001,no,"the line between them leaves the walkable area (a wall's thickness, or another floor)",
wall of tile 083B61 (room 0x42),door 0x1c9e4c (preset 0x003a),0.000,no,the line between them touches another wall,wall of tile 031661 (room 0x41)
wall of tile 083B62 (room 0x42),wall of tile 083A62 (room 0x42),42.323,no,the line between them touches another wall,wall of tile 083A61 (room 0x42)
wall of tile 083B62 (room 0x42),wall of tile 083860 (room 0x42),52.903,no,"another wall pokes into the space between them, so a tighter pair covers this gap",wall of tile 083A62 (room 0x42)
wall of tile 083B62 (room 0x42),door 0x1c9e4c (preset 0x003a),16.929,no,the line between them touches another wall,wall of tile 031662 (room 0x41)
wall of tile 083B62 (room 0x42),door 0x1c9e4c (preset 0x003a),0.000,no,the line between them touches another wall,wall of tile 031662 (room 0x41)
wall of tile 083B62 (room 0x42),door 0x1c9e4c (preset 0x003a),0.000,no,the line between them touches another wall,wall of tile 031662 (room 0x41)
wall of tile 083A61 (room 0x42),wall of tile 083760 (room 0x42),31.742,no,the line between them touches another wall,wall of tile 083A61 (room 0x42)
wall of tile 083A61 (room 0x42),door 0x1c9e4c (preset 0x003a),39.927,no,"the line between them leaves the walkable area (a wall's thickness, or another floor)",
wall of tile 083A61 (room 0x42),door 0x1c9e4c (preset 0x003a),27.100,no,"the line between them leaves the walkable area (a wall's thickness, or another floor)",
wall of tile 083A61 (room 0x42),door 0x1c9e4c (preset 0x003a),27.100,no,"the line between them leaves the walkable area (a wall's thickness, or another floor)",
wall of tile 083A61 (room 0x42),wall of tile 083860 (room 0x42),31.742,no,the line between them touches another wall,wall of tile 083A62 (room 0x42)
wall of tile 083A61 (room 0x42),door 0x1c9e4c (preset 0x003a),39.927,no,"the line between them leaves the walkable area (a wall's thickness, or another floor)",
wall of tile 083A61 (room 0x42),door 0x1c9e4c (preset 0x003a),27.100,no,"the line between them leaves the walkable area (a wall's thickness, or another floor)",
wall of tile 083A61 (room 0x42),door 0x1c9e4c (preset 0x003a),27.100,no,"the line between them leaves the walkable area (a wall's thickness, or another floor)",
wall of tile 096860 (room 0x42),wall of tile 097160 (room 0x43),44.890,no,"another wall pokes into the space between them, so a tighter pair covers this gap",wall of tile 096A60 (room 0x43)
wall of tile 096860 (room 0x42),wall of tile 096A60 (room 0x43),31.742,no,the line between them touches another wall,wall of tile 096A60 (room 0x43)
wall of tile 096860 (room 0x42),generic 0x1c4c08 (preset 0x0052),4.466,no,"another wall pokes into the space between them, so a tighter pair covers this gap",generic 0x1c4c08 (preset 0x0052)
wall of tile 096860 (room 0x42),generic 0x1c4c08 (preset 0x0052),4.194,yes,,
wall of tile 096860 (room 0x42),generic 0x1c4c08 (preset 0x0052),4.194,yes,,
wall of tile 096660 (room 0x42),wall of tile 096C60 (room 0x43),44.890,no,the line between them touches another wall,wall of tile 096B60 (room 0x43)
wall of tile 096B60 (room 0x43),wall of tile 004460 (room 0x41),50.876,no,"the line between them leaves the walkable area (a wall's thickness, or another floor)",
wall of tile 096B60 (room 0x43),wall of tile 004D60 (room 0x41),36.407,no,"the line between them leaves the walkable area (a wall's thickness, or another floor)",
wall of tile 096B60 (room 0x43),wall of tile 004D60 (room 0x41),31.782,no,"the line between them leaves the walkable area (a wall's thickness, or another floor)",
wall of tile 096C60 (room 0x43),wall of tile 097460 (room 0x43),42.323,no,the line between them touches another wall,wall of tile 097460 (room 0x43)
wall of tile 096C60 (room 0x43),wall of tile 08A260 (room 0x43),52.903,no,"another wall pokes into the space between them, so a tighter pair covers this gap",wall of tile 097460 (room 0x43)
wall of tile 096C60 (room 0x43),wall of tile 004460 (room 0x41),35.975,no,"the line between them leaves the walkable area (a wall's thickness, or another floor)",
wall of tile 096C60 (room 0x43),wall of tile 004D60 (room 0x41),36.407,no,"the line between them leaves the walkable area (a wall's thickness, or another floor)",
wall of tile 096C60 (room 0x43),wall of tile 004D60 (room 0x41),31.782,no,"the line between them leaves the walkable area (a wall's thickness, or another floor)",
wall of tile 097460 (room 0x43),wall of tile 08A260 (room 0x43),31.742,no,the line between them touches another wall,wall of tile 097460 (room 0x43)
wall of tile 08A260 (room 0x43),generic 0x1c4c88 (preset 0x0053),2.137,no,the line between them touches another wall,generic 0x1c4c88 (preset 0x0053)
wall of tile 08A260 (room 0x43),generic 0x1c4c88 (preset 0x0053),6.121,no,"the line between them leaves the walkable area (a wall's thickness, or another floor)",
wall of tile 08A560 (room 0x43),wall of tile 097560 (room 0x43),31.742,no,the line between them touches another wall,wall of tile 097560 (room 0x43)
wall of tile 08A560 (room 0x43),wall of tile 097160 (room 0x43),52.903,no,"another wall pokes into the space between them, so a tighter pair covers this gap",wall of tile 097560 (room 0x43)
wall of tile 089560 (room 0x43),wall of tile 089F60 (room 0x43),43.419,no,"another wall pokes into the space between them, so a tighter pair covers this gap",wall of tile 089760 (room 0x43)
wall of tile 089560 (room 0x43),wall of tile 089760 (room 0x43),31.742,no,the line between them touches another wall,wall of tile 089760 (room 0x43)
wall of tile 089360 (room 0x43),wall of tile 089A60 (room 0x43),43.419,no,the line between them touches another wall,wall of tile 089960 (room 0x43)
wall of tile 089360 (room 0x43),generic 0x1c4c88 (preset 0x0053),6.115,no,"the line between them leaves the walkable area (a wall's thickness, or another floor)",
wall of tile 089A60 (room 0x43),wall of tile 08A660 (room 0x43),40.207,no,the line between them touches another wall,wall of tile 08A660 (room 0x43)
wall of tile 089A60 (room 0x43),wall of tile 084160 (room 0x44),51.226,no,"another wall pokes into the space between them, so a tighter pair covers this gap",wall of tile 08A660 (room 0x43)
wall of tile 089A60 (room 0x43),generic 0x1c4388 (preset 0x004f),44.731,no,"another wall pokes into the space between them, so a tighter pair covers this gap",wall of tile 08A660 (room 0x43)
wall of tile 089A60 (room 0x43),generic 0x1c4388 (preset 0x004f),46.068,no,"another wall pokes into the space between them, so a tighter pair covers this gap",wall of tile 08A660 (room 0x43)
wall of tile 08A660 (room 0x43),wall of tile 084160 (room 0x44),31.742,no,the line between them touches another wall,wall of tile 08A660 (room 0x43)
wall of tile 08A660 (room 0x43),generic 0x1c4388 (preset 0x004f),33.322,no,"another wall pokes into the space between them, so a tighter pair covers this gap",wall of tile 08A660 (room 0x43)
wall of tile 08A660 (room 0x43),generic 0x1c4388 (preset 0x004f),33.322,no,"another wall pokes into the space between them, so a tighter pair covers this gap",wall of tile 08A660 (room 0x43)
wall of tile 08A660 (room 0x43),generic 0x1c4308 (preset 0x004e),48.480,no,"another wall pokes into the space between them, so a tighter pair covers this gap",wall of tile 084160 (room 0x44)
wall of tile 08A660 (room 0x43),generic 0x1c4308 (preset 0x004e),49.291,no,"another wall pokes into the space between them, so a tighter pair covers this gap",wall of tile 084160 (room 0x44)
wall of tile 08A660 (room 0x43),generic 0x1c4388 (preset 0x004f),8.543,no,"another wall pokes into the space between them, so a tighter pair covers this gap",generic 0x1c4388 (preset 0x004f)
wall of tile 08A660 (room 0x43),generic 0x1c4388 (preset 0x004f),8.069,yes,,
wall of tile 084160 (room 0x44),generic 0x1c4308 (preset 0x004e),12.161,yes,,
wall of tile 084160 (room 0x44),generic 0x1c4308 (preset 0x004e),46.485,no,"another wall pokes into the space between them, so a tighter pair covers this gap",generic 0x1c4308 (preset 0x004e)
wall of tile 084160 (room 0x44),generic 0x1c4308 (preset 0x004e),12.161,yes,,
wall of tile 084160 (room 0x44),generic 0x1c4388 (preset 0x004f),8.543,no,"another wall pokes into the space between them, so a tighter pair covers this gap",generic 0x1c4388 (preset 0x004f)
wall of tile 084160 (room 0x44),generic 0x1c4388 (preset 0x004f),8.069,yes,,
wall of tile 083E60 (room 0x44),wall of tile 08A760 (room 0x43),31.742,no,the line between them touches another wall,wall of tile 08A760 (room 0x43)
wall of tile 083E60 (room 0x44),wall of tile 089F60 (room 0x43),51.226,no,"another wall pokes into the space between them, so a tighter pair covers this gap",wall of tile 08A760 (room 0x43)
wall of tile 083E60 (room 0x44),generic 0x1c4208 (preset 0x004b),14.273,no,"another wall pokes into the space between them, so a tighter pair covers this gap",generic 0x1c4208 (preset 0x004b)
wall of tile 083E60 (room 0x44),generic 0x1c4208 (preset 0x004b),14.109,no,"another wall pokes into the space between them, so a tighter pair covers this gap",wall of tile 083F60 (room 0x44)
wall of tile 083E60 (room 0x44),generic 0x1c4208 (preset 0x004b),19.318,no,"another wall pokes into the space between them, so a tighter pair covers this gap",wall of tile 083F60 (room 0x44)
wall of tile 083F60 (room 0x44),generic 0x1c4208 (preset 0x004b),57.560,no,"another wall pokes into the space between them, so a tighter pair covers this gap",wall of tile 083E60 (room 0x44)
wall of tile 083F60 (room 0x44),generic 0x1c4208 (preset 0x004b),0.589,yes,,
wall of tile 083F60 (room 0x44),generic 0x1c4208 (preset 0x004b),0.589,yes,,
wall of tile 083F60 (room 0x44),generic 0x1c4208 (preset 0x004b),49.236,no,"another wall pokes into the space between them, so a tighter pair covers this gap",generic 0x1c4208 (preset 0x004b)
wall of tile 083F60 (room 0x44),generic 0x1c4288 (preset 0x004c),12.560,yes,,
wall of tile 083F60 (room 0x44),generic 0x1c4288 (preset 0x004c),12.560,yes,,
wall of tile 084060 (room 0x44),generic 0x1c4288 (preset 0x004c),18.520,no,"another wall pokes into the space between them, so a tighter pair covers this gap",wall of tile 083F60 (room 0x44)
wall of tile 084060 (room 0x44),generic 0x1c4288 (preset 0x004c),18.302,yes,,
wall of tile 084060 (room 0x44),generic 0x1c4288 (preset 0x004c),18.302,yes,,
wall of tile 082F60 (room 0x44),wall of tile 0A1E61 (room 0x45),40.206,no,the line between them touches another wall,wall of tile 0A2061 (room 0x45)
wall of tile 083160 (room 0x44),wall of tile 0A1E62 (room 0x45),40.206,no,the line between them touches another wall,wall of tile 0A2062 (room 0x45)
wall of tile 083160 (room 0x44),generic 0x1c4308 (preset 0x004e),50.100,no,"another wall pokes into the space between them, so a tighter pair covers this gap",wall of tile 084160 (room 0x44)
wall of tile 083160 (room 0x44),generic 0x1c4308 (preset 0x004e),48.211,no,"another wall pokes into the space between them, so a tighter pair covers this gap",wall of tile 084160 (room 0x44)
wall of tile 0A2061 (room 0x45),wall of tile 0A1C61 (room 0x45),42.323,no,the line between them touches another wall,wall of tile 0A1E61 (room 0x45)
wall of tile 0A2062 (room 0x45),wall of tile 0A1C62 (room 0x45),42.323,no,the line between them touches another wall,wall of tile 0A1E62 (room 0x45)
wall of tile 0A1E61 (room 0x45),wall of tile 0A1A61 (room 0x45),40.207,no,the line between them touches another wall,wall of tile 0A1C61 (room 0x45)
wall of tile 0A1E62 (room 0x45),wall of tile 0A1A62 (room 0x45),40.207,no,the line between them touches another wall,wall of tile 0A1C62 (room 0x45)
wall of tile 0A1C61 (room 0x45),wall of tile 0A1861 (room 0x45),40.207,no,the line between them touches another wall,wall of tile 0A1A61 (room 0x45)
wall of tile 0A1C62 (room 0x45),wall of tile 0A1862 (room 0x45),40.207,no,the line between them touches another wall,wall of tile 0A1A62 (room 0x45)
wall of tile 0A1A61 (room 0x45),wall of tile 0A1661 (room 0x45),42.323,no,the line between them touches another wall,wall of tile 0A1861 (room 0x45)
wall of tile 0A1A62 (room 0x45),wall of tile 0A1662 (room 0x45),42.323,no,the line between them touches another wall,wall of tile 0A1862 (room 0x45)
wall of tile 0A1861 (room 0x45),wall of tile 0A1461 (room 0x45),40.207,no,the line between them touches another wall,wall of tile 0A1661 (room 0x45)
wall of tile 0A1862 (room 0x45),wall of tile 0A1462 (room 0x45),40.207,no,the line between them touches another wall,wall of tile 0A1662 (room 0x45)
wall of tile 0A1661 (room 0x45),wall of tile 0A1261 (room 0x45),42.323,no,the line between them touches another wall,wall of tile 0A1461 (room 0x45)
wall of tile 0A1662 (room 0x45),wall of tile 0A1262 (room 0x45),42.323,no,the line between them touches another wall,wall of tile 0A1462 (room 0x45)
wall of tile 0A1461 (room 0x45),wall of tile 0A1061 (room 0x45),40.207,no,the line between them touches another wall,wall of tile 0A1261 (room 0x45)
wall of tile 0A1462 (room 0x45),wall of tile 0A1062 (room 0x45),40.207,no,the line between them touches another wall,wall of tile 0A1262 (room 0x45)
wall of tile 0A1261 (room 0x45),wall of tile 0A0E61 (room 0x45),40.207,no,the line between them touches another wall,wall of tile 0A1061 (room 0x45)
wall of tile 0A1262 (room 0x45),wall of tile 0A0E62 (room 0x45),40.207,no,the line between them touches another wall,wall of tile 0A1062 (room 0x45)
wall of tile 0A1061 (room 0x45),wall of tile 0A5F60 (room 0x45),42.323,no,the line between them touches another wall,wall of tile 0A0E61 (room 0x45)
wall of tile 0A1062 (room 0x45),wall of tile 0A5C60 (room 0x45),42.323,no,the line between them touches another wall,wall of tile 0A0E62 (room 0x45)
wall of tile 0A4F60 (room 0x45),wall of tile 0A5960 (room 0x46),41.897,no,"another wall pokes into the space between them, so a tighter pair covers this gap",wall of tile 0A5160 (room 0x46)
wall of tile 0A4F60 (room 0x45),wall of tile 0A5160 (room 0x46),29.626,no,the line between them touches another wall,wall of tile 0A5160 (room 0x46)
wall of tile 0A4D60 (room 0x45),wall of tile 0A5460 (room 0x46),43.419,no,"another wall pokes into the space between them, so a tighter pair covers this gap",wall of tile 0A5060 (room 0x46)
wall of tile 0A4D60 (room 0x45),wall of tile 0A5060 (room 0x46),31.742,no,the line between them touches another wall,wall of tile 0A5060 (room 0x46)
wall of tile 0A5460 (room 0x46),wall of tile 0A5060 (room 0x46),29.626,no,the line between them touches another wall,wall of tile 0A5060 (room 0x46)
wall of tile 0A5460 (room 0x46),wall of tile 0A6160 (room 0x46),42.323,no,the line between them touches another wall,wall of tile 0A6160 (room 0x46)
wall of tile 0A5460 (room 0x46),wall of tile 0A3F60 (room 0x46),52.904,no,"another wall pokes into the space between them, so a tighter pair covers this gap",wall of tile 0A6160 (room 0x46)
wall of tile 0A6160 (room 0x46),wall of tile 0A3F60 (room 0x46),31.742,no,the line between them touches another wall,wall of tile 0A6160 (room 0x46)
wall of tile 0A4260 (room 0x46),wall of tile 0A6360 (room 0x46),29.626,no,the line between them touches another wall,wall of tile 0A6360 (room 0x46)
wall of tile 0A4260 (room 0x46),wall of tile 0A5960 (room 0x46),51.661,no,"another wall pokes into the space between them, so a tighter pair covers this gap",wall of tile 0A6360 (room 0x46)
wall of tile 0A3060 (room 0x46),wall of tile 0A3C60 (room 0x46),41.897,no,"another wall pokes into the space between them, so a tighter pair covers this gap",wall of tile 0A3260 (room 0x46)
wall of tile 0A3060 (room 0x46),wall of tile 0A3260 (room 0x46),29.626,no,the line between them touches another wall,wall of tile 0A3260 (room 0x46)
wall of tile 0A2E60 (room 0x46),wall of tile 0A3760 (room 0x46),43.419,no,"another wall pokes into the space between them, so a tighter pair covers this gap",wall of tile 0A3160 (room 0x46)
wall of tile 0A2E60 (room 0x46),wall of tile 0A3160 (room 0x46),31.742,no,the line between them touches another wall,wall of tile 0A3160 (room 0x46)
wall of tile 0A3760 (room 0x46),wall of tile 0A3160 (room 0x46),29.626,no,the line between them touches another wall,wall of tile 0A3160 (room 0x46)
wall of tile 0A3760 (room 0x46),wall of tile 0A4960 (room 0x46),40.207,no,the line between them touches another wall,wall of tile 0A4960 (room 0x46)
wall of tile 0A3760 (room 0x46),wall of tile 0A4760 (room 0x47),51.226,no,"another wall pokes into the space between them, so a tighter pair covers this gap",wall of tile 0A4960 (room 0x46)
wall of tile 0A4960 (room 0x46),wall of tile 0A4760 (room 0x47),31.742,no,the line between them touches another wall,wall of tile 0A4960 (room 0x46)
wall of tile 0A4760 (room 0x47),wall of tile 059D12 (room 0x11),48.255,no,"the line between them leaves the walkable area (a wall's thickness, or another floor)",
wall of tile 0A4760 (room 0x47),wall of tile 05D712 (room 0x11),48.255,no,"the line between them leaves the walkable area (a wall's thickness, or another floor)",
wall of tile 0A4660 (room 0x47),wall of tile 05D712 (room 0x11),30.766,no,"the line between them leaves the walkable area (a wall's thickness, or another floor)",
wall of tile 0A4660 (room 0x47),door 0x1c9d4c (preset 0x0039),14.963,no,"another wall pokes into the space between them, so a tighter pair covers this gap",wall of tile 059D12 (room 0x11)
wall of tile 0A4660 (room 0x47),door 0x1c9d4c (preset 0x0039),2.116,yes,,
wall of tile 0A4660 (room 0x47),door 0x1c9d4c (preset 0x0039),2.116,no,"another wall pokes into the space between them, so a tighter pair covers this gap",door 0x1c9d4c (preset 0x0039)
wall of tile 0A4660 (room 0x47),door 0x1c9d4c (preset 0x0039),2.116,no,"another wall pokes into the space between them, so a tighter pair covers this gap",door 0x1c9d4c (preset 0x0039)
wall of tile 059D11 (room 0x11),wall of tile 0A4560 (room 0x47),51.662,no,"the line between them leaves the walkable area (a wall's thickness, or another floor)",
wall of tile 059D11 (room 0x11),door 0x1c9d4c (preset 0x0039),10.124,no,"another wall pokes into the space between them, so a tighter pair covers this gap",door 0x1c9d4c (preset 0x0039)
wall of tile 059D11 (room 0x11),door 0x1c9d4c (preset 0x0039),10.123,no,"another wall pokes into the space between them, so a tighter pair covers this gap",door 0x1c9d4c (preset 0x0039)
wall of tile 0A4460 (room 0x47),wall of tile 05CB11 (room 0x11),30.857,no,"the line between them leaves the walkable area (a wall's thickness, or another floor)",
wall of tile 0A4460 (room 0x47),door 0x1c9d4c (preset 0x0039),14.831,no,"the line between them leaves the walkable area (a wall's thickness, or another floor)",
wall of tile 0A4460 (room 0x47),door 0x1c9d4c (preset 0x0039),0.000,no,"the line between them leaves the walkable area (a wall's thickness, or another floor)",
wall of tile 0A4460 (room 0x47),door 0x1c9d4c (preset 0x0039),0.000,no,"the line between them leaves the walkable area (a wall's thickness, or another floor)",
wall of tile 0A4460 (room 0x47),door 0x1c9d4c (preset 0x0039),14.830,no,"the line between them leaves the walkable area (a wall's thickness, or another floor)",
wall of tile 0A4560 (room 0x47),wall of tile 05CB11 (room 0x11),45.426,no,"the line between them leaves the walkable area (a wall's thickness, or another floor)",
wall of tile 0A4560 (room 0x47),wall of tile 0A4860 (room 0x46),29.626,no,the line between them touches another wall,wall of tile 0A4860 (room 0x46)
wall of tile 0A4560 (room 0x47),wall of tile 0A3C60 (room 0x46),49.942,no,"another wall pokes into the space between them, so a tighter pair covers this gap",wall of tile 0A4860 (room 0x46)
wall of tile 059D12 (room 0x11),door 0x1c9d4c (preset 0x0039),11.968,no,"another wall pokes into the space between them, so a tighter pair covers this gap",door 0x1c9d4c (preset 0x0039)
wall of tile 059D12 (room 0x11),door 0x1c9d4c (preset 0x0039),2.116,yes,,
wall of tile 059D12 (room 0x11),door 0x1c9d4c (preset 0x0039),2.116,no,"another wall pokes into the space between them, so a tighter pair covers this gap",door 0x1c9d4c (preset 0x0039)
wall of tile 059D12 (room 0x11),door 0x1c9d4c (preset 0x0039),2.116,no,"another wall pokes into the space between them, so a tighter pair covers this gap",door 0x1c9d4c (preset 0x0039)
wall of tile 05D712 (room 0x11),door 0x1c9d4c (preset 0x0039),37.851,no,"another wall pokes into the space between them, so a tighter pair covers this gap",wall of tile 059D12 (room 0x11)
wall of tile 05D712 (room 0x11),door 0x1c9d4c (preset 0x0039),37.851,no,"another wall pokes into the space between them, so a tighter pair covers this gap",wall of tile 059D12 (room 0x11)
wall of tile 05D712 (room 0x11),door 0x1c9d4c (preset 0x0039),46.426,no,"another wall pokes into the space between them, so a tighter pair covers this gap",wall of tile 059D12 (room 0x11)
wall of tile 05D712 (room 0x11),door 0x1c9d4c (preset 0x0039),46.427,no,"another wall pokes into the space between them, so a tighter pair covers this gap",wall of tile 059D12 (room 0x11)
wall of tile 05CB11 (room 0x11),door 0x1c9d4c (preset 0x0039),34.110,no,"another wall pokes into the space between them, so a tighter pair covers this gap",wall of tile 059D11 (room 0x11)
wall of tile 05CB11 (room 0x11),door 0x1c9d4c (preset 0x0039),43.417,no,"the line between them leaves the walkable area (a wall's thickness, or another floor)",
wall of tile 05CB11 (room 0x11),door 0x1c9d4c (preset 0x0039),34.110,no,"another wall pokes into the space between them, so a tighter pair covers this gap",wall of tile 059D11 (room 0x11)
wall of tile 05CB11 (room 0x11),door 0x1c9d4c (preset 0x0039),34.110,no,"another wall pokes into the space between them, so a tighter pair covers this gap",wall of tile 059D11 (room 0x11)
wall of tile 05C212 (room 0x11),wall of tile 05BD12 (room 0x12),1.928,no,"the line between them leaves the walkable area (a wall's thickness, or another floor)",
wall of tile 05C211 (room 0x11),wall of tile 004738 (room 0x2d),30.857,no,"the line between them leaves the walkable area (a wall's thickness, or another floor)",
wall of tile 05C211 (room 0x11),wall of tile 004838 (room 0x2d),44.861,no,"the line between them leaves the walkable area (a wall's thickness, or another floor)",
wall of tile 05C211 (room 0x11),wall of tile 05BD11 (room 0x12),2.993,no,the far wall faces the other way (it belongs to floor which isn't linked here),
wall of tile 05C211 (room 0x11),wall of tile 05BD12 (room 0x12),2.993,no,the far wall faces the other way (it belongs to floor which isn't linked here),
wall of tile 05C211 (room 0x11),door 0x1ca04c (preset 0x003c),33.123,no,"another wall pokes into the space between them, so a tighter pair covers this gap",wall of tile 05AD12 (room 0x11)
wall of tile 05C211 (room 0x11),door 0x1ca04c (preset 0x003c),33.123,no,"another wall pokes into the space between them, so a tighter pair covers this gap",wall of tile 05AD12 (room 0x11)
wall of tile 05C211 (room 0x11),door 0x1ca04c (preset 0x003c),43.419,no,"the line between them leaves the walkable area (a wall's thickness, or another floor)",
wall of tile 05C811 (room 0x11),wall of tile 05BC12 (room 0x12),2.116,no,"the line between them leaves the walkable area (a wall's thickness, or another floor)",
wall of tile 05C811 (room 0x11),wall of tile 05BD12 (room 0x12),0.390,no,the far wall faces the other way (it belongs to floor which isn't linked here),
wall of tile 05C811 (room 0x11),wall of tile 05BD12 (room 0x12),2.116,no,"the line between them leaves the walkable area (a wall's thickness, or another floor)",
wall of tile 05C812 (room 0x11),wall of tile 004538 (room 0x2d),30.733,no,"the line between them leaves the walkable area (a wall's thickness, or another floor)",
wall of tile 05C812 (room 0x11),wall of tile 004638 (room 0x2d),48.255,no,"the line between them leaves the walkable area (a wall's thickness, or another floor)",
wall of tile 05C812 (room 0x11),wall of tile 05BC11 (room 0x12),0.432,no,"the line between them leaves the walkable area (a wall's thickness, or another floor)",
wall of tile 05C812 (room 0x11),wall of tile 05BC12 (room 0x12),2.116,no,"the line between them leaves the walkable area (a wall's thickness, or another floor)",
wall of tile 05C812 (room 0x11),wall of tile 05BD12 (room 0x12),2.116,no,"the line between them leaves the walkable area (a wall's thickness, or another floor)",
wall of tile 05C812 (room 0x11),door 0x1ca04c (preset 0x003c),35.028,no,"another wall pokes into the space between them, so a tighter pair covers this gap",wall of tile 05AD11 (room 0x11)
wall of tile 05C812 (room 0x11),door 0x1ca04c (preset 0x003c),35.028,no,"another wall pokes into the space between them, so a tighter pair covers this gap",wall of tile 05AD11 (room 0x11)
wall of tile 05C812 (room 0x11),door 0x1ca04c (preset 0x003c),44.890,no,"the line between them leaves the walkable area (a wall's thickness, or another floor)",
wall of tile 05AD12 (room 0x11),wall of tile 004838 (room 0x2d),51.661,no,"the line between them leaves the walkable area (a wall's thickness, or another floor)",
wall of tile 05AD12 (room 0x11),wall of tile 05BD11 (room 0x12),2.993,no,the far wall faces the other way (it belongs to floor which isn't linked here),
wall of tile 05AD12 (room 0x11),wall of tile 05BD12 (room 0x12),2.993,no,the far wall faces the other way (it belongs to floor which isn't linked here),
wall of tile 05AD12 (room 0x11),door 0x1ca04c (preset 0x003c),11.551,no,"another wall pokes into the space between them, so a tighter pair covers this gap",door 0x1ca04c (preset 0x003c)
wall of tile 05AD12 (room 0x11),door 0x1ca04c (preset 0x003c),0.000,yes,,
wall of tile 05AD12 (room 0x11),door 0x1ca04c (preset 0x003c),0.000,no,"another wall pokes into the space between them, so a tighter pair covers this gap",door 0x1ca04c (preset 0x003c)
wall of tile 05AD11 (room 0x11),wall of tile 004638 (room 0x2d),48.255,no,"the line between them leaves the walkable area (a wall's thickness, or another floor)",
wall of tile 05AD11 (room 0x11),wall of tile 05BC11 (room 0x12),2.116,no,"the line between them leaves the walkable area (a wall's thickness, or another floor)",
wall of tile 05AD11 (room 0x11),wall of tile 05BD11 (room 0x12),2.116,no,"the line between them leaves the walkable area (a wall's thickness, or another floor)",
wall of tile 05AD11 (room 0x11),door 0x1ca04c (preset 0x003c),10.903,no,"another wall pokes into the space between them, so a tighter pair covers this gap",door 0x1ca04c (preset 0x003c)
wall of tile 05AD11 (room 0x11),door 0x1ca04c (preset 0x003c),0.001,no,the line between them touches another wall,door 0x1ca04c (preset 0x003c)
wall of tile 004538 (room 0x2d),wall of tile 05BC11 (room 0x12),32.848,no,"the line between them leaves the walkable area (a wall's thickness, or another floor)",
wall of tile 004538 (room 0x2d),wall of tile 05BD11 (room 0x12),32.848,no,"the line between them leaves the walkable area (a wall's thickness, or another floor)",
wall of tile 004538 (room 0x2d),door 0x1ca04c (preset 0x003c),16.859,no,"the line between them leaves the walkable area (a wall's thickness, or another floor)",
wall of tile 004538 (room 0x2d),door 0x1ca04c (preset 0x003c),0.001,no,the line between them touches another wall,door 0x1ca04c (preset 0x003c)
wall of tile 004738 (room 0x2d),wall of tile 05BD11 (room 0x12),33.035,no,"the line between them leaves the walkable area (a wall's thickness, or another floor)",
wall of tile 004738 (room 0x2d),wall of tile 05BD12 (room 0x12),33.035,no,"the line between them leaves the walkable area (a wall's thickness, or another floor)",
wall of tile 004738 (room 0x2d),door 0x1ca04c (preset 0x003c),16.922,no,"the line between them leaves the walkable area (a wall's thickness, or another floor)",
wall of tile 004738 (room 0x2d),door 0x1ca04c (preset 0x003c),0.000,yes,,
wall of tile 004738 (room 0x2d),door 0x1ca04c (preset 0x003c),0.000,no,"another wall pokes into the space between them, so a tighter pair covers this gap",door 0x1ca04c (preset 0x003c)
wall of tile 004838 (room 0x2d),wall of tile 003338 (room 0x2d),51.661,no,"another wall pokes into the space between them, so a tighter pair covers this gap",wall of tile 004A38 (room 0x2d)
wall of tile 004838 (room 0x2d),wall of tile 004A38 (room 0x2d),29.626,no,the line between them touches another wall,wall of tile 004A38 (room 0x2d)
wall of tile 004838 (room 0x2d),wall of tile 05BD11 (room 0x12),54.611,no,"the line between them leaves the walkable area (a wall's thickness, or another floor)",
wall of tile 004838 (room 0x2d),wall of tile 05BD12 (room 0x12),54.611,no,"the line between them leaves the walkable area (a wall's thickness, or another floor)",
wall of tile 003338 (room 0x2d),wall of tile 004A38 (room 0x2d),42.323,no,the line between them touches another wall,wall of tile 004A38 (room 0x2d)
wall of tile 003338 (room 0x2d),wall of tile 002D38 (room 0x2d),31.742,no,"another wall pokes into the space between them, so a tighter pair covers this gap",wall of tile 002D38 (room 0x2d)
wall of tile 003338 (room 0x2d),wall of tile 002A38 (room 0x2d),43.419,no,"another wall pokes into the space between them, so a tighter pair covers this gap",wall of tile 002D38 (room 0x2d)
wall of tile 002D38 (room 0x2d),wall of tile 002A38 (room 0x2d),31.672,no,"another wall pokes into the space between them, so a tighter pair covers this gap",wall of tile 002D38 (room 0x2d)
wall of tile 05E238 (room 0x2f),wall of tile 05E438 (room 0x2e),40.207,no,the line between them touches another wall,wall of tile 05FE38 (room 0x2f)
wall of tile 05E838 (room 0x2e),wall of tile 05F238 (room 0x2e),41.897,no,"another wall pokes into the space between them, so a tighter pair covers this gap",wall of tile 05EA38 (room 0x2e)
wall of tile 05E838 (room 0x2e),wall of tile 05EA38 (room 0x2e),29.626,no,the line between them touches another wall,wall of tile 05EA38 (room 0x2e)
wall of tile 05E638 (room 0x2e),wall of tile 05ED38 (room 0x2e),43.420,no,"another wall pokes into the space between them, so a tighter pair covers this gap",wall of tile 05E938 (room 0x2e)
wall of tile 05E638 (room 0x2e),wall of tile 05E938 (room 0x2e),31.742,no,the line between them touches another wall,wall of tile 05E938 (room 0x2e)
wall of tile 05ED38 (room 0x2e),wall of tile 05E938 (room 0x2e),29.626,no,the line between them touches another wall,wall of tile 05E938 (room 0x2e)
wall of tile 05ED38 (room 0x2e),wall of tile 05FA38 (room 0x2e),40.207,no,the line between them touches another wall,wall of tile 05FA38 (room 0x2e)
wall of tile 05ED38 (room 0x2e),wall of tile 05F838 (room 0x2e),51.226,no,"another wall pokes into the space between them, so a tighter pair covers this gap",wall of tile 05FA38 (room 0x2e)
wall of tile 05FA38 (room 0x2e),wall of tile 05F838 (room 0x2e),31.742,no,the line between them touches another wall,wall of tile 05FA38 (room 0x2e)
wall of tile 05F838 (room 0x2e),wall of tile 03E06A (room 0x48),59.252,no,"the line between them leaves the walkable area (a wall's thickness, or another floor)",
wall of tile 05F738 (room 0x2e),wall of tile 030B69 (room 0x48),23.278,no,the line between them touches another wall,wall of tile 030D6A (room 0x48)
wall of tile 05F738 (room 0x2e),wall of tile 03E26A (room 0x48),42.323,no,"the line between them leaves the walkable area (a wall's thickness, or another floor)",
wall of tile 05F738 (room 0x2e),wall of tile 03E06A (room 0x48),59.252,no,"the line between them leaves the walkable area (a wall's thickness, or another floor)",
wall of tile 05F738 (room 0x2e),door 0x1c994c (preset 0x0034),0.024,no,"another wall pokes into the space between them, so a tighter pair covers this gap",door 0x1c994c (preset 0x0034)
wall of tile 05F738 (room 0x2e),door 0x1c994c (preset 0x0034),0.000,no,"another wall pokes into the space between them, so a tighter pair covers this gap",wall of tile 030D6A (room 0x48)
wall of tile 05F738 (room 0x2e),door 0x1c994c (preset 0x0034),16.929,no,"the line between them leaves the walkable area (a wall's thickness, or another floor)",
wall of tile 05F538 (room 0x2e),wall of tile 030B6A (room 0x48),23.278,no,the line between them touches another wall,wall of tile 030D69 (room 0x48)
wall of tile 05F538 (room 0x2e),wall of tile 03E269 (room 0x48),42.323,no,"the line between them leaves the walkable area (a wall's thickness, or another floor)",
wall of tile 05F538 (room 0x2e),wall of tile 03E069 (room 0x48),59.252,no,"the line between them leaves the walkable area (a wall's thickness, or another floor)",
wall of tile 05F538 (room 0x2e),wall of tile 002D68 (room 0x48),42.323,no,"the line between them leaves the walkable area (a wall's thickness, or another floor)",
wall of tile 05F538 (room 0x2e),wall of tile 002D68 (room 0x48),42.323,no,"the line between them leaves the walkable area (a wall's thickness, or another floor)",
wall of tile 05F538 (room 0x2e),door 0x1c994c (preset 0x0034),0.000,no,"another wall pokes into the space between them, so a tighter pair covers this gap",door 0x1c994c (preset 0x0034)
wall of tile 05F538 (room 0x2e),door 0x1c994c (preset 0x0034),16.953,no,the line between them touches another wall,door 0x1c994c (preset 0x0034)
wall of tile 030D6A (room 0x48),wall of tile 03E26A (room 0x48),26.934,no,the line between them touches another wall,wall of tile 030B69 (room 0x48)
wall of tile 030D6A (room 0x48),wall of tile 03E06A (room 0x48),40.705,no,"another wall pokes into the space between them, so a tighter pair covers this gap",wall of tile 03E26A (room 0x48)
wall of tile 030D6A (room 0x48),door 0x1c994c (preset 0x0034),0.024,no,"another wall pokes into the space between them, so a tighter pair covers this gap",door 0x1c994c (preset 0x0034)
wall of tile 030D69 (room 0x48),wall of tile 03E269 (room 0x48),28.470,no,the line between them touches another wall,wall of tile 030B6A (room 0x48)
wall of tile 030D69 (room 0x48),wall of tile 03E069 (room 0x48),41.737,no,"another wall pokes into the space between them, so a tighter pair covers this gap",wall of tile 03E269 (room 0x48)
wall of tile 030D69 (room 0x48),wall of tile 002D68 (room 0x48),28.470,no,the line between them touches another wall,wall of tile 030B6A (room 0x48)
wall of tile 030D69 (room 0x48),wall of tile 002D68 (room 0x48),28.470,no,the line between them touches another wall,wall of tile 030B6A (room 0x48)
wall of tile 030D69 (room 0x48),door 0x1c994c (preset 0x0034),0.000,no,the line between them touches another wall,door 0x1c994c (preset 0x0034)
wall of tile 030B69 (room 0x48),wall of tile 03E06A (room 0x48),16.929,no,the line between them touches another wall,wall of tile 03E26A (room 0x48)
wall of tile 030B69 (room 0x48),door 0x1c994c (preset 0x0034),23.302,no,the line between them touches another wall,door 0x1c994c (preset 0x0034)
wall of tile 030B69 (room 0x48),door 0x1c994c (preset 0x0034),6.349,no,"the line between them leaves the walkable area (a wall's thickness, or another floor)",
wall of tile 030B69 (room 0x48),door 0x1c994c (preset 0x0034),6.349,no,"another wall pokes into the space between them, so a tighter pair covers this gap",wall of tile 030D6A (room 0x48)
wall of tile 030B6A (room 0x48),wall of tile 03E069 (room 0x48),16.929,no,the line between them touches another wall,wall of tile 03E269 (room 0x48)
wall of tile 030B6A (room 0x48),door 0x1c994c (preset 0x0034),23.278,no,"the line between them leaves the walkable area (a wall's thickness, or another floor)",
wall of tile 030B6A (room 0x48),door 0x1c994c (preset 0x0034),6.324,no,the line between them touches another wall,wall of tile 030D69 (room 0x48)
wall of tile 030B6A (room 0x48),door 0x1c994c (preset 0x0034),6.324,no,the line between them touches another wall,wall of tile 030D69 (room 0x48)
wall of tile 03E269 (room 0x48),door 0x1c994c (preset 0x0034),47.317,no,"the line between them leaves the walkable area (a wall's thickness, or another floor)",
wall of tile 03E269 (room 0x48),door 0x1c994c (preset 0x0034),33.037,no,"the line between them leaves the walkable area (a wall's thickness, or another floor)",
wall of tile 03E269 (room 0x48),door 0x1c994c (preset 0x0034),33.037,no,"the line between them leaves the walkable area (a wall's thickness, or another floor)",
wall of tile 03E26A (room 0x48),door 0x1c994c (preset 0x0034),46.433,no,"the line between them leaves the walkable area (a wall's thickness, or another floor)",
wall of tile 03E26A (room 0x48),door 0x1c994c (preset 0x0034),31.740,no,"the line between them leaves the walkable area (a wall's thickness, or another floor)",
wall of tile 03E26A (room 0x48),door 0x1c994c (preset 0x0034),31.740,no,"the line between them leaves the walkable area (a wall's thickness, or another floor)",
wall of tile 03E06A (room 0x48),wall of tile 085068 (room 0x48),18.927,no,"the line between them leaves the walkable area (a wall's thickness, or another floor)",
wall of tile 03E06A (room 0x48),wall of tile 085068 (room 0x48),7.237,no,the far wall faces the other way (it belongs to floor which isn't linked here),
wall of tile 03E06A (room 0x48),door 0x1c994c (preset 0x0034),46.409,no,"the line between them leaves the walkable area (a wall's thickness, or another floor)",
wall of tile 03E06A (room 0x48),door 0x1c994c (preset 0x0034),46.409,no,"the line between them leaves the walkable area (a wall's thickness, or another floor)",
wall of tile 03E069 (room 0x48),wall of tile 002D68 (room 0x48),16.929,no,the line between them touches another wall,wall of tile 03E269 (room 0x48)
wall of tile 03E069 (room 0x48),door 0x1c994c (preset 0x0034),47.297,no,"the line between them leaves the walkable area (a wall's thickness, or another floor)",
wall of tile 03E069 (room 0x48),door 0x1c994c (preset 0x0034),47.297,no,"the line between them leaves the walkable area (a wall's thickness, or another floor)",
wall of tile 03E069 (room 0x48),wall of tile 03B169 (room 0x48),14.813,no,the line between them touches another wall,wall of tile 03E169 (room 0x48)
wall of tile 03E069 (room 0x48),wall of tile 08336A (room 0x48),35.974,no,the line between them touches another wall,wall of tile 03E169 (room 0x48)
wall of tile 03E069 (room 0x48),wall of tile 03AE69 (room 0x48),42.323,no,the line between them touches another wall,wall of tile 03E169 (room 0x48)
wall of tile 03E169 (room 0x48),wall of tile 08336A (room 0x48),21.161,no,the line between them touches another wall,wall of tile 03B169 (room 0x48)
wall of tile 03E169 (room 0x48),wall of tile 03AE69 (room 0x48),27.510,no,the line between them touches another wall,wall of tile 08336A (room 0x48)
wall of tile 03E169 (room 0x48),wall of tile 08346A (room 0x48),46.555,no,the line between them touches another wall,wall of tile 08336A (room 0x48)
wall of tile 03E169 (room 0x48),wall of tile 03B669 (room 0x48),52.904,no,the line between them touches another wall,wall of tile 08336A (room 0x48)
wall of tile 03E16A (room 0x48),wall of tile 083369 (room 0x48),21.161,no,the line between them touches another wall,wall of tile 03B16A (room 0x48)
wall of tile 03E16A (room 0x48),wall of tile 03AE6A (room 0x48),25.394,no,the line between them touches another wall,wall of tile 083369 (room 0x48)
wall of tile 03E16A (room 0x48),wall of tile 083469 (room 0x48),46.555,no,the line between them touches another wall,wall of tile 083369 (room 0x48)
wall of tile 03E16A (room 0x48),wall of tile 03B66A (room 0x48),52.904,no,the line between them touches another wall,wall of tile 083369 (room 0x48)
wall of tile 03E16A (room 0x48),wall of tile 085068 (room 0x48),16.929,no,"the line between them leaves the walkable area (a wall's thickness, or another floor)",
wall of tile 03E16A (room 0x48),wall of tile 005368 (room 0x48),35.974,no,"the line between them leaves the walkable area (a wall's thickness, or another floor)",
wall of tile 03E16A (room 0x48),wall of tile 085068 (room 0x48),16.929,no,"the line between them leaves the walkable area (a wall's thickness, or another floor)",
wall of tile 03E16A (room 0x48),wall of tile 005368 (room 0x48),35.974,no,"the line between them leaves the walkable area (a wall's thickness, or another floor)",
wall of tile 03B16A (room 0x48),wall of tile 03AE6A (room 0x48),4.232,no,the line between them touches another wall,wall of tile 083369 (room 0x48)
wall of tile 03B16A (room 0x48),wall of tile 083469 (room 0x48),25.394,no,the line between them touches another wall,wall of tile 083369 (room 0x48)
wall of tile 03B16A (room 0x48),wall of tile 03B66A (room 0x48),31.742,no,the line between them touches another wall,wall of tile 083369 (room 0x48)
wall of tile 03B16A (room 0x48),wall of tile 083569 (room 0x48),50.787,no,the line between them touches another wall,wall of tile 083369 (room 0x48)
wall of tile 03B16A (room 0x48),wall of tile 03B36A (room 0x48),57.136,no,the line between them touches another wall,wall of tile 083369 (room 0x48)
wall of tile 03B16A (room 0x48),wall of tile 084769 (room 0x48),46.555,no,the line between them touches another wall,wall of tile 083369 (room 0x48)
wall of tile 03B16A (room 0x48),wall of tile 005568 (room 0x48),46.555,no,the line between them touches another wall,wall of tile 083369 (room 0x48)
wall of tile 03B169 (room 0x48),wall of tile 03AE69 (room 0x48),6.348,no,the line between them touches another wall,wall of tile 08336A (room 0x48)
wall of tile 03B169 (room 0x48),wall of tile 08346A (room 0x48),25.394,no,the line between them touches another wall,wall of tile 08336A (room 0x48)
wall of tile 03B169 (room 0x48),wall of tile 03B669 (room 0x48),31.742,no,the line between them touches another wall,wall of tile 08336A (room 0x48)
wall of tile 03B169 (room 0x48),wall of tile 08356A (room 0x48),50.787,no,the line between them touches another wall,wall of tile 08336A (room 0x48)
wall of tile 03B169 (room 0x48),wall of tile 03B369 (room 0x48),57.136,no,the line between them touches another wall,wall of tile 08336A (room 0x48)
wall of tile 03B169 (room 0x48),wall of tile 00046A (room 0x48),14.813,no,the line between them touches another wall,wall of tile 03E169 (room 0x48)
wall of tile 03B169 (room 0x48),wall of tile 085068 (room 0x48),14.813,no,the line between them touches another wall,wall of tile 03E169 (room 0x48)
wall of tile 083369 (room 0x48),wall of tile 083469 (room 0x48),21.161,no,the line between them touches another wall,wall of tile 03AE6A (room 0x48)
wall of tile 083369 (room 0x48),wall of tile 03B66A (room 0x48),27.510,no,the line between them touches another wall,wall of tile 083469 (room 0x48)
wall of tile 083369 (room 0x48),wall of tile 083569 (room 0x48),46.555,no,the line between them touches another wall,wall of tile 083469 (room 0x48)
wall of tile 083369 (room 0x48),wall of tile 03B36A (room 0x48),52.903,no,the line between them touches another wall,wall of tile 083469 (room 0x48)
wall of tile 083369 (room 0x48),wall of tile 084869 (room 0x48),57.135,no,the line between them touches another wall,wall of tile 083469 (room 0x48)
wall of tile 083369 (room 0x48),wall of tile 084769 (room 0x48),42.322,no,the line between them touches another wall,wall of tile 083469 (room 0x48)
wall of tile 083369 (room 0x48),wall of tile 005568 (room 0x48),42.322,no,the line between them touches another wall,wall of tile 083469 (room 0x48)
wall of tile 08336A (room 0x48),wall of tile 08346A (room 0x48),19.045,no,the line between them touches another wall,wall of tile 03AE69 (room 0x48)
wall of tile 08336A (room 0x48),wall of tile 03B669 (room 0x48),25.394,no,the line between them touches another wall,wall of tile 08346A (room 0x48)
wall of tile 08336A (room 0x48),wall of tile 08356A (room 0x48),44.439,no,the line between them touches another wall,wall of tile 08346A (room 0x48)
wall of tile 08336A (room 0x48),wall of tile 03B369 (room 0x48),50.788,no,the line between them touches another wall,wall of tile 08346A (room 0x48)
wall of tile 08336A (room 0x48),wall of tile 00046A (room 0x48),35.974,no,the line between them touches another wall,wall of tile 03E169 (room 0x48)
wall of tile 08336A (room 0x48),wall of tile 085068 (room 0x48),35.974,no,the line between them touches another wall,wall of tile 03E169 (room 0x48)
wall of tile 03AE6A (room 0x48),wall of tile 03B66A (room 0x48),6.349,no,the line between them touches another wall,wall of tile 083469 (room 0x48)
wall of tile 03AE6A (room 0x48),wall of tile 083569 (room 0x48),25.394,no,the line between them touches another wall,wall of tile 083469 (room 0x48)
wall of tile 03AE6A (room 0x48),wall of tile 03B36A (room 0x48),31.742,no,the line between them touches another wall,wall of tile 083469 (room 0x48)
wall of tile 03AE6A (room 0x48),wall of tile 083669 (room 0x48),50.787,no,the line between them touches another wall,wall of tile 083469 (room 0x48)
wall of tile 03AE6A (room 0x48),wall of tile 03BD6A (room 0x48),57.136,no,the line between them touches another wall,wall of tile 083469 (room 0x48)
wall of tile 03AE6A (room 0x48),wall of tile 084869 (room 0x48),35.974,no,the line between them touches another wall,wall of tile 083469 (room 0x48)
wall of tile 03AE6A (room 0x48),wall of tile 084769 (room 0x48),21.161,no,the line between them touches another wall,wall of tile 083469 (room 0x48)
wall of tile 03AE6A (room 0x48),wall of tile 005568 (room 0x48),21.161,no,the line between them touches another wall,wall of tile 083469 (room 0x48)
wall of tile 03AE69 (room 0x48),wall of tile 03B669 (room 0x48),6.349,no,the line between them touches another wall,wall of tile 08346A (room 0x48)
wall of tile 03AE69 (room 0x48),wall of tile 08356A (room 0x48),25.394,no,the line between them touches another wall,wall of tile 08346A (room 0x48)
wall of tile 03AE69 (room 0x48),wall of tile 03B369 (room 0x48),31.742,no,the line between them touches another wall,wall of tile 08346A (room 0x48)
wall of tile 03AE69 (room 0x48),wall of tile 08366A (room 0x48),50.787,no,the line between them touches another wall,wall of tile 08346A (room 0x48)
wall of tile 03AE69 (room 0x48),wall of tile 03BD69 (room 0x48),57.136,no,the line between them touches another wall,wall of tile 08346A (room 0x48)
wall of tile 03AE69 (room 0x48),wall of tile 00046A (room 0x48),42.323,no,the line between them touches another wall,wall of tile 03E169 (room 0x48)
wall of tile 03AE69 (room 0x48),wall of tile 085068 (room 0x48),42.323,no,the line between them touches another wall,wall of tile 03E169 (room 0x48)
wall of tile 083469 (room 0x48),wall of tile 083569 (room 0x48),19.045,no,the line between them touches another wall,wall of tile 03B66A (room 0x48)
wall of tile 083469 (room 0x48),wall of tile 03B36A (room 0x48),25.394,no,the line between them touches another wall,wall of tile 083569 (room 0x48)
wall of tile 083469 (room 0x48),wall of tile 083669 (room 0x48),44.438,no,the line between them touches another wall,wall of tile 083569 (room 0x48)
wall of tile 083469 (room 0x48),wall of tile 03BD6A (room 0x48),50.787,no,the line between them touches another wall,wall of tile 083569 (room 0x48)
wall of tile 083469 (room 0x48),wall of tile 084869 (room 0x48),29.625,no,the line between them touches another wall,wall of tile 083569 (room 0x48)
wall of tile 083469 (room 0x48),wall of tile 084769 (room 0x48),14.812,no,the line between them touches another wall,wall of tile 03B66A (room 0x48)
wall of tile 083469 (room 0x48),wall of tile 005568 (room 0x48),14.812,no,the line between them touches another wall,wall of tile 03B66A (room 0x48)
wall of tile 08346A (room 0x48),wall of tile 08356A (room 0x48),19.045,no,the line between them touches another wall,wall of tile 03B669 (room 0x48)
wall of tile 08346A (room 0x48),wall of tile 03B369 (room 0x48),25.394,no,the line between them touches another wall,wall of tile 08356A (room 0x48)
wall of tile 08346A (room 0x48),wall of tile 08366A (room 0x48),44.438,no,the line between them touches another wall,wall of tile 08356A (room 0x48)
wall of tile 08346A (room 0x48),wall of tile 03BD69 (room 0x48),50.787,no,the line between them touches another wall,wall of tile 08356A (room 0x48)
wall of tile 03B66A (room 0x48),wall of tile 03B36A (room 0x48),6.349,no,the line between them touches another wall,wall of tile 083569 (room 0x48)
wall of tile 03B66A (room 0x48),wall of tile 083669 (room 0x48),25.394,no,the line between them touches another wall,wall of tile 083569 (room 0x48)
wall of tile 03B66A (room 0x48),wall of tile 03BD6A (room 0x48),31.742,no,the line between them touches another wall,wall of tile 083569 (room 0x48)
wall of tile 03B66A (room 0x48),wall of tile 083769 (room 0x48),52.903,no,the line between them touches another wall,wall of tile 083569 (room 0x48)
wall of tile 03B66A (room 0x48),wall of tile 03BC6A (room 0x48),57.136,no,the line between them touches another wall,wall of tile 083569 (room 0x48)
wall of tile 03B66A (room 0x48),wall of tile 084368 (room 0x48),57.136,no,the line between them touches another wall,wall of tile 083569 (room 0x48)
wall of tile 03B66A (room 0x48),wall of tile 084869 (room 0x48),10.581,no,the line between them touches another wall,wall of tile 083569 (room 0x48)
wall of tile 03B669 (room 0x48),wall of tile 03B369 (room 0x48),6.349,no,the line between them touches another wall,wall of tile 08356A (room 0x48)
wall of tile 03B669 (room 0x48),wall of tile 08366A (room 0x48),25.394,no,the line between them touches another wall,wall of tile 08356A (room 0x48)
wall of tile 03B669 (room 0x48),wall of tile 03BD69 (room 0x48),31.742,no,the line between them touches another wall,wall of tile 08356A (room 0x48)
wall of tile 03B669 (room 0x48),wall of tile 08376A (room 0x48),52.903,no,the line between them touches another wall,wall of tile 08356A (room 0x48)
wall of tile 03B669 (room 0x48),wall of tile 03BC69 (room 0x48),57.136,no,the line between them touches another wall,wall of tile 08356A (room 0x48)
wall of tile 083569 (room 0x48),wall of tile 083669 (room 0x48),19.045,no,the line between them touches another wall,wall of tile 03B36A (room 0x48)
wall of tile 083569 (room 0x48),wall of tile 03BD6A (room 0x48),25.394,no,the line between them touches another wall,wall of tile 083669 (room 0x48)
wall of tile 083569 (room 0x48),wall of tile 083769 (room 0x48),46.555,no,the line between them touches another wall,wall of tile 083669 (room 0x48)
wall of tile 083569 (room 0x48),wall of tile 03BC6A (room 0x48),50.787,no,the line between them touches another wall,wall of tile 083669 (room 0x48)
wall of tile 083569 (room 0x48),wall of tile 084368 (room 0x48),50.787,no,the line between them touches another wall,wall of tile 083669 (room 0x48)
wall of tile 083569 (room 0x48),wall of tile 084869 (room 0x48),4.232,no,the line between them touches another wall,wall of tile 03B36A (room 0x48)
wall of tile 083569 (room 0x48),wall of tile 005568 (room 0x48),4.232,no,the line between them touches another wall,wall of tile 03B66A (room 0x48)
wall of tile 08356A (room 0x48),wall of tile 08366A (room 0x48),19.045,no,the line between them touches another wall,wall of tile 03B369 (room 0x48)
wall of tile 08356A (room 0x48),wall of tile 03BD69 (room 0x48),25.394,no,the line between them touches another wall,wall of tile 08366A (room 0x48)
wall of tile 08356A (room 0x48),wall of tile 08376A (room 0x48),46.555,no,the line between them touches another wall,wall of tile 08366A (room 0x48)
wall of tile 08356A (room 0x48),wall of tile 03BC69 (room 0x48),50.787,no,the line between them touches another wall,wall of tile 08366A (room 0x48)
wall of tile 03B36A (room 0x48),wall of tile 03BD6A (room 0x48),6.349,no,the line between them touches another wall,wall of tile 083669 (room 0x48)
wall of tile 03B36A (room 0x48),wall of tile 083769 (room 0x48),27.510,no,the line between them touches another wall,wall of tile 083669 (room 0x48)
wall of tile 03B36A (room 0x48),wall of tile 03BC6A (room 0x48),31.742,no,the line between them touches another wall,wall of tile 083669 (room 0x48)
wall of tile 03B36A (room 0x48),wall of tile 083869 (room 0x48),52.903,no,the line between them touches another wall,wall of tile 083669 (room 0x48)
wall of tile 03B36A (room 0x48),wall of tile 084368 (room 0x48),31.742,no,the line between them touches another wall,wall of tile 083669 (room 0x48)
wall of tile 03B36A (room 0x48),wall of tile 005568 (room 0x48),10.581,no,the line between them touches another wall,wall of tile 083569 (room 0x48)
wall of tile 03B369 (room 0x48),wall of tile 03BD69 (room 0x48),6.349,no,the line between them touches another wall,wall of tile 08366A (room 0x48)
wall of tile 03B369 (room 0x48),wall of tile 08376A (room 0x48),27.510,no,the line between them touches another wall,wall of tile 08366A (room 0x48)
wall of tile 03B369 (room 0x48),wall of tile 03BC69 (room 0x48),31.742,no,the line between them touches another wall,wall of tile 08366A (room 0x48)
wall of tile 03B369 (room 0x48),wall of tile 08386A (room 0x48),52.903,no,the line between them touches another wall,wall of tile 08366A (room 0x48)
wall of tile 083669 (room 0x48),wall of tile 083769 (room 0x48),21.161,no,the line between them touches another wall,wall of tile 03BD6A (room 0x48)
wall of tile 083669 (room 0x48),wall of tile 03BC6A (room 0x48),25.394,no,the line between them touches another wall,wall of tile 083769 (room 0x48)
wall of tile 083669 (room 0x48),wall of tile 083869 (room 0x48),46.555,no,the line between them touches another wall,wall of tile 083769 (room 0x48)
wall of tile 083669 (room 0x48),wall of tile 03D66A (room 0x48),55.020,no,the line between them touches another wall,wall of tile 083769 (room 0x48)
wall of tile 083669 (room 0x48),wall of tile 08446A (room 0x48),55.020,no,the line between them touches another wall,wall of tile 083769 (room 0x48)
wall of tile 083669 (room 0x48),wall of tile 084368 (room 0x48),25.394,no,the line between them touches another wall,wall of tile 083769 (room 0x48)
wall of tile 083669 (room 0x48),wall of tile 084869 (room 0x48),55.020,no,the line between them touches another wall,wall of tile 083769 (room 0x48)
wall of tile 083669 (room 0x48),wall of tile 084769 (room 0x48),14.813,no,the line between them touches another wall,wall of tile 03B36A (room 0x48)
wall of tile 083669 (room 0x48),wall of tile 005568 (room 0x48),29.626,no,the line between them touches another wall,wall of tile 083569 (room 0x48)
wall of tile 08366A (room 0x48),wall of tile 08376A (room 0x48),21.161,no,the line between them touches another wall,wall of tile 03BD69 (room 0x48)
wall of tile 08366A (room 0x48),wall of tile 03BC69 (room 0x48),25.394,no,the line between them touches another wall,wall of tile 08376A (room 0x48)
wall of tile 08366A (room 0x48),wall of tile 08386A (room 0x48),46.555,no,the line between them touches another wall,wall of tile 08376A (room 0x48)
wall of tile 08366A (room 0x48),wall of tile 03C369 (room 0x48),55.020,no,the line between them touches another wall,wall of tile 08376A (room 0x48)
wall of tile 08366A (room 0x48),wall of tile 08396A (room 0x48),58.949,no,"the line between them leaves the walkable area (a wall's thickness, or another floor)",
wall of tile 08366A (room 0x48),wall of tile 084869 (room 0x48),55.020,no,the line between them touches another wall,wall of tile 08376A (room 0x48)
wall of tile 08366A (room 0x48),wall of tile 08466A (room 0x48),55.020,no,the line between them touches another wall,wall of tile 08376A (room 0x48)
wall of tile 03BD6A (room 0x48),wall of tile 03BC6A (room 0x48),4.232,no,the line between them touches another wall,wall of tile 083769 (room 0x48)
wall of tile 03BD6A (room 0x48),wall of tile 083869 (room 0x48),25.394,no,the line between them touches another wall,wall of tile 083769 (room 0x48)
wall of tile 03BD6A (room 0x48),wall of tile 03D66A (room 0x48),33.858,no,the line between them touches another wall,wall of tile 083769 (room 0x48)
wall of tile 03BD6A (room 0x48),wall of tile 08446A (room 0x48),33.858,no,the line between them touches another wall,wall of tile 083769 (room 0x48)
wall of tile 03BD6A (room 0x48),wall of tile 084368 (room 0x48),4.232,no,the line between them touches another wall,wall of tile 083769 (room 0x48)
wall of tile 03BD6A (room 0x48),wall of tile 084869 (room 0x48),33.858,no,the line between them touches another wall,wall of tile 083769 (room 0x48)
wall of tile 03BD6A (room 0x48),wall of tile 084769 (room 0x48),21.162,no,the line between them touches another wall,wall of tile 083669 (room 0x48)
wall of tile 03BD6A (room 0x48),wall of tile 005568 (room 0x48),35.975,no,the line between them touches another wall,wall of tile 083669 (room 0x48)
wall of tile 03BD69 (room 0x48),wall of tile 03BC69 (room 0x48),4.232,no,the line between them touches another wall,wall of tile 08376A (room 0x48)
wall of tile 03BD69 (room 0x48),wall of tile 08386A (room 0x48),25.394,no,the line between them touches another wall,wall of tile 08376A (room 0x48)
wall of tile 03BD69 (room 0x48),wall of tile 03C369 (room 0x48),33.858,no,the line between them touches another wall,wall of tile 08376A (room 0x48)
wall of tile 03BD69 (room 0x48),wall of tile 08396A (room 0x48),39.927,no,"the line between them leaves the walkable area (a wall's thickness, or another floor)",
wall of tile 03BD69 (room 0x48),wall of tile 03C069 (room 0x48),43.625,no,"the line between them leaves the walkable area (a wall's thickness, or another floor)",
wall of tile 03BD69 (room 0x48),wall of tile 083A6A (room 0x48),58.835,no,"the line between them leaves the walkable area (a wall's thickness, or another floor)",
wall of tile 03BD69 (room 0x48),wall of tile 084869 (room 0x48),33.858,no,the line between them touches another wall,wall of tile 08376A (room 0x48)
wall of tile 03BD69 (room 0x48),wall of tile 08466A (room 0x48),33.858,no,the line between them touches another wall,wall of tile 08376A (room 0x48)
wall of tile 083769 (room 0x48),wall of tile 083869 (room 0x48),21.161,no,the line between them touches another wall,wall of tile 03BC6A (room 0x48)
wall of tile 083769 (room 0x48),wall of tile 03D66A (room 0x48),29.626,no,the line between them touches another wall,wall of tile 083869 (room 0x48)
wall of tile 083769 (room 0x48),wall of tile 08446A (room 0x48),29.626,no,the line between them touches another wall,wall of tile 083869 (room 0x48)
wall of tile 083769 (room 0x48),wall of tile 084869 (room 0x48),29.626,no,the line between them touches another wall,wall of tile 083869 (room 0x48)
wall of tile 083769 (room 0x48),wall of tile 084769 (room 0x48),42.323,no,the line between them touches another wall,wall of tile 083669 (room 0x48)
wall of tile 083769 (room 0x48),wall of tile 005568 (room 0x48),57.136,no,the line between them touches another wall,wall of tile 083669 (room 0x48)
wall of tile 08376A (room 0x48),wall of tile 08386A (room 0x48),21.161,no,the line between them touches another wall,wall of tile 03BC69 (room 0x48)
wall of tile 08376A (room 0x48),wall of tile 03C369 (room 0x48),29.626,no,the line between them touches another wall,wall of tile 08386A (room 0x48)
wall of tile 08376A (room 0x48),wall of tile 08396A (room 0x48),36.407,no,"the line between them leaves the walkable area (a wall's thickness, or another floor)",
wall of tile 08376A (room 0x48),wall of tile 03C069 (room 0x48),40.429,no,"the line between them leaves the walkable area (a wall's thickness, or another floor)",
wall of tile 08376A (room 0x48),wall of tile 083A6A (room 0x48),56.346,no,"the line between them leaves the walkable area (a wall's thickness, or another floor)",
wall of tile 08376A (room 0x48),wall of tile 084869 (room 0x48),29.626,no,the line between them touches another wall,wall of tile 08386A (room 0x48)
wall of tile 08376A (room 0x48),wall of tile 08466A (room 0x48),29.626,no,the line between them touches another wall,wall of tile 08386A (room 0x48)
wall of tile 03BC6A (room 0x48),wall of tile 03D66A (room 0x48),8.465,no,the line between them touches another wall,wall of tile 083869 (room 0x48)
wall of tile 03BC6A (room 0x48),wall of tile 08446A (room 0x48),8.465,no,the line between them touches another wall,wall of tile 083869 (room 0x48)
wall of tile 03BC6A (room 0x48),wall of tile 084869 (room 0x48),8.465,no,the line between them touches another wall,wall of tile 083869 (room 0x48)
wall of tile 03BC6A (room 0x48),wall of tile 084769 (room 0x48),46.555,no,the line between them touches another wall,wall of tile 083769 (room 0x48)
wall of tile 03BC69 (room 0x48),wall of tile 03C369 (room 0x48),8.465,no,the line between them touches another wall,wall of tile 08386A (room 0x48)
wall of tile 03BC69 (room 0x48),wall of tile 08396A (room 0x48),22.791,no,"the line between them leaves the walkable area (a wall's thickness, or another floor)",
wall of tile 03BC69 (room 0x48),wall of tile 03C069 (room 0x48),28.783,no,"the line between them leaves the walkable area (a wall's thickness, or another floor)",
wall of tile 03BC69 (room 0x48),wall of tile 083A6A (room 0x48),47.742,no,"the line between them leaves the walkable area (a wall's thickness, or another floor)",
wall of tile 03BC69 (room 0x48),wall of tile 03C869 (room 0x48),53.951,no,"the line between them leaves the walkable area (a wall's thickness, or another floor)",
wall of tile 03BC69 (room 0x48),wall of tile 084869 (room 0x48),8.465,no,the line between them touches another wall,wall of tile 08386A (room 0x48)
wall of tile 03BC69 (room 0x48),wall of tile 08466A (room 0x48),8.465,no,the line between them touches another wall,wall of tile 08386A (room 0x48)
wall of tile 083869 (room 0x48),wall of tile 084368 (room 0x48),21.161,no,the line between them touches another wall,wall of tile 03BC6A (room 0x48)
wall of tile 083869 (room 0x48),wall of tile 084869 (room 0x48),21.161,no,the line between them touches another wall,wall of tile 03BC6A (room 0x48)
wall of tile 08386A (room 0x48),wall of tile 08396A (room 0x48),21.161,no,the line between them touches another wall,wall of tile 03C369 (room 0x48)
wall of tile 08386A (room 0x48),wall of tile 03C069 (room 0x48),27.510,no,the line between them touches another wall,wall of tile 08396A (room 0x48)
wall of tile 08386A (room 0x48),wall of tile 083A6A (room 0x48),46.603,no,"another wall pokes into the space between them, so a tighter pair covers this gap",wall of tile 08396A (room 0x48)
wall of tile 08386A (room 0x48),wall of tile 03C869 (room 0x48),52.946,no,"the line between them leaves the walkable area (a wall's thickness, or another floor)",
wall of tile 03D66A (room 0x48),wall of tile 083969 (room 0x48),21.161,no,the line between them touches another wall,wall of tile 03C36A (room 0x48)
wall of tile 03D66A (room 0x48),wall of tile 03C06A (room 0x48),27.510,no,the line between them touches another wall,wall of tile 083969 (room 0x48)
wall of tile 03D66A (room 0x48),wall of tile 083A69 (room 0x48),46.555,no,the line between them touches another wall,wall of tile 083969 (room 0x48)
wall of tile 03D66A (room 0x48),wall of tile 03C86A (room 0x48),52.903,no,the line between them touches another wall,wall of tile 083969 (room 0x48)
wall of tile 03D66A (room 0x48),generic 0x1c4588 (preset 0x0041),54.933,no,"the line between them leaves the walkable area (a wall's thickness, or another floor)",
wall of tile 03D66A (room 0x48),generic 0x1c4588 (preset 0x0041),41.699,no,"the line between them leaves the walkable area (a wall's thickness, or another floor)",
wall of tile 03D66A (room 0x48),wall of tile 084368 (room 0x48),29.626,no,the line between them touches another wall,wall of tile 083869 (room 0x48)
wall of tile 03D66A (room 0x48),wall of tile 084869 (room 0x48),29.626,no,the line between them touches another wall,wall of tile 083869 (room 0x48)
wall of tile 03D66A (room 0x48),generic 0x1c4588 (preset 0x0041),33.235,no,the far wall faces the other way (it belongs to floor which isn't linked here),
wall of tile 03D66A (room 0x48),generic 0x1c4588 (preset 0x0041),18.372,no,"the line between them leaves the walkable area (a wall's thickness, or another floor)",
wall of tile 03D66A (room 0x48),generic 0x1c4588 (preset 0x0041),54.933,no,"the line between them leaves the walkable area (a wall's thickness, or another floor)",
wall of tile 03C36A (room 0x48),wall of tile 03C06A (room 0x48),6.349,no,the line between them touches another wall,wall of tile 083969 (room 0x48)
wall of tile 03C36A (room 0x48),wall of tile 083A69 (room 0x48),25.394,no,the line between them touches another wall,wall of tile 083969 (room 0x48)
wall of tile 03C36A (room 0x48),wall of tile 03C86A (room 0x48),31.742,no,the line between them touches another wall,wall of tile 083969 (room 0x48)
wall of tile 03C36A (room 0x48),wall of tile 083B69 (room 0x48),50.787,no,the line between them touches another wall,wall of tile 083969 (room 0x48)
wall of tile 03C36A (room 0x48),wall of tile 03C56A (room 0x48),57.136,no,the line between them touches another wall,wall of tile 083969 (room 0x48)
wall of tile 03C36A (room 0x48),generic 0x1c4588 (preset 0x0041),35.760,no,"the line between them leaves the walkable area (a wall's thickness, or another floor)",
wall of tile 03C36A (room 0x48),generic 0x1c4588 (preset 0x0041),42.134,no,"the line between them leaves the walkable area (a wall's thickness, or another floor)",
wall of tile 03C369 (room 0x48),wall of tile 03C069 (room 0x48),6.349,no,the line between them touches another wall,wall of tile 08396A (room 0x48)
wall of tile 03C369 (room 0x48),wall of tile 083A6A (room 0x48),25.482,no,"another wall pokes into the space between them, so a tighter pair covers this gap",wall of tile 08396A (room 0x48)
wall of tile 03C369 (room 0x48),wall of tile 03C869 (room 0x48),31.812,no,"the line between them leaves the walkable area (a wall's thickness, or another floor)",
wall of tile 03C369 (room 0x48),wall of tile 083B6A (room 0x48),50.831,no,"the line between them leaves the walkable area (a wall's thickness, or another floor)",
wall of tile 03C369 (room 0x48),wall of tile 03C569 (room 0x48),57.175,no,"the line between them leaves the walkable area (a wall's thickness, or another floor)",
wall of tile 083969 (room 0x48),wall of tile 083A69 (room 0x48),19.045,no,the line between them touches another wall,wall of tile 03C06A (room 0x48)
wall of tile 083969 (room 0x48),wall of tile 03C86A (room 0x48),25.394,no,the line between them touches another wall,wall of tile 083A69 (room 0x48)
wall of tile 083969 (room 0x48),wall of tile 083B69 (room 0x48),44.439,no,the line between them touches another wall,wall of tile 083A69 (room 0x48)
wall of tile 083969 (room 0x48),wall of tile 03C56A (room 0x48),50.787,no,the line between them touches another wall,wall of tile 083A69 (room 0x48)
wall of tile 083969 (room 0x48),generic 0x1c4588 (preset 0x0041),49.409,no,"the line between them leaves the walkable area (a wall's thickness, or another floor)",
wall of tile 083969 (room 0x48),generic 0x1c4588 (preset 0x0041),49.786,no,"the line between them leaves the walkable area (a wall's thickness, or another floor)",
wall of tile 08396A (room 0x48),wall of tile 083A6A (room 0x48),19.162,no,the line between them touches another wall,wall of tile 03C069 (room 0x48)
wall of tile 08396A (room 0x48),wall of tile 03C869 (room 0x48),25.482,no,"the line between them leaves the walkable area (a wall's thickness, or another floor)",
wall of tile 08396A (room 0x48),wall of tile 083B6A (room 0x48),44.489,no,"the line between them leaves the walkable area (a wall's thickness, or another floor)",
wall of tile 08396A (room 0x48),wall of tile 03C569 (room 0x48),50.831,no,"the line between them leaves the walkable area (a wall's thickness, or another floor)",
wall of tile 08396A (room 0x48),wall of tile 084869 (room 0x48),21.161,no,the line between them touches another wall,wall of tile 03C369 (room 0x48)
wall of tile 08396A (room 0x48),wall of tile 08466A (room 0x48),0.282,no,the far wall faces the other way (it belongs to floor which isn't linked here),
wall of tile 03C06A (room 0x48),wall of tile 03C86A (room 0x48),6.348,no,the line between them touches another wall,wall of tile 083A69 (room 0x48)
wall of tile 03C06A (room 0x48),wall of tile 083B69 (room 0x48),25.394,no,the line between them touches another wall,wall of tile 083A69 (room 0x48)
wall of tile 03C06A (room 0x48),wall of tile 03C56A (room 0x48),31.742,no,the line between them touches another wall,wall of tile 083A69 (room 0x48)
wall of tile 03C06A (room 0x48),wall of tile 083C69 (room 0x48),50.787,no,the line between them touches another wall,wall of tile 083A69 (room 0x48)
wall of tile 03C06A (room 0x48),wall of tile 03CF6A (room 0x48),57.136,no,the line between them touches another wall,wall of tile 083A69 (room 0x48)
wall of tile 03C06A (room 0x48),generic 0x1c4588 (preset 0x0041),53.504,no,"the line between them leaves the walkable area (a wall's thickness, or another floor)",
wall of tile 03C06A (room 0x48),generic 0x1c4588 (preset 0x0041),53.519,no,"the line between them leaves the walkable area (a wall's thickness, or another floor)",
wall of tile 03C069 (room 0x48),wall of tile 03C869 (room 0x48),6.348,no,the line between them touches another wall,wall of tile 083A6A (room 0x48)
wall of tile 03C069 (room 0x48),wall of tile 083B6A (room 0x48),25.394,no,the line between them touches another wall,wall of tile 083A6A (room 0x48)
wall of tile 03C069 (room 0x48),wall of tile 03C569 (room 0x48),31.742,no,the line between them touches another wall,wall of tile 083A6A (room 0x48)
wall of tile 03C069 (room 0x48),wall of tile 083C6A (room 0x48),50.787,no,the line between them touches another wall,wall of tile 083A6A (room 0x48)
wall of tile 03C069 (room 0x48),wall of tile 03CF69 (room 0x48),57.136,no,the line between them touches another wall,wall of tile 083A6A (room 0x48)
wall of tile 03C069 (room 0x48),wall of tile 084869 (room 0x48),27.510,no,the line between them touches another wall,wall of tile 08396A (room 0x48)
wall of tile 083A69 (room 0x48),wall of tile 083B69 (room 0x48),19.045,no,the line between them touches another wall,wall of tile 03C86A (room 0x48)
wall of tile 083A69 (room 0x48),wall of tile 03C56A (room 0x48),25.394,no,the line between them touches another wall,wall of tile 083B69 (room 0x48)
wall of tile 083A69 (room 0x48),wall of tile 083C69 (room 0x48),44.439,no,the line between them touches another wall,wall of tile 083B69 (room 0x48)
wall of tile 083A69 (room 0x48),wall of tile 03CF6A (room 0x48),50.787,no,the line between them touches another wall,wall of tile 083B69 (room 0x48)
wall of tile 083A6A (room 0x48),wall of tile 083B6A (room 0x48),19.045,no,the line between them touches another wall,wall of tile 03C869 (room 0x48)
wall of tile 083A6A (room 0x48),wall of tile 03C569 (room 0x48),25.394,no,the line between them touches another wall,wall of tile 083B6A (room 0x48)
wall of tile 083A6A (room 0x48),wall of tile 083C6A (room 0x48),44.439,no,the line between them touches another wall,wall of tile 083B6A (room 0x48)
wall of tile 083A6A (room 0x48),wall of tile 03CF69 (room 0x48),50.787,no,the line between them touches another wall,wall of tile 083B6A (room 0x48)
wall of tile 083A6A (room 0x48),wall of tile 084869 (room 0x48),46.603,no,the far wall faces the other way (it belongs to floor which isn't linked here),
wall of tile 083A6A (room 0x48),wall of tile 08466A (room 0x48),1.410,no,"the line between them leaves the walkable area (a wall's thickness, or another floor)",
wall of tile 03C86A (room 0x48),wall of tile 03C56A (room 0x48),6.348,no,the line between them touches another wall,wall of tile 083B69 (room 0x48)
wall of tile 03C86A (room 0x48),wall of tile 083C69 (room 0x48),25.394,no,the line between them touches another wall,wall of tile 083B69 (room 0x48)
wall of tile 03C86A (room 0x48),wall of tile 03CF6A (room 0x48),31.742,no,the line between them touches another wall,wall of tile 083B69 (room 0x48)
wall of tile 03C86A (room 0x48),wall of tile 083D69 (room 0x48),52.903,no,the line between them touches another wall,wall of tile 083B69 (room 0x48)
wall of tile 03C86A (room 0x48),wall of tile 03CE6A (room 0x48),57.136,no,the line between them touches another wall,wall of tile 083B69 (room 0x48)
wall of tile 03C869 (room 0x48),wall of tile 03C569 (room 0x48),6.348,no,the line between them touches another wall,wall of tile 083B6A (room 0x48)
wall of tile 03C869 (room 0x48),wall of tile 083C6A (room 0x48),25.394,no,the line between them touches another wall,wall of tile 083B6A (room 0x48)
wall of tile 03C869 (room 0x48),wall of tile 03CF69 (room 0x48),31.742,no,the line between them touches another wall,wall of tile 083B6A (room 0x48)
wall of tile 03C869 (room 0x48),wall of tile 083D6A (room 0x48),52.903,no,the line between them touches another wall,wall of tile 083B6A (room 0x48)
wall of tile 03C869 (room 0x48),wall of tile 03CE69 (room 0x48),57.136,no,the line between them touches another wall,wall of tile 083B6A (room 0x48)
wall of tile 03C869 (room 0x48),wall of tile 084869 (room 0x48),52.946,no,"the line between them leaves the walkable area (a wall's thickness, or another floor)",
wall of tile 03C869 (room 0x48),wall of tile 08466A (room 0x48),1.156,no,"the line between them leaves the walkable area (a wall's thickness, or another floor)",
wall of tile 083B69 (room 0x48),wall of tile 083C69 (room 0x48),19.045,no,the line between them touches another wall,wall of tile 03C56A (room 0x48)
wall of tile 083B69 (room 0x48),wall of tile 03CF6A (room 0x48),25.394,no,the line between them touches another wall,wall of tile 083C69 (room 0x48)
wall of tile 083B69 (room 0x48),wall of tile 083D69 (room 0x48),46.555,no,the line between them touches another wall,wall of tile 083C69 (room 0x48)
wall of tile 083B69 (room 0x48),wall of tile 03CE6A (room 0x48),50.787,no,the line between them touches another wall,wall of tile 083C69 (room 0x48)
wall of tile 083B6A (room 0x48),wall of tile 083C6A (room 0x48),19.045,no,the line between them touches another wall,wall of tile 03C569 (room 0x48)
wall of tile 083B6A (room 0x48),wall of tile 03CF69 (room 0x48),25.394,no,the line between them touches another wall,wall of tile 083C6A (room 0x48)
wall of tile 083B6A (room 0x48),wall of tile 083D6A (room 0x48),46.555,no,the line between them touches another wall,wall of tile 083C6A (room 0x48)
wall of tile 083B6A (room 0x48),wall of tile 03CE69 (room 0x48),50.787,no,the line between them touches another wall,wall of tile 083C6A (room 0x48)
wall of tile 083B6A (room 0x48),wall of tile 08466A (room 0x48),1.072,no,"the line between them leaves the walkable area (a wall's thickness, or another floor)",
wall of tile 03C56A (room 0x48),wall of tile 03CF6A (room 0x48),6.348,no,the line between them touches another wall,wall of tile 083C69 (room 0x48)
wall of tile 03C56A (room 0x48),wall of tile 083D69 (room 0x48),27.510,no,the line between them touches another wall,wall of tile 083C69 (room 0x48)
wall of tile 03C56A (room 0x48),wall of tile 03CE6A (room 0x48),31.742,no,the line between them touches another wall,wall of tile 083C69 (room 0x48)
wall of tile 03C56A (room 0x48),wall of tile 083E69 (room 0x48),52.903,no,the line between them touches another wall,wall of tile 083C69 (room 0x48)
wall of tile 03C569 (room 0x48),wall of tile 03CF69 (room 0x48),6.348,no,the line between them touches another wall,wall of tile 083C6A (room 0x48)
wall of tile 03C569 (room 0x48),wall of tile 083D6A (room 0x48),27.510,no,the line between them touches another wall,wall of tile 083C6A (room 0x48)
wall of tile 03C569 (room 0x48),wall of tile 03CE69 (room 0x48),31.742,no,the line between them touches another wall,wall of tile 083C6A (room 0x48)
wall of tile 03C569 (room 0x48),wall of tile 083E6A (room 0x48),52.903,no,the line between them touches another wall,wall of tile 083C6A (room 0x48)
wall of tile 03C569 (room 0x48),wall of tile 08466A (room 0x48),0.818,no,"the line between them leaves the walkable area (a wall's thickness, or another floor)",
wall of tile 083C69 (room 0x48),wall of tile 083D69 (room 0x48),21.161,no,the line between them touches another wall,wall of tile 03CF6A (room 0x48)
wall of tile 083C69 (room 0x48),wall of tile 03CE6A (room 0x48),25.394,no,the line between them touches another wall,wall of tile 083D69 (room 0x48)
wall of tile 083C69 (room 0x48),wall of tile 083E69 (room 0x48),46.555,no,the line between them touches another wall,wall of tile 083D69 (room 0x48)
wall of tile 083C6A (room 0x48),wall of tile 083D6A (room 0x48),21.161,no,the line between them touches another wall,wall of tile 03CF69 (room 0x48)
wall of tile 083C6A (room 0x48),wall of tile 03CE69 (room 0x48),25.394,no,the line between them touches another wall,wall of tile 083D6A (room 0x48)
wall of tile 083C6A (room 0x48),wall of tile 083E6A (room 0x48),46.555,no,the line between them touches another wall,wall of tile 083D6A (room 0x48)
wall of tile 083C6A (room 0x48),wall of tile 08466A (room 0x48),0.733,no,"the line between them leaves the walkable area (a wall's thickness, or another floor)",
wall of tile 03CF6A (room 0x48),wall of tile 03CE6A (room 0x48),4.232,no,the line between them touches another wall,wall of tile 083D69 (room 0x48)
wall of tile 03CF6A (room 0x48),wall of tile 083E69 (room 0x48),25.394,no,the line between them touches another wall,wall of tile 083D69 (room 0x48)
wall of tile 03CF69 (room 0x48),wall of tile 03CE69 (room 0x48),4.232,no,the line between them touches another wall,wall of tile 083D6A (room 0x48)
wall of tile 03CF69 (room 0x48),wall of tile 083E6A (room 0x48),25.394,no,the line between them touches another wall,wall of tile 083D6A (room 0x48)
wall of tile 03CF69 (room 0x48),wall of tile 08466A (room 0x48),0.451,no,"the line between them leaves the walkable area (a wall's thickness, or another floor)",
wall of tile 083D69 (room 0x48),wall of tile 083E69 (room 0x48),21.161,no,the line between them touches another wall,wall of tile 03CE6A (room 0x48)
wall of tile 083D6A (room 0x48),wall of tile 083E6A (room 0x48),21.161,no,the line between them touches another wall,wall of tile 03CE69 (room 0x48)
wall of tile 083D6A (room 0x48),wall of tile 08466A (room 0x48),0.395,no,"the line between them leaves the walkable area (a wall's thickness, or another floor)",
wall of tile 03CE69 (room 0x48),wall of tile 08466A (room 0x48),0.113,no,"the line between them leaves the walkable area (a wall's thickness, or another floor)",
wall of tile 08416A (room 0x48),generic 0x1c4588 (preset 0x0041),54.933,no,"another wall pokes into the space between them, so a tighter pair covers this gap",generic 0x1c4588 (preset 0x0041)
wall of tile 08416A (room 0x48),generic 0x1c4588 (preset 0x0041),41.699,no,"another wall pokes into the space between them, so a tighter pair covers this gap",generic 0x1c4588 (preset 0x0041)
wall of tile 08446A (room 0x48),wall of tile 084368 (room 0x48),29.626,yes,,
wall of tile 08446A (room 0x48),wall of tile 084869 (room 0x48),29.626,yes,,
wall of tile 08446A (room 0x48),generic 0x1c4588 (preset 0x0041),33.235,no,"the line between them leaves the walkable area (a wall's thickness, or another floor)",
wall of tile 08446A (room 0x48),generic 0x1c4588 (preset 0x0041),18.372,no,"another wall pokes into the space between them, so a tighter pair covers this gap",wall of tile 08416A (room 0x48)
wall of tile 08446A (room 0x48),generic 0x1c4588 (preset 0x0041),54.933,no,"another wall pokes into the space between them, so a tighter pair covers this gap",generic 0x1c4588 (preset 0x0041)
wall of tile 084368 (room 0x48),wall of tile 084869 (room 0x48),29.626,yes,,
wall of tile 084368 (room 0x48),wall of tile 084769 (room 0x48),46.555,no,the line between them touches another wall,wall of tile 084869 (room 0x48)
wall of tile 084869 (room 0x48),wall of tile 084869 (room 0x48),29.626,yes,,
wall of tile 084869 (room 0x48),wall of tile 005568 (room 0x48),14.813,no,the line between them touches another wall,wall of tile 084769 (room 0x48)
wall of tile 085068 (room 0x48),wall of tile 003168 (room 0x48),53.409,no,"the line between them leaves the walkable area (a wall's thickness, or another floor)",
wall of tile 085068 (room 0x48),wall of tile 003168 (room 0x48),29.626,no,the line between them touches another wall,wall of tile 005368 (room 0x48)
wall of tile 005368 (room 0x48),wall of tile 003168 (room 0x48),44.439,no,the line between them touches another wall,wall of tile 003168 (room 0x48)
wall of tile 002D68 (room 0x48),door 0x1c994c (preset 0x0034),47.317,no,"the line between them leaves the walkable area (a wall's thickness, or another floor)",
wall of tile 002D68 (room 0x48),door 0x1c994c (preset 0x0034),33.037,no,"the line between them leaves the walkable area (a wall's thickness, or another floor)",
wall of tile 002D68 (room 0x48),door 0x1c994c (preset 0x0034),33.037,no,"the line between them leaves the walkable area (a wall's thickness, or another floor)",
wall of tile 002D68 (room 0x48),wall of tile 002068 (room 0x48),29.626,no,"the line between them leaves the walkable area (a wall's thickness, or another floor)",
wall of tile 002D68 (room 0x48),wall of tile 002068 (room 0x48),53.409,no,"the line between them leaves the walkable area (a wall's thickness, or another floor)",
wall of tile 002D68 (room 0x48),wall of tile 05F638 (room 0x2e),42.323,no,"the line between them leaves the walkable area (a wall's thickness, or another floor)",
wall of tile 002D68 (room 0x48),door 0x1c994c (preset 0x0034),47.317,no,"the line between them leaves the walkable area (a wall's thickness, or another floor)",
wall of tile 002D68 (room 0x48),door 0x1c994c (preset 0x0034),33.037,no,"the line between them leaves the walkable area (a wall's thickness, or another floor)",
wall of tile 002D68 (room 0x48),door 0x1c994c (preset 0x0034),33.037,no,"the line between them leaves the walkable area (a wall's thickness, or another floor)",
wall of tile 002568 (room 0x48),wall of tile 031669 (room 0x48),28.470,no,the line between them touches another wall,wall of tile 000F69 (room 0x48)
wall of tile 002568 (room 0x48),wall of tile 041569 (room 0x49),48.348,no,"the line between them leaves the walkable area (a wall's thickness, or another floor)",
wall of tile 002568 (room 0x48),wall of tile 000568 (room 0x48),43.419,no,"the line between them leaves the walkable area (a wall's thickness, or another floor)",
wall of tile 002568 (room 0x48),wall of tile 000568 (room 0x48),29.626,no,the line between them touches another wall,wall of tile 002168 (room 0x48)
wall of tile 002568 (room 0x48),door 0x1c984c (preset 0x0033),33.439,no,"the line between them leaves the walkable area (a wall's thickness, or another floor)",
wall of tile 002568 (room 0x48),door 0x1c984c (preset 0x0033),33.439,no,"the line between them leaves the walkable area (a wall's thickness, or another floor)",
wall of tile 002568 (room 0x48),door 0x1c984c (preset 0x0033),48.346,no,"the line between them leaves the walkable area (a wall's thickness, or another floor)",
wall of tile 005268 (room 0x48),wall of tile 03166A (room 0x48),28.469,no,the line between them touches another wall,wall of tile 000F6A (room 0x48)
wall of tile 005268 (room 0x48),wall of tile 04156A (room 0x49),48.348,no,"the line between them leaves the walkable area (a wall's thickness, or another floor)",
wall of tile 005268 (room 0x48),wall of tile 004D68 (room 0x48),29.626,no,the line between them touches another wall,wall of tile 004E68 (room 0x48)
wall of tile 005268 (room 0x48),wall of tile 004D68 (room 0x48),43.419,no,"the line between them leaves the walkable area (a wall's thickness, or another floor)",
wall of tile 005268 (room 0x48),door 0x1c984c (preset 0x0033),33.457,no,"the line between them leaves the walkable area (a wall's thickness, or another floor)",
wall of tile 005268 (room 0x48),door 0x1c984c (preset 0x0033),48.370,no,"the line between them leaves the walkable area (a wall's thickness, or another floor)",
wall of tile 005268 (room 0x48),door 0x1c984c (preset 0x0033),33.457,no,"the line between them leaves the walkable area (a wall's thickness, or another floor)",
wall of tile 000F69 (room 0x48),wall of tile 041569 (room 0x49),23.277,no,the line between them touches another wall,wall of tile 031669 (room 0x48)
wall of tile 000F69 (room 0x48),wall of tile 041469 (room 0x49),44.489,no,"the line between them leaves the walkable area (a wall's thickness, or another floor)",
wall of tile 000F69 (room 0x48),door 0x1c984c (preset 0x0033),6.324,no,"another wall pokes into the space between them, so a tighter pair covers this gap",wall of tile 031669 (room 0x48)
wall of tile 000F69 (room 0x48),door 0x1c984c (preset 0x0033),6.324,no,"another wall pokes into the space between them, so a tighter pair covers this gap",wall of tile 031669 (room 0x48)
wall of tile 000F69 (room 0x48),door 0x1c984c (preset 0x0033),23.277,no,"the line between them leaves the walkable area (a wall's thickness, or another floor)",
wall of tile 000F6A (room 0x48),wall of tile 04156A (room 0x49),23.277,no,the line between them touches another wall,wall of tile 03166A (room 0x48)
wall of tile 000F6A (room 0x48),wall of tile 041469 (room 0x49),44.489,no,"the line between them leaves the walkable area (a wall's thickness, or another floor)",
wall of tile 000F6A (room 0x48),door 0x1c984c (preset 0x0033),6.349,no,"another wall pokes into the space between them, so a tighter pair covers this gap",wall of tile 03166A (room 0x48)
wall of tile 000F6A (room 0x48),door 0x1c984c (preset 0x0033),23.302,no,the line between them touches another wall,door 0x1c984c (preset 0x0033)
wall of tile 000F6A (room 0x48),door 0x1c984c (preset 0x0033),6.349,no,"the line between them leaves the walkable area (a wall's thickness, or another floor)",
wall of tile 031669 (room 0x48),wall of tile 041469 (room 0x49),25.482,no,the line between them touches another wall,wall of tile 041569 (room 0x49)
wall of tile 031669 (room 0x48),door 0x1c984c (preset 0x0033),0.000,no,"another wall pokes into the space between them, so a tighter pair covers this gap",door 0x1c984c (preset 0x0033)
wall of tile 031669 (room 0x48),door 0x1c984c (preset 0x0033),0.000,no,the line between them touches another wall,door 0x1c984c (preset 0x0033)
wall of tile 03166A (room 0x48),wall of tile 041469 (room 0x49),25.482,no,the line between them touches another wall,wall of tile 04156A (room 0x49)
wall of tile 03166A (room 0x48),door 0x1c984c (preset 0x0033),0.024,no,the line between them touches another wall,door 0x1c984c (preset 0x0033)
wall of tile 03166A (room 0x48),door 0x1c984c (preset 0x0033),0.000,no,"the line between them leaves the walkable area (a wall's thickness, or another floor)",
wall of tile 041569 (room 0x49),door 0x1c984c (preset 0x0033),16.953,no,the line between them touches another wall,door 0x1c984c (preset 0x0033)
wall of tile 041569 (room 0x49),door 0x1c984c (preset 0x0033),0.003,no,"the line between them leaves the walkable area (a wall's thickness, or another floor)",
wall of tile 04156A (room 0x49),wall of tile 04146A (room 0x49),42.323,no,the line between them touches another wall,wall of tile 041469 (room 0x49)
wall of tile 04156A (room 0x49),wall of tile 041268 (room 0x49),52.903,no,"another wall pokes into the space between them, so a tighter pair covers this gap",wall of tile 04146A (room 0x49)
wall of tile 04156A (room 0x49),door 0x1c984c (preset 0x0033),16.929,no,"the line between them leaves the walkable area (a wall's thickness, or another floor)",
wall of tile 04156A (room 0x49),door 0x1c984c (preset 0x0033),0.018,no,"another wall pokes into the space between them, so a tighter pair covers this gap",door 0x1c984c (preset 0x0033)
wall of tile 041469 (room 0x49),wall of tile 041168 (room 0x49),31.742,no,the line between them touches another wall,wall of tile 041469 (room 0x49)
wall of tile 041469 (room 0x49),door 0x1c984c (preset 0x0033),38.868,no,"the line between them leaves the walkable area (a wall's thickness, or another floor)",
wall of tile 041469 (room 0x49),door 0x1c984c (preset 0x0033),25.479,no,"the line between them leaves the walkable area (a wall's thickness, or another floor)",
wall of tile 041469 (room 0x49),door 0x1c984c (preset 0x0033),25.479,no,"the line between them leaves the walkable area (a wall's thickness, or another floor)",
wall of tile 041469 (room 0x49),wall of tile 041268 (room 0x49),31.742,no,the line between them touches another wall,wall of tile 04146A (room 0x49)
wall of tile 041469 (room 0x49),door 0x1c984c (preset 0x0033),38.845,no,"the line between them leaves the walkable area (a wall's thickness, or another floor)",
wall of tile 041469 (room 0x49),door 0x1c984c (preset 0x0033),25.465,no,"another wall pokes into the space between them, so a tighter pair covers this gap",wall of tile 04156A (room 0x49)
wall of tile 041469 (room 0x49),door 0x1c984c (preset 0x0033),25.465,no,"another wall pokes into the space between them, so a tighter pair covers this gap",wall of tile 04156A (room 0x49)
wall of tile 054568 (room 0x49),wall of tile 054E68 (room 0x4a),44.890,no,"another wall pokes into the space between them, so a tighter pair covers this gap",wall of tile 054768 (room 0x4a)
wall of tile 054568 (room 0x49),wall of tile 054768 (room 0x4a),31.742,no,the line between them touches another wall,wall of tile 054768 (room 0x4a)
wall of tile 054368 (room 0x49),wall of tile 054968 (room 0x4a),43.419,no,the line between them touches another wall,wall of tile 054868 (room 0x4a)
wall of tile 054868 (room 0x4a),wall of tile 004468 (room 0x48),50.875,no,"the line between them leaves the walkable area (a wall's thickness, or another floor)",
wall of tile 054868 (room 0x4a),wall of tile 004D68 (room 0x48),38.149,no,"the line between them leaves the walkable area (a wall's thickness, or another floor)",
wall of tile 054868 (room 0x4a),wall of tile 004D68 (room 0x48),33.219,no,"the line between them leaves the walkable area (a wall's thickness, or another floor)",
wall of tile 054968 (room 0x4a),wall of tile 055168 (room 0x4a),40.206,no,the line between them touches another wall,wall of tile 055168 (room 0x4a)
wall of tile 054968 (room 0x4a),wall of tile 047E68 (room 0x4a),49.943,no,"another wall pokes into the space between them, so a tighter pair covers this gap",wall of tile 055168 (room 0x4a)
wall of tile 054968 (room 0x4a),wall of tile 004468 (room 0x48),35.974,no,"the line between them leaves the walkable area (a wall's thickness, or another floor)",
wall of tile 054968 (room 0x4a),wall of tile 004D68 (room 0x48),38.149,no,"the line between them leaves the walkable area (a wall's thickness, or another floor)",
wall of tile 054968 (room 0x4a),wall of tile 004D68 (room 0x48),33.219,no,"the line between them leaves the walkable area (a wall's thickness, or another floor)",
wall of tile 055168 (room 0x4a),wall of tile 047E68 (room 0x4a),29.626,no,the line between them touches another wall,wall of tile 055168 (room 0x4a)
wall of tile 048168 (room 0x4a),wall of tile 055268 (room 0x4a),31.742,no,the line between them touches another wall,wall of tile 055268 (room 0x4a)
wall of tile 048168 (room 0x4a),wall of tile 054E68 (room 0x4a),51.226,no,"another wall pokes into the space between them, so a tighter pair covers this gap",wall of tile 055268 (room 0x4a)
wall of tile 046F68 (room 0x4a),wall of tile 047B68 (room 0x4a),44.890,no,"another wall pokes into the space between them, so a tighter pair covers this gap",wall of tile 047168 (room 0x4a)
wall of tile 046F68 (room 0x4a),wall of tile 047168 (room 0x4a),31.742,no,the line between them touches another wall,wall of tile 047168 (room 0x4a)
wall of tile 047568 (room 0x4a),generic 0x1c4b88 (preset 0x0045),14.744,no,"another wall pokes into the space between them, so a tighter pair covers this gap",wall of tile 046D68 (room 0x4a)
wall of tile 047568 (room 0x4a),generic 0x1c4b88 (preset 0x0045),21.846,no,"another wall pokes into the space between them, so a tighter pair covers this gap",wall of tile 046D68 (room 0x4a)
wall of tile 046D68 (room 0x4a),wall of tile 047668 (room 0x4a),43.420,no,the line between them touches another wall,wall of tile 047568 (room 0x4a)
wall of tile 046D68 (room 0x4a),generic 0x1c4b88 (preset 0x0045),11.664,yes,,
wall of tile 046D68 (room 0x4a),generic 0x1c4b88 (preset 0x0045),11.664,yes,,
wall of tile 047668 (room 0x4a),wall of tile 048368 (room 0x4a),42.323,no,the line between them touches another wall,wall of tile 048368 (room 0x4a)
wall of tile 047668 (room 0x4a),wall of tile 041B68 (room 0x4b),51.661,no,"another wall pokes into the space between them, so a tighter pair covers this gap",wall of tile 048368 (room 0x4a)
wall of tile 047668 (room 0x4a),generic 0x1c4b88 (preset 0x0045),49.513,no,"another wall pokes into the space between them, so a tighter pair covers this gap",wall of tile 047568 (room 0x4a)
wall of tile 047668 (room 0x4a),generic 0x1c4b88 (preset 0x0045),57.708,no,"another wall pokes into the space between them, so a tighter pair covers this gap",generic 0x1c4b88 (preset 0x0045)
wall of tile 048368 (room 0x4a),wall of tile 041B68 (room 0x4b),29.626,no,the line between them touches another wall,wall of tile 048368 (room 0x4a)
wall of tile 041868 (room 0x4b),wall of tile 048468 (room 0x4a),31.742,no,the line between them touches another wall,wall of tile 048468 (room 0x4a)
wall of tile 041868 (room 0x4b),wall of tile 047B68 (room 0x4a),52.903,no,"another wall pokes into the space between them, so a tighter pair covers this gap",wall of tile 048468 (room 0x4a)
wall of tile 040968 (room 0x4b),wall of tile 05FB69 (room 0x4c),40.207,no,the line between them touches another wall,wall of tile 05FD69 (room 0x4c)
wall of tile 040B68 (room 0x4b),wall of tile 05FB6A (room 0x4c),40.207,no,the line between them touches another wall,wall of tile 05FD6A (room 0x4c)
wall of tile 05FD69 (room 0x4c),wall of tile 05F969 (room 0x4c),40.207,no,the line between them touches another wall,wall of tile 05FB69 (room 0x4c)
wall of tile 05FD6A (room 0x4c),wall of tile 05F96A (room 0x4c),40.207,no,the line between them touches another wall,wall of tile 05FB6A (room 0x4c)
wall of tile 05FB69 (room 0x4c),wall of tile 05F769 (room 0x4c),42.323,no,the line between them touches another wall,wall of tile 05F969 (room 0x4c)
wall of tile 05FB6A (room 0x4c),wall of tile 05F76A (room 0x4c),42.323,no,the line between them touches another wall,wall of tile 05F96A (room 0x4c)
wall of tile 05F969 (room 0x4c),wall of tile 05F569 (room 0x4c),40.207,no,the line between them touches another wall,wall of tile 05F769 (room 0x4c)
wall of tile 05F96A (room 0x4c),wall of tile 05F56A (room 0x4c),40.207,no,the line between them touches another wall,wall of tile 05F76A (room 0x4c)
wall of tile 05F769 (room 0x4c),wall of tile 05F369 (room 0x4c),40.207,no,the line between them touches another wall,wall of tile 05F569 (room 0x4c)
wall of tile 05F76A (room 0x4c),wall of tile 05F36A (room 0x4c),40.207,no,the line between them touches another wall,wall of tile 05F56A (room 0x4c)
wall of tile 05F569 (room 0x4c),wall of tile 05F169 (room 0x4c),42.323,no,the line between them touches another wall,wall of tile 05F369 (room 0x4c)
wall of tile 05F56A (room 0x4c),wall of tile 05F16A (room 0x4c),42.323,no,the line between them touches another wall,wall of tile 05F36A (room 0x4c)
wall of tile 05F369 (room 0x4c),wall of tile 05EF69 (room 0x4c),40.206,no,the line between them touches another wall,wall of tile 05F169 (room 0x4c)
wall of tile 05F36A (room 0x4c),wall of tile 05EF6A (room 0x4c),40.206,no,the line between them touches another wall,wall of tile 05F16A (room 0x4c)
wall of tile 05F169 (room 0x4c),wall of tile 05ED69 (room 0x4c),42.323,no,the line between them touches another wall,wall of tile 05EF69 (room 0x4c)
wall of tile 05F16A (room 0x4c),wall of tile 05ED6A (room 0x4c),42.323,no,the line between them touches another wall,wall of tile 05EF6A (room 0x4c)
wall of tile 05EF69 (room 0x4c),wall of tile 05EB69 (room 0x4c),40.207,no,the line between them touches another wall,wall of tile 05ED69 (room 0x4c)
wall of tile 05EF6A (room 0x4c),wall of tile 05EB6A (room 0x4c),40.207,no,the line between them touches another wall,wall of tile 05ED6A (room 0x4c)
wall of tile 05ED69 (room 0x4c),wall of tile 064E68 (room 0x4c),40.207,no,the line between them touches another wall,wall of tile 05EB69 (room 0x4c)
wall of tile 05ED6A (room 0x4c),wall of tile 064B68 (room 0x4c),40.207,no,the line between them touches another wall,wall of tile 05EB6A (room 0x4c)
wall of tile 063E68 (room 0x4c),wall of tile 064868 (room 0x4d),44.890,no,"another wall pokes into the space between them, so a tighter pair covers this gap",wall of tile 064068 (room 0x4d)
wall of tile 063E68 (room 0x4c),wall of tile 064068 (room 0x4d),31.742,no,the line between them touches another wall,wall of tile 064068 (room 0x4d)
wall of tile 063C68 (room 0x4c),wall of tile 064368 (room 0x4d),43.419,no,"another wall pokes into the space between them, so a tighter pair covers this gap",wall of tile 063F68 (room 0x4d)
wall of tile 063C68 (room 0x4c),wall of tile 063F68 (room 0x4d),31.742,no,the line between them touches another wall,wall of tile 063F68 (room 0x4d)
wall of tile 064368 (room 0x4d),wall of tile 063F68 (room 0x4d),29.626,no,the line between them touches another wall,wall of tile 063F68 (room 0x4d)
wall of tile 064368 (room 0x4d),wall of tile 065068 (room 0x4d),40.207,no,the line between them touches another wall,wall of tile 065068 (room 0x4d)
wall of tile 064368 (room 0x4d),wall of tile 062E68 (room 0x4d),49.943,no,"another wall pokes into the space between them, so a tighter pair covers this gap",wall of tile 065068 (room 0x4d)
wall of tile 065068 (room 0x4d),wall of tile 062E68 (room 0x4d),29.626,no,the line between them touches another wall,wall of tile 065068 (room 0x4d)
wall of tile 063168 (room 0x4d),wall of tile 065268 (room 0x4d),31.742,no,the line between them touches another wall,wall of tile 065268 (room 0x4d)
wall of tile 063168 (room 0x4d),wall of tile 064868 (room 0x4d),51.226,no,"another wall pokes into the space between them, so a tighter pair covers this gap",wall of tile 065268 (room 0x4d)
wall of tile 061F68 (room 0x4d),wall of tile 062B68 (room 0x4d),44.890,no,"another wall pokes into the space between them, so a tighter pair covers this gap",wall of tile 062168 (room 0x4d)
wall of tile 061F68 (room 0x4d),wall of tile 062168 (room 0x4d),31.742,no,the line between them touches another wall,wall of tile 062168 (room 0x4d)
wall of tile 061D68 (room 0x4d),wall of tile 062668 (room 0x4d),43.419,no,"another wall pokes into the space between them, so a tighter pair covers this gap",wall of tile 062068 (room 0x4d)
wall of tile 061D68 (room 0x4d),wall of tile 062068 (room 0x4d),29.626,no,the line between them touches another wall,wall of tile 062068 (room 0x4d)
wall of tile 062668 (room 0x4d),wall of tile 062068 (room 0x4d),31.742,no,the line between them touches another wall,wall of tile 062068 (room 0x4d)
wall of tile 062668 (room 0x4d),wall of tile 063868 (room 0x4d),40.207,no,the line between them touches another wall,wall of tile 063868 (room 0x4d)
wall of tile 062668 (room 0x4d),wall of tile 063668 (room 0x4e),49.943,no,"another wall pokes into the space between them, so a tighter pair covers this gap",wall of tile 063868 (room 0x4d)
wall of tile 063868 (room 0x4d),wall of tile 063668 (room 0x4e),29.626,no,the line between them touches another wall,wall of tile 063868 (room 0x4d)
wall of tile 063668 (room 0x4e),wall of tile 05501A (room 0x1a),50.478,no,"the line between them leaves the walkable area (a wall's thickness, or another floor)",
wall of tile 063668 (room 0x4e),wall of tile 05C219 (room 0x1a),42.806,no,"the line between them leaves the walkable area (a wall's thickness, or another floor)",
wall of tile 063568 (room 0x4e),wall of tile 05C219 (room 0x1a),28.742,no,"the line between them leaves the walkable area (a wall's thickness, or another floor)",
wall of tile 063568 (room 0x4e),door 0x1c974c (preset 0x0032),14.807,no,"the line between them leaves the walkable area (a wall's thickness, or another floor)",
wall of tile 063568 (room 0x4e),door 0x1c974c (preset 0x0032),0.000,no,"the line between them leaves the walkable area (a wall's thickness, or another floor)",
wall of tile 063568 (room 0x4e),door 0x1c974c (preset 0x0032),0.000,no,"the line between them leaves the walkable area (a wall's thickness, or another floor)",
wall of tile 055019 (room 0x1a),wall of tile 063468 (room 0x4e),48.717,no,"the line between them leaves the walkable area (a wall's thickness, or another floor)",
wall of tile 055019 (room 0x1a),door 0x1c974c (preset 0x0032),0.000,yes,,
wall of tile 055019 (room 0x1a),door 0x1c974c (preset 0x0032),10.475,no,"another wall pokes into the space between them, so a tighter pair covers this gap",door 0x1c974c (preset 0x0032)
wall of tile 055019 (room 0x1a),door 0x1c974c (preset 0x0032),0.000,yes,,
wall of tile 063368 (room 0x4e),wall of tile 05C81A (room 0x1a),28.715,no,"the line between them leaves the walkable area (a wall's thickness, or another floor)",
wall of tile 063368 (room 0x4e),door 0x1c974c (preset 0x0032),0.000,no,"another wall pokes into the space between them, so a tighter pair covers this gap",wall of tile 055019 (room 0x1a)
wall of tile 063368 (room 0x4e),door 0x1c974c (preset 0x0032),14.806,no,"the line between them leaves the walkable area (a wall's thickness, or another floor)",
wall of tile 063368 (room 0x4e),door 0x1c974c (preset 0x0032),0.000,no,"another wall pokes into the space between them, so a tighter pair covers this gap",wall of tile 055019 (room 0x1a)
wall of tile 063468 (room 0x4e),wall of tile 05C81A (room 0x1a),48.717,no,"the line between them leaves the walkable area (a wall's thickness, or another floor)",
wall of tile 063468 (room 0x4e),wall of tile 063768 (room 0x4d),31.742,no,the line between them touches another wall,wall of tile 063768 (room 0x4d)
wall of tile 063468 (room 0x4e),wall of tile 062B68 (room 0x4d),52.903,no,"another wall pokes into the space between them, so a tighter pair covers this gap",wall of tile 063768 (room 0x4d)
wall of tile 05501A (room 0x1a),door 0x1c974c (preset 0x0032),10.475,no,"another wall pokes into the space between them, so a tighter pair covers this gap",door 0x1c974c (preset 0x0032)
wall of tile 05501A (room 0x1a),door 0x1c974c (preset 0x0032),0.000,yes,,
wall of tile 05501A (room 0x1a),door 0x1c974c (preset 0x0032),0.000,yes,,
wall of tile 05C81A (room 0x1a),door 0x1c974c (preset 0x0032),33.123,no,"another wall pokes into the space between them, so a tighter pair covers this gap",wall of tile 055019 (room 0x1a)
wall of tile 05C81A (room 0x1a),door 0x1c974c (preset 0x0032),33.123,no,"another wall pokes into the space between them, so a tighter pair covers this gap",wall of tile 055019 (room 0x1a)
wall of tile 05C81A (room 0x1a),door 0x1c974c (preset 0x0032),41.897,no,"another wall pokes into the space between them, so a tighter pair covers this gap",wall of tile 063368 (room 0x4e)
wall of tile 05C219 (room 0x1a),door 0x1c974c (preset 0x0032),33.123,no,"another wall pokes into the space between them, so a tighter pair covers this gap",wall of tile 05501A (room 0x1a)
wall of tile 05C219 (room 0x1a),door 0x1c974c (preset 0x0032),33.123,no,"another wall pokes into the space between them, so a tighter pair covers this gap",wall of tile 05501A (room 0x1a)
wall of tile 05C219 (room 0x1a),door 0x1c974c (preset 0x0032),41.897,no,"another wall pokes into the space between them, so a tighter pair covers this gap",wall of tile 05501A (room 0x1a)
wall of tile 05D619 (room 0x1a),wall of tile 002538 (room 0x2c),44.614,no,"the line between them leaves the walkable area (a wall's thickness, or another floor)",
wall of tile 05D619 (room 0x1a),wall of tile 002438 (room 0x2c),32.848,no,"the line between them leaves the walkable area (a wall's thickness, or another floor)",
wall of tile 05D619 (room 0x1a),wall of tile 07EE19 (room 0x1b),2.993,no,"the line between them leaves the walkable area (a wall's thickness, or another floor)",
wall of tile 05D619 (room 0x1a),wall of tile 08051A (room 0x1b),2.503,no,"the line between them leaves the walkable area (a wall's thickness, or another floor)",
wall of tile 05D619 (room 0x1a),door 0x1c9b4c (preset 0x0037),37.855,no,"the line between them leaves the walkable area (a wall's thickness, or another floor)",
wall of tile 05D619 (room 0x1a),door 0x1c9b4c (preset 0x0037),47.883,no,"the line between them leaves the walkable area (a wall's thickness, or another floor)",
wall of tile 05D619 (room 0x1a),door 0x1c9b4c (preset 0x0037),37.855,no,"the line between them leaves the walkable area (a wall's thickness, or another floor)",
wall of tile 05D619 (room 0x1a),door 0x1c9b4c (preset 0x0037),37.855,no,"the line between them leaves the walkable area (a wall's thickness, or another floor)",
wall of tile 05D61A (room 0x1a),wall of tile 08051A (room 0x1b),2.993,no,the far wall faces the other way (it belongs to floor which isn't linked here),
wall of tile 05D61A (room 0x1a),wall of tile 080519 (room 0x1b),2.993,no,the far wall faces the other way (it belongs to floor which isn't linked here),
wall of tile 05D819 (room 0x1a),wall of tile 002538 (room 0x2c),49.583,no,"the line between them leaves the walkable area (a wall's thickness, or another floor)",
wall of tile 05D819 (room 0x1a),wall of tile 002438 (room 0x2c),32.848,no,"the line between them leaves the walkable area (a wall's thickness, or another floor)",
wall of tile 05D819 (room 0x1a),wall of tile 002238 (room 0x2c),32.973,no,"the line between them leaves the walkable area (a wall's thickness, or another floor)",
wall of tile 05D819 (room 0x1a),wall of tile 07EE19 (room 0x1b),2.116,no,"the line between them leaves the walkable area (a wall's thickness, or another floor)",
wall of tile 05D819 (room 0x1a),wall of tile 07EE1A (room 0x1b),2.993,no,"the line between them leaves the walkable area (a wall's thickness, or another floor)",
wall of tile 05D819 (room 0x1a),wall of tile 080219 (room 0x1b),2.993,no,"the line between them leaves the walkable area (a wall's thickness, or another floor)",
wall of tile 05D819 (room 0x1a),wall of tile 002338 (room 0x2c),52.903,no,"the line between them leaves the walkable area (a wall's thickness, or another floor)",
wall of tile 05D819 (room 0x1a),door 0x1c9b4c (preset 0x0037),16.929,no,"the line between them leaves the walkable area (a wall's thickness, or another floor)",
wall of tile 05D819 (room 0x1a),door 0x1c9b4c (preset 0x0037),16.929,no,"the line between them leaves the walkable area (a wall's thickness, or another floor)",
wall of tile 05D819 (room 0x1a),door 0x1c9b4c (preset 0x0037),33.858,no,"the line between them leaves the walkable area (a wall's thickness, or another floor)",
wall of tile 05D819 (room 0x1a),door 0x1c9b4c (preset 0x0037),33.858,no,"the line between them leaves the walkable area (a wall's thickness, or another floor)",
wall of tile 05D819 (room 0x1a),door 0x1c9b4c (preset 0x0037),16.929,no,"the line between them leaves the walkable area (a wall's thickness, or another floor)",
wall of tile 05D819 (room 0x1a),door 0x1c9b4c (preset 0x0037),16.929,no,"the line between them leaves the walkable area (a wall's thickness, or another floor)",
wall of tile 05D81A (room 0x1a),wall of tile 08051A (room 0x1b),2.116,no,the far wall faces the other way (it belongs to floor which isn't linked here),
wall of tile 05D81A (room 0x1a),wall of tile 080519 (room 0x1b),2.116,no,the far wall faces the other way (it belongs to floor which isn't linked here),
wall of tile 05D81A (room 0x1a),wall of tile 08021A (room 0x1b),2.993,no,the far wall faces the other way (it belongs to floor which isn't linked here),
wall of tile 05C91A (room 0x1a),wall of tile 002238 (room 0x2c),32.973,no,"the line between them leaves the walkable area (a wall's thickness, or another floor)",
wall of tile 05C91A (room 0x1a),wall of tile 07EE1A (room 0x1b),2.805,no,"the line between them leaves the walkable area (a wall's thickness, or another floor)",
wall of tile 05C91A (room 0x1a),wall of tile 080219 (room 0x1b),2.805,no,"the line between them leaves the walkable area (a wall's thickness, or another floor)",
wall of tile 05C91A (room 0x1a),wall of tile 080619 (room 0x1b),2.993,no,"the line between them leaves the walkable area (a wall's thickness, or another floor)",
wall of tile 05C91A (room 0x1a),wall of tile 002338 (room 0x2c),46.489,no,"the line between them leaves the walkable area (a wall's thickness, or another floor)",
wall of tile 05C91A (room 0x1a),door 0x1c9b4c (preset 0x0037),34.121,no,"the line between them leaves the walkable area (a wall's thickness, or another floor)",
wall of tile 05C91A (room 0x1a),door 0x1c9b4c (preset 0x0037),34.121,no,"the line between them leaves the walkable area (a wall's thickness, or another floor)",
wall of tile 05C91A (room 0x1a),door 0x1c9b4c (preset 0x0037),44.989,no,"the line between them leaves the walkable area (a wall's thickness, or another floor)",
wall of tile 05C91A (room 0x1a),door 0x1c9b4c (preset 0x0037),44.990,no,"the line between them leaves the walkable area (a wall's thickness, or another floor)",
wall of tile 05C919 (room 0x1a),wall of tile 080519 (room 0x1b),2.116,no,the far wall faces the other way (it belongs to floor which isn't linked here),
wall of tile 05C919 (room 0x1a),wall of tile 08021A (room 0x1b),2.801,no,the far wall faces the other way (it belongs to floor which isn't linked here),
wall of tile 05C919 (room 0x1a),wall of tile 08061A (room 0x1b),2.993,no,the far wall faces the other way (it belongs to floor which isn't linked here),
wall of tile 05C319 (room 0x1a),wall of tile 080219 (room 0x1b),2.805,no,"the line between them leaves the walkable area (a wall's thickness, or another floor)",
wall of tile 05C319 (room 0x1a),wall of tile 080619 (room 0x1b),2.993,no,"the line between them leaves the walkable area (a wall's thickness, or another floor)",
wall of tile 05C319 (room 0x1a),wall of tile 081119 (room 0x1b),2.812,no,"the line between them leaves the walkable area (a wall's thickness, or another floor)",
wall of tile 05C31A (room 0x1a),wall of tile 08021A (room 0x1b),2.801,no,the far wall faces the other way (it belongs to floor which isn't linked here),
wall of tile 05C31A (room 0x1a),wall of tile 08061A (room 0x1b),2.993,no,the far wall faces the other way (it belongs to floor which isn't linked here),
wall of tile 05C31A (room 0x1a),wall of tile 08111A (room 0x1b),2.800,no,the far wall faces the other way (it belongs to floor which isn't linked here),
wall of tile 05CB19 (room 0x1a),wall of tile 080619 (room 0x1b),2.993,no,"the line between them leaves the walkable area (a wall's thickness, or another floor)",
wall of tile 05CB19 (room 0x1a),wall of tile 081019 (room 0x1b),0.962,no,the far wall faces the other way (it belongs to floor which isn't linked here),
wall of tile 05CB19 (room 0x1a),door 0x1c9c4c (preset 0x0038),43.420,no,"the line between them leaves the walkable area (a wall's thickness, or another floor)",
wall of tile 05CB19 (room 0x1a),door 0x1c9c4c (preset 0x0038),33.123,no,"the line between them leaves the walkable area (a wall's thickness, or another floor)",
wall of tile 05CB19 (room 0x1a),door 0x1c9c4c (preset 0x0038),33.123,no,"the line between them leaves the walkable area (a wall's thickness, or another floor)",
wall of tile 05CB1A (room 0x1a),wall of tile 08061A (room 0x1b),2.993,no,the far wall faces the other way (it belongs to floor which isn't linked here),
wall of tile 05CB1A (room 0x1a),wall of tile 08111A (room 0x1b),2.800,no,the far wall faces the other way (it belongs to floor which isn't linked here),
wall of tile 05CB1A (room 0x1a),wall of tile 08101A (room 0x1b),2.116,no,the far wall faces the other way (it belongs to floor which isn't linked here),
wall of tile 05D719 (room 0x1a),wall of tile 081119 (room 0x1b),2.993,no,the far wall faces the other way (it belongs to floor which isn't linked here),
wall of tile 05D719 (room 0x1a),wall of tile 081019 (room 0x1b),2.116,no,the far wall faces the other way (it belongs to floor which isn't linked here),
wall of tile 05D719 (room 0x1a),wall of tile 08101A (room 0x1b),2.116,no,the far wall faces the other way (it belongs to floor which isn't linked here),
wall of tile 05D719 (room 0x1a),door 0x1c9c4c (preset 0x0038),14.813,no,"the line between them leaves the walkable area (a wall's thickness, or another floor)",
wall of tile 05D719 (room 0x1a),door 0x1c9c4c (preset 0x0038),31.742,no,"the line between them leaves the walkable area (a wall's thickness, or another floor)",
wall of tile 05D719 (room 0x1a),door 0x1c9c4c (preset 0x0038),14.813,no,"the line between them leaves the walkable area (a wall's thickness, or another floor)",
wall of tile 05D719 (room 0x1a),door 0x1c9c4c (preset 0x0038),14.813,no,"the line between them leaves the walkable area (a wall's thickness, or another floor)",
wall of tile 05D71A (room 0x1a),wall of tile 081019 (room 0x1b),1.669,no,the far wall faces the other way (it belongs to floor which isn't linked here),
wall of tile 05D71A (room 0x1a),wall of tile 08101A (room 0x1b),1.669,no,the far wall faces the other way (it belongs to floor which isn't linked here),
wall of tile 05D71A (room 0x1a),wall of tile 08101A (room 0x1b),2.484,no,the far wall faces the other way (it belongs to floor which isn't linked here),
wall of tile 05D71A (room 0x1a),door 0x1c9c4c (preset 0x0038),33.123,no,"the line between them leaves the walkable area (a wall's thickness, or another floor)",
wall of tile 05D71A (room 0x1a),door 0x1c9c4c (preset 0x0038),43.420,no,"the line between them leaves the walkable area (a wall's thickness, or another floor)",
wall of tile 05D71A (room 0x1a),door 0x1c9c4c (preset 0x0038),33.123,no,"the line between them leaves the walkable area (a wall's thickness, or another floor)",
wall of tile 05D71A (room 0x1a),wall of tile 08111A (room 0x1b),2.993,no,the far wall faces the other way (it belongs to floor which isn't linked here),
wall of tile 05D71A (room 0x1a),wall of tile 08101A (room 0x1b),2.116,no,the far wall faces the other way (it belongs to floor which isn't linked here),
wall of tile 05D71A (room 0x1a),wall of tile 08101A (room 0x1b),2.116,no,the far wall faces the other way (it belongs to floor which isn't linked here),
wall of tile 063768 (room 0x4d),wall of tile 062B68 (room 0x4d),42.323,no,the line between them touches another wall,wall of tile 063768 (room 0x4d)
wall of tile 062B68 (room 0x4d),wall of tile 062168 (room 0x4d),31.742,no,the line between them touches another wall,wall of tile 062168 (room 0x4d)
wall of tile 065268 (room 0x4d),wall of tile 064868 (room 0x4d),40.207,no,the line between them touches another wall,wall of tile 065268 (room 0x4d)
wall of tile 064868 (room 0x4d),wall of tile 064068 (room 0x4d),31.742,no,the line between them touches another wall,wall of tile 064068 (room 0x4d)
wall of tile 048468 (room 0x4a),wall of tile 047B68 (room 0x4a),42.323,no,the line between them touches another wall,wall of tile 048468 (room 0x4a)
wall of tile 047B68 (room 0x4a),wall of tile 047168 (room 0x4a),31.742,no,the line between them touches another wall,wall of tile 047168 (room 0x4a)
wall of tile 055268 (room 0x4a),wall of tile 054E68 (room 0x4a),40.206,no,the line between them touches another wall,wall of tile 055268 (room 0x4a)
wall of tile 054E68 (room 0x4a),wall of tile 054768 (room 0x4a),31.742,no,the line between them touches another wall,wall of tile 054768 (room 0x4a)
wall of tile 004E68 (room 0x48),wall of tile 004D68 (room 0x48),31.655,no,"another wall pokes into the space between them, so a tighter pair covers this gap",wall of tile 004D68 (room 0x48)
wall of tile 004468 (room 0x48),wall of tile 004D68 (room 0x48),57.136,no,"another wall pokes into the space between them, so a tighter pair covers this gap",wall of tile 004D68 (room 0x48)
wall of tile 003968 (room 0x48),wall of tile 004C68 (room 0x48),29.545,no,"another wall pokes into the space between them, so a tighter pair covers this gap",wall of tile 004C68 (room 0x48)
wall of tile 004A68 (room 0x48),wall of tile 004868 (room 0x48),31.459,no,the line between them touches another wall,wall of tile 004968 (room 0x48)
wall of tile 004868 (room 0x48),wall of tile 004C68 (room 0x48),57.136,no,"another wall pokes into the space between them, so a tighter pair covers this gap",wall of tile 004C68 (room 0x48)
wall of tile 004C68 (room 0x48),wall of tile 003D68 (room 0x48),31.742,no,the line between them touches another wall,wall of tile 003968 (room 0x48)
wall of tile 004C68 (room 0x48),wall of tile 003D68 (room 0x48),43.419,no,"the line between them leaves the walkable area (a wall's thickness, or another floor)",
wall of tile 001668 (room 0x48),wall of tile 001F68 (room 0x48),31.742,no,the line between them touches another wall,wall of tile 001268 (room 0x48)
wall of tile 001668 (room 0x48),wall of tile 001F68 (room 0x48),43.420,no,"the line between them leaves the walkable area (a wall's thickness, or another floor)",
wall of tile 002168 (room 0x48),wall of tile 000568 (room 0x48),31.310,no,"another wall pokes into the space between them, so a tighter pair covers this gap",wall of tile 000568 (room 0x48)
wall of tile 001268 (room 0x48),wall of tile 001F68 (room 0x48),29.626,no,the line between them touches another wall,wall of tile 001F68 (room 0x48)
wall of tile 001B68 (room 0x48),wall of tile 001F68 (room 0x48),57.487,no,the line between them touches another wall,wall of tile 001F68 (room 0x48)
wall of tile 001C68 (room 0x48),wall of tile 001868 (room 0x48),56.939,no,the line between them touches another wall,wall of tile 001E68 (room 0x48)
wall of tile 002968 (room 0x48),wall of tile 002068 (room 0x48),46.437,no,"the line between them leaves the walkable area (a wall's thickness, or another floor)",
wall of tile 05F638 (room 0x2e),wall of tile 05F238 (room 0x2e),49.943,no,"another wall pokes into the space between them, so a tighter pair covers this gap",wall of tile 05F938 (room 0x2e)
wall of tile 05F638 (room 0x2e),wall of tile 05F938 (room 0x2e),29.626,no,the line between them touches another wall,wall of tile 05F938 (room 0x2e)
wall of tile 05F238 (room 0x2e),wall of tile 05F938 (room 0x2e),40.207,no,the line between them touches another wall,wall of tile 05F938 (room 0x2e)
wall of tile 05F238 (room 0x2e),wall of tile 05EA38 (room 0x2e),29.626,no,the line between them touches another wall,wall of tile 05EA38 (room 0x2e)
wall of tile 05E338 (room 0x2e),wall of tile 05FF38 (room 0x2f),42.323,no,the line between them touches another wall,wall of tile 060038 (room 0x2f)
wall of tile 000738 (room 0x2c),wall of tile 001038 (room 0x2c),43.419,no,"another wall pokes into the space between them, so a tighter pair covers this gap",wall of tile 000A38 (room 0x2c)
wall of tile 000738 (room 0x2c),wall of tile 000A38 (room 0x2c),31.742,no,the line between them touches another wall,wall of tile 000A38 (room 0x2c)
wall of tile 001038 (room 0x2c),wall of tile 000A38 (room 0x2c),29.626,no,the line between them touches another wall,wall of tile 000A38 (room 0x2c)
wall of tile 001038 (room 0x2c),wall of tile 002738 (room 0x2c),40.206,no,the line between them touches another wall,wall of tile 002738 (room 0x2c)
wall of tile 001038 (room 0x2c),wall of tile 002538 (room 0x2c),51.226,no,"another wall pokes into the space between them, so a tighter pair covers this gap",wall of tile 002738 (room 0x2c)
wall of tile 002738 (room 0x2c),wall of tile 002538 (room 0x2c),31.742,no,the line between them touches another wall,wall of tile 002738 (room 0x2c)
wall of tile 002538 (room 0x2c),wall of tile 07EE19 (room 0x1b),49.943,no,"the line between them leaves the walkable area (a wall's thickness, or another floor)",
wall of tile 002538 (room 0x2c),wall of tile 08051A (room 0x1b),49.943,no,"the line between them leaves the walkable area (a wall's thickness, or another floor)",
wall of tile 002438 (room 0x2c),wall of tile 08051A (room 0x1b),30.795,no,"the line between them leaves the walkable area (a wall's thickness, or another floor)",
wall of tile 002438 (room 0x2c),door 0x1c9b4c (preset 0x0037),16.922,no,"the line between them leaves the walkable area (a wall's thickness, or another floor)",
wall of tile 002438 (room 0x2c),door 0x1c9b4c (preset 0x0037),0.000,yes,,
wall of tile 002438 (room 0x2c),door 0x1c9b4c (preset 0x0037),0.000,yes,,
wall of tile 002438 (room 0x2c),door 0x1c9b4c (preset 0x0037),16.922,no,"the line between them leaves the walkable area (a wall's thickness, or another floor)",
wall of tile 002238 (room 0x2c),wall of tile 080219 (room 0x1b),30.795,no,"the line between them leaves the walkable area (a wall's thickness, or another floor)",
wall of tile 002238 (room 0x2c),door 0x1c9b4c (preset 0x0037),16.922,no,"the line between them leaves the walkable area (a wall's thickness, or another floor)",
wall of tile 002238 (room 0x2c),door 0x1c9b4c (preset 0x0037),0.000,no,"the line between them leaves the walkable area (a wall's thickness, or another floor)",
wall of tile 002238 (room 0x2c),door 0x1c9b4c (preset 0x0037),0.000,no,the line between them touches another wall,door 0x1c9b4c (preset 0x0037)
wall of tile 07EE19 (room 0x1b),door 0x1c9b4c (preset 0x0037),11.971,no,"another wall pokes into the space between them, so a tighter pair covers this gap",door 0x1c9b4c (preset 0x0037)
wall of tile 07EE19 (room 0x1b),door 0x1c9b4c (preset 0x0037),0.000,yes,,
wall of tile 07EE19 (room 0x1b),door 0x1c9b4c (preset 0x0037),0.000,yes,,
wall of tile 07EE19 (room 0x1b),door 0x1c9b4c (preset 0x0037),11.971,no,"another wall pokes into the space between them, so a tighter pair covers this gap",door 0x1c9b4c (preset 0x0037)
wall of tile 07EE1A (room 0x1b),wall of tile 002338 (room 0x2c),49.943,no,"the line between them leaves the walkable area (a wall's thickness, or another floor)",
wall of tile 07EE1A (room 0x1b),door 0x1c9b4c (preset 0x0037),11.970,no,"another wall pokes into the space between them, so a tighter pair covers this gap",door 0x1c9b4c (preset 0x0037)
wall of tile 07EE1A (room 0x1b),door 0x1c9b4c (preset 0x0037),0.000,no,"the line between them leaves the walkable area (a wall's thickness, or another floor)",
wall of tile 07EE1A (room 0x1b),door 0x1c9b4c (preset 0x0037),0.000,no,the line between them touches another wall,door 0x1c9b4c (preset 0x0037)
wall of tile 08051A (room 0x1b),door 0x1c9b4c (preset 0x0037),35.029,no,"another wall pokes into the space between them, so a tighter pair covers this gap",wall of tile 07EE19 (room 0x1b)
wall of tile 08051A (room 0x1b),door 0x1c9b4c (preset 0x0037),44.890,no,"another wall pokes into the space between them, so a tighter pair covers this gap",wall of tile 07EE19 (room 0x1b)
wall of tile 08051A (room 0x1b),door 0x1c9b4c (preset 0x0037),35.029,no,"another wall pokes into the space between them, so a tighter pair covers this gap",wall of tile 07EE19 (room 0x1b)
wall of tile 08051A (room 0x1b),door 0x1c9b4c (preset 0x0037),35.029,no,"another wall pokes into the space between them, so a tighter pair covers this gap",wall of tile 07EE19 (room 0x1b)
wall of tile 080219 (room 0x1b),wall of tile 002338 (room 0x2c),43.684,no,"the line between them leaves the walkable area (a wall's thickness, or another floor)",
wall of tile 080219 (room 0x1b),door 0x1c9b4c (preset 0x0037),35.028,no,"another wall pokes into the space between them, so a tighter pair covers this gap",wall of tile 07EE1A (room 0x1b)
wall of tile 080219 (room 0x1b),door 0x1c9b4c (preset 0x0037),35.028,no,"another wall pokes into the space between them, so a tighter pair covers this gap",wall of tile 07EE1A (room 0x1b)
wall of tile 080219 (room 0x1b),door 0x1c9b4c (preset 0x0037),44.890,no,"the line between them leaves the walkable area (a wall's thickness, or another floor)",
wall of tile 080219 (room 0x1b),door 0x1c9b4c (preset 0x0037),44.890,no,"the line between them leaves the walkable area (a wall's thickness, or another floor)",
wall of tile 081119 (room 0x1b),door 0x1c9c4c (preset 0x0038),46.411,no,"the line between them leaves the walkable area (a wall's thickness, or another floor)",
wall of tile 081119 (room 0x1b),door 0x1c9c4c (preset 0x0038),35.974,no,"the line between them leaves the walkable area (a wall's thickness, or another floor)",
wall of tile 081119 (room 0x1b),door 0x1c9c4c (preset 0x0038),35.974,no,"the line between them leaves the walkable area (a wall's thickness, or another floor)",
wall of tile 081019 (room 0x1b),door 0x1c9c4c (preset 0x0038),16.929,no,"the line between them leaves the walkable area (a wall's thickness, or another floor)",
wall of tile 081019 (room 0x1b),door 0x1c9c4c (preset 0x0038),33.858,no,"the line between them leaves the walkable area (a wall's thickness, or another floor)",
wall of tile 081019 (room 0x1b),door 0x1c9c4c (preset 0x0038),16.929,no,"the line between them leaves the walkable area (a wall's thickness, or another floor)",
wall of tile 081019 (room 0x1b),door 0x1c9c4c (preset 0x0038),16.929,no,"the line between them leaves the walkable area (a wall's thickness, or another floor)",
wall of tile 08101A (room 0x1b),door 0x1c9c4c (preset 0x0038),32.301,no,"the line between them leaves the walkable area (a wall's thickness, or another floor)",
wall of tile 08101A (room 0x1b),door 0x1c9c4c (preset 0x0038),43.625,no,"the line between them leaves the walkable area (a wall's thickness, or another floor)",
wall of tile 08101A (room 0x1b),door 0x1c9c4c (preset 0x0038),32.301,no,"the line between them leaves the walkable area (a wall's thickness, or another floor)",
wall of tile 002338 (room 0x2c),wall of tile 001538 (room 0x2c),51.226,no,"another wall pokes into the space between them, so a tighter pair covers this gap",wall of tile 002638 (room 0x2c)
wall of tile 002338 (room 0x2c),wall of tile 002638 (room 0x2c),31.742,no,the line between them touches another wall,wall of tile 002638 (room 0x2c)
wall of tile 001538 (room 0x2c),wall of tile 002638 (room 0x2c),40.206,no,the line between them touches another wall,wall of tile 002638 (room 0x2c)
wall of tile 001538 (room 0x2c),wall of tile 000B38 (room 0x2c),29.626,no,the line between them touches another wall,wall of tile 000B38 (room 0x2c)
wall of tile 001538 (room 0x2c),wall of tile 000938 (room 0x2c),43.420,no,"another wall pokes into the space between them, so a tighter pair covers this gap",wall of tile 000B38 (room 0x2c)
wall of tile 000B38 (room 0x2c),wall of tile 000938 (room 0x2c),31.742,no,the line between them touches another wall,wall of tile 000B38 (room 0x2c)
wall of tile 001D38 (room 0x2c),wall of tile 000C38 (room 0x2f),31.742,no,the line between them touches another wall,wall of tile 000C38 (room 0x2f)
wall of tile 004038 (room 0x2d),wall of tile 002F38 (room 0x2f),31.742,no,the line between them touches another wall,wall of tile 002F38 (room 0x2f)
wall of tile 004038 (room 0x2d),generic 0x1c4608 (preset 0x0042),29.691,no,"another wall pokes into the space between them, so a tighter pair covers this gap",wall of tile 002C38 (room 0x2d)
wall of tile 004038 (room 0x2d),generic 0x1c4608 (preset 0x0042),51.611,no,"the line between them leaves the walkable area (a wall's thickness, or another floor)",
wall of tile 004038 (room 0x2d),generic 0x1c4608 (preset 0x0042),48.047,no,"another wall pokes into the space between them, so a tighter pair covers this gap",generic 0x1c4608 (preset 0x0042)
wall of tile 002C38 (room 0x2d),wall of tile 002E38 (room 0x2d),31.742,no,the line between them touches another wall,wall of tile 002E38 (room 0x2d)
wall of tile 002C38 (room 0x2d),wall of tile 003838 (room 0x2d),44.890,no,"another wall pokes into the space between them, so a tighter pair covers this gap",wall of tile 002E38 (room 0x2d)
wall of tile 002C38 (room 0x2d),generic 0x1c4608 (preset 0x0042),57.759,no,"another wall pokes into the space between them, so a tighter pair covers this gap",generic 0x1c4608 (preset 0x0042)
wall of tile 002C38 (room 0x2d),generic 0x1c4608 (preset 0x0042),49.266,no,"another wall pokes into the space between them, so a tighter pair covers this gap",wall of tile 004038 (room 0x2d)
wall of tile 002E38 (room 0x2d),wall of tile 003838 (room 0x2d),31.742,no,the line between them touches another wall,wall of tile 002E38 (room 0x2d)
wall of tile 003838 (room 0x2d),wall of tile 004938 (room 0x2d),42.323,no,the line between them touches another wall,wall of tile 004938 (room 0x2d)
wall of tile 003838 (room 0x2d),wall of tile 004638 (room 0x2d),52.903,no,"another wall pokes into the space between them, so a tighter pair covers this gap",wall of tile 004938 (room 0x2d)
wall of tile 004938 (room 0x2d),wall of tile 004638 (room 0x2d),31.742,no,the line between them touches another wall,wall of tile 004938 (room 0x2d)
wall of tile 004638 (room 0x2d),wall of tile 05BC11 (room 0x12),44.856,no,"the line between them leaves the walkable area (a wall's thickness, or another floor)",
wall of tile 004638 (room 0x2d),wall of tile 05BD11 (room 0x12),49.583,no,"the line between them leaves the walkable area (a wall's thickness, or another floor)",
wall of tile 0A4860 (room 0x46),wall of tile 0A3C60 (room 0x46),40.207,no,the line between them touches another wall,wall of tile 0A4860 (room 0x46)
wall of tile 0A3C60 (room 0x46),wall of tile 0A3260 (room 0x46),29.626,no,the line between them touches another wall,wall of tile 0A3260 (room 0x46)
wall of tile 0A6360 (room 0x46),wall of tile 0A5960 (room 0x46),42.323,no,the line between them touches another wall,wall of tile 0A6360 (room 0x46)
wall of tile 0A5960 (room 0x46),wall of tile 0A5160 (room 0x46),29.626,no,the line between them touches another wall,wall of tile 0A5160 (room 0x46)
wall of tile 08A760 (room 0x43),wall of tile 089F60 (room 0x43),40.207,no,the line between them touches another wall,wall of tile 08A760 (room 0x43)
wall of tile 089F60 (room 0x43),wall of tile 089760 (room 0x43),29.626,no,the line between them touches another wall,wall of tile 089760 (room 0x43)
wall of tile 097560 (room 0x43),wall of tile 097160 (room 0x43),42.323,no,the line between them touches another wall,wall of tile 097560 (room 0x43)
wall of tile 097160 (room 0x43),wall of tile 096A60 (room 0x43),31.742,no,the line between them touches another wall,wall of tile 096A60 (room 0x43)
wall of tile 097160 (room 0x43),generic 0x1c4c08 (preset 0x0052),49.534,no,"another wall pokes into the space between them, so a tighter pair covers this gap",wall of tile 096860 (room 0x42)
wall of tile 097160 (room 0x43),generic 0x1c4c08 (preset 0x0052),49.534,no,"another wall pokes into the space between them, so a tighter pair covers this gap",wall of tile 096860 (room 0x42)
wall of tile 096A60 (room 0x43),generic 0x1c4c08 (preset 0x0052),36.012,no,"the line between them leaves the walkable area (a wall's thickness, or another floor)",
wall of tile 096A60 (room 0x43),generic 0x1c4c08 (preset 0x0052),36.012,no,"the line between them leaves the walkable area (a wall's thickness, or another floor)",
wall of tile 096A60 (room 0x43),generic 0x1c4c08 (preset 0x0052),4.807,no,"another wall pokes into the space between them, so a tighter pair covers this gap",wall of tile 096860 (room 0x42)
wall of tile 096A60 (room 0x43),generic 0x1c4c08 (preset 0x0052),4.807,no,"another wall pokes into the space between them, so a tighter pair covers this gap",wall of tile 096860 (room 0x42)
wall of tile 004E60 (room 0x41),wall of tile 004D60 (room 0x41),31.548,no,"another wall pokes into the space between them, so a tighter pair covers this gap",wall of tile 004D60 (room 0x41)
wall of tile 004460 (room 0x41),wall of tile 004D60 (room 0x41),57.136,no,"another wall pokes into the space between them, so a tighter pair covers this gap",wall of tile 004D60 (room 0x41)
wall of tile 003960 (room 0x41),wall of tile 004C60 (room 0x41),31.648,no,"another wall pokes into the space between them, so a tighter pair covers this gap",wall of tile 004C60 (room 0x41)
wall of tile 004A60 (room 0x41),wall of tile 004860 (room 0x41),57.136,no,the line between them touches another wall,wall of tile 004960 (room 0x41)
wall of tile 004860 (room 0x41),wall of tile 004C60 (room 0x41),55.020,no,"another wall pokes into the space between them, so a tighter pair covers this gap",wall of tile 004C60 (room 0x41)
wall of tile 004C60 (room 0x41),wall of tile 003D60 (room 0x41),31.742,no,the line between them touches another wall,wall of tile 003960 (room 0x41)
wall of tile 004C60 (room 0x41),wall of tile 003D60 (room 0x41),44.890,no,"the line between them leaves the walkable area (a wall's thickness, or another floor)",
wall of tile 001660 (room 0x41),wall of tile 001F60 (room 0x41),29.626,no,the line between them touches another wall,wall of tile 001260 (room 0x41)
wall of tile 001660 (room 0x41),wall of tile 001F60 (room 0x41),43.419,no,"the line between them leaves the walkable area (a wall's thickness, or another floor)",
wall of tile 002160 (room 0x41),wall of tile 000560 (room 0x41),31.604,no,"another wall pokes into the space between them, so a tighter pair covers this gap",wall of tile 000560 (room 0x41)
wall of tile 001260 (room 0x41),wall of tile 001F60 (room 0x41),31.742,no,the line between them touches another wall,wall of tile 001F60 (room 0x41)
wall of tile 001B60 (room 0x41),wall of tile 001F60 (room 0x41),57.292,no,the line between them touches another wall,wall of tile 001F60 (room 0x41)
wall of tile 001C60 (room 0x41),wall of tile 001860 (room 0x41),55.384,no,the line between them touches another wall,wall of tile 001E60 (room 0x41)
wall of tile 002960 (room 0x41),wall of tile 002060 (room 0x41),44.439,no,the line between them touches another wall,wall of tile 002060 (room 0x41)
wall of tile 05F630 (room 0x2a),wall of tile 05F230 (room 0x2a),51.226,no,"another wall pokes into the space between them, so a tighter pair covers this gap",wall of tile 05F930 (room 0x2a)
wall of tile 05F630 (room 0x2a),wall of tile 05F930 (room 0x2a),31.742,no,the line between them touches another wall,wall of tile 05F930 (room 0x2a)
wall of tile 05F230 (room 0x2a),wall of tile 05F930 (room 0x2a),40.207,no,the line between them touches another wall,wall of tile 05F930 (room 0x2a)
wall of tile 05F230 (room 0x2a),wall of tile 05EA30 (room 0x2a),29.626,no,the line between them touches another wall,wall of tile 05EA30 (room 0x2a)
wall of tile 05E330 (room 0x2a),wall of tile 05FF30 (room 0x2b),40.207,no,the line between them touches another wall,wall of tile 060030 (room 0x2b)
wall of tile 000730 (room 0x28),wall of tile 001030 (room 0x28),43.419,no,"another wall pokes into the space between them, so a tighter pair covers this gap",wall of tile 000A30 (room 0x28)
wall of tile 000730 (room 0x28),wall of tile 000A30 (room 0x28),29.626,no,the line between them touches another wall,wall of tile 000A30 (room 0x28)
wall of tile 000730 (room 0x28),generic 0x1c4d08 (preset 0x004d),8.557,yes,,
wall of tile 000730 (room 0x28),generic 0x1c4d08 (preset 0x004d),8.557,yes,,
wall of tile 000730 (room 0x28),generic 0x1c4d08 (preset 0x004d),11.979,no,"another wall pokes into the space between them, so a tighter pair covers this gap",generic 0x1c4d08 (preset 0x004d)
wall of tile 001030 (room 0x28),wall of tile 000A30 (room 0x28),31.742,no,the line between them touches another wall,wall of tile 000A30 (room 0x28)
wall of tile 001030 (room 0x28),wall of tile 002730 (room 0x28),42.323,no,the line between them touches another wall,wall of tile 002730 (room 0x28)
wall of tile 001030 (room 0x28),wall of tile 002530 (room 0x28),51.661,no,"another wall pokes into the space between them, so a tighter pair covers this gap",wall of tile 002730 (room 0x28)
wall of tile 001030 (room 0x28),generic 0x1c4d08 (preset 0x004d),44.775,no,"another wall pokes into the space between them, so a tighter pair covers this gap",wall of tile 000A30 (room 0x28)
wall of tile 001030 (room 0x28),generic 0x1c4d08 (preset 0x004d),44.775,no,"another wall pokes into the space between them, so a tighter pair covers this gap",wall of tile 000A30 (room 0x28)
wall of tile 000A30 (room 0x28),generic 0x1c4d08 (preset 0x004d),38.192,no,"the line between them leaves the walkable area (a wall's thickness, or another floor)",
wall of tile 000A30 (room 0x28),generic 0x1c4d08 (preset 0x004d),38.193,no,"another wall pokes into the space between them, so a tighter pair covers this gap",wall of tile 000730 (room 0x28)
wall of tile 000A30 (room 0x28),generic 0x1c4d08 (preset 0x004d),8.566,no,"another wall pokes into the space between them, so a tighter pair covers this gap",wall of tile 000730 (room 0x28)
wall of tile 000A30 (room 0x28),generic 0x1c4d08 (preset 0x004d),11.979,no,"another wall pokes into the space between them, so a tighter pair covers this gap",generic 0x1c4d08 (preset 0x004d)
wall of tile 002730 (room 0x28),wall of tile 002530 (room 0x28),29.626,no,the line between them touches another wall,wall of tile 002730 (room 0x28)
wall of tile 002530 (room 0x28),wall of tile 055011 (room 0x12),51.661,no,"the line between them leaves the walkable area (a wall's thickness, or another floor)",
wall of tile 002530 (room 0x28),wall of tile 05B212 (room 0x12),51.661,no,"the line between them leaves the walkable area (a wall's thickness, or another floor)",
wall of tile 002430 (room 0x28),wall of tile 05B212 (room 0x12),30.857,no,"the line between them leaves the walkable area (a wall's thickness, or another floor)",
wall of tile 002430 (room 0x28),door 0x1ca24c (preset 0x003e),0.000,no,the line between them touches another wall,door 0x1ca24c (preset 0x003e)
wall of tile 002430 (room 0x28),door 0x1ca24c (preset 0x003e),16.946,no,"the line between them leaves the walkable area (a wall's thickness, or another floor)",
wall of tile 002230 (room 0x28),wall of tile 05AF11 (room 0x12),30.830,no,"the line between them leaves the walkable area (a wall's thickness, or another floor)",
wall of tile 002230 (room 0x28),door 0x1ca24c (preset 0x003e),0.024,no,the line between them touches another wall,door 0x1ca24c (preset 0x003e)
wall of tile 002230 (room 0x28),door 0x1ca24c (preset 0x003e),16.921,no,"the line between them leaves the walkable area (a wall's thickness, or another floor)",
wall of tile 055011 (room 0x12),door 0x1ca24c (preset 0x003e),0.000,no,the line between them touches another wall,door 0x1ca24c (preset 0x003e)
wall of tile 055011 (room 0x12),door 0x1ca24c (preset 0x003e),11.567,no,"another wall pokes into the space between them, so a tighter pair covers this gap",door 0x1ca24c (preset 0x003e)
wall of tile 055012 (room 0x12),wall of tile 002330 (room 0x28),49.942,no,"the line between them leaves the walkable area (a wall's thickness, or another floor)",
wall of tile 055012 (room 0x12),door 0x1ca24c (preset 0x003e),0.024,no,the line between them touches another wall,door 0x1ca24c (preset 0x003e)
wall of tile 055012 (room 0x12),door 0x1ca24c (preset 0x003e),11.548,no,"another wall pokes into the space between them, so a tighter pair covers this gap",door 0x1ca24c (preset 0x003e)
wall of tile 05B212 (room 0x12),door 0x1ca24c (preset 0x003e),43.417,no,"the line between them leaves the walkable area (a wall's thickness, or another floor)",
wall of tile 05B212 (room 0x12),door 0x1ca24c (preset 0x003e),33.112,no,"another wall pokes into the space between them, so a tighter pair covers this gap",wall of tile 055011 (room 0x12)
wall of tile 05B212 (room 0x12),door 0x1ca24c (preset 0x003e),33.112,no,"another wall pokes into the space between them, so a tighter pair covers this gap",wall of tile 055011 (room 0x12)
wall of tile 05AF11 (room 0x12),wall of tile 002330 (room 0x28),43.831,no,"the line between them leaves the walkable area (a wall's thickness, or another floor)",
wall of tile 05AF11 (room 0x12),door 0x1ca24c (preset 0x003e),33.119,no,"another wall pokes into the space between them, so a tighter pair covers this gap",wall of tile 055012 (room 0x12)
wall of tile 05AF11 (room 0x12),door 0x1ca24c (preset 0x003e),43.437,no,"the line between them leaves the walkable area (a wall's thickness, or another floor)",
wall of tile 05AF11 (room 0x12),door 0x1ca24c (preset 0x003e),33.119,no,"another wall pokes into the space between them, so a tighter pair covers this gap",wall of tile 055012 (room 0x12)
wall of tile 05BC11 (room 0x12),door 0x1ca04c (preset 0x003c),35.974,no,"the line between them leaves the walkable area (a wall's thickness, or another floor)",
wall of tile 05BC11 (room 0x12),door 0x1ca04c (preset 0x003c),35.974,no,"the line between them leaves the walkable area (a wall's thickness, or another floor)",
wall of tile 05BC11 (room 0x12),door 0x1ca04c (preset 0x003c),46.411,no,"the line between them leaves the walkable area (a wall's thickness, or another floor)",
wall of tile 05BD11 (room 0x12),door 0x1ca04c (preset 0x003c),16.929,no,"the line between them leaves the walkable area (a wall's thickness, or another floor)",
wall of tile 05BD11 (room 0x12),door 0x1ca04c (preset 0x003c),16.929,no,"the line between them leaves the walkable area (a wall's thickness, or another floor)",
wall of tile 05BD11 (room 0x12),door 0x1ca04c (preset 0x003c),16.929,no,"the line between them leaves the walkable area (a wall's thickness, or another floor)",
wall of tile 05BD11 (room 0x12),door 0x1ca04c (preset 0x003c),33.858,no,"the line between them leaves the walkable area (a wall's thickness, or another floor)",
wall of tile 05BD12 (room 0x12),door 0x1ca04c (preset 0x003c),32.301,no,"the line between them leaves the walkable area (a wall's thickness, or another floor)",
wall of tile 05BD12 (room 0x12),door 0x1ca04c (preset 0x003c),32.301,no,"the line between them leaves the walkable area (a wall's thickness, or another floor)",
wall of tile 05BD12 (room 0x12),door 0x1ca04c (preset 0x003c),43.625,no,"the line between them leaves the walkable area (a wall's thickness, or another floor)",
wall of tile 002330 (room 0x28),wall of tile 001530 (room 0x28),52.904,no,"another wall pokes into the space between them, so a tighter pair covers this gap",wall of tile 002630 (room 0x28)
wall of tile 002330 (room 0x28),wall of tile 002630 (room 0x28),31.742,no,the line between them touches another wall,wall of tile 002630 (room 0x28)
wall of tile 001530 (room 0x28),wall of tile 002630 (room 0x28),42.323,no,the line between them touches another wall,wall of tile 002630 (room 0x28)
wall of tile 001530 (room 0x28),wall of tile 000B30 (room 0x28),31.742,no,the line between them touches another wall,wall of tile 000B30 (room 0x28)
wall of tile 001530 (room 0x28),wall of tile 000930 (room 0x28),44.890,no,"another wall pokes into the space between them, so a tighter pair covers this gap",wall of tile 000B30 (room 0x28)
wall of tile 000B30 (room 0x28),wall of tile 000930 (room 0x28),31.742,no,the line between them touches another wall,wall of tile 000B30 (room 0x28)
wall of tile 001D30 (room 0x28),wall of tile 000C30 (room 0x2b),31.742,no,the line between them touches another wall,wall of tile 000C30 (room 0x2b)
wall of tile 004030 (room 0x29),wall of tile 002F30 (room 0x2b),31.742,no,the line between them touches another wall,wall of tile 002F30 (room 0x2b)
wall of tile 002C30 (room 0x29),wall of tile 002E30 (room 0x29),31.742,no,the line between them touches another wall,wall of tile 002E30 (room 0x29)
wall of tile 002C30 (room 0x29),wall of tile 003830 (room 0x29),43.420,no,"another wall pokes into the space between them, so a tighter pair covers this gap",wall of tile 002E30 (room 0x29)
wall of tile 002E30 (room 0x29),wall of tile 003830 (room 0x29),29.626,no,the line between them touches another wall,wall of tile 002E30 (room 0x29)
wall of tile 003830 (room 0x29),wall of tile 004930 (room 0x29),40.207,no,the line between them touches another wall,wall of tile 004930 (room 0x29)
wall of tile 003830 (room 0x29),wall of tile 004630 (room 0x29),51.226,no,"another wall pokes into the space between them, so a tighter pair covers this gap",wall of tile 004930 (room 0x29)
wall of tile 004930 (room 0x29),wall of tile 004630 (room 0x29),31.742,no,the line between them touches another wall,wall of tile 004930 (room 0x29)
wall of tile 063758 (room 0x3f),wall of tile 062B58 (room 0x3f),42.323,no,the line between them touches another wall,wall of tile 063758 (room 0x3f)
wall of tile 062B58 (room 0x3f),wall of tile 062158 (room 0x3f),31.742,no,the line between them touches another wall,wall of tile 062158 (room 0x3f)
wall of tile 065258 (room 0x3f),wall of tile 064858 (room 0x3f),40.207,no,the line between them touches another wall,wall of tile 065258 (room 0x3f)
wall of tile 064858 (room 0x3f),wall of tile 064058 (room 0x3f),31.742,no,the line between them touches another wall,wall of tile 064058 (room 0x3f)
wall of tile 048458 (room 0x3c),wall of tile 047B58 (room 0x3c),40.207,no,the line between them touches another wall,wall of tile 048458 (room 0x3c)
wall of tile 047B58 (room 0x3c),wall of tile 047158 (room 0x3c),29.626,no,the line between them touches another wall,wall of tile 047158 (room 0x3c)
wall of tile 055258 (room 0x3c),wall of tile 054E58 (room 0x3c),42.323,no,the line between them touches another wall,wall of tile 055258 (room 0x3c)
wall of tile 054E58 (room 0x3c),wall of tile 054758 (room 0x3c),31.742,no,the line between them touches another wall,wall of tile 054758 (room 0x3c)
wall of tile 004458 (room 0x3a),wall of tile 004D58 (room 0x3a),57.136,no,"another wall pokes into the space between them, so a tighter pair covers this gap",wall of tile 004D58 (room 0x3a)
wall of tile 003958 (room 0x3a),wall of tile 004C58 (room 0x3a),31.310,no,"another wall pokes into the space between them, so a tighter pair covers this gap",wall of tile 004C58 (room 0x3a)
wall of tile 004A58 (room 0x3a),wall of tile 004858 (room 0x3a),38.091,no,the line between them touches another wall,wall of tile 004958 (room 0x3a)
wall of tile 004C58 (room 0x3a),wall of tile 003D58 (room 0x3a),29.626,no,the line between them touches another wall,wall of tile 003958 (room 0x3a)
wall of tile 004C58 (room 0x3a),wall of tile 003D58 (room 0x3a),43.419,no,"the line between them leaves the walkable area (a wall's thickness, or another floor)",
wall of tile 001658 (room 0x3a),wall of tile 001F58 (room 0x3a),31.742,no,the line between them touches another wall,wall of tile 001258 (room 0x3a)
wall of tile 001658 (room 0x3a),wall of tile 001F58 (room 0x3a),44.890,no,"the line between them leaves the walkable area (a wall's thickness, or another floor)",
wall of tile 002158 (room 0x3a),wall of tile 000558 (room 0x3a),46.555,no,the line between them touches another wall,wall of tile 000558 (room 0x3a)
wall of tile 001258 (room 0x3a),wall of tile 001F58 (room 0x3a),31.742,no,the line between them touches another wall,wall of tile 001F58 (room 0x3a)
wall of tile 001B58 (room 0x3a),wall of tile 001F58 (room 0x3a),55.182,no,the line between them touches another wall,wall of tile 001F58 (room 0x3a)
wall of tile 001C58 (room 0x3a),wall of tile 001858 (room 0x3a),52.393,no,the line between them touches another wall,wall of tile 001E58 (room 0x3a)
wall of tile 001C58 (room 0x3a),monitor 0x1c8ba8 (preset 0x272b),57.039,no,"the line between them leaves the walkable area (a wall's thickness, or another floor)",
wall of tile 001E58 (room 0x3a),monitor 0x1c8ba8 (preset 0x272b),19.004,no,"the line between them leaves the walkable area (a wall's thickness, or another floor)",
wall of tile 001E58 (room 0x3a),monitor 0x1c8ba8 (preset 0x272b),18.890,no,"the line between them leaves the walkable area (a wall's thickness, or another floor)",
wall of tile 001858 (room 0x3a),monitor 0x1c8ba8 (preset 0x272b),17.838,no,"the line between them leaves the walkable area (a wall's thickness, or another floor)",
wall of tile 001858 (room 0x3a),monitor 0x1c8ba8 (preset 0x272b),17.838,no,"the line between them leaves the walkable area (a wall's thickness, or another floor)",
wall of tile 002958 (room 0x3a),wall of tile 002058 (room 0x3a),44.439,no,the line between them touches another wall,wall of tile 002058 (room 0x3a)
wall of tile 05F628 (room 0x26),wall of tile 05F228 (room 0x26),52.903,no,"another wall pokes into the space between them, so a tighter pair covers this gap",wall of tile 05F928 (room 0x26)
wall of tile 05F628 (room 0x26),wall of tile 05F928 (room 0x26),31.742,no,the line between them touches another wall,wall of tile 05F928 (room 0x26)
wall of tile 05F228 (room 0x26),wall of tile 05F928 (room 0x26),42.323,no,the line between them touches another wall,wall of tile 05F928 (room 0x26)
wall of tile 05F228 (room 0x26),wall of tile 05EA28 (room 0x26),31.742,no,the line between them touches another wall,wall of tile 05EA28 (room 0x26)
wall of tile 05F228 (room 0x26),wall of tile 05E828 (room 0x26),44.890,no,"another wall pokes into the space between them, so a tighter pair covers this gap",wall of tile 05EA28 (room 0x26)
wall of tile 05EA28 (room 0x26),wall of tile 05E828 (room 0x26),31.742,no,the line between them touches another wall,wall of tile 05EA28 (room 0x26)
wall of tile 05E828 (room 0x26),wall of tile 007F71 (room 0x55),47.318,no,"the line between them leaves the walkable area (a wall's thickness, or another floor)",
wall of tile 05E428 (room 0x26),wall of tile 06492A (room 0x27),35.556,no,"another wall pokes into the space between them, so a tighter pair covers this gap",wall of tile 064929 (room 0x27)
wall of tile 05E428 (room 0x26),wall of tile 007F71 (room 0x55),21.161,no,"the line between them leaves the walkable area (a wall's thickness, or another floor)",
wall of tile 05E428 (room 0x26),wall of tile 007F71 (room 0x55),21.161,no,"the line between them leaves the walkable area (a wall's thickness, or another floor)",
wall of tile 06492A (room 0x27),wall of tile 007F72 (room 0x55),53.736,no,"the line between them leaves the walkable area (a wall's thickness, or another floor)",
wall of tile 06492A (room 0x27),wall of tile 007F71 (room 0x55),18.204,no,"the line between them leaves the walkable area (a wall's thickness, or another floor)",
wall of tile 000728 (room 0x24),wall of tile 001028 (room 0x24),44.890,no,"another wall pokes into the space between them, so a tighter pair covers this gap",wall of tile 000A28 (room 0x24)
wall of tile 000728 (room 0x24),wall of tile 000A28 (room 0x24),31.742,no,the line between them touches another wall,wall of tile 000A28 (room 0x24)
wall of tile 001028 (room 0x24),wall of tile 000A28 (room 0x24),31.742,no,the line between them touches another wall,wall of tile 000A28 (room 0x24)
wall of tile 001028 (room 0x24),wall of tile 002728 (room 0x24),42.323,no,the line between them touches another wall,wall of tile 002728 (room 0x24)
wall of tile 001028 (room 0x24),wall of tile 002528 (room 0x24),52.903,no,"another wall pokes into the space between them, so a tighter pair covers this gap",wall of tile 002728 (room 0x24)
wall of tile 002728 (room 0x24),wall of tile 002528 (room 0x24),31.742,no,the line between them touches another wall,wall of tile 002728 (room 0x24)
wall of tile 002528 (room 0x24),wall of tile 00B009 (room 0x0c),49.942,no,"the line between them leaves the walkable area (a wall's thickness, or another floor)",
wall of tile 002528 (room 0x24),wall of tile 009E09 (room 0x0c),44.479,no,"the line between them leaves the walkable area (a wall's thickness, or another floor)",
wall of tile 002428 (room 0x24),wall of tile 009E09 (room 0x0c),30.830,no,"the line between them leaves the walkable area (a wall's thickness, or another floor)",
wall of tile 002428 (room 0x24),door 0x1ca74c (preset 0x0045),0.000,no,the line between them touches another wall,door 0x1ca74c (preset 0x0045)
wall of tile 002428 (room 0x24),door 0x1ca74c (preset 0x0045),16.945,no,"the line between them leaves the walkable area (a wall's thickness, or another floor)",
wall of tile 002228 (room 0x24),wall of tile 009F0A (room 0x0c),30.857,no,"the line between them leaves the walkable area (a wall's thickness, or another floor)",
wall of tile 002228 (room 0x24),door 0x1ca74c (preset 0x0045),0.024,no,"another wall pokes into the space between them, so a tighter pair covers this gap",door 0x1ca74c (preset 0x0045)
wall of tile 002228 (room 0x24),door 0x1ca74c (preset 0x0045),16.922,no,"the line between them leaves the walkable area (a wall's thickness, or another floor)",
wall of tile 002228 (room 0x24),door 0x1ca74c (preset 0x0045),0.000,yes,,
wall of tile 00B009 (room 0x0c),door 0x1ca74c (preset 0x0045),0.000,no,the line between them touches another wall,door 0x1ca74c (preset 0x0045)
wall of tile 00B009 (room 0x0c),door 0x1ca74c (preset 0x0045),11.567,no,"another wall pokes into the space between them, so a tighter pair covers this gap",door 0x1ca74c (preset 0x0045)
wall of tile 00B00A (room 0x0c),wall of tile 002328 (room 0x24),51.661,no,"the line between them leaves the walkable area (a wall's thickness, or another floor)",
wall of tile 00B00A (room 0x0c),door 0x1ca74c (preset 0x0045),0.024,no,"another wall pokes into the space between them, so a tighter pair covers this gap",door 0x1ca74c (preset 0x0045)
wall of tile 00B00A (room 0x0c),door 0x1ca74c (preset 0x0045),11.548,no,"another wall pokes into the space between them, so a tighter pair covers this gap",door 0x1ca74c (preset 0x0045)
wall of tile 00B00A (room 0x0c),door 0x1ca74c (preset 0x0045),0.000,yes,,
wall of tile 009F0A (room 0x0c),wall of tile 002328 (room 0x24),51.661,no,"the line between them leaves the walkable area (a wall's thickness, or another floor)",
wall of tile 009F0A (room 0x0c),door 0x1ca74c (preset 0x0045),43.437,no,"the line between them leaves the walkable area (a wall's thickness, or another floor)",
wall of tile 009F0A (room 0x0c),door 0x1ca74c (preset 0x0045),33.119,no,"another wall pokes into the space between them, so a tighter pair covers this gap",wall of tile 00B00A (room 0x0c)
wall of tile 009F0A (room 0x0c),door 0x1ca74c (preset 0x0045),33.119,no,"another wall pokes into the space between them, so a tighter pair covers this gap",wall of tile 00B00A (room 0x0c)
wall of tile 009E09 (room 0x0c),door 0x1ca74c (preset 0x0045),43.417,no,"the line between them leaves the walkable area (a wall's thickness, or another floor)",
wall of tile 009E09 (room 0x0c),door 0x1ca74c (preset 0x0045),33.112,no,"another wall pokes into the space between them, so a tighter pair covers this gap",wall of tile 00B009 (room 0x0c)
wall of tile 009E09 (room 0x0c),door 0x1ca74c (preset 0x0045),33.112,no,"another wall pokes into the space between them, so a tighter pair covers this gap",wall of tile 00B009 (room 0x0c)
wall of tile 009109 (room 0x0c),door 0x1ca34c (preset 0x003f),33.052,no,"the line between them leaves the walkable area (a wall's thickness, or another floor)",
wall of tile 009109 (room 0x0c),door 0x1ca34c (preset 0x003f),45.799,no,"the line between them leaves the walkable area (a wall's thickness, or another floor)",
wall of tile 009109 (room 0x0c),door 0x1ca34c (preset 0x003f),45.799,no,"the line between them leaves the walkable area (a wall's thickness, or another floor)",
wall of tile 009109 (room 0x0c),door 0x1ca34c (preset 0x003f),33.052,no,"the line between them leaves the walkable area (a wall's thickness, or another floor)",
wall of tile 00940A (room 0x0c),door 0x1ca34c (preset 0x003f),53.948,no,"the line between them leaves the walkable area (a wall's thickness, or another floor)",
wall of tile 00940A (room 0x0c),door 0x1ca34c (preset 0x003f),42.835,no,"the line between them leaves the walkable area (a wall's thickness, or another floor)",
wall of tile 00940A (room 0x0c),door 0x1ca34c (preset 0x003f),42.835,no,"the line between them leaves the walkable area (a wall's thickness, or another floor)",
wall of tile 00940A (room 0x0c),door 0x1ca34c (preset 0x003f),42.835,no,"the line between them leaves the walkable area (a wall's thickness, or another floor)",
wall of tile 00940A (room 0x0c),door 0x1ca34c (preset 0x003f),21.485,no,"the line between them leaves the walkable area (a wall's thickness, or another floor)",
wall of tile 00940A (room 0x0c),door 0x1ca34c (preset 0x003f),38.437,no,"the line between them leaves the walkable area (a wall's thickness, or another floor)",
wall of tile 00940A (room 0x0c),door 0x1ca34c (preset 0x003f),38.437,no,"the line between them leaves the walkable area (a wall's thickness, or another floor)",
wall of tile 00940A (room 0x0c),door 0x1ca34c (preset 0x003f),22.790,no,"the line between them leaves the walkable area (a wall's thickness, or another floor)",
wall of tile 00940A (room 0x0c),door 0x1ca34c (preset 0x003f),22.790,no,"the line between them leaves the walkable area (a wall's thickness, or another floor)",
wall of tile 00940A (room 0x0c),door 0x1ca34c (preset 0x003f),21.485,no,"the line between them leaves the walkable area (a wall's thickness, or another floor)",
wall of tile 002328 (room 0x24),wall of tile 001528 (room 0x24),51.661,no,"another wall pokes into the space between them, so a tighter pair covers this gap",wall of tile 002628 (room 0x24)
wall of tile 002328 (room 0x24),wall of tile 002628 (room 0x24),29.626,no,the line between them touches another wall,wall of tile 002628 (room 0x24)
wall of tile 001528 (room 0x24),wall of tile 002628 (room 0x24),42.323,no,the line between them touches another wall,wall of tile 002628 (room 0x24)
wall of tile 001528 (room 0x24),wall of tile 000B28 (room 0x24),31.742,no,the line between them touches another wall,wall of tile 000B28 (room 0x24)
wall of tile 001528 (room 0x24),wall of tile 000928 (room 0x24),43.419,no,"another wall pokes into the space between them, so a tighter pair covers this gap",wall of tile 000B28 (room 0x24)
wall of tile 000B28 (room 0x24),wall of tile 000928 (room 0x24),29.626,no,the line between them touches another wall,wall of tile 000B28 (room 0x24)
wall of tile 001D28 (room 0x24),wall of tile 000C28 (room 0x27),29.626,no,the line between them touches another wall,wall of tile 000C28 (room 0x27)
wall of tile 004028 (room 0x25),wall of tile 002F28 (room 0x27),29.626,no,the line between them touches another wall,wall of tile 002F28 (room 0x27)
wall of tile 002F28 (room 0x27),wall of tile 002E48 (room 0x37),29.244,no,the far wall faces the other way (it belongs to floor which isn't linked here),
wall of tile 002F28 (room 0x27),wall of tile 002E48 (room 0x37),46.351,no,"the line between them leaves the walkable area (a wall's thickness, or another floor)",
wall of tile 002C28 (room 0x25),wall of tile 002E28 (room 0x25),29.626,no,the line between them touches another wall,wall of tile 002E28 (room 0x25)
wall of tile 002C28 (room 0x25),wall of tile 003828 (room 0x25),41.897,no,"another wall pokes into the space between them, so a tighter pair covers this gap",wall of tile 002E28 (room 0x25)
wall of tile 002E28 (room 0x25),wall of tile 003828 (room 0x25),29.626,no,the line between them touches another wall,wall of tile 002E28 (room 0x25)
wall of tile 003828 (room 0x25),wall of tile 004928 (room 0x25),40.206,no,the line between them touches another wall,wall of tile 004928 (room 0x25)
wall of tile 003828 (room 0x25),wall of tile 004628 (room 0x25),49.943,no,"another wall pokes into the space between them, so a tighter pair covers this gap",wall of tile 004928 (room 0x25)
wall of tile 004928 (room 0x25),wall of tile 004628 (room 0x25),29.626,no,the line between them touches another wall,wall of tile 004928 (room 0x25)
wall of tile 025340 (room 0x34),wall of tile 024240 (room 0x34),42.323,no,the line between them touches another wall,wall of tile 025340 (room 0x34)
wall of tile 024240 (room 0x34),wall of tile 023840 (room 0x34),31.742,no,the line between them touches another wall,wall of tile 023840 (room 0x34)
wall of tile 027640 (room 0x34),wall of tile 026540 (room 0x34),42.323,no,the line between them touches another wall,wall of tile 027640 (room 0x34)
wall of tile 026540 (room 0x34),wall of tile 025B40 (room 0x34),31.742,no,the line between them touches another wall,wall of tile 025B40 (room 0x34)
wall of tile 025B40 (room 0x34),generic 0x1c4a88 (preset 0x0063),50.288,no,"the line between them leaves the walkable area (a wall's thickness, or another floor)",
wall of tile 025B40 (room 0x34),generic 0x1c4a88 (preset 0x0063),50.288,no,"the line between them leaves the walkable area (a wall's thickness, or another floor)",
wall of tile 025B40 (room 0x34),generic 0x1c4a88 (preset 0x0063),33.208,no,"another wall pokes into the space between them, so a tighter pair covers this gap",wall of tile 025940 (room 0x33)
wall of tile 025B40 (room 0x34),generic 0x1c4a88 (preset 0x0063),33.208,no,"another wall pokes into the space between them, so a tighter pair covers this gap",wall of tile 025940 (room 0x33)
wall of tile 008240 (room 0x31),wall of tile 007140 (room 0x31),40.207,no,the line between them touches another wall,wall of tile 008240 (room 0x31)
wall of tile 007140 (room 0x31),wall of tile 006740 (room 0x31),31.742,no,the line between them touches another wall,wall of tile 006740 (room 0x31)
wall of tile 015C40 (room 0x31),wall of tile 015440 (room 0x31),40.207,no,the line between them touches another wall,wall of tile 015C40 (room 0x31)
wall of tile 015440 (room 0x31),wall of tile 014A40 (room 0x31),29.626,no,the line between them touches another wall,wall of tile 014A40 (room 0x31)
wall of tile 004450 (room 0x39),wall of tile 004D50 (room 0x39),55.019,no,"another wall pokes into the space between them, so a tighter pair covers this gap",wall of tile 004D50 (room 0x39)
wall of tile 003950 (room 0x39),wall of tile 004C50 (room 0x39),29.545,no,"another wall pokes into the space between them, so a tighter pair covers this gap",wall of tile 004C50 (room 0x39)
wall of tile 004A50 (room 0x39),wall of tile 004850 (room 0x39),29.474,no,the line between them touches another wall,wall of tile 004950 (room 0x39)
wall of tile 004850 (room 0x39),wall of tile 004C50 (room 0x39),57.135,no,"another wall pokes into the space between them, so a tighter pair covers this gap",wall of tile 004C50 (room 0x39)
wall of tile 004C50 (room 0x39),wall of tile 003D50 (room 0x39),29.626,no,the line between them touches another wall,wall of tile 003950 (room 0x39)
wall of tile 004C50 (room 0x39),wall of tile 003D50 (room 0x39),41.897,no,"the line between them leaves the walkable area (a wall's thickness, or another floor)",
wall of tile 001650 (room 0x39),wall of tile 001F50 (room 0x39),31.742,no,the line between them touches another wall,wall of tile 001250 (room 0x39)
wall of tile 001650 (room 0x39),wall of tile 001F50 (room 0x39),43.419,no,"the line between them leaves the walkable area (a wall's thickness, or another floor)",
wall of tile 002150 (room 0x39),wall of tile 000550 (room 0x39),46.555,no,the line between them touches another wall,wall of tile 000550 (room 0x39)
wall of tile 001250 (room 0x39),wall of tile 001F50 (room 0x39),29.626,no,the line between them touches another wall,wall of tile 001F50 (room 0x39)
wall of tile 001B50 (room 0x39),wall of tile 001F50 (room 0x39),55.385,no,the line between them touches another wall,wall of tile 001F50 (room 0x39)
wall of tile 001850 (room 0x39),wall of tile 002050 (room 0x39),58.949,no,the line between them touches another wall,wall of tile 002050 (room 0x39)
wall of tile 002950 (room 0x39),wall of tile 002050 (room 0x39),44.439,no,the line between them touches another wall,wall of tile 002050 (room 0x39)
wall of tile 05F620 (room 0x22),wall of tile 05F220 (room 0x22),51.661,no,"another wall pokes into the space between them, so a tighter pair covers this gap",wall of tile 05F920 (room 0x22)
wall of tile 05F620 (room 0x22),wall of tile 05F920 (room 0x22),29.626,no,the line between them touches another wall,wall of tile 05F920 (room 0x22)
wall of tile 05F220 (room 0x22),wall of tile 05F920 (room 0x22),42.323,no,the line between them touches another wall,wall of tile 05F920 (room 0x22)
wall of tile 05F220 (room 0x22),wall of tile 05EA20 (room 0x22),31.742,no,the line between them touches another wall,wall of tile 05EA20 (room 0x22)
wall of tile 05F220 (room 0x22),wall of tile 05E820 (room 0x22),43.419,no,"another wall pokes into the space between them, so a tighter pair covers this gap",wall of tile 05EA20 (room 0x22)
wall of tile 05EA20 (room 0x22),wall of tile 05E820 (room 0x22),29.626,no,the line between them touches another wall,wall of tile 05EA20 (room 0x22)
wall of tile 05E420 (room 0x22),wall of tile 064E22 (room 0x23),35.556,no,"another wall pokes into the space between them, so a tighter pair covers this gap",wall of tile 064E21 (room 0x23)
wall of tile 000920 (room 0x20),wall of tile 000B20 (room 0x20),29.626,no,the line between them touches another wall,wall of tile 000B20 (room 0x20)
wall of tile 000920 (room 0x20),wall of tile 001520 (room 0x20),41.897,no,"another wall pokes into the space between them, so a tighter pair covers this gap",wall of tile 000B20 (room 0x20)
wall of tile 000B20 (room 0x20),wall of tile 001520 (room 0x20),29.626,no,the line between them touches another wall,wall of tile 000B20 (room 0x20)
wall of tile 001520 (room 0x20),wall of tile 002620 (room 0x20),40.207,no,the line between them touches another wall,wall of tile 002620 (room 0x20)
wall of tile 010248 (room 0x37),wall of tile 00C348 (room 0x37),43.121,no,"the line between them leaves the walkable area (a wall's thickness, or another floor)",
wall of tile 00C248 (room 0x38),wall of tile 00C348 (room 0x37),31.742,no,the line between them touches another wall,wall of tile 00C348 (room 0x37)
wall of tile 008770 (room 0x54),wall of tile 024471 (room 0x54),29.626,no,the line between them touches another wall,wall of tile 029670 (room 0x54)
wall of tile 008770 (room 0x54),monitor 0x1c8dfc (preset 0x272c),35.812,no,"the line between them leaves the walkable area (a wall's thickness, or another floor)",
wall of tile 008770 (room 0x54),monitor 0x1c8dfc (preset 0x272c),35.812,no,"the line between them leaves the walkable area (a wall's thickness, or another floor)",
wall of tile 008770 (room 0x54),monitor 0x1c8dfc (preset 0x272c),35.975,no,"the line between them leaves the walkable area (a wall's thickness, or another floor)",
wall of tile 008770 (room 0x54),monitor 0x1c9050 (preset 0x272d),35.815,no,"the line between them leaves the walkable area (a wall's thickness, or another floor)",
wall of tile 008770 (room 0x54),monitor 0x1c9050 (preset 0x272d),35.815,no,"the line between them leaves the walkable area (a wall's thickness, or another floor)",
wall of tile 008770 (room 0x54),monitor 0x1c9050 (preset 0x272d),35.975,no,"the line between them leaves the walkable area (a wall's thickness, or another floor)",
wall of tile 029670 (room 0x54),monitor 0x1c8dfc (preset 0x272c),34.305,no,"the line between them leaves the walkable area (a wall's thickness, or another floor)",
wall of tile 029670 (room 0x54),monitor 0x1c8dfc (preset 0x272c),34.305,no,"the line between them leaves the walkable area (a wall's thickness, or another floor)",
wall of tile 024471 (room 0x54),monitor 0x1c8dfc (preset 0x272c),34.305,no,"the line between them leaves the walkable area (a wall's thickness, or another floor)",
wall of tile 024471 (room 0x54),monitor 0x1c8dfc (preset 0x272c),34.305,no,"the line between them leaves the walkable area (a wall's thickness, or another floor)",
wall of tile 024471 (room 0x54),monitor 0x1c92a4 (preset 0x272e),34.419,no,"the line between them leaves the walkable area (a wall's thickness, or another floor)",
wall of tile 024471 (room 0x54),monitor 0x1c92a4 (preset 0x272e),34.419,no,"the line between them leaves the walkable area (a wall's thickness, or another floor)",
wall of tile 008B70 (room 0x55),monitor 0x1c92a4 (preset 0x272e),34.419,no,"the line between them leaves the walkable area (a wall's thickness, or another floor)",
wall of tile 008B70 (room 0x55),monitor 0x1c92a4 (preset 0x272e),34.419,no,"the line between them leaves the walkable area (a wall's thickness, or another floor)",
generic 0x1c4108 (preset 0x0058),generic 0x1c4188 (preset 0x0059),53.736,no,"another wall pokes into the space between them, so a tighter pair covers this gap",generic 0x1c4108 (preset 0x0058)
generic 0x1c4108 (preset 0x0058),generic 0x1c4188 (preset 0x0059),53.736,no,"another wall pokes into the space between them, so a tighter pair covers this gap",generic 0x1c4108 (preset 0x0058)
generic 0x1c4108 (preset 0x0058),generic 0x1c4188 (preset 0x0059),53.735,yes,,
generic 0x1c4108 (preset 0x0058),generic 0x1c4188 (preset 0x0059),53.735,yes,,
generic 0x1c4108 (preset 0x0058),generic 0x1c4188 (preset 0x0059),53.736,no,"another wall pokes into the space between them, so a tighter pair covers this gap",generic 0x1c4188 (preset 0x0059)
generic 0x1c4108 (preset 0x0058),generic 0x1c4188 (preset 0x0059),53.735,yes,,
generic 0x1c4108 (preset 0x0058),generic 0x1c4188 (preset 0x0059),53.736,no,"another wall pokes into the space between them, so a tighter pair covers this gap",generic 0x1c4188 (preset 0x0059)
generic 0x1c4208 (preset 0x004b),generic 0x1c4288 (preset 0x004c),50.588,no,the line between them touches another wall,generic 0x1c4208 (preset 0x004b)
generic 0x1c4208 (preset 0x004b),generic 0x1c4288 (preset 0x004c),50.588,no,the line between them touches another wall,generic 0x1c4208 (preset 0x004b)
generic 0x1c4208 (preset 0x004b),generic 0x1c4288 (preset 0x004c),18.412,no,the line between them touches another wall,generic 0x1c4208 (preset 0x004b)
generic 0x1c4208 (preset 0x004b),generic 0x1c4288 (preset 0x004c),50.588,no,the line between them touches another wall,generic 0x1c4288 (preset 0x004c)
generic 0x1c4208 (preset 0x004b),generic 0x1c4288 (preset 0x004c),1.135,no,the line between them touches another wall,generic 0x1c4208 (preset 0x004b)
generic 0x1c4208 (preset 0x004b),generic 0x1c4288 (preset 0x004c),50.588,no,the line between them touches another wall,generic 0x1c4288 (preset 0x004c)
generic 0x1c4308 (preset 0x004e),generic 0x1c4388 (preset 0x004f),51.286,no,the line between them touches another wall,generic 0x1c4388 (preset 0x004f)
generic 0x1c4308 (preset 0x004e),generic 0x1c4388 (preset 0x004f),17.714,no,the line between them touches another wall,generic 0x1c4308 (preset 0x004e)
generic 0x1c4308 (preset 0x004e),generic 0x1c4388 (preset 0x004f),51.286,no,the line between them touches another wall,generic 0x1c4388 (preset 0x004f)
generic 0x1c4308 (preset 0x004e),generic 0x1c4388 (preset 0x004f),0.835,no,the line between them touches another wall,generic 0x1c4308 (preset 0x004e)
generic 0x1c4308 (preset 0x004e),generic 0x1c4388 (preset 0x004f),51.286,no,the line between them touches another wall,generic 0x1c4308 (preset 0x004e)
generic 0x1c4308 (preset 0x004e),generic 0x1c4388 (preset 0x004f),51.286,no,the line between them touches another wall,generic 0x1c4308 (preset 0x004e)
monitor 0x1c4f20 (preset 0x2711),monitor 0x1c5174 (preset 0x2712),0.011,no,the line between them touches another wall,monitor 0x1c5174 (preset 0x2712)
monitor 0x1c4f20 (preset 0x2711),monitor 0x1c5174 (preset 0x2712),0.009,no,the line between them touches another wall,monitor 0x1c4f20 (preset 0x2711)
monitor 0x1c4f20 (preset 0x2711),monitor 0x1c5174 (preset 0x2712),0.011,no,"another wall pokes into the space between them, so a tighter pair covers this gap",monitor 0x1c5174 (preset 0x2712)
monitor 0x1c4f20 (preset 0x2711),monitor 0x1c5174 (preset 0x2712),0.011,no,the line between them touches another wall,monitor 0x1c4f20 (preset 0x2711)
monitor 0x1c4f20 (preset 0x2711),monitor 0x1c5174 (preset 0x2712),0.011,no,the line between them touches another wall,monitor 0x1c4f20 (preset 0x2711)
monitor 0x1c53c8 (preset 0x2713),monitor 0x1c561c (preset 0x2714),0.011,no,the line between them touches another wall,monitor 0x1c53c8 (preset 0x2713)
monitor 0x1c53c8 (preset 0x2713),monitor 0x1c561c (preset 0x2714),0.011,no,the line between them touches another wall,monitor 0x1c53c8 (preset 0x2713)
monitor 0x1c53c8 (preset 0x2713),monitor 0x1c561c (preset 0x2714),2.106,no,the line between them touches another wall,monitor 0x1c561c (preset 0x2714)
monitor 0x1c53c8 (preset 0x2713),monitor 0x1c561c (preset 0x2714),0.011,no,the line between them touches another wall,monitor 0x1c561c (preset 0x2714)
monitor 0x1c53c8 (preset 0x2713),monitor 0x1c561c (preset 0x2714),0.011,no,the line between them touches another wall,monitor 0x1c561c (preset 0x2714)
monitor 0x1c5870 (preset 0x2715),monitor 0x1c5ac4 (preset 0x2716),0.011,no,the line between them touches another wall,monitor 0x1c5ac4 (preset 0x2716)
monitor 0x1c5870 (preset 0x2715),monitor 0x1c5ac4 (preset 0x2716),0.010,no,the line between them touches another wall,monitor 0x1c5ac4 (preset 0x2716)
monitor 0x1c5870 (preset 0x2715),monitor 0x1c5ac4 (preset 0x2716),0.011,no,the line between them touches another wall,monitor 0x1c5ac4 (preset 0x2716)
monitor 0x1c5870 (preset 0x2715),monitor 0x1c5ac4 (preset 0x2716),0.011,no,the line between them touches another wall,monitor 0x1c5870 (preset 0x2715)
monitor 0x1c5870 (preset 0x2715),monitor 0x1c5ac4 (preset 0x2716),0.011,no,"another wall pokes into the space between them, so a tighter pair covers this gap",monitor 0x1c5870 (preset 0x2715)
monitor 0x1c5d18 (preset 0x2717),monitor 0x1c6668 (preset 0x271b),0.011,no,"another wall pokes into the space between them, so a tighter pair covers this gap",monitor 0x1c5d18 (preset 0x2717)
monitor 0x1c5d18 (preset 0x2717),monitor 0x1c6668 (preset 0x271b),0.011,no,the line between them touches another wall,monitor 0x1c5d18 (preset 0x2717)
monitor 0x1c5d18 (preset 0x2717),monitor 0x1c6668 (preset 0x271b),0.011,no,the line between them touches another wall,monitor 0x1c6668 (preset 0x271b)
monitor 0x1c5d18 (preset 0x2717),monitor 0x1c6668 (preset 0x271b),0.010,no,the line between them touches another wall,monitor 0x1c6668 (preset 0x271b)
monitor 0x1c5d18 (preset 0x2717),monitor 0x1c6668 (preset 0x271b),0.011,no,the line between them touches another wall,monitor 0x1c6668 (preset 0x271b)
monitor 0x1c5f6c (preset 0x2718),monitor 0x1c6414 (preset 0x271a),0.011,no,the line between them touches another wall,monitor 0x1c6414 (preset 0x271a)
monitor 0x1c5f6c (preset 0x2718),monitor 0x1c6414 (preset 0x271a),0.010,no,the line between them touches another wall,monitor 0x1c5f6c (preset 0x2718)
monitor 0x1c5f6c (preset 0x2718),monitor 0x1c6414 (preset 0x271a),0.011,no,the line between them touches another wall,monitor 0x1c6414 (preset 0x271a)
monitor 0x1c5f6c (preset 0x2718),monitor 0x1c6414 (preset 0x271a),0.011,no,the line between them touches another wall,monitor 0x1c5f6c (preset 0x2718)
monitor 0x1c5f6c (preset 0x2718),monitor 0x1c6414 (preset 0x271a),0.011,no,the line between them touches another wall,monitor 0x1c5f6c (preset 0x2718)
monitor 0x1c61c0 (preset 0x2719),monitor 0x1c6414 (preset 0x271a),0.011,no,the line between them touches another wall,monitor 0x1c61c0 (preset 0x2719)
monitor 0x1c61c0 (preset 0x2719),monitor 0x1c6414 (preset 0x271a),0.011,no,the line between them touches another wall,monitor 0x1c61c0 (preset 0x2719)
monitor 0x1c61c0 (preset 0x2719),monitor 0x1c6414 (preset 0x271a),0.010,no,the line between them touches another wall,monitor 0x1c61c0 (preset 0x2719)
monitor 0x1c61c0 (preset 0x2719),monitor 0x1c6414 (preset 0x271a),0.011,no,the line between them touches another wall,monitor 0x1c6414 (preset 0x271a)
monitor 0x1c61c0 (preset 0x2719),monitor 0x1c6414 (preset 0x271a),0.011,no,the line between them touches another wall,monitor 0x1c6414 (preset 0x271a)
monitor 0x1c68bc (preset 0x271c),monitor 0x1c6b10 (preset 0x271d),0.011,no,the line between them touches another wall,monitor 0x1c68bc (preset 0x271c)
monitor 0x1c68bc (preset 0x271c),monitor 0x1c6b10 (preset 0x271d),0.011,no,the line between them touches another wall,monitor 0x1c68bc (preset 0x271c)
monitor 0x1c68bc (preset 0x271c),monitor 0x1c76b4 (preset 0x2722),0.022,no,the line between them touches another wall,monitor 0x1c76b4 (preset 0x2722)
monitor 0x1c68bc (preset 0x271c),monitor 0x1c7908 (preset 0x2723),0.010,no,the line between them touches another wall,monitor 0x1c7908 (preset 0x2723)
monitor 0x1c68bc (preset 0x271c),monitor 0x1c7908 (preset 0x2723),0.011,no,the line between them touches another wall,monitor 0x1c7908 (preset 0x2723)
monitor 0x1c68bc (preset 0x271c),monitor 0x1c6b10 (preset 0x271d),0.011,no,the line between them touches another wall,monitor 0x1c6b10 (preset 0x271d)
monitor 0x1c68bc (preset 0x271c),monitor 0x1c6b10 (preset 0x271d),0.010,no,the line between them touches another wall,monitor 0x1c6b10 (preset 0x271d)
monitor 0x1c68bc (preset 0x271c),monitor 0x1c76b4 (preset 0x2722),0.000,no,the line between them touches another wall,monitor 0x1c68bc (preset 0x271c)
monitor 0x1c68bc (preset 0x271c),monitor 0x1c7908 (preset 0x2723),0.010,no,the line between them touches another wall,monitor 0x1c7908 (preset 0x2723)
monitor 0x1c68bc (preset 0x271c),monitor 0x1c6b10 (preset 0x271d),0.011,no,the line between them touches another wall,monitor 0x1c6b10 (preset 0x271d)
monitor 0x1c68bc (preset 0x271c),monitor 0x1c7908 (preset 0x2723),0.010,no,the line between them touches another wall,monitor 0x1c68bc (preset 0x271c)
monitor 0x1c68bc (preset 0x271c),monitor 0x1c7908 (preset 0x2723),0.010,no,"another wall pokes into the space between them, so a tighter pair covers this gap",monitor 0x1c68bc (preset 0x271c)
monitor 0x1c6b10 (preset 0x271d),monitor 0x1c6d64 (preset 0x271e),0.011,no,the line between them touches another wall,monitor 0x1c6b10 (preset 0x271d)
monitor 0x1c6b10 (preset 0x271d),monitor 0x1c6d64 (preset 0x271e),0.011,no,the line between them touches another wall,monitor 0x1c6b10 (preset 0x271d)
monitor 0x1c6b10 (preset 0x271d),monitor 0x1c7460 (preset 0x2721),0.022,no,the line between them touches another wall,monitor 0x1c7460 (preset 0x2721)
monitor 0x1c6b10 (preset 0x271d),monitor 0x1c76b4 (preset 0x2722),0.010,no,the line between them touches another wall,monitor 0x1c76b4 (preset 0x2722)
monitor 0x1c6b10 (preset 0x271d),monitor 0x1c76b4 (preset 0x2722),0.011,no,the line between them touches another wall,monitor 0x1c76b4 (preset 0x2722)
monitor 0x1c6b10 (preset 0x271d),monitor 0x1c7908 (preset 0x2723),0.000,no,the line between them touches another wall,monitor 0x1c6b10 (preset 0x271d)
monitor 0x1c6b10 (preset 0x271d),monitor 0x1c6d64 (preset 0x271e),0.011,no,the line between them touches another wall,monitor 0x1c6d64 (preset 0x271e)
monitor 0x1c6b10 (preset 0x271d),monitor 0x1c6d64 (preset 0x271e),0.010,no,the line between them touches another wall,monitor 0x1c6b10 (preset 0x271d)
monitor 0x1c6b10 (preset 0x271d),monitor 0x1c7460 (preset 0x2721),0.000,no,the line between them touches another wall,monitor 0x1c6b10 (preset 0x271d)
monitor 0x1c6b10 (preset 0x271d),monitor 0x1c76b4 (preset 0x2722),0.010,no,the line between them touches another wall,monitor 0x1c76b4 (preset 0x2722)
monitor 0x1c6b10 (preset 0x271d),monitor 0x1c6d64 (preset 0x271e),0.011,no,the line between them touches another wall,monitor 0x1c6d64 (preset 0x271e)
monitor 0x1c6b10 (preset 0x271d),monitor 0x1c76b4 (preset 0x2722),0.010,no,the line between them touches another wall,monitor 0x1c6b10 (preset 0x271d)
monitor 0x1c6b10 (preset 0x271d),monitor 0x1c76b4 (preset 0x2722),0.010,no,"another wall pokes into the space between them, so a tighter pair covers this gap",monitor 0x1c6b10 (preset 0x271d)
monitor 0x1c6b10 (preset 0x271d),monitor 0x1c7908 (preset 0x2723),0.020,no,the line between them touches another wall,monitor 0x1c7908 (preset 0x2723)
monitor 0x1c6d64 (preset 0x271e),monitor 0x1c6fb8 (preset 0x271f),0.011,no,the line between them touches another wall,monitor 0x1c6d64 (preset 0x271e)
monitor 0x1c6d64 (preset 0x271e),monitor 0x1c6fb8 (preset 0x271f),0.011,no,the line between them touches another wall,monitor 0x1c6d64 (preset 0x271e)
monitor 0x1c6d64 (preset 0x271e),monitor 0x1c720c (preset 0x2720),0.022,no,the line between them touches another wall,monitor 0x1c720c (preset 0x2720)
monitor 0x1c6d64 (preset 0x271e),monitor 0x1c7460 (preset 0x2721),0.010,no,the line between them touches another wall,monitor 0x1c7460 (preset 0x2721)
monitor 0x1c6d64 (preset 0x271e),monitor 0x1c7460 (preset 0x2721),0.011,no,the line between them touches another wall,monitor 0x1c7460 (preset 0x2721)
monitor 0x1c6d64 (preset 0x271e),monitor 0x1c76b4 (preset 0x2722),0.000,no,the line between them touches another wall,monitor 0x1c6d64 (preset 0x271e)
monitor 0x1c6d64 (preset 0x271e),monitor 0x1c6fb8 (preset 0x271f),0.010,no,the line between them touches another wall,monitor 0x1c6d64 (preset 0x271e)
monitor 0x1c6d64 (preset 0x271e),monitor 0x1c720c (preset 0x2720),0.000,no,the line between them touches another wall,monitor 0x1c6d64 (preset 0x271e)
monitor 0x1c6d64 (preset 0x271e),monitor 0x1c7460 (preset 0x2721),0.010,no,the line between them touches another wall,monitor 0x1c7460 (preset 0x2721)
monitor 0x1c6d64 (preset 0x271e),monitor 0x1c6fb8 (preset 0x271f),0.000,no,"another wall pokes into the space between them, so a tighter pair covers this gap",monitor 0x1c6d64 (preset 0x271e)
monitor 0x1c6d64 (preset 0x271e),monitor 0x1c6fb8 (preset 0x271f),0.000,no,the line between them touches another wall,monitor 0x1c6d64 (preset 0x271e)
monitor 0x1c6d64 (preset 0x271e),monitor 0x1c7460 (preset 0x2721),0.010,no,the line between them touches another wall,monitor 0x1c6d64 (preset 0x271e)
monitor 0x1c6d64 (preset 0x271e),monitor 0x1c7460 (preset 0x2721),0.010,no,"another wall pokes into the space between them, so a tighter pair covers this gap",monitor 0x1c6d64 (preset 0x271e)
monitor 0x1c6d64 (preset 0x271e),monitor 0x1c76b4 (preset 0x2722),0.020,no,the line between them touches another wall,monitor 0x1c76b4 (preset 0x2722)
monitor 0x1c6fb8 (preset 0x271f),monitor 0x1c720c (preset 0x2720),0.010,no,the line between them touches another wall,monitor 0x1c720c (preset 0x2720)
monitor 0x1c6fb8 (preset 0x271f),monitor 0x1c720c (preset 0x2720),0.011,no,the line between them touches another wall,monitor 0x1c720c (preset 0x2720)
monitor 0x1c6fb8 (preset 0x271f),monitor 0x1c7460 (preset 0x2721),0.000,no,the line between them touches another wall,monitor 0x1c6fb8 (preset 0x271f)
monitor 0x1c6fb8 (preset 0x271f),monitor 0x1c720c (preset 0x2720),0.010,no,the line between them touches another wall,monitor 0x1c720c (preset 0x2720)
monitor 0x1c6fb8 (preset 0x271f),monitor 0x1c720c (preset 0x2720),0.010,no,the line between them touches another wall,monitor 0x1c6fb8 (preset 0x271f)
monitor 0x1c6fb8 (preset 0x271f),monitor 0x1c720c (preset 0x2720),0.010,no,"another wall pokes into the space between them, so a tighter pair covers this gap",monitor 0x1c6fb8 (preset 0x271f)
monitor 0x1c6fb8 (preset 0x271f),monitor 0x1c7460 (preset 0x2721),0.020,no,the line between them touches another wall,monitor 0x1c7460 (preset 0x2721)
monitor 0x1c720c (preset 0x2720),monitor 0x1c7460 (preset 0x2721),0.011,no,the line between them touches another wall,monitor 0x1c7460 (preset 0x2721)
monitor 0x1c720c (preset 0x2720),monitor 0x1c7460 (preset 0x2721),0.011,no,the line between them touches another wall,monitor 0x1c720c (preset 0x2720)
monitor 0x1c720c (preset 0x2720),monitor 0x1c7460 (preset 0x2721),0.011,no,"another wall pokes into the space between them, so a tighter pair covers this gap",monitor 0x1c720c (preset 0x2720)
monitor 0x1c720c (preset 0x2720),monitor 0x1c7460 (preset 0x2721),0.011,no,the line between them touches another wall,monitor 0x1c7460 (preset 0x2721)
monitor 0x1c720c (preset 0x2720),monitor 0x1c7460 (preset 0x2721),0.010,no,the line between them touches another wall,monitor 0x1c7460 (preset 0x2721)
monitor 0x1c7460 (preset 0x2721),monitor 0x1c76b4 (preset 0x2722),0.011,no,"another wall pokes into the space between them, so a tighter pair covers this gap",monitor 0x1c76b4 (preset 0x2722)
monitor 0x1c7460 (preset 0x2721),monitor 0x1c76b4 (preset 0x2722),0.011,no,the line between them touches another wall,monitor 0x1c7460 (preset 0x2721)
monitor 0x1c7460 (preset 0x2721),monitor 0x1c76b4 (preset 0x2722),0.011,no,the line between them touches another wall,monitor 0x1c7460 (preset 0x2721)
monitor 0x1c7460 (preset 0x2721),monitor 0x1c76b4 (preset 0x2722),0.011,no,the line between them touches another wall,monitor 0x1c76b4 (preset 0x2722)
monitor 0x1c7460 (preset 0x2721),monitor 0x1c76b4 (preset 0x2722),0.010,no,the line between them touches another wall,monitor 0x1c7460 (preset 0x2721)
monitor 0x1c76b4 (preset 0x2722),monitor 0x1c7908 (preset 0x2723),0.011,no,the line between them touches another wall,monitor 0x1c7908 (preset 0x2723)
monitor 0x1c76b4 (preset 0x2722),monitor 0x1c7908 (preset 0x2723),0.011,no,the line between them touches another wall,monitor 0x1c76b4 (preset 0x2722)
monitor 0x1c76b4 (preset 0x2722),monitor 0x1c7908 (preset 0x2723),0.011,no,"another wall pokes into the space between them, so a tighter pair covers this gap",monitor 0x1c76b4 (preset 0x2722)
monitor 0x1c76b4 (preset 0x2722),monitor 0x1c7908 (preset 0x2723),0.011,no,the line between them touches another wall,monitor 0x1c7908 (preset 0x2723)
monitor 0x1c76b4 (preset 0x2722),monitor 0x1c7908 (preset 0x2723),0.010,no,the line between them touches another wall,monitor 0x1c7908 (preset 0x2723)
monitor 0x1c7b5c (preset 0x2724),monitor 0x1c7db0 (preset 0x2725),0.163,no,the line between them touches another wall,monitor 0x1c7db0 (preset 0x2725)
monitor 0x1c7b5c (preset 0x2724),monitor 0x1c7db0 (preset 0x2725),0.163,no,the line between them touches another wall,monitor 0x1c7db0 (preset 0x2725)
monitor 0x1c7b5c (preset 0x2724),monitor 0x1c7db0 (preset 0x2725),0.145,no,the line between them touches another wall,monitor 0x1c7db0 (preset 0x2725)
monitor 0x1c7b5c (preset 0x2724),monitor 0x1c7db0 (preset 0x2725),0.159,no,"another wall pokes into the space between them, so a tighter pair covers this gap",monitor 0x1c7b5c (preset 0x2724)
monitor 0x1c7b5c (preset 0x2724),monitor 0x1c7db0 (preset 0x2725),0.159,no,the line between them touches another wall,monitor 0x1c7b5c (preset 0x2724)
monitor 0x1c7db0 (preset 0x2725),monitor 0x1c8004 (preset 0x2726),0.159,no,"another wall pokes into the space between them, so a tighter pair covers this gap",monitor 0x1c8004 (preset 0x2726)
monitor 0x1c7db0 (preset 0x2725),monitor 0x1c8004 (preset 0x2726),0.159,no,the line between them touches another wall,monitor 0x1c8004 (preset 0x2726)
monitor 0x1c7db0 (preset 0x2725),monitor 0x1c8004 (preset 0x2726),0.145,no,the line between them touches another wall,monitor 0x1c7db0 (preset 0x2725)
monitor 0x1c7db0 (preset 0x2725),monitor 0x1c8004 (preset 0x2726),0.163,no,the line between them touches another wall,monitor 0x1c7db0 (preset 0x2725)
monitor 0x1c7db0 (preset 0x2725),monitor 0x1c8004 (preset 0x2726),0.163,no,the line between them touches another wall,monitor 0x1c7db0 (preset 0x2725)
monitor 0x1c8004 (preset 0x2726),monitor 0x1c8258 (preset 0x2727),0.163,no,the line between them touches another wall,monitor 0x1c8258 (preset 0x2727)
monitor 0x1c8004 (preset 0x2726),monitor 0x1c8258 (preset 0x2727),0.163,no,the line between them touches another wall,monitor 0x1c8258 (preset 0x2727)
monitor 0x1c8004 (preset 0x2726),monitor 0x1c8258 (preset 0x2727),0.145,no,the line between them touches another wall,monitor 0x1c8258 (preset 0x2727)
monitor 0x1c8004 (preset 0x2726),monitor 0x1c8258 (preset 0x2727),0.159,no,"another wall pokes into the space between them, so a tighter pair covers this gap",monitor 0x1c8004 (preset 0x2726)
monitor 0x1c8004 (preset 0x2726),monitor 0x1c8258 (preset 0x2727),0.159,no,the line between them touches another wall,monitor 0x1c8004 (preset 0x2726)
monitor 0x1c84ac (preset 0x2728),monitor 0x1c8700 (preset 0x2729),0.162,no,the line between them touches another wall,monitor 0x1c8700 (preset 0x2729)
monitor 0x1c84ac (preset 0x2728),monitor 0x1c8700 (preset 0x2729),0.162,no,the line between them touches another wall,monitor 0x1c8700 (preset 0x2729)
monitor 0x1c84ac (preset 0x2728),monitor 0x1c8700 (preset 0x2729),0.145,no,the line between them touches another wall,monitor 0x1c8700 (preset 0x2729)
monitor 0x1c84ac (preset 0x2728),monitor 0x1c8700 (preset 0x2729),0.159,no,the line between them touches another wall,monitor 0x1c84ac (preset 0x2728)
monitor 0x1c84ac (preset 0x2728),monitor 0x1c8700 (preset 0x2729),0.159,no,the line between them touches another wall,monitor 0x1c84ac (preset 0x2728)
monitor 0x1c8700 (preset 0x2729),monitor 0x1c8ba8 (preset 0x272b),43.193,yes,,
monitor 0x1c8700 (preset 0x2729),monitor 0x1c8ba8 (preset 0x272b),43.193,yes,,
monitor 0x1c8700 (preset 0x2729),monitor 0x1c8ba8 (preset 0x272b),43.193,yes,,
monitor 0x1c8700 (preset 0x2729),monitor 0x1c8ba8 (preset 0x272b),43.193,yes,,
monitor 0x1c8954 (preset 0x272a),monitor 0x1c8ba8 (preset 0x272b),0.149,no,the line between them touches another wall,monitor 0x1c8ba8 (preset 0x272b)
monitor 0x1c8954 (preset 0x272a),monitor 0x1c8ba8 (preset 0x272b),0.159,no,the line between them touches another wall,monitor 0x1c8ba8 (preset 0x272b)
monitor 0x1c8954 (preset 0x272a),monitor 0x1c8ba8 (preset 0x272b),0.000,no,"another wall pokes into the space between them, so a tighter pair covers this gap",monitor 0x1c8954 (preset 0x272a)
monitor 0x1c8954 (preset 0x272a),monitor 0x1c8ba8 (preset 0x272b),0.000,no,the line between them touches another wall,monitor 0x1c8954 (preset 0x272a)
monitor 0x1c8954 (preset 0x272a),monitor 0x1c8ba8 (preset 0x272b),0.159,no,the line between them touches another wall,monitor 0x1c8ba8 (preset 0x272b)
monitor 0x1c8dfc (preset 0x272c),monitor 0x1c9050 (preset 0x272d),0.159,no,the line between them touches another wall,monitor 0x1c9050 (preset 0x272d)
monitor 0x1c8dfc (preset 0x272c),monitor 0x1c92a4 (preset 0x272e),44.673,yes,,
monitor 0x1c8dfc (preset 0x272c),monitor 0x1c92a4 (preset 0x272e),44.673,yes,,
monitor 0x1c8dfc (preset 0x272c),monitor 0x1c9050 (preset 0x272d),0.159,no,the line between them touches another wall,monitor 0x1c9050 (preset 0x272d)
monitor 0x1c8dfc (preset 0x272c),monitor 0x1c9050 (preset 0x272d),0.145,no,the line between them touches another wall,monitor 0x1c9050 (preset 0x272d)
monitor 0x1c8dfc (preset 0x272c),monitor 0x1c9050 (preset 0x272d),0.163,no,"another wall pokes into the space between them, so a tighter pair covers this gap",monitor 0x1c8dfc (preset 0x272c)
monitor 0x1c8dfc (preset 0x272c),monitor 0x1c9050 (preset 0x272d),0.163,no,the line between them touches another wall,monitor 0x1c8dfc (preset 0x272c)
monitor 0x1c8dfc (preset 0x272c),monitor 0x1c92a4 (preset 0x272e),44.673,yes,,
monitor 0x1c8dfc (preset 0x272c),monitor 0x1c92a4 (preset 0x272e),44.673,yes,,
monitor 0x1c92a4 (preset 0x272e),monitor 0x1c94f8 (preset 0x272f),0.145,no,the line between them touches another wall,monitor 0x1c92a4 (preset 0x272e)
monitor 0x1c92a4 (preset 0x272e),monitor 0x1c94f8 (preset 0x272f),0.162,no,the line between them touches another wall,monitor 0x1c94f8 (preset 0x272f)
monitor 0x1c92a4 (preset 0x272e),monitor 0x1c94f8 (preset 0x272f),0.159,no,the line between them touches another wall,monitor 0x1c92a4 (preset 0x272e)
monitor 0x1c92a4 (preset 0x272e),monitor 0x1c94f8 (preset 0x272f),0.159,no,the line between them touches another wall,monitor 0x1c92a4 (preset 0x272e)
monitor 0x1c92a4 (preset 0x272e),monitor 0x1c94f8 (preset 0x272f),0.162,no,the line between them touches another wall,monitor 0x1c94f8 (preset 0x272f)
door 0x1c974c (preset 0x0032),door 0x1c974c (preset 0x0032),14.813,no,the line between them touches another wall,door 0x1c974c (preset 0x0032)
door 0x1c984c (preset 0x0033),door 0x1c984c (preset 0x0033),16.953,no,the line between them touches another wall,door 0x1c984c (preset 0x0033)
door 0x1c994c (preset 0x0034),door 0x1c994c (preset 0x0034),16.953,no,the line between them touches another wall,door 0x1c994c (preset 0x0034)
door 0x1c9b4c (preset 0x0037),door 0x1c9b4c (preset 0x0037),16.929,no,"the line between them leaves the walkable area (a wall's thickness, or another floor)",
door 0x1c9b4c (preset 0x0037),door 0x1c9b4c (preset 0x0037),16.929,no,the line between them touches another wall,door 0x1c9b4c (preset 0x0037)
door 0x1c9b4c (preset 0x0037),door 0x1c9b4c (preset 0x0037),0.000,no,the line between them touches another wall,door 0x1c9b4c (preset 0x0037)
door 0x1c9b4c (preset 0x0037),door 0x1c9b4c (preset 0x0037),0.000,no,neither wall could be placed on a tile,
door 0x1c9b4c (preset 0x0037),door 0x1c9b4c (preset 0x0037),16.929,no,the line between them touches another wall,door 0x1c9b4c (preset 0x0037)
door 0x1c9c4c (preset 0x0038),door 0x1c9c4c (preset 0x0038),16.929,no,the line between them touches another wall,door 0x1c9c4c (preset 0x0038)
door 0x1c9d4c (preset 0x0039),door 0x1c9d4c (preset 0x0039),14.836,no,the line between them touches another wall,door 0x1c9d4c (preset 0x0039)
door 0x1c9d4c (preset 0x0039),door 0x1c9d4c (preset 0x0039),14.837,no,the line between them touches another wall,door 0x1c9d4c (preset 0x0039)
door 0x1c9d4c (preset 0x0039),door 0x1c9d4c (preset 0x0039),0.000,no,the line between them touches another wall,door 0x1c9d4c (preset 0x0039)
door 0x1c9d4c (preset 0x0039),door 0x1c9d4c (preset 0x0039),0.000,no,the line between them touches another wall,door 0x1c9d4c (preset 0x0039)
door 0x1c9d4c (preset 0x0039),door 0x1c9d4c (preset 0x0039),14.836,no,neither wall could be placed on a tile,
door 0x1c9e4c (preset 0x003a),door 0x1c9e4c (preset 0x003a),16.929,no,the line between them touches another wall,door 0x1c9e4c (preset 0x003a)
door 0x1c9f4c (preset 0x003b),door 0x1c9f4c (preset 0x003b),14.813,no,"the line between them leaves the walkable area (a wall's thickness, or another floor)",
door 0x1c9f4c (preset 0x003b),door 0x1c9f4c (preset 0x003b),0.000,no,the line between them touches another wall,door 0x1c9f4c (preset 0x003b)
door 0x1c9f4c (preset 0x003b),door 0x1c9f4c (preset 0x003b),0.000,no,the line between them touches another wall,door 0x1c9f4c (preset 0x003b)
door 0x1c9f4c (preset 0x003b),door 0x1c9f4c (preset 0x003b),14.813,no,the line between them touches another wall,door 0x1c9f4c (preset 0x003b)
door 0x1c9f4c (preset 0x003b),door 0x1c9f4c (preset 0x003b),14.813,no,the line between them touches another wall,wall of tile 030D61 (room 0x41)
door 0x1ca04c (preset 0x003c),door 0x1ca04c (preset 0x003c),16.930,no,the line between them touches another wall,door 0x1ca04c (preset 0x003c)
door 0x1ca24c (preset 0x003e),door 0x1ca24c (preset 0x003e),16.953,no,the line between them touches another wall,door 0x1ca24c (preset 0x003e)
door 0x1ca34c (preset 0x003f),door 0x1ca34c (preset 0x003f),0.000,no,the line between them touches another wall,door 0x1ca34c (preset 0x003f)
door 0x1ca34c (preset 0x003f),door 0x1ca34c (preset 0x003f),16.953,no,"the line between them leaves the walkable area (a wall's thickness, or another floor)",
door 0x1ca34c (preset 0x003f),door 0x1ca34c (preset 0x003f),16.953,no,"the line between them leaves the walkable area (a wall's thickness, or another floor)",
door 0x1ca34c (preset 0x003f),door 0x1ca34c (preset 0x003f),16.953,no,the line between them touches another wall,door 0x1ca34c (preset 0x003f)
door 0x1ca34c (preset 0x003f),door 0x1ca34c (preset 0x003f),0.000,no,the line between them touches another wall,door 0x1ca34c (preset 0x003f)
door 0x1ca44c (preset 0x0040),door 0x1ca44c (preset 0x0040),14.813,no,the line between them touches another wall,door 0x1ca44c (preset 0x0040)
door 0x1ca54c (preset 0x0041),door 0x1ca54c (preset 0x0041),16.929,no,the line between them touches another wall,door 0x1ca54c (preset 0x0041)
door 0x1ca54c (preset 0x0041),door 0x1ca54c (preset 0x0041),16.929,no,the line between them touches another wall,door 0x1ca54c (preset 0x0041)
door 0x1ca54c (preset 0x0041),door 0x1ca54c (preset 0x0041),0.000,no,the line between them touches another wall,wall of tile 030D5A (room 0x3a)
door 0x1ca54c (preset 0x0041),door 0x1ca54c (preset 0x0041),0.000,no,the line between them touches another wall,door 0x1ca54c (preset 0x0041)
door 0x1ca54c (preset 0x0041),door 0x1ca54c (preset 0x0041),16.929,no,the line between them touches another wall,door 0x1ca54c (preset 0x0041)
door 0x1ca64c (preset 0x0042),door 0x1ca64c (preset 0x0042),0.000,no,the line between them touches another wall,door 0x1ca64c (preset 0x0042)
door 0x1ca64c (preset 0x0042),door 0x1ca64c (preset 0x0042),14.837,no,"the line between them leaves the walkable area (a wall's thickness, or another floor)",
door 0x1ca64c (preset 0x0042),door 0x1ca64c (preset 0x0042),14.837,no,"the line between them leaves the walkable area (a wall's thickness, or another floor)",
door 0x1ca64c (preset 0x0042),door 0x1ca64c (preset 0x0042),14.837,no,the line between them touches another wall,door 0x1ca64c (preset 0x0042)
door 0x1ca64c (preset 0x0042),door 0x1ca64c (preset 0x0042),0.000,no,the line between them touches another wall,door 0x1ca64c (preset 0x0042)
door 0x1ca74c (preset 0x0045),door 0x1ca74c (preset 0x0045),16.953,no,the line between them touches another wall,door 0x1ca74c (preset 0x0045)
door 0x1ca84c (preset 0x0046),door 0x1ca84c (preset 0x0046),16.953,no,"the line between them leaves the walkable area (a wall's thickness, or another floor)",
door 0x1ca84c (preset 0x0046),door 0x1ca84c (preset 0x0046),16.953,no,"the line between them leaves the walkable area (a wall's thickness, or another floor)",
door 0x1ca84c (preset 0x0046),door 0x1ca84c (preset 0x0046),0.000,no,the line between them touches another wall,door 0x1ca84c (preset 0x0046)
door 0x1ca84c (preset 0x0046),door 0x1ca84c (preset 0x0046),0.000,no,the line between them touches another wall,door 0x1ca84c (preset 0x0046)
door 0x1ca84c (preset 0x0046),door 0x1ca84c (preset 0x0046),16.953,no,the line between them touches another wall,door 0x1ca84c (preset 0x0046)
door 0x1ca94c (preset 0x0047),door 0x1ca94c (preset 0x0047),14.813,no,the line between them touches another wall,door 0x1ca94c (preset 0x0047)
door 0x1caa4c (preset 0x0048),door 0x1caa4c (preset 0x0048),0.000,no,the line between them touches another wall,door 0x1caa4c (preset 0x0048)
door 0x1caa4c (preset 0x0048),door 0x1caa4c (preset 0x0048),16.929,no,"the line between them leaves the walkable area (a wall's thickness, or another floor)",
door 0x1caa4c (preset 0x0048),door 0x1caa4c (preset 0x0048),16.929,no,the line between them touches another wall,door 0x1caa4c (preset 0x0048)
door 0x1caa4c (preset 0x0048),door 0x1caa4c (preset 0x0048),16.929,no,the line between them touches another wall,door 0x1caa4c (preset 0x0048)
door 0x1caa4c (preset 0x0048),door 0x1caa4c (preset 0x0048),0.000,no,the line between them touches another wall,wall of tile 030D52 (room 0x39)
door 0x1cad6c (preset 0x004b),door 0x1cad6c (preset 0x004b),0.000,no,"the line between them leaves the walkable area (a wall's thickness, or another floor)",
door 0x1cad6c (preset 0x004b),door 0x1cad6c (preset 0x004b),14.813,no,the line between them touches another wall,door 0x1cad6c (preset 0x004b)
door 0x1cad6c (preset 0x004b),door 0x1cad6c (preset 0x004b),14.813,no,the line between them touches another wall,door 0x1cad6c (preset 0x004b)
door 0x1cad6c (preset 0x004b),door 0x1cad6c (preset 0x004b),14.813,no,the line between them touches another wall,door 0x1cad6c (preset 0x004b)
door 0x1cad6c (preset 0x004b),door 0x1cad6c (preset 0x004b),0.000,no,the line between them touches another wall,door 0x1cad6c (preset 0x004b)
door 0x1cae6c (preset 0x004c),door 0x1cae6c (preset 0x004c),0.000,no,the line between them touches another wall,door 0x1cae6c (preset 0x004c)
door 0x1cae6c (preset 0x004c),door 0x1cae6c (preset 0x004c),14.813,no,the line between them touches another wall,door 0x1cae6c (preset 0x004c)
door 0x1cae6c (preset 0x004c),door 0x1cae6c (preset 0x004c),14.813,no,the line between them touches another wall,door 0x1cae6c (preset 0x004c)
door 0x1cae6c (preset 0x004c),door 0x1caf6c (preset 0x004d),0.000,no,"another wall pokes into the space between them, so a tighter pair covers this gap",door 0x1caf6c (preset 0x004d)
door 0x1cae6c (preset 0x004c),door 0x1caf6c (preset 0x004d),0.000,no,the line between them touches another wall,door 0x1caf6c (preset 0x004d)
door 0x1cae6c (preset 0x004c),door 0x1caf6c (preset 0x004d),14.813,no,the line between them touches another wall,door 0x1caf6c (preset 0x004d)
door 0x1cae6c (preset 0x004c),door 0x1caf6c (preset 0x004d),52.903,no,the line between them touches another wall,door 0x1caf6c (preset 0x004d)
door 0x1cae6c (preset 0x004c),door 0x1caf6c (preset 0x004d),50.787,no,the line between them touches another wall,door 0x1caf6c (preset 0x004d)
door 0x1cae6c (preset 0x004c),door 0x1cae6c (preset 0x004c),14.813,no,the line between them touches another wall,door 0x1cae6c (preset 0x004c)
door 0x1cae6c (preset 0x004c),door 0x1cae6c (preset 0x004c),54.938,no,the line between them touches another wall,door 0x1cae6c (preset 0x004c)
door 0x1cae6c (preset 0x004c),door 0x1cae6c (preset 0x004c),52.903,no,the line between them touches another wall,door 0x1cae6c (preset 0x004c)
door 0x1cae6c (preset 0x004c),door 0x1caf6c (preset 0x004d),52.903,no,"another wall pokes into the space between them, so a tighter pair covers this gap",door 0x1caf6c (preset 0x004d)
door 0x1cae6c (preset 0x004c),door 0x1caf6c (preset 0x004d),52.903,no,the line between them touches another wall,door 0x1cae6c (preset 0x004c)
door 0x1cae6c (preset 0x004c),door 0x1caf6c (preset 0x004d),52.903,no,the line between them touches another wall,door 0x1cae6c (preset 0x004c)
door 0x1cae6c (preset 0x004c),door 0x1caf6c (preset 0x004d),54.938,no,the line between them touches another wall,door 0x1cae6c (preset 0x004c)
door 0x1cae6c (preset 0x004c),door 0x1cae6c (preset 0x004c),52.903,no,the line between them touches another wall,door 0x1cae6c (preset 0x004c)
door 0x1cae6c (preset 0x004c),door 0x1cae6c (preset 0x004c),52.903,no,the line between them touches another wall,door 0x1cae6c (preset 0x004c)
door 0x1cae6c (preset 0x004c),door 0x1caf6c (preset 0x004d),52.903,no,the line between them touches another wall,door 0x1cae6c (preset 0x004c)
door 0x1cae6c (preset 0x004c),door 0x1caf6c (preset 0x004d),52.903,no,the line between them touches another wall,door 0x1cae6c (preset 0x004c)
door 0x1cae6c (preset 0x004c),door 0x1caf6c (preset 0x004d),52.903,no,the line between them touches another wall,door 0x1cae6c (preset 0x004c)
door 0x1cae6c (preset 0x004c),door 0x1caf6c (preset 0x004d),52.903,no,the line between them touches another wall,door 0x1cae6c (preset 0x004c)
door 0x1cae6c (preset 0x004c),door 0x1cae6c (preset 0x004c),0.000,no,the line between them touches another wall,door 0x1cae6c (preset 0x004c)
door 0x1cae6c (preset 0x004c),door 0x1caf6c (preset 0x004d),14.813,no,the line between them touches another wall,door 0x1cae6c (preset 0x004c)
door 0x1cae6c (preset 0x004c),door 0x1caf6c (preset 0x004d),14.813,no,the line between them touches another wall,door 0x1cae6c (preset 0x004c)
door 0x1cae6c (preset 0x004c),door 0x1caf6c (preset 0x004d),0.000,no,the line between them touches another wall,door 0x1cae6c (preset 0x004c)
door 0x1cae6c (preset 0x004c),door 0x1caf6c (preset 0x004d),0.000,no,the line between them touches another wall,door 0x1cae6c (preset 0x004c)
door 0x1cae6c (preset 0x004c),door 0x1caf6c (preset 0x004d),50.787,no,"another wall pokes into the space between them, so a tighter pair covers this gap",door 0x1caf6c (preset 0x004d)
door 0x1cae6c (preset 0x004c),door 0x1caf6c (preset 0x004d),50.787,no,the line between them touches another wall,door 0x1caf6c (preset 0x004d)
door 0x1cae6c (preset 0x004c),door 0x1caf6c (preset 0x004d),14.813,no,the line between them touches another wall,door 0x1caf6c (preset 0x004d)
door 0x1cae6c (preset 0x004c),door 0x1caf6c (preset 0x004d),14.813,no,the line between them touches another wall,door 0x1caf6c (preset 0x004d)
door 0x1cae6c (preset 0x004c),door 0x1caf6c (preset 0x004d),50.787,no,the line between them touches another wall,door 0x1caf6c (preset 0x004d)
door 0x1cae6c (preset 0x004c),door 0x1caf6c (preset 0x004d),50.787,no,the line between them touches another wall,door 0x1caf6c (preset 0x004d)
door 0x1cae6c (preset 0x004c),door 0x1caf6c (preset 0x004d),0.000,no,the line between them touches another wall,door 0x1caf6c (preset 0x004d)
door 0x1cae6c (preset 0x004c),door 0x1caf6c (preset 0x004d),0.000,no,the line between them touches another wall,door 0x1caf6c (preset 0x004d)
door 0x1cae6c (preset 0x004c),door 0x1caf6c (preset 0x004d),50.787,no,the line between them touches another wall,door 0x1caf6c (preset 0x004d)
door 0x1cae6c (preset 0x004c),door 0x1caf6c (preset 0x004d),50.787,no,the line between them touches another wall,door 0x1caf6c (preset 0x004d)
door 0x1caf6c (preset 0x004d),door 0x1caf6c (preset 0x004d),0.000,no,the line between them touches another wall,door 0x1caf6c (preset 0x004d)
door 0x1caf6c (preset 0x004d),door 0x1caf6c (preset 0x004d),14.813,no,the line between them touches another wall,door 0x1caf6c (preset 0x004d)
door 0x1caf6c (preset 0x004d),door 0x1caf6c (preset 0x004d),14.813,no,the line between them touches another wall,wall of tile 001272 (room 0x50)
door 0x1caf6c (preset 0x004d),door 0x1caf6c (preset 0x004d),14.813,no,the line between them touches another wall,door 0x1caf6c (preset 0x004d)
door 0x1caf6c (preset 0x004d),door 0x1caf6c (preset 0x004d),52.903,no,the line between them touches another wall,door 0x1caf6c (preset 0x004d)
door 0x1caf6c (preset 0x004d),door 0x1caf6c (preset 0x004d),50.787,no,the line between them touches another wall,door 0x1caf6c (preset 0x004d)
door 0x1caf6c (preset 0x004d),door 0x1caf6c (preset 0x004d),50.787,no,the line between them touches another wall,door 0x1caf6c (preset 0x004d)
door 0x1caf6c (preset 0x004d),door 0x1caf6c (preset 0x004d),50.787,no,the line between them touches another wall,door 0x1caf6c (preset 0x004d)
door 0x1caf6c (preset 0x004d),door 0x1caf6c (preset 0x004d),0.000,no,the line between them touches another wall,door 0x1caf6c (preset 0x004d)
monitor 0x1cb8cc (preset 0x0046),monitor 0x1cb8cc (preset 0x0046),51.159,no,the line between them touches another wall,monitor 0x1cb8cc (preset 0x0046)
monitor 0x1cb9cc (preset 0x0054),monitor 0x1cb9cc (preset 0x0054),51.159,no,the line between them touches another wall,monitor 0x1cb9cc (preset 0x0054)
monitor 0x1cbacc (preset 0x0055),monitor 0x1cbacc (preset 0x0055),51.159,no,the line between them touches another wall,monitor 0x1cbacc (preset 0x0055)
monitor 0x1cbbcc (preset 0x005c),monitor 0x1cbbcc (preset 0x005c),51.159,no,the line between them touches another wall,monitor 0x1cbbcc (preset 0x005c)
monitor 0x1cbbcc (preset 0x005c),generic 0x1cc74c (preset 0x0057),30.121,yes,,
monitor 0x1cbbcc (preset 0x005c),generic 0x1cc74c (preset 0x0057),30.121,yes,,
monitor 0x1cbccc (preset 0x005d),monitor 0x1cbccc (preset 0x005d),51.159,no,the line between them touches another wall,monitor 0x1cbccc (preset 0x005d)
monitor 0x1cbdcc (preset 0x0068),monitor 0x1cbdcc (preset 0x0068),51.159,no,the line between them touches another wall,monitor 0x1cbdcc (preset 0x0068)
monitor 0x1cbdcc (preset 0x0068),generic 0x1cc7dc (preset 0x005f),52.151,no,"another wall pokes into the space between them, so a tighter pair covers this gap",monitor 0x1cbdcc (preset 0x0068)
monitor 0x1cbdcc (preset 0x0068),generic 0x1cc7dc (preset 0x005f),52.151,no,"another wall pokes into the space between them, so a tighter pair covers this gap",monitor 0x1cbdcc (preset 0x0068)
monitor 0x1cbdcc (preset 0x0068),generic 0x1cc7dc (preset 0x005f),15.833,yes,,
monitor 0x1cbdcc (preset 0x0068),generic 0x1cc7dc (preset 0x005f),26.378,no,"another wall pokes into the space between them, so a tighter pair covers this gap",generic 0x1cc7dc (preset 0x005f)
monitor 0x1cbdcc (preset 0x0068),generic 0x1cc7dc (preset 0x005f),15.833,yes,,
monitor 0x1cbdcc (preset 0x0068),generic 0x1cc7dc (preset 0x005f),27.090,no,"another wall pokes into the space between them, so a tighter pair covers this gap",generic 0x1cc7dc (preset 0x005f)
