between,and,width,kept,reason,because_of
wall of tile 016619 (room 0x27),wall of tile 01A418 (room 0x27),46.678,no,the line between them touches another wall,wall of tile 015119 (room 0x27)
wall of tile 016619 (room 0x27),wall of tile 1DD201 (room 0x0f),53.267,no,the line between them touches another wall,wall of tile 26CB01 (room 0x0f)
wall of tile 016619 (room 0x27),wall of tile 1DC702 (room 0x0f),53.267,no,the line between them touches another wall,wall of tile 26CB01 (room 0x0f)
wall of tile 016619 (room 0x27),wall of tile 1DC701 (room 0x0f),53.267,no,the line between them touches another wall,wall of tile 26CB01 (room 0x0f)
wall of tile 016619 (room 0x27),door 0x1ec4b0 (preset 0x0006),0.000,no,the line between them touches another wall,door 0x1ec4b0 (preset 0x0006)
wall of tile 016619 (room 0x27),door 0x1ec4b0 (preset 0x0006),0.000,no,"the line between them leaves the walkable area (a wall's thickness, or another floor)",
wall of tile 016619 (room 0x27),door 0x1ec4b0 (preset 0x0006),0.000,no,"another wall pokes into the space between them, so a tighter pair covers this gap",wall of tile 26CB01 (room 0x0f)
wall of tile 015119 (room 0x27),wall of tile 26CB01 (room 0x0f),17.603,no,the line between them touches another wall,wall of tile 016619 (room 0x27)
wall of tile 015119 (room 0x27),door 0x1ec4b0 (preset 0x0006),0.000,no,"another wall pokes into the space between them, so a tighter pair covers this gap",door 0x1ec4b0 (preset 0x0006)
wall of tile 015119 (room 0x27),door 0x1ec4b0 (preset 0x0006),0.000,no,"the line between them leaves the walkable area (a wall's thickness, or another floor)",
wall of tile 015119 (room 0x27),door 0x1ec4b0 (preset 0x0006),17.603,no,the line between them touches another wall,door 0x1ec4b0 (preset 0x0006)
wall of tile 01661A (room 0x27),wall of tile 01A218 (room 0x27),46.678,no,the line between them touches another wall,wall of tile 01511A (room 0x27)
wall of tile 01661A (room 0x27),wall of tile 1DD202 (room 0x0f),53.267,no,the line between them touches another wall,wall of tile 26CB02 (room 0x0f)
wall of tile 01661A (room 0x27),wall of tile 1DC801 (room 0x0f),53.267,no,the line between them touches another wall,wall of tile 26CB02 (room 0x0f)
wall of tile 01661A (room 0x27),wall of tile 1DC801 (room 0x0f),53.267,no,the line between them touches another wall,wall of tile 26CB02 (room 0x0f)
wall of tile 01661A (room 0x27),door 0x1ec4b0 (preset 0x0006),0.000,no,"the line between them leaves the walkable area (a wall's thickness, or another floor)",
wall of tile 01661A (room 0x27),door 0x1ec4b0 (preset 0x0006),0.000,no,"another wall pokes into the space between them, so a tighter pair covers this gap",wall of tile 01511A (room 0x27)
wall of tile 01661A (room 0x27),door 0x1ec4b0 (preset 0x0006),0.000,no,the line between them touches another wall,door 0x1ec4b0 (preset 0x0006)
wall of tile 01511A (room 0x27),wall of tile 26CB02 (room 0x0f),17.603,no,the line between them touches another wall,wall of tile 01661A (room 0x27)
wall of tile 01511A (room 0x27),door 0x1ec4b0 (preset 0x0006),17.603,no,"the line between them leaves the walkable area (a wall's thickness, or another floor)",
wall of tile 01511A (room 0x27),door 0x1ec4b0 (preset 0x0006),0.000,no,"another wall pokes into the space between them, so a tighter pair covers this gap",wall of tile 01661A (room 0x27)
wall of tile 01511A (room 0x27),door 0x1ec4b0 (preset 0x0006),0.000,no,"another wall pokes into the space between them, so a tighter pair covers this gap",door 0x1ec4b0 (preset 0x0006)
wall of tile 01511A (room 0x27),door 0x1ec4b0 (preset 0x0006),17.603,no,"the line between them leaves the walkable area (a wall's thickness, or another floor)",
wall of tile 01A418 (room 0x27),door 0x1ec4b0 (preset 0x0006),46.678,no,"another wall pokes into the space between them, so a tighter pair covers this gap",wall of tile 015119 (room 0x27)
wall of tile 01A418 (room 0x27),door 0x1ec4b0 (preset 0x0006),46.678,no,"another wall pokes into the space between them, so a tighter pair covers this gap",wall of tile 015119 (room 0x27)
wall of tile 01A418 (room 0x27),door 0x1ec4b0 (preset 0x0006),46.678,no,"the line between them leaves the walkable area (a wall's thickness, or another floor)",
wall of tile 01A218 (room 0x27),door 0x1ec4b0 (preset 0x0006),46.678,no,"another wall pokes into the space between them, so a tighter pair covers this gap",wall of tile 01511A (room 0x27)
wall of tile 01A218 (room 0x27),door 0x1ec4b0 (preset 0x0006),46.678,no,"another wall pokes into the space between them, so a tighter pair covers this gap",wall of tile 01511A (room 0x27)
wall of tile 015018 (room 0x27),wall of tile 00CB1A (room 0x26),33.006,no,the line between them touches another wall,wall of tile 015018 (room 0x27)
wall of tile 015018 (room 0x27),wall of tile 00CE1A (room 0x26),53.267,no,"the line between them leaves the walkable area (a wall's thickness, or another floor)",
wall of tile 015018 (room 0x27),wall of tile 00CE1A (room 0x26),41.808,no,the line between them touches another wall,wall of tile 00CB1A (room 0x26)
wall of tile 00CB1A (room 0x26),wall of tile 00CF1A (room 0x26),41.808,no,the line between them touches another wall,wall of tile 00CE1A (room 0x26)
wall of tile 00CB19 (room 0x26),wall of tile 00CF19 (room 0x26),41.808,no,the line between them touches another wall,wall of tile 00CE19 (room 0x26)
wall of tile 00CB19 (room 0x26),wall of tile 01A118 (room 0x27),33.006,no,the line between them touches another wall,wall of tile 01A118 (room 0x27)
wall of tile 00CE1A (room 0x26),wall of tile 00C51A (room 0x26),41.808,no,the line between them touches another wall,wall of tile 00CF1A (room 0x26)
wall of tile 00CE19 (room 0x26),wall of tile 00C519 (room 0x26),41.808,no,the line between them touches another wall,wall of tile 00CF19 (room 0x26)
wall of tile 00CE19 (room 0x26),wall of tile 01A118 (room 0x27),53.267,no,"the line between them leaves the walkable area (a wall's thickness, or another floor)",
wall of tile 00CE19 (room 0x26),wall of tile 01A118 (room 0x27),41.808,no,the line between them touches another wall,wall of tile 00CB19 (room 0x26)
wall of tile 00CF1A (room 0x26),wall of tile 00C81A (room 0x26),41.808,no,the line between them touches another wall,wall of tile 00C51A (room 0x26)
wall of tile 00CF19 (room 0x26),wall of tile 00C819 (room 0x26),41.808,no,the line between them touches another wall,wall of tile 00C519 (room 0x26)
wall of tile 00C51A (room 0x26),wall of tile 00C91A (room 0x26),41.808,no,the line between them touches another wall,wall of tile 00C81A (room 0x26)
wall of tile 00C519 (room 0x26),wall of tile 00C919 (room 0x26),41.808,no,the line between them touches another wall,wall of tile 00C819 (room 0x26)
wall of tile 00C81A (room 0x26),wall of tile 00D81A (room 0x26),39.608,no,the line between them touches another wall,wall of tile 00C91A (room 0x26)
wall of tile 00C819 (room 0x26),wall of tile 00D819 (room 0x26),39.608,no,the line between them touches another wall,wall of tile 00C919 (room 0x26)
wall of tile 00C91A (room 0x26),wall of tile 00DB1A (room 0x26),41.808,no,the line between them touches another wall,wall of tile 00D81A (room 0x26)
wall of tile 00C919 (room 0x26),wall of tile 00DB19 (room 0x26),41.808,no,the line between them touches another wall,wall of tile 00D819 (room 0x26)
wall of tile 00D81A (room 0x26),wall of tile 00DC1A (room 0x26),41.808,no,the line between them touches another wall,wall of tile 00DB1A (room 0x26)
wall of tile 00D819 (room 0x26),wall of tile 00DC19 (room 0x26),41.808,no,the line between them touches another wall,wall of tile 00DB19 (room 0x26)
wall of tile 00DB1A (room 0x26),wall of tile 00BB1A (room 0x26),41.808,no,the line between them touches another wall,wall of tile 00DC1A (room 0x26)
wall of tile 00DB19 (room 0x26),wall of tile 00BB19 (room 0x26),41.808,no,the line between them touches another wall,wall of tile 00DC19 (room 0x26)
wall of tile 00DC1A (room 0x26),wall of tile 00BE1A (room 0x26),41.808,no,the line between them touches another wall,wall of tile 00BB1A (room 0x26)
wall of tile 00DC19 (room 0x26),wall of tile 00BE19 (room 0x26),41.808,no,the line between them touches another wall,wall of tile 00BB19 (room 0x26)
wall of tile 00BB1A (room 0x26),wall of tile 00BF1A (room 0x26),41.808,no,the line between them touches another wall,wall of tile 00BE1A (room 0x26)
wall of tile 00BB19 (room 0x26),wall of tile 00BF19 (room 0x26),41.808,no,the line between them touches another wall,wall of tile 00BE19 (room 0x26)
wall of tile 00BE1A (room 0x26),wall of tile 00B31A (room 0x26),39.608,no,the line between them touches another wall,wall of tile 00BF1A (room 0x26)
wall of tile 00BE19 (room 0x26),wall of tile 00B319 (room 0x26),39.608,no,the line between them touches another wall,wall of tile 00BF19 (room 0x26)
wall of tile 00BF1A (room 0x26),wall of tile 00B71A (room 0x26),41.808,no,the line between them touches another wall,wall of tile 00B31A (room 0x26)
wall of tile 00BF19 (room 0x26),wall of tile 00B719 (room 0x26),41.808,no,the line between them touches another wall,wall of tile 00B319 (room 0x26)
wall of tile 00B31A (room 0x26),wall of tile 00B81A (room 0x26),41.808,no,the line between them touches another wall,wall of tile 00B71A (room 0x26)
wall of tile 00B319 (room 0x26),wall of tile 00B819 (room 0x26),41.808,no,the line between them touches another wall,wall of tile 00B719 (room 0x26)
wall of tile 00B71A (room 0x26),wall of tile 00B91A (room 0x26),41.808,no,the line between them touches another wall,wall of tile 00B81A (room 0x26)
wall of tile 00B719 (room 0x26),wall of tile 00B919 (room 0x26),41.808,no,the line between them touches another wall,wall of tile 00B819 (room 0x26)
wall of tile 00B81A (room 0x26),wall of tile 00001A (room 0x25),41.808,no,the line between them touches another wall,wall of tile 00B91A (room 0x26)
wall of tile 00B819 (room 0x26),wall of tile 00E919 (room 0x25),41.808,no,the line between them touches another wall,wall of tile 00B919 (room 0x26)
wall of tile 00011A (room 0x24),wall of tile 014E1A (room 0x24),24.205,no,the line between them touches another wall,wall of tile 014E1A (room 0x24)
wall of tile 00011A (room 0x24),door 0x1ec5c0 (preset 0x0007),35.820,no,"the line between them leaves the walkable area (a wall's thickness, or another floor)",
wall of tile 00011A (room 0x24),door 0x1ec5c0 (preset 0x0007),41.808,no,the line between them touches another wall,door 0x1ec5c0 (preset 0x0007)
wall of tile 00011A (room 0x24),door 0x1ec5c0 (preset 0x0007),35.820,no,"another wall pokes into the space between them, so a tighter pair covers this gap",door 0x1ec5c0 (preset 0x0007)
wall of tile 00011A (room 0x24),door 0x1ec5c0 (preset 0x0007),24.205,yes,,
wall of tile 00011A (room 0x24),door 0x1ec6c0 (preset 0x0008),45.363,yes,,
wall of tile 00011A (room 0x24),door 0x1ec6c0 (preset 0x0008),59.858,no,"another wall pokes into the space between them, so a tighter pair covers this gap",door 0x1ec6c0 (preset 0x0008)
wall of tile 00011A (room 0x24),door 0x1ec6c0 (preset 0x0008),45.363,yes,,
wall of tile 014E1A (room 0x24),door 0x1ec5c0 (preset 0x0007),2.200,no,"the line between them leaves the walkable area (a wall's thickness, or another floor)",
wall of tile 014E1A (room 0x24),door 0x1ec5c0 (preset 0x0007),50.610,no,the line between them touches another wall,door 0x1ec5c0 (preset 0x0007)
wall of tile 014E1A (room 0x24),door 0x1ec6c0 (preset 0x0008),41.808,yes,,
wall of tile 014E1A (room 0x24),door 0x1ec6c0 (preset 0x0008),41.808,no,"another wall pokes into the space between them, so a tighter pair covers this gap",door 0x1ec6c0 (preset 0x0008)
wall of tile 014E1A (room 0x24),door 0x1ec6c0 (preset 0x0008),41.808,yes,,
wall of tile 014E1A (room 0x24),door 0x1ec5c0 (preset 0x0007),24.304,no,"the line between them leaves the walkable area (a wall's thickness, or another floor)",
wall of tile 014E1A (room 0x24),door 0x1ec5c0 (preset 0x0007),41.808,no,the line between them touches another wall,door 0x1ec5c0 (preset 0x0007)
wall of tile 014E1A (room 0x24),door 0x1ec5c0 (preset 0x0007),35.820,no,"another wall pokes into the space between them, so a tighter pair covers this gap",door 0x1ec5c0 (preset 0x0007)
wall of tile 014E1A (room 0x24),door 0x1ec5c0 (preset 0x0007),24.205,yes,,
wall of tile 014E1A (room 0x24),door 0x1ec6c0 (preset 0x0008),45.363,yes,,
wall of tile 014E1A (room 0x24),door 0x1ec6c0 (preset 0x0008),59.858,no,"another wall pokes into the space between them, so a tighter pair covers this gap",door 0x1ec6c0 (preset 0x0008)
wall of tile 014E1A (room 0x24),door 0x1ec6c0 (preset 0x0008),45.363,yes,,
wall of tile 014F1A (room 0x24),door 0x1ec8c0 (preset 0x000a),37.472,no,"another wall pokes into the space between them, so a tighter pair covers this gap",door 0x1ec8c0 (preset 0x000a)
wall of tile 014F1A (room 0x24),door 0x1ec8c0 (preset 0x000a),41.808,no,the line between them touches another wall,door 0x1ec8c0 (preset 0x000a)
wall of tile 014F1A (room 0x24),door 0x1ec8c0 (preset 0x000a),24.304,no,"the line between them leaves the walkable area (a wall's thickness, or another floor)",
wall of tile 014F1A (room 0x24),door 0x1ec8c0 (preset 0x000a),24.205,yes,,
wall of tile 014F1A (room 0x24),door 0x1ec9c0 (preset 0x000b),46.261,yes,,
wall of tile 014F1A (room 0x24),door 0x1ec9c0 (preset 0x000b),46.261,yes,,
wall of tile 01021A (room 0x24),wall of tile 01521A (room 0x24),48.409,no,the line between them touches another wall,wall of tile 015219 (room 0x24)
wall of tile 01021A (room 0x24),door 0x1ec5c0 (preset 0x0007),33.080,no,"the line between them leaves the walkable area (a wall's thickness, or another floor)",
wall of tile 01021A (room 0x24),door 0x1ec5c0 (preset 0x0007),33.006,no,the line between them touches another wall,wall of tile 014E1A (room 0x24)
wall of tile 01021A (room 0x24),door 0x1ec5c0 (preset 0x0007),50.610,no,the line between them touches another wall,wall of tile 014E1A (room 0x24)
wall of tile 01021A (room 0x24),door 0x1ec6c0 (preset 0x0008),45.363,no,"another wall pokes into the space between them, so a tighter pair covers this gap",wall of tile 014E1A (room 0x24)
wall of tile 01021A (room 0x24),door 0x1ec6c0 (preset 0x0008),45.363,no,"another wall pokes into the space between them, so a tighter pair covers this gap",wall of tile 014E1A (room 0x24)
wall of tile 01021A (room 0x24),door 0x1ec6c0 (preset 0x0008),53.267,no,"another wall pokes into the space between them, so a tighter pair covers this gap",wall of tile 014E1A (room 0x24)
wall of tile 010219 (room 0x24),wall of tile 01521A (room 0x24),48.409,no,the line between them touches another wall,wall of tile 01521A (room 0x24)
wall of tile 010219 (room 0x24),door 0x1ec8c0 (preset 0x000a),33.006,no,the line between them touches another wall,wall of tile 014F19 (room 0x24)
wall of tile 010219 (room 0x24),door 0x1ec8c0 (preset 0x000a),33.080,no,"the line between them leaves the walkable area (a wall's thickness, or another floor)",
wall of tile 010219 (room 0x24),door 0x1ec8c0 (preset 0x000a),50.610,no,the line between them touches another wall,wall of tile 014F19 (room 0x24)
wall of tile 010219 (room 0x24),door 0x1ec9c0 (preset 0x000b),47.399,no,"another wall pokes into the space between them, so a tighter pair covers this gap",wall of tile 014F19 (room 0x24)
wall of tile 010219 (room 0x24),door 0x1ec9c0 (preset 0x000b),47.399,no,"another wall pokes into the space between them, so a tighter pair covers this gap",wall of tile 014F19 (room 0x24)
wall of tile 010219 (room 0x24),door 0x1ec9c0 (preset 0x000b),55.011,no,"another wall pokes into the space between them, so a tighter pair covers this gap",wall of tile 014F19 (room 0x24)
wall of tile 014F19 (room 0x24),wall of tile 00E819 (room 0x24),24.205,no,the line between them touches another wall,wall of tile 014F1A (room 0x24)
wall of tile 014F19 (room 0x24),door 0x1ec8c0 (preset 0x000a),52.810,no,the line between them touches another wall,door 0x1ec8c0 (preset 0x000a)
wall of tile 014F19 (room 0x24),door 0x1ec8c0 (preset 0x000a),2.200,no,"the line between them leaves the walkable area (a wall's thickness, or another floor)",
wall of tile 014F19 (room 0x24),door 0x1ec9c0 (preset 0x000b),44.009,yes,,
wall of tile 014F19 (room 0x24),door 0x1ec9c0 (preset 0x000b),44.009,yes,,
wall of tile 014F19 (room 0x24),door 0x1ec9c0 (preset 0x000b),44.009,no,"another wall pokes into the space between them, so a tighter pair covers this gap",door 0x1ec9c0 (preset 0x000b)
wall of tile 00E819 (room 0x24),door 0x1ec8c0 (preset 0x000a),37.472,no,"another wall pokes into the space between them, so a tighter pair covers this gap",door 0x1ec8c0 (preset 0x000a)
wall of tile 00E819 (room 0x24),door 0x1ec8c0 (preset 0x000a),41.808,no,the line between them touches another wall,door 0x1ec8c0 (preset 0x000a)
wall of tile 00E819 (room 0x24),door 0x1ec8c0 (preset 0x000a),35.820,no,"the line between them leaves the walkable area (a wall's thickness, or another floor)",
wall of tile 00E819 (room 0x24),door 0x1ec8c0 (preset 0x000a),24.205,yes,,
wall of tile 00E819 (room 0x24),door 0x1ec9c0 (preset 0x000b),46.261,yes,,
wall of tile 00E819 (room 0x24),door 0x1ec9c0 (preset 0x000b),46.261,yes,,
wall of tile 26CB01 (room 0x0f),wall of tile 1DE302 (room 0x0f),57.211,no,"the line between them leaves the walkable area (a wall's thickness, or another floor)",
wall of tile 26CB01 (room 0x0f),wall of tile 1DDF01 (room 0x0f),41.808,no,the far wall faces the other way (it belongs to floor which isn't linked here),
wall of tile 26CB01 (room 0x0f),wall of tile 1DDF01 (room 0x0f),57.211,no,"the line between them leaves the walkable area (a wall's thickness, or another floor)",
wall of tile 26CB01 (room 0x0f),wall of tile 1DC701 (room 0x0f),57.211,no,"the line between them leaves the walkable area (a wall's thickness, or another floor)",
wall of tile 26CB01 (room 0x0f),door 0x1ec4b0 (preset 0x0006),17.603,no,"the line between them leaves the walkable area (a wall's thickness, or another floor)",
wall of tile 26CB01 (room 0x0f),door 0x1ec4b0 (preset 0x0006),17.603,no,"the line between them leaves the walkable area (a wall's thickness, or another floor)",
wall of tile 26CB01 (room 0x0f),door 0x1ec4b0 (preset 0x0006),0.000,no,"another wall pokes into the space between them, so a tighter pair covers this gap",wall of tile 016619 (room 0x27)
wall of tile 26CB01 (room 0x0f),door 0x1ec4b0 (preset 0x0006),0.000,no,"another wall pokes into the space between them, so a tighter pair covers this gap",door 0x1ec4b0 (preset 0x0006)
wall of tile 26CB02 (room 0x0f),wall of tile 1DDC01 (room 0x0f),57.211,no,"the line between them leaves the walkable area (a wall's thickness, or another floor)",
wall of tile 26CB02 (room 0x0f),wall of tile 1DDF02 (room 0x0f),57.211,no,"the line between them leaves the walkable area (a wall's thickness, or another floor)",
wall of tile 26CB02 (room 0x0f),wall of tile 1DDF01 (room 0x0f),41.808,no,the far wall faces the other way (it belongs to floor which isn't linked here),
wall of tile 26CB02 (room 0x0f),wall of tile 1DC802 (room 0x0f),57.211,no,"the line between them leaves the walkable area (a wall's thickness, or another floor)",
wall of tile 26CB02 (room 0x0f),door 0x1ec4b0 (preset 0x0006),0.000,no,"the line between them leaves the walkable area (a wall's thickness, or another floor)",
wall of tile 26CB02 (room 0x0f),door 0x1ec4b0 (preset 0x0006),17.603,no,the line between them touches another wall,door 0x1ec4b0 (preset 0x0006)
wall of tile 26CB02 (room 0x0f),door 0x1ec4b0 (preset 0x0006),0.000,no,"another wall pokes into the space between them, so a tighter pair covers this gap",door 0x1ec4b0 (preset 0x0006)
wall of tile 1DD201 (room 0x0f),wall of tile 1DC201 (room 0x0f),43.343,no,the line between them touches another wall,wall of tile 1DC301 (room 0x0f)
wall of tile 1DD201 (room 0x0f),wall of tile 1DE302 (room 0x0f),53.215,no,"the line between them leaves the walkable area (a wall's thickness, or another floor)",
wall of tile 1DD201 (room 0x0f),wall of tile 1DDF01 (room 0x0f),53.215,no,"the line between them leaves the walkable area (a wall's thickness, or another floor)",
wall of tile 1DD201 (room 0x0f),wall of tile 1DC701 (room 0x0f),53.215,no,"the line between them leaves the walkable area (a wall's thickness, or another floor)",
wall of tile 1DD201 (room 0x0f),door 0x1ec4b0 (preset 0x0006),53.267,no,"another wall pokes into the space between them, so a tighter pair covers this gap",wall of tile 26CB01 (room 0x0f)
wall of tile 1DD201 (room 0x0f),door 0x1ec4b0 (preset 0x0006),53.267,no,"another wall pokes into the space between them, so a tighter pair covers this gap",wall of tile 26CB01 (room 0x0f)
wall of tile 1DD202 (room 0x0f),wall of tile 1DC202 (room 0x0f),43.343,no,the line between them touches another wall,wall of tile 1DC302 (room 0x0f)
wall of tile 1DD202 (room 0x0f),wall of tile 1DDC01 (room 0x0f),53.215,no,"the line between them leaves the walkable area (a wall's thickness, or another floor)",
wall of tile 1DD202 (room 0x0f),wall of tile 1DDF02 (room 0x0f),53.215,no,"the line between them leaves the walkable area (a wall's thickness, or another floor)",
wall of tile 1DD202 (room 0x0f),wall of tile 1DC802 (room 0x0f),53.215,no,"the line between them leaves the walkable area (a wall's thickness, or another floor)",
wall of tile 1DD202 (room 0x0f),door 0x1ec4b0 (preset 0x0006),53.267,no,"another wall pokes into the space between them, so a tighter pair covers this gap",wall of tile 26CB02 (room 0x0f)
wall of tile 1DD202 (room 0x0f),door 0x1ec4b0 (preset 0x0006),53.267,no,"the line between them leaves the walkable area (a wall's thickness, or another floor)",
wall of tile 1DD202 (room 0x0f),door 0x1ec4b0 (preset 0x0006),53.267,no,"another wall pokes into the space between them, so a tighter pair covers this gap",wall of tile 26CB02 (room 0x0f)
wall of tile 1DC301 (room 0x0f),wall of tile 1DBF01 (room 0x0f),44.555,no,the line between them touches another wall,wall of tile 1DC201 (room 0x0f)
wall of tile 1DC301 (room 0x0f),wall of tile 1DE302 (room 0x0f),52.303,no,"the line between them leaves the walkable area (a wall's thickness, or another floor)",
wall of tile 1DC301 (room 0x0f),wall of tile 1DDF01 (room 0x0f),41.808,no,"the line between them leaves the walkable area (a wall's thickness, or another floor)",
wall of tile 1DC301 (room 0x0f),wall of tile 1DDF01 (room 0x0f),59.126,no,"the line between them leaves the walkable area (a wall's thickness, or another floor)",
wall of tile 1DC301 (room 0x0f),wall of tile 1DC701 (room 0x0f),52.303,no,"the line between them leaves the walkable area (a wall's thickness, or another floor)",
wall of tile 1DC302 (room 0x0f),wall of tile 1DBF02 (room 0x0f),44.555,no,the line between them touches another wall,wall of tile 1DC202 (room 0x0f)
wall of tile 1DC302 (room 0x0f),wall of tile 1DDC01 (room 0x0f),52.303,no,"the line between them leaves the walkable area (a wall's thickness, or another floor)",
wall of tile 1DC302 (room 0x0f),wall of tile 1DDF02 (room 0x0f),59.126,no,"the line between them leaves the walkable area (a wall's thickness, or another floor)",
wall of tile 1DC302 (room 0x0f),wall of tile 1DDF01 (room 0x0f),41.808,no,"the line between them leaves the walkable area (a wall's thickness, or another floor)",
wall of tile 1DC302 (room 0x0f),wall of tile 1DC802 (room 0x0f),52.303,no,"the line between them leaves the walkable area (a wall's thickness, or another floor)",
wall of tile 1DC201 (room 0x0f),wall of tile 1DE302 (room 0x0f),52.303,no,"the line between them leaves the walkable area (a wall's thickness, or another floor)",
wall of tile 1DC201 (room 0x0f),wall of tile 1DC701 (room 0x0f),52.303,no,"the line between them leaves the walkable area (a wall's thickness, or another floor)",
wall of tile 1DC202 (room 0x0f),wall of tile 1DDC01 (room 0x0f),52.303,no,"the line between them leaves the walkable area (a wall's thickness, or another floor)",
wall of tile 1DC202 (room 0x0f),wall of tile 1DC802 (room 0x0f),52.303,no,"the line between them leaves the walkable area (a wall's thickness, or another floor)",
wall of tile 1DBF01 (room 0x0f),wall of tile 03C900 (room 0x0f),57.211,no,"another wall pokes into the space between them, so a tighter pair covers this gap",wall of tile 1DE302 (room 0x0f)
wall of tile 1DBF01 (room 0x0f),wall of tile 1DE302 (room 0x0f),53.041,no,the far wall faces the other way (it belongs to floor which isn't linked here),
wall of tile 1DBF01 (room 0x0f),wall of tile 1DE302 (room 0x0f),57.211,no,the far wall faces the other way (it belongs to floor which isn't linked here),
wall of tile 1DBF01 (room 0x0f),wall of tile 1DC701 (room 0x0f),53.041,yes,,
wall of tile 1DBF02 (room 0x0f),wall of tile 1DDC01 (room 0x0f),53.041,no,the far wall faces the other way (it belongs to floor which isn't linked here),
wall of tile 1DBF02 (room 0x0f),wall of tile 1DDC02 (room 0x0f),57.211,no,the far wall faces the other way (it belongs to floor which isn't linked here),
wall of tile 1DBF02 (room 0x0f),wall of tile 1DC802 (room 0x0f),53.041,yes,,
wall of tile 1DBF02 (room 0x0f),wall of tile 03D100 (room 0x0f),57.211,no,"another wall pokes into the space between them, so a tighter pair covers this gap",wall of tile 1DDC01 (room 0x0f)
wall of tile 1DC702 (room 0x0f),wall of tile 03C900 (room 0x0f),57.211,no,"another wall pokes into the space between them, so a tighter pair covers this gap",wall of tile 1DE302 (room 0x0f)
wall of tile 1DC702 (room 0x0f),wall of tile 1DE302 (room 0x0f),53.041,no,the far wall faces the other way (it belongs to floor which isn't linked here),
wall of tile 1DC702 (room 0x0f),wall of tile 1DE302 (room 0x0f),57.211,no,the far wall faces the other way (it belongs to floor which isn't linked here),
wall of tile 1DC702 (room 0x0f),wall of tile 1DDF01 (room 0x0f),53.041,no,the far wall faces the other way (it belongs to floor which isn't linked here),
wall of tile 1DC702 (room 0x0f),wall of tile 1DC701 (room 0x0f),53.041,yes,,
wall of tile 1DC702 (room 0x0f),door 0x1ec4b0 (preset 0x0006),53.267,no,"the line between them leaves the walkable area (a wall's thickness, or another floor)",
wall of tile 1DC702 (room 0x0f),door 0x1ec4b0 (preset 0x0006),53.267,no,"the line between them leaves the walkable area (a wall's thickness, or another floor)",
wall of tile 114600 (room 0x05),wall of tile 27F400 (room 0x18),7.466,no,"the line between them leaves the walkable area (a wall's thickness, or another floor)",
wall of tile 114600 (room 0x05),wall of tile 27F400 (room 0x18),7.466,no,"the line between them leaves the walkable area (a wall's thickness, or another floor)",
wall of tile 114600 (room 0x05),wall of tile 268902 (room 0x18),8.195,no,"the line between them leaves the walkable area (a wall's thickness, or another floor)",
wall of tile 115B00 (room 0x05),wall of tile 280901 (room 0x05),23.658,no,"the line between them leaves the walkable area (a wall's thickness, or another floor)",
wall of tile 115B00 (room 0x05),wall of tile 27F301 (room 0x18),24.305,no,"the line between them leaves the walkable area (a wall's thickness, or another floor)",
wall of tile 115B00 (room 0x05),wall of tile 27F400 (room 0x18),15.503,no,"the line between them leaves the walkable area (a wall's thickness, or another floor)",
wall of tile 115B00 (room 0x05),wall of tile 27F400 (room 0x18),15.503,no,"the line between them leaves the walkable area (a wall's thickness, or another floor)",
wall of tile 115B00 (room 0x05),door 0x1ebdb0 (preset 0x002c),23.086,no,"another wall pokes into the space between them, so a tighter pair covers this gap",wall of tile 31AD00 (room 0x05)
wall of tile 115B00 (room 0x05),door 0x1ebdb0 (preset 0x002c),22.960,no,"the line between them leaves the walkable area (a wall's thickness, or another floor)",
wall of tile 115B00 (room 0x05),door 0x1ebdb0 (preset 0x002c),22.960,no,"the line between them leaves the walkable area (a wall's thickness, or another floor)",
wall of tile 115B00 (room 0x05),door 0x1ebdb0 (preset 0x002c),24.358,no,"the line between them leaves the walkable area (a wall's thickness, or another floor)",
wall of tile 31AD00 (room 0x05),wall of tile 27F301 (room 0x18),6.946,no,"the line between them leaves the walkable area (a wall's thickness, or another floor)",
wall of tile 31AD00 (room 0x05),wall of tile 27F400 (room 0x18),14.751,no,"the line between them leaves the walkable area (a wall's thickness, or another floor)",
wall of tile 31AD00 (room 0x05),door 0x1ebdb0 (preset 0x002c),2.130,no,the line between them touches another wall,door 0x1ebdb0 (preset 0x002c)
wall of tile 31AD00 (room 0x05),door 0x1ebdb0 (preset 0x002c),0.037,no,"the line between them leaves the walkable area (a wall's thickness, or another floor)",
wall of tile 31AD00 (room 0x05),door 0x1ebdb0 (preset 0x002c),7.079,no,the line between them touches another wall,door 0x1ebdb0 (preset 0x002c)
wall of tile 280901 (room 0x05),wall of tile 27F400 (room 0x18),7.832,no,"the line between them leaves the walkable area (a wall's thickness, or another floor)",
wall of tile 280901 (room 0x05),door 0x1ebdb0 (preset 0x002c),2.161,no,the line between them touches another wall,door 0x1ebdb0 (preset 0x002c)
wall of tile 280901 (room 0x05),door 0x1ebdb0 (preset 0x002c),0.736,no,"the line between them leaves the walkable area (a wall's thickness, or another floor)",
wall of tile 280901 (room 0x05),door 0x1ebdb0 (preset 0x002c),0.000,no,"the line between them leaves the walkable area (a wall's thickness, or another floor)",
wall of tile 280901 (room 0x05),door 0x1ebdb0 (preset 0x002c),0.160,no,"the line between them leaves the walkable area (a wall's thickness, or another floor)",
wall of tile 280902 (room 0x05),wall of tile 27F500 (room 0x18),8.923,no,"the line between them leaves the walkable area (a wall's thickness, or another floor)",
wall of tile 280902 (room 0x05),wall of tile 113E00 (room 0x05),25.022,no,"the line between them leaves the walkable area (a wall's thickness, or another floor)",
wall of tile 280902 (room 0x05),door 0x1ebdb0 (preset 0x002c),0.012,no,"the line between them leaves the walkable area (a wall's thickness, or another floor)",
wall of tile 280902 (room 0x05),door 0x1ebdb0 (preset 0x002c),0.439,no,"the line between them leaves the walkable area (a wall's thickness, or another floor)",
wall of tile 280902 (room 0x05),door 0x1ebdb0 (preset 0x002c),1.198,no,the line between them touches another wall,door 0x1ebdb0 (preset 0x002c)
wall of tile 280902 (room 0x05),door 0x1ebdb0 (preset 0x002c),0.209,no,"the line between them leaves the walkable area (a wall's thickness, or another floor)",
wall of tile 27F301 (room 0x18),door 0x1ebdb0 (preset 0x002c),9.081,no,"the line between them leaves the walkable area (a wall's thickness, or another floor)",
wall of tile 27F301 (room 0x18),door 0x1ebdb0 (preset 0x002c),6.918,no,"the line between them leaves the walkable area (a wall's thickness, or another floor)",
wall of tile 27F301 (room 0x18),door 0x1ebdb0 (preset 0x002c),0.000,no,"the line between them leaves the walkable area (a wall's thickness, or another floor)",
wall of tile 27F302 (room 0x18),wall of tile 31AC00 (room 0x05),7.708,no,"the line between them leaves the walkable area (a wall's thickness, or another floor)",
wall of tile 27F302 (room 0x18),wall of tile 113E00 (room 0x05),25.089,no,"the line between them leaves the walkable area (a wall's thickness, or another floor)",
wall of tile 27F302 (room 0x18),door 0x1ebdb0 (preset 0x002c),0.012,no,"the line between them leaves the walkable area (a wall's thickness, or another floor)",
wall of tile 27F302 (room 0x18),door 0x1ebdb0 (preset 0x002c),1.958,no,"the line between them leaves the walkable area (a wall's thickness, or another floor)",
wall of tile 27F302 (room 0x18),door 0x1ebdb0 (preset 0x002c),9.031,no,"the line between them leaves the walkable area (a wall's thickness, or another floor)",
wall of tile 27F400 (room 0x18),wall of tile 114500 (room 0x05),18.020,no,"the line between them leaves the walkable area (a wall's thickness, or another floor)",
wall of tile 27F400 (room 0x18),door 0x1ebdb0 (preset 0x002c),16.912,no,"the line between them leaves the walkable area (a wall's thickness, or another floor)",
wall of tile 27F400 (room 0x18),door 0x1ebdb0 (preset 0x002c),14.749,no,"the line between them leaves the walkable area (a wall's thickness, or another floor)",
wall of tile 27F400 (room 0x18),door 0x1ebdb0 (preset 0x002c),7.672,no,"the line between them leaves the walkable area (a wall's thickness, or another floor)",
wall of tile 27F400 (room 0x18),door 0x1ebdb0 (preset 0x002c),7.672,no,"the line between them leaves the walkable area (a wall's thickness, or another floor)",
wall of tile 268902 (room 0x18),wall of tile 114300 (room 0x05),8.527,no,"the line between them leaves the walkable area (a wall's thickness, or another floor)",
wall of tile 268902 (room 0x18),wall of tile 114500 (room 0x05),18.020,no,"the line between them leaves the walkable area (a wall's thickness, or another floor)",
wall of tile 27F500 (room 0x18),wall of tile 31AC00 (room 0x05),14.744,no,"the line between them leaves the walkable area (a wall's thickness, or another floor)",
wall of tile 27F500 (room 0x18),wall of tile 113E00 (room 0x05),14.744,no,"the line between them leaves the walkable area (a wall's thickness, or another floor)",
wall of tile 27F500 (room 0x18),wall of tile 114300 (room 0x05),9.314,no,"the line between them leaves the walkable area (a wall's thickness, or another floor)",
wall of tile 27F500 (room 0x18),door 0x1ebdb0 (preset 0x002c),8.714,no,"the line between them leaves the walkable area (a wall's thickness, or another floor)",
wall of tile 27F500 (room 0x18),door 0x1ebdb0 (preset 0x002c),10.876,no,"the line between them leaves the walkable area (a wall's thickness, or another floor)",
wall of tile 27F500 (room 0x18),door 0x1ebdb0 (preset 0x002c),17.952,no,the line between them touches another wall,door 0x1ebdb0 (preset 0x002c)
wall of tile 27F500 (room 0x18),door 0x1ebdb0 (preset 0x002c),8.712,no,"another wall pokes into the space between them, so a tighter pair covers this gap",wall of tile 27F302 (room 0x18)
wall of tile 27F500 (room 0x18),wall of tile 113E00 (room 0x05),15.108,no,"the line between them leaves the walkable area (a wall's thickness, or another floor)",
wall of tile 27F500 (room 0x18),wall of tile 114300 (room 0x05),8.527,no,"the line between them leaves the walkable area (a wall's thickness, or another floor)",
wall of tile 27F500 (room 0x18),wall of tile 114500 (room 0x05),18.402,no,"the line between them leaves the walkable area (a wall's thickness, or another floor)",
wall of tile 31AC00 (room 0x05),door 0x1ebdb0 (preset 0x002c),5.750,no,"the line between them leaves the walkable area (a wall's thickness, or another floor)",
wall of tile 31AC00 (room 0x05),door 0x1ebdb0 (preset 0x002c),1.198,no,the line between them touches another wall,door 0x1ebdb0 (preset 0x002c)
wall of tile 31AC00 (room 0x05),door 0x1ebdb0 (preset 0x002c),7.916,no,"the line between them leaves the walkable area (a wall's thickness, or another floor)",
wall of tile 113E00 (room 0x05),door 0x1ebdb0 (preset 0x002c),24.583,no,"the line between them leaves the walkable area (a wall's thickness, or another floor)",
wall of tile 113E00 (room 0x05),door 0x1ebdb0 (preset 0x002c),24.282,no,"the line between them leaves the walkable area (a wall's thickness, or another floor)",
wall of tile 113E00 (room 0x05),door 0x1ebdb0 (preset 0x002c),24.498,no,"another wall pokes into the space between them, so a tighter pair covers this gap",wall of tile 31AC00 (room 0x05)
wall of tile 113E00 (room 0x05),door 0x1ebdb0 (preset 0x002c),25.138,no,"the line between them leaves the walkable area (a wall's thickness, or another floor)",
wall of tile 306C00 (room 0x05),wall of tile 27F000 (room 0x17),15.403,no,"the line between them leaves the walkable area (a wall's thickness, or another floor)",
wall of tile 306C00 (room 0x05),wall of tile 25F502 (room 0x17),15.403,no,"the line between them leaves the walkable area (a wall's thickness, or another floor)",
wall of tile 306C00 (room 0x05),wall of tile 27F100 (room 0x17),15.403,no,"the line between them leaves the walkable area (a wall's thickness, or another floor)",
wall of tile 113200 (room 0x05),wall of tile 25F502 (room 0x17),8.802,no,"the line between them leaves the walkable area (a wall's thickness, or another floor)",
wall of tile 113200 (room 0x05),wall of tile 27F100 (room 0x17),8.802,no,"the line between them leaves the walkable area (a wall's thickness, or another floor)",
wall of tile 113200 (room 0x05),wall of tile 27F100 (room 0x17),8.802,no,"the line between them leaves the walkable area (a wall's thickness, or another floor)",
wall of tile 317202 (room 0x07),wall of tile 30AA02 (room 0x07),2.760,no,the far wall faces the other way (it belongs to floor which isn't linked here),
wall of tile 317202 (room 0x07),wall of tile 30AC02 (room 0x07),7.480,no,the far wall faces the other way (it belongs to floor which isn't linked here),
wall of tile 317202 (room 0x07),wall of tile 30AE02 (room 0x07),12.200,no,the far wall faces the other way (it belongs to floor which isn't linked here),
wall of tile 317202 (room 0x07),wall of tile 30B002 (room 0x07),16.920,no,the far wall faces the other way (it belongs to floor which isn't linked here),
wall of tile 317202 (room 0x07),wall of tile 30B202 (room 0x07),19.681,no,the far wall faces the other way (it belongs to floor which isn't linked here),
wall of tile 317202 (room 0x07),wall of tile 30B402 (room 0x07),23.401,no,the far wall faces the other way (it belongs to floor which isn't linked here),
wall of tile 317202 (room 0x07),wall of tile 30B602 (room 0x07),28.121,no,the far wall faces the other way (it belongs to floor which isn't linked here),
wall of tile 317202 (room 0x07),wall of tile 30B802 (room 0x07),32.841,no,the far wall faces the other way (it belongs to floor which isn't linked here),
wall of tile 317202 (room 0x07),wall of tile 30BA02 (room 0x07),35.601,no,the far wall faces the other way (it belongs to floor which isn't linked here),
wall of tile 317202 (room 0x07),wall of tile 30BA01 (room 0x07),57.242,no,"the line between them leaves the walkable area (a wall's thickness, or another floor)",
wall of tile 317202 (room 0x07),wall of tile 30DA02 (room 0x07),40.321,no,the far wall faces the other way (it belongs to floor which isn't linked here),
wall of tile 317202 (room 0x07),wall of tile 30BF01 (room 0x07),23.801,no,"the line between them leaves the walkable area (a wall's thickness, or another floor)",
wall of tile 317202 (room 0x07),wall of tile 30C101 (room 0x07),48.857,no,"the line between them leaves the walkable area (a wall's thickness, or another floor)",
wall of tile 317202 (room 0x07),wall of tile 30FF00 (room 0x07),57.642,no,"the line between them leaves the walkable area (a wall's thickness, or another floor)",
wall of tile 317202 (room 0x07),wall of tile 30FD00 (room 0x07),57.642,no,"the line between them leaves the walkable area (a wall's thickness, or another floor)",
wall of tile 317202 (room 0x07),wall of tile 308B00 (room 0x07),55.762,no,"the line between them leaves the walkable area (a wall's thickness, or another floor)",
wall of tile 317202 (room 0x07),wall of tile 308D00 (room 0x07),55.762,no,"the line between them leaves the walkable area (a wall's thickness, or another floor)",
wall of tile 055B00 (room 0x07),wall of tile 30BF01 (room 0x07),0.772,no,"the line between them leaves the walkable area (a wall's thickness, or another floor)",
wall of tile 055B00 (room 0x07),wall of tile 30C101 (room 0x07),0.276,no,"the line between them leaves the walkable area (a wall's thickness, or another floor)",
wall of tile 055B00 (room 0x07),wall of tile 31E400 (room 0x07),0.553,no,"the line between them leaves the walkable area (a wall's thickness, or another floor)",
wall of tile 055B00 (room 0x07),wall of tile 31D000 (room 0x07),0.057,no,"the line between them leaves the walkable area (a wall's thickness, or another floor)",
wall of tile 055B00 (room 0x07),wall of tile 30FB00 (room 0x07),8.581,no,"the line between them leaves the walkable area (a wall's thickness, or another floor)",
wall of tile 055B00 (room 0x07),wall of tile 30FA00 (room 0x07),8.581,no,"the line between them leaves the walkable area (a wall's thickness, or another floor)",
wall of tile 055B00 (room 0x07),wall of tile 30FC00 (room 0x07),0.088,no,"the line between them leaves the walkable area (a wall's thickness, or another floor)",
wall of tile 055B00 (room 0x07),wall of tile 31E802 (room 0x07),1.048,no,"the line between them leaves the walkable area (a wall's thickness, or another floor)",
wall of tile 055B00 (room 0x07),wall of tile 31E801 (room 0x07),0.829,no,"the line between them leaves the walkable area (a wall's thickness, or another floor)",
wall of tile 055B00 (room 0x07),wall of tile 308B00 (room 0x07),49.623,no,"the line between them leaves the walkable area (a wall's thickness, or another floor)",
wall of tile 055B00 (room 0x07),wall of tile 308D00 (room 0x07),49.623,no,"the line between them leaves the walkable area (a wall's thickness, or another floor)",
wall of tile 055B00 (room 0x07),wall of tile 308900 (room 0x07),49.843,no,"the line between them leaves the walkable area (a wall's thickness, or another floor)",
wall of tile 055D00 (room 0x07),wall of tile 313B00 (room 0x07),7.923,no,"the line between them leaves the walkable area (a wall's thickness, or another floor)",
wall of tile 055D00 (room 0x07),wall of tile 310300 (room 0x07),7.923,no,"the line between them leaves the walkable area (a wall's thickness, or another floor)",
wall of tile 055D00 (room 0x07),wall of tile 308D00 (room 0x07),50.830,no,"the line between them leaves the walkable area (a wall's thickness, or another floor)",
wall of tile 055D00 (room 0x07),wall of tile 308900 (room 0x07),50.425,no,"the line between them leaves the walkable area (a wall's thickness, or another floor)",
wall of tile 055D00 (room 0x07),wall of tile 308802 (room 0x07),48.626,no,"the line between them leaves the walkable area (a wall's thickness, or another floor)",
wall of tile 055D00 (room 0x07),wall of tile 308601 (room 0x07),48.189,no,"the line between them leaves the walkable area (a wall's thickness, or another floor)",
wall of tile 055D00 (room 0x07),wall of tile 308601 (room 0x07),48.189,no,"the line between them leaves the walkable area (a wall's thickness, or another floor)",
wall of tile 069600 (room 0x07),wall of tile 308601 (room 0x07),49.443,no,"the line between them leaves the walkable area (a wall's thickness, or another floor)",
wall of tile 069600 (room 0x07),wall of tile 308601 (room 0x07),49.443,no,"the line between them leaves the walkable area (a wall's thickness, or another floor)",
wall of tile 315C01 (room 0x07),wall of tile 310200 (room 0x07),17.998,no,the far wall faces the other way (it belongs to floor which isn't linked here),
wall of tile 069400 (room 0x07),wall of tile 30AA01 (room 0x07),25.089,no,the line between them touches another wall,wall of tile 317502 (room 0x07)
wall of tile 069400 (room 0x07),wall of tile 30AC01 (room 0x07),50.177,no,the line between them touches another wall,wall of tile 30AA01 (room 0x07)
wall of tile 069400 (room 0x07),wall of tile 308701 (room 0x07),50.758,no,"the line between them leaves the walkable area (a wall's thickness, or another floor)",
wall of tile 069400 (room 0x07),wall of tile 308701 (room 0x07),48.857,no,"the line between them leaves the walkable area (a wall's thickness, or another floor)",
wall of tile 317501 (room 0x07),wall of tile 30AC02 (room 0x07),25.089,no,the line between them touches another wall,wall of tile 30AA02 (room 0x07)
wall of tile 317501 (room 0x07),wall of tile 30AE02 (room 0x07),50.177,no,the line between them touches another wall,wall of tile 30AA02 (room 0x07)
wall of tile 317502 (room 0x07),wall of tile 30AC01 (room 0x07),25.089,no,the line between them touches another wall,wall of tile 30AA01 (room 0x07)
wall of tile 317502 (room 0x07),wall of tile 30AE01 (room 0x07),50.177,no,the line between them touches another wall,wall of tile 30AA01 (room 0x07)
wall of tile 317502 (room 0x07),wall of tile 308701 (room 0x07),56.100,no,"the line between them leaves the walkable area (a wall's thickness, or another floor)",
wall of tile 317502 (room 0x07),wall of tile 308701 (room 0x07),56.100,no,"the line between them leaves the walkable area (a wall's thickness, or another floor)",
wall of tile 30AA02 (room 0x07),wall of tile 30AE02 (room 0x07),25.089,no,the line between them touches another wall,wall of tile 30AC02 (room 0x07)
wall of tile 30AA02 (room 0x07),wall of tile 30B002 (room 0x07),50.177,no,the line between them touches another wall,wall of tile 30AC02 (room 0x07)
wall of tile 30AA02 (room 0x07),wall of tile 30FE00 (room 0x07),0.320,no,"the line between them leaves the walkable area (a wall's thickness, or another floor)",
wall of tile 30AA01 (room 0x07),wall of tile 30AE01 (room 0x07),25.089,no,the line between them touches another wall,wall of tile 30AC01 (room 0x07)
wall of tile 30AA01 (room 0x07),wall of tile 30B001 (room 0x07),48.857,no,"the line between them leaves the walkable area (a wall's thickness, or another floor)",
wall of tile 30AA01 (room 0x07),wall of tile 308701 (room 0x07),50.177,no,"the line between them leaves the walkable area (a wall's thickness, or another floor)",
wall of tile 30AA01 (room 0x07),wall of tile 308701 (room 0x07),50.177,no,"the line between them leaves the walkable area (a wall's thickness, or another floor)",
wall of tile 30AC02 (room 0x07),wall of tile 30B002 (room 0x07),25.089,no,the line between them touches another wall,wall of tile 30AE02 (room 0x07)
wall of tile 30AC02 (room 0x07),wall of tile 30B202 (room 0x07),48.857,no,"another wall pokes into the space between them, so a tighter pair covers this gap",wall of tile 30B002 (room 0x07)
wall of tile 30AC01 (room 0x07),wall of tile 30B001 (room 0x07),23.801,no,the line between them touches another wall,wall of tile 30AE01 (room 0x07)
wall of tile 30AC01 (room 0x07),wall of tile 30B201 (room 0x07),48.857,no,"another wall pokes into the space between them, so a tighter pair covers this gap",wall of tile 30AE01 (room 0x07)
wall of tile 30AC01 (room 0x07),wall of tile 308701 (room 0x07),50.177,no,"the line between them leaves the walkable area (a wall's thickness, or another floor)",
wall of tile 30AC01 (room 0x07),wall of tile 308701 (room 0x07),50.177,no,"the line between them leaves the walkable area (a wall's thickness, or another floor)",
wall of tile 30AE02 (room 0x07),wall of tile 30B202 (room 0x07),23.801,no,the line between them touches another wall,wall of tile 30B002 (room 0x07)
wall of tile 30AE02 (room 0x07),wall of tile 30B402 (room 0x07),50.658,no,"the line between them leaves the walkable area (a wall's thickness, or another floor)",
wall of tile 30AE02 (room 0x07),wall of tile 30FE00 (room 0x07),0.215,no,the far wall faces the other way (it belongs to floor which isn't linked here),
wall of tile 30AE01 (room 0x07),wall of tile 30B201 (room 0x07),25.089,no,the line between them touches another wall,wall of tile 30B001 (room 0x07)
wall of tile 30AE01 (room 0x07),wall of tile 30B401 (room 0x07),51.932,no,"the line between them leaves the walkable area (a wall's thickness, or another floor)",
wall of tile 30AE01 (room 0x07),wall of tile 308701 (room 0x07),49.411,no,"the line between them leaves the walkable area (a wall's thickness, or another floor)",
wall of tile 30AE01 (room 0x07),wall of tile 308701 (room 0x07),56.100,no,"the line between them leaves the walkable area (a wall's thickness, or another floor)",
wall of tile 30B002 (room 0x07),wall of tile 30B402 (room 0x07),26.860,no,the line between them touches another wall,wall of tile 30B202 (room 0x07)
wall of tile 30B002 (room 0x07),wall of tile 30B602 (room 0x07),51.932,no,"the line between them leaves the walkable area (a wall's thickness, or another floor)",
wall of tile 30B001 (room 0x07),wall of tile 30B401 (room 0x07),26.860,no,the line between them touches another wall,wall of tile 30B201 (room 0x07)
wall of tile 30B001 (room 0x07),wall of tile 30B601 (room 0x07),51.932,no,"another wall pokes into the space between them, so a tighter pair covers this gap",wall of tile 30B201 (room 0x07)
wall of tile 30B001 (room 0x07),wall of tile 308701 (room 0x07),49.411,no,"the line between them leaves the walkable area (a wall's thickness, or another floor)",
wall of tile 30B202 (room 0x07),wall of tile 30B602 (room 0x07),25.089,no,the line between them touches another wall,wall of tile 30B402 (room 0x07)
wall of tile 30B202 (room 0x07),wall of tile 30B802 (room 0x07),50.177,no,the line between them touches another wall,wall of tile 30B402 (room 0x07)
wall of tile 30B202 (room 0x07),wall of tile 30FE00 (room 0x07),0.480,no,"the line between them leaves the walkable area (a wall's thickness, or another floor)",
wall of tile 30B201 (room 0x07),wall of tile 30B601 (room 0x07),25.089,no,the line between them touches another wall,wall of tile 30B401 (room 0x07)
wall of tile 30B201 (room 0x07),wall of tile 30B801 (room 0x07),48.857,no,"the line between them leaves the walkable area (a wall's thickness, or another floor)",
wall of tile 30B201 (room 0x07),wall of tile 308701 (room 0x07),49.104,no,"the line between them leaves the walkable area (a wall's thickness, or another floor)",
wall of tile 30B402 (room 0x07),wall of tile 30B802 (room 0x07),25.089,no,the line between them touches another wall,wall of tile 30B602 (room 0x07)
wall of tile 30B402 (room 0x07),wall of tile 30BA02 (room 0x07),48.857,no,"another wall pokes into the space between them, so a tighter pair covers this gap",wall of tile 30B802 (room 0x07)
wall of tile 30B402 (room 0x07),wall of tile 30FE00 (room 0x07),0.723,no,"the line between them leaves the walkable area (a wall's thickness, or another floor)",
wall of tile 30B401 (room 0x07),wall of tile 30B801 (room 0x07),23.801,no,the line between them touches another wall,wall of tile 30B601 (room 0x07)
wall of tile 30B401 (room 0x07),wall of tile 30BA01 (room 0x07),48.857,no,"another wall pokes into the space between them, so a tighter pair covers this gap",wall of tile 30B601 (room 0x07)
wall of tile 30B401 (room 0x07),wall of tile 30FF00 (room 0x07),55.283,no,"the line between them leaves the walkable area (a wall's thickness, or another floor)",
wall of tile 30B401 (room 0x07),wall of tile 308701 (room 0x07),49.104,no,"the line between them leaves the walkable area (a wall's thickness, or another floor)",
wall of tile 30B602 (room 0x07),wall of tile 30BA02 (room 0x07),23.801,no,the line between them touches another wall,wall of tile 30B802 (room 0x07)
wall of tile 30B602 (room 0x07),wall of tile 30DA02 (room 0x07),48.857,no,"the line between them leaves the walkable area (a wall's thickness, or another floor)",
wall of tile 30B602 (room 0x07),wall of tile 30FE00 (room 0x07),0.188,no,"the line between them leaves the walkable area (a wall's thickness, or another floor)",
wall of tile 30B601 (room 0x07),wall of tile 30BA01 (room 0x07),25.089,no,the line between them touches another wall,wall of tile 30B801 (room 0x07)
wall of tile 30B601 (room 0x07),wall of tile 30DA01 (room 0x07),50.177,no,the line between them touches another wall,wall of tile 30B801 (room 0x07)
wall of tile 30B601 (room 0x07),wall of tile 30FF00 (room 0x07),44.983,no,"the line between them leaves the walkable area (a wall's thickness, or another floor)",
wall of tile 30B601 (room 0x07),wall of tile 308701 (room 0x07),48.348,no,"the line between them leaves the walkable area (a wall's thickness, or another floor)",
wall of tile 30B601 (room 0x07),wall of tile 308B00 (room 0x07),54.123,no,"the line between them leaves the walkable area (a wall's thickness, or another floor)",
wall of tile 30B802 (room 0x07),wall of tile 30DA02 (room 0x07),25.089,no,the line between them touches another wall,wall of tile 30BA02 (room 0x07)
wall of tile 30B802 (room 0x07),wall of tile 30FE00 (room 0x07),0.188,no,"the line between them leaves the walkable area (a wall's thickness, or another floor)",
wall of tile 30B801 (room 0x07),wall of tile 30DA01 (room 0x07),25.089,no,the line between them touches another wall,wall of tile 30BA01 (room 0x07)
wall of tile 30B801 (room 0x07),wall of tile 30FF00 (room 0x07),35.806,no,"the line between them leaves the walkable area (a wall's thickness, or another floor)",
wall of tile 30B801 (room 0x07),wall of tile 308701 (room 0x07),48.348,no,"the line between them leaves the walkable area (a wall's thickness, or another floor)",
wall of tile 30B801 (room 0x07),wall of tile 308B00 (room 0x07),48.827,no,"the line between them leaves the walkable area (a wall's thickness, or another floor)",
wall of tile 30BA02 (room 0x07),wall of tile 30FE00 (room 0x07),0.883,no,"the line between them leaves the walkable area (a wall's thickness, or another floor)",
wall of tile 30BA01 (room 0x07),wall of tile 30FF00 (room 0x07),26.629,no,"the line between them leaves the walkable area (a wall's thickness, or another floor)",
wall of tile 30BA01 (room 0x07),wall of tile 30FD00 (room 0x07),49.203,no,"the line between them leaves the walkable area (a wall's thickness, or another floor)",
wall of tile 30BA01 (room 0x07),wall of tile 308701 (room 0x07),48.857,no,"the line between them leaves the walkable area (a wall's thickness, or another floor)",
wall of tile 30BA01 (room 0x07),wall of tile 308B00 (room 0x07),48.852,no,"the line between them leaves the walkable area (a wall's thickness, or another floor)",
wall of tile 30DA01 (room 0x07),wall of tile 30BF01 (room 0x07),23.772,no,"the line between them leaves the walkable area (a wall's thickness, or another floor)",
wall of tile 30DA01 (room 0x07),wall of tile 30C101 (room 0x07),48.854,no,"the line between them leaves the walkable area (a wall's thickness, or another floor)",
wall of tile 30DA01 (room 0x07),wall of tile 30FF00 (room 0x07),8.495,no,"the line between them leaves the walkable area (a wall's thickness, or another floor)",
wall of tile 30DA01 (room 0x07),wall of tile 30FD00 (room 0x07),8.495,no,"the line between them leaves the walkable area (a wall's thickness, or another floor)",
wall of tile 30DA01 (room 0x07),wall of tile 308701 (room 0x07),55.710,no,"the line between them leaves the walkable area (a wall's thickness, or another floor)",
wall of tile 30DA01 (room 0x07),wall of tile 308B00 (room 0x07),48.283,no,"the line between them leaves the walkable area (a wall's thickness, or another floor)",
wall of tile 30DA01 (room 0x07),wall of tile 308D00 (room 0x07),48.283,no,"the line between them leaves the walkable area (a wall's thickness, or another floor)",
wall of tile 30BD02 (room 0x07),wall of tile 30C102 (room 0x07),23.801,no,the line between them touches another wall,wall of tile 30BF02 (room 0x07)
wall of tile 30BD02 (room 0x07),wall of tile 30C302 (room 0x07),48.857,no,"the line between them leaves the walkable area (a wall's thickness, or another floor)",
wall of tile 30DA02 (room 0x07),wall of tile 30BF02 (room 0x07),25.089,no,the line between them touches another wall,wall of tile 30BD02 (room 0x07)
wall of tile 30DA02 (room 0x07),wall of tile 30C102 (room 0x07),48.857,no,"another wall pokes into the space between them, so a tighter pair covers this gap",wall of tile 30BD02 (room 0x07)
wall of tile 30DA02 (room 0x07),wall of tile 30FC00 (room 0x07),0.097,no,the far wall faces the other way (it belongs to floor which isn't linked here),
wall of tile 30BD01 (room 0x07),wall of tile 30C101 (room 0x07),25.089,no,the line between them touches another wall,wall of tile 30BF01 (room 0x07)
wall of tile 30BD01 (room 0x07),wall of tile 30C301 (room 0x07),50.177,no,the line between them touches another wall,wall of tile 30BF01 (room 0x07)
wall of tile 30BD01 (room 0x07),wall of tile 308B00 (room 0x07),54.123,no,"the line between them leaves the walkable area (a wall's thickness, or another floor)",
wall of tile 30BD01 (room 0x07),wall of tile 308D00 (room 0x07),54.123,no,"the line between them leaves the walkable area (a wall's thickness, or another floor)",
wall of tile 30BF02 (room 0x07),wall of tile 30C302 (room 0x07),25.089,no,the line between them touches another wall,wall of tile 30C102 (room 0x07)
wall of tile 30BF02 (room 0x07),wall of tile 30C502 (room 0x07),50.177,no,the line between them touches another wall,wall of tile 30C102 (room 0x07)
wall of tile 30BF01 (room 0x07),wall of tile 30C301 (room 0x07),25.089,no,the line between them touches another wall,wall of tile 30C101 (room 0x07)
wall of tile 30BF01 (room 0x07),wall of tile 30C501 (room 0x07),50.177,no,the line between them touches another wall,wall of tile 30C101 (room 0x07)
wall of tile 30BF01 (room 0x07),wall of tile 30FC00 (room 0x07),0.110,no,the far wall faces the other way (it belongs to floor which isn't linked here),
wall of tile 30BF01 (room 0x07),wall of tile 308B00 (room 0x07),48.827,no,"the line between them leaves the walkable area (a wall's thickness, or another floor)",
wall of tile 30BF01 (room 0x07),wall of tile 308D00 (room 0x07),48.827,no,"the line between them leaves the walkable area (a wall's thickness, or another floor)",
wall of tile 30C102 (room 0x07),wall of tile 30C502 (room 0x07),25.089,no,the line between them touches another wall,wall of tile 30C302 (room 0x07)
wall of tile 30C102 (room 0x07),wall of tile 30C702 (room 0x07),50.177,no,the line between them touches another wall,wall of tile 30C302 (room 0x07)
wall of tile 30C101 (room 0x07),wall of tile 30C501 (room 0x07),25.089,no,the line between them touches another wall,wall of tile 30C301 (room 0x07)
wall of tile 30C101 (room 0x07),wall of tile 31E400 (room 0x07),48.857,no,"the line between them leaves the walkable area (a wall's thickness, or another floor)",
wall of tile 30C101 (room 0x07),wall of tile 31E802 (room 0x07),45.788,no,"the line between them leaves the walkable area (a wall's thickness, or another floor)",
wall of tile 30C101 (room 0x07),wall of tile 31E801 (room 0x07),48.857,no,"the line between them leaves the walkable area (a wall's thickness, or another floor)",
wall of tile 30C101 (room 0x07),wall of tile 308B00 (room 0x07),48.857,no,"the line between them leaves the walkable area (a wall's thickness, or another floor)",
wall of tile 30C101 (room 0x07),wall of tile 308D00 (room 0x07),48.852,no,"the line between them leaves the walkable area (a wall's thickness, or another floor)",
wall of tile 30C302 (room 0x07),wall of tile 30C702 (room 0x07),25.089,no,the line between them touches another wall,wall of tile 30C502 (room 0x07)
wall of tile 30C302 (room 0x07),wall of tile 30C902 (room 0x07),48.857,no,"another wall pokes into the space between them, so a tighter pair covers this gap",wall of tile 30C502 (room 0x07)
wall of tile 30C301 (room 0x07),wall of tile 31E400 (room 0x07),23.801,no,the line between them touches another wall,wall of tile 30C501 (room 0x07)
wall of tile 30C301 (room 0x07),wall of tile 31D000 (room 0x07),48.857,no,"another wall pokes into the space between them, so a tighter pair covers this gap",wall of tile 31E400 (room 0x07)
wall of tile 30C301 (room 0x07),wall of tile 30FC00 (room 0x07),0.681,no,"the line between them leaves the walkable area (a wall's thickness, or another floor)",
wall of tile 30C301 (room 0x07),wall of tile 31E802 (room 0x07),20.759,no,"the line between them leaves the walkable area (a wall's thickness, or another floor)",
wall of tile 30C301 (room 0x07),wall of tile 31E801 (room 0x07),23.801,no,the line between them touches another wall,wall of tile 30C501 (room 0x07)
wall of tile 30C301 (room 0x07),wall of tile 308B00 (room 0x07),55.710,no,"the line between them leaves the walkable area (a wall's thickness, or another floor)",
wall of tile 30C301 (room 0x07),wall of tile 308D00 (room 0x07),49.358,no,"the line between them leaves the walkable area (a wall's thickness, or another floor)",
wall of tile 30C502 (room 0x07),wall of tile 30C902 (room 0x07),23.801,no,the line between them touches another wall,wall of tile 30C702 (room 0x07)
wall of tile 30C502 (room 0x07),wall of tile 30CB02 (room 0x07),48.857,no,"the line between them leaves the walkable area (a wall's thickness, or another floor)",
wall of tile 30C501 (room 0x07),wall of tile 31D000 (room 0x07),25.089,no,the line between them touches another wall,wall of tile 31E400 (room 0x07)
wall of tile 30C501 (room 0x07),wall of tile 31A700 (room 0x07),50.177,no,the line between them touches another wall,wall of tile 31D000 (room 0x07)
wall of tile 30C501 (room 0x07),wall of tile 30FC00 (room 0x07),0.610,no,"the line between them leaves the walkable area (a wall's thickness, or another floor)",
wall of tile 30C501 (room 0x07),wall of tile 308D00 (room 0x07),48.608,no,"the line between them leaves the walkable area (a wall's thickness, or another floor)",
wall of tile 30C702 (room 0x07),wall of tile 30CB02 (room 0x07),25.089,no,the line between them touches another wall,wall of tile 30C902 (room 0x07)
wall of tile 30C702 (room 0x07),wall of tile 30CD02 (room 0x07),50.177,no,the line between them touches another wall,wall of tile 30C902 (room 0x07)
wall of tile 31E400 (room 0x07),wall of tile 31A700 (room 0x07),25.089,no,the line between them touches another wall,wall of tile 31D000 (room 0x07)
wall of tile 31E400 (room 0x07),wall of tile 31A500 (room 0x07),50.177,no,the line between them touches another wall,wall of tile 31A700 (room 0x07)
wall of tile 31E400 (room 0x07),wall of tile 30FC00 (room 0x07),3.112,no,"the line between them leaves the walkable area (a wall's thickness, or another floor)",
wall of tile 31E400 (room 0x07),wall of tile 308D00 (room 0x07),48.608,no,"the line between them leaves the walkable area (a wall's thickness, or another floor)",
wall of tile 30C902 (room 0x07),wall of tile 30CD02 (room 0x07),25.089,no,the line between them touches another wall,wall of tile 30CB02 (room 0x07)
wall of tile 30C902 (room 0x07),wall of tile 30CF02 (room 0x07),50.177,no,the line between them touches another wall,wall of tile 30CB02 (room 0x07)
wall of tile 31D000 (room 0x07),wall of tile 31A500 (room 0x07),25.089,no,the line between them touches another wall,wall of tile 31A700 (room 0x07)
wall of tile 31D000 (room 0x07),wall of tile 30FB00 (room 0x07),55.664,no,"the line between them leaves the walkable area (a wall's thickness, or another floor)",
wall of tile 31D000 (room 0x07),wall of tile 30FC00 (room 0x07),28.179,no,"the line between them leaves the walkable area (a wall's thickness, or another floor)",
wall of tile 31D000 (room 0x07),wall of tile 31E802 (room 0x07),25.089,no,the line between them touches another wall,wall of tile 31E400 (room 0x07)
wall of tile 31D000 (room 0x07),wall of tile 31E801 (room 0x07),0.440,no,"the line between them leaves the walkable area (a wall's thickness, or another floor)",
wall of tile 31D000 (room 0x07),wall of tile 308D00 (room 0x07),49.115,no,"the line between them leaves the walkable area (a wall's thickness, or another floor)",
wall of tile 30CB02 (room 0x07),wall of tile 30CF02 (room 0x07),25.089,no,the line between them touches another wall,wall of tile 30CD02 (room 0x07)
wall of tile 30CB02 (room 0x07),wall of tile 30F900 (room 0x07),48.857,no,"another wall pokes into the space between them, so a tighter pair covers this gap",wall of tile 30CD02 (room 0x07)
wall of tile 31A700 (room 0x07),wall of tile 30FB00 (room 0x07),46.568,no,"the line between them leaves the walkable area (a wall's thickness, or another floor)",
wall of tile 31A700 (room 0x07),wall of tile 30FC00 (room 0x07),53.267,no,"the line between them leaves the walkable area (a wall's thickness, or another floor)",
wall of tile 31A700 (room 0x07),wall of tile 31E802 (room 0x07),50.177,no,the line between them touches another wall,wall of tile 31D000 (room 0x07)
wall of tile 31A700 (room 0x07),wall of tile 31E801 (room 0x07),0.880,no,"the line between them leaves the walkable area (a wall's thickness, or another floor)",
wall of tile 31A700 (room 0x07),wall of tile 308D00 (room 0x07),49.622,no,"the line between them leaves the walkable area (a wall's thickness, or another floor)",
wall of tile 30CD02 (room 0x07),wall of tile 30F900 (room 0x07),23.801,no,the line between them touches another wall,wall of tile 30CF02 (room 0x07)
wall of tile 31A500 (room 0x07),wall of tile 30FB00 (room 0x07),36.342,yes,,
wall of tile 31A500 (room 0x07),wall of tile 308D00 (room 0x07),48.871,no,"the line between them leaves the walkable area (a wall's thickness, or another floor)",
wall of tile 30FB00 (room 0x07),wall of tile 31E801 (room 0x07),36.342,yes,,
wall of tile 30FB00 (room 0x07),wall of tile 308B00 (room 0x07),44.128,no,the far wall faces the other way (it belongs to floor which isn't linked here),
wall of tile 30FA00 (room 0x07),wall of tile 308900 (room 0x07),43.875,no,the far wall faces the other way (it belongs to floor which isn't linked here),
wall of tile 313B00 (room 0x07),wall of tile 308D00 (room 0x07),44.125,no,the far wall faces the other way (it belongs to floor which isn't linked here),
wall of tile 310300 (room 0x07),wall of tile 308900 (room 0x07),23.214,no,"the line between them leaves the walkable area (a wall's thickness, or another floor)",
wall of tile 310300 (room 0x07),wall of tile 308601 (room 0x07),43.428,no,the far wall faces the other way (it belongs to floor which isn't linked here),
wall of tile 310300 (room 0x07),wall of tile 308601 (room 0x07),19.537,no,the far wall faces the other way (it belongs to floor which isn't linked here),
wall of tile 310200 (room 0x07),wall of tile 308601 (room 0x07),17.998,no,the far wall faces the other way (it belongs to floor which isn't linked here),
wall of tile 310200 (room 0x07),wall of tile 308601 (room 0x07),44.009,no,the far wall faces the other way (it belongs to floor which isn't linked here),
wall of tile 310000 (room 0x07),wall of tile 315C02 (room 0x07),19.410,no,the far wall faces the other way (it belongs to floor which isn't linked here),
wall of tile 310000 (room 0x07),wall of tile 308701 (room 0x07),43.896,no,the far wall faces the other way (it belongs to floor which isn't linked here),
wall of tile 310000 (room 0x07),wall of tile 308701 (room 0x07),19.410,no,the far wall faces the other way (it belongs to floor which isn't linked here),
wall of tile 30FF00 (room 0x07),wall of tile 308701 (room 0x07),44.581,no,the far wall faces the other way (it belongs to floor which isn't linked here),
wall of tile 30FF00 (room 0x07),wall of tile 308B00 (room 0x07),9.001,no,"the line between them leaves the walkable area (a wall's thickness, or another floor)",
wall of tile 30FD00 (room 0x07),wall of tile 308D00 (room 0x07),43.891,no,the far wall faces the other way (it belongs to floor which isn't linked here),
wall of tile 30FC00 (room 0x07),wall of tile 31E801 (room 0x07),3.112,no,the line between them touches another wall,wall of tile 31E802 (room 0x07)
wall of tile 30FC00 (room 0x07),wall of tile 308B00 (room 0x07),48.967,no,the far wall faces the other way (it belongs to floor which isn't linked here),
wall of tile 30FC00 (room 0x07),wall of tile 308D00 (room 0x07),48.160,no,the far wall faces the other way (it belongs to floor which isn't linked here),
wall of tile 31E802 (room 0x07),wall of tile 308D00 (room 0x07),48.160,no,the far wall faces the other way (it belongs to floor which isn't linked here),
wall of tile 31E801 (room 0x07),wall of tile 308D00 (room 0x07),48.608,no,the far wall faces the other way (it belongs to floor which isn't linked here),
wall of tile 08BC00 (room 0x0a),wall of tile 27E000 (room 0x10),41.342,no,"the line between them leaves the walkable area (a wall's thickness, or another floor)",
wall of tile 08BC00 (room 0x0a),wall of tile 27E100 (room 0x10),35.207,no,"the line between them leaves the walkable area (a wall's thickness, or another floor)",
wall of tile 08BC00 (room 0x0a),wall of tile 27E100 (room 0x10),35.207,no,"the line between them leaves the walkable area (a wall's thickness, or another floor)",
wall of tile 08BC00 (room 0x0a),wall of tile 279900 (room 0x1e),19.681,no,"the line between them leaves the walkable area (a wall's thickness, or another floor)",
wall of tile 08BC00 (room 0x0a),wall of tile 279900 (room 0x1e),19.681,no,"the line between them leaves the walkable area (a wall's thickness, or another floor)",
wall of tile 08BA00 (room 0x0a),wall of tile 27E100 (room 0x10),35.207,no,"the line between them leaves the walkable area (a wall's thickness, or another floor)",
wall of tile 08BA00 (room 0x0a),wall of tile 27E100 (room 0x10),35.207,no,"the line between them leaves the walkable area (a wall's thickness, or another floor)",
wall of tile 08BA00 (room 0x0a),wall of tile 279900 (room 0x1e),8.802,no,"the line between them leaves the walkable area (a wall's thickness, or another floor)",
wall of tile 08BA00 (room 0x0a),wall of tile 279900 (room 0x1e),8.802,no,"the line between them leaves the walkable area (a wall's thickness, or another floor)",
wall of tile 08BA00 (room 0x0a),wall of tile 1A2700 (room 0x1e),8.802,no,"the line between them leaves the walkable area (a wall's thickness, or another floor)",
wall of tile 088E00 (room 0x0a),wall of tile 279900 (room 0x1e),17.603,no,"the line between them leaves the walkable area (a wall's thickness, or another floor)",
wall of tile 088E00 (room 0x0a),wall of tile 1A2700 (room 0x1e),17.603,no,"the line between them leaves the walkable area (a wall's thickness, or another floor)",
wall of tile 088E00 (room 0x0a),wall of tile 279B00 (room 0x1e),17.603,no,"the line between them leaves the walkable area (a wall's thickness, or another floor)",
wall of tile 088E00 (room 0x0a),wall of tile 271400 (room 0x10),19.804,no,"the line between them leaves the walkable area (a wall's thickness, or another floor)",
wall of tile 088E00 (room 0x0a),wall of tile 271400 (room 0x10),19.804,no,"the line between them leaves the walkable area (a wall's thickness, or another floor)",
wall of tile 08B600 (room 0x0a),wall of tile 1A2700 (room 0x1e),18.800,no,"the line between them leaves the walkable area (a wall's thickness, or another floor)",
wall of tile 08B600 (room 0x0a),wall of tile 279B00 (room 0x1e),18.800,no,"the line between them leaves the walkable area (a wall's thickness, or another floor)",
wall of tile 08B600 (room 0x0a),wall of tile 271200 (room 0x10),24.204,no,"the line between them leaves the walkable area (a wall's thickness, or another floor)",
wall of tile 08B600 (room 0x0a),wall of tile 271400 (room 0x10),19.804,no,"the line between them leaves the walkable area (a wall's thickness, or another floor)",
wall of tile 08B600 (room 0x0a),wall of tile 271400 (room 0x10),19.804,no,"the line between them leaves the walkable area (a wall's thickness, or another floor)",
wall of tile 08B400 (room 0x0a),wall of tile 271000 (room 0x10),22.004,no,"the line between them leaves the walkable area (a wall's thickness, or another floor)",
wall of tile 08B400 (room 0x0a),wall of tile 271200 (room 0x10),22.004,no,"the line between them leaves the walkable area (a wall's thickness, or another floor)",
wall of tile 08B400 (room 0x0a),wall of tile 271400 (room 0x10),24.202,no,"the line between them leaves the walkable area (a wall's thickness, or another floor)",
wall of tile 08B200 (room 0x0a),wall of tile 270F00 (room 0x10),19.804,no,"the line between them leaves the walkable area (a wall's thickness, or another floor)",
wall of tile 08B200 (room 0x0a),wall of tile 271000 (room 0x10),19.804,no,"the line between them leaves the walkable area (a wall's thickness, or another floor)",
wall of tile 08B200 (room 0x0a),wall of tile 271200 (room 0x10),22.004,no,"the line between them leaves the walkable area (a wall's thickness, or another floor)",
wall of tile 317E00 (room 0x0a),wall of tile 271500 (room 0x10),22.004,no,"the line between them leaves the walkable area (a wall's thickness, or another floor)",
wall of tile 317E00 (room 0x0a),wall of tile 270F00 (room 0x10),22.004,no,"the line between them leaves the walkable area (a wall's thickness, or another floor)",
wall of tile 317E00 (room 0x0a),wall of tile 271000 (room 0x10),24.205,no,"the line between them leaves the walkable area (a wall's thickness, or another floor)",
wall of tile 08A900 (room 0x0a),wall of tile 272100 (room 0x10),22.004,no,"the line between them leaves the walkable area (a wall's thickness, or another floor)",
wall of tile 08A900 (room 0x0a),wall of tile 272100 (room 0x10),22.003,no,"the line between them leaves the walkable area (a wall's thickness, or another floor)",
wall of tile 08A900 (room 0x0a),wall of tile 279600 (room 0x1d),17.603,no,"the line between them leaves the walkable area (a wall's thickness, or another floor)",
wall of tile 08A900 (room 0x0a),wall of tile 279000 (room 0x1d),17.603,no,"the line between them leaves the walkable area (a wall's thickness, or another floor)",
wall of tile 08A900 (room 0x0a),wall of tile 198200 (room 0x1d),17.603,no,"the line between them leaves the walkable area (a wall's thickness, or another floor)",
wall of tile 08A900 (room 0x0a),wall of tile 198200 (room 0x1d),17.603,no,"the line between them leaves the walkable area (a wall's thickness, or another floor)",
wall of tile 08A900 (room 0x0a),wall of tile 279100 (room 0x1d),17.603,no,"the line between them leaves the walkable area (a wall's thickness, or another floor)",
wall of tile 08A900 (room 0x0a),wall of tile 279100 (room 0x1d),17.603,no,"the line between them leaves the walkable area (a wall's thickness, or another floor)",
wall of tile 08A900 (room 0x0a),generic 0x1eaf40 (preset 0x2745),59.407,no,"the line between them leaves the walkable area (a wall's thickness, or another floor)",
wall of tile 08A900 (room 0x0a),generic 0x1eaf40 (preset 0x2745),59.391,no,"the line between them leaves the walkable area (a wall's thickness, or another floor)",
wall of tile 08A900 (room 0x0a),generic 0x1eaf40 (preset 0x2745),59.391,no,"the line between them leaves the walkable area (a wall's thickness, or another floor)",
wall of tile 08A900 (room 0x0a),generic 0x1eaf40 (preset 0x2745),59.411,no,"the line between them leaves the walkable area (a wall's thickness, or another floor)",
wall of tile 08A600 (room 0x0a),wall of tile 274A00 (room 0x10),23.391,no,"the line between them leaves the walkable area (a wall's thickness, or another floor)",
wall of tile 08A600 (room 0x0a),wall of tile 274C00 (room 0x10),23.391,no,"the line between them leaves the walkable area (a wall's thickness, or another floor)",
wall of tile 08A600 (room 0x0a),wall of tile 279200 (room 0x1d),8.802,no,"the line between them leaves the walkable area (a wall's thickness, or another floor)",
wall of tile 08A600 (room 0x0a),wall of tile 279100 (room 0x1d),8.802,no,"the line between them leaves the walkable area (a wall's thickness, or another floor)",
wall of tile 08A600 (room 0x0a),wall of tile 279100 (room 0x1d),8.802,no,"the line between them leaves the walkable area (a wall's thickness, or another floor)",
wall of tile 08A400 (room 0x0a),wall of tile 274900 (room 0x10),16.019,no,"the line between them leaves the walkable area (a wall's thickness, or another floor)",
wall of tile 08A400 (room 0x0a),wall of tile 274A00 (room 0x10),15.403,no,"the line between them leaves the walkable area (a wall's thickness, or another floor)",
wall of tile 08A400 (room 0x0a),wall of tile 274C00 (room 0x10),15.403,no,"the line between them leaves the walkable area (a wall's thickness, or another floor)",
wall of tile 08A400 (room 0x0a),wall of tile 279200 (room 0x1d),17.740,no,"the line between them leaves the walkable area (a wall's thickness, or another floor)",
wall of tile 08A400 (room 0x0a),wall of tile 279100 (room 0x1d),17.740,no,"the line between them leaves the walkable area (a wall's thickness, or another floor)",
wall of tile 08A200 (room 0x0a),wall of tile 274700 (room 0x10),22.655,no,"the line between them leaves the walkable area (a wall's thickness, or another floor)",
wall of tile 08A200 (room 0x0a),wall of tile 274900 (room 0x10),15.403,no,"the line between them leaves the walkable area (a wall's thickness, or another floor)",
wall of tile 08A200 (room 0x0a),wall of tile 274A00 (room 0x10),15.403,no,"the line between them leaves the walkable area (a wall's thickness, or another floor)",
wall of tile 08A000 (room 0x0a),wall of tile 274500 (room 0x10),15.403,no,"the line between them leaves the walkable area (a wall's thickness, or another floor)",
wall of tile 08A000 (room 0x0a),wall of tile 274700 (room 0x10),15.403,no,"the line between them leaves the walkable area (a wall's thickness, or another floor)",
wall of tile 08A000 (room 0x0a),wall of tile 274900 (room 0x10),19.622,no,"the line between them leaves the walkable area (a wall's thickness, or another floor)",
wall of tile 089E00 (room 0x0a),wall of tile 274500 (room 0x10),15.403,no,"the line between them leaves the walkable area (a wall's thickness, or another floor)",
wall of tile 089E00 (room 0x0a),wall of tile 274400 (room 0x10),15.559,no,"the line between them leaves the walkable area (a wall's thickness, or another floor)",
wall of tile 089E00 (room 0x0a),wall of tile 274700 (room 0x10),17.740,no,"the line between them leaves the walkable area (a wall's thickness, or another floor)",
wall of tile 319600 (room 0x0a),wall of tile 274500 (room 0x10),15.403,no,"the line between them leaves the walkable area (a wall's thickness, or another floor)",
wall of tile 319600 (room 0x0a),wall of tile 274400 (room 0x10),15.403,no,"the line between them leaves the walkable area (a wall's thickness, or another floor)",
wall of tile 319600 (room 0x0a),wall of tile 274400 (room 0x10),15.403,no,"the line between them leaves the walkable area (a wall's thickness, or another floor)",
wall of tile 089A00 (room 0x0a),wall of tile 274200 (room 0x10),22.440,no,"the line between them leaves the walkable area (a wall's thickness, or another floor)",
wall of tile 089A00 (room 0x0a),wall of tile 274400 (room 0x10),17.603,no,"the line between them leaves the walkable area (a wall's thickness, or another floor)",
wall of tile 089A00 (room 0x0a),wall of tile 274400 (room 0x10),17.603,no,"the line between them leaves the walkable area (a wall's thickness, or another floor)",
wall of tile 089800 (room 0x0a),wall of tile 273800 (room 0x10),25.014,no,"the line between them leaves the walkable area (a wall's thickness, or another floor)",
wall of tile 089800 (room 0x0a),wall of tile 274200 (room 0x10),22.004,no,"the line between them leaves the walkable area (a wall's thickness, or another floor)",
wall of tile 089800 (room 0x0a),wall of tile 274400 (room 0x10),21.905,no,"the line between them leaves the walkable area (a wall's thickness, or another floor)",
wall of tile 089600 (room 0x0a),wall of tile 273800 (room 0x10),1.962,no,"the line between them leaves the walkable area (a wall's thickness, or another floor)",
wall of tile 089600 (room 0x0a),wall of tile 274200 (room 0x10),28.606,no,"the line between them leaves the walkable area (a wall's thickness, or another floor)",
wall of tile 08BD00 (room 0x0a),wall of tile 27E100 (room 0x10),37.238,no,"the line between them leaves the walkable area (a wall's thickness, or another floor)",
wall of tile 274A00 (room 0x10),wall of tile 279200 (room 0x1d),33.006,no,"the line between them leaves the walkable area (a wall's thickness, or another floor)",
wall of tile 274A00 (room 0x10),wall of tile 279100 (room 0x1d),33.660,no,"the line between them leaves the walkable area (a wall's thickness, or another floor)",
wall of tile 274C00 (room 0x10),wall of tile 281802 (room 0x10),24.205,no,the line between them touches another wall,wall of tile 31B600 (room 0x10)
wall of tile 274C00 (room 0x10),wall of tile 27EE02 (room 0x1d),25.755,no,"the line between them leaves the walkable area (a wall's thickness, or another floor)",
wall of tile 274C00 (room 0x10),wall of tile 279200 (room 0x1d),15.403,no,"the line between them leaves the walkable area (a wall's thickness, or another floor)",
wall of tile 274C00 (room 0x10),wall of tile 279100 (room 0x1d),33.660,no,"the line between them leaves the walkable area (a wall's thickness, or another floor)",
wall of tile 274C00 (room 0x10),door 0x1eb7b0 (preset 0x0026),25.754,no,"the line between them leaves the walkable area (a wall's thickness, or another floor)",
wall of tile 274C00 (room 0x10),door 0x1eb7b0 (preset 0x0026),25.743,no,"the line between them leaves the walkable area (a wall's thickness, or another floor)",
wall of tile 274C00 (room 0x10),door 0x1eb7b0 (preset 0x0026),24.288,no,"the line between them leaves the walkable area (a wall's thickness, or another floor)",
wall of tile 274C00 (room 0x10),door 0x1eb7b0 (preset 0x0026),24.288,no,"the line between them leaves the walkable area (a wall's thickness, or another floor)",
wall of tile 1A7C00 (room 0x10),wall of tile 279B00 (room 0x1e),17.603,no,"the line between them leaves the walkable area (a wall's thickness, or another floor)",
wall of tile 1A7C00 (room 0x10),wall of tile 279B00 (room 0x1e),17.603,no,"the line between them leaves the walkable area (a wall's thickness, or another floor)",
wall of tile 1A7F00 (room 0x10),wall of tile 281C02 (room 0x10),24.205,no,the line between them touches another wall,wall of tile 31B400 (room 0x10)
wall of tile 1A7F00 (room 0x10),wall of tile 27ED02 (room 0x1e),25.755,no,"the line between them leaves the walkable area (a wall's thickness, or another floor)",
wall of tile 1A7F00 (room 0x10),wall of tile 279B00 (room 0x1e),17.603,no,"the line between them leaves the walkable area (a wall's thickness, or another floor)",
wall of tile 1A7F00 (room 0x10),door 0x1eb8b0 (preset 0x0027),25.755,no,"the line between them leaves the walkable area (a wall's thickness, or another floor)",
wall of tile 1A7F00 (room 0x10),door 0x1eb8b0 (preset 0x0027),25.745,no,"the line between them leaves the walkable area (a wall's thickness, or another floor)",
wall of tile 1A7F00 (room 0x10),door 0x1eb8b0 (preset 0x0027),24.288,no,"the line between them leaves the walkable area (a wall's thickness, or another floor)",
wall of tile 1A7F00 (room 0x10),door 0x1eb8b0 (preset 0x0027),24.288,no,"the line between them leaves the walkable area (a wall's thickness, or another floor)",
wall of tile 31B500 (room 0x10),wall of tile 27ED01 (room 0x1e),8.802,no,the line between them touches another wall,wall of tile 281C01 (room 0x10)
wall of tile 31B500 (room 0x10),wall of tile 279900 (room 0x1e),17.603,no,"the line between them leaves the walkable area (a wall's thickness, or another floor)",
wall of tile 31B500 (room 0x10),door 0x1eb8b0 (preset 0x0027),8.996,no,the line between them touches another wall,door 0x1eb8b0 (preset 0x0027)
wall of tile 31B500 (room 0x10),door 0x1eb8b0 (preset 0x0027),2.170,no,"another wall pokes into the space between them, so a tighter pair covers this gap",wall of tile 281C01 (room 0x10)
wall of tile 31B500 (room 0x10),door 0x1eb8b0 (preset 0x0027),2.170,no,"the line between them leaves the walkable area (a wall's thickness, or another floor)",
wall of tile 31B500 (room 0x10),door 0x1eb8b0 (preset 0x0027),2.201,no,"the line between them leaves the walkable area (a wall's thickness, or another floor)",
wall of tile 27E100 (room 0x10),wall of tile 281C01 (room 0x10),24.205,no,the line between them touches another wall,wall of tile 31B500 (room 0x10)
wall of tile 27E100 (room 0x10),wall of tile 27ED01 (room 0x1e),25.755,no,"the line between them leaves the walkable area (a wall's thickness, or another floor)",
wall of tile 27E100 (room 0x10),wall of tile 279900 (room 0x1e),31.735,no,"the line between them leaves the walkable area (a wall's thickness, or another floor)",
wall of tile 27E100 (room 0x10),wall of tile 279900 (room 0x1e),17.603,no,"the line between them leaves the walkable area (a wall's thickness, or another floor)",
wall of tile 27E100 (room 0x10),door 0x1eb8b0 (preset 0x0027),25.821,no,"the line between them leaves the walkable area (a wall's thickness, or another floor)",
wall of tile 27E100 (room 0x10),door 0x1eb8b0 (preset 0x0027),24.289,no,"the line between them leaves the walkable area (a wall's thickness, or another floor)",
wall of tile 27E100 (room 0x10),door 0x1eb8b0 (preset 0x0027),24.289,no,"the line between them leaves the walkable area (a wall's thickness, or another floor)",
wall of tile 27E100 (room 0x10),door 0x1eb8b0 (preset 0x0027),24.292,no,"the line between them leaves the walkable area (a wall's thickness, or another floor)",
wall of tile 27E100 (room 0x10),wall of tile 279900 (room 0x1e),31.735,no,"the line between them leaves the walkable area (a wall's thickness, or another floor)",
wall of tile 27E100 (room 0x10),wall of tile 279900 (room 0x1e),17.603,no,"the line between them leaves the walkable area (a wall's thickness, or another floor)",
wall of tile 281C01 (room 0x10),wall of tile 279900 (room 0x1e),8.802,no,the line between them touches another wall,wall of tile 27ED01 (room 0x1e)
wall of tile 281C01 (room 0x10),door 0x1eb8b0 (preset 0x0027),0.194,no,the line between them touches another wall,door 0x1eb8b0 (preset 0x0027)
wall of tile 281C01 (room 0x10),door 0x1eb8b0 (preset 0x0027),0.013,no,"the line between them leaves the walkable area (a wall's thickness, or another floor)",
wall of tile 281C01 (room 0x10),door 0x1eb8b0 (preset 0x0027),0.002,no,"the line between them leaves the walkable area (a wall's thickness, or another floor)",
wall of tile 281C02 (room 0x10),wall of tile 279B00 (room 0x1e),8.802,no,the line between them touches another wall,wall of tile 27ED02 (room 0x1e)
wall of tile 281C02 (room 0x10),door 0x1eb8b0 (preset 0x0027),0.031,no,"the line between them leaves the walkable area (a wall's thickness, or another floor)",
wall of tile 281C02 (room 0x10),door 0x1eb8b0 (preset 0x0027),0.011,no,"the line between them leaves the walkable area (a wall's thickness, or another floor)",
wall of tile 281C02 (room 0x10),door 0x1eb8b0 (preset 0x0027),0.000,no,"another wall pokes into the space between them, so a tighter pair covers this gap",door 0x1eb8b0 (preset 0x0027)
wall of tile 27ED01 (room 0x1e),door 0x1eb8b0 (preset 0x0027),6.632,no,"the line between them leaves the walkable area (a wall's thickness, or another floor)",
wall of tile 27ED01 (room 0x1e),door 0x1eb8b0 (preset 0x0027),6.601,no,"the line between them leaves the walkable area (a wall's thickness, or another floor)",
wall of tile 27ED01 (room 0x1e),door 0x1eb8b0 (preset 0x0027),0.001,no,"the line between them leaves the walkable area (a wall's thickness, or another floor)",
wall of tile 27ED02 (room 0x1e),wall of tile 31B400 (room 0x10),8.802,no,the line between them touches another wall,wall of tile 281C02 (room 0x10)
wall of tile 27ED02 (room 0x1e),door 0x1eb8b0 (preset 0x0027),0.011,no,"the line between them leaves the walkable area (a wall's thickness, or another floor)",
wall of tile 27ED02 (room 0x1e),door 0x1eb8b0 (preset 0x0027),0.011,no,"the line between them leaves the walkable area (a wall's thickness, or another floor)",
wall of tile 27ED02 (room 0x1e),door 0x1eb8b0 (preset 0x0027),6.794,no,the line between them touches another wall,door 0x1eb8b0 (preset 0x0027)
wall of tile 279900 (room 0x1e),door 0x1eb8b0 (preset 0x0027),8.608,no,"the line between them leaves the walkable area (a wall's thickness, or another floor)",
wall of tile 279900 (room 0x1e),door 0x1eb8b0 (preset 0x0027),15.433,no,"the line between them leaves the walkable area (a wall's thickness, or another floor)",
wall of tile 279900 (room 0x1e),door 0x1eb8b0 (preset 0x0027),15.402,no,"the line between them leaves the walkable area (a wall's thickness, or another floor)",
wall of tile 279900 (room 0x1e),door 0x1eb8b0 (preset 0x0027),8.608,no,"the line between them leaves the walkable area (a wall's thickness, or another floor)",
wall of tile 1A2700 (room 0x1e),wall of tile 271400 (room 0x10),6.958,no,"the line between them leaves the walkable area (a wall's thickness, or another floor)",
wall of tile 1A2700 (room 0x1e),wall of tile 271400 (room 0x10),6.958,no,"the line between them leaves the walkable area (a wall's thickness, or another floor)",
wall of tile 279B00 (room 0x1e),wall of tile 31B400 (room 0x10),17.603,no,"the line between them leaves the walkable area (a wall's thickness, or another floor)",
wall of tile 279B00 (room 0x1e),wall of tile 1A7400 (room 0x10),6.601,no,"the line between them leaves the walkable area (a wall's thickness, or another floor)",
wall of tile 279B00 (room 0x1e),door 0x1eb8b0 (preset 0x0027),8.770,no,"another wall pokes into the space between them, so a tighter pair covers this gap",wall of tile 27ED02 (room 0x1e)
wall of tile 279B00 (room 0x1e),door 0x1eb8b0 (preset 0x0027),8.770,no,"the line between them leaves the walkable area (a wall's thickness, or another floor)",
wall of tile 279B00 (room 0x1e),door 0x1eb8b0 (preset 0x0027),8.802,no,"the line between them leaves the walkable area (a wall's thickness, or another floor)",
wall of tile 279B00 (room 0x1e),door 0x1eb8b0 (preset 0x0027),15.596,no,the line between them touches another wall,door 0x1eb8b0 (preset 0x0027)
wall of tile 279B00 (room 0x1e),wall of tile 1A6E00 (room 0x10),6.601,no,"the line between them leaves the walkable area (a wall's thickness, or another floor)",
wall of tile 279B00 (room 0x1e),wall of tile 271400 (room 0x10),6.601,no,"the line between them leaves the walkable area (a wall's thickness, or another floor)",
wall of tile 279B00 (room 0x1e),wall of tile 271400 (room 0x10),6.601,no,"the line between them leaves the walkable area (a wall's thickness, or another floor)",
wall of tile 279B00 (room 0x1e),wall of tile 1A7400 (room 0x10),6.601,no,"the line between them leaves the walkable area (a wall's thickness, or another floor)",
wall of tile 31B400 (room 0x10),door 0x1eb8b0 (preset 0x0027),8.833,no,"the line between them leaves the walkable area (a wall's thickness, or another floor)",
wall of tile 31B400 (room 0x10),door 0x1eb8b0 (preset 0x0027),8.802,no,"the line between them leaves the walkable area (a wall's thickness, or another floor)",
wall of tile 31B400 (room 0x10),door 0x1eb8b0 (preset 0x0027),2.007,no,"another wall pokes into the space between them, so a tighter pair covers this gap",wall of tile 281C02 (room 0x10)
wall of tile 31B400 (room 0x10),door 0x1eb8b0 (preset 0x0027),2.007,no,"another wall pokes into the space between them, so a tighter pair covers this gap",wall of tile 281C02 (room 0x10)
wall of tile 1A7700 (room 0x10),wall of tile 279500 (room 0x1d),8.802,no,"the line between them leaves the walkable area (a wall's thickness, or another floor)",
wall of tile 1A7700 (room 0x10),wall of tile 198200 (room 0x1d),8.802,no,"the line between them leaves the walkable area (a wall's thickness, or another floor)",
wall of tile 1A7700 (room 0x10),generic 0x1eafc0 (preset 0x2746),8.801,no,"the line between them leaves the walkable area (a wall's thickness, or another floor)",
wall of tile 1A7700 (room 0x10),generic 0x1eafc0 (preset 0x2746),8.744,no,"the line between them leaves the walkable area (a wall's thickness, or another floor)",
wall of tile 272100 (room 0x10),wall of tile 198200 (room 0x1d),8.802,no,"the line between them leaves the walkable area (a wall's thickness, or another floor)",
wall of tile 272100 (room 0x10),wall of tile 198200 (room 0x1d),9.841,no,"the line between them leaves the walkable area (a wall's thickness, or another floor)",
wall of tile 272100 (room 0x10),wall of tile 08AB00 (room 0x0a),22.004,no,"the line between them leaves the walkable area (a wall's thickness, or another floor)",
wall of tile 272100 (room 0x10),generic 0x1eafc0 (preset 0x2746),8.725,no,"the line between them leaves the walkable area (a wall's thickness, or another floor)",
wall of tile 272100 (room 0x10),generic 0x1eafc0 (preset 0x2746),8.726,no,"the line between them leaves the walkable area (a wall's thickness, or another floor)",
wall of tile 272100 (room 0x10),generic 0x1eafc0 (preset 0x2746),8.725,no,"the line between them leaves the walkable area (a wall's thickness, or another floor)",
wall of tile 272100 (room 0x10),wall of tile 198200 (room 0x1d),8.802,no,"the line between them leaves the walkable area (a wall's thickness, or another floor)",
wall of tile 272100 (room 0x10),wall of tile 198200 (room 0x1d),9.841,no,"the line between them leaves the walkable area (a wall's thickness, or another floor)",
wall of tile 272100 (room 0x10),wall of tile 08AB00 (room 0x0a),19.804,no,"the line between them leaves the walkable area (a wall's thickness, or another floor)",
wall of tile 272100 (room 0x10),wall of tile 318D00 (room 0x0a),19.804,no,"the line between them leaves the walkable area (a wall's thickness, or another floor)",
wall of tile 271B00 (room 0x10),wall of tile 08AB00 (room 0x0a),19.804,no,"the line between them leaves the walkable area (a wall's thickness, or another floor)",
wall of tile 271B00 (room 0x10),wall of tile 318D00 (room 0x0a),19.804,no,"the line between them leaves the walkable area (a wall's thickness, or another floor)",
wall of tile 271500 (room 0x10),wall of tile 318D00 (room 0x0a),22.004,no,"the line between them leaves the walkable area (a wall's thickness, or another floor)",
wall of tile 270F00 (room 0x10),wall of tile 318D00 (room 0x0a),22.004,no,"the line between them leaves the walkable area (a wall's thickness, or another floor)",
wall of tile 1A8500 (room 0x10),wall of tile 281801 (room 0x10),24.205,no,the line between them touches another wall,wall of tile 31B700 (room 0x10)
wall of tile 1A8500 (room 0x10),wall of tile 27EE01 (room 0x1d),25.755,no,"the line between them leaves the walkable area (a wall's thickness, or another floor)",
wall of tile 1A8500 (room 0x10),wall of tile 279500 (room 0x1d),15.403,no,"the line between them leaves the walkable area (a wall's thickness, or another floor)",
wall of tile 1A8500 (room 0x10),wall of tile 198200 (room 0x1d),15.403,no,"the line between them leaves the walkable area (a wall's thickness, or another floor)",
wall of tile 1A8500 (room 0x10),generic 0x1eafc0 (preset 0x2746),15.404,no,"the line between them leaves the walkable area (a wall's thickness, or another floor)",
wall of tile 1A8500 (room 0x10),generic 0x1eafc0 (preset 0x2746),15.400,no,"the line between them leaves the walkable area (a wall's thickness, or another floor)",
wall of tile 1A8500 (room 0x10),generic 0x1eafc0 (preset 0x2746),15.384,no,"the line between them leaves the walkable area (a wall's thickness, or another floor)",
wall of tile 1A8500 (room 0x10),generic 0x1eafc0 (preset 0x2746),15.384,no,"the line between them leaves the walkable area (a wall's thickness, or another floor)",
wall of tile 1A8500 (room 0x10),door 0x1eb7b0 (preset 0x0026),24.289,no,"the line between them leaves the walkable area (a wall's thickness, or another floor)",
wall of tile 1A8500 (room 0x10),door 0x1eb7b0 (preset 0x0026),24.292,no,"the line between them leaves the walkable area (a wall's thickness, or another floor)",
wall of tile 1A8500 (room 0x10),door 0x1eb7b0 (preset 0x0026),25.822,no,"the line between them leaves the walkable area (a wall's thickness, or another floor)",
wall of tile 1A8500 (room 0x10),door 0x1eb7b0 (preset 0x0026),24.289,no,"the line between them leaves the walkable area (a wall's thickness, or another floor)",
wall of tile 31B700 (room 0x10),wall of tile 27EE01 (room 0x1d),8.802,no,the line between them touches another wall,wall of tile 281801 (room 0x10)
wall of tile 31B700 (room 0x10),wall of tile 279500 (room 0x1d),15.403,no,"the line between them leaves the walkable area (a wall's thickness, or another floor)",
wall of tile 31B700 (room 0x10),door 0x1eb7b0 (preset 0x0026),2.168,no,"the line between them leaves the walkable area (a wall's thickness, or another floor)",
wall of tile 31B700 (room 0x10),door 0x1eb7b0 (preset 0x0026),2.199,no,"the line between them leaves the walkable area (a wall's thickness, or another floor)",
wall of tile 31B700 (room 0x10),door 0x1eb7b0 (preset 0x0026),8.994,no,the line between them touches another wall,door 0x1eb7b0 (preset 0x0026)
wall of tile 31B700 (room 0x10),door 0x1eb7b0 (preset 0x0026),2.168,no,"another wall pokes into the space between them, so a tighter pair covers this gap",wall of tile 281801 (room 0x10)
wall of tile 281801 (room 0x10),wall of tile 279500 (room 0x1d),6.601,no,the line between them touches another wall,wall of tile 27EE01 (room 0x1d)
wall of tile 281801 (room 0x10),door 0x1eb7b0 (preset 0x0026),0.013,no,"the line between them leaves the walkable area (a wall's thickness, or another floor)",
wall of tile 281801 (room 0x10),door 0x1eb7b0 (preset 0x0026),0.192,no,"another wall pokes into the space between them, so a tighter pair covers this gap",wall of tile 27EE01 (room 0x1d)
wall of tile 281802 (room 0x10),wall of tile 279200 (room 0x1d),6.601,no,the line between them touches another wall,wall of tile 27EE02 (room 0x1d)
wall of tile 281802 (room 0x10),door 0x1eb7b0 (preset 0x0026),0.030,no,"the line between them leaves the walkable area (a wall's thickness, or another floor)",
wall of tile 281802 (room 0x10),door 0x1eb7b0 (preset 0x0026),0.013,no,"the line between them leaves the walkable area (a wall's thickness, or another floor)",
wall of tile 281802 (room 0x10),door 0x1eb7b0 (preset 0x0026),0.000,no,"another wall pokes into the space between them, so a tighter pair covers this gap",door 0x1eb7b0 (preset 0x0026)
wall of tile 27EE01 (room 0x1d),door 0x1eb7b0 (preset 0x0026),6.603,no,"the line between them leaves the walkable area (a wall's thickness, or another floor)",
wall of tile 27EE01 (room 0x1d),door 0x1eb7b0 (preset 0x0026),0.000,no,"another wall pokes into the space between them, so a tighter pair covers this gap",wall of tile 281801 (room 0x10)
wall of tile 27EE01 (room 0x1d),door 0x1eb7b0 (preset 0x0026),0.001,no,"another wall pokes into the space between them, so a tighter pair covers this gap",door 0x1eb7b0 (preset 0x0026)
wall of tile 27EE01 (room 0x1d),door 0x1eb7b0 (preset 0x0026),6.634,no,"the line between them leaves the walkable area (a wall's thickness, or another floor)",
wall of tile 27EE02 (room 0x1d),wall of tile 31B600 (room 0x10),8.802,no,the line between them touches another wall,wall of tile 281802 (room 0x10)
wall of tile 27EE02 (room 0x1d),door 0x1eb7b0 (preset 0x0026),0.013,no,"the line between them leaves the walkable area (a wall's thickness, or another floor)",
wall of tile 27EE02 (room 0x1d),door 0x1eb7b0 (preset 0x0026),0.013,no,"the line between them leaves the walkable area (a wall's thickness, or another floor)",
wall of tile 27EE02 (room 0x1d),door 0x1eb7b0 (preset 0x0026),6.796,no,the line between them touches another wall,door 0x1eb7b0 (preset 0x0026)
wall of tile 279600 (room 0x1d),wall of tile 279000 (room 0x1d),8.802,no,"the line between them leaves the walkable area (a wall's thickness, or another floor)",
wall of tile 279600 (room 0x1d),wall of tile 198200 (room 0x1d),8.802,no,"the line between them leaves the walkable area (a wall's thickness, or another floor)",
wall of tile 279600 (room 0x1d),generic 0x1eaf40 (preset 0x2745),8.801,no,"the line between them leaves the walkable area (a wall's thickness, or another floor)",
wall of tile 279600 (room 0x1d),generic 0x1eaf40 (preset 0x2745),8.726,no,"another wall pokes into the space between them, so a tighter pair covers this gap",wall of tile 279300 (room 0x1d)
wall of tile 279600 (room 0x1d),generic 0x1eaf40 (preset 0x2745),8.726,no,"another wall pokes into the space between them, so a tighter pair covers this gap",wall of tile 279300 (room 0x1d)
wall of tile 279600 (room 0x1d),generic 0x1eaf40 (preset 0x2745),8.727,no,"another wall pokes into the space between them, so a tighter pair covers this gap",wall of tile 279300 (room 0x1d)
wall of tile 279300 (room 0x1d),generic 0x1eaf40 (preset 0x2745),0.000,no,"another wall pokes into the space between them, so a tighter pair covers this gap",generic 0x1eaf40 (preset 0x2745)
wall of tile 279300 (room 0x1d),generic 0x1eaf40 (preset 0x2745),0.004,no,the line between them touches another wall,generic 0x1eaf40 (preset 0x2745)
wall of tile 279300 (room 0x1d),generic 0x1eaf40 (preset 0x2745),59.412,no,the line between them touches another wall,generic 0x1eaf40 (preset 0x2745)
wall of tile 279500 (room 0x1d),generic 0x1eafc0 (preset 0x2746),0.001,no,"another wall pokes into the space between them, so a tighter pair covers this gap",generic 0x1eafc0 (preset 0x2746)
wall of tile 279500 (room 0x1d),generic 0x1eafc0 (preset 0x2746),0.003,no,"the line between them leaves the walkable area (a wall's thickness, or another floor)",
wall of tile 279500 (room 0x1d),generic 0x1eafc0 (preset 0x2746),0.001,no,"the line between them leaves the walkable area (a wall's thickness, or another floor)",
wall of tile 279500 (room 0x1d),door 0x1eb7b0 (preset 0x0026),13.204,no,"the line between them leaves the walkable area (a wall's thickness, or another floor)",
wall of tile 279500 (room 0x1d),door 0x1eb7b0 (preset 0x0026),6.409,no,"another wall pokes into the space between them, so a tighter pair covers this gap",wall of tile 27EE01 (room 0x1d)
wall of tile 279500 (room 0x1d),door 0x1eb7b0 (preset 0x0026),6.409,no,"another wall pokes into the space between them, so a tighter pair covers this gap",wall of tile 27EE01 (room 0x1d)
wall of tile 279500 (room 0x1d),door 0x1eb7b0 (preset 0x0026),13.235,no,"the line between them leaves the walkable area (a wall's thickness, or another floor)",
wall of tile 279000 (room 0x1d),wall of tile 279100 (room 0x1d),8.802,no,"the line between them leaves the walkable area (a wall's thickness, or another floor)",
wall of tile 279000 (room 0x1d),generic 0x1eaf40 (preset 0x2745),59.486,no,the line between them touches another wall,generic 0x1eaf40 (preset 0x2745)
wall of tile 279000 (room 0x1d),generic 0x1eaf40 (preset 0x2745),0.001,no,"the line between them leaves the walkable area (a wall's thickness, or another floor)",
wall of tile 279000 (room 0x1d),generic 0x1eaf40 (preset 0x2745),0.075,no,the line between them touches another wall,generic 0x1eaf40 (preset 0x2745)
wall of tile 279000 (room 0x1d),generic 0x1eaf40 (preset 0x2745),0.004,no,the line between them touches another wall,generic 0x1eaf40 (preset 0x2745)
wall of tile 279000 (room 0x1d),generic 0x1eaf40 (preset 0x2745),59.412,no,the line between them touches another wall,generic 0x1eaf40 (preset 0x2745)
wall of tile 198200 (room 0x1d),wall of tile 08AB00 (room 0x0a),19.681,no,"the line between them leaves the walkable area (a wall's thickness, or another floor)",
wall of tile 198200 (room 0x1d),generic 0x1eafc0 (preset 0x2746),0.076,no,"the line between them leaves the walkable area (a wall's thickness, or another floor)",
wall of tile 198200 (room 0x1d),generic 0x1eafc0 (preset 0x2746),59.412,no,"another wall pokes into the space between them, so a tighter pair covers this gap",generic 0x1eafc0 (preset 0x2746)
wall of tile 198200 (room 0x1d),generic 0x1eafc0 (preset 0x2746),59.487,no,"the line between them leaves the walkable area (a wall's thickness, or another floor)",
wall of tile 198200 (room 0x1d),generic 0x1eafc0 (preset 0x2746),0.019,no,"the line between them leaves the walkable area (a wall's thickness, or another floor)",
wall of tile 198200 (room 0x1d),generic 0x1eafc0 (preset 0x2746),0.001,no,"the line between them leaves the walkable area (a wall's thickness, or another floor)",
wall of tile 198200 (room 0x1d),wall of tile 279100 (room 0x1d),8.802,no,"the line between them leaves the walkable area (a wall's thickness, or another floor)",
wall of tile 198200 (room 0x1d),wall of tile 08AB00 (room 0x0a),19.681,no,"the line between them leaves the walkable area (a wall's thickness, or another floor)",
wall of tile 198200 (room 0x1d),generic 0x1eaf40 (preset 0x2745),41.804,no,"another wall pokes into the space between them, so a tighter pair covers this gap",generic 0x1eaf40 (preset 0x2745)
wall of tile 198200 (room 0x1d),generic 0x1eaf40 (preset 0x2745),41.788,no,"the line between them leaves the walkable area (a wall's thickness, or another floor)",
wall of tile 198200 (room 0x1d),generic 0x1eaf40 (preset 0x2745),41.788,no,"the line between them leaves the walkable area (a wall's thickness, or another floor)",
wall of tile 198200 (room 0x1d),generic 0x1eaf40 (preset 0x2745),41.807,no,"another wall pokes into the space between them, so a tighter pair covers this gap",generic 0x1eaf40 (preset 0x2745)
wall of tile 279200 (room 0x1d),wall of tile 31B600 (room 0x10),15.403,no,"the line between them leaves the walkable area (a wall's thickness, or another floor)",
wall of tile 279200 (room 0x1d),door 0x1eb7b0 (preset 0x0026),6.571,no,"another wall pokes into the space between them, so a tighter pair covers this gap",wall of tile 27EE02 (room 0x1d)
wall of tile 279200 (room 0x1d),door 0x1eb7b0 (preset 0x0026),6.571,no,"the line between them leaves the walkable area (a wall's thickness, or another floor)",
wall of tile 279200 (room 0x1d),door 0x1eb7b0 (preset 0x0026),6.603,no,"the line between them leaves the walkable area (a wall's thickness, or another floor)",
wall of tile 279200 (room 0x1d),door 0x1eb7b0 (preset 0x0026),13.398,no,the line between them touches another wall,door 0x1eb7b0 (preset 0x0026)
wall of tile 279100 (room 0x1d),generic 0x1eaf40 (preset 0x2745),42.705,no,"the line between them leaves the walkable area (a wall's thickness, or another floor)",
wall of tile 279100 (room 0x1d),generic 0x1eaf40 (preset 0x2745),42.705,no,"the line between them leaves the walkable area (a wall's thickness, or another floor)",
wall of tile 31B600 (room 0x10),door 0x1eb7b0 (preset 0x0026),8.832,no,"the line between them leaves the walkable area (a wall's thickness, or another floor)",
wall of tile 31B600 (room 0x10),door 0x1eb7b0 (preset 0x0026),8.800,no,"the line between them leaves the walkable area (a wall's thickness, or another floor)",
wall of tile 31B600 (room 0x10),door 0x1eb7b0 (preset 0x0026),2.005,no,"another wall pokes into the space between them, so a tighter pair covers this gap",wall of tile 281802 (room 0x10)
wall of tile 31B600 (room 0x10),door 0x1eb7b0 (preset 0x0026),2.005,no,"another wall pokes into the space between them, so a tighter pair covers this gap",wall of tile 281802 (room 0x10)
wall of tile 096D00 (room 0x09),wall of tile 27E600 (room 0x1c),8.802,no,"the line between them leaves the walkable area (a wall's thickness, or another floor)",
wall of tile 096D00 (room 0x09),wall of tile 27E600 (room 0x1c),8.802,no,"the line between them leaves the walkable area (a wall's thickness, or another floor)",
wall of tile 097900 (room 0x09),wall of tile 282401 (room 0x09),24.205,no,the line between them touches another wall,wall of tile 31CD00 (room 0x09)
wall of tile 097900 (room 0x09),wall of tile 27E501 (room 0x1c),25.089,no,"the line between them leaves the walkable area (a wall's thickness, or another floor)",
wall of tile 097900 (room 0x09),wall of tile 27E600 (room 0x1c),15.403,no,"the line between them leaves the walkable area (a wall's thickness, or another floor)",
wall of tile 097900 (room 0x09),wall of tile 27E600 (room 0x1c),15.403,no,"the line between them leaves the walkable area (a wall's thickness, or another floor)",
wall of tile 097900 (room 0x09),door 0x1ebab0 (preset 0x0029),24.191,no,"another wall pokes into the space between them, so a tighter pair covers this gap",wall of tile 31CD00 (room 0x09)
wall of tile 097900 (room 0x09),door 0x1ebab0 (preset 0x0029),24.191,no,"another wall pokes into the space between them, so a tighter pair covers this gap",wall of tile 31CD00 (room 0x09)
wall of tile 097900 (room 0x09),door 0x1ebab0 (preset 0x0029),24.191,no,"another wall pokes into the space between them, so a tighter pair covers this gap",wall of tile 31CD00 (room 0x09)
wall of tile 097900 (room 0x09),door 0x1ebab0 (preset 0x0029),25.140,no,"the line between them leaves the walkable area (a wall's thickness, or another floor)",
wall of tile 31CD00 (room 0x09),wall of tile 27E501 (room 0x1c),6.601,no,the line between them touches another wall,wall of tile 282401 (room 0x09)
wall of tile 31CD00 (room 0x09),wall of tile 27E600 (room 0x1c),15.403,no,"the line between them leaves the walkable area (a wall's thickness, or another floor)",
wall of tile 31CD00 (room 0x09),door 0x1ebab0 (preset 0x0029),0.032,no,the line between them touches another wall,door 0x1ebab0 (preset 0x0029)
wall of tile 31CD00 (room 0x09),door 0x1ebab0 (preset 0x0029),0.000,no,"another wall pokes into the space between them, so a tighter pair covers this gap",door 0x1ebab0 (preset 0x0029)
wall of tile 31CD00 (room 0x09),door 0x1ebab0 (preset 0x0029),6.795,no,the line between them touches another wall,door 0x1ebab0 (preset 0x0029)
wall of tile 282401 (room 0x09),wall of tile 27E600 (room 0x1c),8.802,no,the line between them touches another wall,wall of tile 27E501 (room 0x1c)
wall of tile 282401 (room 0x09),door 0x1ebab0 (preset 0x0029),0.032,no,the line between them touches another wall,door 0x1ebab0 (preset 0x0029)
wall of tile 282401 (room 0x09),door 0x1ebab0 (preset 0x0029),0.014,no,the line between them touches another wall,door 0x1ebab0 (preset 0x0029)
wall of tile 282401 (room 0x09),door 0x1ebab0 (preset 0x0029),0.000,no,"the line between them leaves the walkable area (a wall's thickness, or another floor)",
wall of tile 282401 (room 0x09),door 0x1ebab0 (preset 0x0029),0.193,no,the line between them touches another wall,door 0x1ebab0 (preset 0x0029)
wall of tile 282402 (room 0x09),wall of tile 27E700 (room 0x1c),8.802,no,the line between them touches another wall,wall of tile 27E502 (room 0x1c)
wall of tile 282402 (room 0x09),wall of tile 097100 (room 0x09),24.205,no,the line between them touches another wall,wall of tile 31CC00 (room 0x09)
wall of tile 282402 (room 0x09),door 0x1ebab0 (preset 0x0029),0.194,no,"another wall pokes into the space between them, so a tighter pair covers this gap",door 0x1ebab0 (preset 0x0029)
wall of tile 282402 (room 0x09),door 0x1ebab0 (preset 0x0029),0.031,no,"the line between them leaves the walkable area (a wall's thickness, or another floor)",
wall of tile 282402 (room 0x09),door 0x1ebab0 (preset 0x0029),0.013,no,"the line between them leaves the walkable area (a wall's thickness, or another floor)",
wall of tile 27E501 (room 0x1c),door 0x1ebab0 (preset 0x0029),6.633,no,"the line between them leaves the walkable area (a wall's thickness, or another floor)",
wall of tile 27E501 (room 0x1c),door 0x1ebab0 (preset 0x0029),6.602,no,"the line between them leaves the walkable area (a wall's thickness, or another floor)",
wall of tile 27E501 (room 0x1c),door 0x1ebab0 (preset 0x0029),0.000,no,"another wall pokes into the space between them, so a tighter pair covers this gap",door 0x1ebab0 (preset 0x0029)
wall of tile 27E502 (room 0x1c),wall of tile 31CC00 (room 0x09),6.601,no,the line between them touches another wall,wall of tile 282402 (room 0x09)
wall of tile 27E502 (room 0x1c),wall of tile 097100 (room 0x09),25.089,no,"the line between them leaves the walkable area (a wall's thickness, or another floor)",
wall of tile 27E502 (room 0x1c),door 0x1ebab0 (preset 0x0029),6.795,no,the line between them touches another wall,door 0x1ebab0 (preset 0x0029)
wall of tile 27E502 (room 0x1c),door 0x1ebab0 (preset 0x0029),0.013,no,"the line between them leaves the walkable area (a wall's thickness, or another floor)",
wall of tile 27E502 (room 0x1c),door 0x1ebab0 (preset 0x0029),0.013,no,"the line between them leaves the walkable area (a wall's thickness, or another floor)",
wall of tile 27E600 (room 0x1c),wall of tile 096800 (room 0x09),17.603,no,"the line between them leaves the walkable area (a wall's thickness, or another floor)",
wall of tile 27E600 (room 0x1c),wall of tile 096B00 (room 0x09),8.802,no,"the line between them leaves the walkable area (a wall's thickness, or another floor)",
wall of tile 27E600 (room 0x1c),door 0x1ebab0 (preset 0x0029),15.435,no,"the line between them leaves the walkable area (a wall's thickness, or another floor)",
wall of tile 27E600 (room 0x1c),door 0x1ebab0 (preset 0x0029),15.403,no,"the line between them leaves the walkable area (a wall's thickness, or another floor)",
wall of tile 27E600 (room 0x1c),door 0x1ebab0 (preset 0x0029),8.608,no,"another wall pokes into the space between them, so a tighter pair covers this gap",wall of tile 27E501 (room 0x1c)
wall of tile 27E600 (room 0x1c),door 0x1ebab0 (preset 0x0029),8.608,no,"another wall pokes into the space between them, so a tighter pair covers this gap",wall of tile 27E501 (room 0x1c)
wall of tile 23A902 (room 0x1c),wall of tile 095800 (room 0x09),8.802,no,"the line between them leaves the walkable area (a wall's thickness, or another floor)",
wall of tile 23A902 (room 0x1c),wall of tile 096400 (room 0x09),17.603,no,"the line between them leaves the walkable area (a wall's thickness, or another floor)",
wall of tile 23A902 (room 0x1c),wall of tile 096600 (room 0x09),17.603,no,"the line between them leaves the walkable area (a wall's thickness, or another floor)",
wall of tile 23A902 (room 0x1c),wall of tile 096800 (room 0x09),17.603,no,"the line between them leaves the walkable area (a wall's thickness, or another floor)",
wall of tile 23A902 (room 0x1c),wall of tile 096B00 (room 0x09),8.802,no,"the line between them leaves the walkable area (a wall's thickness, or another floor)",
wall of tile 27E700 (room 0x1c),wall of tile 31CC00 (room 0x09),15.403,no,"the line between them leaves the walkable area (a wall's thickness, or another floor)",
wall of tile 27E700 (room 0x1c),wall of tile 097100 (room 0x09),15.403,no,"the line between them leaves the walkable area (a wall's thickness, or another floor)",
wall of tile 27E700 (room 0x1c),wall of tile 094500 (room 0x09),15.403,no,"the line between them leaves the walkable area (a wall's thickness, or another floor)",
wall of tile 27E700 (room 0x1c),wall of tile 095100 (room 0x09),15.403,no,"the line between them leaves the walkable area (a wall's thickness, or another floor)",
wall of tile 27E700 (room 0x1c),wall of tile 095A00 (room 0x09),8.802,no,"the line between them leaves the walkable area (a wall's thickness, or another floor)",
wall of tile 27E700 (room 0x1c),door 0x1ebab0 (preset 0x0029),15.597,no,the line between them touches another wall,door 0x1ebab0 (preset 0x0029)
wall of tile 27E700 (room 0x1c),door 0x1ebab0 (preset 0x0029),8.770,no,"another wall pokes into the space between them, so a tighter pair covers this gap",wall of tile 27E502 (room 0x1c)
wall of tile 27E700 (room 0x1c),door 0x1ebab0 (preset 0x0029),8.770,no,"the line between them leaves the walkable area (a wall's thickness, or another floor)",
wall of tile 27E700 (room 0x1c),door 0x1ebab0 (preset 0x0029),8.802,no,"the line between them leaves the walkable area (a wall's thickness, or another floor)",
wall of tile 27E700 (room 0x1c),wall of tile 095100 (room 0x09),15.403,no,"the line between them leaves the walkable area (a wall's thickness, or another floor)",
wall of tile 27E700 (room 0x1c),wall of tile 095A00 (room 0x09),8.802,no,"the line between them leaves the walkable area (a wall's thickness, or another floor)",
wall of tile 27E700 (room 0x1c),wall of tile 095800 (room 0x09),8.802,no,"the line between them leaves the walkable area (a wall's thickness, or another floor)",
wall of tile 27E700 (room 0x1c),wall of tile 096400 (room 0x09),17.603,no,"the line between them leaves the walkable area (a wall's thickness, or another floor)",
wall of tile 27E700 (room 0x1c),generic 0x1ea34c (preset 0x2789),59.411,yes,,
wall of tile 27E700 (room 0x1c),generic 0x1ea34c (preset 0x2789),59.411,yes,,
wall of tile 27E700 (room 0x1c),generic 0x1ea34c (preset 0x2789),59.411,yes,,
wall of tile 31CC00 (room 0x09),door 0x1ebab0 (preset 0x0029),0.194,no,"another wall pokes into the space between them, so a tighter pair covers this gap",door 0x1ebab0 (preset 0x0029)
wall of tile 31CC00 (room 0x09),door 0x1ebab0 (preset 0x0029),6.633,no,"the line between them leaves the walkable area (a wall's thickness, or another floor)",
wall of tile 31CC00 (room 0x09),door 0x1ebab0 (preset 0x0029),6.601,no,"the line between them leaves the walkable area (a wall's thickness, or another floor)",
wall of tile 31CC00 (room 0x09),door 0x1ebab0 (preset 0x0029),0.001,no,"another wall pokes into the space between them, so a tighter pair covers this gap",wall of tile 282402 (room 0x09)
wall of tile 097100 (room 0x09),door 0x1ebab0 (preset 0x0029),24.206,no,"another wall pokes into the space between them, so a tighter pair covers this gap",wall of tile 31CC00 (room 0x09)
wall of tile 097100 (room 0x09),door 0x1ebab0 (preset 0x0029),25.085,no,"the line between them leaves the walkable area (a wall's thickness, or another floor)",
wall of tile 097100 (room 0x09),door 0x1ebab0 (preset 0x0029),25.076,no,"the line between them leaves the walkable area (a wall's thickness, or another floor)",
wall of tile 097100 (room 0x09),door 0x1ebab0 (preset 0x0029),24.205,no,"the line between them leaves the walkable area (a wall's thickness, or another floor)",
wall of tile 091000 (room 0x09),wall of tile 27EC00 (room 0x1b),6.601,no,"the line between them leaves the walkable area (a wall's thickness, or another floor)",
wall of tile 091000 (room 0x09),wall of tile 27EC00 (room 0x1b),6.601,no,"the line between them leaves the walkable area (a wall's thickness, or another floor)",
wall of tile 091000 (room 0x09),generic 0x1ea780 (preset 0x0024),45.297,no,"the line between them leaves the walkable area (a wall's thickness, or another floor)",
wall of tile 091000 (room 0x09),generic 0x1ea780 (preset 0x0024),45.300,no,"the line between them leaves the walkable area (a wall's thickness, or another floor)",
wall of tile 091000 (room 0x09),generic 0x1ea780 (preset 0x0024),45.128,no,"the line between them leaves the walkable area (a wall's thickness, or another floor)",
wall of tile 091000 (room 0x09),generic 0x1ea780 (preset 0x0024),45.128,no,"the line between them leaves the walkable area (a wall's thickness, or another floor)",
wall of tile 091000 (room 0x09),generic 0x1ea800 (preset 0x0025),43.097,no,"the line between them leaves the walkable area (a wall's thickness, or another floor)",
wall of tile 091000 (room 0x09),generic 0x1ea800 (preset 0x0025),43.100,no,"the line between them leaves the walkable area (a wall's thickness, or another floor)",
wall of tile 091000 (room 0x09),generic 0x1ea800 (preset 0x0025),42.928,no,"the line between them leaves the walkable area (a wall's thickness, or another floor)",
wall of tile 091000 (room 0x09),generic 0x1ea800 (preset 0x0025),42.928,no,"the line between them leaves the walkable area (a wall's thickness, or another floor)",
wall of tile 091000 (room 0x09),generic 0x1ea880 (preset 0x0026),45.128,no,"the line between them leaves the walkable area (a wall's thickness, or another floor)",
wall of tile 091000 (room 0x09),generic 0x1ea880 (preset 0x0026),45.128,no,"the line between them leaves the walkable area (a wall's thickness, or another floor)",
wall of tile 091200 (room 0x09),wall of tile 27EC00 (room 0x1b),6.601,no,"the line between them leaves the walkable area (a wall's thickness, or another floor)",
wall of tile 091200 (room 0x09),wall of tile 243B02 (room 0x1b),6.601,no,"the line between them leaves the walkable area (a wall's thickness, or another floor)",
wall of tile 091200 (room 0x09),generic 0x1ea800 (preset 0x0025),51.138,no,"the line between them leaves the walkable area (a wall's thickness, or another floor)",
wall of tile 091200 (room 0x09),generic 0x1ea800 (preset 0x0025),51.140,no,"the line between them leaves the walkable area (a wall's thickness, or another floor)",
wall of tile 091200 (room 0x09),generic 0x1ea800 (preset 0x0025),51.138,no,"the line between them leaves the walkable area (a wall's thickness, or another floor)",
wall of tile 091200 (room 0x09),generic 0x1ea880 (preset 0x0026),45.297,no,"the line between them leaves the walkable area (a wall's thickness, or another floor)",
wall of tile 091200 (room 0x09),generic 0x1ea880 (preset 0x0026),45.300,no,"the line between them leaves the walkable area (a wall's thickness, or another floor)",
wall of tile 091200 (room 0x09),generic 0x1ea880 (preset 0x0026),46.161,no,"the line between them leaves the walkable area (a wall's thickness, or another floor)",
wall of tile 091200 (room 0x09),generic 0x1ea880 (preset 0x0026),45.154,no,"the line between them leaves the walkable area (a wall's thickness, or another floor)",
wall of tile 091400 (room 0x09),wall of tile 27EC00 (room 0x1b),17.603,no,"the line between them leaves the walkable area (a wall's thickness, or another floor)",
wall of tile 091400 (room 0x09),wall of tile 243B02 (room 0x1b),17.603,no,"the line between them leaves the walkable area (a wall's thickness, or another floor)",
wall of tile 091600 (room 0x09),wall of tile 243B02 (room 0x1b),17.603,no,"the line between them leaves the walkable area (a wall's thickness, or another floor)",
wall of tile 091800 (room 0x09),wall of tile 243B02 (room 0x1b),17.603,no,"the line between them leaves the walkable area (a wall's thickness, or another floor)",
wall of tile 091800 (room 0x09),wall of tile 27EB00 (room 0x1b),17.603,no,"the line between them leaves the walkable area (a wall's thickness, or another floor)",
wall of tile 091A00 (room 0x09),wall of tile 243B02 (room 0x1b),8.802,no,"the line between them leaves the walkable area (a wall's thickness, or another floor)",
wall of tile 091A00 (room 0x09),wall of tile 27EB00 (room 0x1b),8.802,no,"the line between them leaves the walkable area (a wall's thickness, or another floor)",
wall of tile 091D00 (room 0x09),wall of tile 27EB00 (room 0x1b),8.802,no,"the line between them leaves the walkable area (a wall's thickness, or another floor)",
wall of tile 091D00 (room 0x09),wall of tile 27EB00 (room 0x1b),8.802,no,"the line between them leaves the walkable area (a wall's thickness, or another floor)",
wall of tile 090D00 (room 0x09),wall of tile 27EC00 (room 0x1b),15.403,no,"the line between them leaves the walkable area (a wall's thickness, or another floor)",
wall of tile 090D00 (room 0x09),wall of tile 27EC00 (room 0x1b),15.403,no,"the line between them leaves the walkable area (a wall's thickness, or another floor)",
wall of tile 090D00 (room 0x09),generic 0x1ea600 (preset 0x278c),39.598,no,"the line between them leaves the walkable area (a wall's thickness, or another floor)",
wall of tile 090D00 (room 0x09),generic 0x1ea600 (preset 0x278c),39.598,no,"the line between them leaves the walkable area (a wall's thickness, or another floor)",
wall of tile 090D00 (room 0x09),generic 0x1ea600 (preset 0x278c),39.598,no,"the line between them leaves the walkable area (a wall's thickness, or another floor)",
wall of tile 090900 (room 0x09),wall of tile 282001 (room 0x09),24.205,no,the line between them touches another wall,wall of tile 31CF00 (room 0x09)
wall of tile 090900 (room 0x09),wall of tile 27EA01 (room 0x1b),25.089,no,"the line between them leaves the walkable area (a wall's thickness, or another floor)",
wall of tile 090900 (room 0x09),wall of tile 27EC00 (room 0x1b),15.403,no,"the line between them leaves the walkable area (a wall's thickness, or another floor)",
wall of tile 090900 (room 0x09),generic 0x1ea600 (preset 0x278c),41.135,no,"the line between them leaves the walkable area (a wall's thickness, or another floor)",
wall of tile 090900 (room 0x09),generic 0x1ea600 (preset 0x278c),40.072,no,"the line between them leaves the walkable area (a wall's thickness, or another floor)",
wall of tile 090900 (room 0x09),door 0x1eb9b0 (preset 0x0028),25.140,no,"the line between them leaves the walkable area (a wall's thickness, or another floor)",
wall of tile 090900 (room 0x09),door 0x1eb9b0 (preset 0x0028),24.293,no,"the line between them leaves the walkable area (a wall's thickness, or another floor)",
wall of tile 090900 (room 0x09),door 0x1eb9b0 (preset 0x0028),24.293,no,"the line between them leaves the walkable area (a wall's thickness, or another floor)",
wall of tile 090900 (room 0x09),door 0x1eb9b0 (preset 0x0028),24.296,no,"the line between them leaves the walkable area (a wall's thickness, or another floor)",
wall of tile 31CF00 (room 0x09),wall of tile 27EA01 (room 0x1b),6.601,no,the line between them touches another wall,wall of tile 282001 (room 0x09)
wall of tile 31CF00 (room 0x09),wall of tile 27EC00 (room 0x1b),15.403,no,"the line between them leaves the walkable area (a wall's thickness, or another floor)",
wall of tile 31CF00 (room 0x09),door 0x1eb9b0 (preset 0x0028),6.795,no,the line between them touches another wall,door 0x1eb9b0 (preset 0x0028)
wall of tile 31CF00 (room 0x09),door 0x1eb9b0 (preset 0x0028),2.170,no,"another wall pokes into the space between them, so a tighter pair covers this gap",wall of tile 282001 (room 0x09)
wall of tile 31CF00 (room 0x09),door 0x1eb9b0 (preset 0x0028),2.170,no,"the line between them leaves the walkable area (a wall's thickness, or another floor)",
wall of tile 31CF00 (room 0x09),door 0x1eb9b0 (preset 0x0028),2.201,no,"the line between them leaves the walkable area (a wall's thickness, or another floor)",
wall of tile 282001 (room 0x09),wall of tile 27EC00 (room 0x1b),8.802,no,the line between them touches another wall,wall of tile 27EA01 (room 0x1b)
wall of tile 282001 (room 0x09),door 0x1eb9b0 (preset 0x0028),0.193,no,the line between them touches another wall,door 0x1eb9b0 (preset 0x0028)
wall of tile 282001 (room 0x09),door 0x1eb9b0 (preset 0x0028),0.009,no,"the line between them leaves the walkable area (a wall's thickness, or another floor)",
wall of tile 282001 (room 0x09),door 0x1eb9b0 (preset 0x0028),0.000,no,"the line between them leaves the walkable area (a wall's thickness, or another floor)",
wall of tile 282002 (room 0x09),wall of tile 27EB00 (room 0x1b),8.802,no,the line between them touches another wall,wall of tile 27EA02 (room 0x1b)
wall of tile 282002 (room 0x09),wall of tile 091B00 (room 0x09),24.205,no,the line between them touches another wall,wall of tile 31CE00 (room 0x09)
wall of tile 282002 (room 0x09),door 0x1eb9b0 (preset 0x0028),0.031,no,"the line between them leaves the walkable area (a wall's thickness, or another floor)",
wall of tile 282002 (room 0x09),door 0x1eb9b0 (preset 0x0028),0.008,no,"the line between them leaves the walkable area (a wall's thickness, or another floor)",
wall of tile 282002 (room 0x09),door 0x1eb9b0 (preset 0x0028),0.001,no,"another wall pokes into the space between them, so a tighter pair covers this gap",door 0x1eb9b0 (preset 0x0028)
wall of tile 27EA01 (room 0x1b),door 0x1eb9b0 (preset 0x0028),4.432,no,"the line between them leaves the walkable area (a wall's thickness, or another floor)",
wall of tile 27EA01 (room 0x1b),door 0x1eb9b0 (preset 0x0028),4.400,no,"the line between them leaves the walkable area (a wall's thickness, or another floor)",
wall of tile 27EA01 (room 0x1b),door 0x1eb9b0 (preset 0x0028),0.000,no,"the line between them leaves the walkable area (a wall's thickness, or another floor)",
wall of tile 27EA02 (room 0x1b),wall of tile 31CE00 (room 0x09),6.601,no,the line between them touches another wall,wall of tile 282002 (room 0x09)
wall of tile 27EA02 (room 0x1b),wall of tile 091B00 (room 0x09),25.089,no,"the line between them leaves the walkable area (a wall's thickness, or another floor)",
wall of tile 27EA02 (room 0x1b),door 0x1eb9b0 (preset 0x0028),0.008,no,"the line between them leaves the walkable area (a wall's thickness, or another floor)",
wall of tile 27EA02 (room 0x1b),door 0x1eb9b0 (preset 0x0028),0.008,no,"the line between them leaves the walkable area (a wall's thickness, or another floor)",
wall of tile 27EA02 (room 0x1b),door 0x1eb9b0 (preset 0x0028),4.594,no,the line between them touches another wall,door 0x1eb9b0 (preset 0x0028)
wall of tile 27EC00 (room 0x1b),generic 0x1ea780 (preset 0x0024),38.696,no,"another wall pokes into the space between them, so a tighter pair covers this gap",generic 0x1ea780 (preset 0x0024)
wall of tile 27EC00 (room 0x1b),generic 0x1ea780 (preset 0x0024),38.699,no,the line between them touches another wall,generic 0x1ea780 (preset 0x0024)
wall of tile 27EC00 (room 0x1b),generic 0x1ea780 (preset 0x0024),38.527,yes,,
wall of tile 27EC00 (room 0x1b),generic 0x1ea780 (preset 0x0024),38.527,yes,,
wall of tile 27EC00 (room 0x1b),generic 0x1ea800 (preset 0x0025),36.495,no,"another wall pokes into the space between them, so a tighter pair covers this gap",generic 0x1ea800 (preset 0x0025)
wall of tile 27EC00 (room 0x1b),generic 0x1ea800 (preset 0x0025),36.498,no,the line between them touches another wall,generic 0x1ea800 (preset 0x0025)
wall of tile 27EC00 (room 0x1b),generic 0x1ea800 (preset 0x0025),36.326,yes,,
wall of tile 27EC00 (room 0x1b),generic 0x1ea800 (preset 0x0025),36.326,yes,,
wall of tile 27EC00 (room 0x1b),generic 0x1ea880 (preset 0x0026),38.696,no,"another wall pokes into the space between them, so a tighter pair covers this gap",generic 0x1ea880 (preset 0x0026)
wall of tile 27EC00 (room 0x1b),generic 0x1ea880 (preset 0x0026),38.699,no,the line between them touches another wall,generic 0x1ea880 (preset 0x0026)
wall of tile 27EC00 (room 0x1b),generic 0x1ea880 (preset 0x0026),38.527,yes,,
wall of tile 27EC00 (room 0x1b),generic 0x1ea880 (preset 0x0026),38.527,yes,,
wall of tile 27EC00 (room 0x1b),generic 0x1ea600 (preset 0x278c),25.732,no,"another wall pokes into the space between them, so a tighter pair covers this gap",generic 0x1ea600 (preset 0x278c)
wall of tile 27EC00 (room 0x1b),generic 0x1ea600 (preset 0x278c),24.195,yes,,
wall of tile 27EC00 (room 0x1b),generic 0x1ea600 (preset 0x278c),24.195,yes,,
wall of tile 27EC00 (room 0x1b),generic 0x1ea600 (preset 0x278c),24.195,yes,,
wall of tile 27EC00 (room 0x1b),generic 0x1ea780 (preset 0x0024),49.531,yes,,
wall of tile 27EC00 (room 0x1b),generic 0x1ea780 (preset 0x0024),49.531,yes,,
wall of tile 27EC00 (room 0x1b),generic 0x1ea780 (preset 0x0024),49.531,yes,,
wall of tile 27EC00 (room 0x1b),generic 0x1ea780 (preset 0x0024),49.701,no,"another wall pokes into the space between them, so a tighter pair covers this gap",generic 0x1ea780 (preset 0x0024)
wall of tile 27EC00 (room 0x1b),door 0x1eb9b0 (preset 0x0028),8.608,no,"the line between them leaves the walkable area (a wall's thickness, or another floor)",
wall of tile 27EC00 (room 0x1b),door 0x1eb9b0 (preset 0x0028),13.233,no,"the line between them leaves the walkable area (a wall's thickness, or another floor)",
wall of tile 27EC00 (room 0x1b),door 0x1eb9b0 (preset 0x0028),13.202,no,"the line between them leaves the walkable area (a wall's thickness, or another floor)",
wall of tile 27EC00 (room 0x1b),door 0x1eb9b0 (preset 0x0028),8.608,no,"the line between them leaves the walkable area (a wall's thickness, or another floor)",
wall of tile 27EB00 (room 0x1b),wall of tile 31CE00 (room 0x09),15.403,no,"the line between them leaves the walkable area (a wall's thickness, or another floor)",
wall of tile 27EB00 (room 0x1b),wall of tile 091B00 (room 0x09),15.403,no,"the line between them leaves the walkable area (a wall's thickness, or another floor)",
wall of tile 27EB00 (room 0x1b),door 0x1eb9b0 (preset 0x0028),8.770,no,"another wall pokes into the space between them, so a tighter pair covers this gap",wall of tile 27EA02 (room 0x1b)
wall of tile 27EB00 (room 0x1b),door 0x1eb9b0 (preset 0x0028),8.770,no,"the line between them leaves the walkable area (a wall's thickness, or another floor)",
wall of tile 27EB00 (room 0x1b),door 0x1eb9b0 (preset 0x0028),8.802,no,"the line between them leaves the walkable area (a wall's thickness, or another floor)",
wall of tile 27EB00 (room 0x1b),door 0x1eb9b0 (preset 0x0028),13.395,no,the line between them touches another wall,door 0x1eb9b0 (preset 0x0028)
wall of tile 27EB00 (room 0x1b),wall of tile 091B00 (room 0x09),15.403,no,"the line between them leaves the walkable area (a wall's thickness, or another floor)",
wall of tile 31CE00 (room 0x09),door 0x1eb9b0 (preset 0x0028),6.633,no,"the line between them leaves the walkable area (a wall's thickness, or another floor)",
wall of tile 31CE00 (room 0x09),door 0x1eb9b0 (preset 0x0028),6.601,no,"the line between them leaves the walkable area (a wall's thickness, or another floor)",
wall of tile 31CE00 (room 0x09),door 0x1eb9b0 (preset 0x0028),2.008,no,"another wall pokes into the space between them, so a tighter pair covers this gap",wall of tile 282002 (room 0x09)
wall of tile 31CE00 (room 0x09),door 0x1eb9b0 (preset 0x0028),2.008,no,"another wall pokes into the space between them, so a tighter pair covers this gap",wall of tile 282002 (room 0x09)
wall of tile 091B00 (room 0x09),door 0x1eb9b0 (preset 0x0028),25.090,no,"the line between them leaves the walkable area (a wall's thickness, or another floor)",
wall of tile 091B00 (room 0x09),door 0x1eb9b0 (preset 0x0028),25.081,no,"the line between them leaves the walkable area (a wall's thickness, or another floor)",
wall of tile 091B00 (room 0x09),door 0x1eb9b0 (preset 0x0028),24.289,no,"the line between them leaves the walkable area (a wall's thickness, or another floor)",
wall of tile 091B00 (room 0x09),door 0x1eb9b0 (preset 0x0028),24.289,no,"the line between them leaves the walkable area (a wall's thickness, or another floor)",
wall of tile 048D00 (room 0x0c),glass 0x1ee954 (preset 0x2785),48.409,no,"the line between them leaves the walkable area (a wall's thickness, or another floor)",
wall of tile 048D00 (room 0x0c),glass 0x1ee9e8 (preset 0x2786),48.409,no,"the line between them leaves the walkable area (a wall's thickness, or another floor)",
wall of tile 048D00 (room 0x0c),glass 0x1eea7c (preset 0x2787),48.409,no,"the line between them leaves the walkable area (a wall's thickness, or another floor)",
wall of tile 048D00 (room 0x0c),glass 0x1eeb10 (preset 0x2788),48.409,no,"the line between them leaves the walkable area (a wall's thickness, or another floor)",
wall of tile 278C00 (room 0x0e),wall of tile 217700 (room 0x0e),29.471,no,"the line between them leaves the walkable area (a wall's thickness, or another floor)",
wall of tile 278C00 (room 0x0e),wall of tile 217800 (room 0x0e),54.732,no,"the line between them leaves the walkable area (a wall's thickness, or another floor)",
wall of tile 278E00 (room 0x0e),wall of tile 217B00 (room 0x0e),29.471,no,"the line between them leaves the walkable area (a wall's thickness, or another floor)",
wall of tile 278E00 (room 0x0e),wall of tile 217C00 (room 0x0e),54.732,no,"the line between them leaves the walkable area (a wall's thickness, or another floor)",
wall of tile 278F02 (room 0x0e),wall of tile 217800 (room 0x0e),26.405,no,the line between them touches another wall,wall of tile 217700 (room 0x0e)
wall of tile 278F02 (room 0x0e),wall of tile 217900 (room 0x0e),50.610,no,the line between them touches another wall,wall of tile 217700 (room 0x0e)
wall of tile 278F01 (room 0x0e),wall of tile 217C00 (room 0x0e),26.405,no,the line between them touches another wall,wall of tile 217B00 (room 0x0e)
wall of tile 278F01 (room 0x0e),wall of tile 217D00 (room 0x0e),50.610,no,the line between them touches another wall,wall of tile 217C00 (room 0x0e)
wall of tile 217700 (room 0x0e),wall of tile 217900 (room 0x0e),24.205,no,the line between them touches another wall,wall of tile 217800 (room 0x0e)
wall of tile 217700 (room 0x0e),wall of tile 217A00 (room 0x0e),50.610,no,the line between them touches another wall,wall of tile 217900 (room 0x0e)
wall of tile 217B00 (room 0x0e),wall of tile 217D00 (room 0x0e),24.205,no,the line between them touches another wall,wall of tile 217C00 (room 0x0e)
wall of tile 217B00 (room 0x0e),wall of tile 217E00 (room 0x0e),50.610,no,the line between them touches another wall,wall of tile 217D00 (room 0x0e)
wall of tile 217800 (room 0x0e),wall of tile 217A00 (room 0x0e),26.405,no,the line between them touches another wall,wall of tile 217900 (room 0x0e)
wall of tile 217800 (room 0x0e),wall of tile 214702 (room 0x0e),50.610,no,the line between them touches another wall,wall of tile 217A00 (room 0x0e)
wall of tile 217C00 (room 0x0e),wall of tile 217E00 (room 0x0e),26.405,no,the line between them touches another wall,wall of tile 217D00 (room 0x0e)
wall of tile 217C00 (room 0x0e),wall of tile 214702 (room 0x0e),50.610,no,the line between them touches another wall,wall of tile 217E00 (room 0x0e)
wall of tile 217900 (room 0x0e),wall of tile 214702 (room 0x0e),24.205,no,the line between them touches another wall,wall of tile 217A00 (room 0x0e)
wall of tile 217D00 (room 0x0e),wall of tile 214702 (room 0x0e),24.205,no,the line between them touches another wall,wall of tile 217E00 (room 0x0e)
wall of tile 214702 (room 0x0e),wall of tile 31DA00 (room 0x0e),33.006,no,"another wall pokes into the space between them, so a tighter pair covers this gap",wall of tile 214702 (room 0x0e)
wall of tile 214702 (room 0x0e),wall of tile 31D300 (room 0x0e),33.006,no,"another wall pokes into the space between them, so a tighter pair covers this gap",wall of tile 214701 (room 0x0e)
wall of tile 1DDC01 (room 0x0f),wall of tile 1DC801 (room 0x0f),53.041,no,"the line between them leaves the walkable area (a wall's thickness, or another floor)",
wall of tile 1DDF02 (room 0x0f),wall of tile 1DC801 (room 0x0f),53.041,no,the far wall faces the other way (it belongs to floor which isn't linked here),
wall of tile 1DDF01 (room 0x0f),wall of tile 1DC801 (room 0x0f),41.808,no,the far wall faces the other way (it belongs to floor which isn't linked here),
wall of tile 1DDF01 (room 0x0f),wall of tile 1DC701 (room 0x0f),41.808,no,the far wall faces the other way (it belongs to floor which isn't linked here),
wall of tile 1DDC02 (room 0x0f),wall of tile 1DC801 (room 0x0f),57.211,no,"the line between them leaves the walkable area (a wall's thickness, or another floor)",
wall of tile 1DC802 (room 0x0f),wall of tile 1DC801 (room 0x0f),53.041,yes,,
wall of tile 03D100 (room 0x0f),wall of tile 1DC801 (room 0x0f),57.211,no,"another wall pokes into the space between them, so a tighter pair covers this gap",wall of tile 1DDC01 (room 0x0f)
wall of tile 1DC801 (room 0x0f),door 0x1ec4b0 (preset 0x0006),53.267,no,"the line between them leaves the walkable area (a wall's thickness, or another floor)",
wall of tile 1DC801 (room 0x0f),door 0x1ec4b0 (preset 0x0006),53.267,no,"the line between them leaves the walkable area (a wall's thickness, or another floor)",
wall of tile 1DC801 (room 0x0f),door 0x1ec4b0 (preset 0x0006),53.267,no,"the line between them leaves the walkable area (a wall's thickness, or another floor)",
wall of tile 1DC801 (room 0x0f),door 0x1ec4b0 (preset 0x0006),53.267,no,"the line between them leaves the walkable area (a wall's thickness, or another floor)",
wall of tile 1DC801 (room 0x0f),door 0x1ec4b0 (preset 0x0006),53.267,no,"the line between them leaves the walkable area (a wall's thickness, or another floor)",
wall of tile 1DC801 (room 0x0f),door 0x1ec4b0 (preset 0x0006),53.267,no,"the line between them leaves the walkable area (a wall's thickness, or another floor)",
wall of tile 066D00 (room 0x08),wall of tile 27FC00 (room 0x1a),15.730,no,"the line between them leaves the walkable area (a wall's thickness, or another floor)",
wall of tile 066D00 (room 0x08),wall of tile 24CD02 (room 0x1a),15.700,no,"the line between them leaves the walkable area (a wall's thickness, or another floor)",
wall of tile 066D00 (room 0x08),wall of tile 27FD00 (room 0x1a),15.700,no,"the line between them leaves the walkable area (a wall's thickness, or another floor)",
wall of tile 066400 (room 0x08),wall of tile 27FC00 (room 0x1a),6.952,no,"the line between them leaves the walkable area (a wall's thickness, or another floor)",
wall of tile 066400 (room 0x08),wall of tile 27FC00 (room 0x1a),9.068,no,"the line between them leaves the walkable area (a wall's thickness, or another floor)",
wall of tile 066400 (room 0x08),wall of tile 24CD02 (room 0x1a),6.952,no,"the line between them leaves the walkable area (a wall's thickness, or another floor)",
wall of tile 064100 (room 0x08),wall of tile 281101 (room 0x08),25.089,no,the line between them touches another wall,wall of tile 31B300 (room 0x08)
wall of tile 064100 (room 0x08),wall of tile 27FB01 (room 0x1a),26.860,no,"the line between them leaves the walkable area (a wall's thickness, or another floor)",
wall of tile 064100 (room 0x08),wall of tile 27FC00 (room 0x1a),15.713,no,"the line between them leaves the walkable area (a wall's thickness, or another floor)",
wall of tile 064100 (room 0x08),wall of tile 27FC00 (room 0x1a),15.706,no,"the line between them leaves the walkable area (a wall's thickness, or another floor)",
wall of tile 064100 (room 0x08),door 0x1ebbb0 (preset 0x002a),25.415,no,"the line between them leaves the walkable area (a wall's thickness, or another floor)",
wall of tile 064100 (room 0x08),door 0x1ebbb0 (preset 0x002a),25.418,no,"the line between them leaves the walkable area (a wall's thickness, or another floor)",
wall of tile 064100 (room 0x08),door 0x1ebbb0 (preset 0x002a),26.880,no,"the line between them leaves the walkable area (a wall's thickness, or another floor)",
wall of tile 064100 (room 0x08),door 0x1ebbb0 (preset 0x002a),25.415,no,"the line between them leaves the walkable area (a wall's thickness, or another floor)",
wall of tile 31B300 (room 0x08),wall of tile 27FB01 (room 0x1a),9.073,no,the line between them touches another wall,wall of tile 281101 (room 0x08)
wall of tile 31B300 (room 0x08),wall of tile 27FC00 (room 0x1a),15.706,no,"the line between them leaves the walkable area (a wall's thickness, or another floor)",
wall of tile 31B300 (room 0x08),door 0x1ebbb0 (preset 0x002a),1.484,no,"another wall pokes into the space between them, so a tighter pair covers this gap",wall of tile 281101 (room 0x08)
wall of tile 31B300 (room 0x08),door 0x1ebbb0 (preset 0x002a),1.545,no,"another wall pokes into the space between them, so a tighter pair covers this gap",wall of tile 281101 (room 0x08)
wall of tile 31B300 (room 0x08),door 0x1ebbb0 (preset 0x002a),9.135,no,"the line between them leaves the walkable area (a wall's thickness, or another floor)",
wall of tile 31B300 (room 0x08),door 0x1ebbb0 (preset 0x002a),1.484,no,"another wall pokes into the space between them, so a tighter pair covers this gap",wall of tile 281101 (room 0x08)
wall of tile 31B200 (room 0x08),wall of tile 27FB02 (room 0x1a),9.071,no,"the line between them leaves the walkable area (a wall's thickness, or another floor)",
wall of tile 31B200 (room 0x08),wall of tile 27FD00 (room 0x1a),18.141,no,"the line between them leaves the walkable area (a wall's thickness, or another floor)",
wall of tile 31B200 (room 0x08),door 0x1ebbb0 (preset 0x002a),9.731,no,the line between them touches another wall,door 0x1ebbb0 (preset 0x002a)
wall of tile 31B200 (room 0x08),door 0x1ebbb0 (preset 0x002a),9.676,no,"the line between them leaves the walkable area (a wall's thickness, or another floor)",
wall of tile 31B200 (room 0x08),door 0x1ebbb0 (preset 0x002a),2.061,no,"the line between them leaves the walkable area (a wall's thickness, or another floor)",
wall of tile 31B200 (room 0x08),door 0x1ebbb0 (preset 0x002a),2.054,no,"another wall pokes into the space between them, so a tighter pair covers this gap",wall of tile 281102 (room 0x08)
wall of tile 250A00 (room 0x08),wall of tile 281102 (room 0x08),25.083,no,"the line between them leaves the walkable area (a wall's thickness, or another floor)",
wall of tile 250A00 (room 0x08),wall of tile 27FB02 (room 0x1a),26.497,no,"the line between them leaves the walkable area (a wall's thickness, or another floor)",
wall of tile 250A00 (room 0x08),wall of tile 27FD00 (room 0x1a),16.353,no,"the line between them leaves the walkable area (a wall's thickness, or another floor)",
wall of tile 250A00 (room 0x08),wall of tile 27FD00 (room 0x1a),16.353,no,"the line between them leaves the walkable area (a wall's thickness, or another floor)",
wall of tile 250A00 (room 0x08),door 0x1ebbb0 (preset 0x002a),26.458,no,"the line between them leaves the walkable area (a wall's thickness, or another floor)",
wall of tile 250A00 (room 0x08),door 0x1ebbb0 (preset 0x002a),26.435,no,"the line between them leaves the walkable area (a wall's thickness, or another floor)",
wall of tile 250A00 (room 0x08),door 0x1ebbb0 (preset 0x002a),24.595,no,"the line between them leaves the walkable area (a wall's thickness, or another floor)",
wall of tile 250A00 (room 0x08),door 0x1ebbb0 (preset 0x002a),24.595,no,"the line between them leaves the walkable area (a wall's thickness, or another floor)",
wall of tile 063500 (room 0x08),wall of tile 24CD02 (room 0x1a),9.050,no,"the line between them leaves the walkable area (a wall's thickness, or another floor)",
wall of tile 063500 (room 0x08),wall of tile 27FD00 (room 0x1a),9.086,no,"the line between them leaves the walkable area (a wall's thickness, or another floor)",
wall of tile 063500 (room 0x08),wall of tile 27FD00 (room 0x1a),9.050,no,"the line between them leaves the walkable area (a wall's thickness, or another floor)",
wall of tile 104D00 (room 0x08),wall of tile 288D02 (room 0x08),0.579,no,"the line between them leaves the walkable area (a wall's thickness, or another floor)",
wall of tile 27D700 (room 0x08),wall of tile 288D02 (room 0x08),2.177,no,"the line between them leaves the walkable area (a wall's thickness, or another floor)",
wall of tile 27D700 (room 0x08),wall of tile 288D02 (room 0x08),2.177,no,"the line between them leaves the walkable area (a wall's thickness, or another floor)",
wall of tile 104500 (room 0x08),wall of tile 288D01 (room 0x08),2.200,no,the far wall faces the other way (it belongs to floor which isn't linked here),
wall of tile 112200 (room 0x07),wall of tile 27F800 (room 0x19),8.080,no,"the line between them leaves the walkable area (a wall's thickness, or another floor)",
wall of tile 112200 (room 0x07),wall of tile 27F800 (room 0x19),8.080,no,"the line between them leaves the walkable area (a wall's thickness, or another floor)",
wall of tile 112200 (room 0x07),wall of tile 256102 (room 0x19),9.060,no,"the line between them leaves the walkable area (a wall's thickness, or another floor)",
wall of tile 112400 (room 0x07),wall of tile 27F800 (room 0x19),15.733,no,"the line between them leaves the walkable area (a wall's thickness, or another floor)",
wall of tile 112400 (room 0x07),wall of tile 256102 (room 0x19),15.733,no,"the line between them leaves the walkable area (a wall's thickness, or another floor)",
wall of tile 112400 (room 0x07),wall of tile 27F900 (room 0x19),16.965,no,"the line between them leaves the walkable area (a wall's thickness, or another floor)",
wall of tile 112800 (room 0x07),wall of tile 256102 (room 0x19),8.079,no,"the line between them leaves the walkable area (a wall's thickness, or another floor)",
wall of tile 112800 (room 0x07),wall of tile 27F900 (room 0x19),7.478,no,"the line between them leaves the walkable area (a wall's thickness, or another floor)",
wall of tile 112800 (room 0x07),wall of tile 27F900 (room 0x19),7.478,no,"the line between them leaves the walkable area (a wall's thickness, or another floor)",
wall of tile 259E00 (room 0x07),wall of tile 280D02 (room 0x07),24.895,no,the line between them touches another wall,wall of tile 31B000 (room 0x07)
wall of tile 259E00 (room 0x07),wall of tile 27F702 (room 0x19),26.588,no,"the line between them leaves the walkable area (a wall's thickness, or another floor)",
wall of tile 259E00 (room 0x07),wall of tile 27F900 (room 0x19),17.251,no,"the line between them leaves the walkable area (a wall's thickness, or another floor)",
wall of tile 259E00 (room 0x07),wall of tile 27F900 (room 0x19),17.251,no,"the line between them leaves the walkable area (a wall's thickness, or another floor)",
wall of tile 259E00 (room 0x07),door 0x1ebcb0 (preset 0x002b),26.610,no,"the line between them leaves the walkable area (a wall's thickness, or another floor)",
wall of tile 259E00 (room 0x07),door 0x1ebcb0 (preset 0x002b),24.960,no,"the line between them leaves the walkable area (a wall's thickness, or another floor)",
wall of tile 259E00 (room 0x07),door 0x1ebcb0 (preset 0x002b),24.952,no,"the line between them leaves the walkable area (a wall's thickness, or another floor)",
wall of tile 259E00 (room 0x07),door 0x1ebcb0 (preset 0x002b),24.952,no,"the line between them leaves the walkable area (a wall's thickness, or another floor)",
wall of tile 31B000 (room 0x07),wall of tile 27F702 (room 0x19),9.336,no,the line between them touches another wall,wall of tile 280D02 (room 0x07)
wall of tile 31B000 (room 0x07),wall of tile 27F900 (room 0x19),18.671,no,the line between them touches another wall,wall of tile 27F702 (room 0x19)
wall of tile 31B000 (room 0x07),door 0x1ebcb0 (preset 0x002b),9.396,no,the line between them touches another wall,door 0x1ebcb0 (preset 0x002b)
wall of tile 31B000 (room 0x07),door 0x1ebcb0 (preset 0x002b),2.916,no,"the line between them leaves the walkable area (a wall's thickness, or another floor)",
wall of tile 31B000 (room 0x07),door 0x1ebcb0 (preset 0x002b),2.855,no,"the line between them leaves the walkable area (a wall's thickness, or another floor)",
wall of tile 31B000 (room 0x07),door 0x1ebcb0 (preset 0x002b),2.852,no,"another wall pokes into the space between them, so a tighter pair covers this gap",wall of tile 280D02 (room 0x07)
wall of tile 31B100 (room 0x07),wall of tile 27F701 (room 0x19),9.336,no,the line between them touches another wall,wall of tile 280D01 (room 0x07)
wall of tile 31B100 (room 0x07),wall of tile 27F800 (room 0x19),18.224,no,"the line between them leaves the walkable area (a wall's thickness, or another floor)",
wall of tile 31B100 (room 0x07),door 0x1ebcb0 (preset 0x002b),9.592,no,"the line between them leaves the walkable area (a wall's thickness, or another floor)",
wall of tile 31B100 (room 0x07),door 0x1ebcb0 (preset 0x002b),3.050,no,"another wall pokes into the space between them, so a tighter pair covers this gap",wall of tile 280D01 (room 0x07)
wall of tile 31B100 (room 0x07),door 0x1ebcb0 (preset 0x002b),3.050,no,"another wall pokes into the space between them, so a tighter pair covers this gap",wall of tile 280D01 (room 0x07)
wall of tile 31B100 (room 0x07),door 0x1ebcb0 (preset 0x002b),9.531,no,"the line between them leaves the walkable area (a wall's thickness, or another floor)",
wall of tile 112900 (room 0x07),wall of tile 280D01 (room 0x07),24.895,no,the line between them touches another wall,wall of tile 31B100 (room 0x07)
wall of tile 112900 (room 0x07),wall of tile 27F701 (room 0x19),26.588,no,"the line between them leaves the walkable area (a wall's thickness, or another floor)",
wall of tile 112900 (room 0x07),wall of tile 27F800 (room 0x19),16.989,no,"the line between them leaves the walkable area (a wall's thickness, or another floor)",
wall of tile 112900 (room 0x07),wall of tile 27F800 (room 0x19),16.989,no,"the line between them leaves the walkable area (a wall's thickness, or another floor)",
wall of tile 112900 (room 0x07),door 0x1ebcb0 (preset 0x002b),26.579,no,"the line between them leaves the walkable area (a wall's thickness, or another floor)",
wall of tile 112900 (room 0x07),door 0x1ebcb0 (preset 0x002b),25.082,no,"the line between them leaves the walkable area (a wall's thickness, or another floor)",
wall of tile 112900 (room 0x07),door 0x1ebcb0 (preset 0x002b),25.082,no,"the line between them leaves the walkable area (a wall's thickness, or another floor)",
wall of tile 112900 (room 0x07),door 0x1ebcb0 (preset 0x002b),26.558,no,"the line between them leaves the walkable area (a wall's thickness, or another floor)",
wall of tile 280D01 (room 0x07),wall of tile 27F800 (room 0x19),9.334,no,"the line between them leaves the walkable area (a wall's thickness, or another floor)",
wall of tile 280D01 (room 0x07),door 0x1ebcb0 (preset 0x002b),0.258,no,"the line between them leaves the walkable area (a wall's thickness, or another floor)",
wall of tile 280D01 (room 0x07),door 0x1ebcb0 (preset 0x002b),0.001,no,"another wall pokes into the space between them, so a tighter pair covers this gap",door 0x1ebcb0 (preset 0x002b)
wall of tile 280D01 (room 0x07),door 0x1ebcb0 (preset 0x002b),0.222,no,"the line between them leaves the walkable area (a wall's thickness, or another floor)",
wall of tile 280D02 (room 0x07),wall of tile 27F900 (room 0x19),9.336,no,the line between them touches another wall,wall of tile 27F702 (room 0x19)
wall of tile 280D02 (room 0x07),door 0x1ebcb0 (preset 0x002b),0.061,no,the line between them touches another wall,door 0x1ebcb0 (preset 0x002b)
wall of tile 280D02 (room 0x07),door 0x1ebcb0 (preset 0x002b),0.000,no,"the line between them leaves the walkable area (a wall's thickness, or another floor)",
wall of tile 280D02 (room 0x07),door 0x1ebcb0 (preset 0x002b),0.106,no,"the line between them leaves the walkable area (a wall's thickness, or another floor)",
wall of tile 27F701 (room 0x19),door 0x1ebcb0 (preset 0x002b),6.285,no,the line between them touches another wall,door 0x1ebcb0 (preset 0x002b)
wall of tile 27F701 (room 0x19),door 0x1ebcb0 (preset 0x002b),0.103,no,"the line between them leaves the walkable area (a wall's thickness, or another floor)",
wall of tile 27F701 (room 0x19),door 0x1ebcb0 (preset 0x002b),0.106,no,"the line between them leaves the walkable area (a wall's thickness, or another floor)",
wall of tile 27F702 (room 0x19),door 0x1ebcb0 (preset 0x002b),0.001,no,"another wall pokes into the space between them, so a tighter pair covers this gap",door 0x1ebcb0 (preset 0x002b)
wall of tile 27F702 (room 0x19),door 0x1ebcb0 (preset 0x002b),6.420,no,"the line between them leaves the walkable area (a wall's thickness, or another floor)",
wall of tile 27F702 (room 0x19),door 0x1ebcb0 (preset 0x002b),6.482,no,"the line between them leaves the walkable area (a wall's thickness, or another floor)",
wall of tile 27F800 (room 0x19),door 0x1ebcb0 (preset 0x002b),9.076,no,"the line between them leaves the walkable area (a wall's thickness, or another floor)",
wall of tile 27F800 (room 0x19),door 0x1ebcb0 (preset 0x002b),15.619,no,"the line between them leaves the walkable area (a wall's thickness, or another floor)",
wall of tile 27F800 (room 0x19),door 0x1ebcb0 (preset 0x002b),9.137,no,"the line between them leaves the walkable area (a wall's thickness, or another floor)",
wall of tile 27F800 (room 0x19),door 0x1ebcb0 (preset 0x002b),9.076,no,"the line between them leaves the walkable area (a wall's thickness, or another floor)",
wall of tile 27F900 (room 0x19),door 0x1ebcb0 (preset 0x002b),9.274,no,"another wall pokes into the space between them, so a tighter pair covers this gap",wall of tile 27F702 (room 0x19)
wall of tile 27F900 (room 0x19),door 0x1ebcb0 (preset 0x002b),9.274,no,"another wall pokes into the space between them, so a tighter pair covers this gap",wall of tile 27F702 (room 0x19)
wall of tile 27F900 (room 0x19),door 0x1ebcb0 (preset 0x002b),15.755,no,"the line between them leaves the walkable area (a wall's thickness, or another floor)",
wall of tile 27F900 (room 0x19),door 0x1ebcb0 (preset 0x002b),15.817,no,"the line between them leaves the walkable area (a wall's thickness, or another floor)",
wall of tile 048A00 (room 0x0c),glass 0x1ee8c0 (preset 0x2784),48.410,no,"the line between them leaves the walkable area (a wall's thickness, or another floor)",
wall of tile 048800 (room 0x0c),wall of tile 04A500 (room 0x0c),26.375,no,"the line between them leaves the walkable area (a wall's thickness, or another floor)",
wall of tile 048800 (room 0x0c),glass 0x1ee704 (preset 0x2781),50.610,no,"the line between them leaves the walkable area (a wall's thickness, or another floor)",
wall of tile 048800 (room 0x0c),glass 0x1ee798 (preset 0x2782),50.610,no,"the line between them leaves the walkable area (a wall's thickness, or another floor)",
wall of tile 048800 (room 0x0c),glass 0x1ee82c (preset 0x2783),50.610,no,"the line between them leaves the walkable area (a wall's thickness, or another floor)",
wall of tile 04A500 (room 0x0c),wall of tile 005108 (room 0x20),48.409,no,"the line between them leaves the walkable area (a wall's thickness, or another floor)",
wall of tile 04A500 (room 0x0c),wall of tile 01E60A (room 0x20),6.038,no,"the line between them leaves the walkable area (a wall's thickness, or another floor)",
wall of tile 04A500 (room 0x0c),wall of tile 01E609 (room 0x20),1.271,no,"the line between them leaves the walkable area (a wall's thickness, or another floor)",
wall of tile 04A500 (room 0x0c),wall of tile 1C6B01 (room 0x0c),6.038,no,"the line between them leaves the walkable area (a wall's thickness, or another floor)",
wall of tile 04A500 (room 0x0c),wall of tile 1C5C01 (room 0x0c),4.766,no,"the line between them leaves the walkable area (a wall's thickness, or another floor)",
wall of tile 04A500 (room 0x0c),wall of tile 1C5D01 (room 0x0c),3.601,no,"the line between them leaves the walkable area (a wall's thickness, or another floor)",
wall of tile 04A500 (room 0x0c),wall of tile 1C5E01 (room 0x0c),2.436,no,"the line between them leaves the walkable area (a wall's thickness, or another floor)",
wall of tile 04A500 (room 0x0c),wall of tile 1C5F01 (room 0x0c),1.271,no,"the line between them leaves the walkable area (a wall's thickness, or another floor)",
wall of tile 04A500 (room 0x0c),wall of tile 1CAC02 (room 0x0c),26.375,no,"the line between them leaves the walkable area (a wall's thickness, or another floor)",
wall of tile 04A500 (room 0x0c),door 0x1ec0b0 (preset 0x0031),16.961,no,"the line between them leaves the walkable area (a wall's thickness, or another floor)",
wall of tile 04A500 (room 0x0c),door 0x1ec0b0 (preset 0x0031),17.027,no,"the line between them leaves the walkable area (a wall's thickness, or another floor)",
wall of tile 04A500 (room 0x0c),door 0x1ec0b0 (preset 0x0031),25.513,no,"the line between them leaves the walkable area (a wall's thickness, or another floor)",
wall of tile 04A500 (room 0x0c),door 0x1ec0b0 (preset 0x0031),25.447,no,"the line between them leaves the walkable area (a wall's thickness, or another floor)",
wall of tile 04A500 (room 0x0c),door 0x1ec0b0 (preset 0x0031),12.085,no,"the line between them leaves the walkable area (a wall's thickness, or another floor)",
wall of tile 04A500 (room 0x0c),door 0x1ec0b0 (preset 0x0031),12.085,no,"the line between them leaves the walkable area (a wall's thickness, or another floor)",
wall of tile 04A600 (room 0x0c),wall of tile 005108 (room 0x20),59.413,no,"the line between them leaves the walkable area (a wall's thickness, or another floor)",
wall of tile 04A600 (room 0x0c),wall of tile 005108 (room 0x20),48.409,no,"the line between them leaves the walkable area (a wall's thickness, or another floor)",
wall of tile 04A600 (room 0x0c),wall of tile 01E609 (room 0x20),26.351,no,"the line between them leaves the walkable area (a wall's thickness, or another floor)",
wall of tile 04A600 (room 0x0c),wall of tile 1C9802 (room 0x0c),15.881,no,"the line between them leaves the walkable area (a wall's thickness, or another floor)",
wall of tile 04A600 (room 0x0c),wall of tile 1C5E02 (room 0x0c),44.042,no,the far wall faces the other way (it belongs to floor which isn't linked here),
wall of tile 04A600 (room 0x0c),wall of tile 1C5E01 (room 0x0c),50.507,no,"the line between them leaves the walkable area (a wall's thickness, or another floor)",
wall of tile 04A600 (room 0x0c),wall of tile 1C5F02 (room 0x0c),19.886,no,the far wall faces the other way (it belongs to floor which isn't linked here),
wall of tile 04A600 (room 0x0c),wall of tile 1C5F01 (room 0x0c),26.351,no,"the line between them leaves the walkable area (a wall's thickness, or another floor)",
wall of tile 04A600 (room 0x0c),wall of tile 1CAE02 (room 0x0c),6.465,no,"the line between them leaves the walkable area (a wall's thickness, or another floor)",
wall of tile 04A600 (room 0x0c),wall of tile 1CAE02 (room 0x0c),15.881,no,"the line between them leaves the walkable area (a wall's thickness, or another floor)",
wall of tile 04A600 (room 0x0c),door 0x1ec0b0 (preset 0x0031),35.855,no,"the line between them leaves the walkable area (a wall's thickness, or another floor)",
wall of tile 04A600 (room 0x0c),door 0x1ec0b0 (preset 0x0031),35.810,no,"the line between them leaves the walkable area (a wall's thickness, or another floor)",
wall of tile 04A600 (room 0x0c),door 0x1ec0b0 (preset 0x0031),28.539,no,"the line between them leaves the walkable area (a wall's thickness, or another floor)",
wall of tile 04A600 (room 0x0c),door 0x1ec0b0 (preset 0x0031),28.539,no,"the line between them leaves the walkable area (a wall's thickness, or another floor)",
wall of tile 04A900 (room 0x0c),wall of tile 1C9701 (room 0x0c),25.342,no,"the line between them leaves the walkable area (a wall's thickness, or another floor)",
wall of tile 04A900 (room 0x0c),wall of tile 1CAE02 (room 0x0c),25.342,no,"the line between them leaves the walkable area (a wall's thickness, or another floor)",
wall of tile 04A900 (room 0x0c),glass 0x1ee548 (preset 0x277e),48.410,no,"the line between them leaves the walkable area (a wall's thickness, or another floor)",
wall of tile 04A900 (room 0x0c),glass 0x1ee5dc (preset 0x277f),48.410,no,"the line between them leaves the walkable area (a wall's thickness, or another floor)",
wall of tile 04AE00 (room 0x0c),door 0x1ec3b0 (preset 0x002f),19.863,no,"the line between them leaves the walkable area (a wall's thickness, or another floor)",
wall of tile 04AE00 (room 0x0c),door 0x1ec3b0 (preset 0x002f),19.804,no,"the line between them leaves the walkable area (a wall's thickness, or another floor)",
wall of tile 04AE00 (room 0x0c),door 0x1ec3b0 (preset 0x002f),8.629,no,"another wall pokes into the space between them, so a tighter pair covers this gap",wall of tile 01F109 (room 0x20)
wall of tile 04AE00 (room 0x0c),door 0x1ec3b0 (preset 0x002f),8.629,no,"another wall pokes into the space between them, so a tighter pair covers this gap",wall of tile 01F109 (room 0x20)
wall of tile 04AE00 (room 0x0c),door 0x1ebfb0 (preset 0x0030),10.935,no,"the line between them leaves the walkable area (a wall's thickness, or another floor)",
wall of tile 04AE00 (room 0x0c),door 0x1ebfb0 (preset 0x0030),11.002,no,"the line between them leaves the walkable area (a wall's thickness, or another floor)",
wall of tile 04AE00 (room 0x0c),door 0x1ebfb0 (preset 0x0030),24.379,no,the far wall faces the other way (it belongs to floor which isn't linked here),
wall of tile 04AE00 (room 0x0c),door 0x1ebfb0 (preset 0x0030),10.935,no,the far wall faces the other way (it belongs to floor which isn't linked here),
wall of tile 04AE00 (room 0x0c),door 0x1ec2b0 (preset 0x002e),8.744,no,"the line between them leaves the walkable area (a wall's thickness, or another floor)",
wall of tile 04AE00 (room 0x0c),door 0x1ec2b0 (preset 0x002e),8.802,no,"the line between them leaves the walkable area (a wall's thickness, or another floor)",
wall of tile 04AE00 (room 0x0c),door 0x1ec2b0 (preset 0x002e),19.976,no,the line between them touches another wall,door 0x1ec2b0 (preset 0x002e)
wall of tile 04AE00 (room 0x0c),door 0x1ec2b0 (preset 0x002e),8.744,no,"another wall pokes into the space between them, so a tighter pair covers this gap",wall of tile 01F10A (room 0x20)
wall of tile 01F109 (room 0x20),generic 0x1eb430 (preset 0x274b),34.515,no,the far wall faces the other way (it belongs to floor which isn't linked here),
wall of tile 01F109 (room 0x20),generic 0x1eb430 (preset 0x274b),33.038,no,the far wall faces the other way (it belongs to floor which isn't linked here),
wall of tile 01F109 (room 0x20),door 0x1ec3b0 (preset 0x002f),0.014,no,"the line between them leaves the walkable area (a wall's thickness, or another floor)",
wall of tile 01F109 (room 0x20),door 0x1ec3b0 (preset 0x002f),0.000,no,"another wall pokes into the space between them, so a tighter pair covers this gap",door 0x1ec3b0 (preset 0x002f)
wall of tile 050D00 (room 0x0c),wall of tile 01F10A (room 0x20),50.610,no,the line between them touches another wall,wall of tile 04AE00 (room 0x0c)
wall of tile 050D00 (room 0x0c),wall of tile 01EB0A (room 0x1f),50.610,no,the line between them touches another wall,wall of tile 04AE00 (room 0x0c)
wall of tile 050D00 (room 0x0c),door 0x1ebfb0 (preset 0x0030),51.764,no,"the line between them leaves the walkable area (a wall's thickness, or another floor)",
wall of tile 050D00 (room 0x0c),door 0x1ebfb0 (preset 0x0030),51.778,no,"the line between them leaves the walkable area (a wall's thickness, or another floor)",
wall of tile 050D00 (room 0x0c),door 0x1ebfb0 (preset 0x0030),56.176,no,"the line between them leaves the walkable area (a wall's thickness, or another floor)",
wall of tile 050D00 (room 0x0c),door 0x1ebfb0 (preset 0x0030),51.764,no,"the line between them leaves the walkable area (a wall's thickness, or another floor)",
wall of tile 050D00 (room 0x0c),door 0x1ec2b0 (preset 0x002e),51.346,no,"the line between them leaves the walkable area (a wall's thickness, or another floor)",
wall of tile 050D00 (room 0x0c),door 0x1ec2b0 (preset 0x002e),51.356,no,"the line between them leaves the walkable area (a wall's thickness, or another floor)",
wall of tile 050D00 (room 0x0c),door 0x1ec2b0 (preset 0x002e),54.410,no,"the line between them leaves the walkable area (a wall's thickness, or another floor)",
wall of tile 050D00 (room 0x0c),door 0x1ec2b0 (preset 0x002e),51.346,no,"the line between them leaves the walkable area (a wall's thickness, or another floor)",
wall of tile 050D00 (room 0x0c),glass 0x1ee548 (preset 0x277e),48.410,no,"the line between them leaves the walkable area (a wall's thickness, or another floor)",
wall of tile 050D00 (room 0x0c),glass 0x1ee5dc (preset 0x277f),48.410,no,"the line between them leaves the walkable area (a wall's thickness, or another floor)",
wall of tile 01F10A (room 0x20),wall of tile 004108 (room 0x20),24.205,no,the line between them touches another wall,wall of tile 004208 (room 0x20)
wall of tile 01F10A (room 0x20),door 0x1ebfb0 (preset 0x0030),0.014,no,"the line between them leaves the walkable area (a wall's thickness, or another floor)",
wall of tile 01F10A (room 0x20),door 0x1ebfb0 (preset 0x0030),0.000,no,the far wall faces the other way (it belongs to floor which isn't linked here),
wall of tile 01F10A (room 0x20),door 0x1ec2b0 (preset 0x002e),0.014,no,"the line between them leaves the walkable area (a wall's thickness, or another floor)",
wall of tile 01F10A (room 0x20),door 0x1ec2b0 (preset 0x002e),0.000,no,"another wall pokes into the space between them, so a tighter pair covers this gap",door 0x1ec2b0 (preset 0x002e)
wall of tile 004208 (room 0x20),door 0x1ebfb0 (preset 0x0030),50.435,no,the far wall faces the other way (it belongs to floor which isn't linked here),
wall of tile 004208 (room 0x20),door 0x1ebfb0 (preset 0x0030),50.435,no,the far wall faces the other way (it belongs to floor which isn't linked here),
wall of tile 004208 (room 0x20),door 0x1ec2b0 (preset 0x002e),54.838,no,"another wall pokes into the space between them, so a tighter pair covers this gap",wall of tile 01F10A (room 0x20)
wall of tile 004208 (room 0x20),door 0x1ec2b0 (preset 0x002e),54.838,no,"another wall pokes into the space between them, so a tighter pair covers this gap",wall of tile 01F10A (room 0x20)
wall of tile 004208 (room 0x20),generic 0x1eb430 (preset 0x274b),22.174,no,the far wall faces the other way (it belongs to floor which isn't linked here),
wall of tile 004208 (room 0x20),generic 0x1eb430 (preset 0x274b),22.174,no,the far wall faces the other way (it belongs to floor which isn't linked here),
wall of tile 004208 (room 0x20),door 0x1ec3b0 (preset 0x002f),54.952,no,"another wall pokes into the space between them, so a tighter pair covers this gap",wall of tile 01F109 (room 0x20)
wall of tile 004208 (room 0x20),door 0x1ec3b0 (preset 0x002f),54.952,no,"the line between them leaves the walkable area (a wall's thickness, or another floor)",
wall of tile 004208 (room 0x20),door 0x1ec3b0 (preset 0x002f),55.010,no,"the line between them leaves the walkable area (a wall's thickness, or another floor)",
wall of tile 004108 (room 0x20),wall of tile 005308 (room 0x20),26.405,no,"the line between them leaves the walkable area (a wall's thickness, or another floor)",
wall of tile 004108 (room 0x20),wall of tile 005308 (room 0x20),26.405,no,"the line between them leaves the walkable area (a wall's thickness, or another floor)",
wall of tile 004108 (room 0x20),wall of tile 01EB0A (room 0x1f),24.205,no,the line between them touches another wall,wall of tile 004208 (room 0x20)
wall of tile 004108 (room 0x20),door 0x1ebfb0 (preset 0x0030),55.943,no,"the line between them leaves the walkable area (a wall's thickness, or another floor)",
wall of tile 004108 (room 0x20),door 0x1ebfb0 (preset 0x0030),55.943,no,"the line between them leaves the walkable area (a wall's thickness, or another floor)",
wall of tile 004108 (room 0x20),door 0x1ec2b0 (preset 0x002e),59.943,no,"the line between them leaves the walkable area (a wall's thickness, or another floor)",
wall of tile 004108 (room 0x20),door 0x1ec2b0 (preset 0x002e),59.943,no,"the line between them leaves the walkable area (a wall's thickness, or another floor)",
wall of tile 004108 (room 0x20),glass 0x1ee548 (preset 0x277e),26.405,no,"the line between them leaves the walkable area (a wall's thickness, or another floor)",
wall of tile 004108 (room 0x20),glass 0x1ee5dc (preset 0x277f),26.405,no,"the line between them leaves the walkable area (a wall's thickness, or another floor)",
wall of tile 004108 (room 0x20),wall of tile 005308 (room 0x20),26.405,no,"the line between them leaves the walkable area (a wall's thickness, or another floor)",
wall of tile 004108 (room 0x20),wall of tile 005308 (room 0x20),26.405,no,"the line between them leaves the walkable area (a wall's thickness, or another floor)",
wall of tile 004108 (room 0x20),wall of tile 00CB0A (room 0x20),26.405,no,"the line between them leaves the walkable area (a wall's thickness, or another floor)",
wall of tile 004108 (room 0x20),wall of tile 00CB09 (room 0x20),26.405,no,"the line between them leaves the walkable area (a wall's thickness, or another floor)",
wall of tile 004108 (room 0x20),door 0x1ec1b0 (preset 0x0032),13.203,no,"the line between them leaves the walkable area (a wall's thickness, or another floor)",
wall of tile 004108 (room 0x20),door 0x1ec1b0 (preset 0x0032),13.136,no,"the line between them leaves the walkable area (a wall's thickness, or another floor)",
wall of tile 004108 (room 0x20),door 0x1ec1b0 (preset 0x0032),13.123,no,"the line between them leaves the walkable area (a wall's thickness, or another floor)",
wall of tile 004108 (room 0x20),door 0x1ec1b0 (preset 0x0032),13.123,no,"the line between them leaves the walkable area (a wall's thickness, or another floor)",
wall of tile 004108 (room 0x20),door 0x1ec1b0 (preset 0x0032),26.405,no,"the line between them leaves the walkable area (a wall's thickness, or another floor)",
wall of tile 004108 (room 0x20),door 0x1ec1b0 (preset 0x0032),26.472,no,"the line between them leaves the walkable area (a wall's thickness, or another floor)",
wall of tile 004108 (room 0x20),glass 0x1ee548 (preset 0x277e),42.269,no,"the line between them leaves the walkable area (a wall's thickness, or another floor)",
wall of tile 004108 (room 0x20),glass 0x1ee5dc (preset 0x277f),42.269,no,"the line between them leaves the walkable area (a wall's thickness, or another floor)",
wall of tile 004508 (room 0x20),wall of tile 004709 (room 0x20),57.211,no,the line between them touches another wall,wall of tile 004609 (room 0x20)
wall of tile 004508 (room 0x20),wall of tile 004809 (room 0x20),33.006,no,the line between them touches another wall,wall of tile 004609 (room 0x20)
wall of tile 004508 (room 0x20),generic 0x1eab90 (preset 0x2747),0.000,no,the far wall faces the other way (it belongs to floor which isn't linked here),
wall of tile 004508 (room 0x20),generic 0x1eab90 (preset 0x2747),0.000,no,the far wall faces the other way (it belongs to floor which isn't linked here),
wall of tile 004508 (room 0x20),generic 0x1ead20 (preset 0x2748),2.200,no,the far wall faces the other way (it belongs to floor which isn't linked here),
wall of tile 004508 (room 0x20),generic 0x1ead20 (preset 0x2748),2.177,no,the far wall faces the other way (it belongs to floor which isn't linked here),
wall of tile 004508 (room 0x20),generic 0x1ead20 (preset 0x2748),2.177,no,the far wall faces the other way (it belongs to floor which isn't linked here),
wall of tile 004508 (room 0x20),generic 0x1eadb0 (preset 0x2749),56.688,no,the far wall faces the other way (it belongs to floor which isn't linked here),
wall of tile 004508 (room 0x20),generic 0x1eadb0 (preset 0x2749),17.604,no,the far wall faces the other way (it belongs to floor which isn't linked here),
wall of tile 004508 (room 0x20),generic 0x1eb430 (preset 0x274b),17.773,no,the far wall faces the other way (it belongs to floor which isn't linked here),
wall of tile 004508 (room 0x20),generic 0x1eb430 (preset 0x274b),17.772,no,the far wall faces the other way (it belongs to floor which isn't linked here),
wall of tile 004508 (room 0x20),generic 0x1eb430 (preset 0x274b),17.772,no,the far wall faces the other way (it belongs to floor which isn't linked here),
wall of tile 004508 (room 0x20),glass 0x1eeb10 (preset 0x2788),26.405,no,"the line between them leaves the walkable area (a wall's thickness, or another floor)",
wall of tile 004408 (room 0x20),wall of tile 018608 (room 0x1f),24.205,no,the line between them touches another wall,wall of tile 004108 (room 0x20)
wall of tile 004408 (room 0x20),wall of tile 018608 (room 0x1f),24.205,no,the line between them touches another wall,wall of tile 004108 (room 0x20)
wall of tile 005208 (room 0x20),wall of tile 01E609 (room 0x20),35.207,no,the line between them touches another wall,wall of tile 004E09 (room 0x20)
wall of tile 005108 (room 0x20),wall of tile 1C9701 (room 0x0c),48.409,no,"the line between them leaves the walkable area (a wall's thickness, or another floor)",
wall of tile 005108 (room 0x20),wall of tile 1CAE02 (room 0x0c),48.409,no,"the line between them leaves the walkable area (a wall's thickness, or another floor)",
wall of tile 005108 (room 0x20),glass 0x1ee670 (preset 0x2780),26.405,no,"the line between them leaves the walkable area (a wall's thickness, or another floor)",
wall of tile 005108 (room 0x20),wall of tile 004E09 (room 0x20),39.608,no,the line between them touches another wall,wall of tile 005208 (room 0x20)
wall of tile 005108 (room 0x20),wall of tile 1C9701 (room 0x0c),48.409,no,"the line between them leaves the walkable area (a wall's thickness, or another floor)",
wall of tile 005108 (room 0x20),wall of tile 1C9701 (room 0x0c),48.409,no,"the line between them leaves the walkable area (a wall's thickness, or another floor)",
wall of tile 005108 (room 0x20),wall of tile 1C6002 (room 0x0c),48.409,no,"the line between them leaves the walkable area (a wall's thickness, or another floor)",
wall of tile 005108 (room 0x20),wall of tile 1C6001 (room 0x0c),48.409,no,"the line between them leaves the walkable area (a wall's thickness, or another floor)",
wall of tile 005108 (room 0x20),wall of tile 1CAE02 (room 0x0c),48.409,no,"the line between them leaves the walkable area (a wall's thickness, or another floor)",
wall of tile 005108 (room 0x20),wall of tile 1CAD02 (room 0x0c),48.409,no,"the line between them leaves the walkable area (a wall's thickness, or another floor)",
wall of tile 005108 (room 0x20),glass 0x1ee670 (preset 0x2780),42.269,no,"the line between them leaves the walkable area (a wall's thickness, or another floor)",
wall of tile 005308 (room 0x20),wall of tile 018A08 (room 0x1f),26.405,no,"the line between them leaves the walkable area (a wall's thickness, or another floor)",
wall of tile 005308 (room 0x20),wall of tile 018A08 (room 0x1f),26.405,no,"the line between them leaves the walkable area (a wall's thickness, or another floor)",
wall of tile 005308 (room 0x20),wall of tile 018A08 (room 0x1f),26.405,no,"the line between them leaves the walkable area (a wall's thickness, or another floor)",
wall of tile 005308 (room 0x20),wall of tile 018A08 (room 0x1f),26.405,no,"the line between them leaves the walkable area (a wall's thickness, or another floor)",
wall of tile 005308 (room 0x20),wall of tile 018608 (room 0x1f),26.405,no,"the line between them leaves the walkable area (a wall's thickness, or another floor)",
wall of tile 005308 (room 0x20),wall of tile 018608 (room 0x1f),26.405,no,"the line between them leaves the walkable area (a wall's thickness, or another floor)",
wall of tile 005308 (room 0x20),door 0x1ec1b0 (preset 0x0032),13.203,no,"the line between them leaves the walkable area (a wall's thickness, or another floor)",
wall of tile 005308 (room 0x20),door 0x1ec1b0 (preset 0x0032),13.270,no,"the line between them leaves the walkable area (a wall's thickness, or another floor)",
wall of tile 005308 (room 0x20),door 0x1ec1b0 (preset 0x0032),0.000,no,the far wall faces the other way (it belongs to floor which isn't linked here),
wall of tile 005308 (room 0x20),door 0x1ec1b0 (preset 0x0032),0.067,no,the far wall faces the other way (it belongs to floor which isn't linked here),
wall of tile 004E09 (room 0x20),wall of tile 002409 (room 0x20),59.412,no,the line between them touches another wall,wall of tile 005009 (room 0x20)
wall of tile 004E09 (room 0x20),wall of tile 010A09 (room 0x20),50.610,no,the line between them touches another wall,wall of tile 005009 (room 0x20)
wall of tile 004E09 (room 0x20),wall of tile 010B09 (room 0x20),26.405,no,the line between them touches another wall,wall of tile 005009 (room 0x20)
wall of tile 004E09 (room 0x20),door 0x1ec0b0 (preset 0x0031),50.435,no,"the line between them leaves the walkable area (a wall's thickness, or another floor)",
wall of tile 004E09 (room 0x20),door 0x1ec0b0 (preset 0x0031),50.435,no,"the line between them leaves the walkable area (a wall's thickness, or another floor)",
wall of tile 004E09 (room 0x20),door 0x1ec0b0 (preset 0x0031),50.543,no,"the line between them leaves the walkable area (a wall's thickness, or another floor)",
wall of tile 004E09 (room 0x20),door 0x1ec0b0 (preset 0x0031),50.610,no,"the line between them leaves the walkable area (a wall's thickness, or another floor)",
wall of tile 005009 (room 0x20),wall of tile 010809 (room 0x20),41.808,no,the line between them touches another wall,wall of tile 002409 (room 0x20)
wall of tile 005009 (room 0x20),wall of tile 010909 (room 0x20),15.403,no,the line between them touches another wall,wall of tile 002409 (room 0x20)
wall of tile 005009 (room 0x20),wall of tile 01E60A (room 0x20),48.409,no,the line between them touches another wall,wall of tile 004E09 (room 0x20)
wall of tile 002409 (room 0x20),wall of tile 010B09 (room 0x20),8.802,no,the line between them touches another wall,wall of tile 005009 (room 0x20)
wall of tile 002409 (room 0x20),wall of tile 010C09 (room 0x20),33.006,no,the line between them touches another wall,wall of tile 005009 (room 0x20)
wall of tile 002409 (room 0x20),wall of tile 00CB0A (room 0x20),59.412,no,the line between them touches another wall,wall of tile 005009 (room 0x20)
wall of tile 002309 (room 0x20),glass 0x1ee704 (preset 0x2781),24.205,no,"the line between them leaves the walkable area (a wall's thickness, or another floor)",
wall of tile 002309 (room 0x20),glass 0x1ee82c (preset 0x2783),24.205,no,"the line between them leaves the walkable area (a wall's thickness, or another floor)",
wall of tile 004B0A (room 0x20),wall of tile 00BE09 (room 0x20),41.808,no,the far wall faces the other way (it belongs to floor which isn't linked here),
wall of tile 002209 (room 0x20),wall of tile 00C009 (room 0x20),24.205,no,the line between them touches another wall,wall of tile 004009 (room 0x20)
wall of tile 002209 (room 0x20),wall of tile 004009 (room 0x20),24.205,no,the line between them touches another wall,wall of tile 004009 (room 0x20)
wall of tile 002209 (room 0x20),glass 0x1ee798 (preset 0x2782),24.205,no,"the line between them leaves the walkable area (a wall's thickness, or another floor)",
wall of tile 003C08 (room 0x20),wall of tile 00BE09 (room 0x20),41.808,no,the far wall faces the other way (it belongs to floor which isn't linked here),
wall of tile 01C808 (room 0x20),wall of tile 00D50A (room 0x20),44.283,no,the far wall faces the other way (it belongs to floor which isn't linked here),
wall of tile 01C808 (room 0x20),wall of tile 00DA0A (room 0x20),25.089,no,the far wall faces the other way (it belongs to floor which isn't linked here),
wall of tile 01C808 (room 0x20),wall of tile 00DB0A (room 0x20),19.804,no,the far wall faces the other way (it belongs to floor which isn't linked here),
wall of tile 01C808 (room 0x20),wall of tile 00DC09 (room 0x20),55.107,no,"the line between them leaves the walkable area (a wall's thickness, or another floor)",
wall of tile 01C808 (room 0x20),wall of tile 00DC0A (room 0x20),21.672,no,the far wall faces the other way (it belongs to floor which isn't linked here),
wall of tile 01C808 (room 0x20),wall of tile 00DD09 (room 0x20),44.283,no,"the line between them leaves the walkable area (a wall's thickness, or another floor)",
wall of tile 01C808 (room 0x20),wall of tile 00DD0A (room 0x20),33.458,no,the far wall faces the other way (it belongs to floor which isn't linked here),
wall of tile 01C808 (room 0x20),wall of tile 00B809 (room 0x20),44.283,no,the far wall faces the other way (it belongs to floor which isn't linked here),
wall of tile 01C808 (room 0x20),glass 0x1ee8c0 (preset 0x2784),42.268,no,"the line between them leaves the walkable area (a wall's thickness, or another floor)",
wall of tile 024408 (room 0x20),wall of tile 00D80A (room 0x20),3.146,no,the far wall faces the other way (it belongs to floor which isn't linked here),
wall of tile 024408 (room 0x20),wall of tile 00D70A (room 0x20),6.030,no,the far wall faces the other way (it belongs to floor which isn't linked here),
wall of tile 024408 (room 0x20),wall of tile 00D60A (room 0x20),8.914,no,the far wall faces the other way (it belongs to floor which isn't linked here),
wall of tile 024408 (room 0x20),wall of tile 00D50A (room 0x20),11.798,no,the far wall faces the other way (it belongs to floor which isn't linked here),
wall of tile 024408 (room 0x20),wall of tile 00DA0A (room 0x20),14.944,no,the far wall faces the other way (it belongs to floor which isn't linked here),
wall of tile 024408 (room 0x20),wall of tile 00DB0A (room 0x20),17.828,no,the far wall faces the other way (it belongs to floor which isn't linked here),
wall of tile 024408 (room 0x20),wall of tile 00DC0A (room 0x20),21.672,no,the far wall faces the other way (it belongs to floor which isn't linked here),
wall of tile 024408 (room 0x20),wall of tile 00DD0A (room 0x20),40.394,no,the far wall faces the other way (it belongs to floor which isn't linked here),
wall of tile 003509 (room 0x20),wall of tile 00D809 (room 0x20),26.405,no,the line between them touches another wall,wall of tile 00D909 (room 0x20)
wall of tile 003509 (room 0x20),wall of tile 00D709 (room 0x20),50.610,no,the line between them touches another wall,wall of tile 00D909 (room 0x20)
wall of tile 003409 (room 0x20),wall of tile 002E08 (room 0x20),15.403,no,the line between them touches another wall,wall of tile 002F08 (room 0x20)
wall of tile 003409 (room 0x20),wall of tile 002D08 (room 0x20),48.409,no,"the line between them leaves the walkable area (a wall's thickness, or another floor)",
wall of tile 003409 (room 0x20),wall of tile 002F08 (room 0x20),57.211,no,the line between them touches another wall,wall of tile 003409 (room 0x20)
wall of tile 003409 (room 0x20),wall of tile 002E08 (room 0x20),59.248,no,"the line between them leaves the walkable area (a wall's thickness, or another floor)",
wall of tile 002F08 (room 0x20),wall of tile 002D08 (room 0x20),34.160,no,the line between them touches another wall,wall of tile 002E08 (room 0x20)
wall of tile 002F08 (room 0x20),wall of tile 002908 (room 0x20),51.369,no,"another wall pokes into the space between them, so a tighter pair covers this gap",wall of tile 002E08 (room 0x20)
wall of tile 002E08 (room 0x20),wall of tile 002908 (room 0x20),24.895,no,the line between them touches another wall,wall of tile 002D08 (room 0x20)
wall of tile 002D08 (room 0x20),wall of tile 002A08 (room 0x20),58.591,no,the line between them touches another wall,wall of tile 002908 (room 0x20)
wall of tile 002A08 (room 0x20),wall of tile 004809 (room 0x20),41.808,no,the line between them touches another wall,wall of tile 004709 (room 0x20)
wall of tile 002A08 (room 0x20),glass 0x1ee954 (preset 0x2785),26.405,no,"the line between them leaves the walkable area (a wall's thickness, or another floor)",
wall of tile 002A08 (room 0x20),glass 0x1ee9e8 (preset 0x2786),26.405,no,"the line between them leaves the walkable area (a wall's thickness, or another floor)",
wall of tile 002A08 (room 0x20),glass 0x1eea7c (preset 0x2787),26.405,no,"the line between them leaves the walkable area (a wall's thickness, or another floor)",
wall of tile 004709 (room 0x20),wall of tile 004609 (room 0x20),24.205,no,the line between them touches another wall,wall of tile 004809 (room 0x20)
wall of tile 004709 (room 0x20),glass 0x1ee9e8 (preset 0x2786),31.735,no,"the line between them leaves the walkable area (a wall's thickness, or another floor)",
wall of tile 00D909 (room 0x20),wall of tile 00D709 (room 0x20),24.205,no,the line between them touches another wall,wall of tile 00D809 (room 0x20)
wall of tile 00D909 (room 0x20),wall of tile 00D609 (room 0x20),48.409,no,the line between them touches another wall,wall of tile 00D809 (room 0x20)
wall of tile 00D90A (room 0x20),wall of tile 00D70A (room 0x20),24.205,no,the line between them touches another wall,wall of tile 00D80A (room 0x20)
wall of tile 00D90A (room 0x20),wall of tile 00D60A (room 0x20),48.409,no,the line between them touches another wall,wall of tile 00D80A (room 0x20)
wall of tile 00D809 (room 0x20),wall of tile 00D609 (room 0x20),24.205,no,the line between them touches another wall,wall of tile 00D709 (room 0x20)
wall of tile 00D809 (room 0x20),wall of tile 00D509 (room 0x20),48.409,no,the line between them touches another wall,wall of tile 00D709 (room 0x20)
wall of tile 00D80A (room 0x20),wall of tile 00D60A (room 0x20),24.205,no,the line between them touches another wall,wall of tile 00D70A (room 0x20)
wall of tile 00D80A (room 0x20),wall of tile 00D50A (room 0x20),48.409,no,the line between them touches another wall,wall of tile 00D70A (room 0x20)
wall of tile 00D709 (room 0x20),wall of tile 00D509 (room 0x20),24.205,no,the line between them touches another wall,wall of tile 00D609 (room 0x20)
wall of tile 00D709 (room 0x20),wall of tile 00DA09 (room 0x20),50.610,no,the line between them touches another wall,wall of tile 00D609 (room 0x20)
wall of tile 00D70A (room 0x20),wall of tile 00D50A (room 0x20),24.205,no,the line between them touches another wall,wall of tile 00D60A (room 0x20)
wall of tile 00D70A (room 0x20),wall of tile 00DA0A (room 0x20),50.610,no,the line between them touches another wall,wall of tile 00D60A (room 0x20)
wall of tile 00D609 (room 0x20),wall of tile 00DA09 (room 0x20),26.405,no,the line between them touches another wall,wall of tile 00D509 (room 0x20)
wall of tile 00D609 (room 0x20),wall of tile 00DB09 (room 0x20),50.610,no,the line between them touches another wall,wall of tile 00D509 (room 0x20)
wall of tile 00D60A (room 0x20),wall of tile 00DA0A (room 0x20),26.405,no,the line between them touches another wall,wall of tile 00D50A (room 0x20)
wall of tile 00D60A (room 0x20),wall of tile 00DB0A (room 0x20),50.610,no,the line between them touches another wall,wall of tile 00D50A (room 0x20)
wall of tile 00D509 (room 0x20),wall of tile 00DB09 (room 0x20),24.205,no,the line between them touches another wall,wall of tile 00DA09 (room 0x20)
wall of tile 00D509 (room 0x20),wall of tile 00DC09 (room 0x20),48.409,no,the line between them touches another wall,wall of tile 00DA09 (room 0x20)
wall of tile 00D50A (room 0x20),wall of tile 00DB0A (room 0x20),24.205,no,the line between them touches another wall,wall of tile 00DA0A (room 0x20)
wall of tile 00D50A (room 0x20),wall of tile 00DC0A (room 0x20),48.409,no,the line between them touches another wall,wall of tile 00DA0A (room 0x20)
wall of tile 00DA09 (room 0x20),wall of tile 00DC09 (room 0x20),24.205,no,the line between them touches another wall,wall of tile 00DB09 (room 0x20)
wall of tile 00DA09 (room 0x20),wall of tile 00DD09 (room 0x20),50.610,no,the line between them touches another wall,wall of tile 00DB09 (room 0x20)
wall of tile 00DA0A (room 0x20),wall of tile 00DC0A (room 0x20),24.205,no,the line between them touches another wall,wall of tile 00DB0A (room 0x20)
wall of tile 00DA0A (room 0x20),wall of tile 00DD0A (room 0x20),50.610,no,the line between them touches another wall,wall of tile 00DB0A (room 0x20)
wall of tile 00DB09 (room 0x20),wall of tile 00DD09 (room 0x20),26.405,no,the line between them touches another wall,wall of tile 00DC09 (room 0x20)
wall of tile 00DB09 (room 0x20),wall of tile 00B909 (room 0x20),50.610,no,the line between them touches another wall,wall of tile 00DC09 (room 0x20)
wall of tile 00DB0A (room 0x20),wall of tile 00DD0A (room 0x20),26.405,no,the line between them touches another wall,wall of tile 00DC0A (room 0x20)
wall of tile 00DB0A (room 0x20),wall of tile 00B809 (room 0x20),50.610,no,the line between them touches another wall,wall of tile 00DC0A (room 0x20)
wall of tile 00DC09 (room 0x20),wall of tile 00B909 (room 0x20),24.205,no,the line between them touches another wall,wall of tile 00DD09 (room 0x20)
wall of tile 00DC0A (room 0x20),wall of tile 00B809 (room 0x20),24.205,no,the line between them touches another wall,wall of tile 00DD0A (room 0x20)
wall of tile 00B909 (room 0x20),wall of tile 00F409 (room 0x20),26.405,no,the line between them touches another wall,wall of tile 00F309 (room 0x20)
wall of tile 00B909 (room 0x20),wall of tile 00F509 (room 0x20),50.610,no,the line between them touches another wall,wall of tile 00F309 (room 0x20)
wall of tile 00B909 (room 0x20),glass 0x1ee8c0 (preset 0x2784),26.404,no,"the line between them leaves the walkable area (a wall's thickness, or another floor)",
wall of tile 00F309 (room 0x20),wall of tile 00F509 (room 0x20),24.205,no,the line between them touches another wall,wall of tile 00F409 (room 0x20)
wall of tile 00F309 (room 0x20),wall of tile 00F609 (room 0x20),48.409,no,the line between them touches another wall,wall of tile 00F409 (room 0x20)
wall of tile 00B80A (room 0x20),wall of tile 00F40A (room 0x20),26.405,no,the line between them touches another wall,wall of tile 00F30A (room 0x20)
wall of tile 00B80A (room 0x20),wall of tile 00F50A (room 0x20),50.610,no,the line between them touches another wall,wall of tile 00F30A (room 0x20)
wall of tile 00F30A (room 0x20),wall of tile 00F50A (room 0x20),24.205,no,the line between them touches another wall,wall of tile 00F40A (room 0x20)
wall of tile 00F30A (room 0x20),wall of tile 00F60A (room 0x20),48.409,no,the line between them touches another wall,wall of tile 00F40A (room 0x20)
wall of tile 00F409 (room 0x20),wall of tile 00F609 (room 0x20),24.205,no,the line between them touches another wall,wall of tile 00F509 (room 0x20)
wall of tile 00F409 (room 0x20),wall of tile 00F709 (room 0x20),48.409,no,the line between them touches another wall,wall of tile 00F509 (room 0x20)
wall of tile 00F40A (room 0x20),wall of tile 00F60A (room 0x20),24.205,no,the line between them touches another wall,wall of tile 00F50A (room 0x20)
wall of tile 00F40A (room 0x20),wall of tile 00F70A (room 0x20),48.409,no,the line between them touches another wall,wall of tile 00F50A (room 0x20)
wall of tile 00F509 (room 0x20),wall of tile 00F709 (room 0x20),24.205,no,the line between them touches another wall,wall of tile 00F609 (room 0x20)
wall of tile 00F509 (room 0x20),wall of tile 00F809 (room 0x20),50.610,no,the line between them touches another wall,wall of tile 00F609 (room 0x20)
wall of tile 00F50A (room 0x20),wall of tile 00F70A (room 0x20),24.205,no,the line between them touches another wall,wall of tile 00F60A (room 0x20)
wall of tile 00F50A (room 0x20),wall of tile 00F80A (room 0x20),50.610,no,the line between them touches another wall,wall of tile 00F60A (room 0x20)
wall of tile 00F609 (room 0x20),wall of tile 00F809 (room 0x20),26.405,no,the line between them touches another wall,wall of tile 00F709 (room 0x20)
wall of tile 00F609 (room 0x20),wall of tile 00C009 (room 0x20),50.610,no,the line between them touches another wall,wall of tile 00F709 (room 0x20)
wall of tile 00F609 (room 0x20),wall of tile 004009 (room 0x20),50.610,no,the line between them touches another wall,wall of tile 00F709 (room 0x20)
wall of tile 00F60A (room 0x20),wall of tile 00F80A (room 0x20),26.405,no,the line between them touches another wall,wall of tile 00F70A (room 0x20)
wall of tile 00F60A (room 0x20),wall of tile 00C00A (room 0x20),50.610,no,the line between them touches another wall,wall of tile 00F70A (room 0x20)
wall of tile 00F709 (room 0x20),wall of tile 00C009 (room 0x20),24.205,no,the line between them touches another wall,wall of tile 00F809 (room 0x20)
wall of tile 00F709 (room 0x20),wall of tile 004009 (room 0x20),24.205,no,the line between them touches another wall,wall of tile 00F809 (room 0x20)
wall of tile 00F70A (room 0x20),wall of tile 00C00A (room 0x20),24.205,no,the line between them touches another wall,wall of tile 00F80A (room 0x20)
wall of tile 00BE0A (room 0x20),glass 0x1ee704 (preset 0x2781),24.205,no,"the line between them leaves the walkable area (a wall's thickness, or another floor)",
wall of tile 00BE0A (room 0x20),glass 0x1ee798 (preset 0x2782),24.205,no,"the line between them leaves the walkable area (a wall's thickness, or another floor)",
wall of tile 00BE0A (room 0x20),glass 0x1ee82c (preset 0x2783),24.205,no,"the line between them leaves the walkable area (a wall's thickness, or another floor)",
wall of tile 00BE09 (room 0x20),wall of tile 004A0A (room 0x20),41.808,no,"the line between them leaves the walkable area (a wall's thickness, or another floor)",
wall of tile 00C10A (room 0x20),wall of tile 01090A (room 0x20),24.205,no,the line between them touches another wall,wall of tile 01080A (room 0x20)
wall of tile 00C10A (room 0x20),wall of tile 010A0A (room 0x20),50.610,no,the line between them touches another wall,wall of tile 01090A (room 0x20)
wall of tile 00C109 (room 0x20),wall of tile 010909 (room 0x20),24.205,no,the line between them touches another wall,wall of tile 010809 (room 0x20)
wall of tile 00C109 (room 0x20),wall of tile 010A09 (room 0x20),50.610,no,the line between them touches another wall,wall of tile 010909 (room 0x20)
wall of tile 010809 (room 0x20),wall of tile 010A09 (room 0x20),26.405,no,the line between them touches another wall,wall of tile 010909 (room 0x20)
wall of tile 010809 (room 0x20),wall of tile 010B09 (room 0x20),50.610,no,the line between them touches another wall,wall of tile 010909 (room 0x20)
wall of tile 01080A (room 0x20),wall of tile 010A0A (room 0x20),26.405,no,the line between them touches another wall,wall of tile 01090A (room 0x20)
wall of tile 01080A (room 0x20),wall of tile 010B0A (room 0x20),50.610,no,the line between them touches another wall,wall of tile 01090A (room 0x20)
wall of tile 010909 (room 0x20),wall of tile 010B09 (room 0x20),24.205,no,the line between them touches another wall,wall of tile 010A09 (room 0x20)
wall of tile 010909 (room 0x20),wall of tile 010C09 (room 0x20),48.409,no,the line between them touches another wall,wall of tile 010B09 (room 0x20)
wall of tile 01090A (room 0x20),wall of tile 010B0A (room 0x20),24.205,no,the line between them touches another wall,wall of tile 010A0A (room 0x20)
wall of tile 01090A (room 0x20),wall of tile 010C0A (room 0x20),48.409,no,the line between them touches another wall,wall of tile 010B0A (room 0x20)
wall of tile 01090A (room 0x20),wall of tile 1CAD01 (room 0x0c),54.123,no,"the line between them leaves the walkable area (a wall's thickness, or another floor)",
wall of tile 01090A (room 0x20),wall of tile 1CAC01 (room 0x0c),54.123,no,"the line between them leaves the walkable area (a wall's thickness, or another floor)",
wall of tile 010A09 (room 0x20),wall of tile 010C09 (room 0x20),24.205,no,the line between them touches another wall,wall of tile 010B09 (room 0x20)
wall of tile 010A09 (room 0x20),wall of tile 00CB0A (room 0x20),50.610,no,the line between them touches another wall,wall of tile 010C09 (room 0x20)
wall of tile 010A0A (room 0x20),wall of tile 010C0A (room 0x20),24.205,no,the line between them touches another wall,wall of tile 010B0A (room 0x20)
wall of tile 010A0A (room 0x20),wall of tile 00CB09 (room 0x20),50.610,no,the line between them touches another wall,wall of tile 010B0A (room 0x20)
wall of tile 010A0A (room 0x20),wall of tile 1CAD01 (room 0x0c),34.231,no,"the line between them leaves the walkable area (a wall's thickness, or another floor)",
wall of tile 010A0A (room 0x20),wall of tile 1CAC01 (room 0x0c),34.231,no,"the line between them leaves the walkable area (a wall's thickness, or another floor)",
wall of tile 010B09 (room 0x20),wall of tile 00CB0A (room 0x20),26.405,no,the line between them touches another wall,wall of tile 010C09 (room 0x20)
wall of tile 010B0A (room 0x20),wall of tile 00CB09 (room 0x20),26.405,no,the line between them touches another wall,wall of tile 010C0A (room 0x20)
wall of tile 010B0A (room 0x20),wall of tile 1CAD01 (room 0x0c),24.205,no,"the line between them leaves the walkable area (a wall's thickness, or another floor)",
wall of tile 010B0A (room 0x20),wall of tile 1CAC01 (room 0x0c),24.205,no,"the line between them leaves the walkable area (a wall's thickness, or another floor)",
wall of tile 010C09 (room 0x20),wall of tile 01E60A (room 0x20),48.409,no,the line between them touches another wall,wall of tile 00CB0A (room 0x20)
wall of tile 010C0A (room 0x20),wall of tile 1CAD01 (room 0x0c),24.205,no,"the line between them leaves the walkable area (a wall's thickness, or another floor)",
wall of tile 010C0A (room 0x20),wall of tile 1CAC01 (room 0x0c),24.205,no,"the line between them leaves the walkable area (a wall's thickness, or another floor)",
wall of tile 00CB0A (room 0x20),door 0x1ec0b0 (preset 0x0031),50.435,no,"another wall pokes into the space between them, so a tighter pair covers this gap",wall of tile 01E60A (room 0x20)
wall of tile 00CB0A (room 0x20),door 0x1ec0b0 (preset 0x0031),50.435,no,"another wall pokes into the space between them, so a tighter pair covers this gap",wall of tile 01E60A (room 0x20)
wall of tile 00CB0A (room 0x20),wall of tile 018A08 (room 0x1f),26.405,no,the line between them touches another wall,wall of tile 017409 (room 0x1f)
wall of tile 00CB0A (room 0x20),door 0x1ec0b0 (preset 0x0031),50.543,no,"another wall pokes into the space between them, so a tighter pair covers this gap",wall of tile 01E609 (room 0x20)
wall of tile 00CB0A (room 0x20),door 0x1ec0b0 (preset 0x0031),50.543,no,"the line between them leaves the walkable area (a wall's thickness, or another floor)",
wall of tile 00CB0A (room 0x20),door 0x1ec0b0 (preset 0x0031),50.610,no,"the line between them leaves the walkable area (a wall's thickness, or another floor)",
wall of tile 00CB0A (room 0x20),door 0x1ec1b0 (preset 0x0032),13.282,no,the line between them touches another wall,door 0x1ec1b0 (preset 0x0032)
wall of tile 00CB0A (room 0x20),door 0x1ec1b0 (preset 0x0032),0.002,no,"the line between them leaves the walkable area (a wall's thickness, or another floor)",
wall of tile 00CB0A (room 0x20),door 0x1ec1b0 (preset 0x0032),0.002,no,"the line between them leaves the walkable area (a wall's thickness, or another floor)",
wall of tile 00CB09 (room 0x20),wall of tile 018608 (room 0x1f),26.405,no,the line between them touches another wall,wall of tile 01740A (room 0x1f)
wall of tile 00CB09 (room 0x20),wall of tile 1CAD01 (room 0x0c),24.205,no,"the line between them leaves the walkable area (a wall's thickness, or another floor)",
wall of tile 00CB09 (room 0x20),wall of tile 1CAC01 (room 0x0c),35.820,no,"the line between them leaves the walkable area (a wall's thickness, or another floor)",
wall of tile 00CB09 (room 0x20),door 0x1ec1b0 (preset 0x0032),0.000,no,"another wall pokes into the space between them, so a tighter pair covers this gap",wall of tile 01740A (room 0x1f)
wall of tile 00CB09 (room 0x20),door 0x1ec1b0 (preset 0x0032),13.203,no,"the line between them leaves the walkable area (a wall's thickness, or another floor)",
wall of tile 00CB09 (room 0x20),door 0x1ec1b0 (preset 0x0032),13.270,no,"the line between them leaves the walkable area (a wall's thickness, or another floor)",
wall of tile 00CB09 (room 0x20),door 0x1ec1b0 (preset 0x0032),0.000,no,"another wall pokes into the space between them, so a tighter pair covers this gap",door 0x1ec1b0 (preset 0x0032)
wall of tile 01E60A (room 0x20),wall of tile 1C5D01 (room 0x0c),26.405,no,the far wall faces the other way (it belongs to floor which isn't linked here),
wall of tile 01E60A (room 0x20),wall of tile 1C5E01 (room 0x0c),50.610,no,the far wall faces the other way (it belongs to floor which isn't linked here),
wall of tile 01E60A (room 0x20),door 0x1ec0b0 (preset 0x0031),0.014,no,"the line between them leaves the walkable area (a wall's thickness, or another floor)",
wall of tile 01E60A (room 0x20),door 0x1ec0b0 (preset 0x0031),0.000,no,"another wall pokes into the space between them, so a tighter pair covers this gap",door 0x1ec0b0 (preset 0x0031)
wall of tile 01E609 (room 0x20),wall of tile 1C9701 (room 0x0c),26.405,no,the line between them touches another wall,wall of tile 1C9701 (room 0x0c)
wall of tile 01E609 (room 0x20),wall of tile 1C5D01 (room 0x0c),48.409,no,the far wall faces the other way (it belongs to floor which isn't linked here),
wall of tile 01E609 (room 0x20),wall of tile 1C5E01 (room 0x0c),24.205,no,the far wall faces the other way (it belongs to floor which isn't linked here),
wall of tile 01E609 (room 0x20),door 0x1ec0b0 (preset 0x0031),0.014,no,"the line between them leaves the walkable area (a wall's thickness, or another floor)",
wall of tile 01E609 (room 0x20),door 0x1ec0b0 (preset 0x0031),0.000,no,"another wall pokes into the space between them, so a tighter pair covers this gap",door 0x1ec0b0 (preset 0x0031)
wall of tile 1C9701 (room 0x0c),wall of tile 1C5E02 (room 0x0c),50.610,no,the far wall faces the other way (it belongs to floor which isn't linked here),
wall of tile 1C9701 (room 0x0c),wall of tile 1C5E01 (room 0x0c),50.610,no,the line between them touches another wall,wall of tile 01E609 (room 0x20)
wall of tile 1C9701 (room 0x0c),wall of tile 1C5F02 (room 0x0c),26.405,no,the far wall faces the other way (it belongs to floor which isn't linked here),
wall of tile 1C9701 (room 0x0c),wall of tile 1C5F01 (room 0x0c),26.405,no,the line between them touches another wall,wall of tile 1C9701 (room 0x0c)
wall of tile 1C9701 (room 0x0c),door 0x1ec0b0 (preset 0x0031),35.855,no,"the line between them leaves the walkable area (a wall's thickness, or another floor)",
wall of tile 1C9701 (room 0x0c),door 0x1ec0b0 (preset 0x0031),35.810,no,"the line between them leaves the walkable area (a wall's thickness, or another floor)",
wall of tile 1C9701 (room 0x0c),door 0x1ec0b0 (preset 0x0031),28.539,no,"the line between them leaves the walkable area (a wall's thickness, or another floor)",
wall of tile 1C9701 (room 0x0c),door 0x1ec0b0 (preset 0x0031),28.539,no,"the line between them leaves the walkable area (a wall's thickness, or another floor)",
wall of tile 1C9701 (room 0x0c),wall of tile 1C5D01 (room 0x0c),48.409,no,the far wall faces the other way (it belongs to floor which isn't linked here),
wall of tile 1C9701 (room 0x0c),wall of tile 1C5E01 (room 0x0c),24.205,no,the far wall faces the other way (it belongs to floor which isn't linked here),
wall of tile 1C9701 (room 0x0c),door 0x1ec0b0 (preset 0x0031),24.271,no,"the line between them leaves the walkable area (a wall's thickness, or another floor)",
wall of tile 1C9701 (room 0x0c),door 0x1ec0b0 (preset 0x0031),24.205,no,"the line between them leaves the walkable area (a wall's thickness, or another floor)",
wall of tile 1C9701 (room 0x0c),door 0x1ec0b0 (preset 0x0031),10.827,no,"another wall pokes into the space between them, so a tighter pair covers this gap",wall of tile 01E609 (room 0x20)
wall of tile 1C9701 (room 0x0c),door 0x1ec0b0 (preset 0x0031),10.827,no,"another wall pokes into the space between them, so a tighter pair covers this gap",wall of tile 01E609 (room 0x20)
wall of tile 1C9702 (room 0x0c),wall of tile 1C8301 (room 0x0c),24.205,no,the line between them touches another wall,wall of tile 1C8F01 (room 0x0c)
wall of tile 1C9702 (room 0x0c),wall of tile 1C8601 (room 0x0c),48.409,no,the line between them touches another wall,wall of tile 1C8F01 (room 0x0c)
wall of tile 1C9702 (room 0x0c),wall of tile 1C5D02 (room 0x0c),26.405,no,the far wall faces the other way (it belongs to floor which isn't linked here),
wall of tile 1C9702 (room 0x0c),wall of tile 1C5D01 (room 0x0c),26.405,no,the far wall faces the other way (it belongs to floor which isn't linked here),
wall of tile 1C9702 (room 0x0c),wall of tile 1C5E02 (room 0x0c),50.610,no,the far wall faces the other way (it belongs to floor which isn't linked here),
wall of tile 1C9702 (room 0x0c),wall of tile 1C5E01 (room 0x0c),50.610,no,the far wall faces the other way (it belongs to floor which isn't linked here),
wall of tile 1C9702 (room 0x0c),door 0x1ec0b0 (preset 0x0031),10.935,no,"the line between them leaves the walkable area (a wall's thickness, or another floor)",
wall of tile 1C9702 (room 0x0c),door 0x1ec0b0 (preset 0x0031),11.002,no,"the line between them leaves the walkable area (a wall's thickness, or another floor)",
wall of tile 1C9702 (room 0x0c),door 0x1ec0b0 (preset 0x0031),24.380,no,the line between them touches another wall,door 0x1ec0b0 (preset 0x0031)
wall of tile 1C9702 (room 0x0c),door 0x1ec0b0 (preset 0x0031),10.935,no,"another wall pokes into the space between them, so a tighter pair covers this gap",wall of tile 01E60A (room 0x20)
wall of tile 1C9702 (room 0x0c),wall of tile 1C8302 (room 0x0c),24.205,no,the line between them touches another wall,wall of tile 1C8F02 (room 0x0c)
wall of tile 1C9702 (room 0x0c),wall of tile 1C8602 (room 0x0c),48.409,no,the line between them touches another wall,wall of tile 1C8F02 (room 0x0c)
wall of tile 1C9802 (room 0x0c),door 0x1ec3b0 (preset 0x002f),19.863,no,"the line between them leaves the walkable area (a wall's thickness, or another floor)",
wall of tile 1C9802 (room 0x0c),door 0x1ec3b0 (preset 0x002f),19.804,no,"the line between them leaves the walkable area (a wall's thickness, or another floor)",
wall of tile 1C9802 (room 0x0c),door 0x1ec3b0 (preset 0x002f),8.629,no,"the line between them leaves the walkable area (a wall's thickness, or another floor)",
wall of tile 1C9802 (room 0x0c),door 0x1ec3b0 (preset 0x002f),8.629,no,"the line between them leaves the walkable area (a wall's thickness, or another floor)",
wall of tile 1C9802 (room 0x0c),door 0x1ebfb0 (preset 0x0030),24.271,no,"the line between them leaves the walkable area (a wall's thickness, or another floor)",
wall of tile 1C9802 (room 0x0c),door 0x1ebfb0 (preset 0x0030),24.205,no,"the line between them leaves the walkable area (a wall's thickness, or another floor)",
wall of tile 1C9802 (room 0x0c),door 0x1ebfb0 (preset 0x0030),10.827,no,"the line between them leaves the walkable area (a wall's thickness, or another floor)",
wall of tile 1C9802 (room 0x0c),door 0x1ebfb0 (preset 0x0030),10.827,no,"the line between them leaves the walkable area (a wall's thickness, or another floor)",
wall of tile 1C9802 (room 0x0c),door 0x1ec2b0 (preset 0x002e),21.720,no,the far wall faces the other way (it belongs to floor which isn't linked here),
wall of tile 1C9802 (room 0x0c),door 0x1ec2b0 (preset 0x002e),21.666,no,the far wall faces the other way (it belongs to floor which isn't linked here),
wall of tile 1C9802 (room 0x0c),door 0x1ec2b0 (preset 0x002e),12.327,no,the far wall faces the other way (it belongs to floor which isn't linked here),
wall of tile 1C9802 (room 0x0c),door 0x1ec2b0 (preset 0x002e),12.327,no,the far wall faces the other way (it belongs to floor which isn't linked here),
wall of tile 1C9802 (room 0x0c),door 0x1ec3b0 (preset 0x002f),12.458,no,the far wall faces the other way (it belongs to floor which isn't linked here),
wall of tile 1C9802 (room 0x0c),door 0x1ec3b0 (preset 0x002f),19.863,no,"the line between them leaves the walkable area (a wall's thickness, or another floor)",
wall of tile 1C9802 (room 0x0c),door 0x1ec3b0 (preset 0x002f),19.804,no,"the line between them leaves the walkable area (a wall's thickness, or another floor)",
wall of tile 1C9802 (room 0x0c),door 0x1ec3b0 (preset 0x002f),8.629,no,"the line between them leaves the walkable area (a wall's thickness, or another floor)",
wall of tile 1C9802 (room 0x0c),door 0x1ec3b0 (preset 0x002f),8.629,no,"the line between them leaves the walkable area (a wall's thickness, or another floor)",
wall of tile 1C9802 (room 0x0c),door 0x1ec3b0 (preset 0x002f),12.416,no,the far wall faces the other way (it belongs to floor which isn't linked here),
wall of tile 1C9802 (room 0x0c),door 0x1ebfb0 (preset 0x0030),10.935,no,"the line between them leaves the walkable area (a wall's thickness, or another floor)",
wall of tile 1C9802 (room 0x0c),door 0x1ebfb0 (preset 0x0030),11.002,no,"the line between them leaves the walkable area (a wall's thickness, or another floor)",
wall of tile 1C9802 (room 0x0c),door 0x1ebfb0 (preset 0x0030),24.379,no,the line between them touches another wall,door 0x1ebfb0 (preset 0x0030)
wall of tile 1C9802 (room 0x0c),door 0x1ebfb0 (preset 0x0030),10.935,no,"another wall pokes into the space between them, so a tighter pair covers this gap",wall of tile 01EB0A (room 0x1f)
wall of tile 1C9802 (room 0x0c),door 0x1ec2b0 (preset 0x002e),8.744,no,"the line between them leaves the walkable area (a wall's thickness, or another floor)",
wall of tile 1C9802 (room 0x0c),door 0x1ec2b0 (preset 0x002e),8.802,no,"the line between them leaves the walkable area (a wall's thickness, or another floor)",
wall of tile 1C9802 (room 0x0c),door 0x1ec2b0 (preset 0x002e),19.976,no,the far wall faces the other way (it belongs to floor which isn't linked here),
wall of tile 1C9802 (room 0x0c),door 0x1ec2b0 (preset 0x002e),8.744,no,the far wall faces the other way (it belongs to floor which isn't linked here),
wall of tile 1C9802 (room 0x0c),glass 0x1ee548 (preset 0x277e),48.410,no,"the line between them leaves the walkable area (a wall's thickness, or another floor)",
wall of tile 1C9802 (room 0x0c),glass 0x1ee5dc (preset 0x277f),48.410,no,"the line between them leaves the walkable area (a wall's thickness, or another floor)",
wall of tile 1C9802 (room 0x0c),glass 0x1ee670 (preset 0x2780),48.410,no,"the line between them leaves the walkable area (a wall's thickness, or another floor)",
wall of tile 01EB0A (room 0x1f),door 0x1ebfb0 (preset 0x0030),0.014,no,"the line between them leaves the walkable area (a wall's thickness, or another floor)",
wall of tile 01EB0A (room 0x1f),door 0x1ebfb0 (preset 0x0030),0.000,no,"another wall pokes into the space between them, so a tighter pair covers this gap",door 0x1ebfb0 (preset 0x0030)
wall of tile 01EB0A (room 0x1f),door 0x1ec2b0 (preset 0x002e),0.014,no,"the line between them leaves the walkable area (a wall's thickness, or another floor)",
wall of tile 01EB0A (room 0x1f),door 0x1ec2b0 (preset 0x002e),0.000,no,the far wall faces the other way (it belongs to floor which isn't linked here),
wall of tile 01EB09 (room 0x1f),door 0x1ebfb0 (preset 0x0030),0.015,no,"the line between them leaves the walkable area (a wall's thickness, or another floor)",
wall of tile 01EB09 (room 0x1f),door 0x1ebfb0 (preset 0x0030),0.000,no,"the line between them leaves the walkable area (a wall's thickness, or another floor)",
wall of tile 01EB09 (room 0x1f),door 0x1ec2b0 (preset 0x002e),8.788,no,the far wall faces the other way (it belongs to floor which isn't linked here),
wall of tile 01EB09 (room 0x1f),door 0x1ec2b0 (preset 0x002e),8.788,no,the far wall faces the other way (it belongs to floor which isn't linked here),
wall of tile 01EB09 (room 0x1f),door 0x1ec2b0 (preset 0x002e),8.788,no,the far wall faces the other way (it belongs to floor which isn't linked here),
wall of tile 01EB09 (room 0x1f),door 0x1ec2b0 (preset 0x002e),8.802,no,the far wall faces the other way (it belongs to floor which isn't linked here),
wall of tile 01EB09 (room 0x1f),door 0x1ec3b0 (preset 0x002f),8.801,no,the far wall faces the other way (it belongs to floor which isn't linked here),
wall of tile 01EB09 (room 0x1f),door 0x1ec3b0 (preset 0x002f),8.816,no,the far wall faces the other way (it belongs to floor which isn't linked here),
wall of tile 018A08 (room 0x1f),door 0x1ec1b0 (preset 0x0032),13.123,no,"the line between them leaves the walkable area (a wall's thickness, or another floor)",
wall of tile 018A08 (room 0x1f),door 0x1ec1b0 (preset 0x0032),13.123,no,"the line between them leaves the walkable area (a wall's thickness, or another floor)",
wall of tile 018A08 (room 0x1f),door 0x1ec1b0 (preset 0x0032),26.405,no,"the line between them leaves the walkable area (a wall's thickness, or another floor)",
wall of tile 018A08 (room 0x1f),door 0x1ec1b0 (preset 0x0032),26.472,no,"the line between them leaves the walkable area (a wall's thickness, or another floor)",
wall of tile 018A08 (room 0x1f),glass 0x1ee548 (preset 0x277e),42.269,no,"the line between them leaves the walkable area (a wall's thickness, or another floor)",
wall of tile 018A08 (room 0x1f),glass 0x1ee5dc (preset 0x277f),42.269,no,"the line between them leaves the walkable area (a wall's thickness, or another floor)",
wall of tile 018A08 (room 0x1f),door 0x1ebfb0 (preset 0x0030),50.435,no,"another wall pokes into the space between them, so a tighter pair covers this gap",wall of tile 01EB0A (room 0x1f)
wall of tile 018A08 (room 0x1f),door 0x1ebfb0 (preset 0x0030),50.435,no,"another wall pokes into the space between them, so a tighter pair covers this gap",wall of tile 01EB0A (room 0x1f)
wall of tile 018A08 (room 0x1f),door 0x1ec2b0 (preset 0x002e),54.838,no,the far wall faces the other way (it belongs to floor which isn't linked here),
wall of tile 018A08 (room 0x1f),door 0x1ec2b0 (preset 0x002e),54.838,no,the far wall faces the other way (it belongs to floor which isn't linked here),
wall of tile 018A08 (room 0x1f),glass 0x1ee548 (preset 0x277e),26.405,no,"the line between them leaves the walkable area (a wall's thickness, or another floor)",
wall of tile 018A08 (room 0x1f),glass 0x1ee5dc (preset 0x277f),26.405,no,"the line between them leaves the walkable area (a wall's thickness, or another floor)",
wall of tile 018A08 (room 0x1f),generic 0x1eb430 (preset 0x274b),22.174,yes,,
wall of tile 018A08 (room 0x1f),generic 0x1eb430 (preset 0x274b),22.174,yes,,
wall of tile 018A08 (room 0x1f),door 0x1ebfb0 (preset 0x0030),50.543,no,"another wall pokes into the space between them, so a tighter pair covers this gap",wall of tile 01EB09 (room 0x1f)
wall of tile 018A08 (room 0x1f),door 0x1ebfb0 (preset 0x0030),50.543,no,"the line between them leaves the walkable area (a wall's thickness, or another floor)",
wall of tile 018A08 (room 0x1f),door 0x1ebfb0 (preset 0x0030),50.610,no,"the line between them leaves the walkable area (a wall's thickness, or another floor)",
wall of tile 018A08 (room 0x1f),door 0x1ec2b0 (preset 0x002e),55.650,no,the far wall faces the other way (it belongs to floor which isn't linked here),
wall of tile 018A08 (room 0x1f),door 0x1ec2b0 (preset 0x002e),55.650,no,the far wall faces the other way (it belongs to floor which isn't linked here),
wall of tile 018A08 (room 0x1f),door 0x1ec2b0 (preset 0x002e),55.708,no,the far wall faces the other way (it belongs to floor which isn't linked here),
wall of tile 018A08 (room 0x1f),door 0x1ec3b0 (preset 0x002f),55.538,no,the far wall faces the other way (it belongs to floor which isn't linked here),
wall of tile 018A08 (room 0x1f),door 0x1ec3b0 (preset 0x002f),54.847,no,the far wall faces the other way (it belongs to floor which isn't linked here),
wall of tile 018A08 (room 0x1f),door 0x1ec3b0 (preset 0x002f),54.952,no,"the line between them leaves the walkable area (a wall's thickness, or another floor)",
wall of tile 018A08 (room 0x1f),door 0x1ec3b0 (preset 0x002f),55.010,no,"the line between them leaves the walkable area (a wall's thickness, or another floor)",
wall of tile 018908 (room 0x1f),generic 0x1eab90 (preset 0x2747),0.175,no,"the line between them leaves the walkable area (a wall's thickness, or another floor)",
wall of tile 018908 (room 0x1f),generic 0x1eadb0 (preset 0x2749),56.973,no,"the line between them leaves the walkable area (a wall's thickness, or another floor)",
wall of tile 018908 (room 0x1f),generic 0x1eadb0 (preset 0x2749),17.392,no,"another wall pokes into the space between them, so a tighter pair covers this gap",wall of tile 018709 (room 0x1f)
wall of tile 018908 (room 0x1f),generic 0x1eadb0 (preset 0x2749),17.741,no,"another wall pokes into the space between them, so a tighter pair covers this gap",wall of tile 018709 (room 0x1f)
wall of tile 018908 (room 0x1f),generic 0x1eb430 (preset 0x274b),17.773,no,"another wall pokes into the space between them, so a tighter pair covers this gap",generic 0x1eb430 (preset 0x274b)
wall of tile 018908 (room 0x1f),generic 0x1eb430 (preset 0x274b),17.772,yes,,
wall of tile 018908 (room 0x1f),generic 0x1eb430 (preset 0x274b),17.772,yes,,
wall of tile 018908 (room 0x1f),glass 0x1eeb10 (preset 0x2788),26.405,no,"the line between them leaves the walkable area (a wall's thickness, or another floor)",
wall of tile 01740A (room 0x1f),wall of tile 1CAD01 (room 0x0c),24.205,no,"the line between them leaves the walkable area (a wall's thickness, or another floor)",
wall of tile 01740A (room 0x1f),door 0x1ec1b0 (preset 0x0032),0.002,no,"the line between them leaves the walkable area (a wall's thickness, or another floor)",
wall of tile 01740A (room 0x1f),door 0x1ec1b0 (preset 0x0032),0.079,no,"another wall pokes into the space between them, so a tighter pair covers this gap",wall of tile 00CB09 (room 0x20)
wall of tile 017409 (room 0x1f),door 0x1ec1b0 (preset 0x0032),0.000,no,"the line between them leaves the walkable area (a wall's thickness, or another floor)",
wall of tile 017409 (room 0x1f),door 0x1ec1b0 (preset 0x0032),0.002,no,"the line between them leaves the walkable area (a wall's thickness, or another floor)",
wall of tile 017409 (room 0x1f),door 0x1ec1b0 (preset 0x0032),0.067,no,"the line between them leaves the walkable area (a wall's thickness, or another floor)",
wall of tile 018709 (room 0x1f),generic 0x1eab90 (preset 0x2747),0.000,no,the line between them touches another wall,generic 0x1eab90 (preset 0x2747)
wall of tile 018709 (room 0x1f),generic 0x1eab90 (preset 0x2747),0.000,no,"another wall pokes into the space between them, so a tighter pair covers this gap",generic 0x1eab90 (preset 0x2747)
wall of tile 018709 (room 0x1f),generic 0x1eab90 (preset 0x2747),19.804,no,"the line between them leaves the walkable area (a wall's thickness, or another floor)",
wall of tile 018709 (room 0x1f),generic 0x1ead20 (preset 0x2748),2.200,no,"another wall pokes into the space between them, so a tighter pair covers this gap",generic 0x1ead20 (preset 0x2748)
wall of tile 018709 (room 0x1f),generic 0x1ead20 (preset 0x2748),2.177,yes,,
wall of tile 018709 (room 0x1f),generic 0x1ead20 (preset 0x2748),2.177,yes,,
wall of tile 018709 (room 0x1f),generic 0x1eadb0 (preset 0x2749),56.688,no,"another wall pokes into the space between them, so a tighter pair covers this gap",generic 0x1eadb0 (preset 0x2749)
wall of tile 018709 (room 0x1f),generic 0x1eadb0 (preset 0x2749),17.604,no,"another wall pokes into the space between them, so a tighter pair covers this gap",generic 0x1eadb0 (preset 0x2749)
wall of tile 018709 (room 0x1f),generic 0x1eab90 (preset 0x2747),6.502,no,"another wall pokes into the space between them, so a tighter pair covers this gap",wall of tile 018709 (room 0x1f)
wall of tile 018709 (room 0x1f),generic 0x1eab90 (preset 0x2747),6.502,no,"another wall pokes into the space between them, so a tighter pair covers this gap",wall of tile 018709 (room 0x1f)
wall of tile 018709 (room 0x1f),generic 0x1eab90 (preset 0x2747),6.502,no,"another wall pokes into the space between them, so a tighter pair covers this gap",wall of tile 018709 (room 0x1f)
wall of tile 018709 (room 0x1f),generic 0x1eab90 (preset 0x2747),6.602,no,"another wall pokes into the space between them, so a tighter pair covers this gap",generic 0x1eab90 (preset 0x2747)
wall of tile 018709 (room 0x1f),generic 0x1ead20 (preset 0x2748),10.977,no,"another wall pokes into the space between them, so a tighter pair covers this gap",wall of tile 018709 (room 0x1f)
wall of tile 018709 (room 0x1f),generic 0x1ead20 (preset 0x2748),10.977,no,"another wall pokes into the space between them, so a tighter pair covers this gap",wall of tile 018709 (room 0x1f)
wall of tile 018709 (room 0x1f),generic 0x1ead20 (preset 0x2748),11.002,no,"another wall pokes into the space between them, so a tighter pair covers this gap",generic 0x1ead20 (preset 0x2748)
wall of tile 018608 (room 0x1f),wall of tile 1CAD01 (room 0x0c),50.610,no,the far wall faces the other way (it belongs to floor which isn't linked here),
wall of tile 018608 (room 0x1f),generic 0x1eab90 (preset 0x2747),14.590,no,"another wall pokes into the space between them, so a tighter pair covers this gap",wall of tile 018709 (room 0x1f)
wall of tile 018608 (room 0x1f),generic 0x1eab90 (preset 0x2747),14.590,no,"another wall pokes into the space between them, so a tighter pair covers this gap",wall of tile 018709 (room 0x1f)
wall of tile 018608 (room 0x1f),door 0x1ec1b0 (preset 0x0032),13.203,no,"the line between them leaves the walkable area (a wall's thickness, or another floor)",
wall of tile 018608 (room 0x1f),door 0x1ec1b0 (preset 0x0032),13.136,no,"the line between them leaves the walkable area (a wall's thickness, or another floor)",
wall of tile 018608 (room 0x1f),door 0x1ec1b0 (preset 0x0032),13.136,no,"another wall pokes into the space between them, so a tighter pair covers this gap",wall of tile 01740A (room 0x1f)
wall of tile 018608 (room 0x1f),door 0x1ec1b0 (preset 0x0032),26.484,no,the line between them touches another wall,door 0x1ec1b0 (preset 0x0032)
wall of tile 1C8F02 (room 0x0c),wall of tile 1C8602 (room 0x0c),24.205,no,the line between them touches another wall,wall of tile 1C8302 (room 0x0c)
wall of tile 1C8F02 (room 0x0c),wall of tile 1C8702 (room 0x0c),50.610,no,the line between them touches another wall,wall of tile 1C8302 (room 0x0c)
wall of tile 1C8F01 (room 0x0c),wall of tile 1C8601 (room 0x0c),24.205,no,the line between them touches another wall,wall of tile 1C8301 (room 0x0c)
wall of tile 1C8F01 (room 0x0c),wall of tile 1C8701 (room 0x0c),50.610,no,the line between them touches another wall,wall of tile 1C8301 (room 0x0c)
wall of tile 1C8F01 (room 0x0c),wall of tile 1C6B02 (room 0x0c),48.409,no,"the line between them leaves the walkable area (a wall's thickness, or another floor)",
wall of tile 1C8F01 (room 0x0c),wall of tile 1C5C02 (room 0x0c),48.409,no,the line between them touches another wall,wall of tile 1C9702 (room 0x0c)
wall of tile 1C8F01 (room 0x0c),wall of tile 1C5D02 (room 0x0c),55.143,no,the far wall faces the other way (it belongs to floor which isn't linked here),
wall of tile 1C8302 (room 0x0c),wall of tile 1C8702 (room 0x0c),26.405,no,the line between them touches another wall,wall of tile 1C8602 (room 0x0c)
wall of tile 1C8302 (room 0x0c),wall of tile 1C8502 (room 0x0c),50.610,no,the line between them touches another wall,wall of tile 1C8602 (room 0x0c)
wall of tile 1C8301 (room 0x0c),wall of tile 1C8701 (room 0x0c),26.405,no,the line between them touches another wall,wall of tile 1C8601 (room 0x0c)
wall of tile 1C8301 (room 0x0c),wall of tile 1C8501 (room 0x0c),50.610,no,the line between them touches another wall,wall of tile 1C8601 (room 0x0c)
wall of tile 1C8301 (room 0x0c),wall of tile 1C6B02 (room 0x0c),48.409,no,"the line between them leaves the walkable area (a wall's thickness, or another floor)",
wall of tile 1C8301 (room 0x0c),wall of tile 1C5C02 (room 0x0c),54.123,no,"the line between them leaves the walkable area (a wall's thickness, or another floor)",
wall of tile 1C8602 (room 0x0c),wall of tile 1C8502 (room 0x0c),24.205,no,the line between them touches another wall,wall of tile 1C8702 (room 0x0c)
wall of tile 1C8602 (room 0x0c),wall of tile 1C8802 (room 0x0c),48.409,no,the line between them touches another wall,wall of tile 1C8702 (room 0x0c)
wall of tile 1C8601 (room 0x0c),wall of tile 1C8501 (room 0x0c),24.205,no,the line between them touches another wall,wall of tile 1C8701 (room 0x0c)
wall of tile 1C8601 (room 0x0c),wall of tile 1C8801 (room 0x0c),48.409,no,the line between them touches another wall,wall of tile 1C8701 (room 0x0c)
wall of tile 1C8601 (room 0x0c),wall of tile 1C6B02 (room 0x0c),48.409,no,"the line between them leaves the walkable area (a wall's thickness, or another floor)",
wall of tile 1C8702 (room 0x0c),wall of tile 1C8802 (room 0x0c),24.205,no,the line between them touches another wall,wall of tile 1C8502 (room 0x0c)
wall of tile 1C8702 (room 0x0c),wall of tile 1C8C02 (room 0x0c),50.610,no,the line between them touches another wall,wall of tile 1C8502 (room 0x0c)
wall of tile 1C8701 (room 0x0c),wall of tile 1C8801 (room 0x0c),24.205,no,the line between them touches another wall,wall of tile 1C8501 (room 0x0c)
wall of tile 1C8701 (room 0x0c),wall of tile 1C8C01 (room 0x0c),50.610,no,the line between them touches another wall,wall of tile 1C8501 (room 0x0c)
wall of tile 1C8701 (room 0x0c),wall of tile 1C6B02 (room 0x0c),48.409,no,"the line between them leaves the walkable area (a wall's thickness, or another floor)",
wall of tile 1C8502 (room 0x0c),wall of tile 1C8C02 (room 0x0c),26.405,no,the line between them touches another wall,wall of tile 1C8802 (room 0x0c)
wall of tile 1C8502 (room 0x0c),wall of tile 1C8D02 (room 0x0c),50.610,no,the line between them touches another wall,wall of tile 1C8802 (room 0x0c)
wall of tile 1C8501 (room 0x0c),wall of tile 1C8C01 (room 0x0c),26.405,no,the line between them touches another wall,wall of tile 1C8801 (room 0x0c)
wall of tile 1C8501 (room 0x0c),wall of tile 1C8D01 (room 0x0c),50.610,no,the line between them touches another wall,wall of tile 1C8801 (room 0x0c)
wall of tile 1C8501 (room 0x0c),wall of tile 1C6B02 (room 0x0c),48.409,no,"the line between them leaves the walkable area (a wall's thickness, or another floor)",
wall of tile 1C8802 (room 0x0c),wall of tile 1C8D02 (room 0x0c),24.205,no,the line between them touches another wall,wall of tile 1C8C02 (room 0x0c)
wall of tile 1C8802 (room 0x0c),wall of tile 1C8A02 (room 0x0c),48.409,no,the line between them touches another wall,wall of tile 1C8C02 (room 0x0c)
wall of tile 1C8801 (room 0x0c),wall of tile 1C8D01 (room 0x0c),24.205,no,the line between them touches another wall,wall of tile 1C8C01 (room 0x0c)
wall of tile 1C8801 (room 0x0c),wall of tile 1C8A01 (room 0x0c),48.409,no,the line between them touches another wall,wall of tile 1C8C01 (room 0x0c)
wall of tile 1C8801 (room 0x0c),wall of tile 1C6B02 (room 0x0c),48.409,no,"the line between them leaves the walkable area (a wall's thickness, or another floor)",
wall of tile 1C8C02 (room 0x0c),wall of tile 1C8A02 (room 0x0c),24.205,no,the line between them touches another wall,wall of tile 1C8D02 (room 0x0c)
wall of tile 1C8C02 (room 0x0c),wall of tile 1C8902 (room 0x0c),48.409,no,the line between them touches another wall,wall of tile 1C8D02 (room 0x0c)
wall of tile 1C8C01 (room 0x0c),wall of tile 1C8A01 (room 0x0c),24.205,no,the line between them touches another wall,wall of tile 1C8D01 (room 0x0c)
wall of tile 1C8C01 (room 0x0c),wall of tile 1C8901 (room 0x0c),48.409,no,the line between them touches another wall,wall of tile 1C8D01 (room 0x0c)
wall of tile 1C8C01 (room 0x0c),wall of tile 1C6B02 (room 0x0c),48.409,no,"the line between them leaves the walkable area (a wall's thickness, or another floor)",
wall of tile 1C8D02 (room 0x0c),wall of tile 1C8902 (room 0x0c),24.205,no,the line between them touches another wall,wall of tile 1C8A02 (room 0x0c)
wall of tile 1C8D02 (room 0x0c),wall of tile 1C8402 (room 0x0c),50.610,no,the line between them touches another wall,wall of tile 1C8A02 (room 0x0c)
wall of tile 1C8D01 (room 0x0c),wall of tile 1C8901 (room 0x0c),24.205,no,the line between them touches another wall,wall of tile 1C8A01 (room 0x0c)
wall of tile 1C8D01 (room 0x0c),wall of tile 1C8401 (room 0x0c),50.610,no,the line between them touches another wall,wall of tile 1C8A01 (room 0x0c)
wall of tile 1C8D01 (room 0x0c),wall of tile 1C6B02 (room 0x0c),48.409,no,"the line between them leaves the walkable area (a wall's thickness, or another floor)",
wall of tile 1C8A02 (room 0x0c),wall of tile 1C8402 (room 0x0c),26.405,no,the line between them touches another wall,wall of tile 1C8902 (room 0x0c)
wall of tile 1C8A02 (room 0x0c),wall of tile 1C8B02 (room 0x0c),50.610,no,the line between them touches another wall,wall of tile 1C8902 (room 0x0c)
wall of tile 1C8A01 (room 0x0c),wall of tile 1C8401 (room 0x0c),26.405,no,the line between them touches another wall,wall of tile 1C8901 (room 0x0c)
wall of tile 1C8A01 (room 0x0c),wall of tile 1C8B01 (room 0x0c),50.610,no,the line between them touches another wall,wall of tile 1C8901 (room 0x0c)
wall of tile 1C8A01 (room 0x0c),wall of tile 1C6B02 (room 0x0c),48.409,no,"the line between them leaves the walkable area (a wall's thickness, or another floor)",
wall of tile 1C8902 (room 0x0c),wall of tile 1C8B02 (room 0x0c),24.205,no,the line between them touches another wall,wall of tile 1C8402 (room 0x0c)
wall of tile 1C8902 (room 0x0c),wall of tile 1C8E02 (room 0x0c),48.409,no,the line between them touches another wall,wall of tile 1C8402 (room 0x0c)
wall of tile 1C8901 (room 0x0c),wall of tile 1C8B01 (room 0x0c),24.205,no,the line between them touches another wall,wall of tile 1C8401 (room 0x0c)
wall of tile 1C8901 (room 0x0c),wall of tile 1C8E01 (room 0x0c),48.409,no,the line between them touches another wall,wall of tile 1C8401 (room 0x0c)
wall of tile 1C8901 (room 0x0c),wall of tile 1C6B02 (room 0x0c),48.409,no,"the line between them leaves the walkable area (a wall's thickness, or another floor)",
wall of tile 1C8402 (room 0x0c),wall of tile 1C8E02 (room 0x0c),24.205,no,the line between them touches another wall,wall of tile 1C8B02 (room 0x0c)
wall of tile 1C8402 (room 0x0c),wall of tile 1C6A02 (room 0x0c),50.610,no,the line between them touches another wall,wall of tile 1C8B02 (room 0x0c)
wall of tile 1C8401 (room 0x0c),wall of tile 1C8E01 (room 0x0c),24.205,no,the line between them touches another wall,wall of tile 1C8B01 (room 0x0c)
wall of tile 1C8401 (room 0x0c),wall of tile 1C6A01 (room 0x0c),50.610,no,the line between them touches another wall,wall of tile 1C8B01 (room 0x0c)
wall of tile 1C8401 (room 0x0c),wall of tile 1C6B02 (room 0x0c),48.409,no,"the line between them leaves the walkable area (a wall's thickness, or another floor)",
wall of tile 1C8B02 (room 0x0c),wall of tile 1C6A02 (room 0x0c),26.405,no,the line between them touches another wall,wall of tile 1C8E02 (room 0x0c)
wall of tile 1C8B01 (room 0x0c),wall of tile 1C6A01 (room 0x0c),26.405,no,the line between them touches another wall,wall of tile 1C8E01 (room 0x0c)
wall of tile 1C8B01 (room 0x0c),wall of tile 1C6B02 (room 0x0c),48.409,no,"the line between them leaves the walkable area (a wall's thickness, or another floor)",
wall of tile 1C8E01 (room 0x0c),wall of tile 1C6B02 (room 0x0c),48.409,no,"the line between them leaves the walkable area (a wall's thickness, or another floor)",
wall of tile 1C6B02 (room 0x0c),wall of tile 1C5D02 (room 0x0c),26.405,no,the line between them touches another wall,wall of tile 1C5C02 (room 0x0c)
wall of tile 1C6B02 (room 0x0c),wall of tile 1C5E02 (room 0x0c),50.610,no,the line between them touches another wall,wall of tile 1C5C02 (room 0x0c)
wall of tile 1C6B01 (room 0x0c),wall of tile 1C5D01 (room 0x0c),26.405,no,the line between them touches another wall,wall of tile 1C5C01 (room 0x0c)
wall of tile 1C6B01 (room 0x0c),wall of tile 1C5E01 (room 0x0c),50.610,no,the line between them touches another wall,wall of tile 1C5C01 (room 0x0c)
wall of tile 1C6B01 (room 0x0c),door 0x1ec0b0 (preset 0x0031),10.935,no,"the line between them leaves the walkable area (a wall's thickness, or another floor)",
wall of tile 1C6B01 (room 0x0c),door 0x1ec0b0 (preset 0x0031),11.002,no,"the line between them leaves the walkable area (a wall's thickness, or another floor)",
wall of tile 1C6B01 (room 0x0c),door 0x1ec0b0 (preset 0x0031),24.380,no,"the line between them leaves the walkable area (a wall's thickness, or another floor)",
wall of tile 1C6B01 (room 0x0c),door 0x1ec0b0 (preset 0x0031),10.935,no,"the line between them leaves the walkable area (a wall's thickness, or another floor)",
wall of tile 1C5C02 (room 0x0c),wall of tile 1C5E02 (room 0x0c),24.205,no,the line between them touches another wall,wall of tile 1C5D02 (room 0x0c)
wall of tile 1C5C02 (room 0x0c),wall of tile 1C5F02 (room 0x0c),48.409,no,the line between them touches another wall,wall of tile 1C5D02 (room 0x0c)
wall of tile 1C5C01 (room 0x0c),wall of tile 1C5E01 (room 0x0c),24.205,no,the line between them touches another wall,wall of tile 1C5D01 (room 0x0c)
wall of tile 1C5C01 (room 0x0c),wall of tile 1C5F01 (room 0x0c),48.409,no,the line between them touches another wall,wall of tile 1C5D01 (room 0x0c)
wall of tile 1C5C01 (room 0x0c),door 0x1ec0b0 (preset 0x0031),10.935,no,"the line between them leaves the walkable area (a wall's thickness, or another floor)",
wall of tile 1C5C01 (room 0x0c),door 0x1ec0b0 (preset 0x0031),11.002,no,"the line between them leaves the walkable area (a wall's thickness, or another floor)",
wall of tile 1C5C01 (room 0x0c),door 0x1ec0b0 (preset 0x0031),24.351,no,"the line between them leaves the walkable area (a wall's thickness, or another floor)",
wall of tile 1C5C01 (room 0x0c),door 0x1ec0b0 (preset 0x0031),10.906,no,"the line between them leaves the walkable area (a wall's thickness, or another floor)",
wall of tile 1C5D02 (room 0x0c),wall of tile 1C5F02 (room 0x0c),24.205,no,the line between them touches another wall,wall of tile 1C5E02 (room 0x0c)
wall of tile 1C5D02 (room 0x0c),wall of tile 1C6002 (room 0x0c),48.409,no,the line between them touches another wall,wall of tile 1C5E02 (room 0x0c)
wall of tile 1C5D01 (room 0x0c),wall of tile 1C5F01 (room 0x0c),24.205,no,the line between them touches another wall,wall of tile 1C5E01 (room 0x0c)
wall of tile 1C5D01 (room 0x0c),wall of tile 1C6001 (room 0x0c),48.409,no,the line between them touches another wall,wall of tile 1C5E01 (room 0x0c)
wall of tile 1C5D01 (room 0x0c),door 0x1ec0b0 (preset 0x0031),28.593,no,"the line between them leaves the walkable area (a wall's thickness, or another floor)",
wall of tile 1C5D01 (room 0x0c),door 0x1ec0b0 (preset 0x0031),28.619,no,"the line between them leaves the walkable area (a wall's thickness, or another floor)",
wall of tile 1C5D01 (room 0x0c),door 0x1ec0b0 (preset 0x0031),24.324,no,"the line between them leaves the walkable area (a wall's thickness, or another floor)",
wall of tile 1C5D01 (room 0x0c),door 0x1ec0b0 (preset 0x0031),54.136,no,"the line between them leaves the walkable area (a wall's thickness, or another floor)",
wall of tile 1C5D01 (room 0x0c),door 0x1ec0b0 (preset 0x0031),49.605,no,"the line between them leaves the walkable area (a wall's thickness, or another floor)",
wall of tile 1C5D01 (room 0x0c),door 0x1ec0b0 (preset 0x0031),10.880,no,"the line between them leaves the walkable area (a wall's thickness, or another floor)",
wall of tile 1C5E02 (room 0x0c),wall of tile 1C6002 (room 0x0c),24.205,no,the line between them touches another wall,wall of tile 1C5F02 (room 0x0c)
wall of tile 1C5E02 (room 0x0c),wall of tile 1CAE02 (room 0x0c),50.610,no,the line between them touches another wall,wall of tile 1C5F02 (room 0x0c)
wall of tile 1C5E01 (room 0x0c),wall of tile 1C6001 (room 0x0c),24.205,no,the line between them touches another wall,wall of tile 1C5F01 (room 0x0c)
wall of tile 1C5E01 (room 0x0c),door 0x1ec0b0 (preset 0x0031),51.792,no,"the line between them leaves the walkable area (a wall's thickness, or another floor)",
wall of tile 1C5E01 (room 0x0c),door 0x1ec0b0 (preset 0x0031),51.806,no,"the line between them leaves the walkable area (a wall's thickness, or another floor)",
wall of tile 1C5E01 (room 0x0c),door 0x1ec0b0 (preset 0x0031),24.298,no,"the line between them leaves the walkable area (a wall's thickness, or another floor)",
wall of tile 1C5E01 (room 0x0c),door 0x1ec0b0 (preset 0x0031),34.241,no,"the line between them leaves the walkable area (a wall's thickness, or another floor)",
wall of tile 1C5E01 (room 0x0c),door 0x1ec0b0 (preset 0x0031),26.516,no,"the line between them leaves the walkable area (a wall's thickness, or another floor)",
wall of tile 1C5E01 (room 0x0c),door 0x1ec0b0 (preset 0x0031),10.853,no,"the line between them leaves the walkable area (a wall's thickness, or another floor)",
wall of tile 1C5F02 (room 0x0c),wall of tile 1CAE02 (room 0x0c),26.405,no,the line between them touches another wall,wall of tile 1C6002 (room 0x0c)
wall of tile 1C5F01 (room 0x0c),door 0x1ec0b0 (preset 0x0031),24.271,no,"the line between them leaves the walkable area (a wall's thickness, or another floor)",
wall of tile 1C5F01 (room 0x0c),door 0x1ec0b0 (preset 0x0031),24.205,no,"the line between them leaves the walkable area (a wall's thickness, or another floor)",
wall of tile 1C5F01 (room 0x0c),door 0x1ec0b0 (preset 0x0031),10.827,no,"the line between them leaves the walkable area (a wall's thickness, or another floor)",
wall of tile 1C5F01 (room 0x0c),door 0x1ec0b0 (preset 0x0031),10.827,no,"the line between them leaves the walkable area (a wall's thickness, or another floor)",
wall of tile 1C6001 (room 0x0c),door 0x1ec0b0 (preset 0x0031),24.271,no,"the line between them leaves the walkable area (a wall's thickness, or another floor)",
wall of tile 1C6001 (room 0x0c),door 0x1ec0b0 (preset 0x0031),24.205,no,"the line between them leaves the walkable area (a wall's thickness, or another floor)",
wall of tile 1C6001 (room 0x0c),door 0x1ec0b0 (preset 0x0031),10.827,no,"the line between them leaves the walkable area (a wall's thickness, or another floor)",
wall of tile 1C6001 (room 0x0c),door 0x1ec0b0 (preset 0x0031),10.827,no,"the line between them leaves the walkable area (a wall's thickness, or another floor)",
wall of tile 1CAE02 (room 0x0c),door 0x1ebfb0 (preset 0x0030),10.935,no,the far wall faces the other way (it belongs to floor which isn't linked here),
wall of tile 1CAE02 (room 0x0c),door 0x1ebfb0 (preset 0x0030),11.002,no,the far wall faces the other way (it belongs to floor which isn't linked here),
wall of tile 1CAE02 (room 0x0c),door 0x1ebfb0 (preset 0x0030),24.271,no,the far wall faces the other way (it belongs to floor which isn't linked here),
wall of tile 1CAE02 (room 0x0c),door 0x1ebfb0 (preset 0x0030),24.205,no,the far wall faces the other way (it belongs to floor which isn't linked here),
wall of tile 1CAE02 (room 0x0c),door 0x1ebfb0 (preset 0x0030),10.827,no,the far wall faces the other way (it belongs to floor which isn't linked here),
wall of tile 1CAE02 (room 0x0c),door 0x1ebfb0 (preset 0x0030),10.827,no,the far wall faces the other way (it belongs to floor which isn't linked here),
wall of tile 1CAE02 (room 0x0c),door 0x1ec2b0 (preset 0x002e),8.744,no,the far wall faces the other way (it belongs to floor which isn't linked here),
wall of tile 1CAE02 (room 0x0c),door 0x1ec2b0 (preset 0x002e),8.802,no,the far wall faces the other way (it belongs to floor which isn't linked here),
wall of tile 1CAE02 (room 0x0c),door 0x1ec2b0 (preset 0x002e),19.863,no,the far wall faces the other way (it belongs to floor which isn't linked here),
wall of tile 1CAE02 (room 0x0c),door 0x1ec2b0 (preset 0x002e),19.804,no,the far wall faces the other way (it belongs to floor which isn't linked here),
wall of tile 1CAE02 (room 0x0c),door 0x1ec2b0 (preset 0x002e),8.630,no,the far wall faces the other way (it belongs to floor which isn't linked here),
wall of tile 1CAE02 (room 0x0c),door 0x1ec2b0 (preset 0x002e),8.630,no,the far wall faces the other way (it belongs to floor which isn't linked here),
wall of tile 1CAE02 (room 0x0c),door 0x1ec3b0 (preset 0x002f),8.802,no,the far wall faces the other way (it belongs to floor which isn't linked here),
wall of tile 1CAE02 (room 0x0c),door 0x1ec3b0 (preset 0x002f),19.863,no,the far wall faces the other way (it belongs to floor which isn't linked here),
wall of tile 1CAE02 (room 0x0c),door 0x1ec3b0 (preset 0x002f),19.804,no,the far wall faces the other way (it belongs to floor which isn't linked here),
wall of tile 1CAE02 (room 0x0c),door 0x1ec3b0 (preset 0x002f),8.629,no,the far wall faces the other way (it belongs to floor which isn't linked here),
wall of tile 1CAE02 (room 0x0c),door 0x1ec3b0 (preset 0x002f),8.629,no,the far wall faces the other way (it belongs to floor which isn't linked here),
wall of tile 1CAE02 (room 0x0c),door 0x1ec3b0 (preset 0x002f),8.744,no,the far wall faces the other way (it belongs to floor which isn't linked here),
wall of tile 1CAE02 (room 0x0c),glass 0x1ee548 (preset 0x277e),48.410,no,the far wall faces the other way (it belongs to floor which isn't linked here),
wall of tile 1CAE02 (room 0x0c),glass 0x1ee5dc (preset 0x277f),48.410,no,the far wall faces the other way (it belongs to floor which isn't linked here),
wall of tile 1CAE02 (room 0x0c),glass 0x1ee670 (preset 0x2780),48.410,no,the far wall faces the other way (it belongs to floor which isn't linked here),
wall of tile 286400 (room 0x0c),glass 0x1ee9e8 (preset 0x2786),48.409,no,the far wall faces the other way (it belongs to floor which isn't linked here),
wall of tile 286400 (room 0x0c),glass 0x1eeb10 (preset 0x2788),48.409,no,the far wall faces the other way (it belongs to floor which isn't linked here),
wall of tile 1CAD01 (room 0x0c),door 0x1ec1b0 (preset 0x0032),24.203,no,the far wall faces the other way (it belongs to floor which isn't linked here),
wall of tile 1CAD01 (room 0x0c),door 0x1ec1b0 (preset 0x0032),24.203,no,the far wall faces the other way (it belongs to floor which isn't linked here),
wall of tile 1CAD01 (room 0x0c),door 0x1ec1b0 (preset 0x0032),24.203,no,the far wall faces the other way (it belongs to floor which isn't linked here),
wall of tile 1CAD01 (room 0x0c),door 0x1ec1b0 (preset 0x0032),24.205,no,the far wall faces the other way (it belongs to floor which isn't linked here),
wall of tile 1CAD02 (room 0x0c),door 0x1ec0b0 (preset 0x0031),10.935,no,the far wall faces the other way (it belongs to floor which isn't linked here),
wall of tile 1CAD02 (room 0x0c),door 0x1ec0b0 (preset 0x0031),11.002,no,the far wall faces the other way (it belongs to floor which isn't linked here),
wall of tile 1CAD02 (room 0x0c),door 0x1ec0b0 (preset 0x0031),24.271,no,the far wall faces the other way (it belongs to floor which isn't linked here),
wall of tile 1CAD02 (room 0x0c),door 0x1ec0b0 (preset 0x0031),24.205,no,the far wall faces the other way (it belongs to floor which isn't linked here),
wall of tile 1CAD02 (room 0x0c),door 0x1ec0b0 (preset 0x0031),10.827,no,the far wall faces the other way (it belongs to floor which isn't linked here),
wall of tile 1CAD02 (room 0x0c),door 0x1ec0b0 (preset 0x0031),10.827,no,the far wall faces the other way (it belongs to floor which isn't linked here),
wall of tile 1CAC02 (room 0x0c),glass 0x1ee704 (preset 0x2781),50.610,no,the far wall faces the other way (it belongs to floor which isn't linked here),
wall of tile 1CAC02 (room 0x0c),glass 0x1ee798 (preset 0x2782),50.610,no,the far wall faces the other way (it belongs to floor which isn't linked here),
wall of tile 1CAC02 (room 0x0c),glass 0x1ee82c (preset 0x2783),50.610,no,the far wall faces the other way (it belongs to floor which isn't linked here),
wall of tile 1CAA00 (room 0x0c),glass 0x1ee8c0 (preset 0x2784),48.410,no,the far wall faces the other way (it belongs to floor which isn't linked here),
wall of tile 1CAB02 (room 0x0c),glass 0x1ee954 (preset 0x2785),48.409,no,the far wall faces the other way (it belongs to floor which isn't linked here),
wall of tile 1CAB02 (room 0x0c),glass 0x1ee9e8 (preset 0x2786),48.409,no,the far wall faces the other way (it belongs to floor which isn't linked here),
wall of tile 1CAB02 (room 0x0c),glass 0x1eea7c (preset 0x2787),48.409,no,the far wall faces the other way (it belongs to floor which isn't linked here),
wall of tile 00360A (room 0x20),glass 0x1ee8c0 (preset 0x2784),26.404,no,"the line between them leaves the walkable area (a wall's thickness, or another floor)",
wall of tile 113800 (room 0x05),wall of tile 285902 (room 0x05),24.205,no,the line between them touches another wall,wall of tile 31AF00 (room 0x05)
wall of tile 113800 (room 0x05),wall of tile 32B002 (room 0x17),25.755,no,"the line between them leaves the walkable area (a wall's thickness, or another floor)",
wall of tile 113800 (room 0x05),wall of tile 27F000 (room 0x17),17.603,no,"the line between them leaves the walkable area (a wall's thickness, or another floor)",
wall of tile 113800 (room 0x05),wall of tile 27F000 (room 0x17),17.603,no,"the line between them leaves the walkable area (a wall's thickness, or another floor)",
wall of tile 113800 (room 0x05),door 0x1ebeb0 (preset 0x002d),24.288,no,"the line between them leaves the walkable area (a wall's thickness, or another floor)",
wall of tile 113800 (room 0x05),door 0x1ebeb0 (preset 0x002d),24.291,no,"the line between them leaves the walkable area (a wall's thickness, or another floor)",
wall of tile 113800 (room 0x05),door 0x1ebeb0 (preset 0x002d),25.822,no,"the line between them leaves the walkable area (a wall's thickness, or another floor)",
wall of tile 113800 (room 0x05),door 0x1ebeb0 (preset 0x002d),24.288,no,"the line between them leaves the walkable area (a wall's thickness, or another floor)",
wall of tile 31AF00 (room 0x05),wall of tile 32B002 (room 0x17),8.802,no,the line between them touches another wall,wall of tile 285902 (room 0x05)
wall of tile 31AF00 (room 0x05),wall of tile 27F000 (room 0x17),17.603,no,"the line between them leaves the walkable area (a wall's thickness, or another floor)",
wall of tile 31AF00 (room 0x05),door 0x1ebeb0 (preset 0x002d),2.167,no,"the line between them leaves the walkable area (a wall's thickness, or another floor)",
wall of tile 31AF00 (room 0x05),door 0x1ebeb0 (preset 0x002d),2.199,no,"the line between them leaves the walkable area (a wall's thickness, or another floor)",
wall of tile 31AF00 (room 0x05),door 0x1ebeb0 (preset 0x002d),8.994,no,the line between them touches another wall,door 0x1ebeb0 (preset 0x002d)
wall of tile 31AF00 (room 0x05),door 0x1ebeb0 (preset 0x002d),2.167,no,"another wall pokes into the space between them, so a tighter pair covers this gap",wall of tile 285902 (room 0x05)
wall of tile 31AE00 (room 0x05),wall of tile 32B001 (room 0x17),8.802,no,the line between them touches another wall,wall of tile 285901 (room 0x05)
wall of tile 31AE00 (room 0x05),wall of tile 27F100 (room 0x17),17.603,no,"the line between them leaves the walkable area (a wall's thickness, or another floor)",
wall of tile 31AE00 (room 0x05),door 0x1ebeb0 (preset 0x002d),8.831,no,"the line between them leaves the walkable area (a wall's thickness, or another floor)",
wall of tile 31AE00 (room 0x05),door 0x1ebeb0 (preset 0x002d),8.800,no,"the line between them leaves the walkable area (a wall's thickness, or another floor)",
wall of tile 31AE00 (room 0x05),door 0x1ebeb0 (preset 0x002d),2.005,no,"another wall pokes into the space between them, so a tighter pair covers this gap",wall of tile 285901 (room 0x05)
wall of tile 31AE00 (room 0x05),door 0x1ebeb0 (preset 0x002d),2.005,no,"another wall pokes into the space between them, so a tighter pair covers this gap",wall of tile 285901 (room 0x05)
wall of tile 285901 (room 0x05),wall of tile 27F100 (room 0x17),8.802,no,the line between them touches another wall,wall of tile 32B001 (room 0x17)
wall of tile 285901 (room 0x05),wall of tile 285800 (room 0x05),24.205,no,the line between them touches another wall,wall of tile 31AE00 (room 0x05)
wall of tile 285901 (room 0x05),door 0x1ebeb0 (preset 0x002d),0.030,no,"the line between them leaves the walkable area (a wall's thickness, or another floor)",
wall of tile 285901 (room 0x05),door 0x1ebeb0 (preset 0x002d),0.013,no,"the line between them leaves the walkable area (a wall's thickness, or another floor)",
wall of tile 285901 (room 0x05),door 0x1ebeb0 (preset 0x002d),0.001,no,"another wall pokes into the space between them, so a tighter pair covers this gap",door 0x1ebeb0 (preset 0x002d)
wall of tile 285902 (room 0x05),wall of tile 27F000 (room 0x17),8.802,no,the line between them touches another wall,wall of tile 32B002 (room 0x17)
wall of tile 285902 (room 0x05),door 0x1ebeb0 (preset 0x002d),0.013,no,"the line between them leaves the walkable area (a wall's thickness, or another floor)",
wall of tile 285902 (room 0x05),door 0x1ebeb0 (preset 0x002d),0.192,no,"another wall pokes into the space between them, so a tighter pair covers this gap",wall of tile 32B002 (room 0x17)
wall of tile 32B002 (room 0x17),door 0x1ebeb0 (preset 0x002d),6.603,no,"the line between them leaves the walkable area (a wall's thickness, or another floor)",
wall of tile 32B002 (room 0x17),door 0x1ebeb0 (preset 0x002d),0.000,no,"another wall pokes into the space between them, so a tighter pair covers this gap",wall of tile 285902 (room 0x05)
wall of tile 32B002 (room 0x17),door 0x1ebeb0 (preset 0x002d),0.000,no,"another wall pokes into the space between them, so a tighter pair covers this gap",door 0x1ebeb0 (preset 0x002d)
wall of tile 32B002 (room 0x17),door 0x1ebeb0 (preset 0x002d),6.634,no,"the line between them leaves the walkable area (a wall's thickness, or another floor)",
wall of tile 32B001 (room 0x17),wall of tile 285800 (room 0x05),25.755,no,"the line between them leaves the walkable area (a wall's thickness, or another floor)",
wall of tile 32B001 (room 0x17),door 0x1ebeb0 (preset 0x002d),0.013,no,"the line between them leaves the walkable area (a wall's thickness, or another floor)",
wall of tile 32B001 (room 0x17),door 0x1ebeb0 (preset 0x002d),0.013,no,"the line between them leaves the walkable area (a wall's thickness, or another floor)",
wall of tile 32B001 (room 0x17),door 0x1ebeb0 (preset 0x002d),6.796,no,the line between them touches another wall,door 0x1ebeb0 (preset 0x002d)
wall of tile 27F000 (room 0x17),wall of tile 112E00 (room 0x05),6.601,no,"the line between them leaves the walkable area (a wall's thickness, or another floor)",
wall of tile 27F000 (room 0x17),wall of tile 112E00 (room 0x05),6.601,no,"the line between them leaves the walkable area (a wall's thickness, or another floor)",
wall of tile 27F000 (room 0x17),door 0x1ebeb0 (preset 0x002d),15.405,no,"the line between them leaves the walkable area (a wall's thickness, or another floor)",
wall of tile 27F000 (room 0x17),door 0x1ebeb0 (preset 0x002d),8.610,no,"another wall pokes into the space between them, so a tighter pair covers this gap",wall of tile 32B002 (room 0x17)
wall of tile 27F000 (room 0x17),door 0x1ebeb0 (preset 0x002d),8.610,no,"another wall pokes into the space between them, so a tighter pair covers this gap",wall of tile 32B002 (room 0x17)
wall of tile 27F000 (room 0x17),door 0x1ebeb0 (preset 0x002d),15.436,no,"the line between them leaves the walkable area (a wall's thickness, or another floor)",
wall of tile 25F502 (room 0x17),wall of tile 112E00 (room 0x05),6.601,no,"the line between them leaves the walkable area (a wall's thickness, or another floor)",
wall of tile 27F100 (room 0x17),wall of tile 285800 (room 0x05),17.603,no,"the line between them leaves the walkable area (a wall's thickness, or another floor)",
wall of tile 27F100 (room 0x17),door 0x1ebeb0 (preset 0x002d),8.772,no,"another wall pokes into the space between them, so a tighter pair covers this gap",wall of tile 32B001 (room 0x17)
wall of tile 27F100 (room 0x17),door 0x1ebeb0 (preset 0x002d),8.772,no,"the line between them leaves the walkable area (a wall's thickness, or another floor)",
wall of tile 27F100 (room 0x17),door 0x1ebeb0 (preset 0x002d),8.803,no,"the line between them leaves the walkable area (a wall's thickness, or another floor)",
wall of tile 27F100 (room 0x17),door 0x1ebeb0 (preset 0x002d),15.598,no,the line between them touches another wall,door 0x1ebeb0 (preset 0x002d)
wall of tile 27F100 (room 0x17),wall of tile 285800 (room 0x05),17.603,no,"the line between them leaves the walkable area (a wall's thickness, or another floor)",
wall of tile 285800 (room 0x05),door 0x1ebeb0 (preset 0x002d),25.753,no,"the line between them leaves the walkable area (a wall's thickness, or another floor)",
wall of tile 285800 (room 0x05),door 0x1ebeb0 (preset 0x002d),25.743,no,"the line between them leaves the walkable area (a wall's thickness, or another floor)",
wall of tile 285800 (room 0x05),door 0x1ebeb0 (preset 0x002d),24.288,no,"the line between them leaves the walkable area (a wall's thickness, or another floor)",
wall of tile 285800 (room 0x05),door 0x1ebeb0 (preset 0x002d),24.288,no,"the line between them leaves the walkable area (a wall's thickness, or another floor)",
wall of tile 281101 (room 0x08),wall of tile 27FC00 (room 0x1a),6.958,no,the line between them touches another wall,wall of tile 27FB01 (room 0x1a)
wall of tile 281101 (room 0x08),door 0x1ebbb0 (preset 0x002a),0.251,no,"another wall pokes into the space between them, so a tighter pair covers this gap",door 0x1ebbb0 (preset 0x002a)
wall of tile 281101 (room 0x08),door 0x1ebbb0 (preset 0x002a),0.062,no,the line between them touches another wall,door 0x1ebbb0 (preset 0x002a)
wall of tile 281101 (room 0x08),door 0x1ebbb0 (preset 0x002a),0.254,no,"another wall pokes into the space between them, so a tighter pair covers this gap",door 0x1ebbb0 (preset 0x002a)
wall of tile 281102 (room 0x08),wall of tile 27FD00 (room 0x1a),9.073,no,the line between them touches another wall,wall of tile 27FB02 (room 0x1a)
wall of tile 281102 (room 0x08),door 0x1ebbb0 (preset 0x002a),0.663,no,the line between them touches another wall,door 0x1ebbb0 (preset 0x002a)
wall of tile 281102 (room 0x08),door 0x1ebbb0 (preset 0x002a),0.673,no,"the line between them leaves the walkable area (a wall's thickness, or another floor)",
wall of tile 281102 (room 0x08),door 0x1ebbb0 (preset 0x002a),0.303,no,"the line between them leaves the walkable area (a wall's thickness, or another floor)",
wall of tile 27FB01 (room 0x1a),door 0x1ebbb0 (preset 0x002a),7.553,no,the line between them touches another wall,door 0x1ebbb0 (preset 0x002a)
wall of tile 27FB01 (room 0x1a),door 0x1ebbb0 (preset 0x002a),0.003,no,"another wall pokes into the space between them, so a tighter pair covers this gap",door 0x1ebbb0 (preset 0x002a)
wall of tile 27FB01 (room 0x1a),door 0x1ebbb0 (preset 0x002a),7.615,no,the line between them touches another wall,door 0x1ebbb0 (preset 0x002a)
wall of tile 27FB02 (room 0x1a),door 0x1ebbb0 (preset 0x002a),0.280,no,"the line between them leaves the walkable area (a wall's thickness, or another floor)",
wall of tile 27FB02 (room 0x1a),door 0x1ebbb0 (preset 0x002a),0.282,no,"the line between them leaves the walkable area (a wall's thickness, or another floor)",
wall of tile 27FB02 (room 0x1a),door 0x1ebbb0 (preset 0x002a),7.013,no,"the line between them leaves the walkable area (a wall's thickness, or another floor)",
wall of tile 27FC00 (room 0x1a),door 0x1ebbb0 (preset 0x002a),14.507,no,"the line between them leaves the walkable area (a wall's thickness, or another floor)",
wall of tile 27FC00 (room 0x1a),door 0x1ebbb0 (preset 0x002a),6.896,no,"another wall pokes into the space between them, so a tighter pair covers this gap",wall of tile 27FB01 (room 0x1a)
wall of tile 27FC00 (room 0x1a),door 0x1ebbb0 (preset 0x002a),6.896,no,"another wall pokes into the space between them, so a tighter pair covers this gap",wall of tile 27FB01 (room 0x1a)
wall of tile 27FC00 (room 0x1a),door 0x1ebbb0 (preset 0x002a),14.569,no,"the line between them leaves the walkable area (a wall's thickness, or another floor)",
wall of tile 27FD00 (room 0x1a),door 0x1ebbb0 (preset 0x002a),8.404,no,"the line between them leaves the walkable area (a wall's thickness, or another floor)",
wall of tile 27FD00 (room 0x1a),door 0x1ebbb0 (preset 0x002a),8.404,no,"the line between them leaves the walkable area (a wall's thickness, or another floor)",
wall of tile 27FD00 (room 0x1a),door 0x1ebbb0 (preset 0x002a),8.466,no,"the line between them leaves the walkable area (a wall's thickness, or another floor)",
wall of tile 27FD00 (room 0x1a),door 0x1ebbb0 (preset 0x002a),16.080,no,"the line between them leaves the walkable area (a wall's thickness, or another floor)",
wall of tile 071200 (room 0x03),wall of tile 305B02 (room 0x03),0.561,no,"the line between them leaves the walkable area (a wall's thickness, or another floor)",
wall of tile 27C800 (room 0x03),wall of tile 305B02 (room 0x03),2.170,no,"the line between them leaves the walkable area (a wall's thickness, or another floor)",
wall of tile 27C800 (room 0x03),wall of tile 305B02 (room 0x03),2.170,no,"the line between them leaves the walkable area (a wall's thickness, or another floor)",
wall of tile 31A301 (room 0x03),wall of tile 070700 (room 0x03),2.200,no,"the line between them leaves the walkable area (a wall's thickness, or another floor)",
wall of tile 1DC701 (room 0x0f),door 0x1ec4b0 (preset 0x0006),53.267,no,"the line between them leaves the walkable area (a wall's thickness, or another floor)",
wall of tile 1DC701 (room 0x0f),door 0x1ec4b0 (preset 0x0006),53.267,no,"the line between them leaves the walkable area (a wall's thickness, or another floor)",
generic 0x1ea34c (preset 0x2789),generic 0x1ea34c (preset 0x2789),0.001,no,the line between them touches another wall,generic 0x1ea34c (preset 0x2789)
generic 0x1ea34c (preset 0x2789),aircraft 0x1ea3cc (preset 0x001f),37.217,no,the line between them touches another wall,generic 0x1ea34c (preset 0x2789)
generic 0x1ea34c (preset 0x2789),aircraft 0x1ea3cc (preset 0x001f),37.217,no,the line between them touches another wall,generic 0x1ea34c (preset 0x2789)
generic 0x1ea34c (preset 0x2789),generic 0x1ea480 (preset 0x0020),36.676,no,"another wall pokes into the space between them, so a tighter pair covers this gap",generic 0x1ea480 (preset 0x0020)
generic 0x1ea34c (preset 0x2789),generic 0x1ea480 (preset 0x0020),10.717,yes,,
generic 0x1ea34c (preset 0x2789),generic 0x1ea480 (preset 0x0020),10.717,yes,,
generic 0x1ea34c (preset 0x2789),generic 0x1ea480 (preset 0x0020),10.718,no,"another wall pokes into the space between them, so a tighter pair covers this gap",generic 0x1ea480 (preset 0x0020)
generic 0x1ea34c (preset 0x2789),generic 0x1ea34c (preset 0x2789),0.001,no,the line between them touches another wall,generic 0x1ea34c (preset 0x2789)
generic 0x1ea34c (preset 0x2789),aircraft 0x1ea3cc (preset 0x001f),31.898,no,the line between them touches another wall,generic 0x1ea34c (preset 0x2789)
generic 0x1ea34c (preset 0x2789),aircraft 0x1ea3cc (preset 0x001f),56.845,no,the line between them touches another wall,generic 0x1ea34c (preset 0x2789)
generic 0x1ea34c (preset 0x2789),aircraft 0x1ea3cc (preset 0x001f),56.845,no,the line between them touches another wall,generic 0x1ea34c (preset 0x2789)
generic 0x1ea34c (preset 0x2789),aircraft 0x1ea3cc (preset 0x001f),6.145,no,the line between them touches another wall,generic 0x1ea34c (preset 0x2789)
generic 0x1ea34c (preset 0x2789),aircraft 0x1ea3cc (preset 0x001f),6.145,no,the line between them touches another wall,generic 0x1ea34c (preset 0x2789)
generic 0x1ea34c (preset 0x2789),aircraft 0x1ea3cc (preset 0x001f),31.898,no,"another wall pokes into the space between them, so a tighter pair covers this gap",aircraft 0x1ea3cc (preset 0x001f)
generic 0x1ea34c (preset 0x2789),aircraft 0x1ea3cc (preset 0x001f),21.250,no,the line between them touches another wall,generic 0x1ea34c (preset 0x2789)
generic 0x1ea34c (preset 0x2789),aircraft 0x1ea3cc (preset 0x001f),18.828,no,the line between them touches another wall,generic 0x1ea34c (preset 0x2789)
generic 0x1ea34c (preset 0x2789),aircraft 0x1ea3cc (preset 0x001f),47.142,no,the line between them touches another wall,generic 0x1ea34c (preset 0x2789)
generic 0x1ea34c (preset 0x2789),aircraft 0x1ea3cc (preset 0x001f),20.343,no,the line between them touches another wall,generic 0x1ea34c (preset 0x2789)
aircraft 0x1ea3cc (preset 0x001f),aircraft 0x1ea3cc (preset 0x001f),35.599,no,the line between them touches another wall,aircraft 0x1ea3cc (preset 0x001f)
aircraft 0x1ea3cc (preset 0x001f),aircraft 0x1ea3cc (preset 0x001f),35.599,no,the line between them touches another wall,aircraft 0x1ea3cc (preset 0x001f)
aircraft 0x1ea3cc (preset 0x001f),aircraft 0x1ea3cc (preset 0x001f),0.001,no,the line between them touches another wall,aircraft 0x1ea3cc (preset 0x001f)
generic 0x1ea480 (preset 0x0020),generic 0x1ea480 (preset 0x0020),0.001,no,the line between them touches another wall,generic 0x1ea480 (preset 0x0020)
generic 0x1ea480 (preset 0x0020),generic 0x1ea480 (preset 0x0020),59.001,no,the line between them touches another wall,generic 0x1ea480 (preset 0x0020)
generic 0x1ea480 (preset 0x0020),generic 0x1ea480 (preset 0x0020),59.000,no,the line between them touches another wall,generic 0x1ea480 (preset 0x0020)
generic 0x1ea480 (preset 0x0020),generic 0x1ea480 (preset 0x0020),59.000,no,the line between them touches another wall,generic 0x1ea480 (preset 0x0020)
generic 0x1ea480 (preset 0x0020),generic 0x1ea480 (preset 0x0020),52.600,no,the line between them touches another wall,generic 0x1ea480 (preset 0x0020)
generic 0x1ea480 (preset 0x0020),generic 0x1ea480 (preset 0x0020),52.600,no,the line between them touches another wall,generic 0x1ea480 (preset 0x0020)
generic 0x1ea480 (preset 0x0020),generic 0x1ea480 (preset 0x0020),52.600,no,the line between them touches another wall,generic 0x1ea480 (preset 0x0020)
generic 0x1ea480 (preset 0x0020),generic 0x1ea480 (preset 0x0020),0.001,no,the line between them touches another wall,generic 0x1ea480 (preset 0x0020)
generic 0x1ea500 (preset 0x278a),generic 0x1ea500 (preset 0x278a),59.488,no,the line between them touches another wall,generic 0x1ea500 (preset 0x278a)
generic 0x1ea500 (preset 0x278a),generic 0x1ea500 (preset 0x278a),0.005,no,the line between them touches another wall,generic 0x1ea500 (preset 0x278a)
generic 0x1ea500 (preset 0x278a),generic 0x1ea500 (preset 0x278a),0.005,no,the line between them touches another wall,generic 0x1ea500 (preset 0x278a)
generic 0x1ea500 (preset 0x278a),generic 0x1ea500 (preset 0x278a),59.488,no,the line between them touches another wall,generic 0x1ea500 (preset 0x278a)
generic 0x1ea500 (preset 0x278a),generic 0x1ea500 (preset 0x278a),59.488,no,the line between them touches another wall,generic 0x1ea500 (preset 0x278a)
generic 0x1ea580 (preset 0x278b),generic 0x1ea580 (preset 0x278b),59.488,no,the line between them touches another wall,generic 0x1ea580 (preset 0x278b)
generic 0x1ea580 (preset 0x278b),generic 0x1ea580 (preset 0x278b),0.005,no,the line between them touches another wall,generic 0x1ea580 (preset 0x278b)
generic 0x1ea580 (preset 0x278b),generic 0x1ea580 (preset 0x278b),0.005,no,the line between them touches another wall,generic 0x1ea580 (preset 0x278b)
generic 0x1ea580 (preset 0x278b),generic 0x1ea580 (preset 0x278b),59.488,no,the line between them touches another wall,generic 0x1ea580 (preset 0x278b)
generic 0x1ea580 (preset 0x278b),generic 0x1ea580 (preset 0x278b),59.488,no,the line between them touches another wall,generic 0x1ea580 (preset 0x278b)
generic 0x1ea600 (preset 0x278c),generic 0x1ea600 (preset 0x278c),0.001,no,the line between them touches another wall,generic 0x1ea600 (preset 0x278c)
generic 0x1ea600 (preset 0x278c),generic 0x1ea600 (preset 0x278c),0.001,no,the line between them touches another wall,generic 0x1ea600 (preset 0x278c)
generic 0x1ea600 (preset 0x278c),generic 0x1ea680 (preset 0x0023),56.395,no,"another wall pokes into the space between them, so a tighter pair covers this gap",generic 0x1ea600 (preset 0x278c)
generic 0x1ea600 (preset 0x278c),generic 0x1ea680 (preset 0x0023),56.394,no,"another wall pokes into the space between them, so a tighter pair covers this gap",generic 0x1ea600 (preset 0x278c)
generic 0x1ea600 (preset 0x278c),generic 0x1ea680 (preset 0x0023),55.287,no,"another wall pokes into the space between them, so a tighter pair covers this gap",generic 0x1ea600 (preset 0x278c)
generic 0x1ea600 (preset 0x278c),generic 0x1ea680 (preset 0x0023),43.414,no,"another wall pokes into the space between them, so a tighter pair covers this gap",generic 0x1ea680 (preset 0x0023)
generic 0x1ea600 (preset 0x278c),generic 0x1ea680 (preset 0x0023),17.528,yes,,
generic 0x1ea600 (preset 0x278c),generic 0x1ea680 (preset 0x0023),17.528,yes,,
generic 0x1ea600 (preset 0x278c),generic 0x1ea680 (preset 0x0023),17.529,no,"another wall pokes into the space between them, so a tighter pair covers this gap",generic 0x1ea680 (preset 0x0023)
generic 0x1ea680 (preset 0x0023),generic 0x1ea680 (preset 0x0023),59.000,no,the line between them touches another wall,generic 0x1ea680 (preset 0x0023)
generic 0x1ea680 (preset 0x0023),generic 0x1ea680 (preset 0x0023),52.600,no,the line between them touches another wall,generic 0x1ea680 (preset 0x0023)
generic 0x1ea680 (preset 0x0023),generic 0x1ea680 (preset 0x0023),52.600,no,the line between them touches another wall,generic 0x1ea680 (preset 0x0023)
generic 0x1ea680 (preset 0x0023),generic 0x1ea680 (preset 0x0023),52.601,no,the line between them touches another wall,generic 0x1ea680 (preset 0x0023)
generic 0x1ea680 (preset 0x0023),generic 0x1ea680 (preset 0x0023),0.001,no,the line between them touches another wall,generic 0x1ea680 (preset 0x0023)
generic 0x1ea680 (preset 0x0023),generic 0x1ea680 (preset 0x0023),0.001,no,the line between them touches another wall,generic 0x1ea680 (preset 0x0023)
generic 0x1ea680 (preset 0x0023),generic 0x1ea680 (preset 0x0023),59.002,no,the line between them touches another wall,generic 0x1ea680 (preset 0x0023)
generic 0x1ea680 (preset 0x0023),generic 0x1ea680 (preset 0x0023),59.000,no,the line between them touches another wall,generic 0x1ea680 (preset 0x0023)
generic 0x1ea780 (preset 0x0024),generic 0x1ea800 (preset 0x0025),20.009,yes,,
generic 0x1ea780 (preset 0x0024),generic 0x1ea800 (preset 0x0025),20.155,no,"another wall pokes into the space between them, so a tighter pair covers this gap",generic 0x1ea800 (preset 0x0025)
generic 0x1ea780 (preset 0x0024),generic 0x1ea780 (preset 0x0024),0.003,no,the line between them touches another wall,generic 0x1ea780 (preset 0x0024)
generic 0x1ea780 (preset 0x0024),generic 0x1ea800 (preset 0x0025),20.009,no,"another wall pokes into the space between them, so a tighter pair covers this gap",generic 0x1ea800 (preset 0x0025)
generic 0x1ea780 (preset 0x0024),generic 0x1ea800 (preset 0x0025),20.009,yes,,
generic 0x1ea780 (preset 0x0024),generic 0x1ea800 (preset 0x0025),20.009,yes,,
generic 0x1ea780 (preset 0x0024),generic 0x1ea800 (preset 0x0025),20.156,no,"another wall pokes into the space between them, so a tighter pair covers this gap",generic 0x1ea800 (preset 0x0025)
generic 0x1ea780 (preset 0x0024),generic 0x1ea780 (preset 0x0024),0.003,no,the line between them touches another wall,generic 0x1ea780 (preset 0x0024)
generic 0x1ea780 (preset 0x0024),generic 0x1ea800 (preset 0x0025),20.155,no,"another wall pokes into the space between them, so a tighter pair covers this gap",generic 0x1ea780 (preset 0x0024)
generic 0x1ea780 (preset 0x0024),generic 0x1ea800 (preset 0x0025),20.155,no,"another wall pokes into the space between them, so a tighter pair covers this gap",generic 0x1ea780 (preset 0x0024)
generic 0x1ea780 (preset 0x0024),generic 0x1ea800 (preset 0x0025),20.156,no,"another wall pokes into the space between them, so a tighter pair covers this gap",generic 0x1ea800 (preset 0x0025)
generic 0x1ea780 (preset 0x0024),generic 0x1ea800 (preset 0x0025),20.009,no,"another wall pokes into the space between them, so a tighter pair covers this gap",generic 0x1ea780 (preset 0x0024)
generic 0x1ea780 (preset 0x0024),generic 0x1ea800 (preset 0x0025),20.155,no,"another wall pokes into the space between them, so a tighter pair covers this gap",generic 0x1ea800 (preset 0x0025)
generic 0x1ea800 (preset 0x0025),generic 0x1ea880 (preset 0x0026),17.931,no,"another wall pokes into the space between them, so a tighter pair covers this gap",generic 0x1ea800 (preset 0x0025)
generic 0x1ea800 (preset 0x0025),generic 0x1ea880 (preset 0x0026),17.931,no,"another wall pokes into the space between them, so a tighter pair covers this gap",generic 0x1ea800 (preset 0x0025)
generic 0x1ea800 (preset 0x0025),generic 0x1ea800 (preset 0x0025),0.003,no,the line between them touches another wall,generic 0x1ea800 (preset 0x0025)
generic 0x1ea800 (preset 0x0025),generic 0x1ea880 (preset 0x0026),17.931,no,"another wall pokes into the space between them, so a tighter pair covers this gap",generic 0x1ea880 (preset 0x0026)
generic 0x1ea800 (preset 0x0025),generic 0x1ea880 (preset 0x0026),17.931,no,"another wall pokes into the space between them, so a tighter pair covers this gap",generic 0x1ea880 (preset 0x0026)
generic 0x1ea800 (preset 0x0025),generic 0x1ea880 (preset 0x0026),17.821,yes,,
generic 0x1ea800 (preset 0x0025),generic 0x1ea880 (preset 0x0026),17.821,no,"another wall pokes into the space between them, so a tighter pair covers this gap",generic 0x1ea880 (preset 0x0026)
generic 0x1ea800 (preset 0x0025),generic 0x1ea800 (preset 0x0025),0.003,no,the line between them touches another wall,generic 0x1ea800 (preset 0x0025)
generic 0x1ea800 (preset 0x0025),generic 0x1ea880 (preset 0x0026),17.931,no,"another wall pokes into the space between them, so a tighter pair covers this gap",generic 0x1ea880 (preset 0x0026)
generic 0x1ea800 (preset 0x0025),generic 0x1ea880 (preset 0x0026),17.931,no,"another wall pokes into the space between them, so a tighter pair covers this gap",generic 0x1ea880 (preset 0x0026)
generic 0x1ea800 (preset 0x0025),generic 0x1ea880 (preset 0x0026),17.821,yes,,
generic 0x1ea800 (preset 0x0025),generic 0x1ea880 (preset 0x0026),17.931,no,"another wall pokes into the space between them, so a tighter pair covers this gap",generic 0x1ea800 (preset 0x0025)
generic 0x1ea800 (preset 0x0025),generic 0x1ea880 (preset 0x0026),17.931,no,"another wall pokes into the space between them, so a tighter pair covers this gap",generic 0x1ea800 (preset 0x0025)
generic 0x1ea880 (preset 0x0026),generic 0x1ea880 (preset 0x0026),0.003,no,the line between them touches another wall,generic 0x1ea880 (preset 0x0026)
generic 0x1ea880 (preset 0x0026),generic 0x1ea880 (preset 0x0026),0.003,no,the line between them touches another wall,generic 0x1ea880 (preset 0x0026)
generic 0x1eab90 (preset 0x2747),generic 0x1eab90 (preset 0x2747),0.000,no,the line between them touches another wall,generic 0x1eab90 (preset 0x2747)
generic 0x1eab90 (preset 0x2747),generic 0x1ead20 (preset 0x2748),4.448,no,the line between them touches another wall,generic 0x1eab90 (preset 0x2747)
generic 0x1eab90 (preset 0x2747),generic 0x1ead20 (preset 0x2748),4.473,no,the line between them touches another wall,generic 0x1eab90 (preset 0x2747)
generic 0x1eab90 (preset 0x2747),generic 0x1ead20 (preset 0x2748),4.448,no,the line between them touches another wall,generic 0x1eab90 (preset 0x2747)
generic 0x1eab90 (preset 0x2747),generic 0x1ead20 (preset 0x2748),4.986,no,the line between them touches another wall,generic 0x1eab90 (preset 0x2747)
generic 0x1eab90 (preset 0x2747),generic 0x1ead20 (preset 0x2748),4.986,no,the line between them touches another wall,generic 0x1eab90 (preset 0x2747)
generic 0x1eab90 (preset 0x2747),generic 0x1ead20 (preset 0x2748),2.204,no,neither wall could be placed on a tile,
generic 0x1eab90 (preset 0x2747),generic 0x1ead20 (preset 0x2748),2.204,no,neither wall could be placed on a tile,
generic 0x1eab90 (preset 0x2747),generic 0x1ead20 (preset 0x2748),2.228,no,neither wall could be placed on a tile,
generic 0x1eab90 (preset 0x2747),generic 0x1eadb0 (preset 0x2749),56.799,no,neither wall could be placed on a tile,
generic 0x1eab90 (preset 0x2747),generic 0x1eadb0 (preset 0x2749),17.777,no,neither wall could be placed on a tile,
generic 0x1eab90 (preset 0x2747),glass 0x1eeb10 (preset 0x2788),53.126,no,neither wall could be placed on a tile,
generic 0x1eab90 (preset 0x2747),generic 0x1eab90 (preset 0x2747),0.000,no,the line between them touches another wall,generic 0x1eab90 (preset 0x2747)
generic 0x1eab90 (preset 0x2747),generic 0x1eadb0 (preset 0x2749),41.277,no,the line between them touches another wall,generic 0x1eab90 (preset 0x2747)
generic 0x1eab90 (preset 0x2747),generic 0x1eadb0 (preset 0x2749),22.019,no,the line between them touches another wall,generic 0x1eab90 (preset 0x2747)
generic 0x1eab90 (preset 0x2747),generic 0x1eadb0 (preset 0x2749),22.019,no,the line between them touches another wall,generic 0x1eab90 (preset 0x2747)
generic 0x1eab90 (preset 0x2747),generic 0x1eb430 (preset 0x274b),48.503,yes,,
generic 0x1eab90 (preset 0x2747),generic 0x1eb430 (preset 0x274b),48.503,yes,,
generic 0x1eab90 (preset 0x2747),glass 0x1eeb10 (preset 0x2788),53.126,no,neither wall could be placed on a tile,
generic 0x1eab90 (preset 0x2747),generic 0x1eb430 (preset 0x274b),57.414,no,"another wall pokes into the space between them, so a tighter pair covers this gap",generic 0x1eab90 (preset 0x2747)
generic 0x1eab90 (preset 0x2747),generic 0x1eb430 (preset 0x274b),57.414,no,"another wall pokes into the space between them, so a tighter pair covers this gap",generic 0x1eab90 (preset 0x2747)
generic 0x1eab90 (preset 0x2747),generic 0x1ead20 (preset 0x2748),57.375,no,the line between them touches another wall,generic 0x1eab90 (preset 0x2747)
generic 0x1eab90 (preset 0x2747),generic 0x1ead20 (preset 0x2748),57.351,no,the line between them touches another wall,generic 0x1eab90 (preset 0x2747)
generic 0x1eab90 (preset 0x2747),generic 0x1ead20 (preset 0x2748),57.351,no,the line between them touches another wall,generic 0x1eab90 (preset 0x2747)
generic 0x1eab90 (preset 0x2747),generic 0x1eadb0 (preset 0x2749),43.844,no,the line between them touches another wall,generic 0x1eab90 (preset 0x2747)
generic 0x1eab90 (preset 0x2747),generic 0x1eadb0 (preset 0x2749),43.844,no,the line between them touches another wall,generic 0x1eab90 (preset 0x2747)
generic 0x1eab90 (preset 0x2747),generic 0x1eb430 (preset 0x274b),57.414,no,"another wall pokes into the space between them, so a tighter pair covers this gap",generic 0x1eab90 (preset 0x2747)
generic 0x1eab90 (preset 0x2747),generic 0x1eb430 (preset 0x274b),57.414,no,"another wall pokes into the space between them, so a tighter pair covers this gap",generic 0x1eab90 (preset 0x2747)
generic 0x1eac10 (preset 0x2731),generic 0x1eac10 (preset 0x2731),0.001,no,the line between them touches another wall,generic 0x1eac10 (preset 0x2731)
generic 0x1eac10 (preset 0x2731),generic 0x1eac10 (preset 0x2731),0.001,no,the line between them touches another wall,generic 0x1eac10 (preset 0x2731)
generic 0x1eac90 (preset 0x2732),generic 0x1eac90 (preset 0x2732),0.000,no,the line between them touches another wall,generic 0x1eac90 (preset 0x2732)
generic 0x1eac90 (preset 0x2732),generic 0x1eac90 (preset 0x2732),0.000,no,the line between them touches another wall,generic 0x1eac90 (preset 0x2732)
generic 0x1ead20 (preset 0x2748),generic 0x1ead20 (preset 0x2748),57.236,no,the line between them touches another wall,generic 0x1ead20 (preset 0x2748)
generic 0x1ead20 (preset 0x2748),generic 0x1ead20 (preset 0x2748),59.436,no,the line between them touches another wall,generic 0x1ead20 (preset 0x2748)
generic 0x1eadb0 (preset 0x2749),generic 0x1eadb0 (preset 0x2749),57.753,no,neither wall could be placed on a tile,
generic 0x1eaf40 (preset 0x2745),generic 0x1eaf40 (preset 0x2745),59.487,no,"the line between them leaves the walkable area (a wall's thickness, or another floor)",
generic 0x1eaf40 (preset 0x2745),generic 0x1eaf40 (preset 0x2745),0.004,no,the line between them touches another wall,generic 0x1eaf40 (preset 0x2745)
generic 0x1eaf40 (preset 0x2745),generic 0x1eaf40 (preset 0x2745),0.004,no,the line between them touches another wall,generic 0x1eaf40 (preset 0x2745)
generic 0x1eaf40 (preset 0x2745),generic 0x1eaf40 (preset 0x2745),59.488,no,the line between them touches another wall,generic 0x1eaf40 (preset 0x2745)
generic 0x1eaf40 (preset 0x2745),generic 0x1eaf40 (preset 0x2745),59.487,no,the line between them touches another wall,generic 0x1eaf40 (preset 0x2745)
generic 0x1eafc0 (preset 0x2746),generic 0x1eafc0 (preset 0x2746),59.488,no,neither wall could be placed on a tile,
generic 0x1eafc0 (preset 0x2746),generic 0x1eafc0 (preset 0x2746),0.004,no,neither wall could be placed on a tile,
generic 0x1eafc0 (preset 0x2746),generic 0x1eb4b0 (preset 0x2729),30.241,no,"another wall pokes into the space between them, so a tighter pair covers this gap",generic 0x1eb4b0 (preset 0x2729)
generic 0x1eafc0 (preset 0x2746),generic 0x1eb4b0 (preset 0x2729),29.104,yes,,
generic 0x1eafc0 (preset 0x2746),generic 0x1eb4b0 (preset 0x2729),30.240,no,"another wall pokes into the space between them, so a tighter pair covers this gap",generic 0x1eb4b0 (preset 0x2729)
generic 0x1eafc0 (preset 0x2746),generic 0x1eafc0 (preset 0x2746),0.004,no,"the line between them leaves the walkable area (a wall's thickness, or another floor)",
generic 0x1eafc0 (preset 0x2746),generic 0x1eafc0 (preset 0x2746),59.488,no,"the line between them leaves the walkable area (a wall's thickness, or another floor)",
generic 0x1eafc0 (preset 0x2746),generic 0x1eb4b0 (preset 0x2729),30.241,no,"another wall pokes into the space between them, so a tighter pair covers this gap",generic 0x1eb4b0 (preset 0x2729)
generic 0x1eafc0 (preset 0x2746),generic 0x1eb4b0 (preset 0x2729),29.104,yes,,
generic 0x1eafc0 (preset 0x2746),generic 0x1eb4b0 (preset 0x2729),30.240,no,"another wall pokes into the space between them, so a tighter pair covers this gap",generic 0x1eb4b0 (preset 0x2729)
generic 0x1eafc0 (preset 0x2746),generic 0x1eafc0 (preset 0x2746),59.488,no,neither wall could be placed on a tile,
generic 0x1eb430 (preset 0x274b),generic 0x1eb430 (preset 0x274b),0.002,no,the line between them touches another wall,generic 0x1eb430 (preset 0x274b)
generic 0x1eb430 (preset 0x274b),generic 0x1eb430 (preset 0x274b),0.002,no,the line between them touches another wall,generic 0x1eb430 (preset 0x274b)
generic 0x1eb430 (preset 0x274b),glass 0x1eeb10 (preset 0x2788),44.179,no,"the line between them leaves the walkable area (a wall's thickness, or another floor)",
generic 0x1eb430 (preset 0x274b),glass 0x1eeb10 (preset 0x2788),44.177,no,"the line between them leaves the walkable area (a wall's thickness, or another floor)",
generic 0x1eb430 (preset 0x274b),glass 0x1eeb10 (preset 0x2788),44.177,no,"the line between them leaves the walkable area (a wall's thickness, or another floor)",
generic 0x1eb4b0 (preset 0x2729),generic 0x1eb4b0 (preset 0x2729),0.003,no,the line between them touches another wall,generic 0x1eb4b0 (preset 0x2729)
generic 0x1eb4b0 (preset 0x2729),generic 0x1eb4b0 (preset 0x2729),0.003,no,the line between them touches another wall,generic 0x1eb4b0 (preset 0x2729)
generic 0x1eb530 (preset 0x272c),generic 0x1eb530 (preset 0x272c),0.005,no,the line between them touches another wall,generic 0x1eb530 (preset 0x272c)
generic 0x1eb530 (preset 0x272c),generic 0x1eb5b0 (preset 0x272d),26.967,no,"another wall pokes into the space between them, so a tighter pair covers this gap",generic 0x1eb530 (preset 0x272c)
generic 0x1eb530 (preset 0x272c),generic 0x1eb5b0 (preset 0x272d),26.961,no,"another wall pokes into the space between them, so a tighter pair covers this gap",generic 0x1eb530 (preset 0x272c)
generic 0x1eb530 (preset 0x272c),generic 0x1eb5b0 (preset 0x272d),26.961,no,"another wall pokes into the space between them, so a tighter pair covers this gap",generic 0x1eb530 (preset 0x272c)
generic 0x1eb530 (preset 0x272c),generic 0x1eb530 (preset 0x272c),0.005,no,the line between them touches another wall,generic 0x1eb530 (preset 0x272c)
generic 0x1eb530 (preset 0x272c),generic 0x1eb5b0 (preset 0x272d),26.969,no,the line between them touches another wall,generic 0x1eb530 (preset 0x272c)
generic 0x1eb530 (preset 0x272c),generic 0x1eb5b0 (preset 0x272d),26.969,no,the line between them touches another wall,generic 0x1eb530 (preset 0x272c)
generic 0x1eb530 (preset 0x272c),generic 0x1eb5b0 (preset 0x272d),26.964,no,"another wall pokes into the space between them, so a tighter pair covers this gap",generic 0x1eb530 (preset 0x272c)
generic 0x1eb530 (preset 0x272c),generic 0x1eb5b0 (preset 0x272d),26.964,no,"another wall pokes into the space between them, so a tighter pair covers this gap",generic 0x1eb530 (preset 0x272c)
generic 0x1eb530 (preset 0x272c),generic 0x1eb5b0 (preset 0x272d),26.575,no,"another wall pokes into the space between them, so a tighter pair covers this gap",generic 0x1eb5b0 (preset 0x272d)
generic 0x1eb530 (preset 0x272c),generic 0x1eb5b0 (preset 0x272d),26.570,yes,,
generic 0x1eb530 (preset 0x272c),generic 0x1eb5b0 (preset 0x272d),26.570,yes,,
generic 0x1eb530 (preset 0x272c),generic 0x1eb5b0 (preset 0x272d),26.571,no,"another wall pokes into the space between them, so a tighter pair covers this gap",generic 0x1eb5b0 (preset 0x272d)
generic 0x1eb5b0 (preset 0x272d),generic 0x1eb5b0 (preset 0x272d),0.005,no,the line between them touches another wall,generic 0x1eb5b0 (preset 0x272d)
generic 0x1eb5b0 (preset 0x272d),generic 0x1eb5b0 (preset 0x272d),0.005,no,the line between them touches another wall,generic 0x1eb5b0 (preset 0x272d)
generic 0x1eb630 (preset 0x272e),generic 0x1eb630 (preset 0x272e),0.006,no,the line between them touches another wall,generic 0x1eb630 (preset 0x272e)
generic 0x1eb630 (preset 0x272e),generic 0x1eb6b0 (preset 0x272f),40.578,no,"another wall pokes into the space between them, so a tighter pair covers this gap",generic 0x1eb6b0 (preset 0x272f)
generic 0x1eb630 (preset 0x272e),generic 0x1eb6b0 (preset 0x272f),51.757,no,the line between them touches another wall,generic 0x1eb630 (preset 0x272e)
generic 0x1eb630 (preset 0x272e),generic 0x1eb6b0 (preset 0x272f),10.723,no,"another wall pokes into the space between them, so a tighter pair covers this gap",generic 0x1eb630 (preset 0x272e)
generic 0x1eb630 (preset 0x272e),generic 0x1eb6b0 (preset 0x272f),40.573,no,"another wall pokes into the space between them, so a tighter pair covers this gap",generic 0x1eb6b0 (preset 0x272f)
generic 0x1eb630 (preset 0x272e),generic 0x1eb730 (preset 0x2730),31.112,yes,,
generic 0x1eb630 (preset 0x272e),generic 0x1eb730 (preset 0x2730),31.112,yes,,
generic 0x1eb630 (preset 0x272e),generic 0x1eb6b0 (preset 0x272f),40.617,no,"another wall pokes into the space between them, so a tighter pair covers this gap",generic 0x1eb630 (preset 0x272e)
generic 0x1eb630 (preset 0x272e),generic 0x1eb6b0 (preset 0x272f),51.754,no,"another wall pokes into the space between them, so a tighter pair covers this gap",generic 0x1eb630 (preset 0x272e)
generic 0x1eb630 (preset 0x272e),generic 0x1eb6b0 (preset 0x272f),10.717,yes,,
generic 0x1eb630 (preset 0x272e),generic 0x1eb6b0 (preset 0x272f),40.612,no,"another wall pokes into the space between them, so a tighter pair covers this gap",generic 0x1eb630 (preset 0x272e)
generic 0x1eb630 (preset 0x272e),generic 0x1eb730 (preset 0x2730),49.478,no,"another wall pokes into the space between them, so a tighter pair covers this gap",generic 0x1eb630 (preset 0x272e)
generic 0x1eb630 (preset 0x272e),generic 0x1eb730 (preset 0x2730),49.478,no,"another wall pokes into the space between them, so a tighter pair covers this gap",generic 0x1eb630 (preset 0x272e)
generic 0x1eb630 (preset 0x272e),generic 0x1eb6b0 (preset 0x272f),40.617,no,"another wall pokes into the space between them, so a tighter pair covers this gap",generic 0x1eb630 (preset 0x272e)
generic 0x1eb630 (preset 0x272e),generic 0x1eb6b0 (preset 0x272f),25.707,no,"another wall pokes into the space between them, so a tighter pair covers this gap",generic 0x1eb6b0 (preset 0x272f)
generic 0x1eb630 (preset 0x272e),generic 0x1eb6b0 (preset 0x272f),10.717,yes,,
generic 0x1eb630 (preset 0x272e),generic 0x1eb6b0 (preset 0x272f),40.613,no,"another wall pokes into the space between them, so a tighter pair covers this gap",generic 0x1eb630 (preset 0x272e)
generic 0x1eb630 (preset 0x272e),generic 0x1eb730 (preset 0x2730),49.482,no,"another wall pokes into the space between them, so a tighter pair covers this gap",generic 0x1eb630 (preset 0x272e)
generic 0x1eb630 (preset 0x272e),generic 0x1eb730 (preset 0x2730),49.482,no,"another wall pokes into the space between them, so a tighter pair covers this gap",generic 0x1eb630 (preset 0x272e)
generic 0x1eb630 (preset 0x272e),generic 0x1eb630 (preset 0x272e),0.006,no,the line between them touches another wall,generic 0x1eb630 (preset 0x272e)
generic 0x1eb630 (preset 0x272e),generic 0x1eb6b0 (preset 0x272f),52.266,no,"another wall pokes into the space between them, so a tighter pair covers this gap",generic 0x1eb630 (preset 0x272e)
generic 0x1eb630 (preset 0x272e),generic 0x1eb6b0 (preset 0x272f),52.266,no,"another wall pokes into the space between them, so a tighter pair covers this gap",generic 0x1eb630 (preset 0x272e)
generic 0x1eb630 (preset 0x272e),generic 0x1eb730 (preset 0x2730),51.545,no,"another wall pokes into the space between them, so a tighter pair covers this gap",generic 0x1eb630 (preset 0x272e)
generic 0x1eb6b0 (preset 0x272f),generic 0x1eb6b0 (preset 0x272f),0.005,no,the line between them touches another wall,generic 0x1eb6b0 (preset 0x272f)
generic 0x1eb6b0 (preset 0x272f),generic 0x1eb730 (preset 0x2730),58.501,no,the line between them touches another wall,generic 0x1eb730 (preset 0x2730)
generic 0x1eb6b0 (preset 0x272f),generic 0x1eb730 (preset 0x2730),58.496,no,"another wall pokes into the space between them, so a tighter pair covers this gap",generic 0x1eb730 (preset 0x2730)
generic 0x1eb6b0 (preset 0x272f),generic 0x1eb730 (preset 0x2730),28.312,yes,,
generic 0x1eb6b0 (preset 0x272f),generic 0x1eb730 (preset 0x2730),37.883,no,"another wall pokes into the space between them, so a tighter pair covers this gap",generic 0x1eb730 (preset 0x2730)
generic 0x1eb6b0 (preset 0x272f),generic 0x1eb6b0 (preset 0x272f),0.005,no,the line between them touches another wall,generic 0x1eb6b0 (preset 0x272f)
generic 0x1eb6b0 (preset 0x272f),generic 0x1eb730 (preset 0x2730),28.317,no,"another wall pokes into the space between them, so a tighter pair covers this gap",generic 0x1eb6b0 (preset 0x272f)
generic 0x1eb6b0 (preset 0x272f),generic 0x1eb730 (preset 0x2730),37.884,no,"another wall pokes into the space between them, so a tighter pair covers this gap",generic 0x1eb730 (preset 0x2730)
generic 0x1eb6b0 (preset 0x272f),generic 0x1eb730 (preset 0x2730),28.312,yes,,
generic 0x1eb6b0 (preset 0x272f),generic 0x1eb730 (preset 0x2730),37.883,no,"another wall pokes into the space between them, so a tighter pair covers this gap",generic 0x1eb730 (preset 0x2730)
generic 0x1eb730 (preset 0x2730),generic 0x1eb730 (preset 0x2730),0.005,no,the line between them touches another wall,generic 0x1eb730 (preset 0x2730)
generic 0x1eb730 (preset 0x2730),generic 0x1eb730 (preset 0x2730),0.005,no,the line between them touches another wall,generic 0x1eb730 (preset 0x2730)
door 0x1eb7b0 (preset 0x0026),door 0x1eb7b0 (preset 0x0026),6.795,no,neither wall could be placed on a tile,
door 0x1eb7b0 (preset 0x0026),door 0x1eb7b0 (preset 0x0026),0.031,no,neither wall could be placed on a tile,
door 0x1eb7b0 (preset 0x0026),door 0x1eb7b0 (preset 0x0026),0.031,no,neither wall could be placed on a tile,
door 0x1eb7b0 (preset 0x0026),door 0x1eb7b0 (preset 0x0026),6.826,no,neither wall could be placed on a tile,
door 0x1eb7b0 (preset 0x0026),door 0x1eb7b0 (preset 0x0026),6.795,no,neither wall could be placed on a tile,
door 0x1eb8b0 (preset 0x0027),door 0x1eb8b0 (preset 0x0027),0.031,no,neither wall could be placed on a tile,
door 0x1eb8b0 (preset 0x0027),door 0x1eb8b0 (preset 0x0027),6.826,no,"the line between them leaves the walkable area (a wall's thickness, or another floor)",
door 0x1eb8b0 (preset 0x0027),door 0x1eb8b0 (preset 0x0027),6.794,no,"the line between them leaves the walkable area (a wall's thickness, or another floor)",
door 0x1eb8b0 (preset 0x0027),door 0x1eb8b0 (preset 0x0027),6.794,no,neither wall could be placed on a tile,
door 0x1eb8b0 (preset 0x0027),door 0x1eb8b0 (preset 0x0027),0.031,no,neither wall could be placed on a tile,
door 0x1eb9b0 (preset 0x0028),door 0x1eb9b0 (preset 0x0028),0.031,no,neither wall could be placed on a tile,
door 0x1eb9b0 (preset 0x0028),door 0x1eb9b0 (preset 0x0028),4.625,no,neither wall could be placed on a tile,
door 0x1eb9b0 (preset 0x0028),door 0x1eb9b0 (preset 0x0028),4.594,no,"the line between them leaves the walkable area (a wall's thickness, or another floor)",
door 0x1eb9b0 (preset 0x0028),door 0x1eb9b0 (preset 0x0028),4.594,no,neither wall could be placed on a tile,
door 0x1eb9b0 (preset 0x0028),door 0x1eb9b0 (preset 0x0028),0.031,no,neither wall could be placed on a tile,
door 0x1ebab0 (preset 0x0029),door 0x1ebab0 (preset 0x0029),0.031,no,the line between them touches another wall,door 0x1ebab0 (preset 0x0029)
door 0x1ebab0 (preset 0x0029),door 0x1ebab0 (preset 0x0029),6.826,no,the line between them touches another wall,door 0x1ebab0 (preset 0x0029)
door 0x1ebab0 (preset 0x0029),door 0x1ebab0 (preset 0x0029),6.795,no,"the line between them leaves the walkable area (a wall's thickness, or another floor)",
door 0x1ebab0 (preset 0x0029),door 0x1ebab0 (preset 0x0029),6.795,no,"the line between them leaves the walkable area (a wall's thickness, or another floor)",
door 0x1ebab0 (preset 0x0029),door 0x1ebab0 (preset 0x0029),0.031,no,neither wall could be placed on a tile,
door 0x1ebbb0 (preset 0x002a),door 0x1ebbb0 (preset 0x002a),7.615,no,the line between them touches another wall,door 0x1ebbb0 (preset 0x002a)
door 0x1ebbb0 (preset 0x002a),door 0x1ebbb0 (preset 0x002a),0.062,no,the line between them touches another wall,door 0x1ebbb0 (preset 0x002a)
door 0x1ebbb0 (preset 0x002a),door 0x1ebbb0 (preset 0x002a),0.062,no,neither wall could be placed on a tile,
door 0x1ebbb0 (preset 0x002a),door 0x1ebbb0 (preset 0x002a),7.677,no,neither wall could be placed on a tile,
door 0x1ebbb0 (preset 0x002a),door 0x1ebbb0 (preset 0x002a),7.615,no,neither wall could be placed on a tile,
door 0x1ebcb0 (preset 0x002b),door 0x1ebcb0 (preset 0x002b),6.482,no,"the line between them leaves the walkable area (a wall's thickness, or another floor)",
door 0x1ebcb0 (preset 0x002b),door 0x1ebcb0 (preset 0x002b),6.543,no,"the line between them leaves the walkable area (a wall's thickness, or another floor)",
door 0x1ebcb0 (preset 0x002b),door 0x1ebcb0 (preset 0x002b),0.062,no,neither wall could be placed on a tile,
door 0x1ebcb0 (preset 0x002b),door 0x1ebcb0 (preset 0x002b),0.062,no,neither wall could be placed on a tile,
door 0x1ebcb0 (preset 0x002b),door 0x1ebcb0 (preset 0x002b),6.482,no,"the line between them leaves the walkable area (a wall's thickness, or another floor)",
door 0x1ebdb0 (preset 0x002c),door 0x1ebdb0 (preset 0x002c),7.078,no,neither wall could be placed on a tile,
door 0x1ebdb0 (preset 0x002c),door 0x1ebdb0 (preset 0x002c),2.166,no,neither wall could be placed on a tile,
door 0x1ebdb0 (preset 0x002c),door 0x1ebdb0 (preset 0x002c),2.166,no,"the line between them leaves the walkable area (a wall's thickness, or another floor)",
door 0x1ebdb0 (preset 0x002c),door 0x1ebdb0 (preset 0x002c),9.240,no,the line between them touches another wall,door 0x1ebdb0 (preset 0x002c)
door 0x1ebdb0 (preset 0x002c),door 0x1ebdb0 (preset 0x002c),7.078,no,neither wall could be placed on a tile,
door 0x1ebeb0 (preset 0x002d),door 0x1ebeb0 (preset 0x002d),6.795,no,neither wall could be placed on a tile,
door 0x1ebeb0 (preset 0x002d),door 0x1ebeb0 (preset 0x002d),0.031,no,neither wall could be placed on a tile,
door 0x1ebeb0 (preset 0x002d),door 0x1ebeb0 (preset 0x002d),0.031,no,neither wall could be placed on a tile,
door 0x1ebeb0 (preset 0x002d),door 0x1ebeb0 (preset 0x002d),6.826,no,the line between them touches another wall,door 0x1ebeb0 (preset 0x002d)
door 0x1ebeb0 (preset 0x002d),door 0x1ebeb0 (preset 0x002d),6.795,no,neither wall could be placed on a tile,
door 0x1ebfb0 (preset 0x0030),door 0x1ebfb0 (preset 0x0030),13.378,no,neither wall could be placed on a tile,
door 0x1ebfb0 (preset 0x0030),door 0x1ec2b0 (preset 0x002e),2.133,no,neither wall could be placed on a tile,
door 0x1ebfb0 (preset 0x0030),door 0x1ec2b0 (preset 0x002e),0.003,no,neither wall could be placed on a tile,
door 0x1ebfb0 (preset 0x0030),door 0x1ec2b0 (preset 0x002e),8.975,no,neither wall could be placed on a tile,
door 0x1ebfb0 (preset 0x0030),door 0x1ec2b0 (preset 0x002e),2.191,no,neither wall could be placed on a tile,
door 0x1ebfb0 (preset 0x0030),door 0x1ebfb0 (preset 0x0030),0.066,no,neither wall could be placed on a tile,
door 0x1ebfb0 (preset 0x0030),door 0x1ec2b0 (preset 0x002e),2.199,no,neither wall could be placed on a tile,
door 0x1ebfb0 (preset 0x0030),door 0x1ec2b0 (preset 0x002e),0.003,no,neither wall could be placed on a tile,
door 0x1ebfb0 (preset 0x0030),door 0x1ec2b0 (preset 0x002e),0.005,no,neither wall could be placed on a tile,
door 0x1ebfb0 (preset 0x0030),door 0x1ec2b0 (preset 0x002e),2.258,no,neither wall could be placed on a tile,
door 0x1ebfb0 (preset 0x0030),door 0x1ebfb0 (preset 0x0030),0.066,no,neither wall could be placed on a tile,
door 0x1ebfb0 (preset 0x0030),door 0x1ebfb0 (preset 0x0030),13.444,no,"the line between them leaves the walkable area (a wall's thickness, or another floor)",
door 0x1ebfb0 (preset 0x0030),door 0x1ec2b0 (preset 0x002e),15.577,no,"the line between them leaves the walkable area (a wall's thickness, or another floor)",
door 0x1ebfb0 (preset 0x0030),door 0x1ec2b0 (preset 0x002e),4.403,no,the line between them touches another wall,door 0x1ebfb0 (preset 0x0030)
door 0x1ebfb0 (preset 0x0030),door 0x1ec2b0 (preset 0x002e),4.403,no,the line between them touches another wall,door 0x1ebfb0 (preset 0x0030)
door 0x1ebfb0 (preset 0x0030),door 0x1ec2b0 (preset 0x002e),4.418,no,the line between them touches another wall,door 0x1ebfb0 (preset 0x0030)
door 0x1ebfb0 (preset 0x0030),door 0x1ec2b0 (preset 0x002e),4.476,no,the line between them touches another wall,door 0x1ebfb0 (preset 0x0030)
door 0x1ebfb0 (preset 0x0030),door 0x1ec2b0 (preset 0x002e),15.636,no,"the line between them leaves the walkable area (a wall's thickness, or another floor)",
door 0x1ebfb0 (preset 0x0030),door 0x1ec3b0 (preset 0x002f),4.303,no,the line between them touches another wall,door 0x1ebfb0 (preset 0x0030)
door 0x1ebfb0 (preset 0x0030),door 0x1ec3b0 (preset 0x002f),4.303,no,the line between them touches another wall,door 0x1ebfb0 (preset 0x0030)
door 0x1ebfb0 (preset 0x0030),door 0x1ec3b0 (preset 0x002f),15.537,no,the line between them touches another wall,door 0x1ebfb0 (preset 0x0030)
door 0x1ebfb0 (preset 0x0030),door 0x1ec3b0 (preset 0x002f),15.478,no,the line between them touches another wall,door 0x1ebfb0 (preset 0x0030)
door 0x1ebfb0 (preset 0x0030),door 0x1ebfb0 (preset 0x0030),13.378,no,neither wall could be placed on a tile,
door 0x1ebfb0 (preset 0x0030),door 0x1ec2b0 (preset 0x002e),9.815,no,neither wall could be placed on a tile,
door 0x1ebfb0 (preset 0x0030),door 0x1ec2b0 (preset 0x002e),9.815,no,neither wall could be placed on a tile,
door 0x1ebfb0 (preset 0x0030),door 0x1ec2b0 (preset 0x002e),9.841,no,neither wall could be placed on a tile,
door 0x1ebfb0 (preset 0x0030),door 0x1ec2b0 (preset 0x002e),17.897,no,neither wall could be placed on a tile,
door 0x1ebfb0 (preset 0x0030),door 0x1ec3b0 (preset 0x002f),9.777,no,neither wall could be placed on a tile,
door 0x1ebfb0 (preset 0x0030),door 0x1ec3b0 (preset 0x002f),4.238,no,neither wall could be placed on a tile,
door 0x1ebfb0 (preset 0x0030),door 0x1ec3b0 (preset 0x002f),15.472,no,neither wall could be placed on a tile,
door 0x1ebfb0 (preset 0x0030),door 0x1ec3b0 (preset 0x002f),17.754,no,neither wall could be placed on a tile,
door 0x1ebfb0 (preset 0x0030),door 0x1ec2b0 (preset 0x002e),8.798,no,neither wall could be placed on a tile,
door 0x1ebfb0 (preset 0x0030),door 0x1ec2b0 (preset 0x002e),8.798,no,neither wall could be placed on a tile,
door 0x1ebfb0 (preset 0x0030),door 0x1ec2b0 (preset 0x002e),8.798,no,neither wall could be placed on a tile,
door 0x1ebfb0 (preset 0x0030),door 0x1ec2b0 (preset 0x002e),9.072,no,neither wall could be placed on a tile,
door 0x1ebfb0 (preset 0x0030),door 0x1ec3b0 (preset 0x002f),8.812,no,neither wall could be placed on a tile,
door 0x1ebfb0 (preset 0x0030),door 0x1ec3b0 (preset 0x002f),2.094,no,neither wall could be placed on a tile,
door 0x1ebfb0 (preset 0x0030),door 0x1ec3b0 (preset 0x002f),9.045,no,neither wall could be placed on a tile,
door 0x1ebfb0 (preset 0x0030),door 0x1ec2b0 (preset 0x002e),2.133,no,neither wall could be placed on a tile,
door 0x1ebfb0 (preset 0x0030),door 0x1ec2b0 (preset 0x002e),9.027,no,the line between them touches another wall,door 0x1ebfb0 (preset 0x0030)
door 0x1ebfb0 (preset 0x0030),door 0x1ec2b0 (preset 0x002e),8.968,no,the line between them touches another wall,door 0x1ebfb0 (preset 0x0030)
door 0x1ebfb0 (preset 0x0030),door 0x1ec2b0 (preset 0x002e),2.191,no,neither wall could be placed on a tile,
door 0x1ebfb0 (preset 0x0030),door 0x1ec3b0 (preset 0x002f),9.140,no,neither wall could be placed on a tile,
door 0x1ebfb0 (preset 0x0030),door 0x1ec3b0 (preset 0x002f),2.093,no,the far wall faces the other way (it belongs to floor which isn't linked here),
door 0x1ebfb0 (preset 0x0030),door 0x1ec3b0 (preset 0x002f),2.034,no,the far wall faces the other way (it belongs to floor which isn't linked here),
door 0x1ec0b0 (preset 0x0031),door 0x1ec0b0 (preset 0x0031),13.378,no,neither wall could be placed on a tile,
door 0x1ec0b0 (preset 0x0031),door 0x1ec0b0 (preset 0x0031),0.066,no,neither wall could be placed on a tile,
door 0x1ec0b0 (preset 0x0031),door 0x1ec0b0 (preset 0x0031),0.066,no,neither wall could be placed on a tile,
door 0x1ec0b0 (preset 0x0031),door 0x1ec0b0 (preset 0x0031),13.444,no,"the line between them leaves the walkable area (a wall's thickness, or another floor)",
door 0x1ec0b0 (preset 0x0031),door 0x1ec0b0 (preset 0x0031),13.378,no,neither wall could be placed on a tile,
door 0x1ec1b0 (preset 0x0032),door 0x1ec1b0 (preset 0x0032),0.067,no,neither wall could be placed on a tile,
door 0x1ec1b0 (preset 0x0032),door 0x1ec1b0 (preset 0x0032),13.282,no,neither wall could be placed on a tile,
door 0x1ec1b0 (preset 0x0032),door 0x1ec1b0 (preset 0x0032),13.282,no,neither wall could be placed on a tile,
door 0x1ec1b0 (preset 0x0032),door 0x1ec1b0 (preset 0x0032),13.349,no,neither wall could be placed on a tile,
door 0x1ec1b0 (preset 0x0032),door 0x1ec1b0 (preset 0x0032),0.067,no,neither wall could be placed on a tile,
door 0x1ec2b0 (preset 0x002e),door 0x1ec2b0 (preset 0x002e),11.174,no,neither wall could be placed on a tile,
door 0x1ec2b0 (preset 0x002e),door 0x1ec2b0 (preset 0x002e),0.059,no,neither wall could be placed on a tile,
door 0x1ec2b0 (preset 0x002e),door 0x1ec2b0 (preset 0x002e),0.059,no,the line between them touches another wall,door 0x1ec2b0 (preset 0x002e)
door 0x1ec2b0 (preset 0x002e),door 0x1ec2b0 (preset 0x002e),11.232,no,the line between them touches another wall,door 0x1ec2b0 (preset 0x002e)
door 0x1ec2b0 (preset 0x002e),door 0x1ec3b0 (preset 0x002f),0.115,no,the line between them touches another wall,door 0x1ec3b0 (preset 0x002f)
door 0x1ec2b0 (preset 0x002e),door 0x1ec3b0 (preset 0x002f),11.119,no,the line between them touches another wall,door 0x1ec2b0 (preset 0x002e)
door 0x1ec2b0 (preset 0x002e),door 0x1ec3b0 (preset 0x002f),11.061,no,the line between them touches another wall,door 0x1ec2b0 (preset 0x002e)
door 0x1ec2b0 (preset 0x002e),door 0x1ec2b0 (preset 0x002e),11.174,no,the line between them touches another wall,door 0x1ec2b0 (preset 0x002e)
door 0x1ec2b0 (preset 0x002e),door 0x1ec3b0 (preset 0x002f),0.014,no,the line between them touches another wall,door 0x1ec3b0 (preset 0x002f)
door 0x1ec2b0 (preset 0x002e),door 0x1ec3b0 (preset 0x002f),0.115,no,the line between them touches another wall,door 0x1ec3b0 (preset 0x002f)
door 0x1ec2b0 (preset 0x002e),door 0x1ec3b0 (preset 0x002f),11.061,no,the line between them touches another wall,door 0x1ec2b0 (preset 0x002e)
door 0x1ec2b0 (preset 0x002e),door 0x1ec3b0 (preset 0x002f),11.002,no,the line between them touches another wall,door 0x1ec2b0 (preset 0x002e)
door 0x1ec2b0 (preset 0x002e),door 0x1ec3b0 (preset 0x002f),0.014,no,the line between them touches another wall,door 0x1ec2b0 (preset 0x002e)
door 0x1ec2b0 (preset 0x002e),door 0x1ec3b0 (preset 0x002f),0.174,no,the line between them touches another wall,door 0x1ec3b0 (preset 0x002f)
door 0x1ec2b0 (preset 0x002e),door 0x1ec3b0 (preset 0x002f),0.014,no,the line between them touches another wall,door 0x1ec2b0 (preset 0x002e)
door 0x1ec2b0 (preset 0x002e),door 0x1ec3b0 (preset 0x002f),0.172,no,the line between them touches another wall,door 0x1ec2b0 (preset 0x002e)
door 0x1ec2b0 (preset 0x002e),door 0x1ec3b0 (preset 0x002f),11.348,no,the line between them touches another wall,door 0x1ec2b0 (preset 0x002e)
door 0x1ec2b0 (preset 0x002e),door 0x1ec3b0 (preset 0x002f),0.113,no,the line between them touches another wall,door 0x1ec2b0 (preset 0x002e)
door 0x1ec2b0 (preset 0x002e),door 0x1ec3b0 (preset 0x002f),0.113,no,the line between them touches another wall,door 0x1ec2b0 (preset 0x002e)
door 0x1ec3b0 (preset 0x002f),door 0x1ec3b0 (preset 0x002f),0.059,no,the line between them touches another wall,door 0x1ec3b0 (preset 0x002f)
door 0x1ec3b0 (preset 0x002f),door 0x1ec3b0 (preset 0x002f),0.059,no,neither wall could be placed on a tile,
door 0x1ec3b0 (preset 0x002f),door 0x1ec3b0 (preset 0x002f),11.234,no,the line between them touches another wall,door 0x1ec3b0 (preset 0x002f)
door 0x1ec3b0 (preset 0x002f),door 0x1ec3b0 (preset 0x002f),11.176,no,the line between them touches another wall,door 0x1ec3b0 (preset 0x002f)
door 0x1ec3b0 (preset 0x002f),door 0x1ec3b0 (preset 0x002f),11.176,no,neither wall could be placed on a tile,
door 0x1ec4b0 (preset 0x0006),door 0x1ec4b0 (preset 0x0006),17.603,no,neither wall could be placed on a tile,
door 0x1ec4b0 (preset 0x0006),door 0x1ec4b0 (preset 0x0006),0.000,no,neither wall could be placed on a tile,
door 0x1ec4b0 (preset 0x0006),door 0x1ec4b0 (preset 0x0006),0.000,no,"the line between them leaves the walkable area (a wall's thickness, or another floor)",
door 0x1ec4b0 (preset 0x0006),door 0x1ec4b0 (preset 0x0006),17.603,no,"the line between them leaves the walkable area (a wall's thickness, or another floor)",
door 0x1ec4b0 (preset 0x0006),door 0x1ec4b0 (preset 0x0006),17.603,no,neither wall could be placed on a tile,
door 0x1ec5c0 (preset 0x0007),door 0x1ec5c0 (preset 0x0007),52.810,no,neither wall could be placed on a tile,
door 0x1ec5c0 (preset 0x0007),door 0x1ec6c0 (preset 0x0008),44.009,no,neither wall could be placed on a tile,
door 0x1ec5c0 (preset 0x0007),door 0x1ec6c0 (preset 0x0008),46.626,no,neither wall could be placed on a tile,
door 0x1ec5c0 (preset 0x0007),door 0x1ec6c0 (preset 0x0008),44.009,no,neither wall could be placed on a tile,
door 0x1ec5c0 (preset 0x0007),door 0x1ec5c0 (preset 0x0007),17.604,no,the line between them touches another wall,door 0x1ec5c0 (preset 0x0007)
door 0x1ec5c0 (preset 0x0007),door 0x1ec6c0 (preset 0x0008),0.000,no,"another wall pokes into the space between them, so a tighter pair covers this gap",door 0x1ec6c0 (preset 0x0008)
door 0x1ec5c0 (preset 0x0007),door 0x1ec6c0 (preset 0x0008),15.403,no,the line between them touches another wall,door 0x1ec6c0 (preset 0x0008)
door 0x1ec5c0 (preset 0x0007),door 0x1ec6c0 (preset 0x0008),46.209,no,"another wall pokes into the space between them, so a tighter pair covers this gap",door 0x1ec6c0 (preset 0x0008)
door 0x1ec5c0 (preset 0x0007),door 0x1ec6c0 (preset 0x0008),0.000,yes,,
door 0x1ec5c0 (preset 0x0007),door 0x1ec7c0 (preset 0x0009),40.454,yes,,
door 0x1ec5c0 (preset 0x0007),door 0x1ec7c0 (preset 0x0009),49.887,no,"another wall pokes into the space between them, so a tighter pair covers this gap",door 0x1ec7c0 (preset 0x0009)
door 0x1ec5c0 (preset 0x0007),door 0x1ec7c0 (preset 0x0009),40.454,yes,,
door 0x1ec5c0 (preset 0x0007),door 0x1ec6c0 (preset 0x0008),8.802,no,"another wall pokes into the space between them, so a tighter pair covers this gap",door 0x1ec5c0 (preset 0x0007)
door 0x1ec5c0 (preset 0x0007),door 0x1ec6c0 (preset 0x0008),15.403,no,the line between them touches another wall,door 0x1ec6c0 (preset 0x0008)
door 0x1ec5c0 (preset 0x0007),door 0x1ec6c0 (preset 0x0008),46.209,no,"another wall pokes into the space between them, so a tighter pair covers this gap",door 0x1ec6c0 (preset 0x0008)
door 0x1ec5c0 (preset 0x0007),door 0x1ec6c0 (preset 0x0008),0.000,yes,,
door 0x1ec5c0 (preset 0x0007),door 0x1ec7c0 (preset 0x0009),40.454,yes,,
door 0x1ec5c0 (preset 0x0007),door 0x1ec7c0 (preset 0x0009),49.887,no,"another wall pokes into the space between them, so a tighter pair covers this gap",door 0x1ec7c0 (preset 0x0009)
door 0x1ec5c0 (preset 0x0007),door 0x1ec7c0 (preset 0x0009),40.454,yes,,
door 0x1ec5c0 (preset 0x0007),door 0x1ec6c0 (preset 0x0008),17.604,no,the line between them touches another wall,door 0x1ec5c0 (preset 0x0007)
door 0x1ec5c0 (preset 0x0007),door 0x1ec6c0 (preset 0x0008),33.007,no,the line between them touches another wall,door 0x1ec6c0 (preset 0x0008)
door 0x1ec5c0 (preset 0x0007),door 0x1ec6c0 (preset 0x0008),49.448,no,"another wall pokes into the space between them, so a tighter pair covers this gap",door 0x1ec5c0 (preset 0x0007)
door 0x1ec5c0 (preset 0x0007),door 0x1ec6c0 (preset 0x0008),17.604,no,"another wall pokes into the space between them, so a tighter pair covers this gap",door 0x1ec5c0 (preset 0x0007)
door 0x1ec5c0 (preset 0x0007),door 0x1ec7c0 (preset 0x0009),49.887,no,"another wall pokes into the space between them, so a tighter pair covers this gap",door 0x1ec5c0 (preset 0x0007)
door 0x1ec5c0 (preset 0x0007),door 0x1ec7c0 (preset 0x0009),49.887,no,"another wall pokes into the space between them, so a tighter pair covers this gap",door 0x1ec5c0 (preset 0x0007)
door 0x1ec6c0 (preset 0x0008),door 0x1ec6c0 (preset 0x0008),55.011,no,the line between them touches another wall,door 0x1ec6c0 (preset 0x0008)
door 0x1ec6c0 (preset 0x0008),door 0x1ec7c0 (preset 0x0009),46.209,no,"another wall pokes into the space between them, so a tighter pair covers this gap",door 0x1ec6c0 (preset 0x0008)
door 0x1ec6c0 (preset 0x0008),door 0x1ec7c0 (preset 0x0009),49.448,no,"another wall pokes into the space between them, so a tighter pair covers this gap",door 0x1ec7c0 (preset 0x0009)
door 0x1ec6c0 (preset 0x0008),door 0x1ec7c0 (preset 0x0009),46.209,no,the line between them touches another wall,door 0x1ec6c0 (preset 0x0008)
door 0x1ec6c0 (preset 0x0008),door 0x1ec6c0 (preset 0x0008),15.403,no,the line between them touches another wall,door 0x1ec6c0 (preset 0x0008)
door 0x1ec6c0 (preset 0x0008),door 0x1ec7c0 (preset 0x0009),17.603,no,"another wall pokes into the space between them, so a tighter pair covers this gap",door 0x1ec7c0 (preset 0x0009)
door 0x1ec6c0 (preset 0x0008),door 0x1ec7c0 (preset 0x0009),44.009,no,the line between them touches another wall,door 0x1ec7c0 (preset 0x0009)
door 0x1ec6c0 (preset 0x0008),door 0x1ec7c0 (preset 0x0009),0.000,no,the line between them touches another wall,door 0x1ec7c0 (preset 0x0009)
door 0x1ec6c0 (preset 0x0008),door 0x1ecac0 (preset 0x000c),44.009,yes,,
door 0x1ec6c0 (preset 0x0008),door 0x1ecac0 (preset 0x000c),47.399,no,"another wall pokes into the space between them, so a tighter pair covers this gap",door 0x1ecac0 (preset 0x000c)
door 0x1ec6c0 (preset 0x0008),door 0x1ecac0 (preset 0x000c),44.009,no,"another wall pokes into the space between them, so a tighter pair covers this gap",door 0x1ecac0 (preset 0x000c)
door 0x1ec6c0 (preset 0x0008),door 0x1ec7c0 (preset 0x0009),8.802,no,the line between them touches another wall,door 0x1ec6c0 (preset 0x0008)
door 0x1ec6c0 (preset 0x0008),door 0x1ec7c0 (preset 0x0009),17.603,no,the line between them touches another wall,door 0x1ec7c0 (preset 0x0009)
door 0x1ec6c0 (preset 0x0008),door 0x1ec7c0 (preset 0x0009),44.009,no,the line between them touches another wall,door 0x1ec7c0 (preset 0x0009)
door 0x1ec6c0 (preset 0x0008),door 0x1ecac0 (preset 0x000c),44.009,yes,,
door 0x1ec6c0 (preset 0x0008),door 0x1ecac0 (preset 0x000c),47.399,no,"another wall pokes into the space between them, so a tighter pair covers this gap",door 0x1ecac0 (preset 0x000c)
door 0x1ec6c0 (preset 0x0008),door 0x1ecac0 (preset 0x000c),44.009,no,"another wall pokes into the space between them, so a tighter pair covers this gap",door 0x1ecac0 (preset 0x000c)
door 0x1ec6c0 (preset 0x0008),door 0x1ec7c0 (preset 0x0009),15.403,no,the line between them touches another wall,door 0x1ec6c0 (preset 0x0008)
door 0x1ec6c0 (preset 0x0008),door 0x1ec7c0 (preset 0x0009),33.006,no,the line between them touches another wall,door 0x1ec6c0 (preset 0x0008)
door 0x1ec6c0 (preset 0x0008),door 0x1ec7c0 (preset 0x0009),46.626,no,"another wall pokes into the space between them, so a tighter pair covers this gap",door 0x1ec7c0 (preset 0x0009)
door 0x1ec6c0 (preset 0x0008),door 0x1ec7c0 (preset 0x0009),15.403,no,the line between them touches another wall,door 0x1ec6c0 (preset 0x0008)
door 0x1ec6c0 (preset 0x0008),door 0x1ecac0 (preset 0x000c),46.626,no,"another wall pokes into the space between them, so a tighter pair covers this gap",door 0x1ec6c0 (preset 0x0008)
door 0x1ec6c0 (preset 0x0008),door 0x1ecac0 (preset 0x000c),55.011,no,"another wall pokes into the space between them, so a tighter pair covers this gap",door 0x1ecac0 (preset 0x000c)
door 0x1ec6c0 (preset 0x0008),door 0x1ecac0 (preset 0x000c),46.626,no,"another wall pokes into the space between them, so a tighter pair covers this gap",door 0x1ec6c0 (preset 0x0008)
door 0x1ec7c0 (preset 0x0009),door 0x1ec7c0 (preset 0x0009),52.810,no,the line between them touches another wall,door 0x1ec7c0 (preset 0x0009)
door 0x1ec7c0 (preset 0x0009),door 0x1ecac0 (preset 0x000c),52.810,no,the line between them touches another wall,door 0x1ec7c0 (preset 0x0009)
door 0x1ec7c0 (preset 0x0009),door 0x1ecac0 (preset 0x000c),52.810,no,the line between them touches another wall,door 0x1ec7c0 (preset 0x0009)
door 0x1ec7c0 (preset 0x0009),door 0x1ecac0 (preset 0x000c),52.810,no,the line between them touches another wall,door 0x1ec7c0 (preset 0x0009)
door 0x1ec7c0 (preset 0x0009),door 0x1ec7c0 (preset 0x0009),17.604,no,the line between them touches another wall,door 0x1ec7c0 (preset 0x0009)
door 0x1ec7c0 (preset 0x0009),door 0x1ec9c0 (preset 0x000b),47.399,no,"another wall pokes into the space between them, so a tighter pair covers this gap",door 0x1ec7c0 (preset 0x0009)
door 0x1ec7c0 (preset 0x0009),door 0x1ec9c0 (preset 0x000b),47.399,no,"another wall pokes into the space between them, so a tighter pair covers this gap",door 0x1ec7c0 (preset 0x0009)
door 0x1ec7c0 (preset 0x0009),door 0x1ec9c0 (preset 0x000b),55.010,no,"another wall pokes into the space between them, so a tighter pair covers this gap",door 0x1ec7c0 (preset 0x0009)
door 0x1ec7c0 (preset 0x0009),door 0x1ecac0 (preset 0x000c),52.810,no,the line between them touches another wall,door 0x1ecac0 (preset 0x000c)
door 0x1ec7c0 (preset 0x0009),door 0x1ecac0 (preset 0x000c),17.604,no,the line between them touches another wall,door 0x1ecac0 (preset 0x000c)
door 0x1ec7c0 (preset 0x0009),door 0x1ec9c0 (preset 0x000b),44.009,yes,,
door 0x1ec7c0 (preset 0x0009),door 0x1ec9c0 (preset 0x000b),44.009,no,"another wall pokes into the space between them, so a tighter pair covers this gap",door 0x1ec9c0 (preset 0x000b)
door 0x1ec7c0 (preset 0x0009),door 0x1ec9c0 (preset 0x000b),46.626,no,"another wall pokes into the space between them, so a tighter pair covers this gap",door 0x1ec9c0 (preset 0x000b)
door 0x1ec7c0 (preset 0x0009),door 0x1ecac0 (preset 0x000c),52.810,no,the line between them touches another wall,door 0x1ecac0 (preset 0x000c)
door 0x1ec7c0 (preset 0x0009),door 0x1ec9c0 (preset 0x000b),44.009,yes,,
door 0x1ec7c0 (preset 0x0009),door 0x1ec9c0 (preset 0x000b),44.009,no,"another wall pokes into the space between them, so a tighter pair covers this gap",door 0x1ec7c0 (preset 0x0009)
door 0x1ec7c0 (preset 0x0009),door 0x1ec9c0 (preset 0x000b),46.626,no,"another wall pokes into the space between them, so a tighter pair covers this gap",door 0x1ec9c0 (preset 0x000b)
door 0x1ec7c0 (preset 0x0009),door 0x1ecac0 (preset 0x000c),17.604,no,the line between them touches another wall,door 0x1ecac0 (preset 0x000c)
door 0x1ec7c0 (preset 0x0009),door 0x1ecac0 (preset 0x000c),52.810,no,the line between them touches another wall,door 0x1ecac0 (preset 0x000c)
door 0x1ec8c0 (preset 0x000a),door 0x1ec8c0 (preset 0x000a),55.011,no,"the line between them leaves the walkable area (a wall's thickness, or another floor)",
door 0x1ec8c0 (preset 0x000a),door 0x1ec9c0 (preset 0x000b),44.009,no,"another wall pokes into the space between them, so a tighter pair covers this gap",door 0x1ec9c0 (preset 0x000b)
door 0x1ec8c0 (preset 0x000a),door 0x1ec9c0 (preset 0x000b),15.403,no,the line between them touches another wall,door 0x1ec9c0 (preset 0x000b)
door 0x1ec8c0 (preset 0x000a),door 0x1ec9c0 (preset 0x000b),8.802,no,the line between them touches another wall,door 0x1ec8c0 (preset 0x000a)
door 0x1ec8c0 (preset 0x000a),door 0x1ec9c0 (preset 0x000b),0.000,no,"another wall pokes into the space between them, so a tighter pair covers this gap",door 0x1ec8c0 (preset 0x000a)
door 0x1ec8c0 (preset 0x000a),door 0x1ecac0 (preset 0x000c),48.259,no,"another wall pokes into the space between them, so a tighter pair covers this gap",door 0x1ecac0 (preset 0x000c)
door 0x1ec8c0 (preset 0x000a),door 0x1ecac0 (preset 0x000c),38.429,yes,,
door 0x1ec8c0 (preset 0x000a),door 0x1ecac0 (preset 0x000c),38.429,yes,,
door 0x1ec8c0 (preset 0x000a),door 0x1ec8c0 (preset 0x000a),17.604,no,the line between them touches another wall,door 0x1ec8c0 (preset 0x000a)
door 0x1ec8c0 (preset 0x000a),door 0x1ec9c0 (preset 0x000b),44.009,no,"another wall pokes into the space between them, so a tighter pair covers this gap",door 0x1ec9c0 (preset 0x000b)
door 0x1ec8c0 (preset 0x000a),door 0x1ec9c0 (preset 0x000b),15.403,no,"another wall pokes into the space between them, so a tighter pair covers this gap",door 0x1ec9c0 (preset 0x000b)
door 0x1ec8c0 (preset 0x000a),door 0x1ecac0 (preset 0x000c),48.259,no,"another wall pokes into the space between them, so a tighter pair covers this gap",door 0x1ecac0 (preset 0x000c)
door 0x1ec8c0 (preset 0x000a),door 0x1ecac0 (preset 0x000c),38.429,yes,,
door 0x1ec8c0 (preset 0x000a),door 0x1ecac0 (preset 0x000c),38.429,yes,,
door 0x1ec8c0 (preset 0x000a),door 0x1ec9c0 (preset 0x000b),48.709,no,neither wall could be placed on a tile,
door 0x1ec8c0 (preset 0x000a),door 0x1ec9c0 (preset 0x000b),46.209,no,neither wall could be placed on a tile,
door 0x1ec8c0 (preset 0x000a),door 0x1ec9c0 (preset 0x000b),46.209,no,neither wall could be placed on a tile,
door 0x1ec8c0 (preset 0x000a),door 0x1ec9c0 (preset 0x000b),47.399,no,"another wall pokes into the space between them, so a tighter pair covers this gap",door 0x1ec9c0 (preset 0x000b)
door 0x1ec8c0 (preset 0x000a),door 0x1ec9c0 (preset 0x000b),33.007,no,the line between them touches another wall,door 0x1ec8c0 (preset 0x000a)
door 0x1ec8c0 (preset 0x000a),door 0x1ec9c0 (preset 0x000b),17.604,no,the line between them touches another wall,door 0x1ec8c0 (preset 0x000a)
door 0x1ec8c0 (preset 0x000a),door 0x1ec9c0 (preset 0x000b),17.604,no,the line between them touches another wall,door 0x1ec8c0 (preset 0x000a)
door 0x1ec8c0 (preset 0x000a),door 0x1ecac0 (preset 0x000c),48.259,no,"another wall pokes into the space between them, so a tighter pair covers this gap",door 0x1ec8c0 (preset 0x000a)
door 0x1ec8c0 (preset 0x000a),door 0x1ecac0 (preset 0x000c),48.259,no,"another wall pokes into the space between them, so a tighter pair covers this gap",door 0x1ec8c0 (preset 0x000a)
door 0x1ec9c0 (preset 0x000b),door 0x1ec9c0 (preset 0x000b),52.810,no,the line between them touches another wall,door 0x1ec9c0 (preset 0x000b)
door 0x1ec9c0 (preset 0x000b),door 0x1ecac0 (preset 0x000c),44.009,no,"another wall pokes into the space between them, so a tighter pair covers this gap",door 0x1ecac0 (preset 0x000c)
door 0x1ec9c0 (preset 0x000b),door 0x1ecac0 (preset 0x000c),17.603,no,the line between them touches another wall,door 0x1ecac0 (preset 0x000c)
door 0x1ec9c0 (preset 0x000b),door 0x1ecac0 (preset 0x000c),8.802,no,the line between them touches another wall,door 0x1ec9c0 (preset 0x000b)
door 0x1ec9c0 (preset 0x000b),door 0x1ec9c0 (preset 0x000b),15.403,no,the line between them touches another wall,door 0x1ec9c0 (preset 0x000b)
door 0x1ec9c0 (preset 0x000b),door 0x1ecac0 (preset 0x000c),44.009,no,the line between them touches another wall,door 0x1ecac0 (preset 0x000c)
door 0x1ec9c0 (preset 0x000b),door 0x1ecac0 (preset 0x000c),17.603,no,the line between them touches another wall,door 0x1ecac0 (preset 0x000c)
door 0x1ec9c0 (preset 0x000b),door 0x1ecac0 (preset 0x000c),0.000,no,the line between them touches another wall,door 0x1ec9c0 (preset 0x000b)
door 0x1ec9c0 (preset 0x000b),door 0x1ecac0 (preset 0x000c),47.399,no,"another wall pokes into the space between them, so a tighter pair covers this gap",door 0x1ec9c0 (preset 0x000b)
door 0x1ec9c0 (preset 0x000b),door 0x1ecac0 (preset 0x000c),44.009,no,the line between them touches another wall,door 0x1ec9c0 (preset 0x000b)
door 0x1ec9c0 (preset 0x000b),door 0x1ecac0 (preset 0x000c),44.009,no,the line between them touches another wall,door 0x1ec9c0 (preset 0x000b)
door 0x1ec9c0 (preset 0x000b),door 0x1ecac0 (preset 0x000c),46.626,no,"another wall pokes into the space between them, so a tighter pair covers this gap",door 0x1ecac0 (preset 0x000c)
door 0x1ec9c0 (preset 0x000b),door 0x1ecac0 (preset 0x000c),33.006,no,the line between them touches another wall,door 0x1ecac0 (preset 0x000c)
door 0x1ec9c0 (preset 0x000b),door 0x1ecac0 (preset 0x000c),15.403,no,the line between them touches another wall,door 0x1ec9c0 (preset 0x000b)
door 0x1ec9c0 (preset 0x000b),door 0x1ecac0 (preset 0x000c),15.403,no,"another wall pokes into the space between them, so a tighter pair covers this gap",door 0x1ec9c0 (preset 0x000b)
door 0x1ecac0 (preset 0x000c),door 0x1ecac0 (preset 0x000c),52.810,no,the line between them touches another wall,door 0x1ecac0 (preset 0x000c)
door 0x1ecac0 (preset 0x000c),door 0x1ecac0 (preset 0x000c),17.604,no,the line between them touches another wall,door 0x1ecac0 (preset 0x000c)
