between,and,width,kept,reason,because_of
wall of tile 08D131 (room 0x84),wall of tile 05B431 (room 0x88),59.673,no,the far wall faces the other way (it belongs to floor which isn't linked here),
wall of tile 08D131 (room 0x84),wall of tile 05DC32 (room 0x88),44.261,no,the far wall faces the other way (it belongs to floor which isn't linked here),
wall of tile 08D131 (room 0x84),wall of tile 05DC31 (room 0x88),46.296,no,the far wall faces the other way (it belongs to floor which isn't linked here),
wall of tile 08D131 (room 0x84),wall of tile 05D732 (room 0x88),13.439,no,the far wall faces the other way (it belongs to floor which isn't linked here),
wall of tile 08D131 (room 0x84),wall of tile 05D731 (room 0x88),13.535,no,the far wall faces the other way (it belongs to floor which isn't linked here),
wall of tile 08D131 (room 0x84),wall of tile 05EB32 (room 0x88),1.461,no,the far wall faces the other way (it belongs to floor which isn't linked here),
wall of tile 08D131 (room 0x84),wall of tile 05F132 (room 0x88),0.365,no,"the line between them leaves the walkable area (a wall's thickness, or another floor)",
wall of tile 08D131 (room 0x84),wall of tile 05FB32 (room 0x88),0.146,no,the far wall faces the other way (it belongs to floor which isn't linked here),
wall of tile 08D131 (room 0x84),wall of tile 05CE32 (room 0x88),0.146,no,the far wall faces the other way (it belongs to floor which isn't linked here),
wall of tile 08D131 (room 0x84),wall of tile 05BA32 (room 0x88),55.793,no,the far wall faces the other way (it belongs to floor which isn't linked here),
wall of tile 08D131 (room 0x84),wall of tile 05BA31 (room 0x88),3.196,no,the far wall faces the other way (it belongs to floor which isn't linked here),
wall of tile 08D131 (room 0x84),wall of tile 078730 (room 0x84),59.750,no,the far wall faces the other way (it belongs to floor which isn't linked here),
wall of tile 08D131 (room 0x84),glass 0x1e1e50 (preset 0x276e),2.519,no,"another wall pokes into the space between them, so a tighter pair covers this gap",wall of tile 08E032 (room 0x84)
wall of tile 08E032 (room 0x84),wall of tile 009130 (room 0x84),56.707,no,the far wall faces the other way (it belongs to floor which isn't linked here),
wall of tile 08E032 (room 0x84),wall of tile 05DC31 (room 0x88),46.296,no,the far wall faces the other way (it belongs to floor which isn't linked here),
wall of tile 08E032 (room 0x84),wall of tile 05D731 (room 0x88),13.535,no,the far wall faces the other way (it belongs to floor which isn't linked here),
wall of tile 08E032 (room 0x84),wall of tile 08EF30 (room 0x84),21.395,no,"the line between them leaves the walkable area (a wall's thickness, or another floor)",
wall of tile 08E032 (room 0x84),wall of tile 05BA32 (room 0x88),55.793,no,the far wall faces the other way (it belongs to floor which isn't linked here),
wall of tile 08E032 (room 0x84),wall of tile 078730 (room 0x84),55.664,no,the far wall faces the other way (it belongs to floor which isn't linked here),
wall of tile 08E032 (room 0x84),glass 0x1e1cd0 (preset 0x276b),21.394,no,"the line between them leaves the walkable area (a wall's thickness, or another floor)",
wall of tile 08E032 (room 0x84),glass 0x1e1e50 (preset 0x276e),1.264,yes,,
wall of tile 069E32 (room 0x84),wall of tile 06A232 (room 0x84),27.406,no,the line between them touches another wall,wall of tile 06A032 (room 0x84)
wall of tile 069E32 (room 0x84),wall of tile 08AB31 (room 0x84),48.801,no,"another wall pokes into the space between them, so a tighter pair covers this gap",wall of tile 06A032 (room 0x84)
wall of tile 069E32 (room 0x84),wall of tile 009932 (room 0x84),18.225,no,the far wall faces the other way (it belongs to floor which isn't linked here),
wall of tile 069E32 (room 0x84),wall of tile 08DD32 (room 0x84),25.855,no,the far wall faces the other way (it belongs to floor which isn't linked here),
wall of tile 069E32 (room 0x84),wall of tile 08DD32 (room 0x84),27.406,no,the line between them touches another wall,wall of tile 06A032 (room 0x84)
wall of tile 069E32 (room 0x84),wall of tile 069A32 (room 0x84),27.406,no,the line between them touches another wall,wall of tile 069C32 (room 0x84)
wall of tile 069E32 (room 0x84),wall of tile 069832 (room 0x84),52.245,no,"the line between them leaves the walkable area (a wall's thickness, or another floor)",
wall of tile 06A031 (room 0x84),wall of tile 08AB32 (room 0x84),21.400,no,the line between them touches another wall,wall of tile 06A231 (room 0x84)
wall of tile 06A031 (room 0x84),wall of tile 05E731 (room 0x88),53.843,no,"the line between them leaves the walkable area (a wall's thickness, or another floor)",
wall of tile 06A031 (room 0x84),wall of tile 05E731 (room 0x88),54.143,no,"the line between them leaves the walkable area (a wall's thickness, or another floor)",
wall of tile 06A031 (room 0x84),wall of tile 078730 (room 0x84),46.296,no,"the line between them leaves the walkable area (a wall's thickness, or another floor)",
wall of tile 06A031 (room 0x84),wall of tile 08DC32 (room 0x84),52.850,yes,,
wall of tile 06A031 (room 0x84),wall of tile 08DE30 (room 0x84),54.143,no,"the line between them leaves the walkable area (a wall's thickness, or another floor)",
wall of tile 06A031 (room 0x84),wall of tile 08D831 (room 0x84),54.139,no,"another wall pokes into the space between them, so a tighter pair covers this gap",wall of tile 08DC32 (room 0x84)
wall of tile 06A031 (room 0x84),glass 0x1e1c50 (preset 0x276a),55.639,no,"the line between them leaves the walkable area (a wall's thickness, or another floor)",
wall of tile 06A032 (room 0x84),wall of tile 08AB31 (room 0x84),21.400,no,the line between them touches another wall,wall of tile 06A232 (room 0x84)
wall of tile 06A032 (room 0x84),wall of tile 06A432 (room 0x84),46.296,no,"another wall pokes into the space between them, so a tighter pair covers this gap",wall of tile 08AB31 (room 0x84)
wall of tile 06A032 (room 0x84),wall of tile 009932 (room 0x84),14.355,no,the far wall faces the other way (it belongs to floor which isn't linked here),
wall of tile 06A032 (room 0x84),wall of tile 069C32 (room 0x84),21.400,no,the line between them touches another wall,wall of tile 069E32 (room 0x84)
wall of tile 06A032 (room 0x84),wall of tile 069A32 (room 0x84),48.801,no,"another wall pokes into the space between them, so a tighter pair covers this gap",wall of tile 069C32 (room 0x84)
wall of tile 06A231 (room 0x84),wall of tile 05E731 (room 0x88),58.216,no,"the line between them leaves the walkable area (a wall's thickness, or another floor)",
wall of tile 06A231 (room 0x84),wall of tile 05E731 (room 0x88),58.216,no,"the line between them leaves the walkable area (a wall's thickness, or another floor)",
wall of tile 06A231 (room 0x84),wall of tile 078730 (room 0x84),24.957,no,the line between them touches another wall,wall of tile 08AB32 (room 0x84)
wall of tile 06A231 (room 0x84),wall of tile 08DC32 (room 0x84),58.216,no,"the line between them leaves the walkable area (a wall's thickness, or another floor)",
wall of tile 06A231 (room 0x84),wall of tile 08DE30 (room 0x84),58.216,no,"the line between them leaves the walkable area (a wall's thickness, or another floor)",
wall of tile 06A231 (room 0x84),wall of tile 08DD32 (room 0x84),25.855,no,the far wall faces the other way (it belongs to floor which isn't linked here),
wall of tile 06A231 (room 0x84),wall of tile 08DD32 (room 0x84),44.867,no,the far wall faces the other way (it belongs to floor which isn't linked here),
wall of tile 06A232 (room 0x84),wall of tile 06A432 (room 0x84),24.957,no,the line between them touches another wall,wall of tile 08AB31 (room 0x84)
wall of tile 06A232 (room 0x84),wall of tile 009932 (room 0x84),10.672,no,the far wall faces the other way (it belongs to floor which isn't linked here),
wall of tile 06A232 (room 0x84),wall of tile 069C32 (room 0x84),48.801,no,"the line between them leaves the walkable area (a wall's thickness, or another floor)",
wall of tile 08AB32 (room 0x84),wall of tile 08DD32 (room 0x84),46.256,no,the far wall faces the other way (it belongs to floor which isn't linked here),
wall of tile 08AB32 (room 0x84),wall of tile 08DD32 (room 0x84),28.994,no,the far wall faces the other way (it belongs to floor which isn't linked here),
wall of tile 08AB31 (room 0x84),wall of tile 009932 (room 0x84),3.871,no,the far wall faces the other way (it belongs to floor which isn't linked here),
wall of tile 08AB31 (room 0x84),wall of tile 08DD32 (room 0x84),21.400,no,the line between them touches another wall,wall of tile 06A232 (room 0x84)
wall of tile 08AB31 (room 0x84),wall of tile 08DD32 (room 0x84),15.238,no,the far wall faces the other way (it belongs to floor which isn't linked here),
wall of tile 06A432 (room 0x84),wall of tile 08DD32 (room 0x84),46.296,no,the far wall faces the other way (it belongs to floor which isn't linked here),
wall of tile 06A432 (room 0x84),wall of tile 08DD32 (room 0x84),31.111,no,the far wall faces the other way (it belongs to floor which isn't linked here),
wall of tile 009932 (room 0x84),wall of tile 068D32 (room 0x84),43.816,no,the far wall faces the other way (it belongs to floor which isn't linked here),
wall of tile 009932 (room 0x84),wall of tile 069432 (room 0x84),40.133,no,the far wall faces the other way (it belongs to floor which isn't linked here),
wall of tile 009932 (room 0x84),wall of tile 068B32 (room 0x84),47.686,no,the far wall faces the other way (it belongs to floor which isn't linked here),
wall of tile 009932 (room 0x84),wall of tile 068932 (room 0x84),54.488,no,the far wall faces the other way (it belongs to floor which isn't linked here),
wall of tile 009932 (room 0x84),wall of tile 068732 (room 0x84),55.240,no,the far wall faces the other way (it belongs to floor which isn't linked here),
wall of tile 009932 (room 0x84),wall of tile 08C930 (room 0x84),34.497,no,the far wall faces the other way (it belongs to floor which isn't linked here),
wall of tile 009932 (room 0x84),wall of tile 069C32 (room 0x84),21.908,no,the far wall faces the other way (it belongs to floor which isn't linked here),
wall of tile 009932 (room 0x84),wall of tile 069A32 (room 0x84),25.778,no,the far wall faces the other way (it belongs to floor which isn't linked here),
wall of tile 009932 (room 0x84),wall of tile 069832 (room 0x84),32.580,no,the far wall faces the other way (it belongs to floor which isn't linked here),
wall of tile 009932 (room 0x84),wall of tile 069632 (room 0x84),33.332,no,the far wall faces the other way (it belongs to floor which isn't linked here),
wall of tile 00C031 (room 0x84),wall of tile 00BF31 (room 0x84),27.406,no,the line between them touches another wall,wall of tile 00C032 (room 0x84)
wall of tile 00C032 (room 0x84),wall of tile 00BF32 (room 0x84),39.460,no,the line between them touches another wall,wall of tile 00BF31 (room 0x84)
wall of tile 00BF31 (room 0x84),wall of tile 053928 (room 0x7c),27.406,no,the line between them touches another wall,wall of tile 00BF32 (room 0x84)
wall of tile 053D28 (room 0x7c),wall of tile 00BE32 (room 0x84),27.400,no,"the line between them leaves the walkable area (a wall's thickness, or another floor)",
wall of tile 053D28 (room 0x7c),wall of tile 00BD30 (room 0x84),57.104,no,"another wall pokes into the space between them, so a tighter pair covers this gap",wall of tile 00BE32 (room 0x84)
wall of tile 00BE31 (room 0x84),wall of tile 00BD30 (room 0x84),34.507,no,the line between them touches another wall,wall of tile 00BE32 (room 0x84)
wall of tile 00BE32 (room 0x84),wall of tile 00BD30 (room 0x84),40.378,no,the line between them touches another wall,wall of tile 00BD30 (room 0x84)
wall of tile 059229 (room 0x83),wall of tile 001028 (room 0x83),59.461,no,"another wall pokes into the space between them, so a tighter pair covers this gap",wall of tile 000D28 (room 0x83)
wall of tile 059229 (room 0x83),wall of tile 000D28 (room 0x83),27.406,no,"another wall pokes into the space between them, so a tighter pair covers this gap",wall of tile 000F28 (room 0x83)
wall of tile 059229 (room 0x83),wall of tile 000D28 (room 0x83),15.408,no,"the line between them leaves the walkable area (a wall's thickness, or another floor)",
wall of tile 032A28 (room 0x83),wall of tile 021328 (room 0x82),27.406,no,the line between them touches another wall,wall of tile 05932A (room 0x83)
wall of tile 032A28 (room 0x83),wall of tile 000228 (room 0x83),27.390,no,"the line between them leaves the walkable area (a wall's thickness, or another floor)",
wall of tile 032A28 (room 0x83),wall of tile 000228 (room 0x83),27.406,no,"the line between them leaves the walkable area (a wall's thickness, or another floor)",
wall of tile 052128 (room 0x83),wall of tile 000228 (room 0x83),27.406,no,the line between them touches another wall,wall of tile 000228 (room 0x83)
wall of tile 000428 (room 0x83),wall of tile 000228 (room 0x83),39.460,no,the line between them touches another wall,wall of tile 000228 (room 0x83)
wall of tile 001028 (room 0x83),wall of tile 000D28 (room 0x83),35.295,no,the line between them touches another wall,wall of tile 000D28 (room 0x83)
wall of tile 001028 (room 0x83),wall of tile 000F28 (room 0x83),46.098,no,"another wall pokes into the space between them, so a tighter pair covers this gap",wall of tile 000D28 (room 0x83)
wall of tile 000D28 (room 0x83),wall of tile 000F28 (room 0x83),12.106,no,the line between them touches another wall,wall of tile 000D28 (room 0x83)
wall of tile 2FF820 (room 0x6f),wall of tile 2F8420 (room 0x6f),38.521,no,"the line between them leaves the walkable area (a wall's thickness, or another floor)",
wall of tile 2FF820 (room 0x6f),wall of tile 2F8120 (room 0x6f),38.521,no,"the line between them leaves the walkable area (a wall's thickness, or another floor)",
wall of tile 2FF820 (room 0x6f),wall of tile 300720 (room 0x6f),38.521,no,"the line between them leaves the walkable area (a wall's thickness, or another floor)",
wall of tile 2FF820 (room 0x6f),wall of tile 2FE821 (room 0x6f),21.400,no,the line between them touches another wall,wall of tile 300220 (room 0x6f)
wall of tile 2FF820 (room 0x6f),generic 0x1e59f0 (preset 0x016d),52.330,no,"another wall pokes into the space between them, so a tighter pair covers this gap",wall of tile 2FFE20 (room 0x6f)
wall of tile 2FF820 (room 0x6f),generic 0x1e59f0 (preset 0x016d),52.330,no,"another wall pokes into the space between them, so a tighter pair covers this gap",wall of tile 2FFE20 (room 0x6f)
wall of tile 300220 (room 0x6f),wall of tile 300120 (room 0x6f),54.477,no,"another wall pokes into the space between them, so a tighter pair covers this gap",wall of tile 2FE821 (room 0x6f)
wall of tile 300220 (room 0x6f),wall of tile 2F8420 (room 0x6f),41.089,no,"the line between them leaves the walkable area (a wall's thickness, or another floor)",
wall of tile 300220 (room 0x6f),wall of tile 300720 (room 0x6f),41.089,no,"the line between them leaves the walkable area (a wall's thickness, or another floor)",
wall of tile 300220 (room 0x6f),wall of tile 2FEC22 (room 0x6f),54.477,no,"another wall pokes into the space between them, so a tighter pair covers this gap",wall of tile 2FE821 (room 0x6f)
wall of tile 300120 (room 0x6f),wall of tile 300920 (room 0x6f),57.583,no,"another wall pokes into the space between them, so a tighter pair covers this gap",wall of tile 2FE722 (room 0x6f)
wall of tile 300120 (room 0x6f),wall of tile 300720 (room 0x6f),59.921,no,"another wall pokes into the space between them, so a tighter pair covers this gap",wall of tile 2FE821 (room 0x6f)
wall of tile 300120 (room 0x6f),wall of tile 2FED21 (room 0x6f),42.371,no,"the line between them leaves the walkable area (a wall's thickness, or another floor)",
wall of tile 300120 (room 0x6f),wall of tile 300420 (room 0x6f),42.371,no,"the line between them leaves the walkable area (a wall's thickness, or another floor)",
wall of tile 300120 (room 0x6f),wall of tile 2FE722 (room 0x6f),56.122,yes,,
wall of tile 300120 (room 0x6f),wall of tile 2FE821 (room 0x6f),52.381,yes,,
wall of tile 300B20 (room 0x6f),wall of tile 300920 (room 0x6f),57.583,no,"another wall pokes into the space between them, so a tighter pair covers this gap",wall of tile 2FE722 (room 0x6f)
wall of tile 300B20 (room 0x6f),wall of tile 2FED21 (room 0x6f),46.098,no,"the line between them leaves the walkable area (a wall's thickness, or another floor)",
wall of tile 300B20 (room 0x6f),wall of tile 300420 (room 0x6f),42.371,no,the line between them touches another wall,wall of tile 2FE721 (room 0x6f)
wall of tile 300B20 (room 0x6f),wall of tile 2FE722 (room 0x6f),56.122,yes,,
wall of tile 300B20 (room 0x6f),wall of tile 2FE822 (room 0x6f),18.159,no,"the line between them leaves the walkable area (a wall's thickness, or another floor)",
wall of tile 300B20 (room 0x6f),wall of tile 2FEC22 (room 0x6f),18.159,no,"the line between them leaves the walkable area (a wall's thickness, or another floor)",
wall of tile 300920 (room 0x6f),wall of tile 2F8020 (room 0x6f),37.355,no,"the line between them leaves the walkable area (a wall's thickness, or another floor)",
wall of tile 300920 (room 0x6f),wall of tile 2F8020 (room 0x6f),37.355,no,"the line between them leaves the walkable area (a wall's thickness, or another floor)",
wall of tile 300920 (room 0x6f),wall of tile 2FE621 (room 0x6f),8.560,no,the line between them touches another wall,wall of tile 2FF520 (room 0x6f)
wall of tile 2FF520 (room 0x6f),wall of tile 2FF520 (room 0x6f),55.641,no,"another wall pokes into the space between them, so a tighter pair covers this gap",wall of tile 2FE621 (room 0x6f)
wall of tile 2FF520 (room 0x6f),wall of tile 2F8020 (room 0x6f),38.521,no,"the line between them leaves the walkable area (a wall's thickness, or another floor)",
wall of tile 2FF520 (room 0x6f),wall of tile 2F8020 (room 0x6f),38.521,no,"the line between them leaves the walkable area (a wall's thickness, or another floor)",
wall of tile 2FF520 (room 0x6f),wall of tile 2FE622 (room 0x6f),55.641,no,"another wall pokes into the space between them, so a tighter pair covers this gap",wall of tile 2FE621 (room 0x6f)
wall of tile 2FF520 (room 0x6f),wall of tile 2FE722 (room 0x6f),22.865,no,"the line between them leaves the walkable area (a wall's thickness, or another floor)",
wall of tile 2FF520 (room 0x6f),wall of tile 2F8020 (room 0x6f),38.521,no,"the line between them leaves the walkable area (a wall's thickness, or another floor)",
wall of tile 2FF520 (room 0x6f),wall of tile 2FE621 (room 0x6f),55.301,yes,,
wall of tile 2FF520 (room 0x6f),wall of tile 2FF022 (room 0x6f),38.521,no,"the line between them leaves the walkable area (a wall's thickness, or another floor)",
wall of tile 2FF520 (room 0x6f),wall of tile 300522 (room 0x6f),38.521,no,"the line between them leaves the walkable area (a wall's thickness, or another floor)",
wall of tile 2FF520 (room 0x6f),wall of tile 2F8020 (room 0x6f),38.521,no,"the line between them leaves the walkable area (a wall's thickness, or another floor)",
wall of tile 2FE921 (room 0x6f),wall of tile 2F8020 (room 0x6f),38.521,no,the far wall faces the other way (it belongs to floor which isn't linked here),
wall of tile 2FE921 (room 0x6f),wall of tile 2FE622 (room 0x6f),21.270,no,"the line between them leaves the walkable area (a wall's thickness, or another floor)",
wall of tile 2FE921 (room 0x6f),wall of tile 2FF022 (room 0x6f),38.521,no,"another wall pokes into the space between them, so a tighter pair covers this gap",wall of tile 2FE521 (room 0x6f)
wall of tile 2FF420 (room 0x6f),wall of tile 2F8320 (room 0x6f),39.595,no,"the line between them leaves the walkable area (a wall's thickness, or another floor)",
wall of tile 2FF420 (room 0x6f),wall of tile 300522 (room 0x6f),39.595,no,"the line between them leaves the walkable area (a wall's thickness, or another floor)",
wall of tile 2FF420 (room 0x6f),wall of tile 2F8020 (room 0x6f),42.159,no,"the line between them leaves the walkable area (a wall's thickness, or another floor)",
wall of tile 2FF420 (room 0x6f),wall of tile 2FE522 (room 0x6f),21.400,no,the line between them touches another wall,wall of tile 2FF520 (room 0x6f)
wall of tile 2FF220 (room 0x6f),wall of tile 2F8320 (room 0x6f),38.521,no,"the line between them leaves the walkable area (a wall's thickness, or another floor)",
wall of tile 2FF220 (room 0x6f),wall of tile 300522 (room 0x6f),38.521,no,"the line between them leaves the walkable area (a wall's thickness, or another floor)",
wall of tile 2FF220 (room 0x6f),wall of tile 2F8220 (room 0x6f),38.521,no,"the line between them leaves the walkable area (a wall's thickness, or another floor)",
wall of tile 2F6222 (room 0x6f),monitor 0x1e6a40 (preset 0x2766),0.000,yes,,
wall of tile 2F6222 (room 0x6f),monitor 0x1e6a40 (preset 0x2766),11.600,no,the line between them touches another wall,monitor 0x1e6a40 (preset 0x2766)
wall of tile 2F6222 (room 0x6f),monitor 0x1e6a40 (preset 0x2766),11.600,no,the line between them touches another wall,monitor 0x1e6a40 (preset 0x2766)
wall of tile 2F6222 (room 0x6f),monitor 0x1e6a40 (preset 0x2766),0.000,yes,,
wall of tile 2F6121 (room 0x6f),door 0x1e6840 (preset 0x0006),31.033,no,the line between them touches another wall,door 0x1e6840 (preset 0x0006)
wall of tile 2F6121 (room 0x6f),door 0x1e6840 (preset 0x0006),0.000,yes,,
wall of tile 2F6121 (room 0x6f),door 0x1e6840 (preset 0x0006),0.000,yes,,
wall of tile 2F6121 (room 0x6f),door 0x1e6840 (preset 0x0006),0.000,yes,,
wall of tile 2F6121 (room 0x6f),monitor 0x1e6a40 (preset 0x2766),53.883,no,"another wall pokes into the space between them, so a tighter pair covers this gap",wall of tile 2F6222 (room 0x6f)
wall of tile 2F6121 (room 0x6f),monitor 0x1e6a40 (preset 0x2766),53.885,no,"another wall pokes into the space between them, so a tighter pair covers this gap",wall of tile 2F6222 (room 0x6f)
wall of tile 2F6121 (room 0x6f),monitor 0x1e6a40 (preset 0x2766),55.117,no,"another wall pokes into the space between them, so a tighter pair covers this gap",wall of tile 2F6222 (room 0x6f)
wall of tile 2F6121 (room 0x6f),monitor 0x1e6a40 (preset 0x2766),53.883,no,"another wall pokes into the space between them, so a tighter pair covers this gap",wall of tile 2F6222 (room 0x6f)
wall of tile 2F6121 (room 0x6f),monitor 0x1e6ca4 (preset 0x2767),55.115,no,"another wall pokes into the space between them, so a tighter pair covers this gap",wall of tile 2F5020 (room 0x71)
wall of tile 2F6121 (room 0x6f),monitor 0x1e6ca4 (preset 0x2767),55.117,no,the line between them touches another wall,monitor 0x1e6ca4 (preset 0x2767)
wall of tile 2F6121 (room 0x6f),monitor 0x1e6ca4 (preset 0x2767),53.881,no,"the line between them leaves the walkable area (a wall's thickness, or another floor)",
wall of tile 2F6121 (room 0x6f),monitor 0x1e6ca4 (preset 0x2767),53.881,no,"the line between them leaves the walkable area (a wall's thickness, or another floor)",
wall of tile 2F5020 (room 0x71),door 0x1e6840 (preset 0x0006),31.033,no,"another wall pokes into the space between them, so a tighter pair covers this gap",wall of tile 2F6121 (room 0x6f)
wall of tile 2F5020 (room 0x71),door 0x1e6840 (preset 0x0006),0.001,no,"another wall pokes into the space between them, so a tighter pair covers this gap",wall of tile 2F6121 (room 0x6f)
wall of tile 2F5020 (room 0x71),door 0x1e6840 (preset 0x0006),0.001,no,"another wall pokes into the space between them, so a tighter pair covers this gap",wall of tile 2F6121 (room 0x6f)
wall of tile 2F5020 (room 0x71),door 0x1e6840 (preset 0x0006),34.241,no,"another wall pokes into the space between them, so a tighter pair covers this gap",wall of tile 2F6121 (room 0x6f)
wall of tile 2F5020 (room 0x71),monitor 0x1e6ca4 (preset 0x2767),11.599,no,the line between them touches another wall,monitor 0x1e6ca4 (preset 0x2767)
wall of tile 2F5020 (room 0x71),monitor 0x1e6ca4 (preset 0x2767),11.599,no,the line between them touches another wall,monitor 0x1e6ca4 (preset 0x2767)
wall of tile 2F5020 (room 0x71),monitor 0x1e6ca4 (preset 0x2767),0.001,no,"the line between them leaves the walkable area (a wall's thickness, or another floor)",
wall of tile 2F5020 (room 0x71),monitor 0x1e6ca4 (preset 0x2767),0.001,no,"the line between them leaves the walkable area (a wall's thickness, or another floor)",
wall of tile 2F5A22 (room 0x71),wall of tile 2F5722 (room 0x7a),38.521,no,the line between them touches another wall,wall of tile 2F6621 (room 0x71)
wall of tile 2F5A22 (room 0x71),door 0x1e6940 (preset 0x0009),0.001,no,"another wall pokes into the space between them, so a tighter pair covers this gap",wall of tile 2F6621 (room 0x71)
wall of tile 2F5A22 (room 0x71),door 0x1e6940 (preset 0x0009),38.521,no,"another wall pokes into the space between them, so a tighter pair covers this gap",wall of tile 2F6621 (room 0x71)
wall of tile 2F5A22 (room 0x71),door 0x1e6940 (preset 0x0009),38.521,no,"another wall pokes into the space between them, so a tighter pair covers this gap",wall of tile 2F5722 (room 0x7a)
wall of tile 2F5A22 (room 0x71),door 0x1e6940 (preset 0x0009),0.001,no,"another wall pokes into the space between them, so a tighter pair covers this gap",wall of tile 2F6621 (room 0x71)
wall of tile 2F6520 (room 0x71),monitor 0x1e6f08 (preset 0x2768),19.641,no,"the line between them leaves the walkable area (a wall's thickness, or another floor)",
wall of tile 2F6520 (room 0x71),monitor 0x1e6f08 (preset 0x2768),19.641,no,the line between them touches another wall,wall of tile 2F6520 (room 0x71)
wall of tile 2F6520 (room 0x71),monitor 0x1e6f08 (preset 0x2768),22.393,no,"another wall pokes into the space between them, so a tighter pair covers this gap",wall of tile 2F6520 (room 0x71)
wall of tile 2F6520 (room 0x71),monitor 0x1e6f08 (preset 0x2768),22.395,no,the line between them touches another wall,monitor 0x1e6f08 (preset 0x2768)
wall of tile 2F6520 (room 0x71),monitor 0x1e6f08 (preset 0x2768),0.001,no,"the line between them leaves the walkable area (a wall's thickness, or another floor)",
wall of tile 2F6520 (room 0x71),monitor 0x1e6f08 (preset 0x2768),0.001,no,"the line between them leaves the walkable area (a wall's thickness, or another floor)",
wall of tile 2F6520 (room 0x71),monitor 0x1e6f08 (preset 0x2768),11.599,no,the line between them touches another wall,monitor 0x1e6f08 (preset 0x2768)
wall of tile 2F6520 (room 0x71),monitor 0x1e6f08 (preset 0x2768),11.600,no,the line between them touches another wall,monitor 0x1e6f08 (preset 0x2768)
wall of tile 2F6621 (room 0x71),door 0x1e6940 (preset 0x0009),0.001,yes,,
wall of tile 2F6621 (room 0x71),door 0x1e6940 (preset 0x0009),0.001,yes,,
wall of tile 2F6621 (room 0x71),door 0x1e6940 (preset 0x0009),0.001,no,"another wall pokes into the space between them, so a tighter pair covers this gap",wall of tile 2F5722 (room 0x7a)
wall of tile 2F6621 (room 0x71),door 0x1e6940 (preset 0x0009),0.001,yes,,
wall of tile 2F6622 (room 0x71),wall of tile 2F5721 (room 0x7a),41.089,no,"another wall pokes into the space between them, so a tighter pair covers this gap",wall of tile 2F5722 (room 0x7a)
wall of tile 2F6622 (room 0x71),door 0x1e6940 (preset 0x0009),0.002,no,"the line between them leaves the walkable area (a wall's thickness, or another floor)",
wall of tile 2F6622 (room 0x71),door 0x1e6940 (preset 0x0009),0.002,no,"the line between them leaves the walkable area (a wall's thickness, or another floor)",
wall of tile 2F6622 (room 0x71),monitor 0x1e6f08 (preset 0x2768),36.760,no,"the line between them leaves the walkable area (a wall's thickness, or another floor)",
wall of tile 2F6622 (room 0x71),monitor 0x1e6f08 (preset 0x2768),36.762,no,"the line between them leaves the walkable area (a wall's thickness, or another floor)",
wall of tile 2F6622 (room 0x71),monitor 0x1e6f08 (preset 0x2768),38.546,no,"another wall pokes into the space between them, so a tighter pair covers this gap",wall of tile 2F6520 (room 0x71)
wall of tile 2F6622 (room 0x71),monitor 0x1e6f08 (preset 0x2768),36.760,no,"the line between them leaves the walkable area (a wall's thickness, or another floor)",
wall of tile 2F6622 (room 0x71),monitor 0x1e716c (preset 0x2769),38.546,no,"another wall pokes into the space between them, so a tighter pair covers this gap",wall of tile 2F5722 (room 0x7a)
wall of tile 2F6622 (room 0x71),monitor 0x1e716c (preset 0x2769),38.548,no,the line between them touches another wall,monitor 0x1e716c (preset 0x2769)
wall of tile 2F6622 (room 0x71),monitor 0x1e716c (preset 0x2769),36.760,no,"the line between them leaves the walkable area (a wall's thickness, or another floor)",
wall of tile 2F6622 (room 0x71),monitor 0x1e716c (preset 0x2769),36.760,no,"the line between them leaves the walkable area (a wall's thickness, or another floor)",
wall of tile 2F5722 (room 0x7a),door 0x1e6940 (preset 0x0009),0.001,no,"another wall pokes into the space between them, so a tighter pair covers this gap",wall of tile 2F6621 (room 0x71)
wall of tile 2F5722 (room 0x7a),door 0x1e6940 (preset 0x0009),0.001,yes,,
wall of tile 2F5722 (room 0x7a),door 0x1e6940 (preset 0x0009),0.001,no,"another wall pokes into the space between them, so a tighter pair covers this gap",door 0x1e6940 (preset 0x0009)
wall of tile 2F5722 (room 0x7a),door 0x1e6940 (preset 0x0009),38.521,no,"another wall pokes into the space between them, so a tighter pair covers this gap",wall of tile 2F6621 (room 0x71)
wall of tile 2F5722 (room 0x7a),door 0x1e6940 (preset 0x0009),0.000,no,"another wall pokes into the space between them, so a tighter pair covers this gap",wall of tile 2F6622 (room 0x71)
wall of tile 2F5722 (room 0x7a),door 0x1e6940 (preset 0x0009),0.000,no,"the line between them leaves the walkable area (a wall's thickness, or another floor)",
wall of tile 2F5722 (room 0x7a),door 0x1e6940 (preset 0x0009),38.521,no,"the line between them leaves the walkable area (a wall's thickness, or another floor)",
wall of tile 2F5722 (room 0x7a),door 0x1e6940 (preset 0x0009),38.521,no,the line between them touches another wall,door 0x1e6940 (preset 0x0009)
wall of tile 2F5722 (room 0x7a),monitor 0x1e716c (preset 0x2769),11.599,no,the line between them touches another wall,monitor 0x1e716c (preset 0x2769)
wall of tile 2F5722 (room 0x7a),monitor 0x1e716c (preset 0x2769),11.600,no,the line between them touches another wall,monitor 0x1e716c (preset 0x2769)
wall of tile 2F5722 (room 0x7a),monitor 0x1e716c (preset 0x2769),18.880,no,"the line between them leaves the walkable area (a wall's thickness, or another floor)",
wall of tile 2F5722 (room 0x7a),monitor 0x1e716c (preset 0x2769),18.878,no,"the line between them leaves the walkable area (a wall's thickness, or another floor)",
wall of tile 2F5722 (room 0x7a),monitor 0x1e716c (preset 0x2769),0.001,no,"the line between them leaves the walkable area (a wall's thickness, or another floor)",
wall of tile 2F5721 (room 0x7a),door 0x1e6940 (preset 0x0009),41.088,no,"the line between them leaves the walkable area (a wall's thickness, or another floor)",
wall of tile 2F5721 (room 0x7a),door 0x1e6940 (preset 0x0009),41.088,no,"the line between them leaves the walkable area (a wall's thickness, or another floor)",
wall of tile 2F5721 (room 0x7a),monitor 0x1e716c (preset 0x2769),9.752,no,"another wall pokes into the space between them, so a tighter pair covers this gap",monitor 0x1e716c (preset 0x2769)
wall of tile 2F5721 (room 0x7a),monitor 0x1e716c (preset 0x2769),18.880,no,"the line between them leaves the walkable area (a wall's thickness, or another floor)",
wall of tile 2F5721 (room 0x7a),monitor 0x1e716c (preset 0x2769),18.878,no,"the line between them leaves the walkable area (a wall's thickness, or another floor)",
wall of tile 2F5721 (room 0x7a),monitor 0x1e716c (preset 0x2769),0.001,no,"the line between them leaves the walkable area (a wall's thickness, or another floor)",
wall of tile 2F5721 (room 0x7a),monitor 0x1e716c (preset 0x2769),9.754,no,"another wall pokes into the space between them, so a tighter pair covers this gap",monitor 0x1e716c (preset 0x2769)
wall of tile 2F2B20 (room 0x7a),wall of tile 308B20 (room 0x7a),34.241,no,the far wall faces the other way (it belongs to floor which isn't linked here),
wall of tile 2F2B20 (room 0x7a),wall of tile 308822 (room 0x7a),51.450,no,"the line between them leaves the walkable area (a wall's thickness, or another floor)",
wall of tile 2F2B20 (room 0x7a),wall of tile 308022 (room 0x7a),51.450,no,"the line between them leaves the walkable area (a wall's thickness, or another floor)",
wall of tile 2F2B20 (room 0x7a),wall of tile 308122 (room 0x7a),51.450,no,"the line between them leaves the walkable area (a wall's thickness, or another floor)",
wall of tile 2F2B20 (room 0x7a),wall of tile 2EB821 (room 0x73),51.450,no,"the line between them leaves the walkable area (a wall's thickness, or another floor)",
wall of tile 2F2B20 (room 0x7a),wall of tile 2EB822 (room 0x73),51.450,no,"the line between them leaves the walkable area (a wall's thickness, or another floor)",
wall of tile 2F2B20 (room 0x7a),glass 0x1e1ad0 (preset 0x2763),51.451,no,"the line between them leaves the walkable area (a wall's thickness, or another floor)",
wall of tile 2F2B20 (room 0x7a),glass 0x1e1ad0 (preset 0x2763),51.450,no,"the line between them leaves the walkable area (a wall's thickness, or another floor)",
wall of tile 2F2B20 (room 0x7a),glass 0x1e1ad0 (preset 0x2763),51.450,no,"the line between them leaves the walkable area (a wall's thickness, or another floor)",
wall of tile 2F2122 (room 0x7a),wall of tile 2EA622 (room 0x7a),4.208,no,the far wall faces the other way (it belongs to floor which isn't linked here),
wall of tile 2F2122 (room 0x7a),wall of tile 2EA222 (room 0x7a),8.415,no,the far wall faces the other way (it belongs to floor which isn't linked here),
wall of tile 2F2122 (room 0x7a),wall of tile 2EA022 (room 0x7a),15.077,no,the far wall faces the other way (it belongs to floor which isn't linked here),
wall of tile 2F2122 (room 0x7a),wall of tile 2E9E22 (room 0x7a),19.285,no,the far wall faces the other way (it belongs to floor which isn't linked here),
wall of tile 2F2122 (room 0x7a),wall of tile 2E9C22 (room 0x7a),23.493,no,the far wall faces the other way (it belongs to floor which isn't linked here),
wall of tile 2F2122 (room 0x7a),wall of tile 2E9A22 (room 0x7a),27.700,no,the far wall faces the other way (it belongs to floor which isn't linked here),
wall of tile 2F2122 (room 0x7a),wall of tile 2E9822 (room 0x7a),31.908,no,the far wall faces the other way (it belongs to floor which isn't linked here),
wall of tile 2F2122 (room 0x7a),wall of tile 2E9622 (room 0x7a),36.116,no,the far wall faces the other way (it belongs to floor which isn't linked here),
wall of tile 2F2122 (room 0x7a),wall of tile 2E9422 (room 0x7a),40.323,no,the far wall faces the other way (it belongs to floor which isn't linked here),
wall of tile 2F2122 (room 0x7a),wall of tile 2E8D22 (room 0x7a),44.531,no,the far wall faces the other way (it belongs to floor which isn't linked here),
wall of tile 2F2122 (room 0x7a),wall of tile 2E8B22 (room 0x7a),48.739,no,the far wall faces the other way (it belongs to floor which isn't linked here),
wall of tile 2F2122 (room 0x7a),wall of tile 2E8922 (room 0x7a),49.440,no,the far wall faces the other way (it belongs to floor which isn't linked here),
wall of tile 2F2122 (room 0x7a),wall of tile 2E8722 (room 0x7a),53.648,no,the far wall faces the other way (it belongs to floor which isn't linked here),
wall of tile 2F2122 (room 0x7a),wall of tile 2E8522 (room 0x7a),57.855,no,the far wall faces the other way (it belongs to floor which isn't linked here),
wall of tile 2F2122 (room 0x7a),wall of tile 308B20 (room 0x7a),34.241,no,the far wall faces the other way (it belongs to floor which isn't linked here),
wall of tile 2F2122 (room 0x7a),wall of tile 308822 (room 0x7a),59.609,no,"the line between them leaves the walkable area (a wall's thickness, or another floor)",
wall of tile 2F2122 (room 0x7a),wall of tile 308122 (room 0x7a),59.609,no,"the line between them leaves the walkable area (a wall's thickness, or another floor)",
wall of tile 2F2122 (room 0x7a),wall of tile 2EB821 (room 0x73),59.609,no,"the line between them leaves the walkable area (a wall's thickness, or another floor)",
wall of tile 2F2122 (room 0x7a),wall of tile 2EB822 (room 0x73),59.609,no,"the line between them leaves the walkable area (a wall's thickness, or another floor)",
wall of tile 2CDA20 (room 0x7a),wall of tile 308320 (room 0x7a),54.089,no,"the line between them leaves the walkable area (a wall's thickness, or another floor)",
wall of tile 2CDA20 (room 0x7a),wall of tile 30A120 (room 0x7a),32.091,no,the far wall faces the other way (it belongs to floor which isn't linked here),
wall of tile 2CDA20 (room 0x7a),wall of tile 30A220 (room 0x7a),53.917,no,"the line between them leaves the walkable area (a wall's thickness, or another floor)",
wall of tile 2CDA20 (room 0x7a),wall of tile 30A320 (room 0x7a),53.488,no,"the line between them leaves the walkable area (a wall's thickness, or another floor)",
wall of tile 2CDA20 (room 0x7a),wall of tile 30A520 (room 0x7a),53.273,no,"the line between them leaves the walkable area (a wall's thickness, or another floor)",
wall of tile 2CDA20 (room 0x7a),wall of tile 30AA20 (room 0x7a),53.273,no,"the line between them leaves the walkable area (a wall's thickness, or another floor)",
wall of tile 2CDA20 (room 0x7a),wall of tile 30A920 (room 0x7a),52.801,no,"the line between them leaves the walkable area (a wall's thickness, or another floor)",
wall of tile 2CDA20 (room 0x7a),wall of tile 30A822 (room 0x7a),52.586,no,"the line between them leaves the walkable area (a wall's thickness, or another floor)",
wall of tile 2CDA20 (room 0x7a),wall of tile 30A722 (room 0x7a),52.586,no,"the line between them leaves the walkable area (a wall's thickness, or another floor)",
wall of tile 2CDA20 (room 0x7a),wall of tile 30A620 (room 0x7a),51.985,no,"the line between them leaves the walkable area (a wall's thickness, or another floor)",
wall of tile 2CDA20 (room 0x7a),wall of tile 30A020 (room 0x7a),51.814,no,"the line between them leaves the walkable area (a wall's thickness, or another floor)",
wall of tile 2CDA20 (room 0x7a),wall of tile 309F20 (room 0x7a),34.241,no,the far wall faces the other way (it belongs to floor which isn't linked here),
wall of tile 2CDA20 (room 0x7a),wall of tile 309E22 (room 0x7a),51.814,no,"the line between them leaves the walkable area (a wall's thickness, or another floor)",
wall of tile 2CDA20 (room 0x7a),wall of tile 2ED121 (room 0x73),53.574,no,"the line between them leaves the walkable area (a wall's thickness, or another floor)",
wall of tile 2CDA20 (room 0x7a),wall of tile 2ED121 (room 0x73),54.089,no,"the line between them leaves the walkable area (a wall's thickness, or another floor)",
wall of tile 2CDA20 (room 0x7a),wall of tile 2ED321 (room 0x73),53.488,no,"the line between them leaves the walkable area (a wall's thickness, or another floor)",
wall of tile 2CDA20 (room 0x7a),wall of tile 2ED021 (room 0x73),53.273,no,"the line between them leaves the walkable area (a wall's thickness, or another floor)",
wall of tile 2CDA20 (room 0x7a),wall of tile 2EFD21 (room 0x73),53.273,no,"the line between them leaves the walkable area (a wall's thickness, or another floor)",
wall of tile 2CDA20 (room 0x7a),wall of tile 2EF921 (room 0x73),52.801,no,"the line between them leaves the walkable area (a wall's thickness, or another floor)",
wall of tile 2CDA20 (room 0x7a),wall of tile 2EF321 (room 0x73),52.586,no,"the line between them leaves the walkable area (a wall's thickness, or another floor)",
wall of tile 2CDA20 (room 0x7a),wall of tile 2EF721 (room 0x73),52.586,no,"the line between them leaves the walkable area (a wall's thickness, or another floor)",
wall of tile 2CDA20 (room 0x7a),wall of tile 2EDF21 (room 0x73),51.814,no,"the line between them leaves the walkable area (a wall's thickness, or another floor)",
wall of tile 2CDA20 (room 0x7a),wall of tile 2EDF22 (room 0x73),51.814,no,"the line between them leaves the walkable area (a wall's thickness, or another floor)",
wall of tile 2CDA20 (room 0x7a),wall of tile 2EBE21 (room 0x73),54.089,no,"the line between them leaves the walkable area (a wall's thickness, or another floor)",
wall of tile 2CDA20 (room 0x7a),wall of tile 2EBD20 (room 0x73),51.814,no,"the line between them leaves the walkable area (a wall's thickness, or another floor)",
wall of tile 2CDA20 (room 0x7a),wall of tile 2EBC21 (room 0x73),51.814,no,"the line between them leaves the walkable area (a wall's thickness, or another floor)",
wall of tile 2CDA20 (room 0x7a),glass 0x1e1a50 (preset 0x2762),51.985,no,"the line between them leaves the walkable area (a wall's thickness, or another floor)",
wall of tile 312821 (room 0x7b),door 0x1e78b0 (preset 0x0014),59.004,no,"the line between them leaves the walkable area (a wall's thickness, or another floor)",
wall of tile 312821 (room 0x7b),door 0x1e78b0 (preset 0x0014),59.004,no,"the line between them leaves the walkable area (a wall's thickness, or another floor)",
wall of tile 312821 (room 0x7b),door 0x1e78b0 (preset 0x0014),59.004,no,"the line between them leaves the walkable area (a wall's thickness, or another floor)",
wall of tile 312922 (room 0x7b),wall of tile 012720 (room 0x74),55.160,no,"the line between them leaves the walkable area (a wall's thickness, or another floor)",
wall of tile 312922 (room 0x7b),wall of tile 012620 (room 0x74),56.497,no,"the line between them leaves the walkable area (a wall's thickness, or another floor)",
wall of tile 312922 (room 0x7b),wall of tile 011920 (room 0x75),54.812,no,"the line between them leaves the walkable area (a wall's thickness, or another floor)",
wall of tile 312922 (room 0x7b),wall of tile 2CCA20 (room 0x75),54.812,no,"the line between them leaves the walkable area (a wall's thickness, or another floor)",
wall of tile 312922 (room 0x7b),door 0x1e78b0 (preset 0x0014),3.329,no,"the line between them leaves the walkable area (a wall's thickness, or another floor)",
wall of tile 312922 (room 0x7b),door 0x1e78b0 (preset 0x0014),3.329,no,"the line between them leaves the walkable area (a wall's thickness, or another floor)",
wall of tile 312A22 (room 0x72),wall of tile 311022 (room 0x72),45.498,no,the line between them touches another wall,wall of tile 312C20 (room 0x72)
wall of tile 312A22 (room 0x72),door 0x1e78b0 (preset 0x0014),2.674,no,"the line between them leaves the walkable area (a wall's thickness, or another floor)",
wall of tile 312A22 (room 0x72),door 0x1e78b0 (preset 0x0014),2.578,no,"the line between them leaves the walkable area (a wall's thickness, or another floor)",
wall of tile 312A21 (room 0x72),wall of tile 012720 (room 0x74),54.785,no,"the line between them leaves the walkable area (a wall's thickness, or another floor)",
wall of tile 312A21 (room 0x72),door 0x1e78b0 (preset 0x0014),24.841,no,"the line between them leaves the walkable area (a wall's thickness, or another floor)",
wall of tile 312A21 (room 0x72),door 0x1e78b0 (preset 0x0014),25.043,no,"the line between them leaves the walkable area (a wall's thickness, or another floor)",
wall of tile 312A21 (room 0x72),door 0x1e78b0 (preset 0x0014),25.043,no,"the line between them leaves the walkable area (a wall's thickness, or another floor)",
wall of tile 312A21 (room 0x72),door 0x1e78b0 (preset 0x0014),40.254,no,"the line between them leaves the walkable area (a wall's thickness, or another floor)",
wall of tile 312A21 (room 0x72),door 0x1e8250 (preset 0x003d),54.987,no,the line between them touches another wall,door 0x1e8250 (preset 0x003d)
wall of tile 312A21 (room 0x72),door 0x1e8250 (preset 0x003d),36.814,no,"the line between them leaves the walkable area (a wall's thickness, or another floor)",
wall of tile 312A21 (room 0x72),door 0x1e8250 (preset 0x003d),36.813,no,"the line between them leaves the walkable area (a wall's thickness, or another floor)",
wall of tile 312A21 (room 0x72),door 0x1e8250 (preset 0x003d),36.809,no,"another wall pokes into the space between them, so a tighter pair covers this gap",wall of tile 012C21 (room 0x72)
wall of tile 012C21 (room 0x72),door 0x1e8250 (preset 0x003d),0.205,no,the line between them touches another wall,door 0x1e8250 (preset 0x003d)
wall of tile 012C21 (room 0x72),door 0x1e8250 (preset 0x003d),0.006,no,"the line between them leaves the walkable area (a wall's thickness, or another floor)",
wall of tile 012C21 (room 0x72),door 0x1e8250 (preset 0x003d),0.596,no,"the line between them leaves the walkable area (a wall's thickness, or another floor)",
wall of tile 310A21 (room 0x72),wall of tile 32BA18 (room 0x6c),3.424,no,the far wall faces the other way (it belongs to floor which isn't linked here),
wall of tile 310A21 (room 0x72),wall of tile 2CC520 (room 0x74),56.497,no,"the line between them leaves the walkable area (a wall's thickness, or another floor)",
wall of tile 310A21 (room 0x72),wall of tile 2CC520 (room 0x74),54.812,no,the line between them touches another wall,wall of tile 012C22 (room 0x72)
wall of tile 310A21 (room 0x72),generic 0x1e5cf0 (preset 0x005d),31.053,no,the far wall faces the other way (it belongs to floor which isn't linked here),
wall of tile 310A21 (room 0x72),generic 0x1e5cf0 (preset 0x005d),31.047,no,the far wall faces the other way (it belongs to floor which isn't linked here),
wall of tile 310A21 (room 0x72),generic 0x1e5cf0 (preset 0x005d),31.047,no,the far wall faces the other way (it belongs to floor which isn't linked here),
wall of tile 310A21 (room 0x72),glass 0x1e6680 (preset 0x2715),39.551,no,the far wall faces the other way (it belongs to floor which isn't linked here),
wall of tile 310A21 (room 0x72),glass 0x1e6680 (preset 0x2715),36.596,no,"the line between them leaves the walkable area (a wall's thickness, or another floor)",
wall of tile 310A21 (room 0x72),glass 0x1e6680 (preset 0x2715),36.522,no,the far wall faces the other way (it belongs to floor which isn't linked here),
wall of tile 310A21 (room 0x72),door 0x1e8250 (preset 0x003d),36.605,no,"the line between them leaves the walkable area (a wall's thickness, or another floor)",
wall of tile 310A21 (room 0x72),door 0x1e8250 (preset 0x003d),54.780,no,"the line between them leaves the walkable area (a wall's thickness, or another floor)",
wall of tile 310A21 (room 0x72),door 0x1e8250 (preset 0x003d),54.782,no,"the line between them leaves the walkable area (a wall's thickness, or another floor)",
wall of tile 310A21 (room 0x72),door 0x1e8250 (preset 0x003d),36.605,no,"the line between them leaves the walkable area (a wall's thickness, or another floor)",
wall of tile 1F1021 (room 0x72),wall of tile 32CF18 (room 0x6a),44.187,no,the far wall faces the other way (it belongs to floor which isn't linked here),
wall of tile 1F0B21 (room 0x72),door 0x1e7610 (preset 0x000a),2.547,no,"the line between them leaves the walkable area (a wall's thickness, or another floor)",
wall of tile 1F0B21 (room 0x72),door 0x1e7610 (preset 0x000a),2.547,no,"the line between them leaves the walkable area (a wall's thickness, or another floor)",
wall of tile 065622 (room 0x72),door 0x1e7710 (preset 0x000b),2.568,yes,,
wall of tile 065622 (room 0x72),door 0x1e7710 (preset 0x000b),2.664,yes,,
wall of tile 065622 (room 0x72),door 0x1e7710 (preset 0x000b),2.664,yes,,
wall of tile 065622 (room 0x72),door 0x1e7710 (preset 0x000b),2.568,yes,,
wall of tile 2D3012 (room 0x35),door 0x1e7710 (preset 0x000b),4.225,no,"another wall pokes into the space between them, so a tighter pair covers this gap",wall of tile 065622 (room 0x72)
wall of tile 2D3012 (room 0x35),door 0x1e7710 (preset 0x000b),19.025,no,"another wall pokes into the space between them, so a tighter pair covers this gap",wall of tile 065622 (room 0x72)
wall of tile 2D3012 (room 0x35),door 0x1e7710 (preset 0x000b),19.025,no,"another wall pokes into the space between them, so a tighter pair covers this gap",wall of tile 065622 (room 0x72)
wall of tile 2D3012 (room 0x35),door 0x1e7710 (preset 0x000b),4.225,no,"another wall pokes into the space between them, so a tighter pair covers this gap",wall of tile 065622 (room 0x72)
wall of tile 2D7B12 (room 0x35),wall of tile 335719 (room 0x64),44.518,no,the far wall faces the other way (it belongs to floor which isn't linked here),
wall of tile 2D7B12 (room 0x35),wall of tile 33571A (room 0x64),11.170,no,the far wall faces the other way (it belongs to floor which isn't linked here),
wall of tile 2D7B12 (room 0x35),wall of tile 33571A (room 0x64),11.170,no,the far wall faces the other way (it belongs to floor which isn't linked here),
wall of tile 2DA012 (room 0x36),wall of tile 0F6718 (room 0x5b),25.681,no,the far wall faces the other way (it belongs to floor which isn't linked here),
wall of tile 2DA012 (room 0x36),wall of tile 0F6618 (room 0x5b),36.318,no,the far wall faces the other way (it belongs to floor which isn't linked here),
wall of tile 2DA012 (room 0x36),wall of tile 1EDC1A (room 0x5c),24.111,no,the far wall faces the other way (it belongs to floor which isn't linked here),
wall of tile 2DA012 (room 0x36),wall of tile 1EE418 (room 0x5c),7.563,no,the far wall faces the other way (it belongs to floor which isn't linked here),
wall of tile 2DA012 (room 0x36),wall of tile 10701A (room 0x5d),21.671,no,"the line between them leaves the walkable area (a wall's thickness, or another floor)",
wall of tile 0FC510 (room 0x43),wall of tile 0F6718 (room 0x5b),25.681,no,the far wall faces the other way (it belongs to floor which isn't linked here),
wall of tile 0FC510 (room 0x43),wall of tile 0F6618 (room 0x5b),25.681,no,the far wall faces the other way (it belongs to floor which isn't linked here),
wall of tile 0FC510 (room 0x43),wall of tile 2D1510 (room 0x43),55.641,no,the line between them touches another wall,wall of tile 2D1510 (room 0x43)
wall of tile 2DB611 (room 0x36),wall of tile 1A781A (room 0x57),51.578,no,the far wall faces the other way (it belongs to floor which isn't linked here),
wall of tile 2DB611 (room 0x36),wall of tile 31351A (room 0x57),4.534,no,"the line between them leaves the walkable area (a wall's thickness, or another floor)",
wall of tile 2DB611 (room 0x36),wall of tile 0F6318 (room 0x5b),25.681,no,the line between them touches another wall,wall of tile 0FC410 (room 0x43)
wall of tile 2DB611 (room 0x36),wall of tile 2C4118 (room 0x5b),36.318,no,the far wall faces the other way (it belongs to floor which isn't linked here),
wall of tile 2DB611 (room 0x36),wall of tile 16A11A (room 0x5a),55.459,no,"the line between them leaves the walkable area (a wall's thickness, or another floor)",
wall of tile 2DB611 (room 0x36),generic 0x1e4968 (preset 0x273c),42.872,no,the far wall faces the other way (it belongs to floor which isn't linked here),
wall of tile 2DB611 (room 0x36),generic 0x1e4968 (preset 0x273c),42.872,no,the far wall faces the other way (it belongs to floor which isn't linked here),
wall of tile 2DCC12 (room 0x36),wall of tile 153F1A (room 0x56),24.226,no,the far wall faces the other way (it belongs to floor which isn't linked here),
wall of tile 2DCC12 (room 0x36),wall of tile 153F19 (room 0x56),31.440,no,the far wall faces the other way (it belongs to floor which isn't linked here),
wall of tile 2DCC12 (room 0x36),wall of tile 153F19 (room 0x56),24.226,no,the far wall faces the other way (it belongs to floor which isn't linked here),
wall of tile 2DB311 (room 0x36),wall of tile 2B0D10 (room 0x36),21.758,no,"another wall pokes into the space between them, so a tighter pair covers this gap",wall of tile 026A11 (room 0x36)
wall of tile 2DB311 (room 0x36),wall of tile 2AF411 (room 0x36),53.629,no,the far wall faces the other way (it belongs to floor which isn't linked here),
wall of tile 2DB311 (room 0x36),wall of tile 2AF211 (room 0x36),33.429,no,"the line between them leaves the walkable area (a wall's thickness, or another floor)",
wall of tile 2DB311 (room 0x36),wall of tile 2E8811 (room 0x36),21.813,no,"the line between them leaves the walkable area (a wall's thickness, or another floor)",
wall of tile 2DB311 (room 0x36),wall of tile 2E8C11 (room 0x36),3.764,no,"the line between them leaves the walkable area (a wall's thickness, or another floor)",
wall of tile 2DB311 (room 0x36),wall of tile 2E8C11 (room 0x36),3.764,no,"the line between them leaves the walkable area (a wall's thickness, or another floor)",
wall of tile 2DB311 (room 0x36),wall of tile 0F5C18 (room 0x5b),34.241,no,the far wall faces the other way (it belongs to floor which isn't linked here),
wall of tile 2B0D10 (room 0x36),wall of tile 2AF411 (room 0x36),1.190,no,the far wall faces the other way (it belongs to floor which isn't linked here),
wall of tile 2B1010 (room 0x36),wall of tile 2AF412 (room 0x36),0.680,no,"the line between them leaves the walkable area (a wall's thickness, or another floor)",
wall of tile 2B1010 (room 0x36),wall of tile 2AF212 (room 0x36),1.870,no,"the line between them leaves the walkable area (a wall's thickness, or another floor)",
wall of tile 2B1010 (room 0x36),wall of tile 2AF412 (room 0x36),51.539,no,"the line between them leaves the walkable area (a wall's thickness, or another floor)",
wall of tile 2B1010 (room 0x36),wall of tile 2AF212 (room 0x36),25.681,no,"the line between them leaves the walkable area (a wall's thickness, or another floor)",
wall of tile 2B1010 (room 0x36),wall of tile 0F5C18 (room 0x5b),51.361,no,"the line between them leaves the walkable area (a wall's thickness, or another floor)",
wall of tile 2AF611 (room 0x36),wall of tile 2AF211 (room 0x36),30.265,no,the line between them touches another wall,wall of tile 2AF411 (room 0x36)
wall of tile 2AF611 (room 0x36),wall of tile 2E8811 (room 0x36),55.806,no,"another wall pokes into the space between them, so a tighter pair covers this gap",wall of tile 2AF211 (room 0x36)
wall of tile 2AF611 (room 0x36),wall of tile 0F5C18 (room 0x5b),42.801,no,the far wall faces the other way (it belongs to floor which isn't linked here),
wall of tile 2AF612 (room 0x36),wall of tile 2AF212 (room 0x36),26.035,no,the line between them touches another wall,wall of tile 2AF412 (room 0x36)
wall of tile 2AF612 (room 0x36),wall of tile 2E8812 (room 0x36),52.070,no,the line between them touches another wall,wall of tile 2AF412 (room 0x36)
wall of tile 2AF612 (room 0x36),wall of tile 0F5C18 (room 0x5b),25.681,no,"the line between them leaves the walkable area (a wall's thickness, or another floor)",
wall of tile 2AF411 (room 0x36),wall of tile 2E8811 (room 0x36),25.681,no,the line between them touches another wall,wall of tile 2AF211 (room 0x36)
wall of tile 2AF411 (room 0x36),wall of tile 2E8C11 (room 0x36),51.539,no,"the line between them leaves the walkable area (a wall's thickness, or another floor)",
wall of tile 2AF411 (room 0x36),wall of tile 026A11 (room 0x36),51.203,no,"the line between them leaves the walkable area (a wall's thickness, or another floor)",
wall of tile 2AF411 (room 0x36),wall of tile 0F5C18 (room 0x5b),12.840,no,the line between them touches another wall,wall of tile 2AF211 (room 0x36)
wall of tile 2AF412 (room 0x36),wall of tile 2E8812 (room 0x36),26.035,no,the line between them touches another wall,wall of tile 2AF212 (room 0x36)
wall of tile 2AF412 (room 0x36),wall of tile 2E8A10 (room 0x36),51.539,no,"the line between them leaves the walkable area (a wall's thickness, or another floor)",
wall of tile 2AF211 (room 0x36),wall of tile 2E8C11 (room 0x36),26.035,no,the line between them touches another wall,wall of tile 2E8811 (room 0x36)
wall of tile 2AF211 (room 0x36),wall of tile 026A11 (room 0x36),26.021,no,"the line between them leaves the walkable area (a wall's thickness, or another floor)",
wall of tile 2AF212 (room 0x36),wall of tile 2E8A10 (room 0x36),25.681,no,the line between them touches another wall,wall of tile 2E8812 (room 0x36)
wall of tile 2E8811 (room 0x36),wall of tile 0F5C18 (room 0x5b),12.840,no,the line between them touches another wall,wall of tile 2AF211 (room 0x36)
wall of tile 2E8812 (room 0x36),wall of tile 0F5C18 (room 0x5b),25.681,no,the far wall faces the other way (it belongs to floor which isn't linked here),
wall of tile 2E8A10 (room 0x36),wall of tile 0F5C18 (room 0x5b),51.361,no,the line between them touches another wall,wall of tile 2E8812 (room 0x36)
wall of tile 2E8C11 (room 0x36),wall of tile 0F5C18 (room 0x5b),38.521,no,"the line between them leaves the walkable area (a wall's thickness, or another floor)",
wall of tile 2E8C11 (room 0x36),wall of tile 0F5C18 (room 0x5b),55.641,no,"the line between them leaves the walkable area (a wall's thickness, or another floor)",
wall of tile 026A11 (room 0x36),wall of tile 0F5C18 (room 0x5b),34.241,no,the far wall faces the other way (it belongs to floor which isn't linked here),
wall of tile 2DC912 (room 0x36),wall of tile 32F219 (room 0x56),20.816,no,the far wall faces the other way (it belongs to floor which isn't linked here),
wall of tile 2DC912 (room 0x36),wall of tile 32F21A (room 0x56),28.552,no,the far wall faces the other way (it belongs to floor which isn't linked here),
wall of tile 2DC912 (room 0x36),wall of tile 32F21A (room 0x56),20.816,no,the far wall faces the other way (it belongs to floor which isn't linked here),
wall of tile 1E6910 (room 0x37),wall of tile 325E1A (room 0x54),49.914,no,the far wall faces the other way (it belongs to floor which isn't linked here),
wall of tile 1E6910 (room 0x37),wall of tile 147B18 (room 0x54),39.447,no,the far wall faces the other way (it belongs to floor which isn't linked here),
wall of tile 032410 (room 0x37),wall of tile 147E18 (room 0x54),44.066,no,the far wall faces the other way (it belongs to floor which isn't linked here),
wall of tile 032410 (room 0x37),wall of tile 147F18 (room 0x54),33.333,no,the far wall faces the other way (it belongs to floor which isn't linked here),
wall of tile 032310 (room 0x42),wall of tile 2D0410 (room 0x42),50.079,no,"the line between them leaves the walkable area (a wall's thickness, or another floor)",
wall of tile 032310 (room 0x42),wall of tile 147E18 (room 0x54),32.484,no,the far wall faces the other way (it belongs to floor which isn't linked here),
wall of tile 032310 (room 0x42),wall of tile 147F18 (room 0x54),32.484,no,the far wall faces the other way (it belongs to floor which isn't linked here),
wall of tile 2D0B12 (room 0x42),wall of tile 277919 (room 0x52),57.583,no,"the line between them leaves the walkable area (a wall's thickness, or another floor)",
wall of tile 2D0B12 (room 0x42),wall of tile 277D19 (room 0x52),38.282,no,"the line between them leaves the walkable area (a wall's thickness, or another floor)",
wall of tile 2D0B12 (room 0x42),wall of tile 277C1A (room 0x52),23.049,no,"the line between them leaves the walkable area (a wall's thickness, or another floor)",
wall of tile 2D0B12 (room 0x42),wall of tile 277B19 (room 0x52),23.049,no,"the line between them leaves the walkable area (a wall's thickness, or another floor)",
wall of tile 2D0B12 (room 0x42),wall of tile 277A1A (room 0x52),35.097,no,"the line between them leaves the walkable area (a wall's thickness, or another floor)",
wall of tile 2D0B12 (room 0x42),wall of tile 305518 (room 0x4f),24.255,no,"the line between them leaves the walkable area (a wall's thickness, or another floor)",
wall of tile 2D0B12 (room 0x42),wall of tile 30EA1A (room 0x4f),35.097,no,"the line between them leaves the walkable area (a wall's thickness, or another floor)",
wall of tile 2D0B12 (room 0x42),wall of tile 304019 (room 0x4e),13.535,no,the far wall faces the other way (it belongs to floor which isn't linked here),
wall of tile 2D0B12 (room 0x42),wall of tile 30401A (room 0x4e),55.641,no,the far wall faces the other way (it belongs to floor which isn't linked here),
wall of tile 2D0410 (room 0x42),wall of tile 2CBC10 (room 0x45),28.522,no,"the line between them leaves the walkable area (a wall's thickness, or another floor)",
wall of tile 2D0410 (room 0x42),wall of tile 303E19 (room 0x4e),13.535,no,the far wall faces the other way (it belongs to floor which isn't linked here),
wall of tile 2D0410 (room 0x42),wall of tile 303E1A (room 0x4e),13.535,no,the far wall faces the other way (it belongs to floor which isn't linked here),
wall of tile 2D0910 (room 0x42),wall of tile 277A1A (room 0x52),28.423,no,"the line between them leaves the walkable area (a wall's thickness, or another floor)",
wall of tile 2D0910 (room 0x42),wall of tile 277A19 (room 0x52),28.423,no,"the line between them leaves the walkable area (a wall's thickness, or another floor)",
wall of tile 2D0910 (room 0x42),wall of tile 30F219 (room 0x4e),4.280,no,"the line between them leaves the walkable area (a wall's thickness, or another floor)",
wall of tile 2D0910 (room 0x42),wall of tile 303D19 (room 0x4e),56.296,no,the far wall faces the other way (it belongs to floor which isn't linked here),
wall of tile 2D0910 (room 0x42),wall of tile 303E19 (room 0x4e),31.555,no,the far wall faces the other way (it belongs to floor which isn't linked here),
wall of tile 2D0910 (room 0x42),wall of tile 303E1A (room 0x4e),51.536,no,the far wall faces the other way (it belongs to floor which isn't linked here),
wall of tile 2D0910 (room 0x42),wall of tile 303E1A (room 0x4e),5.414,no,"the line between them leaves the walkable area (a wall's thickness, or another floor)",
wall of tile 2D0910 (room 0x42),wall of tile 277A1A (room 0x52),28.423,no,"the line between them leaves the walkable area (a wall's thickness, or another floor)",
wall of tile 2D0910 (room 0x42),wall of tile 277A19 (room 0x52),52.942,no,"the line between them leaves the walkable area (a wall's thickness, or another floor)",
wall of tile 2D0910 (room 0x42),wall of tile 303E1A (room 0x4e),42.035,no,the far wall faces the other way (it belongs to floor which isn't linked here),
wall of tile 2D0910 (room 0x42),wall of tile 303E1A (room 0x4e),4.060,no,the far wall faces the other way (it belongs to floor which isn't linked here),
wall of tile 2E6912 (room 0x45),wall of tile 303E19 (room 0x4e),13.535,no,the far wall faces the other way (it belongs to floor which isn't linked here),
wall of tile 2E6912 (room 0x45),wall of tile 303E1A (room 0x4e),13.535,no,the far wall faces the other way (it belongs to floor which isn't linked here),
wall of tile 2CBC10 (room 0x45),wall of tile 303E19 (room 0x4e),36.034,no,the far wall faces the other way (it belongs to floor which isn't linked here),
wall of tile 2CBC10 (room 0x45),wall of tile 303E1A (room 0x4e),39.460,no,the far wall faces the other way (it belongs to floor which isn't linked here),
wall of tile 2C3112 (room 0x45),wall of tile 277A1A (room 0x52),23.981,no,"the line between them leaves the walkable area (a wall's thickness, or another floor)",
wall of tile 2C3112 (room 0x45),wall of tile 277A19 (room 0x52),23.981,no,"the line between them leaves the walkable area (a wall's thickness, or another floor)",
wall of tile 2C3112 (room 0x45),wall of tile 279719 (room 0x52),26.243,no,"the line between them leaves the walkable area (a wall's thickness, or another floor)",
wall of tile 2C3112 (room 0x45),wall of tile 279819 (room 0x52),24.109,no,"the line between them leaves the walkable area (a wall's thickness, or another floor)",
wall of tile 2C3112 (room 0x45),wall of tile 279919 (room 0x52),24.109,no,"the line between them leaves the walkable area (a wall's thickness, or another floor)",
wall of tile 2C3112 (room 0x45),wall of tile 279419 (room 0x52),25.048,no,"the line between them leaves the walkable area (a wall's thickness, or another floor)",
wall of tile 2C3112 (room 0x45),wall of tile 279519 (room 0x52),25.987,no,"the line between them leaves the walkable area (a wall's thickness, or another floor)",
wall of tile 2C3112 (room 0x45),wall of tile 279619 (room 0x52),26.371,no,"the line between them leaves the walkable area (a wall's thickness, or another floor)",
wall of tile 2C3112 (room 0x45),wall of tile 27771A (room 0x52),26.371,no,"the line between them leaves the walkable area (a wall's thickness, or another floor)",
wall of tile 2C3112 (room 0x45),wall of tile 277719 (room 0x52),28.632,no,"the line between them leaves the walkable area (a wall's thickness, or another floor)",
wall of tile 2C3112 (room 0x45),wall of tile 30C518 (room 0x4e),52.070,no,the far wall faces the other way (it belongs to floor which isn't linked here),
wall of tile 2C3112 (room 0x45),wall of tile 303A1A (room 0x4e),27.820,no,the far wall faces the other way (it belongs to floor which isn't linked here),
wall of tile 2C3112 (room 0x45),wall of tile 328E1A (room 0x4e),50.565,no,the far wall faces the other way (it belongs to floor which isn't linked here),
wall of tile 2C3112 (room 0x45),wall of tile 303819 (room 0x4e),51.803,no,the far wall faces the other way (it belongs to floor which isn't linked here),
wall of tile 2C3112 (room 0x45),wall of tile 303D19 (room 0x4e),52.656,no,the far wall faces the other way (it belongs to floor which isn't linked here),
wall of tile 2C3112 (room 0x45),wall of tile 303E19 (room 0x4e),31.555,no,the far wall faces the other way (it belongs to floor which isn't linked here),
wall of tile 2C3112 (room 0x45),wall of tile 303E1A (room 0x4e),53.629,no,the far wall faces the other way (it belongs to floor which isn't linked here),
wall of tile 0BAE12 (room 0x45),wall of tile 30401A (room 0x4e),30.864,no,"the line between them leaves the walkable area (a wall's thickness, or another floor)",
wall of tile 0BAE12 (room 0x45),wall of tile 304119 (room 0x4e),30.864,no,"the line between them leaves the walkable area (a wall's thickness, or another floor)",
wall of tile 0BAD12 (room 0x45),wall of tile 274D18 (room 0x53),55.279,no,"the line between them leaves the walkable area (a wall's thickness, or another floor)",
wall of tile 0BAD12 (room 0x45),wall of tile 274E18 (room 0x53),53.263,no,"the line between them leaves the walkable area (a wall's thickness, or another floor)",
wall of tile 0BAD12 (room 0x45),wall of tile 274F18 (room 0x53),53.263,no,"the line between them leaves the walkable area (a wall's thickness, or another floor)",
wall of tile 0BAD12 (room 0x45),wall of tile 33C51A (room 0x4f),34.549,no,"the line between them leaves the walkable area (a wall's thickness, or another floor)",
wall of tile 0BAD12 (room 0x45),wall of tile 2D0010 (room 0x42),1.727,no,the far wall faces the other way (it belongs to floor which isn't linked here),
wall of tile 0BAD12 (room 0x45),wall of tile 33C519 (room 0x4f),31.382,no,"the line between them leaves the walkable area (a wall's thickness, or another floor)",
wall of tile 0BAD12 (room 0x45),wall of tile 30D518 (room 0x4f),28.791,no,"the line between them leaves the walkable area (a wall's thickness, or another floor)",
wall of tile 0BAD12 (room 0x45),wall of tile 30D518 (room 0x4f),28.791,no,"the line between them leaves the walkable area (a wall's thickness, or another floor)",
wall of tile 0BAD12 (room 0x45),wall of tile 30401A (room 0x4e),7.486,no,"the line between them leaves the walkable area (a wall's thickness, or another floor)",
wall of tile 0BAD12 (room 0x45),wall of tile 304318 (room 0x4e),50.672,no,"the line between them leaves the walkable area (a wall's thickness, or another floor)",
wall of tile 0BAD12 (room 0x45),wall of tile 30C618 (room 0x4e),50.672,no,the far wall faces the other way (it belongs to floor which isn't linked here),
wall of tile 0BAD12 (room 0x45),wall of tile 30441A (room 0x4e),49.808,no,the far wall faces the other way (it belongs to floor which isn't linked here),
wall of tile 0BAD12 (room 0x45),wall of tile 304419 (room 0x4e),50.672,no,"the line between them leaves the walkable area (a wall's thickness, or another floor)",
wall of tile 0BAD12 (room 0x45),wall of tile 304218 (room 0x4e),52.112,no,"the line between them leaves the walkable area (a wall's thickness, or another floor)",
wall of tile 0BAD12 (room 0x45),wall of tile 30C419 (room 0x4e),25.855,no,the far wall faces the other way (it belongs to floor which isn't linked here),
wall of tile 0BAD12 (room 0x45),wall of tile 30C518 (room 0x4e),52.245,no,the far wall faces the other way (it belongs to floor which isn't linked here),
wall of tile 0BAC10 (room 0x45),wall of tile 274D18 (room 0x53),52.975,no,"the line between them leaves the walkable area (a wall's thickness, or another floor)",
wall of tile 0BAC10 (room 0x45),wall of tile 274E18 (room 0x53),52.975,no,"the line between them leaves the walkable area (a wall's thickness, or another floor)",
wall of tile 0BAC10 (room 0x45),wall of tile 30E819 (room 0x4f),35.485,no,the far wall faces the other way (it belongs to floor which isn't linked here),
wall of tile 0BAC10 (room 0x45),wall of tile 30D719 (room 0x4f),33.398,no,"the line between them leaves the walkable area (a wall's thickness, or another floor)",
wall of tile 0BAC10 (room 0x45),wall of tile 33C51A (room 0x4f),33.110,no,"the line between them leaves the walkable area (a wall's thickness, or another floor)",
wall of tile 0BAC10 (room 0x45),wall of tile 33C519 (room 0x4f),33.110,no,"the line between them leaves the walkable area (a wall's thickness, or another floor)",
wall of tile 0BAC10 (room 0x45),wall of tile 30441A (room 0x4e),51.539,no,the far wall faces the other way (it belongs to floor which isn't linked here),
wall of tile 0BAC10 (room 0x45),wall of tile 30C419 (room 0x4e),25.855,no,the far wall faces the other way (it belongs to floor which isn't linked here),
wall of tile 0BAC10 (room 0x45),wall of tile 30C518 (room 0x4e),49.544,no,the far wall faces the other way (it belongs to floor which isn't linked here),
wall of tile 2CD311 (room 0x45),wall of tile 274B18 (room 0x53),51.708,no,"the line between them leaves the walkable area (a wall's thickness, or another floor)",
wall of tile 2CD311 (room 0x45),wall of tile 27771A (room 0x52),33.183,no,"the line between them leaves the walkable area (a wall's thickness, or another floor)",
wall of tile 2CD311 (room 0x45),wall of tile 277719 (room 0x52),33.183,no,"the line between them leaves the walkable area (a wall's thickness, or another floor)",
wall of tile 2CD311 (room 0x45),wall of tile 279319 (room 0x52),34.311,no,"the line between them leaves the walkable area (a wall's thickness, or another floor)",
wall of tile 2CD311 (room 0x45),wall of tile 277619 (room 0x52),31.572,no,"the line between them leaves the walkable area (a wall's thickness, or another floor)",
wall of tile 2CD311 (room 0x45),wall of tile 277519 (room 0x52),31.572,no,"the line between them leaves the walkable area (a wall's thickness, or another floor)",
wall of tile 2CD311 (room 0x45),wall of tile 30E719 (room 0x4f),30.284,no,"the line between them leaves the walkable area (a wall's thickness, or another floor)",
wall of tile 2CD311 (room 0x45),wall of tile 30E819 (room 0x4f),30.284,no,"the line between them leaves the walkable area (a wall's thickness, or another floor)",
wall of tile 2CD311 (room 0x45),wall of tile 275018 (room 0x53),51.708,no,"the line between them leaves the walkable area (a wall's thickness, or another floor)",
wall of tile 2CD311 (room 0x45),wall of tile 30C518 (room 0x4e),51.224,no,the far wall faces the other way (it belongs to floor which isn't linked here),
wall of tile 2CD311 (room 0x45),wall of tile 303A1A (room 0x4e),27.820,no,the far wall faces the other way (it belongs to floor which isn't linked here),
wall of tile 2CD311 (room 0x45),wall of tile 328E1A (room 0x4e),52.245,no,the far wall faces the other way (it belongs to floor which isn't linked here),
wall of tile 2CD311 (room 0x45),generic 0x1e4ef0 (preset 0x2746),55.953,no,"the line between them leaves the walkable area (a wall's thickness, or another floor)",
wall of tile 2CD311 (room 0x45),generic 0x1e4ef0 (preset 0x2746),55.953,no,"the line between them leaves the walkable area (a wall's thickness, or another floor)",
wall of tile 33D719 (room 0x53),wall of tile 30C41A (room 0x4e),18.284,no,the far wall faces the other way (it belongs to floor which isn't linked here),
wall of tile 33D719 (room 0x53),wall of tile 30C518 (room 0x4e),52.210,no,the far wall faces the other way (it belongs to floor which isn't linked here),
wall of tile 33D719 (room 0x53),wall of tile 303A19 (room 0x4e),30.864,no,the far wall faces the other way (it belongs to floor which isn't linked here),
wall of tile 33D719 (room 0x53),wall of tile 30A418 (room 0x4e),39.858,no,the far wall faces the other way (it belongs to floor which isn't linked here),
wall of tile 33D719 (room 0x53),wall of tile 30A418 (room 0x4e),48.801,no,the far wall faces the other way (it belongs to floor which isn't linked here),
wall of tile 33D719 (room 0x53),generic 0x1e4ef0 (preset 0x2746),32.677,no,"another wall pokes into the space between them, so a tighter pair covers this gap",wall of tile 274B18 (room 0x53)
wall of tile 33D719 (room 0x53),generic 0x1e4ef0 (preset 0x2746),26.143,no,"another wall pokes into the space between them, so a tighter pair covers this gap",wall of tile 274B18 (room 0x53)
wall of tile 33D719 (room 0x53),generic 0x1e4ef0 (preset 0x2746),52.772,no,"another wall pokes into the space between them, so a tighter pair covers this gap",generic 0x1e4ef0 (preset 0x2746)
wall of tile 33D719 (room 0x53),generic 0x1e4f70 (preset 0x2747),53.566,no,"another wall pokes into the space between them, so a tighter pair covers this gap",wall of tile 274B18 (room 0x53)
wall of tile 33D719 (room 0x53),generic 0x1e4f70 (preset 0x2747),25.652,no,"another wall pokes into the space between them, so a tighter pair covers this gap",wall of tile 274B18 (room 0x53)
wall of tile 33D719 (room 0x53),generic 0x1e4f70 (preset 0x2747),28.771,no,"another wall pokes into the space between them, so a tighter pair covers this gap",generic 0x1e4f70 (preset 0x2747)
wall of tile 33D71A (room 0x53),wall of tile 30D719 (room 0x4f),21.730,no,"the line between them leaves the walkable area (a wall's thickness, or another floor)",
wall of tile 33D71A (room 0x53),wall of tile 30C41A (room 0x4e),19.381,no,the far wall faces the other way (it belongs to floor which isn't linked here),
wall of tile 33D71A (room 0x53),wall of tile 30C518 (room 0x4e),49.544,no,the far wall faces the other way (it belongs to floor which isn't linked here),
wall of tile 33D71A (room 0x53),wall of tile 30A418 (room 0x4e),40.955,no,the far wall faces the other way (it belongs to floor which isn't linked here),
wall of tile 274B18 (room 0x53),wall of tile 30E719 (room 0x4f),20.539,no,"the line between them leaves the walkable area (a wall's thickness, or another floor)",
wall of tile 274B18 (room 0x53),wall of tile 30E819 (room 0x4f),22.442,no,"the line between them leaves the walkable area (a wall's thickness, or another floor)",
wall of tile 274B18 (room 0x53),wall of tile 30C41A (room 0x4e),18.284,no,the far wall faces the other way (it belongs to floor which isn't linked here),
wall of tile 274B18 (room 0x53),wall of tile 303A19 (room 0x4e),18.740,no,the far wall faces the other way (it belongs to floor which isn't linked here),
wall of tile 274B18 (room 0x53),wall of tile 328F18 (room 0x4e),42.917,no,the far wall faces the other way (it belongs to floor which isn't linked here),
wall of tile 274B18 (room 0x53),wall of tile 30A418 (room 0x4e),39.858,no,the far wall faces the other way (it belongs to floor which isn't linked here),
wall of tile 274B18 (room 0x53),wall of tile 30A418 (room 0x4e),40.372,no,the far wall faces the other way (it belongs to floor which isn't linked here),
wall of tile 274B18 (room 0x53),generic 0x1e4ef0 (preset 0x2746),2.327,yes,,
wall of tile 274B18 (room 0x53),generic 0x1e4ef0 (preset 0x2746),2.327,yes,,
wall of tile 274B18 (room 0x53),generic 0x1e4ef0 (preset 0x2746),52.772,no,"another wall pokes into the space between them, so a tighter pair covers this gap",generic 0x1e4ef0 (preset 0x2746)
wall of tile 274B18 (room 0x53),generic 0x1e4ef0 (preset 0x2746),42.404,no,"another wall pokes into the space between them, so a tighter pair covers this gap",generic 0x1e4ef0 (preset 0x2746)
wall of tile 274B18 (room 0x53),generic 0x1e4f70 (preset 0x2747),8.898,yes,,
wall of tile 274B18 (room 0x53),generic 0x1e4f70 (preset 0x2747),8.898,yes,,
wall of tile 274B18 (room 0x53),generic 0x1e4f70 (preset 0x2747),28.771,no,"another wall pokes into the space between them, so a tighter pair covers this gap",generic 0x1e4f70 (preset 0x2747)
wall of tile 274D18 (room 0x53),wall of tile 30E819 (room 0x4f),19.457,no,"the line between them leaves the walkable area (a wall's thickness, or another floor)",
wall of tile 274D18 (room 0x53),wall of tile 30D719 (room 0x4f),19.457,no,"the line between them leaves the walkable area (a wall's thickness, or another floor)",
wall of tile 274D18 (room 0x53),wall of tile 33C51A (room 0x4f),19.746,no,"the line between them leaves the walkable area (a wall's thickness, or another floor)",
wall of tile 274D18 (room 0x53),wall of tile 33C519 (room 0x4f),20.998,no,"the line between them leaves the walkable area (a wall's thickness, or another floor)",
wall of tile 274D18 (room 0x53),wall of tile 304419 (room 0x4e),42.154,no,"the line between them leaves the walkable area (a wall's thickness, or another floor)",
wall of tile 274D18 (room 0x53),wall of tile 304218 (room 0x4e),20.975,no,the far wall faces the other way (it belongs to floor which isn't linked here),
wall of tile 274D18 (room 0x53),wall of tile 30C41A (room 0x4e),19.381,no,the far wall faces the other way (it belongs to floor which isn't linked here),
wall of tile 274D18 (room 0x53),wall of tile 30A319 (room 0x4e),42.503,no,the far wall faces the other way (it belongs to floor which isn't linked here),
wall of tile 274D18 (room 0x53),wall of tile 30A418 (room 0x4e),40.955,no,the far wall faces the other way (it belongs to floor which isn't linked here),
wall of tile 274E18 (room 0x53),wall of tile 30D719 (room 0x4f),35.295,no,"the line between them leaves the walkable area (a wall's thickness, or another floor)",
wall of tile 274E18 (room 0x53),wall of tile 33C51A (room 0x4f),19.746,no,"the line between them leaves the walkable area (a wall's thickness, or another floor)",
wall of tile 274E18 (room 0x53),wall of tile 33C619 (room 0x4f),48.634,no,the far wall faces the other way (it belongs to floor which isn't linked here),
wall of tile 274E18 (room 0x53),wall of tile 33C419 (room 0x4e),49.914,no,"the line between them leaves the walkable area (a wall's thickness, or another floor)",
wall of tile 274E18 (room 0x53),wall of tile 2D0210 (room 0x42),25.821,no,"the line between them leaves the walkable area (a wall's thickness, or another floor)",
wall of tile 274E18 (room 0x53),wall of tile 33C519 (room 0x4f),20.998,no,"the line between them leaves the walkable area (a wall's thickness, or another floor)",
wall of tile 274E18 (room 0x53),wall of tile 30D518 (room 0x4f),22.672,no,"the line between them leaves the walkable area (a wall's thickness, or another floor)",
wall of tile 274E18 (room 0x53),wall of tile 325B1A (room 0x54),27.060,no,"the line between them leaves the walkable area (a wall's thickness, or another floor)",
wall of tile 274E18 (room 0x53),wall of tile 30411A (room 0x4e),17.918,no,the far wall faces the other way (it belongs to floor which isn't linked here),
wall of tile 274E18 (room 0x53),wall of tile 304419 (room 0x4e),2.925,no,"the line between them leaves the walkable area (a wall's thickness, or another floor)",
wall of tile 274E18 (room 0x53),wall of tile 30C41A (room 0x4e),16.821,no,the far wall faces the other way (it belongs to floor which isn't linked here),
wall of tile 274E18 (room 0x53),wall of tile 30A319 (room 0x4e),20.112,no,the far wall faces the other way (it belongs to floor which isn't linked here),
wall of tile 274E18 (room 0x53),wall of tile 30A418 (room 0x4e),20.112,no,the far wall faces the other way (it belongs to floor which isn't linked here),
wall of tile 274E18 (room 0x53),wall of tile 30A218 (room 0x4e),20.112,no,the far wall faces the other way (it belongs to floor which isn't linked here),
wall of tile 274E18 (room 0x53),door 0x1e8550 (preset 0x0044),50.094,no,"the line between them leaves the walkable area (a wall's thickness, or another floor)",
wall of tile 274E18 (room 0x53),door 0x1e8550 (preset 0x0044),50.092,no,"the line between them leaves the walkable area (a wall's thickness, or another floor)",
wall of tile 274E18 (room 0x53),door 0x1e8550 (preset 0x0044),51.861,no,"the line between them leaves the walkable area (a wall's thickness, or another floor)",
wall of tile 274E18 (room 0x53),door 0x1e8550 (preset 0x0044),51.866,no,"the line between them leaves the walkable area (a wall's thickness, or another floor)",
wall of tile 274F18 (room 0x53),wall of tile 33C619 (room 0x4f),21.656,no,the far wall faces the other way (it belongs to floor which isn't linked here),
wall of tile 274F18 (room 0x53),wall of tile 33C419 (room 0x4e),24.212,no,the far wall faces the other way (it belongs to floor which isn't linked here),
wall of tile 274F18 (room 0x53),wall of tile 2D0210 (room 0x42),25.821,no,"the line between them leaves the walkable area (a wall's thickness, or another floor)",
wall of tile 274F18 (room 0x53),wall of tile 30D518 (room 0x4f),3.507,no,the far wall faces the other way (it belongs to floor which isn't linked here),
wall of tile 274F18 (room 0x53),wall of tile 30D518 (room 0x4f),24.957,no,"the line between them leaves the walkable area (a wall's thickness, or another floor)",
wall of tile 274F18 (room 0x53),wall of tile 30411A (room 0x4e),37.664,no,the far wall faces the other way (it belongs to floor which isn't linked here),
wall of tile 274F18 (room 0x53),wall of tile 304318 (room 0x4e),37.898,no,the far wall faces the other way (it belongs to floor which isn't linked here),
wall of tile 274F18 (room 0x53),wall of tile 304419 (room 0x4e),58.216,no,"the line between them leaves the walkable area (a wall's thickness, or another floor)",
wall of tile 274F18 (room 0x53),wall of tile 30A319 (room 0x4e),56.846,no,the far wall faces the other way (it belongs to floor which isn't linked here),
wall of tile 274F18 (room 0x53),wall of tile 30A218 (room 0x4e),56.679,no,the far wall faces the other way (it belongs to floor which isn't linked here),
wall of tile 274F18 (room 0x53),door 0x1e8550 (preset 0x0044),23.034,no,the far wall faces the other way (it belongs to floor which isn't linked here),
wall of tile 274F18 (room 0x53),door 0x1e8550 (preset 0x0044),23.034,no,the far wall faces the other way (it belongs to floor which isn't linked here),
wall of tile 274F18 (room 0x53),door 0x1e8550 (preset 0x0044),27.066,no,the far wall faces the other way (it belongs to floor which isn't linked here),
wall of tile 274F18 (room 0x53),door 0x1e8550 (preset 0x0044),27.072,no,the far wall faces the other way (it belongs to floor which isn't linked here),
wall of tile 325B19 (room 0x54),wall of tile 277E1A (room 0x53),54.139,no,the line between them touches another wall,wall of tile 274818 (room 0x53)
wall of tile 325B19 (room 0x54),wall of tile 305518 (room 0x4f),3.438,no,the far wall faces the other way (it belongs to floor which isn't linked here),
wall of tile 325B19 (room 0x54),wall of tile 30411A (room 0x4e),37.299,no,the far wall faces the other way (it belongs to floor which isn't linked here),
wall of tile 325B19 (room 0x54),wall of tile 30381A (room 0x4e),46.296,no,the far wall faces the other way (it belongs to floor which isn't linked here),
wall of tile 325B19 (room 0x54),wall of tile 30A218 (room 0x4e),56.314,no,the far wall faces the other way (it belongs to floor which isn't linked here),
wall of tile 325B19 (room 0x54),door 0x1e8050 (preset 0x0010),0.000,no,the line between them touches another wall,door 0x1e8050 (preset 0x0010)
wall of tile 325B19 (room 0x54),door 0x1e8050 (preset 0x0010),1.058,no,"the line between them leaves the walkable area (a wall's thickness, or another floor)",
wall of tile 325B19 (room 0x54),door 0x1e8050 (preset 0x0010),1.058,no,"the line between them leaves the walkable area (a wall's thickness, or another floor)",
wall of tile 325B19 (room 0x54),glass 0x1e88a0 (preset 0x2753),58.513,no,"the line between them leaves the walkable area (a wall's thickness, or another floor)",
wall of tile 325B19 (room 0x54),glass 0x1e88a0 (preset 0x2753),57.556,no,"the line between them leaves the walkable area (a wall's thickness, or another floor)",
wall of tile 325B19 (room 0x54),glass 0x1e88a0 (preset 0x2753),57.556,no,"the line between them leaves the walkable area (a wall's thickness, or another floor)",
wall of tile 274818 (room 0x53),wall of tile 305518 (room 0x4f),1.022,no,the far wall faces the other way (it belongs to floor which isn't linked here),
wall of tile 274818 (room 0x53),wall of tile 2D0B11 (room 0x42),27.411,no,"the line between them leaves the walkable area (a wall's thickness, or another floor)",
wall of tile 274818 (room 0x53),wall of tile 30411A (room 0x4e),36.544,no,the far wall faces the other way (it belongs to floor which isn't linked here),
wall of tile 274818 (room 0x53),wall of tile 303918 (room 0x4e),56.846,no,the far wall faces the other way (it belongs to floor which isn't linked here),
wall of tile 274818 (room 0x53),wall of tile 30381A (room 0x4e),36.544,no,the far wall faces the other way (it belongs to floor which isn't linked here),
wall of tile 274818 (room 0x53),wall of tile 30A218 (room 0x4e),55.493,no,the far wall faces the other way (it belongs to floor which isn't linked here),
wall of tile 274818 (room 0x53),wall of tile 30A218 (room 0x4e),55.493,no,the far wall faces the other way (it belongs to floor which isn't linked here),
wall of tile 274818 (room 0x53),glass 0x1e88a0 (preset 0x2753),14.349,no,"the line between them leaves the walkable area (a wall's thickness, or another floor)",
wall of tile 274818 (room 0x53),glass 0x1e88a0 (preset 0x2753),14.084,no,"the line between them leaves the walkable area (a wall's thickness, or another floor)",
wall of tile 274818 (room 0x53),glass 0x1e88a0 (preset 0x2753),14.084,no,"the line between them leaves the walkable area (a wall's thickness, or another floor)",
wall of tile 277E1A (room 0x53),wall of tile 27781A (room 0x52),27.070,no,the line between them touches another wall,wall of tile 277419 (room 0x52)
wall of tile 277E1A (room 0x53),wall of tile 277919 (room 0x52),54.139,no,the line between them touches another wall,wall of tile 27781A (room 0x52)
wall of tile 277E1A (room 0x53),wall of tile 305518 (room 0x4f),1.022,no,the far wall faces the other way (it belongs to floor which isn't linked here),
wall of tile 277E1A (room 0x53),wall of tile 2D0B11 (room 0x42),25.521,no,"the line between them leaves the walkable area (a wall's thickness, or another floor)",
wall of tile 277E1A (room 0x53),wall of tile 30411A (room 0x4e),44.685,no,the far wall faces the other way (it belongs to floor which isn't linked here),
wall of tile 277E1A (room 0x53),wall of tile 303918 (room 0x4e),57.104,no,the far wall faces the other way (it belongs to floor which isn't linked here),
wall of tile 277E1A (room 0x53),wall of tile 30381A (room 0x4e),44.685,no,the far wall faces the other way (it belongs to floor which isn't linked here),
wall of tile 277E1A (room 0x53),glass 0x1e88a0 (preset 0x2753),11.728,no,"the line between them leaves the walkable area (a wall's thickness, or another floor)",
wall of tile 277E1A (room 0x53),glass 0x1e88a0 (preset 0x2753),13.549,no,"the line between them leaves the walkable area (a wall's thickness, or another floor)",
wall of tile 277E1A (room 0x53),glass 0x1e88a0 (preset 0x2753),11.730,no,"the line between them leaves the walkable area (a wall's thickness, or another floor)",
wall of tile 277419 (room 0x52),wall of tile 277919 (room 0x52),27.070,no,the line between them touches another wall,wall of tile 27781A (room 0x52)
wall of tile 277419 (room 0x52),wall of tile 277D19 (room 0x52),54.139,no,the line between them touches another wall,wall of tile 277919 (room 0x52)
wall of tile 277419 (room 0x52),wall of tile 305518 (room 0x4f),0.511,no,the far wall faces the other way (it belongs to floor which isn't linked here),
wall of tile 277419 (room 0x52),wall of tile 2D0B11 (room 0x42),25.521,no,"the line between them leaves the walkable area (a wall's thickness, or another floor)",
wall of tile 277419 (room 0x52),glass 0x1e88a0 (preset 0x2753),11.728,no,"the line between them leaves the walkable area (a wall's thickness, or another floor)",
wall of tile 277419 (room 0x52),glass 0x1e88a0 (preset 0x2753),11.730,no,"the line between them leaves the walkable area (a wall's thickness, or another floor)",
wall of tile 27741A (room 0x52),wall of tile 27791A (room 0x52),27.070,no,the line between them touches another wall,wall of tile 277819 (room 0x52)
wall of tile 27741A (room 0x52),wall of tile 277D1A (room 0x52),54.139,no,the line between them touches another wall,wall of tile 27791A (room 0x52)
wall of tile 27741A (room 0x52),wall of tile 275018 (room 0x53),26.738,no,"the line between them leaves the walkable area (a wall's thickness, or another floor)",
wall of tile 27781A (room 0x52),wall of tile 277D19 (room 0x52),27.070,no,the line between them touches another wall,wall of tile 277919 (room 0x52)
wall of tile 27781A (room 0x52),wall of tile 277C1A (room 0x52),50.097,no,"the line between them leaves the walkable area (a wall's thickness, or another floor)",
wall of tile 27781A (room 0x52),wall of tile 2D0B11 (room 0x42),26.118,no,"the line between them leaves the walkable area (a wall's thickness, or another floor)",
wall of tile 27781A (room 0x52),glass 0x1e88a0 (preset 0x2753),12.628,no,"the line between them leaves the walkable area (a wall's thickness, or another floor)",
wall of tile 27781A (room 0x52),glass 0x1e88a0 (preset 0x2753),12.629,no,"the line between them leaves the walkable area (a wall's thickness, or another floor)",
wall of tile 277819 (room 0x52),wall of tile 277D1A (room 0x52),27.070,no,the line between them touches another wall,wall of tile 27791A (room 0x52)
wall of tile 277819 (room 0x52),wall of tile 277C19 (room 0x52),54.139,no,the line between them touches another wall,wall of tile 27791A (room 0x52)
wall of tile 277819 (room 0x52),wall of tile 277F1A (room 0x53),25.716,no,"the line between them leaves the walkable area (a wall's thickness, or another floor)",
wall of tile 277819 (room 0x52),wall of tile 275018 (room 0x53),34.507,no,"the line between them leaves the walkable area (a wall's thickness, or another floor)",
wall of tile 277919 (room 0x52),wall of tile 277C1A (room 0x52),23.049,no,the line between them touches another wall,wall of tile 277D19 (room 0x52)
wall of tile 277919 (room 0x52),wall of tile 277B19 (room 0x52),51.717,no,"the line between them leaves the walkable area (a wall's thickness, or another floor)",
wall of tile 277919 (room 0x52),wall of tile 305518 (room 0x4f),0.697,no,"the line between them leaves the walkable area (a wall's thickness, or another floor)",
wall of tile 277919 (room 0x52),wall of tile 2D0B11 (room 0x42),26.715,no,"the line between them leaves the walkable area (a wall's thickness, or another floor)",
wall of tile 277919 (room 0x52),wall of tile 30F21A (room 0x4e),46.296,no,"the line between them leaves the walkable area (a wall's thickness, or another floor)",
wall of tile 277919 (room 0x52),wall of tile 304019 (room 0x4e),46.296,no,"the line between them leaves the walkable area (a wall's thickness, or another floor)",
wall of tile 277919 (room 0x52),glass 0x1e88a0 (preset 0x2753),13.527,no,"the line between them leaves the walkable area (a wall's thickness, or another floor)",
wall of tile 277919 (room 0x52),glass 0x1e88a0 (preset 0x2753),13.527,no,"the line between them leaves the walkable area (a wall's thickness, or another floor)",
wall of tile 27791A (room 0x52),wall of tile 277C19 (room 0x52),27.070,no,the line between them touches another wall,wall of tile 277D1A (room 0x52)
wall of tile 27791A (room 0x52),wall of tile 277B1A (room 0x52),51.717,no,"another wall pokes into the space between them, so a tighter pair covers this gap",wall of tile 277D1A (room 0x52)
wall of tile 27791A (room 0x52),wall of tile 277F1A (room 0x53),52.786,no,"the line between them leaves the walkable area (a wall's thickness, or another floor)",
wall of tile 27791A (room 0x52),wall of tile 275018 (room 0x53),57.583,no,"the line between them leaves the walkable area (a wall's thickness, or another floor)",
wall of tile 277D19 (room 0x52),wall of tile 277B19 (room 0x52),28.712,no,the line between them touches another wall,wall of tile 277C1A (room 0x52)
wall of tile 277D19 (room 0x52),wall of tile 277A1A (room 0x52),55.641,no,"another wall pokes into the space between them, so a tighter pair covers this gap",wall of tile 277B19 (room 0x52)
wall of tile 277D19 (room 0x52),wall of tile 305518 (room 0x4f),1.580,no,"the line between them leaves the walkable area (a wall's thickness, or another floor)",
wall of tile 277D19 (room 0x52),wall of tile 2D0B11 (room 0x42),26.466,no,"the line between them leaves the walkable area (a wall's thickness, or another floor)",
wall of tile 277D19 (room 0x52),wall of tile 30EA1A (room 0x4f),55.563,no,the far wall faces the other way (it belongs to floor which isn't linked here),
wall of tile 277D19 (room 0x52),wall of tile 30F21A (room 0x4e),30.265,no,"the line between them leaves the walkable area (a wall's thickness, or another floor)",
wall of tile 277D19 (room 0x52),wall of tile 304019 (room 0x4e),30.265,no,"the line between them leaves the walkable area (a wall's thickness, or another floor)",
wall of tile 277D19 (room 0x52),glass 0x1e88a0 (preset 0x2753),29.440,no,"the line between them leaves the walkable area (a wall's thickness, or another floor)",
wall of tile 277D19 (room 0x52),glass 0x1e88a0 (preset 0x2753),29.440,no,"the line between them leaves the walkable area (a wall's thickness, or another floor)",
wall of tile 277D1A (room 0x52),wall of tile 277B1A (room 0x52),24.957,no,the line between them touches another wall,wall of tile 277C19 (room 0x52)
wall of tile 277D1A (room 0x52),wall of tile 278A19 (room 0x52),51.717,no,"the line between them leaves the walkable area (a wall's thickness, or another floor)",
wall of tile 277D1A (room 0x52),wall of tile 27971A (room 0x52),52.786,no,"the line between them leaves the walkable area (a wall's thickness, or another floor)",
wall of tile 277D1A (room 0x52),wall of tile 27981A (room 0x52),55.641,no,"the line between them leaves the walkable area (a wall's thickness, or another floor)",
wall of tile 277D1A (room 0x52),wall of tile 30EA1A (room 0x4f),51.121,no,"the line between them leaves the walkable area (a wall's thickness, or another floor)",
wall of tile 277C19 (room 0x52),wall of tile 278A19 (room 0x52),27.070,no,the line between them touches another wall,wall of tile 277B1A (room 0x52)
wall of tile 277C19 (room 0x52),wall of tile 27971A (room 0x52),28.423,no,"the line between them leaves the walkable area (a wall's thickness, or another floor)",
wall of tile 277C19 (room 0x52),wall of tile 27981A (room 0x52),36.569,no,"the line between them leaves the walkable area (a wall's thickness, or another floor)",
wall of tile 277C19 (room 0x52),wall of tile 27991A (room 0x52),57.583,no,"the line between them leaves the walkable area (a wall's thickness, or another floor)",
wall of tile 277C19 (room 0x52),wall of tile 30EA1A (room 0x4f),26.654,no,the far wall faces the other way (it belongs to floor which isn't linked here),
wall of tile 277C1A (room 0x52),wall of tile 277A1A (room 0x52),27.070,no,the line between them touches another wall,wall of tile 277B19 (room 0x52)
wall of tile 277C1A (room 0x52),wall of tile 2D0B11 (room 0x42),23.049,no,"the line between them leaves the walkable area (a wall's thickness, or another floor)",
wall of tile 277C1A (room 0x52),wall of tile 30EA1A (room 0x4f),27.070,no,the line between them touches another wall,wall of tile 277B19 (room 0x52)
wall of tile 277C1A (room 0x52),wall of tile 30F21A (room 0x4e),24.883,no,"the line between them leaves the walkable area (a wall's thickness, or another floor)",
wall of tile 277C1A (room 0x52),wall of tile 304019 (room 0x4e),24.883,no,"the line between them leaves the walkable area (a wall's thickness, or another floor)",
wall of tile 277C1A (room 0x52),glass 0x1e88a0 (preset 0x2753),50.633,no,"the line between them leaves the walkable area (a wall's thickness, or another floor)",
wall of tile 277C1A (room 0x52),glass 0x1e88a0 (preset 0x2753),50.633,no,"the line between them leaves the walkable area (a wall's thickness, or another floor)",
wall of tile 277B19 (room 0x52),wall of tile 2D0B11 (room 0x42),23.049,no,"the line between them leaves the walkable area (a wall's thickness, or another floor)",
wall of tile 277B19 (room 0x52),wall of tile 30F21A (room 0x4e),26.852,no,"the line between them leaves the walkable area (a wall's thickness, or another floor)",
wall of tile 277B19 (room 0x52),wall of tile 304019 (room 0x4e),27.406,no,"the line between them leaves the walkable area (a wall's thickness, or another floor)",
wall of tile 277B1A (room 0x52),wall of tile 27971A (room 0x52),1.353,no,"the line between them leaves the walkable area (a wall's thickness, or another floor)",
wall of tile 277B1A (room 0x52),wall of tile 27981A (room 0x52),23.049,no,"the line between them leaves the walkable area (a wall's thickness, or another floor)",
wall of tile 277B1A (room 0x52),wall of tile 27991A (room 0x52),50.097,no,"the line between them leaves the walkable area (a wall's thickness, or another floor)",
wall of tile 278A19 (room 0x52),wall of tile 27981A (room 0x52),23.049,no,"the line between them leaves the walkable area (a wall's thickness, or another floor)",
wall of tile 278A19 (room 0x52),wall of tile 27991A (room 0x52),50.097,no,"the line between them leaves the walkable area (a wall's thickness, or another floor)",
wall of tile 278A19 (room 0x52),wall of tile 30EA1A (room 0x4f),0.410,no,"the line between them leaves the walkable area (a wall's thickness, or another floor)",
wall of tile 277A1A (room 0x52),wall of tile 2D0B11 (room 0x42),36.569,no,"the line between them leaves the walkable area (a wall's thickness, or another floor)",
wall of tile 277A1A (room 0x52),wall of tile 30F21A (room 0x4e),36.717,no,"the line between them leaves the walkable area (a wall's thickness, or another floor)",
wall of tile 277A1A (room 0x52),wall of tile 30F219 (room 0x4e),25.716,no,"the line between them leaves the walkable area (a wall's thickness, or another floor)",
wall of tile 277A1A (room 0x52),wall of tile 304019 (room 0x4e),47.853,no,"the line between them leaves the walkable area (a wall's thickness, or another floor)",
wall of tile 277A1A (room 0x52),wall of tile 303E1A (room 0x4e),25.716,no,"the line between them leaves the walkable area (a wall's thickness, or another floor)",
wall of tile 277A19 (room 0x52),wall of tile 279819 (room 0x52),27.070,no,the line between them touches another wall,wall of tile 279719 (room 0x52)
wall of tile 277A19 (room 0x52),wall of tile 279919 (room 0x52),55.641,no,"the line between them leaves the walkable area (a wall's thickness, or another floor)",
wall of tile 277A19 (room 0x52),wall of tile 30F219 (room 0x4e),56.296,no,"the line between them leaves the walkable area (a wall's thickness, or another floor)",
wall of tile 277A19 (room 0x52),wall of tile 303E1A (room 0x4e),56.296,no,"the line between them leaves the walkable area (a wall's thickness, or another floor)",
wall of tile 27971A (room 0x52),wall of tile 27991A (room 0x52),27.070,no,the line between them touches another wall,wall of tile 27981A (room 0x52)
wall of tile 27971A (room 0x52),wall of tile 27941A (room 0x52),54.139,no,the line between them touches another wall,wall of tile 27991A (room 0x52)
wall of tile 27971A (room 0x52),wall of tile 30EA1A (room 0x4f),1.299,no,"the line between them leaves the walkable area (a wall's thickness, or another floor)",
wall of tile 279719 (room 0x52),wall of tile 279919 (room 0x52),28.712,no,the line between them touches another wall,wall of tile 279819 (room 0x52)
wall of tile 279719 (room 0x52),wall of tile 279419 (room 0x52),55.641,no,"another wall pokes into the space between them, so a tighter pair covers this gap",wall of tile 279819 (room 0x52)
wall of tile 27981A (room 0x52),wall of tile 27941A (room 0x52),27.070,no,the line between them touches another wall,wall of tile 27991A (room 0x52)
wall of tile 27981A (room 0x52),wall of tile 27951A (room 0x52),50.097,no,"another wall pokes into the space between them, so a tighter pair covers this gap",wall of tile 27941A (room 0x52)
wall of tile 27981A (room 0x52),wall of tile 30EA1A (room 0x4f),0.752,no,"the line between them leaves the walkable area (a wall's thickness, or another floor)",
wall of tile 279819 (room 0x52),wall of tile 279419 (room 0x52),27.070,no,the line between them touches another wall,wall of tile 279919 (room 0x52)
wall of tile 279819 (room 0x52),wall of tile 279519 (room 0x52),54.139,no,the line between them touches another wall,wall of tile 279919 (room 0x52)
wall of tile 27991A (room 0x52),wall of tile 27951A (room 0x52),23.049,no,the line between them touches another wall,wall of tile 27941A (room 0x52)
wall of tile 27991A (room 0x52),wall of tile 27961A (room 0x52),51.717,no,"another wall pokes into the space between them, so a tighter pair covers this gap",wall of tile 27941A (room 0x52)
wall of tile 27991A (room 0x52),wall of tile 30EA1A (room 0x4f),0.205,no,"the line between them leaves the walkable area (a wall's thickness, or another floor)",
wall of tile 279919 (room 0x52),wall of tile 279519 (room 0x52),27.070,no,the line between them touches another wall,wall of tile 279419 (room 0x52)
wall of tile 279919 (room 0x52),wall of tile 279619 (room 0x52),54.139,no,the line between them touches another wall,wall of tile 279519 (room 0x52)
wall of tile 27941A (room 0x52),wall of tile 27961A (room 0x52),28.712,no,the line between them touches another wall,wall of tile 27951A (room 0x52)
wall of tile 27941A (room 0x52),wall of tile 27931A (room 0x52),54.139,no,"the line between them leaves the walkable area (a wall's thickness, or another floor)",
wall of tile 27941A (room 0x52),wall of tile 30EA19 (room 0x4f),54.139,no,"the line between them leaves the walkable area (a wall's thickness, or another floor)",
wall of tile 27941A (room 0x52),wall of tile 30EA1A (room 0x4f),0.205,no,"the line between them leaves the walkable area (a wall's thickness, or another floor)",
wall of tile 279419 (room 0x52),wall of tile 279619 (room 0x52),27.070,no,the line between them touches another wall,wall of tile 279519 (room 0x52)
wall of tile 279419 (room 0x52),wall of tile 27771A (room 0x52),50.097,no,"the line between them leaves the walkable area (a wall's thickness, or another floor)",
wall of tile 27951A (room 0x52),wall of tile 27931A (room 0x52),26.035,no,the line between them touches another wall,wall of tile 27961A (room 0x52)
wall of tile 27951A (room 0x52),wall of tile 27761A (room 0x52),38.282,no,"the line between them leaves the walkable area (a wall's thickness, or another floor)",
wall of tile 27951A (room 0x52),wall of tile 30EA19 (room 0x4f),26.035,no,the line between them touches another wall,wall of tile 27961A (room 0x52)
wall of tile 27951A (room 0x52),wall of tile 30EA1A (room 0x4f),1.094,no,"the line between them leaves the walkable area (a wall's thickness, or another floor)",
wall of tile 279519 (room 0x52),wall of tile 27771A (room 0x52),23.049,no,the line between them touches another wall,wall of tile 279619 (room 0x52)
wall of tile 27961A (room 0x52),wall of tile 27761A (room 0x52),23.049,no,the line between them touches another wall,wall of tile 27931A (room 0x52)
wall of tile 27961A (room 0x52),wall of tile 27751A (room 0x52),50.097,no,"the line between them leaves the walkable area (a wall's thickness, or another floor)",
wall of tile 277719 (room 0x52),wall of tile 277619 (room 0x52),27.070,no,the line between them touches another wall,wall of tile 279319 (room 0x52)
wall of tile 277719 (room 0x52),wall of tile 277519 (room 0x52),55.641,no,"the line between them leaves the walkable area (a wall's thickness, or another floor)",
wall of tile 27931A (room 0x52),wall of tile 27751A (room 0x52),27.070,no,the line between them touches another wall,wall of tile 27761A (room 0x52)
wall of tile 279319 (room 0x52),wall of tile 277519 (room 0x52),28.712,no,the line between them touches another wall,wall of tile 277619 (room 0x52)
wall of tile 279319 (room 0x52),wall of tile 30E719 (room 0x4f),55.641,no,"another wall pokes into the space between them, so a tighter pair covers this gap",wall of tile 277619 (room 0x52)
wall of tile 27761A (room 0x52),wall of tile 30EA19 (room 0x4f),0.475,no,"the line between them leaves the walkable area (a wall's thickness, or another floor)",
wall of tile 27761A (room 0x52),wall of tile 30EA1A (room 0x4f),23.049,no,the line between them touches another wall,wall of tile 27931A (room 0x52)
wall of tile 277619 (room 0x52),wall of tile 30E719 (room 0x4f),27.070,no,the line between them touches another wall,wall of tile 277519 (room 0x52)
wall of tile 27751A (room 0x52),wall of tile 30EA1A (room 0x4f),50.097,no,"the line between them leaves the walkable area (a wall's thickness, or another floor)",
wall of tile 30E719 (room 0x4f),wall of tile 275018 (room 0x53),20.539,no,the far wall faces the other way (it belongs to floor which isn't linked here),
wall of tile 30E719 (room 0x4f),generic 0x1e4ef0 (preset 0x2746),57.542,no,the far wall faces the other way (it belongs to floor which isn't linked here),
wall of tile 30E719 (room 0x4f),generic 0x1e4f70 (preset 0x2747),50.052,no,the far wall faces the other way (it belongs to floor which isn't linked here),
wall of tile 30E719 (room 0x4f),generic 0x1e4f70 (preset 0x2747),50.052,no,the far wall faces the other way (it belongs to floor which isn't linked here),
wall of tile 30E71A (room 0x4f),wall of tile 275018 (room 0x53),3.854,no,the far wall faces the other way (it belongs to floor which isn't linked here),
wall of tile 30E819 (room 0x4f),wall of tile 30C41A (room 0x4e),39.127,no,the far wall faces the other way (it belongs to floor which isn't linked here),
wall of tile 30E819 (room 0x4f),wall of tile 303A19 (room 0x4e),41.427,no,the far wall faces the other way (it belongs to floor which isn't linked here),
wall of tile 30E819 (room 0x4f),generic 0x1e4ef0 (preset 0x2746),24.984,no,the far wall faces the other way (it belongs to floor which isn't linked here),
wall of tile 30E819 (room 0x4f),generic 0x1e4ef0 (preset 0x2746),24.984,no,the far wall faces the other way (it belongs to floor which isn't linked here),
wall of tile 30E819 (room 0x4f),generic 0x1e4f70 (preset 0x2747),31.482,no,the far wall faces the other way (it belongs to floor which isn't linked here),
wall of tile 30E819 (room 0x4f),generic 0x1e4f70 (preset 0x2747),31.482,no,the far wall faces the other way (it belongs to floor which isn't linked here),
wall of tile 30E819 (room 0x4f),generic 0x1e4f70 (preset 0x2747),51.290,no,the far wall faces the other way (it belongs to floor which isn't linked here),
wall of tile 30D719 (room 0x4f),wall of tile 33C519 (room 0x4f),50.097,no,the line between them touches another wall,wall of tile 33C51A (room 0x4f)
wall of tile 30D719 (room 0x4f),wall of tile 304218 (room 0x4e),42.801,no,the far wall faces the other way (it belongs to floor which isn't linked here),
wall of tile 30D719 (room 0x4f),wall of tile 30C41A (room 0x4e),39.127,no,the far wall faces the other way (it belongs to floor which isn't linked here),
wall of tile 305518 (room 0x4f),wall of tile 33C41A (room 0x4e),15.432,no,the line between them touches another wall,wall of tile 33C61A (room 0x4f)
wall of tile 305518 (room 0x4f),wall of tile 2D0B11 (room 0x42),24.255,no,"the line between them leaves the walkable area (a wall's thickness, or another floor)",
wall of tile 305518 (room 0x4f),wall of tile 30F21A (room 0x4e),24.859,no,"the line between them leaves the walkable area (a wall's thickness, or another floor)",
wall of tile 305518 (room 0x4f),wall of tile 304019 (room 0x4e),24.859,no,"the line between them leaves the walkable area (a wall's thickness, or another floor)",
wall of tile 305518 (room 0x4f),wall of tile 30411A (room 0x4e),32.545,no,the far wall faces the other way (it belongs to floor which isn't linked here),
wall of tile 305518 (room 0x4f),wall of tile 303918 (room 0x4e),55.526,no,the far wall faces the other way (it belongs to floor which isn't linked here),
wall of tile 305518 (room 0x4f),wall of tile 30381A (room 0x4e),34.338,no,the far wall faces the other way (it belongs to floor which isn't linked here),
wall of tile 305518 (room 0x4f),wall of tile 30A218 (room 0x4e),53.388,no,the far wall faces the other way (it belongs to floor which isn't linked here),
wall of tile 305518 (room 0x4f),wall of tile 30A218 (room 0x4e),51.560,no,the far wall faces the other way (it belongs to floor which isn't linked here),
wall of tile 305518 (room 0x4f),door 0x1e8550 (preset 0x0044),5.896,no,"another wall pokes into the space between them, so a tighter pair covers this gap",wall of tile 33C61A (room 0x4f)
wall of tile 305518 (room 0x4f),door 0x1e8550 (preset 0x0044),5.896,no,"another wall pokes into the space between them, so a tighter pair covers this gap",wall of tile 33C61A (room 0x4f)
wall of tile 305518 (room 0x4f),door 0x1e8550 (preset 0x0044),19.734,no,"the line between them leaves the walkable area (a wall's thickness, or another floor)",
wall of tile 305518 (room 0x4f),door 0x1e8550 (preset 0x0044),5.896,no,"another wall pokes into the space between them, so a tighter pair covers this gap",wall of tile 33C61A (room 0x4f)
wall of tile 305518 (room 0x4f),glass 0x1e88a0 (preset 0x2753),12.813,no,"the line between them leaves the walkable area (a wall's thickness, or another floor)",
wall of tile 305518 (room 0x4f),glass 0x1e88a0 (preset 0x2753),14.602,no,"the line between them leaves the walkable area (a wall's thickness, or another floor)",
wall of tile 305518 (room 0x4f),glass 0x1e88a0 (preset 0x2753),12.813,no,"the line between them leaves the walkable area (a wall's thickness, or another floor)",
wall of tile 33C51A (room 0x4f),wall of tile 304218 (room 0x4e),40.955,no,the far wall faces the other way (it belongs to floor which isn't linked here),
wall of tile 33C51A (room 0x4f),wall of tile 30C41A (room 0x4e),40.955,no,the far wall faces the other way (it belongs to floor which isn't linked here),
wall of tile 33C619 (room 0x4f),wall of tile 2D0210 (room 0x42),17.503,no,"the line between them leaves the walkable area (a wall's thickness, or another floor)",
wall of tile 33C619 (room 0x4f),wall of tile 325B1A (room 0x54),21.656,no,"the line between them leaves the walkable area (a wall's thickness, or another floor)",
wall of tile 33C619 (room 0x4f),wall of tile 30411A (room 0x4e),34.373,no,the far wall faces the other way (it belongs to floor which isn't linked here),
wall of tile 33C619 (room 0x4f),wall of tile 304318 (room 0x4e),46.098,no,the far wall faces the other way (it belongs to floor which isn't linked here),
wall of tile 33C619 (room 0x4f),wall of tile 30A218 (room 0x4e),53.388,no,the far wall faces the other way (it belongs to floor which isn't linked here),
wall of tile 33C619 (room 0x4f),door 0x1e8550 (preset 0x0044),1.366,no,"another wall pokes into the space between them, so a tighter pair covers this gap",door 0x1e8550 (preset 0x0044)
wall of tile 33C619 (room 0x4f),door 0x1e8550 (preset 0x0044),1.073,no,"another wall pokes into the space between them, so a tighter pair covers this gap",wall of tile 33C419 (room 0x4e)
wall of tile 33C619 (room 0x4f),door 0x1e8550 (preset 0x0044),4.160,no,"another wall pokes into the space between them, so a tighter pair covers this gap",wall of tile 33C419 (room 0x4e)
wall of tile 33C619 (room 0x4f),door 0x1e8550 (preset 0x0044),4.163,no,the line between them touches another wall,door 0x1e8550 (preset 0x0044)
wall of tile 33C61A (room 0x4f),wall of tile 2D0B11 (room 0x42),17.647,no,the line between them touches another wall,wall of tile 33C41A (room 0x4e)
wall of tile 33C61A (room 0x4f),wall of tile 30411A (room 0x4e),32.545,no,the far wall faces the other way (it belongs to floor which isn't linked here),
wall of tile 33C61A (room 0x4f),wall of tile 30A218 (room 0x4e),51.560,no,the far wall faces the other way (it belongs to floor which isn't linked here),
wall of tile 33C61A (room 0x4f),door 0x1e8550 (preset 0x0044),0.800,no,"another wall pokes into the space between them, so a tighter pair covers this gap",door 0x1e8550 (preset 0x0044)
wall of tile 33C61A (room 0x4f),door 0x1e8550 (preset 0x0044),0.805,no,"another wall pokes into the space between them, so a tighter pair covers this gap",door 0x1e8550 (preset 0x0044)
wall of tile 33C61A (room 0x4f),door 0x1e8550 (preset 0x0044),4.616,no,the line between them touches another wall,door 0x1e8550 (preset 0x0044)
wall of tile 33C41A (room 0x4e),wall of tile 30401A (room 0x4e),50.910,no,the far wall faces the other way (it belongs to floor which isn't linked here),
wall of tile 33C41A (room 0x4e),wall of tile 30411A (room 0x4e),47.537,no,the far wall faces the other way (it belongs to floor which isn't linked here),
wall of tile 33C41A (room 0x4e),door 0x1e8550 (preset 0x0044),9.624,no,the line between them touches another wall,door 0x1e8550 (preset 0x0044)
wall of tile 33C41A (room 0x4e),door 0x1e8550 (preset 0x0044),9.512,no,the line between them touches another wall,door 0x1e8550 (preset 0x0044)
wall of tile 33C41A (room 0x4e),door 0x1e8550 (preset 0x0044),0.980,no,"the line between them leaves the walkable area (a wall's thickness, or another floor)",
wall of tile 33C419 (room 0x4e),wall of tile 30D518 (room 0x4f),13.535,no,the line between them touches another wall,wall of tile 33C619 (room 0x4f)
wall of tile 33C419 (room 0x4e),wall of tile 325B1A (room 0x54),21.940,no,"the line between them leaves the walkable area (a wall's thickness, or another floor)",
wall of tile 33C419 (room 0x4e),wall of tile 30401A (room 0x4e),49.508,no,the far wall faces the other way (it belongs to floor which isn't linked here),
wall of tile 33C419 (room 0x4e),wall of tile 30411A (room 0x4e),47.903,no,the far wall faces the other way (it belongs to floor which isn't linked here),
wall of tile 33C419 (room 0x4e),wall of tile 304318 (room 0x4e),57.104,no,"the line between them leaves the walkable area (a wall's thickness, or another floor)",
wall of tile 33C419 (room 0x4e),door 0x1e8550 (preset 0x0044),10.164,no,"another wall pokes into the space between them, so a tighter pair covers this gap",wall of tile 33C619 (room 0x4f)
wall of tile 33C419 (room 0x4e),door 0x1e8550 (preset 0x0044),0.642,yes,,
wall of tile 33C419 (room 0x4e),door 0x1e8550 (preset 0x0044),0.642,yes,,
wall of tile 33C419 (room 0x4e),door 0x1e8550 (preset 0x0044),0.647,no,"another wall pokes into the space between them, so a tighter pair covers this gap",door 0x1e8550 (preset 0x0044)
wall of tile 2D0210 (room 0x42),wall of tile 30D518 (room 0x4f),29.980,no,"the line between them leaves the walkable area (a wall's thickness, or another floor)",
wall of tile 2D0210 (room 0x42),wall of tile 30D518 (room 0x4f),29.980,no,"the line between them leaves the walkable area (a wall's thickness, or another floor)",
wall of tile 2D0210 (room 0x42),wall of tile 30401A (room 0x4e),49.508,no,the far wall faces the other way (it belongs to floor which isn't linked here),
wall of tile 2D0210 (room 0x42),wall of tile 304119 (room 0x4e),28.682,no,"the line between them leaves the walkable area (a wall's thickness, or another floor)",
wall of tile 2D0210 (room 0x42),wall of tile 30C618 (room 0x4e),49.914,no,"the line between them leaves the walkable area (a wall's thickness, or another floor)",
wall of tile 2D0210 (room 0x42),door 0x1e8550 (preset 0x0044),27.631,no,"the line between them leaves the walkable area (a wall's thickness, or another floor)",
wall of tile 2D0210 (room 0x42),door 0x1e8550 (preset 0x0044),13.509,no,"the line between them leaves the walkable area (a wall's thickness, or another floor)",
wall of tile 2D0210 (room 0x42),door 0x1e8550 (preset 0x0044),13.507,no,"the line between them leaves the walkable area (a wall's thickness, or another floor)",
wall of tile 2D0210 (room 0x42),door 0x1e8550 (preset 0x0044),13.507,no,"the line between them leaves the walkable area (a wall's thickness, or another floor)",
wall of tile 2D0B11 (room 0x42),wall of tile 30EA1A (room 0x4f),36.569,no,"the line between them leaves the walkable area (a wall's thickness, or another floor)",
wall of tile 2D0B11 (room 0x42),wall of tile 30F21A (room 0x4e),0.298,no,the far wall faces the other way (it belongs to floor which isn't linked here),
wall of tile 2D0B11 (room 0x42),wall of tile 304019 (room 0x4e),0.298,no,the far wall faces the other way (it belongs to floor which isn't linked here),
wall of tile 2D0B11 (room 0x42),wall of tile 30401A (room 0x4e),50.910,no,the far wall faces the other way (it belongs to floor which isn't linked here),
wall of tile 2D0B11 (room 0x42),door 0x1e8550 (preset 0x0044),27.061,no,"the line between them leaves the walkable area (a wall's thickness, or another floor)",
wall of tile 2D0B11 (room 0x42),door 0x1e8550 (preset 0x0044),27.063,no,"the line between them leaves the walkable area (a wall's thickness, or another floor)",
wall of tile 2D0B11 (room 0x42),door 0x1e8550 (preset 0x0044),12.938,no,"the line between them leaves the walkable area (a wall's thickness, or another floor)",
wall of tile 2D0B11 (room 0x42),door 0x1e8550 (preset 0x0044),12.938,no,"the line between them leaves the walkable area (a wall's thickness, or another floor)",
wall of tile 2D0B11 (room 0x42),glass 0x1e88a0 (preset 0x2753),13.173,no,"the line between them leaves the walkable area (a wall's thickness, or another floor)",
wall of tile 2D0B11 (room 0x42),glass 0x1e88a0 (preset 0x2753),14.924,no,"the line between them leaves the walkable area (a wall's thickness, or another floor)",
wall of tile 2D0B11 (room 0x42),glass 0x1e88a0 (preset 0x2753),13.173,no,"the line between them leaves the walkable area (a wall's thickness, or another floor)",
wall of tile 032210 (room 0x42),wall of tile 2D0010 (room 0x42),54.080,no,"the line between them leaves the walkable area (a wall's thickness, or another floor)",
wall of tile 032210 (room 0x42),wall of tile 325B1A (room 0x54),46.296,no,the far wall faces the other way (it belongs to floor which isn't linked here),
wall of tile 032210 (room 0x42),wall of tile 325E1A (room 0x54),27.425,no,the far wall faces the other way (it belongs to floor which isn't linked here),
wall of tile 032210 (room 0x42),wall of tile 147A18 (room 0x54),51.274,no,the far wall faces the other way (it belongs to floor which isn't linked here),
wall of tile 032210 (room 0x42),door 0x1e8150 (preset 0x0011),57.583,no,the far wall faces the other way (it belongs to floor which isn't linked here),
wall of tile 032210 (room 0x42),door 0x1e8150 (preset 0x0011),46.082,no,the far wall faces the other way (it belongs to floor which isn't linked here),
wall of tile 032210 (room 0x42),door 0x1e8150 (preset 0x0011),46.082,no,the far wall faces the other way (it belongs to floor which isn't linked here),
wall of tile 2D0010 (room 0x42),wall of tile 30D518 (room 0x4f),42.154,no,"the line between them leaves the walkable area (a wall's thickness, or another floor)",
wall of tile 2D0010 (room 0x42),wall of tile 30D518 (room 0x4f),42.154,no,"the line between them leaves the walkable area (a wall's thickness, or another floor)",
wall of tile 2D0010 (room 0x42),wall of tile 30401A (room 0x4e),9.420,no,the far wall faces the other way (it belongs to floor which isn't linked here),
wall of tile 2D0010 (room 0x42),wall of tile 30C618 (room 0x4e),49.914,no,"the line between them leaves the walkable area (a wall's thickness, or another floor)",
wall of tile 2D0010 (room 0x42),wall of tile 325B1A (room 0x54),46.296,no,the far wall faces the other way (it belongs to floor which isn't linked here),
wall of tile 2D0010 (room 0x42),wall of tile 325E1A (room 0x54),27.425,no,the far wall faces the other way (it belongs to floor which isn't linked here),
wall of tile 2D0010 (room 0x42),door 0x1e8150 (preset 0x0011),57.583,no,the far wall faces the other way (it belongs to floor which isn't linked here),
wall of tile 2D0010 (room 0x42),door 0x1e8150 (preset 0x0011),46.082,no,the far wall faces the other way (it belongs to floor which isn't linked here),
wall of tile 2D0010 (room 0x42),door 0x1e8150 (preset 0x0011),46.082,no,the far wall faces the other way (it belongs to floor which isn't linked here),
wall of tile 33C519 (room 0x4f),wall of tile 304419 (room 0x4e),18.402,no,the far wall faces the other way (it belongs to floor which isn't linked here),
wall of tile 33C519 (room 0x4f),wall of tile 304218 (room 0x4e),18.402,no,the far wall faces the other way (it belongs to floor which isn't linked here),
wall of tile 33C519 (room 0x4f),wall of tile 30C41A (room 0x4e),37.985,no,the far wall faces the other way (it belongs to floor which isn't linked here),
wall of tile 33C519 (room 0x4f),wall of tile 30A319 (room 0x4e),41.445,no,the far wall faces the other way (it belongs to floor which isn't linked here),
wall of tile 33C519 (room 0x4f),wall of tile 30A418 (room 0x4e),41.445,no,the far wall faces the other way (it belongs to floor which isn't linked here),
wall of tile 30D518 (room 0x4f),wall of tile 325B1A (room 0x54),3.507,no,"the line between them leaves the walkable area (a wall's thickness, or another floor)",
wall of tile 30D518 (room 0x4f),wall of tile 30411A (room 0x4e),34.064,no,the far wall faces the other way (it belongs to floor which isn't linked here),
wall of tile 30D518 (room 0x4f),wall of tile 304318 (room 0x4e),34.064,no,the far wall faces the other way (it belongs to floor which isn't linked here),
wall of tile 30D518 (room 0x4f),wall of tile 304419 (room 0x4e),53.601,no,the far wall faces the other way (it belongs to floor which isn't linked here),
wall of tile 30D518 (room 0x4f),wall of tile 30A319 (room 0x4e),53.100,no,the far wall faces the other way (it belongs to floor which isn't linked here),
wall of tile 30D518 (room 0x4f),wall of tile 30A218 (room 0x4e),53.100,no,the far wall faces the other way (it belongs to floor which isn't linked here),
wall of tile 30D518 (room 0x4f),door 0x1e8550 (preset 0x0044),3.723,no,"another wall pokes into the space between them, so a tighter pair covers this gap",wall of tile 33C619 (room 0x4f)
wall of tile 30D518 (room 0x4f),door 0x1e8550 (preset 0x0044),3.723,no,"another wall pokes into the space between them, so a tighter pair covers this gap",wall of tile 33C619 (room 0x4f)
wall of tile 30D518 (room 0x4f),door 0x1e8550 (preset 0x0044),17.609,no,"another wall pokes into the space between them, so a tighter pair covers this gap",wall of tile 33C419 (room 0x4e)
wall of tile 30D518 (room 0x4f),door 0x1e8550 (preset 0x0044),17.612,no,the line between them touches another wall,door 0x1e8550 (preset 0x0044)
wall of tile 30D518 (room 0x4f),wall of tile 325B1A (room 0x54),51.717,no,"the line between them leaves the walkable area (a wall's thickness, or another floor)",
wall of tile 30D518 (room 0x4f),wall of tile 30411A (room 0x4e),41.951,no,the far wall faces the other way (it belongs to floor which isn't linked here),
wall of tile 30D518 (room 0x4f),wall of tile 304318 (room 0x4e),20.837,no,the far wall faces the other way (it belongs to floor which isn't linked here),
wall of tile 30D518 (room 0x4f),wall of tile 304419 (room 0x4e),19.746,no,the far wall faces the other way (it belongs to floor which isn't linked here),
wall of tile 30D518 (room 0x4f),wall of tile 30A319 (room 0x4e),42.784,no,the far wall faces the other way (it belongs to floor which isn't linked here),
wall of tile 30D518 (room 0x4f),wall of tile 30A218 (room 0x4e),43.883,no,the far wall faces the other way (it belongs to floor which isn't linked here),
wall of tile 30E919 (room 0x4f),wall of tile 275018 (room 0x53),3.854,no,the far wall faces the other way (it belongs to floor which isn't linked here),
wall of tile 30EA1A (room 0x4f),wall of tile 30F21A (room 0x4e),36.717,no,"the line between them leaves the walkable area (a wall's thickness, or another floor)",
wall of tile 30EA1A (room 0x4f),wall of tile 304019 (room 0x4e),47.853,no,"the line between them leaves the walkable area (a wall's thickness, or another floor)",
wall of tile 325B1A (room 0x54),wall of tile 30411A (room 0x4e),37.664,no,the far wall faces the other way (it belongs to floor which isn't linked here),
wall of tile 325B1A (room 0x54),wall of tile 304318 (room 0x4e),38.758,no,the far wall faces the other way (it belongs to floor which isn't linked here),
wall of tile 325B1A (room 0x54),wall of tile 30A319 (room 0x4e),57.104,no,the far wall faces the other way (it belongs to floor which isn't linked here),
wall of tile 325B1A (room 0x54),wall of tile 30A218 (room 0x4e),56.679,no,the far wall faces the other way (it belongs to floor which isn't linked here),
wall of tile 325B1A (room 0x54),door 0x1e8150 (preset 0x0011),0.364,no,"the line between them leaves the walkable area (a wall's thickness, or another floor)",
wall of tile 325B1A (room 0x54),door 0x1e8550 (preset 0x0044),23.034,no,the far wall faces the other way (it belongs to floor which isn't linked here),
wall of tile 325B1A (room 0x54),door 0x1e8550 (preset 0x0044),23.005,no,the far wall faces the other way (it belongs to floor which isn't linked here),
wall of tile 325B1A (room 0x54),door 0x1e8550 (preset 0x0044),23.005,no,the far wall faces the other way (it belongs to floor which isn't linked here),
wall of tile 325B1A (room 0x54),door 0x1e8550 (preset 0x0044),23.010,no,the far wall faces the other way (it belongs to floor which isn't linked here),
wall of tile 325E1A (room 0x54),door 0x1e8150 (preset 0x0011),13.530,no,"the line between them leaves the walkable area (a wall's thickness, or another floor)",
wall of tile 325E1A (room 0x54),door 0x1e8150 (preset 0x0011),0.364,no,"the line between them leaves the walkable area (a wall's thickness, or another floor)",
wall of tile 325E1A (room 0x54),door 0x1e8150 (preset 0x0011),0.000,no,"the line between them leaves the walkable area (a wall's thickness, or another floor)",
wall of tile 325E19 (room 0x54),door 0x1e8050 (preset 0x0010),10.158,no,"the line between them leaves the walkable area (a wall's thickness, or another floor)",
wall of tile 325E19 (room 0x54),door 0x1e8050 (preset 0x0010),1.058,no,"the line between them leaves the walkable area (a wall's thickness, or another floor)",
wall of tile 325E19 (room 0x54),door 0x1e8050 (preset 0x0010),1.058,no,"the line between them leaves the walkable area (a wall's thickness, or another floor)",
wall of tile 147618 (room 0x54),wall of tile 147218 (room 0x54),50.097,no,the line between them touches another wall,wall of tile 146E1A (room 0x54)
wall of tile 1A681A (room 0x55),wall of tile 153F19 (room 0x56),52.918,no,"another wall pokes into the space between them, so a tighter pair covers this gap",wall of tile 153F1A (room 0x56)
wall of tile 32F21A (room 0x56),wall of tile 14A219 (room 0x56),52.918,no,"another wall pokes into the space between them, so a tighter pair covers this gap",wall of tile 32F219 (room 0x56)
wall of tile 31351A (room 0x57),wall of tile 16A119 (room 0x5a),51.539,no,the line between them touches another wall,wall of tile 16A11A (room 0x5a)
wall of tile 331A1A (room 0x5a),wall of tile 160419 (room 0x5a),51.535,no,"the line between them leaves the walkable area (a wall's thickness, or another floor)",
wall of tile 0F851A (room 0x5b),generic 0x1e4a70 (preset 0x273d),55.603,no,"another wall pokes into the space between them, so a tighter pair covers this gap",wall of tile 0F6718 (room 0x5b)
wall of tile 0F851A (room 0x5b),generic 0x1e4a70 (preset 0x273d),58.255,no,"another wall pokes into the space between them, so a tighter pair covers this gap",generic 0x1e4a70 (preset 0x273d)
wall of tile 0F851A (room 0x5b),generic 0x1e4a70 (preset 0x273d),58.255,no,the line between them touches another wall,generic 0x1e4a70 (preset 0x273d)
wall of tile 0F6718 (room 0x5b),generic 0x1e4a70 (preset 0x273d),55.509,yes,,
wall of tile 0F6718 (room 0x5b),generic 0x1e4a70 (preset 0x273d),55.509,yes,,
wall of tile 0F6718 (room 0x5b),generic 0x1e4a70 (preset 0x273d),58.255,no,"another wall pokes into the space between them, so a tighter pair covers this gap",generic 0x1e4a70 (preset 0x273d)
wall of tile 0F6718 (room 0x5b),generic 0x1e4a70 (preset 0x273d),58.255,no,the line between them touches another wall,generic 0x1e4a70 (preset 0x273d)
wall of tile 0F6218 (room 0x5b),wall of tile 0FC410 (room 0x43),51.361,no,the far wall faces the other way (it belongs to floor which isn't linked here),
wall of tile 2C4218 (room 0x5b),wall of tile 0ED918 (room 0x5b),17.120,no,the line between them touches another wall,wall of tile 2C4018 (room 0x5b)
wall of tile 2C4218 (room 0x5b),door 0x1e7f50 (preset 0x000f),25.681,no,"the line between them leaves the walkable area (a wall's thickness, or another floor)",
wall of tile 2C4218 (room 0x5b),door 0x1e7f50 (preset 0x000f),16.897,no,"another wall pokes into the space between them, so a tighter pair covers this gap",wall of tile 2C4018 (room 0x5b)
wall of tile 2C4218 (room 0x5b),door 0x1e7f50 (preset 0x000f),16.897,no,"another wall pokes into the space between them, so a tighter pair covers this gap",wall of tile 2C4018 (room 0x5b)
wall of tile 2C4118 (room 0x5b),wall of tile 0ED818 (room 0x5b),17.120,no,the line between them touches another wall,wall of tile 2C3F18 (room 0x5b)
wall of tile 2C4118 (room 0x5b),wall of tile 0FC410 (room 0x43),25.681,no,"the line between them leaves the walkable area (a wall's thickness, or another floor)",
wall of tile 2C4118 (room 0x5b),wall of tile 2D1110 (room 0x43),27.070,no,"the line between them leaves the walkable area (a wall's thickness, or another floor)",
wall of tile 2C4118 (room 0x5b),door 0x1e7e50 (preset 0x000e),25.681,no,"the line between them leaves the walkable area (a wall's thickness, or another floor)",
wall of tile 2C4118 (room 0x5b),door 0x1e7e50 (preset 0x000e),16.894,no,"another wall pokes into the space between them, so a tighter pair covers this gap",wall of tile 2C3F18 (room 0x5b)
wall of tile 2C4118 (room 0x5b),door 0x1e7e50 (preset 0x000e),16.894,no,"another wall pokes into the space between them, so a tighter pair covers this gap",wall of tile 2C3F18 (room 0x5b)
wall of tile 2C3F18 (room 0x5b),wall of tile 0FC410 (room 0x43),25.681,no,"the line between them leaves the walkable area (a wall's thickness, or another floor)",
wall of tile 2C3F18 (room 0x5b),wall of tile 2D1110 (room 0x43),25.681,no,"the line between them leaves the walkable area (a wall's thickness, or another floor)",
wall of tile 2C3F18 (room 0x5b),door 0x1e7e50 (preset 0x000e),8.560,no,"the line between them leaves the walkable area (a wall's thickness, or another floor)",
wall of tile 2C3F18 (room 0x5b),door 0x1e7e50 (preset 0x000e),0.000,no,"another wall pokes into the space between them, so a tighter pair covers this gap",door 0x1e7e50 (preset 0x000e)
wall of tile 0ED818 (room 0x5b),wall of tile 33A919 (room 0x4c),25.681,no,the far wall faces the other way (it belongs to floor which isn't linked here),
wall of tile 0ED818 (room 0x5b),wall of tile 33C019 (room 0x4b),25.681,no,the far wall faces the other way (it belongs to floor which isn't linked here),
wall of tile 0ED818 (room 0x5b),wall of tile 2EC419 (room 0x4b),38.521,no,the far wall faces the other way (it belongs to floor which isn't linked here),
wall of tile 0ED818 (room 0x5b),wall of tile 2EC618 (room 0x4b),38.758,no,the far wall faces the other way (it belongs to floor which isn't linked here),
wall of tile 0ED818 (room 0x5b),wall of tile 2E4F19 (room 0x4b),55.806,no,the far wall faces the other way (it belongs to floor which isn't linked here),
wall of tile 0ED818 (room 0x5b),wall of tile 2E4E18 (room 0x4b),55.641,no,the far wall faces the other way (it belongs to floor which isn't linked here),
wall of tile 0ED818 (room 0x5b),wall of tile 0FC410 (room 0x43),27.070,no,"the line between them leaves the walkable area (a wall's thickness, or another floor)",
wall of tile 0ED818 (room 0x5b),wall of tile 2D1110 (room 0x43),27.070,no,"the line between them leaves the walkable area (a wall's thickness, or another floor)",
wall of tile 0ED818 (room 0x5b),wall of tile 0EC818 (room 0x59),25.681,no,the line between them touches another wall,wall of tile 0EC918 (room 0x59)
wall of tile 0ED818 (room 0x5b),wall of tile 2E7518 (room 0x4c),47.275,no,"the line between them leaves the walkable area (a wall's thickness, or another floor)",
wall of tile 0ED818 (room 0x5b),wall of tile 2E7518 (room 0x4c),4.280,no,the far wall faces the other way (it belongs to floor which isn't linked here),
wall of tile 0ED818 (room 0x5b),door 0x1e7e50 (preset 0x000e),0.227,no,the line between them touches another wall,door 0x1e7e50 (preset 0x000e)
wall of tile 0ED818 (room 0x5b),door 0x1e7e50 (preset 0x000e),0.000,no,"the line between them leaves the walkable area (a wall's thickness, or another floor)",
wall of tile 0ED818 (room 0x5b),door 0x1e8450 (preset 0x0041),25.675,no,the far wall faces the other way (it belongs to floor which isn't linked here),
wall of tile 0ED818 (room 0x5b),door 0x1e8450 (preset 0x0041),25.675,no,the far wall faces the other way (it belongs to floor which isn't linked here),
wall of tile 0ED818 (room 0x5b),door 0x1e8450 (preset 0x0041),25.681,no,the far wall faces the other way (it belongs to floor which isn't linked here),
wall of tile 0ED818 (room 0x5b),door 0x1e8450 (preset 0x0041),25.675,no,the far wall faces the other way (it belongs to floor which isn't linked here),
wall of tile 0EC918 (room 0x59),wall of tile 33A919 (room 0x4c),25.681,no,the far wall faces the other way (it belongs to floor which isn't linked here),
wall of tile 0EC918 (room 0x59),wall of tile 33C019 (room 0x4b),27.070,no,the far wall faces the other way (it belongs to floor which isn't linked here),
wall of tile 0EC918 (room 0x59),wall of tile 2EC419 (room 0x4b),38.521,no,the far wall faces the other way (it belongs to floor which isn't linked here),
wall of tile 0EC918 (room 0x59),wall of tile 2EC618 (room 0x4b),38.521,no,the far wall faces the other way (it belongs to floor which isn't linked here),
wall of tile 0EC918 (room 0x59),wall of tile 2EC719 (room 0x4b),55.641,no,the line between them touches another wall,wall of tile 0EC818 (room 0x59)
wall of tile 0EC918 (room 0x59),wall of tile 2E4F19 (room 0x4b),55.641,no,the far wall faces the other way (it belongs to floor which isn't linked here),
wall of tile 0EC918 (room 0x59),wall of tile 2E4E18 (room 0x4b),55.641,no,the far wall faces the other way (it belongs to floor which isn't linked here),
wall of tile 0EC918 (room 0x59),wall of tile 2D1211 (room 0x43),25.681,no,"the line between them leaves the walkable area (a wall's thickness, or another floor)",
wall of tile 0EC918 (room 0x59),wall of tile 2C3711 (room 0x47),55.382,no,"the line between them leaves the walkable area (a wall's thickness, or another floor)",
wall of tile 0EC918 (room 0x59),wall of tile 2E6612 (room 0x47),57.423,no,"the line between them leaves the walkable area (a wall's thickness, or another floor)",
wall of tile 0EC918 (room 0x59),wall of tile 2E7518 (room 0x4c),21.824,no,"the line between them leaves the walkable area (a wall's thickness, or another floor)",
wall of tile 0EC918 (room 0x59),wall of tile 2E7518 (room 0x4c),4.280,no,the far wall faces the other way (it belongs to floor which isn't linked here),
wall of tile 0EC918 (room 0x59),door 0x1e8450 (preset 0x0041),25.675,no,the far wall faces the other way (it belongs to floor which isn't linked here),
wall of tile 0EC918 (room 0x59),door 0x1e8450 (preset 0x0041),25.675,no,the far wall faces the other way (it belongs to floor which isn't linked here),
wall of tile 0EC918 (room 0x59),door 0x1e8450 (preset 0x0041),25.681,no,the far wall faces the other way (it belongs to floor which isn't linked here),
wall of tile 0EC918 (room 0x59),door 0x1e8450 (preset 0x0041),30.861,no,the far wall faces the other way (it belongs to floor which isn't linked here),
wall of tile 0EC218 (room 0x59),wall of tile 2E761A (room 0x4c),4.280,no,the far wall faces the other way (it belongs to floor which isn't linked here),
wall of tile 0EC218 (room 0x59),wall of tile 2EC419 (room 0x4b),38.521,no,the far wall faces the other way (it belongs to floor which isn't linked here),
wall of tile 0EC218 (room 0x59),wall of tile 2EBC18 (room 0x4b),55.641,no,the far wall faces the other way (it belongs to floor which isn't linked here),
wall of tile 0EC218 (room 0x59),wall of tile 2EBB1A (room 0x4b),38.521,no,the far wall faces the other way (it belongs to floor which isn't linked here),
wall of tile 0EC218 (room 0x59),wall of tile 2E4E18 (room 0x4b),55.641,no,the far wall faces the other way (it belongs to floor which isn't linked here),
wall of tile 0EC218 (room 0x59),wall of tile 2E4E18 (room 0x4b),55.641,no,the far wall faces the other way (it belongs to floor which isn't linked here),
wall of tile 0EC218 (room 0x59),wall of tile 2D1012 (room 0x43),25.681,no,"the line between them leaves the walkable area (a wall's thickness, or another floor)",
wall of tile 0EC218 (room 0x59),glass 0x1e880c (preset 0x2750),9.811,no,"the line between them leaves the walkable area (a wall's thickness, or another floor)",
wall of tile 0EC218 (room 0x59),glass 0x1e880c (preset 0x2750),10.178,no,"the line between them leaves the walkable area (a wall's thickness, or another floor)",
wall of tile 0EC218 (room 0x59),glass 0x1e880c (preset 0x2750),9.811,no,"the line between them leaves the walkable area (a wall's thickness, or another floor)",
wall of tile 0ECA18 (room 0x59),wall of tile 0EEC19 (room 0x58),25.681,no,the line between them touches another wall,wall of tile 0EFE19 (room 0x59)
wall of tile 0ECA18 (room 0x59),wall of tile 0EF41A (room 0x58),36.318,no,"the line between them leaves the walkable area (a wall's thickness, or another floor)",
wall of tile 0ECA18 (room 0x59),wall of tile 0EF819 (room 0x58),57.423,no,"the line between them leaves the walkable area (a wall's thickness, or another floor)",
wall of tile 0ECA18 (room 0x59),wall of tile 33A718 (room 0x4c),40.378,no,"the line between them leaves the walkable area (a wall's thickness, or another floor)",
wall of tile 0ECA18 (room 0x59),wall of tile 2E7418 (room 0x4c),21.400,no,"the line between them leaves the walkable area (a wall's thickness, or another floor)",
wall of tile 0ECA18 (room 0x59),wall of tile 2CCC10 (room 0x47),55.641,no,"the line between them leaves the walkable area (a wall's thickness, or another floor)",
wall of tile 0EFE19 (room 0x59),wall of tile 0EF41A (room 0x58),25.681,no,the line between them touches another wall,wall of tile 0EEC19 (room 0x58)
wall of tile 0EFE19 (room 0x59),wall of tile 0EF819 (room 0x58),51.361,no,the line between them touches another wall,wall of tile 0EEC19 (room 0x58)
wall of tile 0EFD1A (room 0x59),wall of tile 0EF419 (room 0x58),25.681,no,the line between them touches another wall,wall of tile 0EEC1A (room 0x58)
wall of tile 0EFD1A (room 0x59),wall of tile 0EF81A (room 0x58),51.361,no,the line between them touches another wall,wall of tile 0EEC1A (room 0x58)
wall of tile 0EFD1A (room 0x59),wall of tile 2EC419 (room 0x4b),46.296,no,the far wall faces the other way (it belongs to floor which isn't linked here),
wall of tile 0EFD1A (room 0x59),wall of tile 2EBC18 (room 0x4b),55.806,no,the far wall faces the other way (it belongs to floor which isn't linked here),
wall of tile 0EFD1A (room 0x59),wall of tile 2EBB1A (room 0x4b),46.296,no,the far wall faces the other way (it belongs to floor which isn't linked here),
wall of tile 0EFD1A (room 0x59),wall of tile 2D1012 (room 0x43),25.681,no,"the line between them leaves the walkable area (a wall's thickness, or another floor)",
wall of tile 0EFD1A (room 0x59),wall of tile 0ED918 (room 0x5b),55.641,no,the line between them touches another wall,wall of tile 0EC218 (room 0x59)
wall of tile 0EFD1A (room 0x59),glass 0x1e880c (preset 0x2750),9.351,no,"the line between them leaves the walkable area (a wall's thickness, or another floor)",
wall of tile 0EFD1A (room 0x59),glass 0x1e880c (preset 0x2750),57.088,no,"the line between them leaves the walkable area (a wall's thickness, or another floor)",
wall of tile 0EFD1A (room 0x59),glass 0x1e880c (preset 0x2750),9.390,no,"the line between them leaves the walkable area (a wall's thickness, or another floor)",
wall of tile 0EFD1A (room 0x59),glass 0x1e880c (preset 0x2750),9.351,no,"the line between them leaves the walkable area (a wall's thickness, or another floor)",
wall of tile 0EEC19 (room 0x58),wall of tile 0EF819 (room 0x58),25.681,no,the line between them touches another wall,wall of tile 0EF41A (room 0x58)
wall of tile 0EEC19 (room 0x58),wall of tile 0EFC19 (room 0x58),55.641,no,the line between them touches another wall,wall of tile 0EF41A (room 0x58)
wall of tile 0EEC1A (room 0x58),wall of tile 0EF81A (room 0x58),25.681,no,the line between them touches another wall,wall of tile 0EF419 (room 0x58)
wall of tile 0EEC1A (room 0x58),wall of tile 0EFC1A (room 0x58),55.641,no,the line between them touches another wall,wall of tile 0EF419 (room 0x58)
wall of tile 0EEC1A (room 0x58),wall of tile 2D1012 (room 0x43),29.961,no,"the line between them leaves the walkable area (a wall's thickness, or another floor)",
wall of tile 0EEC1A (room 0x58),glass 0x1e880c (preset 0x2750),12.965,no,"the line between them leaves the walkable area (a wall's thickness, or another floor)",
wall of tile 0EEC1A (room 0x58),glass 0x1e880c (preset 0x2750),32.582,no,"the line between them leaves the walkable area (a wall's thickness, or another floor)",
wall of tile 0EEC1A (room 0x58),glass 0x1e880c (preset 0x2750),12.970,no,"the line between them leaves the walkable area (a wall's thickness, or another floor)",
wall of tile 0EF41A (room 0x58),wall of tile 0EFC19 (room 0x58),29.961,no,the line between them touches another wall,wall of tile 0EF819 (room 0x58)
wall of tile 0EF41A (room 0x58),wall of tile 0EFB19 (room 0x58),55.641,no,the line between them touches another wall,wall of tile 0EF819 (room 0x58)
wall of tile 0EF419 (room 0x58),wall of tile 0EFC1A (room 0x58),29.961,no,the line between them touches another wall,wall of tile 0EF81A (room 0x58)
wall of tile 0EF419 (room 0x58),wall of tile 0EFB1A (room 0x58),55.641,no,the line between them touches another wall,wall of tile 0EF81A (room 0x58)
wall of tile 0EF419 (room 0x58),wall of tile 2D1012 (room 0x43),29.961,no,"the line between them leaves the walkable area (a wall's thickness, or another floor)",
wall of tile 0EF419 (room 0x58),glass 0x1e880c (preset 0x2750),12.858,no,"the line between them leaves the walkable area (a wall's thickness, or another floor)",
wall of tile 0EF419 (room 0x58),glass 0x1e880c (preset 0x2750),13.530,no,"the line between them leaves the walkable area (a wall's thickness, or another floor)",
wall of tile 0EF419 (room 0x58),glass 0x1e880c (preset 0x2750),12.863,no,"the line between them leaves the walkable area (a wall's thickness, or another floor)",
wall of tile 0EF819 (room 0x58),wall of tile 0EFB19 (room 0x58),25.681,no,the line between them touches another wall,wall of tile 0EFC19 (room 0x58)
wall of tile 0EF819 (room 0x58),wall of tile 0EFA19 (room 0x58),51.361,no,the line between them touches another wall,wall of tile 0EFC19 (room 0x58)
wall of tile 0EF81A (room 0x58),wall of tile 0EFB1A (room 0x58),25.681,no,the line between them touches another wall,wall of tile 0EFC1A (room 0x58)
wall of tile 0EF81A (room 0x58),wall of tile 0EFA1A (room 0x58),51.361,no,the line between them touches another wall,wall of tile 0EFC1A (room 0x58)
wall of tile 0EF81A (room 0x58),wall of tile 316D19 (room 0x4b),45.498,no,"the line between them leaves the walkable area (a wall's thickness, or another floor)",
wall of tile 0EF81A (room 0x58),wall of tile 2EC319 (room 0x4b),45.498,no,"the line between them leaves the walkable area (a wall's thickness, or another floor)",
wall of tile 0EF81A (room 0x58),wall of tile 2D1012 (room 0x43),39.460,no,"the line between them leaves the walkable area (a wall's thickness, or another floor)",
wall of tile 0EF81A (room 0x58),wall of tile 2D1012 (room 0x43),29.961,no,"the line between them leaves the walkable area (a wall's thickness, or another floor)",
wall of tile 0EF81A (room 0x58),glass 0x1e880c (preset 0x2750),12.840,no,"the line between them leaves the walkable area (a wall's thickness, or another floor)",
wall of tile 0EF81A (room 0x58),glass 0x1e880c (preset 0x2750),12.840,no,"the line between them leaves the walkable area (a wall's thickness, or another floor)",
wall of tile 0EF81A (room 0x58),glass 0x1e880c (preset 0x2750),12.841,no,"the line between them leaves the walkable area (a wall's thickness, or another floor)",
wall of tile 0EFC19 (room 0x58),wall of tile 0EFA19 (room 0x58),25.681,no,the line between them touches another wall,wall of tile 0EFB19 (room 0x58)
wall of tile 0EFC19 (room 0x58),wall of tile 0FBB1A (room 0x58),51.361,no,the line between them touches another wall,wall of tile 0EFB19 (room 0x58)
wall of tile 0EFC19 (room 0x58),wall of tile 0FBC1A (room 0x58),57.423,no,"the line between them leaves the walkable area (a wall's thickness, or another floor)",
wall of tile 0EFC19 (room 0x58),wall of tile 2E7619 (room 0x4c),51.361,no,the line between them touches another wall,wall of tile 0EFB19 (room 0x58)
wall of tile 0EFC1A (room 0x58),wall of tile 0EFA1A (room 0x58),25.681,no,the line between them touches another wall,wall of tile 0EFB1A (room 0x58)
wall of tile 0EFC1A (room 0x58),wall of tile 0EF919 (room 0x58),51.361,no,the line between them touches another wall,wall of tile 0EFB1A (room 0x58)
wall of tile 0EFC1A (room 0x58),wall of tile 2E7619 (room 0x4c),51.361,no,the line between them touches another wall,wall of tile 0EFB1A (room 0x58)
wall of tile 0EFC1A (room 0x58),wall of tile 316D19 (room 0x4b),31.160,no,"the line between them leaves the walkable area (a wall's thickness, or another floor)",
wall of tile 0EFC1A (room 0x58),wall of tile 2EC319 (room 0x4b),31.160,no,"the line between them leaves the walkable area (a wall's thickness, or another floor)",
wall of tile 0EFC1A (room 0x58),wall of tile 2D1012 (room 0x43),29.961,no,"the line between them leaves the walkable area (a wall's thickness, or another floor)",
wall of tile 0EFC1A (room 0x58),wall of tile 2D1012 (room 0x43),29.961,no,"the line between them leaves the walkable area (a wall's thickness, or another floor)",
wall of tile 0EFC1A (room 0x58),glass 0x1e880c (preset 0x2750),28.726,no,"the line between them leaves the walkable area (a wall's thickness, or another floor)",
wall of tile 0EFC1A (room 0x58),glass 0x1e880c (preset 0x2750),27.874,no,"the line between them leaves the walkable area (a wall's thickness, or another floor)",
wall of tile 0EFC1A (room 0x58),glass 0x1e880c (preset 0x2750),27.874,no,"the line between them leaves the walkable area (a wall's thickness, or another floor)",
wall of tile 0EFB1A (room 0x58),wall of tile 0EF919 (room 0x58),25.681,no,the line between them touches another wall,wall of tile 0EFA1A (room 0x58)
wall of tile 0EFB1A (room 0x58),wall of tile 2E7619 (room 0x4c),25.681,no,the line between them touches another wall,wall of tile 0EFA1A (room 0x58)
wall of tile 0EFB1A (room 0x58),wall of tile 316D19 (room 0x4b),29.961,no,"the line between them leaves the walkable area (a wall's thickness, or another floor)",
wall of tile 0EFB1A (room 0x58),wall of tile 2EC319 (room 0x4b),29.961,no,"the line between them leaves the walkable area (a wall's thickness, or another floor)",
wall of tile 0EFB1A (room 0x58),wall of tile 2D1012 (room 0x43),29.961,no,"the line between them leaves the walkable area (a wall's thickness, or another floor)",
wall of tile 0EFB1A (room 0x58),wall of tile 2D1012 (room 0x43),29.961,no,"the line between them leaves the walkable area (a wall's thickness, or another floor)",
wall of tile 0EFB1A (room 0x58),glass 0x1e880c (preset 0x2750),52.957,no,"the line between them leaves the walkable area (a wall's thickness, or another floor)",
wall of tile 0EFB1A (room 0x58),glass 0x1e880c (preset 0x2750),52.030,no,"the line between them leaves the walkable area (a wall's thickness, or another floor)",
wall of tile 0EFB1A (room 0x58),glass 0x1e880c (preset 0x2750),52.030,no,"the line between them leaves the walkable area (a wall's thickness, or another floor)",
wall of tile 0EFB19 (room 0x58),wall of tile 0FBB1A (room 0x58),25.681,no,the line between them touches another wall,wall of tile 0EFA19 (room 0x58)
wall of tile 0EFB19 (room 0x58),wall of tile 0FBC1A (room 0x58),36.318,no,"the line between them leaves the walkable area (a wall's thickness, or another floor)",
wall of tile 0EFB19 (room 0x58),wall of tile 2E7619 (room 0x4c),25.681,no,the line between them touches another wall,wall of tile 0EFA19 (room 0x58)
wall of tile 0EFA19 (room 0x58),wall of tile 0FBC1A (room 0x58),25.681,no,the line between them touches another wall,wall of tile 0FBB1A (room 0x58)
wall of tile 0EFA19 (room 0x58),wall of tile 0FBD1A (room 0x58),55.641,no,the line between them touches another wall,wall of tile 0FBB1A (room 0x58)
wall of tile 0EFA1A (room 0x58),wall of tile 316D19 (room 0x4b),34.507,no,"the line between them leaves the walkable area (a wall's thickness, or another floor)",
wall of tile 0EFA1A (room 0x58),wall of tile 2EC319 (room 0x4b),34.507,no,"the line between them leaves the walkable area (a wall's thickness, or another floor)",
wall of tile 0EFA1A (room 0x58),wall of tile 2D1012 (room 0x43),39.460,no,"the line between them leaves the walkable area (a wall's thickness, or another floor)",
wall of tile 0EFA1A (room 0x58),wall of tile 2D1012 (room 0x43),39.460,no,"the line between them leaves the walkable area (a wall's thickness, or another floor)",
wall of tile 0EF919 (room 0x58),wall of tile 316D19 (room 0x4b),52.245,no,"the line between them leaves the walkable area (a wall's thickness, or another floor)",
wall of tile 0EF919 (room 0x58),wall of tile 316D1A (room 0x4b),29.961,no,"the line between them leaves the walkable area (a wall's thickness, or another floor)",
wall of tile 0EF919 (room 0x58),wall of tile 2EC319 (room 0x4b),52.245,no,"the line between them leaves the walkable area (a wall's thickness, or another floor)",
wall of tile 0EF919 (room 0x58),wall of tile 2EC11A (room 0x4b),29.961,no,"the line between them leaves the walkable area (a wall's thickness, or another floor)",
wall of tile 0EF919 (room 0x58),wall of tile 2D1510 (room 0x43),45.498,no,"the line between them leaves the walkable area (a wall's thickness, or another floor)",
wall of tile 0EF919 (room 0x58),wall of tile 2D0F10 (room 0x43),29.961,no,"the line between them leaves the walkable area (a wall's thickness, or another floor)",
wall of tile 0EF919 (room 0x58),wall of tile 2D0F10 (room 0x43),29.961,no,"the line between them leaves the walkable area (a wall's thickness, or another floor)",
wall of tile 0EF919 (room 0x58),wall of tile 2CC911 (room 0x47),30.895,no,"the line between them leaves the walkable area (a wall's thickness, or another floor)",
wall of tile 0EF919 (room 0x58),wall of tile 2D1012 (room 0x43),57.503,no,"the line between them leaves the walkable area (a wall's thickness, or another floor)",
wall of tile 0EF919 (room 0x58),wall of tile 2D1012 (room 0x43),59.461,no,"the line between them leaves the walkable area (a wall's thickness, or another floor)",
wall of tile 0EF919 (room 0x58),wall of tile 0FBC19 (room 0x58),25.681,no,the line between them touches another wall,wall of tile 0FBB19 (room 0x58)
wall of tile 0EF919 (room 0x58),wall of tile 0FBD19 (room 0x58),55.641,no,the line between them touches another wall,wall of tile 0FBB19 (room 0x58)
wall of tile 0EF919 (room 0x58),wall of tile 316D1A (room 0x4b),52.245,no,"the line between them leaves the walkable area (a wall's thickness, or another floor)",
wall of tile 0EF919 (room 0x58),wall of tile 2EC11A (room 0x4b),52.245,no,"the line between them leaves the walkable area (a wall's thickness, or another floor)",
wall of tile 0EF919 (room 0x58),wall of tile 2D1510 (room 0x43),45.498,no,"the line between them leaves the walkable area (a wall's thickness, or another floor)",
wall of tile 0EF919 (room 0x58),wall of tile 2D0F10 (room 0x43),29.961,no,"the line between them leaves the walkable area (a wall's thickness, or another floor)",
wall of tile 0EF919 (room 0x58),wall of tile 2D0F10 (room 0x43),55.806,no,"the line between them leaves the walkable area (a wall's thickness, or another floor)",
wall of tile 0EF919 (room 0x58),wall of tile 2CC911 (room 0x47),30.895,no,"the line between them leaves the walkable area (a wall's thickness, or another floor)",
wall of tile 0FBB19 (room 0x58),wall of tile 0FBD19 (room 0x58),29.961,no,the line between them touches another wall,wall of tile 0FBC19 (room 0x58)
wall of tile 0FBB19 (room 0x58),wall of tile 0FB819 (room 0x58),55.641,no,the line between them touches another wall,wall of tile 0FBC19 (room 0x58)
wall of tile 0FBB19 (room 0x58),wall of tile 2CC911 (room 0x47),31.758,no,"the line between them leaves the walkable area (a wall's thickness, or another floor)",
wall of tile 0FBB1A (room 0x58),wall of tile 0FBD1A (room 0x58),29.961,no,the line between them touches another wall,wall of tile 0FBC1A (room 0x58)
wall of tile 0FBB1A (room 0x58),wall of tile 0FB81A (room 0x58),55.641,no,the line between them touches another wall,wall of tile 0FBC1A (room 0x58)
wall of tile 0FBC19 (room 0x58),wall of tile 0FB819 (room 0x58),25.681,no,the line between them touches another wall,wall of tile 0FBD19 (room 0x58)
wall of tile 0FBC19 (room 0x58),wall of tile 0FB919 (room 0x58),51.361,no,the line between them touches another wall,wall of tile 0FBD19 (room 0x58)
wall of tile 0FBC19 (room 0x58),wall of tile 2CC911 (room 0x47),31.974,no,"the line between them leaves the walkable area (a wall's thickness, or another floor)",
wall of tile 0FBC1A (room 0x58),wall of tile 0FB81A (room 0x58),25.681,no,the line between them touches another wall,wall of tile 0FBD1A (room 0x58)
wall of tile 0FBC1A (room 0x58),wall of tile 0FB91A (room 0x58),51.361,no,the line between them touches another wall,wall of tile 0FBD1A (room 0x58)
wall of tile 0FBD19 (room 0x58),wall of tile 0FB919 (room 0x58),25.681,no,the line between them touches another wall,wall of tile 0FB819 (room 0x58)
wall of tile 0FBD19 (room 0x58),wall of tile 0FBA19 (room 0x58),51.361,no,the line between them touches another wall,wall of tile 0FB819 (room 0x58)
wall of tile 0FBD19 (room 0x58),wall of tile 2CC911 (room 0x47),32.225,no,"the line between them leaves the walkable area (a wall's thickness, or another floor)",
wall of tile 0FBD1A (room 0x58),wall of tile 0FB91A (room 0x58),25.681,no,the line between them touches another wall,wall of tile 0FB81A (room 0x58)
wall of tile 0FBD1A (room 0x58),wall of tile 0FBA1A (room 0x58),51.361,no,the line between them touches another wall,wall of tile 0FB81A (room 0x58)
wall of tile 0FB819 (room 0x58),wall of tile 0FBA19 (room 0x58),25.681,no,the line between them touches another wall,wall of tile 0FB919 (room 0x58)
wall of tile 0FB819 (room 0x58),wall of tile 0EF019 (room 0x58),55.641,no,the line between them touches another wall,wall of tile 0FB919 (room 0x58)
wall of tile 0FB819 (room 0x58),wall of tile 2CC911 (room 0x47),32.441,no,"the line between them leaves the walkable area (a wall's thickness, or another floor)",
wall of tile 0FB81A (room 0x58),wall of tile 0FBA1A (room 0x58),25.681,no,the line between them touches another wall,wall of tile 0FB91A (room 0x58)
wall of tile 0FB81A (room 0x58),wall of tile 0FB71A (room 0x58),55.641,no,the line between them touches another wall,wall of tile 0FB91A (room 0x58)
wall of tile 0FB81A (room 0x58),wall of tile 2E7619 (room 0x4c),55.641,no,the line between them touches another wall,wall of tile 0FB91A (room 0x58)
wall of tile 0FB919 (room 0x58),wall of tile 0EF019 (room 0x58),29.961,no,the line between them touches another wall,wall of tile 0FBA19 (room 0x58)
wall of tile 0FB919 (room 0x58),wall of tile 2CC911 (room 0x47),32.657,no,"the line between them leaves the walkable area (a wall's thickness, or another floor)",
wall of tile 0FB91A (room 0x58),wall of tile 0FB71A (room 0x58),29.961,no,the line between them touches another wall,wall of tile 0FBA1A (room 0x58)
wall of tile 0FB91A (room 0x58),wall of tile 0EEE1A (room 0x58),39.460,no,"the line between them leaves the walkable area (a wall's thickness, or another floor)",
wall of tile 0FB91A (room 0x58),wall of tile 0EED1A (room 0x58),59.461,no,"the line between them leaves the walkable area (a wall's thickness, or another floor)",
wall of tile 0FB91A (room 0x58),wall of tile 2E7619 (room 0x4c),29.961,no,the line between them touches another wall,wall of tile 0FBA1A (room 0x58)
wall of tile 0FBA19 (room 0x58),wall of tile 2CC911 (room 0x47),32.873,no,"the line between them leaves the walkable area (a wall's thickness, or another floor)",
wall of tile 0FBA1A (room 0x58),wall of tile 0EEE1A (room 0x58),25.681,no,the line between them touches another wall,wall of tile 0FB71A (room 0x58)
wall of tile 0FBA1A (room 0x58),wall of tile 0EED1A (room 0x58),51.361,no,the line between them touches another wall,wall of tile 0FB71A (room 0x58)
wall of tile 0EF019 (room 0x58),wall of tile 2CCC10 (room 0x47),34.241,no,"the line between them leaves the walkable area (a wall's thickness, or another floor)",
wall of tile 0EF019 (room 0x58),wall of tile 2CC911 (room 0x47),33.125,no,"the line between them leaves the walkable area (a wall's thickness, or another floor)",
wall of tile 0EF019 (room 0x58),wall of tile 0EEE19 (room 0x58),25.681,no,the line between them touches another wall,wall of tile 0FB719 (room 0x58)
wall of tile 0EF019 (room 0x58),wall of tile 0EED19 (room 0x58),51.361,no,the line between them touches another wall,wall of tile 0FB719 (room 0x58)
wall of tile 0EF019 (room 0x58),wall of tile 2CCC10 (room 0x47),34.241,no,"the line between them leaves the walkable area (a wall's thickness, or another floor)",
wall of tile 0EF019 (room 0x58),wall of tile 2CC911 (room 0x47),33.952,no,"the line between them leaves the walkable area (a wall's thickness, or another floor)",
wall of tile 0FB719 (room 0x58),wall of tile 0EED19 (room 0x58),25.681,no,the line between them touches another wall,wall of tile 0EEE19 (room 0x58)
wall of tile 0FB719 (room 0x58),wall of tile 33A718 (room 0x4c),55.641,no,the line between them touches another wall,wall of tile 0EEE19 (room 0x58)
wall of tile 0FB719 (room 0x58),wall of tile 2CCC10 (room 0x47),34.241,no,"the line between them leaves the walkable area (a wall's thickness, or another floor)",
wall of tile 0FB71A (room 0x58),wall of tile 0EED1A (room 0x58),25.681,no,the line between them touches another wall,wall of tile 0EEE1A (room 0x58)
wall of tile 0EEE19 (room 0x58),wall of tile 33A718 (room 0x4c),29.961,no,the line between them touches another wall,wall of tile 0EED19 (room 0x58)
wall of tile 0EEE19 (room 0x58),wall of tile 2CCC10 (room 0x47),34.241,no,"the line between them leaves the walkable area (a wall's thickness, or another floor)",
wall of tile 0EEE1A (room 0x58),wall of tile 2E7619 (room 0x4c),25.681,no,the line between them touches another wall,wall of tile 0FB71A (room 0x58)
wall of tile 0EED19 (room 0x58),wall of tile 2E7418 (room 0x4c),42.801,no,the line between them touches another wall,wall of tile 33A718 (room 0x4c)
wall of tile 0EED19 (room 0x58),wall of tile 2CCC10 (room 0x47),34.241,no,"the line between them leaves the walkable area (a wall's thickness, or another floor)",
wall of tile 0EED1A (room 0x58),wall of tile 2E7619 (room 0x4c),51.361,no,the line between them touches another wall,wall of tile 0EEE1A (room 0x58)
wall of tile 33A718 (room 0x4c),wall of tile 2CCC10 (room 0x47),34.241,no,"the line between them leaves the walkable area (a wall's thickness, or another floor)",
wall of tile 33A718 (room 0x4c),wall of tile 0EC518 (room 0x59),40.378,no,the far wall faces the other way (it belongs to floor which isn't linked here),
wall of tile 2E761A (room 0x4c),wall of tile 33C01A (room 0x4b),12.840,no,the line between them touches another wall,wall of tile 33A91A (room 0x4c)
wall of tile 2E761A (room 0x4c),wall of tile 316D19 (room 0x4b),29.961,no,"the line between them leaves the walkable area (a wall's thickness, or another floor)",
wall of tile 2E761A (room 0x4c),wall of tile 2EC319 (room 0x4b),29.961,no,"the line between them leaves the walkable area (a wall's thickness, or another floor)",
wall of tile 2E761A (room 0x4c),wall of tile 2EC419 (room 0x4b),34.241,no,the far wall faces the other way (it belongs to floor which isn't linked here),
wall of tile 2E761A (room 0x4c),wall of tile 2EBC18 (room 0x4b),51.361,no,the far wall faces the other way (it belongs to floor which isn't linked here),
wall of tile 2E761A (room 0x4c),wall of tile 2EBB1A (room 0x4b),34.241,no,the far wall faces the other way (it belongs to floor which isn't linked here),
wall of tile 2E761A (room 0x4c),wall of tile 2E4E18 (room 0x4b),51.361,no,the far wall faces the other way (it belongs to floor which isn't linked here),
wall of tile 2E761A (room 0x4c),wall of tile 2E4E18 (room 0x4b),51.361,no,the far wall faces the other way (it belongs to floor which isn't linked here),
wall of tile 2E761A (room 0x4c),wall of tile 2D1012 (room 0x43),29.961,no,"the line between them leaves the walkable area (a wall's thickness, or another floor)",
wall of tile 2E761A (room 0x4c),wall of tile 2D1012 (room 0x43),29.961,no,"the line between them leaves the walkable area (a wall's thickness, or another floor)",
wall of tile 2E761A (room 0x4c),wall of tile 0ED918 (room 0x5b),4.280,no,"the line between them leaves the walkable area (a wall's thickness, or another floor)",
wall of tile 2E761A (room 0x4c),door 0x1e8450 (preset 0x0041),4.278,no,"another wall pokes into the space between them, so a tighter pair covers this gap",wall of tile 33A91A (room 0x4c)
wall of tile 2E761A (room 0x4c),door 0x1e8450 (preset 0x0041),4.278,no,"the line between them leaves the walkable area (a wall's thickness, or another floor)",
wall of tile 2E761A (room 0x4c),door 0x1e8450 (preset 0x0041),21.403,no,"the line between them leaves the walkable area (a wall's thickness, or another floor)",
wall of tile 2E761A (room 0x4c),door 0x1e8450 (preset 0x0041),21.405,no,the line between them touches another wall,door 0x1e8450 (preset 0x0041)
wall of tile 2E761A (room 0x4c),glass 0x1e880c (preset 0x2750),12.840,no,"the line between them leaves the walkable area (a wall's thickness, or another floor)",
wall of tile 2E761A (room 0x4c),glass 0x1e880c (preset 0x2750),12.840,no,"the line between them leaves the walkable area (a wall's thickness, or another floor)",
wall of tile 2E761A (room 0x4c),glass 0x1e880c (preset 0x2750),12.841,no,"the line between them leaves the walkable area (a wall's thickness, or another floor)",
wall of tile 2E761A (room 0x4c),glass 0x1e880c (preset 0x2750),13.505,no,"the line between them leaves the walkable area (a wall's thickness, or another floor)",
wall of tile 2E7619 (room 0x4c),wall of tile 316D19 (room 0x4b),52.245,no,"the line between them leaves the walkable area (a wall's thickness, or another floor)",
wall of tile 2E7619 (room 0x4c),wall of tile 2EC319 (room 0x4b),52.245,no,"the line between them leaves the walkable area (a wall's thickness, or another floor)",
wall of tile 2E7619 (room 0x4c),wall of tile 2D1012 (room 0x43),57.503,no,"the line between them leaves the walkable area (a wall's thickness, or another floor)",
wall of tile 2E7619 (room 0x4c),wall of tile 2D1012 (room 0x43),59.461,no,"the line between them leaves the walkable area (a wall's thickness, or another floor)",
wall of tile 2E7418 (room 0x4c),wall of tile 2EC719 (room 0x4b),59.921,no,the far wall faces the other way (it belongs to floor which isn't linked here),
wall of tile 2E7418 (room 0x4c),wall of tile 2EC518 (room 0x4b),38.521,no,the far wall faces the other way (it belongs to floor which isn't linked here),
wall of tile 2E7418 (room 0x4c),wall of tile 2EBE1A (room 0x4b),38.521,no,the far wall faces the other way (it belongs to floor which isn't linked here),
wall of tile 2E7418 (room 0x4c),wall of tile 2EBD1A (room 0x4b),38.521,no,the far wall faces the other way (it belongs to floor which isn't linked here),
wall of tile 2E7418 (room 0x4c),wall of tile 328B18 (room 0x4b),59.921,no,the far wall faces the other way (it belongs to floor which isn't linked here),
wall of tile 2E7418 (room 0x4c),wall of tile 2E4F19 (room 0x4b),59.921,no,the far wall faces the other way (it belongs to floor which isn't linked here),
wall of tile 2E7418 (room 0x4c),wall of tile 2E5018 (room 0x4b),59.921,no,the far wall faces the other way (it belongs to floor which isn't linked here),
wall of tile 2E7418 (room 0x4c),wall of tile 2E5018 (room 0x4b),59.921,no,the far wall faces the other way (it belongs to floor which isn't linked here),
wall of tile 2E7418 (room 0x4c),wall of tile 2C3711 (room 0x47),30.302,no,"the line between them leaves the walkable area (a wall's thickness, or another floor)",
wall of tile 2E7418 (room 0x4c),wall of tile 2CCC10 (room 0x47),34.241,no,"the line between them leaves the walkable area (a wall's thickness, or another floor)",
wall of tile 2E7418 (room 0x4c),wall of tile 2CCC10 (room 0x47),34.241,no,"the line between them leaves the walkable area (a wall's thickness, or another floor)",
wall of tile 2E7418 (room 0x4c),wall of tile 0EC718 (room 0x59),21.400,no,the far wall faces the other way (it belongs to floor which isn't linked here),
wall of tile 2E7418 (room 0x4c),wall of tile 0EC518 (room 0x59),21.400,no,the far wall faces the other way (it belongs to floor which isn't linked here),
wall of tile 2E7418 (room 0x4c),wall of tile 0EC818 (room 0x59),21.400,no,the far wall faces the other way (it belongs to floor which isn't linked here),
wall of tile 2E7418 (room 0x4c),generic 0x1e4b70 (preset 0x273f),21.268,no,the far wall faces the other way (it belongs to floor which isn't linked here),
wall of tile 2E7418 (room 0x4c),generic 0x1e4b70 (preset 0x273f),21.268,no,the far wall faces the other way (it belongs to floor which isn't linked here),
wall of tile 2E7418 (room 0x4c),generic 0x1e4b70 (preset 0x273f),21.268,no,the far wall faces the other way (it belongs to floor which isn't linked here),
wall of tile 2E7418 (room 0x4c),generic 0x1e4b70 (preset 0x273f),21.400,no,the far wall faces the other way (it belongs to floor which isn't linked here),
wall of tile 33A91A (room 0x4c),wall of tile 2EC419 (room 0x4b),34.241,no,the far wall faces the other way (it belongs to floor which isn't linked here),
wall of tile 33A91A (room 0x4c),wall of tile 2E4E18 (room 0x4b),51.361,no,the far wall faces the other way (it belongs to floor which isn't linked here),
wall of tile 33A91A (room 0x4c),wall of tile 2D1012 (room 0x43),17.120,no,the line between them touches another wall,wall of tile 33C01A (room 0x4b)
wall of tile 33A91A (room 0x4c),door 0x1e8450 (preset 0x0041),0.005,no,"the line between them leaves the walkable area (a wall's thickness, or another floor)",
wall of tile 33A91A (room 0x4c),door 0x1e8450 (preset 0x0041),8.563,no,"the line between them leaves the walkable area (a wall's thickness, or another floor)",
wall of tile 33A91A (room 0x4c),door 0x1e8450 (preset 0x0041),8.565,no,the line between them touches another wall,door 0x1e8450 (preset 0x0041)
wall of tile 33A919 (room 0x4c),wall of tile 2EC419 (room 0x4b),34.241,no,the far wall faces the other way (it belongs to floor which isn't linked here),
wall of tile 33A919 (room 0x4c),wall of tile 2EC618 (room 0x4b),45.498,no,the far wall faces the other way (it belongs to floor which isn't linked here),
wall of tile 33A919 (room 0x4c),wall of tile 2E4F19 (room 0x4b),59.461,no,the far wall faces the other way (it belongs to floor which isn't linked here),
wall of tile 33A919 (room 0x4c),wall of tile 2E4E18 (room 0x4b),51.361,no,the far wall faces the other way (it belongs to floor which isn't linked here),
wall of tile 33A919 (room 0x4c),wall of tile 2D1211 (room 0x43),17.120,no,the line between them touches another wall,wall of tile 33C019 (room 0x4b)
wall of tile 33A919 (room 0x4c),wall of tile 0EC818 (room 0x59),51.361,no,"the line between them leaves the walkable area (a wall's thickness, or another floor)",
wall of tile 33A919 (room 0x4c),door 0x1e8450 (preset 0x0041),0.005,no,"the line between them leaves the walkable area (a wall's thickness, or another floor)",
wall of tile 33A919 (room 0x4c),door 0x1e8450 (preset 0x0041),0.000,no,"the line between them leaves the walkable area (a wall's thickness, or another floor)",
wall of tile 33A919 (room 0x4c),door 0x1e8450 (preset 0x0041),8.562,no,"the line between them leaves the walkable area (a wall's thickness, or another floor)",
wall of tile 33C01A (room 0x4b),wall of tile 2EC319 (room 0x4b),51.361,no,the far wall faces the other way (it belongs to floor which isn't linked here),
wall of tile 33C01A (room 0x4b),wall of tile 2EC419 (room 0x4b),47.081,no,the line between them touches another wall,wall of tile 33A91A (room 0x4c)
wall of tile 33C01A (room 0x4b),door 0x1e8450 (preset 0x0041),8.562,no,"the line between them leaves the walkable area (a wall's thickness, or another floor)",
wall of tile 33C01A (room 0x4b),door 0x1e8450 (preset 0x0041),0.005,no,"the line between them leaves the walkable area (a wall's thickness, or another floor)",
wall of tile 33C01A (room 0x4b),door 0x1e8450 (preset 0x0041),0.000,no,"the line between them leaves the walkable area (a wall's thickness, or another floor)",
wall of tile 33C019 (room 0x4b),wall of tile 2EC319 (room 0x4b),51.361,no,the far wall faces the other way (it belongs to floor which isn't linked here),
wall of tile 33C019 (room 0x4b),wall of tile 2EC419 (room 0x4b),47.081,no,the line between them touches another wall,wall of tile 33A919 (room 0x4c)
wall of tile 33C019 (room 0x4b),wall of tile 2EC618 (room 0x4b),55.806,no,"the line between them leaves the walkable area (a wall's thickness, or another floor)",
wall of tile 33C019 (room 0x4b),wall of tile 0EC818 (room 0x59),52.070,no,"the line between them leaves the walkable area (a wall's thickness, or another floor)",
wall of tile 33C019 (room 0x4b),wall of tile 2E7518 (room 0x4c),12.840,no,the line between them touches another wall,wall of tile 33A919 (room 0x4c)
wall of tile 33C019 (room 0x4b),door 0x1e8450 (preset 0x0041),0.005,no,"the line between them leaves the walkable area (a wall's thickness, or another floor)",
wall of tile 33C019 (room 0x4b),door 0x1e8450 (preset 0x0041),8.562,no,"the line between them leaves the walkable area (a wall's thickness, or another floor)",
wall of tile 33C019 (room 0x4b),door 0x1e8450 (preset 0x0041),8.564,no,the line between them touches another wall,door 0x1e8450 (preset 0x0041)
wall of tile 316D19 (room 0x4b),wall of tile 2EC319 (room 0x4b),32.596,no,the far wall faces the other way (it belongs to floor which isn't linked here),
wall of tile 316D19 (room 0x4b),wall of tile 2D1012 (room 0x43),8.560,no,the far wall faces the other way (it belongs to floor which isn't linked here),
wall of tile 316D1A (room 0x4b),wall of tile 2EC119 (room 0x4b),34.507,no,the far wall faces the other way (it belongs to floor which isn't linked here),
wall of tile 2EC319 (room 0x4b),wall of tile 2D1211 (room 0x43),51.361,no,the far wall faces the other way (it belongs to floor which isn't linked here),
wall of tile 2EC319 (room 0x4b),wall of tile 2D1110 (room 0x43),32.596,no,"the line between them leaves the walkable area (a wall's thickness, or another floor)",
wall of tile 2EC319 (room 0x4b),wall of tile 2E6512 (room 0x47),32.596,no,"the line between them leaves the walkable area (a wall's thickness, or another floor)",
wall of tile 2EC319 (room 0x4b),wall of tile 2C3711 (room 0x47),52.942,no,the far wall faces the other way (it belongs to floor which isn't linked here),
wall of tile 2EC319 (room 0x4b),wall of tile 2E6612 (room 0x47),52.070,no,the far wall faces the other way (it belongs to floor which isn't linked here),
wall of tile 2EC319 (room 0x4b),wall of tile 2C3911 (room 0x47),48.801,no,"the line between them leaves the walkable area (a wall's thickness, or another floor)",
wall of tile 2EC319 (room 0x4b),wall of tile 2D1012 (room 0x43),32.596,no,"the line between them leaves the walkable area (a wall's thickness, or another floor)",
wall of tile 2EC319 (room 0x4b),wall of tile 2D1012 (room 0x43),51.361,no,the far wall faces the other way (it belongs to floor which isn't linked here),
wall of tile 2EC319 (room 0x4b),door 0x1e8450 (preset 0x0041),59.919,no,the far wall faces the other way (it belongs to floor which isn't linked here),
wall of tile 2EC319 (room 0x4b),door 0x1e8450 (preset 0x0041),59.919,no,the far wall faces the other way (it belongs to floor which isn't linked here),
wall of tile 2EC319 (room 0x4b),door 0x1e8450 (preset 0x0041),59.917,no,the far wall faces the other way (it belongs to floor which isn't linked here),
wall of tile 2EC319 (room 0x4b),door 0x1e8450 (preset 0x0041),59.917,no,the far wall faces the other way (it belongs to floor which isn't linked here),
wall of tile 2EC319 (room 0x4b),wall of tile 2D1012 (room 0x43),8.560,no,the far wall faces the other way (it belongs to floor which isn't linked here),
wall of tile 2EC41A (room 0x4b),wall of tile 2D1211 (room 0x43),31.707,no,the far wall faces the other way (it belongs to floor which isn't linked here),
wall of tile 2EC41A (room 0x4b),wall of tile 2D1110 (room 0x43),32.596,no,"the line between them leaves the walkable area (a wall's thickness, or another floor)",
wall of tile 2EC41A (room 0x4b),wall of tile 2E6512 (room 0x47),32.596,no,"the line between them leaves the walkable area (a wall's thickness, or another floor)",
wall of tile 2EC41A (room 0x4b),wall of tile 2C3711 (room 0x47),28.787,no,the far wall faces the other way (it belongs to floor which isn't linked here),
wall of tile 2EC41A (room 0x4b),wall of tile 2E6612 (room 0x47),28.787,no,the far wall faces the other way (it belongs to floor which isn't linked here),
wall of tile 2EC41A (room 0x4b),wall of tile 2C3911 (room 0x47),48.186,no,"the line between them leaves the walkable area (a wall's thickness, or another floor)",
wall of tile 2EC419 (room 0x4b),wall of tile 2EC719 (room 0x4b),27.406,no,the line between them touches another wall,wall of tile 2EC618 (room 0x4b)
wall of tile 2EC419 (room 0x4b),wall of tile 2EBC18 (room 0x4b),27.406,no,the line between them touches another wall,wall of tile 2EBB1A (room 0x4b)
wall of tile 2EC419 (room 0x4b),wall of tile 2E4F19 (room 0x4b),17.120,no,"the line between them leaves the walkable area (a wall's thickness, or another floor)",
wall of tile 2EC419 (room 0x4b),wall of tile 2E4E18 (room 0x4b),17.120,no,"the line between them leaves the walkable area (a wall's thickness, or another floor)",
wall of tile 2EC419 (room 0x4b),wall of tile 2E4E18 (room 0x4b),17.120,no,"the line between them leaves the walkable area (a wall's thickness, or another floor)",
wall of tile 2EC419 (room 0x4b),wall of tile 0EC818 (room 0x59),21.400,no,the far wall faces the other way (it belongs to floor which isn't linked here),
wall of tile 2EC419 (room 0x4b),wall of tile 2E7518 (room 0x4c),42.801,no,the far wall faces the other way (it belongs to floor which isn't linked here),
wall of tile 2EC419 (room 0x4b),wall of tile 2E7518 (room 0x4c),34.241,no,the far wall faces the other way (it belongs to floor which isn't linked here),
wall of tile 2EC419 (room 0x4b),wall of tile 0ED918 (room 0x5b),38.521,no,the far wall faces the other way (it belongs to floor which isn't linked here),
wall of tile 2EC419 (room 0x4b),door 0x1e8450 (preset 0x0041),38.519,no,the far wall faces the other way (it belongs to floor which isn't linked here),
wall of tile 2EC419 (room 0x4b),door 0x1e8450 (preset 0x0041),38.517,no,the far wall faces the other way (it belongs to floor which isn't linked here),
wall of tile 2EC419 (room 0x4b),door 0x1e8450 (preset 0x0041),38.517,no,the far wall faces the other way (it belongs to floor which isn't linked here),
wall of tile 2EC419 (room 0x4b),door 0x1e8450 (preset 0x0041),38.519,no,the far wall faces the other way (it belongs to floor which isn't linked here),
wall of tile 2EC419 (room 0x4b),door 0x1e8450 (preset 0x0041),55.644,no,the far wall faces the other way (it belongs to floor which isn't linked here),
wall of tile 2EC419 (room 0x4b),door 0x1e8450 (preset 0x0041),55.643,no,the far wall faces the other way (it belongs to floor which isn't linked here),
wall of tile 2EC419 (room 0x4b),glass 0x1e880c (preset 0x2750),55.874,no,the far wall faces the other way (it belongs to floor which isn't linked here),
wall of tile 2EC419 (room 0x4b),glass 0x1e880c (preset 0x2750),56.378,no,the far wall faces the other way (it belongs to floor which isn't linked here),
wall of tile 2EC419 (room 0x4b),glass 0x1e880c (preset 0x2750),55.874,no,the far wall faces the other way (it belongs to floor which isn't linked here),
wall of tile 2EC618 (room 0x4b),wall of tile 2E4F19 (room 0x4b),13.369,no,"the line between them leaves the walkable area (a wall's thickness, or another floor)",
wall of tile 2EC618 (room 0x4b),wall of tile 2E4E18 (room 0x4b),13.369,no,"the line between them leaves the walkable area (a wall's thickness, or another floor)",
wall of tile 2EC618 (room 0x4b),wall of tile 2C3711 (room 0x47),54.825,no,the far wall faces the other way (it belongs to floor which isn't linked here),
wall of tile 2EC618 (room 0x4b),wall of tile 2E7518 (room 0x4c),21.400,no,the far wall faces the other way (it belongs to floor which isn't linked here),
wall of tile 2EC618 (room 0x4b),wall of tile 2E7518 (room 0x4c),34.241,no,the far wall faces the other way (it belongs to floor which isn't linked here),
wall of tile 2EC618 (room 0x4b),door 0x1e8450 (preset 0x0041),48.796,no,the far wall faces the other way (it belongs to floor which isn't linked here),
wall of tile 2EC618 (room 0x4b),door 0x1e8450 (preset 0x0041),48.796,no,the far wall faces the other way (it belongs to floor which isn't linked here),
wall of tile 2EC618 (room 0x4b),door 0x1e8450 (preset 0x0041),48.797,no,the far wall faces the other way (it belongs to floor which isn't linked here),
wall of tile 2EC719 (room 0x4b),wall of tile 2EBE1A (room 0x4b),30.265,no,the line between them touches another wall,wall of tile 2EC518 (room 0x4b)
wall of tile 2EC719 (room 0x4b),wall of tile 2E4F19 (room 0x4b),21.400,no,"the line between them leaves the walkable area (a wall's thickness, or another floor)",
wall of tile 2EC719 (room 0x4b),wall of tile 2E4E18 (room 0x4b),21.400,no,"the line between them leaves the walkable area (a wall's thickness, or another floor)",
wall of tile 2EC719 (room 0x4b),wall of tile 2E5018 (room 0x4b),21.400,no,"the line between them leaves the walkable area (a wall's thickness, or another floor)",
wall of tile 2EC719 (room 0x4b),wall of tile 2C3711 (room 0x47),52.300,no,the far wall faces the other way (it belongs to floor which isn't linked here),
wall of tile 2EC719 (room 0x4b),wall of tile 0EC718 (room 0x59),38.521,no,the far wall faces the other way (it belongs to floor which isn't linked here),
wall of tile 2EC719 (room 0x4b),wall of tile 2E7518 (room 0x4c),21.400,no,the far wall faces the other way (it belongs to floor which isn't linked here),
wall of tile 2EC719 (room 0x4b),wall of tile 2E7518 (room 0x4c),51.361,no,the far wall faces the other way (it belongs to floor which isn't linked here),
wall of tile 2EC71A (room 0x4b),wall of tile 2D1211 (room 0x43),56.296,no,the far wall faces the other way (it belongs to floor which isn't linked here),
wall of tile 2EC71A (room 0x4b),wall of tile 2C3711 (room 0x47),51.444,no,the far wall faces the other way (it belongs to floor which isn't linked here),
wall of tile 2EC71A (room 0x4b),wall of tile 2CCC10 (room 0x47),57.104,no,the far wall faces the other way (it belongs to floor which isn't linked here),
wall of tile 2EC71A (room 0x4b),wall of tile 2E6612 (room 0x47),52.070,no,the far wall faces the other way (it belongs to floor which isn't linked here),
wall of tile 2EC518 (room 0x4b),wall of tile 2E4F19 (room 0x4b),15.132,no,"the line between them leaves the walkable area (a wall's thickness, or another floor)",
wall of tile 2EC518 (room 0x4b),wall of tile 2E5018 (room 0x4b),15.132,no,"the line between them leaves the walkable area (a wall's thickness, or another floor)",
wall of tile 2EC518 (room 0x4b),wall of tile 2C3711 (room 0x47),52.300,no,the far wall faces the other way (it belongs to floor which isn't linked here),
wall of tile 2EC518 (room 0x4b),wall of tile 0EC718 (room 0x59),17.120,no,the far wall faces the other way (it belongs to floor which isn't linked here),
wall of tile 2EC518 (room 0x4b),wall of tile 2E7518 (room 0x4c),21.400,no,the far wall faces the other way (it belongs to floor which isn't linked here),
wall of tile 2EC518 (room 0x4b),generic 0x1e4b70 (preset 0x273f),51.323,no,"the line between them leaves the walkable area (a wall's thickness, or another floor)",
wall of tile 2EC518 (room 0x4b),generic 0x1e4b70 (preset 0x273f),54.181,no,the far wall faces the other way (it belongs to floor which isn't linked here),
wall of tile 2EC518 (room 0x4b),generic 0x1e4b70 (preset 0x273f),54.182,no,the far wall faces the other way (it belongs to floor which isn't linked here),
wall of tile 2EBF19 (room 0x4b),wall of tile 2C3711 (room 0x47),52.070,no,the far wall faces the other way (it belongs to floor which isn't linked here),
wall of tile 2EBF19 (room 0x4b),wall of tile 2CCC10 (room 0x47),51.361,no,the far wall faces the other way (it belongs to floor which isn't linked here),
wall of tile 2EBF19 (room 0x4b),wall of tile 2CCC10 (room 0x47),51.361,no,the far wall faces the other way (it belongs to floor which isn't linked here),
wall of tile 2EBF19 (room 0x4b),wall of tile 33D519 (room 0x59),51.361,no,the far wall faces the other way (it belongs to floor which isn't linked here),
wall of tile 2EBF19 (room 0x4b),wall of tile 33D51A (room 0x59),51.361,no,the far wall faces the other way (it belongs to floor which isn't linked here),
wall of tile 2EBF19 (room 0x4b),wall of tile 2C3711 (room 0x47),30.265,no,the far wall faces the other way (it belongs to floor which isn't linked here),
wall of tile 2EBF19 (room 0x4b),wall of tile 2CCC10 (room 0x47),30.265,no,the far wall faces the other way (it belongs to floor which isn't linked here),
wall of tile 2EBE19 (room 0x4b),wall of tile 2CCC10 (room 0x47),51.361,no,the far wall faces the other way (it belongs to floor which isn't linked here),
wall of tile 2EBE19 (room 0x4b),wall of tile 2CC911 (room 0x47),52.942,no,the far wall faces the other way (it belongs to floor which isn't linked here),
wall of tile 2EBE1A (room 0x4b),wall of tile 328B18 (room 0x4b),30.265,no,the line between them touches another wall,wall of tile 2EBD1A (room 0x4b)
wall of tile 2EBE1A (room 0x4b),wall of tile 2E4F19 (room 0x4b),21.400,no,"the line between them leaves the walkable area (a wall's thickness, or another floor)",
wall of tile 2EBE1A (room 0x4b),wall of tile 2E5018 (room 0x4b),21.400,no,"the line between them leaves the walkable area (a wall's thickness, or another floor)",
wall of tile 2EBE1A (room 0x4b),wall of tile 2E5018 (room 0x4b),21.400,no,"the line between them leaves the walkable area (a wall's thickness, or another floor)",
wall of tile 2EBE1A (room 0x4b),wall of tile 33D519 (room 0x59),17.120,no,the far wall faces the other way (it belongs to floor which isn't linked here),
wall of tile 2EBE1A (room 0x4b),wall of tile 33D51A (room 0x59),17.120,no,the far wall faces the other way (it belongs to floor which isn't linked here),
wall of tile 2EBE1A (room 0x4b),wall of tile 0EC718 (room 0x59),17.120,no,the far wall faces the other way (it belongs to floor which isn't linked here),
wall of tile 2EBE1A (room 0x4b),wall of tile 0EC518 (room 0x59),17.120,no,the far wall faces the other way (it belongs to floor which isn't linked here),
wall of tile 2EBE1A (room 0x4b),wall of tile 0EC818 (room 0x59),21.400,no,the far wall faces the other way (it belongs to floor which isn't linked here),
wall of tile 2EBE1A (room 0x4b),wall of tile 2E7518 (room 0x4c),42.801,no,the far wall faces the other way (it belongs to floor which isn't linked here),
wall of tile 2EBE1A (room 0x4b),generic 0x1e4b70 (preset 0x273f),17.253,no,the far wall faces the other way (it belongs to floor which isn't linked here),
wall of tile 2EBE1A (room 0x4b),generic 0x1e4b70 (preset 0x273f),17.120,no,the far wall faces the other way (it belongs to floor which isn't linked here),
wall of tile 2EBE1A (room 0x4b),generic 0x1e4b70 (preset 0x273f),42.933,no,"the line between them leaves the walkable area (a wall's thickness, or another floor)",
wall of tile 2EBE1A (room 0x4b),generic 0x1e4b70 (preset 0x273f),42.801,no,"the line between them leaves the walkable area (a wall's thickness, or another floor)",
wall of tile 2EBD19 (room 0x4b),wall of tile 2CCC10 (room 0x47),27.238,no,the far wall faces the other way (it belongs to floor which isn't linked here),
wall of tile 2EBD19 (room 0x4b),wall of tile 2CC911 (room 0x47),27.238,no,the far wall faces the other way (it belongs to floor which isn't linked here),
wall of tile 2EBD1A (room 0x4b),wall of tile 2E5018 (room 0x4b),15.132,no,"the line between them leaves the walkable area (a wall's thickness, or another floor)",
wall of tile 2EBD1A (room 0x4b),wall of tile 2E5018 (room 0x4b),15.132,no,"the line between them leaves the walkable area (a wall's thickness, or another floor)",
wall of tile 2EBD1A (room 0x4b),wall of tile 33D51A (room 0x59),34.507,no,the far wall faces the other way (it belongs to floor which isn't linked here),
wall of tile 2EBD1A (room 0x4b),wall of tile 0EC518 (room 0x59),17.120,no,the far wall faces the other way (it belongs to floor which isn't linked here),
wall of tile 328B18 (room 0x4b),wall of tile 2E5018 (room 0x4b),21.400,no,"the line between them leaves the walkable area (a wall's thickness, or another floor)",
wall of tile 328B18 (room 0x4b),wall of tile 2E5018 (room 0x4b),21.400,no,"the line between them leaves the walkable area (a wall's thickness, or another floor)",
wall of tile 328B18 (room 0x4b),wall of tile 0EC518 (room 0x59),38.521,no,the far wall faces the other way (it belongs to floor which isn't linked here),
wall of tile 328A19 (room 0x4b),wall of tile 2EC019 (room 0x4b),59.921,no,the line between them touches another wall,wall of tile 2EBB19 (room 0x4b)
wall of tile 328A19 (room 0x4b),wall of tile 2CCC10 (room 0x47),52.942,no,the far wall faces the other way (it belongs to floor which isn't linked here),
wall of tile 328A19 (room 0x4b),wall of tile 2CC911 (room 0x47),51.467,no,the far wall faces the other way (it belongs to floor which isn't linked here),
wall of tile 2E4D19 (room 0x4b),wall of tile 2EBB1A (room 0x4b),55.641,no,the line between them touches another wall,wall of tile 2EBC18 (room 0x4b)
wall of tile 2E4D19 (room 0x4b),wall of tile 2E4E18 (room 0x4b),55.641,no,the line between them touches another wall,wall of tile 2E4E18 (room 0x4b)
wall of tile 2EBC18 (room 0x4b),wall of tile 2E4E18 (room 0x4b),21.400,no,"the line between them leaves the walkable area (a wall's thickness, or another floor)",
wall of tile 2EBC18 (room 0x4b),wall of tile 2E4E18 (room 0x4b),21.400,no,"the line between them leaves the walkable area (a wall's thickness, or another floor)",
wall of tile 2EBB1A (room 0x4b),wall of tile 2E4E18 (room 0x4b),13.369,no,"the line between them leaves the walkable area (a wall's thickness, or another floor)",
wall of tile 2EBB1A (room 0x4b),wall of tile 2E4E18 (room 0x4b),13.369,no,"the line between them leaves the walkable area (a wall's thickness, or another floor)",
wall of tile 2EBB1A (room 0x4b),wall of tile 0ED918 (room 0x5b),48.801,no,the far wall faces the other way (it belongs to floor which isn't linked here),
wall of tile 2EBB1A (room 0x4b),glass 0x1e880c (preset 0x2750),55.874,no,the far wall faces the other way (it belongs to floor which isn't linked here),
wall of tile 2EBB1A (room 0x4b),glass 0x1e880c (preset 0x2750),56.378,no,the far wall faces the other way (it belongs to floor which isn't linked here),
wall of tile 2EBB1A (room 0x4b),glass 0x1e880c (preset 0x2750),55.874,no,the far wall faces the other way (it belongs to floor which isn't linked here),
wall of tile 2EBB19 (room 0x4b),wall of tile 2CC911 (room 0x47),52.438,no,the far wall faces the other way (it belongs to floor which isn't linked here),
wall of tile 2E4F19 (room 0x4b),wall of tile 0EC718 (room 0x59),38.521,no,"the line between them leaves the walkable area (a wall's thickness, or another floor)",
wall of tile 2E4F19 (room 0x4b),wall of tile 0EC818 (room 0x59),21.400,no,"the line between them leaves the walkable area (a wall's thickness, or another floor)",
wall of tile 2E4F19 (room 0x4b),wall of tile 2E7518 (room 0x4c),42.801,no,"the line between them leaves the walkable area (a wall's thickness, or another floor)",
wall of tile 2E4F19 (room 0x4b),wall of tile 2E7518 (room 0x4c),51.361,no,"the line between them leaves the walkable area (a wall's thickness, or another floor)",
wall of tile 2E4F19 (room 0x4b),generic 0x1e4b70 (preset 0x273f),51.229,no,the far wall faces the other way (it belongs to floor which isn't linked here),
wall of tile 2E4F19 (room 0x4b),generic 0x1e4b70 (preset 0x273f),51.229,no,the far wall faces the other way (it belongs to floor which isn't linked here),
wall of tile 2E4E18 (room 0x4b),wall of tile 0EC818 (room 0x59),21.400,no,"the line between them leaves the walkable area (a wall's thickness, or another floor)",
wall of tile 2E4E18 (room 0x4b),wall of tile 2E7518 (room 0x4c),42.801,no,"the line between them leaves the walkable area (a wall's thickness, or another floor)",
wall of tile 2E4E18 (room 0x4b),wall of tile 2E7518 (room 0x4c),51.361,no,"the line between them leaves the walkable area (a wall's thickness, or another floor)",
wall of tile 2E4E18 (room 0x4b),wall of tile 0ED918 (room 0x5b),55.641,no,"the line between them leaves the walkable area (a wall's thickness, or another floor)",
wall of tile 2E4E18 (room 0x4b),door 0x1e8450 (preset 0x0041),55.639,no,"the line between them leaves the walkable area (a wall's thickness, or another floor)",
wall of tile 2E4E18 (room 0x4b),door 0x1e8450 (preset 0x0041),55.637,no,"the line between them leaves the walkable area (a wall's thickness, or another floor)",
wall of tile 2E4E18 (room 0x4b),door 0x1e8450 (preset 0x0041),55.637,no,"the line between them leaves the walkable area (a wall's thickness, or another floor)",
wall of tile 2E4E18 (room 0x4b),door 0x1e8450 (preset 0x0041),55.640,no,"the line between them leaves the walkable area (a wall's thickness, or another floor)",
wall of tile 2E5018 (room 0x4b),wall of tile 33D519 (room 0x59),38.521,no,"the line between them leaves the walkable area (a wall's thickness, or another floor)",
wall of tile 2E5018 (room 0x4b),wall of tile 33D51A (room 0x59),38.521,no,"the line between them leaves the walkable area (a wall's thickness, or another floor)",
wall of tile 2E5018 (room 0x4b),wall of tile 0EC718 (room 0x59),38.521,no,"the line between them leaves the walkable area (a wall's thickness, or another floor)",
wall of tile 2E5018 (room 0x4b),wall of tile 0EC518 (room 0x59),38.521,no,"the line between them leaves the walkable area (a wall's thickness, or another floor)",
wall of tile 2E5018 (room 0x4b),wall of tile 0EC818 (room 0x59),21.400,no,"the line between them leaves the walkable area (a wall's thickness, or another floor)",
wall of tile 2E5018 (room 0x4b),wall of tile 2E7518 (room 0x4c),42.801,no,"the line between them leaves the walkable area (a wall's thickness, or another floor)",
wall of tile 2E5018 (room 0x4b),generic 0x1e4b70 (preset 0x273f),38.653,no,"the line between them leaves the walkable area (a wall's thickness, or another floor)",
wall of tile 2E5018 (room 0x4b),generic 0x1e4b70 (preset 0x273f),38.521,no,"the line between them leaves the walkable area (a wall's thickness, or another floor)",
wall of tile 2E5018 (room 0x4b),generic 0x1e4b70 (preset 0x273f),21.532,no,the far wall faces the other way (it belongs to floor which isn't linked here),
wall of tile 2E5018 (room 0x4b),generic 0x1e4b70 (preset 0x273f),21.400,no,the far wall faces the other way (it belongs to floor which isn't linked here),
wall of tile 2E5018 (room 0x4b),wall of tile 33D51A (room 0x59),48.801,no,"the line between them leaves the walkable area (a wall's thickness, or another floor)",
wall of tile 2E5018 (room 0x4b),wall of tile 0EC518 (room 0x59),38.521,no,"the line between them leaves the walkable area (a wall's thickness, or another floor)",
wall of tile 2EC019 (room 0x4b),wall of tile 2D1510 (room 0x43),52.070,no,the far wall faces the other way (it belongs to floor which isn't linked here),
wall of tile 2EC019 (room 0x4b),wall of tile 2D0F10 (room 0x43),52.070,no,the far wall faces the other way (it belongs to floor which isn't linked here),
wall of tile 2EC019 (room 0x4b),wall of tile 2CC911 (room 0x47),52.942,no,the far wall faces the other way (it belongs to floor which isn't linked here),
wall of tile 2EC11A (room 0x4b),wall of tile 2D0F10 (room 0x43),4.280,no,the far wall faces the other way (it belongs to floor which isn't linked here),
wall of tile 2EC119 (room 0x4b),wall of tile 2D1510 (room 0x43),12.840,no,"the line between them leaves the walkable area (a wall's thickness, or another floor)",
wall of tile 2EC119 (room 0x4b),wall of tile 2D0F10 (room 0x43),51.361,no,the far wall faces the other way (it belongs to floor which isn't linked here),
wall of tile 2EC119 (room 0x4b),wall of tile 2D0F10 (room 0x43),34.507,no,"the line between them leaves the walkable area (a wall's thickness, or another floor)",
wall of tile 2EC119 (room 0x4b),wall of tile 2CC911 (room 0x47),8.812,no,"the line between them leaves the walkable area (a wall's thickness, or another floor)",
wall of tile 2EC119 (room 0x4b),wall of tile 2CC710 (room 0x47),31.160,no,"the line between them leaves the walkable area (a wall's thickness, or another floor)",
wall of tile 2EC119 (room 0x4b),wall of tile 2D0F10 (room 0x43),28.787,no,the far wall faces the other way (it belongs to floor which isn't linked here),
wall of tile 2EC119 (room 0x4b),wall of tile 2CC710 (room 0x47),31.160,no,"the line between them leaves the walkable area (a wall's thickness, or another floor)",
wall of tile 2D1510 (room 0x43),wall of tile 2CC911 (room 0x47),3.597,no,"the line between them leaves the walkable area (a wall's thickness, or another floor)",
wall of tile 0FC410 (room 0x43),wall of tile 2D1110 (room 0x43),51.361,no,the line between them touches another wall,wall of tile 2D1110 (room 0x43)
wall of tile 0FC410 (room 0x43),door 0x1e7e50 (preset 0x000e),30.849,no,the far wall faces the other way (it belongs to floor which isn't linked here),
wall of tile 0FC410 (room 0x43),door 0x1e7e50 (preset 0x000e),26.999,no,the far wall faces the other way (it belongs to floor which isn't linked here),
wall of tile 0FC410 (room 0x43),door 0x1e7e50 (preset 0x000e),26.999,no,the far wall faces the other way (it belongs to floor which isn't linked here),
wall of tile 2D1211 (room 0x43),wall of tile 2C3711 (room 0x47),4.280,no,"the line between them leaves the walkable area (a wall's thickness, or another floor)",
wall of tile 2D1211 (room 0x43),wall of tile 0EC818 (room 0x59),25.681,no,"the line between them leaves the walkable area (a wall's thickness, or another floor)",
wall of tile 2D1211 (room 0x43),wall of tile 2E7518 (room 0x4c),29.961,no,"the line between them leaves the walkable area (a wall's thickness, or another floor)",
wall of tile 2D1211 (room 0x43),wall of tile 2E7518 (room 0x4c),29.961,no,"the line between them leaves the walkable area (a wall's thickness, or another floor)",
wall of tile 2D1211 (room 0x43),door 0x1e8450 (preset 0x0041),8.558,no,"the line between them leaves the walkable area (a wall's thickness, or another floor)",
wall of tile 2D1211 (room 0x43),door 0x1e8450 (preset 0x0041),25.683,no,"the line between them leaves the walkable area (a wall's thickness, or another floor)",
wall of tile 2D1211 (room 0x43),door 0x1e8450 (preset 0x0041),25.685,no,the line between them touches another wall,door 0x1e8450 (preset 0x0041)
wall of tile 2D1211 (room 0x43),door 0x1e8450 (preset 0x0041),8.558,no,"another wall pokes into the space between them, so a tighter pair covers this gap",wall of tile 33C019 (room 0x4b)
wall of tile 2D1110 (room 0x43),wall of tile 2C3911 (room 0x47),25.681,no,the line between them touches another wall,wall of tile 2E6512 (room 0x47)
wall of tile 2D1110 (room 0x43),door 0x1e7e50 (preset 0x000e),30.849,no,the far wall faces the other way (it belongs to floor which isn't linked here),
wall of tile 2D1110 (room 0x43),door 0x1e7e50 (preset 0x000e),26.999,no,the far wall faces the other way (it belongs to floor which isn't linked here),
wall of tile 2D1110 (room 0x43),door 0x1e7e50 (preset 0x000e),26.999,no,the far wall faces the other way (it belongs to floor which isn't linked here),
wall of tile 2C3711 (room 0x47),wall of tile 0EC718 (room 0x59),51.915,no,"the line between them leaves the walkable area (a wall's thickness, or another floor)",
wall of tile 2C3711 (room 0x47),wall of tile 0EC818 (room 0x59),51.915,no,"the line between them leaves the walkable area (a wall's thickness, or another floor)",
wall of tile 2C3711 (room 0x47),wall of tile 2E7518 (room 0x4c),30.302,no,"the line between them leaves the walkable area (a wall's thickness, or another floor)",
wall of tile 2C3711 (room 0x47),wall of tile 2E7518 (room 0x4c),33.939,no,"the line between them leaves the walkable area (a wall's thickness, or another floor)",
wall of tile 2CCC10 (room 0x47),wall of tile 0EC718 (room 0x59),55.641,no,"the line between them leaves the walkable area (a wall's thickness, or another floor)",
wall of tile 2CCC10 (room 0x47),wall of tile 0EC818 (room 0x59),55.641,no,"the line between them leaves the walkable area (a wall's thickness, or another floor)",
wall of tile 2CCC10 (room 0x47),wall of tile 2E7518 (room 0x4c),34.241,no,"the line between them leaves the walkable area (a wall's thickness, or another floor)",
wall of tile 2CCC10 (room 0x47),generic 0x1e4b70 (preset 0x273f),55.509,no,"the line between them leaves the walkable area (a wall's thickness, or another floor)",
wall of tile 2CCC10 (room 0x47),generic 0x1e4b70 (preset 0x273f),55.509,no,"the line between them leaves the walkable area (a wall's thickness, or another floor)",
wall of tile 2CCC10 (room 0x47),generic 0x1e4b70 (preset 0x273f),55.509,no,"the line between them leaves the walkable area (a wall's thickness, or another floor)",
wall of tile 2CCC10 (room 0x47),generic 0x1e4b70 (preset 0x273f),55.641,no,"another wall pokes into the space between them, so a tighter pair covers this gap",wall of tile 33D519 (room 0x59)
wall of tile 2CCC10 (room 0x47),wall of tile 0EC518 (room 0x59),55.641,no,"the line between them leaves the walkable area (a wall's thickness, or another floor)",
wall of tile 33D519 (room 0x59),generic 0x1e4b70 (preset 0x273f),59.921,no,"the line between them leaves the walkable area (a wall's thickness, or another floor)",
wall of tile 33D519 (room 0x59),generic 0x1e4b70 (preset 0x273f),59.921,no,"the line between them leaves the walkable area (a wall's thickness, or another floor)",
wall of tile 33D519 (room 0x59),generic 0x1e4b70 (preset 0x273f),0.132,no,the line between them touches another wall,generic 0x1e4b70 (preset 0x273f)
wall of tile 0EC718 (room 0x59),wall of tile 2E7518 (room 0x4c),21.400,no,"the line between them leaves the walkable area (a wall's thickness, or another floor)",
wall of tile 0EC718 (room 0x59),generic 0x1e4b70 (preset 0x273f),0.132,no,"the line between them leaves the walkable area (a wall's thickness, or another floor)",
wall of tile 0EC718 (room 0x59),generic 0x1e4b70 (preset 0x273f),0.000,no,the line between them touches another wall,generic 0x1e4b70 (preset 0x273f)
wall of tile 0EC718 (room 0x59),generic 0x1e4b70 (preset 0x273f),0.132,no,the line between them touches another wall,generic 0x1e4b70 (preset 0x273f)
wall of tile 0EC718 (room 0x59),generic 0x1e4b70 (preset 0x273f),59.921,no,"another wall pokes into the space between them, so a tighter pair covers this gap",generic 0x1e4b70 (preset 0x273f)
wall of tile 0EC818 (room 0x59),wall of tile 2E6612 (room 0x47),57.423,no,"the line between them leaves the walkable area (a wall's thickness, or another floor)",
wall of tile 0EC818 (room 0x59),wall of tile 2E7518 (room 0x4c),21.400,no,"the line between them leaves the walkable area (a wall's thickness, or another floor)",
wall of tile 0EC818 (room 0x59),door 0x1e8450 (preset 0x0041),51.356,no,"the line between them leaves the walkable area (a wall's thickness, or another floor)",
wall of tile 0EC818 (room 0x59),door 0x1e8450 (preset 0x0041),51.356,no,the far wall faces the other way (it belongs to floor which isn't linked here),
wall of tile 0EC818 (room 0x59),door 0x1e8450 (preset 0x0041),51.361,no,the far wall faces the other way (it belongs to floor which isn't linked here),
wall of tile 0EC818 (room 0x59),door 0x1e8450 (preset 0x0041),54.135,no,"the line between them leaves the walkable area (a wall's thickness, or another floor)",
wall of tile 2E6612 (room 0x47),wall of tile 2E7518 (room 0x4c),42.371,no,"the line between them leaves the walkable area (a wall's thickness, or another floor)",
wall of tile 2E6612 (room 0x47),wall of tile 2E7518 (room 0x4c),42.371,no,"the line between them leaves the walkable area (a wall's thickness, or another floor)",
wall of tile 2D1012 (room 0x43),glass 0x1e880c (preset 0x2750),54.154,no,"the line between them leaves the walkable area (a wall's thickness, or another floor)",
wall of tile 2D1012 (room 0x43),glass 0x1e880c (preset 0x2750),53.247,no,"the line between them leaves the walkable area (a wall's thickness, or another floor)",
wall of tile 2D1012 (room 0x43),glass 0x1e880c (preset 0x2750),53.247,no,"the line between them leaves the walkable area (a wall's thickness, or another floor)",
wall of tile 2D1012 (room 0x43),door 0x1e8450 (preset 0x0041),25.682,no,"the line between them leaves the walkable area (a wall's thickness, or another floor)",
wall of tile 2D1012 (room 0x43),door 0x1e8450 (preset 0x0041),8.558,no,"the line between them leaves the walkable area (a wall's thickness, or another floor)",
wall of tile 2D1012 (room 0x43),door 0x1e8450 (preset 0x0041),8.556,no,"the line between them leaves the walkable area (a wall's thickness, or another floor)",
wall of tile 2D1012 (room 0x43),door 0x1e8450 (preset 0x0041),8.556,no,"the line between them leaves the walkable area (a wall's thickness, or another floor)",
wall of tile 2D1012 (room 0x43),glass 0x1e880c (preset 0x2750),16.456,no,"the line between them leaves the walkable area (a wall's thickness, or another floor)",
wall of tile 2D1012 (room 0x43),glass 0x1e880c (preset 0x2750),17.119,no,"the line between them leaves the walkable area (a wall's thickness, or another floor)",
wall of tile 2D1012 (room 0x43),glass 0x1e880c (preset 0x2750),16.455,no,"the line between them leaves the walkable area (a wall's thickness, or another floor)",
wall of tile 2D1012 (room 0x43),glass 0x1e880c (preset 0x2750),16.455,no,"the line between them leaves the walkable area (a wall's thickness, or another floor)",
wall of tile 2E7518 (room 0x4c),door 0x1e8450 (preset 0x0041),4.278,no,"the line between them leaves the walkable area (a wall's thickness, or another floor)",
wall of tile 2E7518 (room 0x4c),door 0x1e8450 (preset 0x0041),4.276,no,"the line between them leaves the walkable area (a wall's thickness, or another floor)",
wall of tile 2E7518 (room 0x4c),door 0x1e8450 (preset 0x0041),4.276,no,"the line between them leaves the walkable area (a wall's thickness, or another floor)",
wall of tile 2E7518 (room 0x4c),door 0x1e8450 (preset 0x0041),21.402,no,"the line between them leaves the walkable area (a wall's thickness, or another floor)",
wall of tile 0ED918 (room 0x5b),door 0x1e7f50 (preset 0x000f),0.223,no,"another wall pokes into the space between them, so a tighter pair covers this gap",wall of tile 2C4018 (room 0x5b)
wall of tile 0ED918 (room 0x5b),glass 0x1e880c (preset 0x2750),58.983,no,"the line between them leaves the walkable area (a wall's thickness, or another floor)",
wall of tile 0ED918 (room 0x5b),glass 0x1e880c (preset 0x2750),59.940,no,"the line between them leaves the walkable area (a wall's thickness, or another floor)",
wall of tile 0ED918 (room 0x5b),glass 0x1e880c (preset 0x2750),58.983,no,"the line between them leaves the walkable area (a wall's thickness, or another floor)",
wall of tile 2C4018 (room 0x5b),door 0x1e7f50 (preset 0x000f),8.560,no,"the line between them leaves the walkable area (a wall's thickness, or another floor)",
wall of tile 2C4018 (room 0x5b),door 0x1e7f50 (preset 0x000f),0.000,no,"another wall pokes into the space between them, so a tighter pair covers this gap",wall of tile 0ED918 (room 0x5b)
wall of tile 2C4018 (room 0x5b),door 0x1e7f50 (preset 0x000f),0.000,no,"another wall pokes into the space between them, so a tighter pair covers this gap",door 0x1e7f50 (preset 0x000f)
wall of tile 1EEC1A (room 0x5b),generic 0x1e4548 (preset 0x2738),4.962,yes,,
wall of tile 1EEC1A (room 0x5b),generic 0x1e4548 (preset 0x2738),4.962,yes,,
wall of tile 1EEC1A (room 0x5b),generic 0x1e4548 (preset 0x2738),10.579,no,"another wall pokes into the space between them, so a tighter pair covers this gap",generic 0x1e4548 (preset 0x2738)
wall of tile 1EEC1A (room 0x5b),generic 0x1e4548 (preset 0x2738),22.903,no,the line between them touches another wall,generic 0x1e4548 (preset 0x2738)
wall of tile 1EEC1A (room 0x5b),generic 0x1e4650 (preset 0x2739),5.128,yes,,
wall of tile 1EEC1A (room 0x5b),generic 0x1e4650 (preset 0x2739),5.128,yes,,
wall of tile 1EEC1A (room 0x5b),generic 0x1e4650 (preset 0x2739),10.745,no,"another wall pokes into the space between them, so a tighter pair covers this gap",generic 0x1e4650 (preset 0x2739)
wall of tile 1EEC1A (room 0x5b),generic 0x1e4650 (preset 0x2739),22.903,no,the line between them touches another wall,generic 0x1e4650 (preset 0x2739)
wall of tile 1EDC1A (room 0x5c),generic 0x1e4548 (preset 0x2738),13.498,no,"another wall pokes into the space between them, so a tighter pair covers this gap",wall of tile 1EEC1A (room 0x5b)
wall of tile 1EDC1A (room 0x5c),generic 0x1e4548 (preset 0x2738),13.498,no,"another wall pokes into the space between them, so a tighter pair covers this gap",wall of tile 1EEC1A (room 0x5b)
wall of tile 1EDC1A (room 0x5c),generic 0x1e4548 (preset 0x2738),24.389,no,"another wall pokes into the space between them, so a tighter pair covers this gap",wall of tile 1EEC1A (room 0x5b)
wall of tile 1EDC1A (room 0x5c),generic 0x1e4650 (preset 0x2739),13.629,no,"another wall pokes into the space between them, so a tighter pair covers this gap",wall of tile 1EEC1A (room 0x5b)
wall of tile 1EDC1A (room 0x5c),generic 0x1e4650 (preset 0x2739),13.629,no,"another wall pokes into the space between them, so a tighter pair covers this gap",wall of tile 1EEC1A (room 0x5b)
wall of tile 1EDC1A (room 0x5c),generic 0x1e4650 (preset 0x2739),24.389,no,"another wall pokes into the space between them, so a tighter pair covers this gap",wall of tile 1EEC1A (room 0x5b)
wall of tile 31821A (room 0x5c),wall of tile 107019 (room 0x5d),51.450,no,"another wall pokes into the space between them, so a tighter pair covers this gap",wall of tile 10701A (room 0x5d)
wall of tile 332D19 (room 0x5d),wall of tile 10F119 (room 0x5d),52.070,no,the line between them touches another wall,wall of tile 332D1A (room 0x5d)
wall of tile 1A981A (room 0x5d),generic 0x1e4128 (preset 0x2734),11.950,no,"another wall pokes into the space between them, so a tighter pair covers this gap",generic 0x1e4128 (preset 0x2734)
wall of tile 1A981A (room 0x5d),generic 0x1e4128 (preset 0x2734),9.341,no,"another wall pokes into the space between them, so a tighter pair covers this gap",wall of tile 1A901A (room 0x5e)
wall of tile 1A981A (room 0x5d),generic 0x1e4128 (preset 0x2734),54.027,no,"another wall pokes into the space between them, so a tighter pair covers this gap",wall of tile 1A901A (room 0x5e)
wall of tile 1A981A (room 0x5d),generic 0x1e4128 (preset 0x2734),58.156,no,the line between them touches another wall,generic 0x1e4128 (preset 0x2734)
wall of tile 1A981A (room 0x5d),generic 0x1e4338 (preset 0x2736),12.364,no,"another wall pokes into the space between them, so a tighter pair covers this gap",wall of tile 318A1A (room 0x5d)
wall of tile 1A981A (room 0x5d),generic 0x1e4338 (preset 0x2736),12.364,no,"another wall pokes into the space between them, so a tighter pair covers this gap",wall of tile 318A1A (room 0x5d)
wall of tile 1A981A (room 0x5d),generic 0x1e4338 (preset 0x2736),20.130,no,"another wall pokes into the space between them, so a tighter pair covers this gap",wall of tile 318A1A (room 0x5d)
wall of tile 1A981A (room 0x5d),generic 0x1e4440 (preset 0x2737),12.420,no,"another wall pokes into the space between them, so a tighter pair covers this gap",wall of tile 318A1A (room 0x5d)
wall of tile 1A981A (room 0x5d),generic 0x1e4440 (preset 0x2737),12.420,no,"another wall pokes into the space between them, so a tighter pair covers this gap",wall of tile 318A1A (room 0x5d)
wall of tile 1A981A (room 0x5d),generic 0x1e4440 (preset 0x2737),20.129,no,"another wall pokes into the space between them, so a tighter pair covers this gap",wall of tile 318A1A (room 0x5d)
wall of tile 318A1A (room 0x5d),generic 0x1e4338 (preset 0x2736),12.765,no,"another wall pokes into the space between them, so a tighter pair covers this gap",generic 0x1e4338 (preset 0x2736)
wall of tile 318A1A (room 0x5d),generic 0x1e4338 (preset 0x2736),5.667,yes,,
wall of tile 318A1A (room 0x5d),generic 0x1e4338 (preset 0x2736),5.667,yes,,
wall of tile 318A1A (room 0x5d),generic 0x1e4338 (preset 0x2736),17.870,no,"another wall pokes into the space between them, so a tighter pair covers this gap",generic 0x1e4338 (preset 0x2736)
wall of tile 318A1A (room 0x5d),generic 0x1e4440 (preset 0x2737),12.929,no,"another wall pokes into the space between them, so a tighter pair covers this gap",generic 0x1e4440 (preset 0x2737)
wall of tile 318A1A (room 0x5d),generic 0x1e4440 (preset 0x2737),5.831,yes,,
wall of tile 318A1A (room 0x5d),generic 0x1e4440 (preset 0x2737),5.831,yes,,
wall of tile 318A1A (room 0x5d),generic 0x1e4440 (preset 0x2737),17.870,no,"another wall pokes into the space between them, so a tighter pair covers this gap",generic 0x1e4440 (preset 0x2737)
wall of tile 1A901A (room 0x5e),wall of tile 2D8D11 (room 0x36),11.628,no,"the line between them leaves the walkable area (a wall's thickness, or another floor)",
wall of tile 1A901A (room 0x5e),generic 0x1e4128 (preset 0x2734),34.925,no,"another wall pokes into the space between them, so a tighter pair covers this gap",wall of tile 1A981A (room 0x5d)
wall of tile 1A901A (room 0x5e),generic 0x1e4128 (preset 0x2734),5.583,yes,,
wall of tile 1A901A (room 0x5e),generic 0x1e4128 (preset 0x2734),5.583,yes,,
wall of tile 1A901A (room 0x5e),generic 0x1e4128 (preset 0x2734),17.798,no,"another wall pokes into the space between them, so a tighter pair covers this gap",generic 0x1e4128 (preset 0x2734)
wall of tile 1AA01A (room 0x5e),wall of tile 1BB919 (room 0x61),50.097,no,the line between them touches another wall,wall of tile 1BB91A (room 0x61)
wall of tile 33451A (room 0x61),wall of tile 10F919 (room 0x61),54.114,no,"another wall pokes into the space between them, so a tighter pair covers this gap",wall of tile 33451A (room 0x61)
wall of tile 1A9619 (room 0x5d),generic 0x1e4230 (preset 0x2735),11.410,no,"another wall pokes into the space between them, so a tighter pair covers this gap",generic 0x1e4230 (preset 0x2735)
wall of tile 1A9619 (room 0x5d),generic 0x1e4230 (preset 0x2735),5.605,no,"another wall pokes into the space between them, so a tighter pair covers this gap",generic 0x1e4230 (preset 0x2735)
wall of tile 129C1A (room 0x62),generic 0x1e3c00 (preset 0x272f),56.296,no,"another wall pokes into the space between them, so a tighter pair covers this gap",wall of tile 127B18 (room 0x62)
wall of tile 129C1A (room 0x62),generic 0x1e3c00 (preset 0x272f),11.202,no,"another wall pokes into the space between them, so a tighter pair covers this gap",wall of tile 127B18 (room 0x62)
wall of tile 129C1A (room 0x62),generic 0x1e3c00 (preset 0x272f),33.431,no,"another wall pokes into the space between them, so a tighter pair covers this gap",generic 0x1e3c00 (preset 0x272f)
wall of tile 129C1A (room 0x62),generic 0x1e3d08 (preset 0x2730),4.673,yes,,
wall of tile 129C1A (room 0x62),generic 0x1e3d08 (preset 0x2730),15.056,no,"another wall pokes into the space between them, so a tighter pair covers this gap",generic 0x1e3d08 (preset 0x2730)
wall of tile 127B18 (room 0x62),wall of tile 2CC010 (room 0x44),32.484,no,"the line between them leaves the walkable area (a wall's thickness, or another floor)",
wall of tile 127B18 (room 0x62),wall of tile 1E1B10 (room 0x35),33.333,no,"the line between them leaves the walkable area (a wall's thickness, or another floor)",
wall of tile 127B18 (room 0x62),generic 0x1e3c00 (preset 0x272f),11.076,yes,,
wall of tile 127B18 (room 0x62),generic 0x1e3c00 (preset 0x272f),11.076,yes,,
wall of tile 127B18 (room 0x62),generic 0x1e3c00 (preset 0x272f),33.431,no,"another wall pokes into the space between them, so a tighter pair covers this gap",generic 0x1e3c00 (preset 0x272f)
wall of tile 127B18 (room 0x62),generic 0x1e3d08 (preset 0x2730),32.442,no,"another wall pokes into the space between them, so a tighter pair covers this gap",generic 0x1e3d08 (preset 0x2730)
wall of tile 127B18 (room 0x62),generic 0x1e3d08 (preset 0x2730),32.442,no,"another wall pokes into the space between them, so a tighter pair covers this gap",generic 0x1e3d08 (preset 0x2730)
wall of tile 127B18 (room 0x62),generic 0x1e3d08 (preset 0x2730),4.673,yes,,
wall of tile 127B18 (room 0x62),generic 0x1e3d08 (preset 0x2730),15.090,no,"another wall pokes into the space between them, so a tighter pair covers this gap",wall of tile 129C1A (room 0x62)
wall of tile 127618 (room 0x62),wall of tile 03CE10 (room 0x44),55.217,no,"the line between them leaves the walkable area (a wall's thickness, or another floor)",
wall of tile 127718 (room 0x62),wall of tile 03D310 (room 0x35),37.896,no,the far wall faces the other way (it belongs to floor which isn't linked here),
wall of tile 327F1A (room 0x62),wall of tile 03CE10 (room 0x44),27.425,no,"the line between them leaves the walkable area (a wall's thickness, or another floor)",
wall of tile 327F1A (room 0x62),wall of tile 2D1D10 (room 0x44),27.425,no,"the line between them leaves the walkable area (a wall's thickness, or another floor)",
wall of tile 327F1A (room 0x62),wall of tile 03D310 (room 0x35),46.296,no,the far wall faces the other way (it belongs to floor which isn't linked here),
wall of tile 327F1A (room 0x62),door 0x1e7c50 (preset 0x000c),0.365,no,"the line between them leaves the walkable area (a wall's thickness, or another floor)",
wall of tile 327F1A (room 0x62),door 0x1e7c50 (preset 0x000c),13.530,no,"the line between them leaves the walkable area (a wall's thickness, or another floor)",
wall of tile 327F1A (room 0x62),door 0x1e7c50 (preset 0x000c),0.000,no,"the line between them leaves the walkable area (a wall's thickness, or another floor)",
wall of tile 127A18 (room 0x62),wall of tile 2CC010 (room 0x44),32.484,no,"the line between them leaves the walkable area (a wall's thickness, or another floor)",
wall of tile 127A18 (room 0x62),wall of tile 1E1B10 (room 0x35),44.066,no,"the line between them leaves the walkable area (a wall's thickness, or another floor)",
wall of tile 327F19 (room 0x62),door 0x1e7d50 (preset 0x000d),11.631,no,"the line between them leaves the walkable area (a wall's thickness, or another floor)",
wall of tile 327F19 (room 0x62),door 0x1e7d50 (preset 0x000d),1.050,no,"the line between them leaves the walkable area (a wall's thickness, or another floor)",
wall of tile 32811A (room 0x62),wall of tile 33BC1A (room 0x49),21.656,no,the far wall faces the other way (it belongs to floor which isn't linked here),
wall of tile 32811A (room 0x62),wall of tile 33AD1A (room 0x48),21.940,no,the far wall faces the other way (it belongs to floor which isn't linked here),
wall of tile 32811A (room 0x62),wall of tile 2F5D19 (room 0x48),37.664,no,the far wall faces the other way (it belongs to floor which isn't linked here),
wall of tile 32811A (room 0x62),wall of tile 2F5F18 (room 0x48),38.758,no,the far wall faces the other way (it belongs to floor which isn't linked here),
wall of tile 32811A (room 0x62),wall of tile 2FBF19 (room 0x48),57.104,no,the far wall faces the other way (it belongs to floor which isn't linked here),
wall of tile 32811A (room 0x62),wall of tile 2FBE18 (room 0x48),56.679,no,the far wall faces the other way (it belongs to floor which isn't linked here),
wall of tile 32811A (room 0x62),wall of tile 03CE10 (room 0x44),46.296,no,"the line between them leaves the walkable area (a wall's thickness, or another floor)",
wall of tile 32811A (room 0x62),wall of tile 2D1D10 (room 0x44),46.296,no,"the line between them leaves the walkable area (a wall's thickness, or another floor)",
wall of tile 32811A (room 0x62),wall of tile 2F7018 (room 0x49),51.717,no,"the line between them leaves the walkable area (a wall's thickness, or another floor)",
wall of tile 32811A (room 0x62),wall of tile 2F7018 (room 0x49),3.507,no,the far wall faces the other way (it belongs to floor which isn't linked here),
wall of tile 32811A (room 0x62),wall of tile 11B318 (room 0x60),27.060,no,"the line between them leaves the walkable area (a wall's thickness, or another floor)",
wall of tile 32811A (room 0x62),door 0x1e7c50 (preset 0x000c),0.365,no,"the line between them leaves the walkable area (a wall's thickness, or another floor)",
wall of tile 32811A (room 0x62),door 0x1e8350 (preset 0x003f),23.004,no,the far wall faces the other way (it belongs to floor which isn't linked here),
wall of tile 32811A (room 0x62),door 0x1e8350 (preset 0x003f),23.033,no,the far wall faces the other way (it belongs to floor which isn't linked here),
wall of tile 32811A (room 0x62),door 0x1e8350 (preset 0x003f),23.038,no,the far wall faces the other way (it belongs to floor which isn't linked here),
wall of tile 32811A (room 0x62),door 0x1e8350 (preset 0x003f),23.004,no,the far wall faces the other way (it belongs to floor which isn't linked here),
wall of tile 328119 (room 0x62),wall of tile 11BC19 (room 0x60),50.097,no,the line between them touches another wall,wall of tile 11AD18 (room 0x60)
wall of tile 328119 (room 0x62),wall of tile 11E21A (room 0x60),52.942,no,"another wall pokes into the space between them, so a tighter pair covers this gap",wall of tile 11AD18 (room 0x60)
wall of tile 328119 (room 0x62),wall of tile 2F711A (room 0x49),4.479,no,the far wall faces the other way (it belongs to floor which isn't linked here),
wall of tile 328119 (room 0x62),wall of tile 2F5D19 (room 0x48),37.299,no,the far wall faces the other way (it belongs to floor which isn't linked here),
wall of tile 328119 (room 0x62),wall of tile 2F541A (room 0x48),46.296,no,the far wall faces the other way (it belongs to floor which isn't linked here),
wall of tile 328119 (room 0x62),wall of tile 2FBE18 (room 0x48),56.314,no,the far wall faces the other way (it belongs to floor which isn't linked here),
wall of tile 328119 (room 0x62),door 0x1e7d50 (preset 0x000d),1.058,no,"the line between them leaves the walkable area (a wall's thickness, or another floor)",
wall of tile 328119 (room 0x62),door 0x1e7d50 (preset 0x000d),1.897,no,the line between them touches another wall,door 0x1e7d50 (preset 0x000d)
wall of tile 328119 (room 0x62),glass 0x1e8778 (preset 0x274e),57.573,no,"the line between them leaves the walkable area (a wall's thickness, or another floor)",
wall of tile 328119 (room 0x62),glass 0x1e8778 (preset 0x274e),57.573,no,"the line between them leaves the walkable area (a wall's thickness, or another floor)",
wall of tile 11B418 (room 0x60),wall of tile 33BC1A (room 0x49),21.656,no,the far wall faces the other way (it belongs to floor which isn't linked here),
wall of tile 11B418 (room 0x60),wall of tile 33AD1A (room 0x48),24.212,no,the far wall faces the other way (it belongs to floor which isn't linked here),
wall of tile 11B418 (room 0x60),wall of tile 2D2210 (room 0x44),25.821,no,"the line between them leaves the walkable area (a wall's thickness, or another floor)",
wall of tile 11B418 (room 0x60),wall of tile 2F5D19 (room 0x48),37.664,no,the far wall faces the other way (it belongs to floor which isn't linked here),
wall of tile 11B418 (room 0x60),wall of tile 2F5F18 (room 0x48),37.898,no,the far wall faces the other way (it belongs to floor which isn't linked here),
wall of tile 11B418 (room 0x60),wall of tile 2F6019 (room 0x48),58.216,no,"the line between them leaves the walkable area (a wall's thickness, or another floor)",
wall of tile 11B418 (room 0x60),wall of tile 2FBF19 (room 0x48),56.846,no,the far wall faces the other way (it belongs to floor which isn't linked here),
wall of tile 11B418 (room 0x60),wall of tile 2FBE18 (room 0x48),56.679,no,the far wall faces the other way (it belongs to floor which isn't linked here),
wall of tile 11B418 (room 0x60),wall of tile 2F7018 (room 0x49),24.957,no,"the line between them leaves the walkable area (a wall's thickness, or another floor)",
wall of tile 11B418 (room 0x60),wall of tile 2F7018 (room 0x49),3.507,no,the far wall faces the other way (it belongs to floor which isn't linked here),
wall of tile 11B418 (room 0x60),door 0x1e8350 (preset 0x003f),23.034,no,the far wall faces the other way (it belongs to floor which isn't linked here),
wall of tile 11B418 (room 0x60),door 0x1e8350 (preset 0x003f),23.034,no,the far wall faces the other way (it belongs to floor which isn't linked here),
wall of tile 11B418 (room 0x60),door 0x1e8350 (preset 0x003f),23.039,no,the far wall faces the other way (it belongs to floor which isn't linked here),
wall of tile 11B418 (room 0x60),door 0x1e8350 (preset 0x003f),27.066,no,the far wall faces the other way (it belongs to floor which isn't linked here),
wall of tile 11AD18 (room 0x60),wall of tile 11E21A (room 0x60),6.053,no,the line between them touches another wall,wall of tile 11BC19 (room 0x60)
wall of tile 11AD18 (room 0x60),wall of tile 2F711A (room 0x49),4.294,no,the far wall faces the other way (it belongs to floor which isn't linked here),
wall of tile 11AD18 (room 0x60),wall of tile 2D2412 (room 0x44),27.163,no,"the line between them leaves the walkable area (a wall's thickness, or another floor)",
wall of tile 11AD18 (room 0x60),wall of tile 2F5D19 (room 0x48),37.299,no,the far wall faces the other way (it belongs to floor which isn't linked here),
wall of tile 11AD18 (room 0x60),wall of tile 2F5518 (room 0x48),58.142,no,the far wall faces the other way (it belongs to floor which isn't linked here),
wall of tile 11AD18 (room 0x60),wall of tile 2F541A (room 0x48),37.299,no,the far wall faces the other way (it belongs to floor which isn't linked here),
wall of tile 11AD18 (room 0x60),wall of tile 2FBE18 (room 0x48),56.314,no,the far wall faces the other way (it belongs to floor which isn't linked here),
wall of tile 11AD18 (room 0x60),wall of tile 2FBE18 (room 0x48),56.314,no,the far wall faces the other way (it belongs to floor which isn't linked here),
wall of tile 11AD18 (room 0x60),glass 0x1e8778 (preset 0x274e),15.429,no,"the line between them leaves the walkable area (a wall's thickness, or another floor)",
wall of tile 11AD18 (room 0x60),glass 0x1e8778 (preset 0x274e),15.429,no,"the line between them leaves the walkable area (a wall's thickness, or another floor)",
wall of tile 11B518 (room 0x60),wall of tile 11D819 (room 0x5f),26.738,no,"the line between them leaves the walkable area (a wall's thickness, or another floor)",
wall of tile 11B518 (room 0x60),wall of tile 11DC1A (room 0x5f),34.507,no,"the line between them leaves the walkable area (a wall's thickness, or another floor)",
wall of tile 11B518 (room 0x60),wall of tile 11DD19 (room 0x5f),57.583,no,"the line between them leaves the walkable area (a wall's thickness, or another floor)",
wall of tile 11B518 (room 0x60),wall of tile 33AE18 (room 0x49),38.758,no,"the line between them leaves the walkable area (a wall's thickness, or another floor)",
wall of tile 11B518 (room 0x60),wall of tile 2F6F18 (room 0x49),17.381,no,"the line between them leaves the walkable area (a wall's thickness, or another floor)",
wall of tile 11E319 (room 0x60),wall of tile 11DC1A (room 0x5f),25.716,no,"the line between them leaves the walkable area (a wall's thickness, or another floor)",
wall of tile 11E319 (room 0x60),wall of tile 11DD19 (room 0x5f),52.786,no,"the line between them leaves the walkable area (a wall's thickness, or another floor)",
wall of tile 11BC19 (room 0x60),wall of tile 2D2412 (room 0x44),27.163,no,"the line between them leaves the walkable area (a wall's thickness, or another floor)",
wall of tile 11BC19 (room 0x60),wall of tile 2F5D19 (room 0x48),40.604,no,the far wall faces the other way (it belongs to floor which isn't linked here),
wall of tile 11BC19 (room 0x60),wall of tile 2F5518 (room 0x48),52.942,no,the far wall faces the other way (it belongs to floor which isn't linked here),
wall of tile 11BC19 (room 0x60),wall of tile 2F541A (room 0x48),40.604,no,the far wall faces the other way (it belongs to floor which isn't linked here),
wall of tile 11BC19 (room 0x60),wall of tile 2FBE18 (room 0x48),55.806,no,the far wall faces the other way (it belongs to floor which isn't linked here),
wall of tile 11BC19 (room 0x60),wall of tile 2FBE18 (room 0x48),55.806,no,the far wall faces the other way (it belongs to floor which isn't linked here),
wall of tile 11BC19 (room 0x60),glass 0x1e8778 (preset 0x274e),15.429,no,"the line between them leaves the walkable area (a wall's thickness, or another floor)",
wall of tile 11BC19 (room 0x60),glass 0x1e8778 (preset 0x274e),15.429,no,"the line between them leaves the walkable area (a wall's thickness, or another floor)",
wall of tile 11E21A (room 0x60),wall of tile 11D81A (room 0x5f),4.280,no,the line between them touches another wall,wall of tile 11F419 (room 0x60)
wall of tile 11E21A (room 0x60),wall of tile 11DC19 (room 0x5f),28.712,no,"another wall pokes into the space between them, so a tighter pair covers this gap",wall of tile 11F419 (room 0x60)
wall of tile 11E21A (room 0x60),wall of tile 11DD1A (room 0x5f),55.641,no,"another wall pokes into the space between them, so a tighter pair covers this gap",wall of tile 11F419 (room 0x60)
wall of tile 11E21A (room 0x60),wall of tile 2D2412 (room 0x44),29.550,no,"the line between them leaves the walkable area (a wall's thickness, or another floor)",
wall of tile 11E21A (room 0x60),wall of tile 2F5D19 (room 0x48),40.604,no,the far wall faces the other way (it belongs to floor which isn't linked here),
wall of tile 11E21A (room 0x60),wall of tile 2F5518 (room 0x48),52.942,no,the far wall faces the other way (it belongs to floor which isn't linked here),
wall of tile 11E21A (room 0x60),wall of tile 2F541A (room 0x48),40.604,no,the far wall faces the other way (it belongs to floor which isn't linked here),
wall of tile 11E21A (room 0x60),wall of tile 2FBE18 (room 0x48),55.806,no,the far wall faces the other way (it belongs to floor which isn't linked here),
wall of tile 11E21A (room 0x60),wall of tile 2FBE18 (room 0x48),55.806,no,the far wall faces the other way (it belongs to floor which isn't linked here),
wall of tile 11E21A (room 0x60),glass 0x1e8778 (preset 0x274e),16.208,no,"the line between them leaves the walkable area (a wall's thickness, or another floor)",
wall of tile 11E21A (room 0x60),glass 0x1e8778 (preset 0x274e),58.201,no,"the line between them leaves the walkable area (a wall's thickness, or another floor)",
wall of tile 11E21A (room 0x60),glass 0x1e8778 (preset 0x274e),16.211,no,"the line between them leaves the walkable area (a wall's thickness, or another floor)",
wall of tile 11F419 (room 0x60),wall of tile 11DC19 (room 0x5f),27.070,no,the line between them touches another wall,wall of tile 11D81A (room 0x5f)
wall of tile 11F419 (room 0x60),wall of tile 11DD1A (room 0x5f),54.139,no,the line between them touches another wall,wall of tile 11D81A (room 0x5f)
wall of tile 11F419 (room 0x60),wall of tile 2F711A (room 0x49),0.970,no,the far wall faces the other way (it belongs to floor which isn't linked here),
wall of tile 11F419 (room 0x60),wall of tile 2D2412 (room 0x44),25.521,no,"the line between them leaves the walkable area (a wall's thickness, or another floor)",
wall of tile 11F419 (room 0x60),glass 0x1e8778 (preset 0x274e),12.183,no,"the line between them leaves the walkable area (a wall's thickness, or another floor)",
wall of tile 11F419 (room 0x60),glass 0x1e8778 (preset 0x274e),55.791,no,"the line between them leaves the walkable area (a wall's thickness, or another floor)",
wall of tile 11F419 (room 0x60),glass 0x1e8778 (preset 0x274e),12.186,no,"the line between them leaves the walkable area (a wall's thickness, or another floor)",
wall of tile 11D819 (room 0x5f),wall of tile 11DD19 (room 0x5f),27.070,no,the line between them touches another wall,wall of tile 11DC1A (room 0x5f)
wall of tile 11D819 (room 0x5f),wall of tile 11E119 (room 0x5f),54.139,no,the line between them touches another wall,wall of tile 11DC1A (room 0x5f)
wall of tile 11D81A (room 0x5f),wall of tile 11DD1A (room 0x5f),27.070,no,the line between them touches another wall,wall of tile 11DC19 (room 0x5f)
wall of tile 11D81A (room 0x5f),wall of tile 11E11A (room 0x5f),55.641,no,"the line between them leaves the walkable area (a wall's thickness, or another floor)",
wall of tile 11D81A (room 0x5f),wall of tile 2F711A (room 0x49),4.155,no,the far wall faces the other way (it belongs to floor which isn't linked here),
wall of tile 11D81A (room 0x5f),wall of tile 2D2412 (room 0x44),25.521,no,"the line between them leaves the walkable area (a wall's thickness, or another floor)",
wall of tile 11D81A (room 0x5f),glass 0x1e8778 (preset 0x274e),12.183,no,"the line between them leaves the walkable area (a wall's thickness, or another floor)",
wall of tile 11D81A (room 0x5f),glass 0x1e8778 (preset 0x274e),30.251,no,"the line between them leaves the walkable area (a wall's thickness, or another floor)",
wall of tile 11D81A (room 0x5f),glass 0x1e8778 (preset 0x274e),12.186,no,"the line between them leaves the walkable area (a wall's thickness, or another floor)",
wall of tile 11DC1A (room 0x5f),wall of tile 11E119 (room 0x5f),27.070,no,the line between them touches another wall,wall of tile 11DD19 (room 0x5f)
wall of tile 11DC1A (room 0x5f),wall of tile 11E019 (room 0x5f),55.641,no,"another wall pokes into the space between them, so a tighter pair covers this gap",wall of tile 11DD19 (room 0x5f)
wall of tile 11DC19 (room 0x5f),wall of tile 11E11A (room 0x5f),28.712,no,the line between them touches another wall,wall of tile 11DD1A (room 0x5f)
wall of tile 11DC19 (room 0x5f),wall of tile 11E01A (room 0x5f),51.717,no,"another wall pokes into the space between them, so a tighter pair covers this gap",wall of tile 11DD1A (room 0x5f)
wall of tile 11DC19 (room 0x5f),wall of tile 2F711A (room 0x49),3.324,no,the far wall faces the other way (it belongs to floor which isn't linked here),
wall of tile 11DC19 (room 0x5f),wall of tile 2D2412 (room 0x44),26.118,no,"the line between them leaves the walkable area (a wall's thickness, or another floor)",
wall of tile 11DC19 (room 0x5f),glass 0x1e8778 (preset 0x274e),12.856,no,"the line between them leaves the walkable area (a wall's thickness, or another floor)",
wall of tile 11DC19 (room 0x5f),glass 0x1e8778 (preset 0x274e),13.534,no,"the line between them leaves the walkable area (a wall's thickness, or another floor)",
wall of tile 11DC19 (room 0x5f),glass 0x1e8778 (preset 0x274e),12.860,no,"the line between them leaves the walkable area (a wall's thickness, or another floor)",
wall of tile 11DD19 (room 0x5f),wall of tile 11E019 (room 0x5f),28.712,no,the line between them touches another wall,wall of tile 11E119 (room 0x5f)
wall of tile 11DD19 (room 0x5f),wall of tile 11DF19 (room 0x5f),51.717,no,"the line between them leaves the walkable area (a wall's thickness, or another floor)",
wall of tile 11DD1A (room 0x5f),wall of tile 11E01A (room 0x5f),23.049,no,the line between them touches another wall,wall of tile 11E11A (room 0x5f)
wall of tile 11DD1A (room 0x5f),wall of tile 11DF1A (room 0x5f),50.097,no,"another wall pokes into the space between them, so a tighter pair covers this gap",wall of tile 11E01A (room 0x5f)
wall of tile 11DD1A (room 0x5f),wall of tile 2F711A (room 0x49),3.324,no,the far wall faces the other way (it belongs to floor which isn't linked here),
wall of tile 11DD1A (room 0x5f),wall of tile 2D2412 (room 0x44),54.477,no,"the line between them leaves the walkable area (a wall's thickness, or another floor)",
wall of tile 11DD1A (room 0x5f),wall of tile 2D2412 (room 0x44),23.282,no,"the line between them leaves the walkable area (a wall's thickness, or another floor)",
wall of tile 11DD1A (room 0x5f),wall of tile 2FED19 (room 0x48),42.801,no,"the line between them leaves the walkable area (a wall's thickness, or another floor)",
wall of tile 11DD1A (room 0x5f),wall of tile 2F5C19 (room 0x48),42.801,no,"the line between them leaves the walkable area (a wall's thickness, or another floor)",
wall of tile 11DD1A (room 0x5f),glass 0x1e8778 (preset 0x274e),13.400,no,"the line between them leaves the walkable area (a wall's thickness, or another floor)",
wall of tile 11DD1A (room 0x5f),glass 0x1e8778 (preset 0x274e),13.293,no,"the line between them leaves the walkable area (a wall's thickness, or another floor)",
wall of tile 11DD1A (room 0x5f),glass 0x1e8778 (preset 0x274e),13.293,no,"the line between them leaves the walkable area (a wall's thickness, or another floor)",
wall of tile 11E119 (room 0x5f),wall of tile 11DF19 (room 0x5f),23.049,no,the line between them touches another wall,wall of tile 11E019 (room 0x5f)
wall of tile 11E119 (room 0x5f),wall of tile 11FB1A (room 0x5f),51.432,no,"the line between them leaves the walkable area (a wall's thickness, or another floor)",
wall of tile 11E119 (room 0x5f),wall of tile 11FC1A (room 0x5f),55.806,no,"the line between them leaves the walkable area (a wall's thickness, or another floor)",
wall of tile 11E119 (room 0x5f),wall of tile 2F7119 (room 0x49),52.873,no,"the line between them leaves the walkable area (a wall's thickness, or another floor)",
wall of tile 11E11A (room 0x5f),wall of tile 11DF1A (room 0x5f),27.070,no,the line between them touches another wall,wall of tile 11E01A (room 0x5f)
wall of tile 11E11A (room 0x5f),wall of tile 11DE19 (room 0x5f),57.104,no,"another wall pokes into the space between them, so a tighter pair covers this gap",wall of tile 11E01A (room 0x5f)
wall of tile 11E11A (room 0x5f),wall of tile 2F711A (room 0x49),6.510,no,the far wall faces the other way (it belongs to floor which isn't linked here),
wall of tile 11E11A (room 0x5f),wall of tile 2D2412 (room 0x44),34.507,no,"the line between them leaves the walkable area (a wall's thickness, or another floor)",
wall of tile 11E11A (room 0x5f),wall of tile 2D2412 (room 0x44),22.436,no,"the line between them leaves the walkable area (a wall's thickness, or another floor)",
wall of tile 11E11A (room 0x5f),wall of tile 2FED19 (room 0x48),26.035,no,"the line between them leaves the walkable area (a wall's thickness, or another floor)",
wall of tile 11E11A (room 0x5f),wall of tile 2F5C19 (room 0x48),26.035,no,"the line between them leaves the walkable area (a wall's thickness, or another floor)",
wall of tile 11E11A (room 0x5f),wall of tile 2F7119 (room 0x49),57.104,no,the far wall faces the other way (it belongs to floor which isn't linked here),
wall of tile 11E11A (room 0x5f),glass 0x1e8778 (preset 0x274e),29.975,no,"the line between them leaves the walkable area (a wall's thickness, or another floor)",
wall of tile 11E11A (room 0x5f),glass 0x1e8778 (preset 0x274e),29.078,no,"the line between them leaves the walkable area (a wall's thickness, or another floor)",
wall of tile 11E11A (room 0x5f),glass 0x1e8778 (preset 0x274e),29.078,no,"the line between them leaves the walkable area (a wall's thickness, or another floor)",
wall of tile 11E01A (room 0x5f),wall of tile 11DE19 (room 0x5f),30.265,no,the line between them touches another wall,wall of tile 11DF1A (room 0x5f)
wall of tile 11E01A (room 0x5f),wall of tile 2F711A (room 0x49),6.326,no,the far wall faces the other way (it belongs to floor which isn't linked here),
wall of tile 11E01A (room 0x5f),wall of tile 2D2412 (room 0x44),23.009,no,"the line between them leaves the walkable area (a wall's thickness, or another floor)",
wall of tile 11E01A (room 0x5f),wall of tile 2D2412 (room 0x44),22.436,no,"the line between them leaves the walkable area (a wall's thickness, or another floor)",
wall of tile 11E01A (room 0x5f),wall of tile 2FED19 (room 0x48),23.009,no,"the line between them leaves the walkable area (a wall's thickness, or another floor)",
wall of tile 11E01A (room 0x5f),wall of tile 2F5C19 (room 0x48),23.009,no,"the line between them leaves the walkable area (a wall's thickness, or another floor)",
wall of tile 11E01A (room 0x5f),wall of tile 2F7119 (room 0x49),30.265,no,the line between them touches another wall,wall of tile 11DF1A (room 0x5f)
wall of tile 11E01A (room 0x5f),glass 0x1e8778 (preset 0x274e),52.084,no,"the line between them leaves the walkable area (a wall's thickness, or another floor)",
wall of tile 11E01A (room 0x5f),glass 0x1e8778 (preset 0x274e),51.144,no,"the line between them leaves the walkable area (a wall's thickness, or another floor)",
wall of tile 11E01A (room 0x5f),glass 0x1e8778 (preset 0x274e),51.144,no,"the line between them leaves the walkable area (a wall's thickness, or another floor)",
wall of tile 11E019 (room 0x5f),wall of tile 11FB1A (room 0x5f),28.423,no,"the line between them leaves the walkable area (a wall's thickness, or another floor)",
wall of tile 11E019 (room 0x5f),wall of tile 11FC1A (room 0x5f),36.569,no,"the line between them leaves the walkable area (a wall's thickness, or another floor)",
wall of tile 11E019 (room 0x5f),wall of tile 11FD1A (room 0x5f),57.583,no,"the line between them leaves the walkable area (a wall's thickness, or another floor)",
wall of tile 11E019 (room 0x5f),wall of tile 2F7119 (room 0x49),29.836,no,"the line between them leaves the walkable area (a wall's thickness, or another floor)",
wall of tile 11DF19 (room 0x5f),wall of tile 11FC1A (room 0x5f),26.798,no,"the line between them leaves the walkable area (a wall's thickness, or another floor)",
wall of tile 11DF19 (room 0x5f),wall of tile 11FD1A (room 0x5f),53.595,no,"the line between them leaves the walkable area (a wall's thickness, or another floor)",
wall of tile 11DF19 (room 0x5f),wall of tile 2F7119 (room 0x49),1.318,no,the far wall faces the other way (it belongs to floor which isn't linked here),
wall of tile 11DF1A (room 0x5f),wall of tile 2D2412 (room 0x44),23.049,no,"the line between them leaves the walkable area (a wall's thickness, or another floor)",
wall of tile 11DF1A (room 0x5f),wall of tile 2D2412 (room 0x44),23.049,no,"the line between them leaves the walkable area (a wall's thickness, or another floor)",
wall of tile 11DF1A (room 0x5f),wall of tile 2FED19 (room 0x48),27.406,no,"the line between them leaves the walkable area (a wall's thickness, or another floor)",
wall of tile 11DF1A (room 0x5f),wall of tile 2F5C19 (room 0x48),27.406,no,"the line between them leaves the walkable area (a wall's thickness, or another floor)",
wall of tile 11DE19 (room 0x5f),wall of tile 2D2412 (room 0x44),42.154,no,"the line between them leaves the walkable area (a wall's thickness, or another floor)",
wall of tile 11DE19 (room 0x5f),wall of tile 2D2412 (room 0x44),42.154,no,"the line between them leaves the walkable area (a wall's thickness, or another floor)",
wall of tile 11DE19 (room 0x5f),wall of tile 2FED19 (room 0x48),52.942,no,"the line between them leaves the walkable area (a wall's thickness, or another floor)",
wall of tile 11DE19 (room 0x5f),wall of tile 2FED1A (room 0x48),29.619,no,"the line between them leaves the walkable area (a wall's thickness, or another floor)",
wall of tile 11DE19 (room 0x5f),wall of tile 2F5C19 (room 0x48),52.942,no,"the line between them leaves the walkable area (a wall's thickness, or another floor)",
wall of tile 11DE19 (room 0x5f),wall of tile 2F5A1A (room 0x48),29.619,no,"the line between them leaves the walkable area (a wall's thickness, or another floor)",
wall of tile 11DE19 (room 0x5f),wall of tile 2D1F10 (room 0x44),42.154,no,"the line between them leaves the walkable area (a wall's thickness, or another floor)",
wall of tile 11DE19 (room 0x5f),wall of tile 2D2512 (room 0x44),30.627,no,"the line between them leaves the walkable area (a wall's thickness, or another floor)",
wall of tile 11DE19 (room 0x5f),wall of tile 2D2512 (room 0x44),31.082,no,"the line between them leaves the walkable area (a wall's thickness, or another floor)",
wall of tile 11DE19 (room 0x5f),wall of tile 11FC19 (room 0x5f),23.049,no,the line between them touches another wall,wall of tile 11FB19 (room 0x5f)
wall of tile 11DE19 (room 0x5f),wall of tile 11FD19 (room 0x5f),51.717,no,"the line between them leaves the walkable area (a wall's thickness, or another floor)",
wall of tile 11DE19 (room 0x5f),wall of tile 2FED1A (room 0x48),52.942,no,"the line between them leaves the walkable area (a wall's thickness, or another floor)",
wall of tile 11DE19 (room 0x5f),wall of tile 2F5A1A (room 0x48),52.942,no,"the line between them leaves the walkable area (a wall's thickness, or another floor)",
wall of tile 11DE19 (room 0x5f),wall of tile 2D1F10 (room 0x44),42.154,no,"the line between them leaves the walkable area (a wall's thickness, or another floor)",
wall of tile 11DE19 (room 0x5f),wall of tile 2D2512 (room 0x44),30.627,no,"the line between them leaves the walkable area (a wall's thickness, or another floor)",
wall of tile 11DE19 (room 0x5f),wall of tile 2D2512 (room 0x44),57.104,no,"the line between them leaves the walkable area (a wall's thickness, or another floor)",
wall of tile 11FB19 (room 0x5f),wall of tile 11FD19 (room 0x5f),28.712,no,the line between them touches another wall,wall of tile 11FC19 (room 0x5f)
wall of tile 11FB19 (room 0x5f),wall of tile 11F819 (room 0x5f),55.641,no,"another wall pokes into the space between them, so a tighter pair covers this gap",wall of tile 11FC19 (room 0x5f)
wall of tile 11FB1A (room 0x5f),wall of tile 11FD1A (room 0x5f),27.070,no,the line between them touches another wall,wall of tile 11FC1A (room 0x5f)
wall of tile 11FB1A (room 0x5f),wall of tile 11F81A (room 0x5f),50.097,no,"another wall pokes into the space between them, so a tighter pair covers this gap",wall of tile 11FD1A (room 0x5f)
wall of tile 11FB1A (room 0x5f),wall of tile 2F7119 (room 0x49),1.318,no,the far wall faces the other way (it belongs to floor which isn't linked here),
wall of tile 11FC19 (room 0x5f),wall of tile 11F819 (room 0x5f),27.070,no,the line between them touches another wall,wall of tile 11FD19 (room 0x5f)
wall of tile 11FC19 (room 0x5f),wall of tile 11F919 (room 0x5f),54.139,no,the line between them touches another wall,wall of tile 11FD19 (room 0x5f)
wall of tile 11FC1A (room 0x5f),wall of tile 11F81A (room 0x5f),23.049,no,the line between them touches another wall,wall of tile 11FD1A (room 0x5f)
wall of tile 11FC1A (room 0x5f),wall of tile 11F91A (room 0x5f),50.097,no,"the line between them leaves the walkable area (a wall's thickness, or another floor)",
wall of tile 11FC1A (room 0x5f),wall of tile 2F7119 (room 0x49),2.012,no,the far wall faces the other way (it belongs to floor which isn't linked here),
wall of tile 11FD19 (room 0x5f),wall of tile 11F919 (room 0x5f),27.070,no,the line between them touches another wall,wall of tile 11F819 (room 0x5f)
wall of tile 11FD19 (room 0x5f),wall of tile 11FA19 (room 0x5f),54.139,no,the line between them touches another wall,wall of tile 11F819 (room 0x5f)
wall of tile 11FD1A (room 0x5f),wall of tile 11F91A (room 0x5f),27.070,no,the line between them touches another wall,wall of tile 11F81A (room 0x5f)
wall of tile 11FD1A (room 0x5f),wall of tile 11FA1A (room 0x5f),55.641,no,"another wall pokes into the space between them, so a tighter pair covers this gap",wall of tile 11F91A (room 0x5f)
wall of tile 11FD1A (room 0x5f),wall of tile 2F7119 (room 0x49),1.943,no,the far wall faces the other way (it belongs to floor which isn't linked here),
wall of tile 11F819 (room 0x5f),wall of tile 11FA19 (room 0x5f),27.070,no,the line between them touches another wall,wall of tile 11F919 (room 0x5f)
wall of tile 11F819 (room 0x5f),wall of tile 11DB19 (room 0x5f),54.139,no,the line between them touches another wall,wall of tile 11F919 (room 0x5f)
wall of tile 11F81A (room 0x5f),wall of tile 11FA1A (room 0x5f),28.712,no,the line between them touches another wall,wall of tile 11F91A (room 0x5f)
wall of tile 11F81A (room 0x5f),wall of tile 11F71A (room 0x5f),55.493,no,"the line between them leaves the walkable area (a wall's thickness, or another floor)",
wall of tile 11F81A (room 0x5f),wall of tile 2F7119 (room 0x49),1.943,no,the far wall faces the other way (it belongs to floor which isn't linked here),
wall of tile 11F81A (room 0x5f),wall of tile 2F7119 (room 0x49),55.493,no,"the line between them leaves the walkable area (a wall's thickness, or another floor)",
wall of tile 11F919 (room 0x5f),wall of tile 11DB19 (room 0x5f),27.070,no,the line between them touches another wall,wall of tile 11FA19 (room 0x5f)
wall of tile 11F91A (room 0x5f),wall of tile 11F71A (room 0x5f),27.070,no,the line between them touches another wall,wall of tile 11FA1A (room 0x5f)
wall of tile 11F91A (room 0x5f),wall of tile 11DA1A (room 0x5f),38.282,no,"the line between them leaves the walkable area (a wall's thickness, or another floor)",
wall of tile 11F91A (room 0x5f),wall of tile 2F7119 (room 0x49),27.070,no,the line between them touches another wall,wall of tile 11FA1A (room 0x5f)
wall of tile 11FA1A (room 0x5f),wall of tile 11DA1A (room 0x5f),27.070,no,the line between them touches another wall,wall of tile 11F71A (room 0x5f)
wall of tile 11FA1A (room 0x5f),wall of tile 11D91A (room 0x5f),54.139,no,the line between them touches another wall,wall of tile 11F71A (room 0x5f)
wall of tile 11DB19 (room 0x5f),wall of tile 11DA19 (room 0x5f),27.070,no,the line between them touches another wall,wall of tile 11F719 (room 0x5f)
wall of tile 11DB19 (room 0x5f),wall of tile 11D919 (room 0x5f),54.139,no,the line between them touches another wall,wall of tile 11F719 (room 0x5f)
wall of tile 11F719 (room 0x5f),wall of tile 11D919 (room 0x5f),27.070,no,the line between them touches another wall,wall of tile 11DA19 (room 0x5f)
wall of tile 11F719 (room 0x5f),wall of tile 33AE18 (room 0x49),55.641,no,"the line between them leaves the walkable area (a wall's thickness, or another floor)",
wall of tile 11F71A (room 0x5f),wall of tile 11D91A (room 0x5f),27.070,no,the line between them touches another wall,wall of tile 11DA1A (room 0x5f)
wall of tile 11DA19 (room 0x5f),wall of tile 33AE18 (room 0x49),28.712,no,the line between them touches another wall,wall of tile 11D919 (room 0x5f)
wall of tile 11DA1A (room 0x5f),wall of tile 2F7119 (room 0x49),27.061,no,"the line between them leaves the walkable area (a wall's thickness, or another floor)",
wall of tile 11D919 (room 0x5f),wall of tile 2F6F18 (room 0x49),44.685,no,the line between them touches another wall,wall of tile 33AE18 (room 0x49)
wall of tile 11D91A (room 0x5f),wall of tile 2F7119 (room 0x49),54.122,no,"the line between them leaves the walkable area (a wall's thickness, or another floor)",
wall of tile 33AE18 (room 0x49),wall of tile 33B918 (room 0x60),38.758,no,the far wall faces the other way (it belongs to floor which isn't linked here),
wall of tile 2F711A (room 0x49),wall of tile 33AD19 (room 0x48),15.432,no,the line between them touches another wall,wall of tile 33BC19 (room 0x49)
wall of tile 2F711A (room 0x49),wall of tile 2D2412 (room 0x44),29.366,no,"the line between them leaves the walkable area (a wall's thickness, or another floor)",
wall of tile 2F711A (room 0x49),wall of tile 2D2412 (room 0x44),29.366,no,"the line between them leaves the walkable area (a wall's thickness, or another floor)",
wall of tile 2F711A (room 0x49),wall of tile 2FED19 (room 0x48),29.781,no,"the line between them leaves the walkable area (a wall's thickness, or another floor)",
wall of tile 2F711A (room 0x49),wall of tile 2F5C19 (room 0x48),29.781,no,"the line between them leaves the walkable area (a wall's thickness, or another floor)",
wall of tile 2F711A (room 0x49),wall of tile 2F5D19 (room 0x48),32.545,no,the far wall faces the other way (it belongs to floor which isn't linked here),
wall of tile 2F711A (room 0x49),wall of tile 2F5518 (room 0x48),53.837,no,the far wall faces the other way (it belongs to floor which isn't linked here),
wall of tile 2F711A (room 0x49),wall of tile 2F541A (room 0x48),32.921,no,the far wall faces the other way (it belongs to floor which isn't linked here),
wall of tile 2F711A (room 0x49),wall of tile 2FBE18 (room 0x48),51.560,no,the far wall faces the other way (it belongs to floor which isn't linked here),
wall of tile 2F711A (room 0x49),wall of tile 2FBE18 (room 0x48),51.944,no,the far wall faces the other way (it belongs to floor which isn't linked here),
wall of tile 2F711A (room 0x49),door 0x1e8350 (preset 0x003f),5.894,no,"another wall pokes into the space between them, so a tighter pair covers this gap",wall of tile 33BC19 (room 0x49)
wall of tile 2F711A (room 0x49),door 0x1e8350 (preset 0x003f),5.894,no,"another wall pokes into the space between them, so a tighter pair covers this gap",wall of tile 33BC19 (room 0x49)
wall of tile 2F711A (room 0x49),door 0x1e8350 (preset 0x003f),19.737,no,"the line between them leaves the walkable area (a wall's thickness, or another floor)",
wall of tile 2F711A (room 0x49),door 0x1e8350 (preset 0x003f),19.739,no,"the line between them leaves the walkable area (a wall's thickness, or another floor)",
wall of tile 2F711A (room 0x49),glass 0x1e8778 (preset 0x274e),16.852,no,"the line between them leaves the walkable area (a wall's thickness, or another floor)",
wall of tile 2F711A (room 0x49),glass 0x1e8778 (preset 0x274e),16.852,no,"the line between them leaves the walkable area (a wall's thickness, or another floor)",
wall of tile 2F711A (room 0x49),glass 0x1e8778 (preset 0x274e),16.852,no,"the line between them leaves the walkable area (a wall's thickness, or another floor)",
wall of tile 2F6F18 (room 0x49),wall of tile 2F5E18 (room 0x48),40.743,no,the far wall faces the other way (it belongs to floor which isn't linked here),
wall of tile 2F6F18 (room 0x49),wall of tile 2F571A (room 0x48),39.338,no,the far wall faces the other way (it belongs to floor which isn't linked here),
wall of tile 2F6F18 (room 0x49),wall of tile 2F561A (room 0x48),39.338,no,the far wall faces the other way (it belongs to floor which isn't linked here),
wall of tile 2F6F18 (room 0x49),wall of tile 33B918 (room 0x60),17.381,no,the far wall faces the other way (it belongs to floor which isn't linked here),
wall of tile 2F6F18 (room 0x49),wall of tile 11B318 (room 0x60),19.629,no,the far wall faces the other way (it belongs to floor which isn't linked here),
wall of tile 33BC19 (room 0x49),wall of tile 2D2412 (room 0x44),17.647,no,the line between them touches another wall,wall of tile 33AD19 (room 0x48)
wall of tile 33BC19 (room 0x49),wall of tile 2F5D19 (room 0x48),32.545,no,the far wall faces the other way (it belongs to floor which isn't linked here),
wall of tile 33BC19 (room 0x49),wall of tile 2FBE18 (room 0x48),51.560,no,the far wall faces the other way (it belongs to floor which isn't linked here),
wall of tile 33BC19 (room 0x49),door 0x1e8350 (preset 0x003f),0.800,no,"another wall pokes into the space between them, so a tighter pair covers this gap",door 0x1e8350 (preset 0x003f)
wall of tile 33BC19 (room 0x49),door 0x1e8350 (preset 0x003f),4.849,no,"the line between them leaves the walkable area (a wall's thickness, or another floor)",
wall of tile 33BC19 (room 0x49),door 0x1e8350 (preset 0x003f),4.621,no,the line between them touches another wall,door 0x1e8350 (preset 0x003f)
wall of tile 33BC1A (room 0x49),wall of tile 2D2210 (room 0x44),17.503,no,"the line between them leaves the walkable area (a wall's thickness, or another floor)",
wall of tile 33BC1A (room 0x49),wall of tile 2F5D19 (room 0x48),34.373,no,the far wall faces the other way (it belongs to floor which isn't linked here),
wall of tile 33BC1A (room 0x49),wall of tile 2F5F18 (room 0x48),46.098,no,the far wall faces the other way (it belongs to floor which isn't linked here),
wall of tile 33BC1A (room 0x49),wall of tile 2FBE18 (room 0x48),53.388,no,the far wall faces the other way (it belongs to floor which isn't linked here),
wall of tile 33BC1A (room 0x49),wall of tile 11B318 (room 0x60),48.634,no,"the line between them leaves the walkable area (a wall's thickness, or another floor)",
wall of tile 33BC1A (room 0x49),door 0x1e8350 (preset 0x003f),1.072,no,"another wall pokes into the space between them, so a tighter pair covers this gap",wall of tile 33AD1A (room 0x48)
wall of tile 33BC1A (room 0x49),door 0x1e8350 (preset 0x003f),1.366,no,"another wall pokes into the space between them, so a tighter pair covers this gap",door 0x1e8350 (preset 0x003f)
wall of tile 33BC1A (room 0x49),door 0x1e8350 (preset 0x003f),1.371,no,"another wall pokes into the space between them, so a tighter pair covers this gap",door 0x1e8350 (preset 0x003f)
wall of tile 33BC1A (room 0x49),door 0x1e8350 (preset 0x003f),4.161,no,"another wall pokes into the space between them, so a tighter pair covers this gap",wall of tile 33AD1A (room 0x48)
wall of tile 33AD1A (room 0x48),wall of tile 2F5C19 (room 0x48),49.508,no,the far wall faces the other way (it belongs to floor which isn't linked here),
wall of tile 33AD1A (room 0x48),wall of tile 2F5D19 (room 0x48),47.903,no,the far wall faces the other way (it belongs to floor which isn't linked here),
wall of tile 33AD1A (room 0x48),wall of tile 2F5F18 (room 0x48),57.104,no,"the line between them leaves the walkable area (a wall's thickness, or another floor)",
wall of tile 33AD1A (room 0x48),wall of tile 2F7018 (room 0x49),13.535,no,the line between them touches another wall,wall of tile 33BC1A (room 0x49)
wall of tile 33AD1A (room 0x48),wall of tile 11B318 (room 0x60),49.914,no,"the line between them leaves the walkable area (a wall's thickness, or another floor)",
wall of tile 33AD1A (room 0x48),door 0x1e8350 (preset 0x003f),0.641,yes,,
wall of tile 33AD1A (room 0x48),door 0x1e8350 (preset 0x003f),10.167,no,"another wall pokes into the space between them, so a tighter pair covers this gap",wall of tile 33BC1A (room 0x49)
wall of tile 33AD1A (room 0x48),door 0x1e8350 (preset 0x003f),10.169,no,the line between them touches another wall,door 0x1e8350 (preset 0x003f)
wall of tile 33AD1A (room 0x48),door 0x1e8350 (preset 0x003f),0.641,yes,,
wall of tile 33AD19 (room 0x48),wall of tile 2F5C19 (room 0x48),50.910,no,the far wall faces the other way (it belongs to floor which isn't linked here),
wall of tile 33AD19 (room 0x48),wall of tile 2F5D19 (room 0x48),47.537,no,the far wall faces the other way (it belongs to floor which isn't linked here),
wall of tile 33AD19 (room 0x48),door 0x1e8350 (preset 0x003f),9.512,no,the line between them touches another wall,door 0x1e8350 (preset 0x003f)
wall of tile 33AD19 (room 0x48),door 0x1e8350 (preset 0x003f),0.980,no,"the line between them leaves the walkable area (a wall's thickness, or another floor)",
wall of tile 33AD19 (room 0x48),door 0x1e8350 (preset 0x003f),0.974,no,"the line between them leaves the walkable area (a wall's thickness, or another floor)",
wall of tile 2D2210 (room 0x44),wall of tile 2F5C19 (room 0x48),49.508,no,the far wall faces the other way (it belongs to floor which isn't linked here),
wall of tile 2D2210 (room 0x44),wall of tile 2F5D1A (room 0x48),28.682,no,"the line between them leaves the walkable area (a wall's thickness, or another floor)",
wall of tile 2D2210 (room 0x44),wall of tile 2F601A (room 0x48),49.914,no,"the line between them leaves the walkable area (a wall's thickness, or another floor)",
wall of tile 2D2210 (room 0x44),wall of tile 2F7018 (room 0x49),29.980,no,"the line between them leaves the walkable area (a wall's thickness, or another floor)",
wall of tile 2D2210 (room 0x44),wall of tile 2F7018 (room 0x49),29.980,no,"the line between them leaves the walkable area (a wall's thickness, or another floor)",
wall of tile 2D2210 (room 0x44),wall of tile 11B318 (room 0x60),25.821,no,"the line between them leaves the walkable area (a wall's thickness, or another floor)",
wall of tile 2D2210 (room 0x44),door 0x1e8350 (preset 0x003f),13.507,no,"the line between them leaves the walkable area (a wall's thickness, or another floor)",
wall of tile 2D2210 (room 0x44),door 0x1e8350 (preset 0x003f),27.634,no,"the line between them leaves the walkable area (a wall's thickness, or another floor)",
wall of tile 2D2210 (room 0x44),door 0x1e8350 (preset 0x003f),27.636,no,"the line between them leaves the walkable area (a wall's thickness, or another floor)",
wall of tile 2D2210 (room 0x44),door 0x1e8350 (preset 0x003f),13.507,no,"the line between them leaves the walkable area (a wall's thickness, or another floor)",
wall of tile 2D2412 (room 0x44),wall of tile 2F5C19 (room 0x48),36.819,no,the far wall faces the other way (it belongs to floor which isn't linked here),
wall of tile 2D2412 (room 0x44),wall of tile 2F5C19 (room 0x48),8.231,no,the far wall faces the other way (it belongs to floor which isn't linked here),
wall of tile 2D2412 (room 0x44),wall of tile 2F7119 (room 0x49),42.154,no,"the line between them leaves the walkable area (a wall's thickness, or another floor)",
wall of tile 2D2412 (room 0x44),wall of tile 2FED19 (room 0x48),0.298,no,the far wall faces the other way (it belongs to floor which isn't linked here),
wall of tile 2D2412 (room 0x44),wall of tile 2F5C19 (room 0x48),50.910,no,the far wall faces the other way (it belongs to floor which isn't linked here),
wall of tile 2D2412 (room 0x44),wall of tile 2F5C19 (room 0x48),0.298,no,the far wall faces the other way (it belongs to floor which isn't linked here),
wall of tile 2D2412 (room 0x44),wall of tile 2F7119 (room 0x49),42.154,no,"the line between them leaves the walkable area (a wall's thickness, or another floor)",
wall of tile 2D2412 (room 0x44),door 0x1e8350 (preset 0x003f),27.063,no,"the line between them leaves the walkable area (a wall's thickness, or another floor)",
wall of tile 2D2412 (room 0x44),door 0x1e8350 (preset 0x003f),12.935,no,"the line between them leaves the walkable area (a wall's thickness, or another floor)",
wall of tile 2D2412 (room 0x44),door 0x1e8350 (preset 0x003f),12.933,no,"the line between them leaves the walkable area (a wall's thickness, or another floor)",
wall of tile 2D2412 (room 0x44),door 0x1e8350 (preset 0x003f),12.933,no,"the line between them leaves the walkable area (a wall's thickness, or another floor)",
wall of tile 2D2412 (room 0x44),glass 0x1e8778 (preset 0x274e),13.184,no,"the line between them leaves the walkable area (a wall's thickness, or another floor)",
wall of tile 2D2412 (room 0x44),glass 0x1e8778 (preset 0x274e),13.176,no,"the line between them leaves the walkable area (a wall's thickness, or another floor)",
wall of tile 2D2412 (room 0x44),glass 0x1e8778 (preset 0x274e),13.176,no,"the line between them leaves the walkable area (a wall's thickness, or another floor)",
wall of tile 2FED19 (room 0x48),wall of tile 2F5C19 (room 0x48),36.819,no,the far wall faces the other way (it belongs to floor which isn't linked here),
wall of tile 2FED19 (room 0x48),wall of tile 2F7119 (room 0x49),52.942,no,the far wall faces the other way (it belongs to floor which isn't linked here),
wall of tile 2FED1A (room 0x48),wall of tile 2F5A19 (room 0x48),39.460,no,the far wall faces the other way (it belongs to floor which isn't linked here),
wall of tile 2F5C19 (room 0x48),wall of tile 2D1D10 (room 0x44),9.420,no,"the line between them leaves the walkable area (a wall's thickness, or another floor)",
wall of tile 2F5C19 (room 0x48),wall of tile 2F7119 (room 0x49),52.942,no,the far wall faces the other way (it belongs to floor which isn't linked here),
wall of tile 2F5D19 (room 0x48),wall of tile 2F6019 (room 0x48),28.712,no,the line between them touches another wall,wall of tile 2F5F18 (room 0x48)
wall of tile 2F5D19 (room 0x48),wall of tile 2F5518 (room 0x48),28.712,no,the line between them touches another wall,wall of tile 2F541A (room 0x48)
wall of tile 2F5D19 (room 0x48),wall of tile 2FBF19 (room 0x48),19.015,no,"the line between them leaves the walkable area (a wall's thickness, or another floor)",
wall of tile 2F5D19 (room 0x48),wall of tile 2FBE18 (room 0x48),19.015,no,"the line between them leaves the walkable area (a wall's thickness, or another floor)",
wall of tile 2F5D19 (room 0x48),wall of tile 2FBE18 (room 0x48),19.141,no,"the line between them leaves the walkable area (a wall's thickness, or another floor)",
wall of tile 2F5D19 (room 0x48),wall of tile 2F7018 (room 0x49),42.080,no,the far wall faces the other way (it belongs to floor which isn't linked here),
wall of tile 2F5D19 (room 0x48),wall of tile 2F7018 (room 0x49),34.064,no,the far wall faces the other way (it belongs to floor which isn't linked here),
wall of tile 2F5D19 (room 0x48),wall of tile 11B318 (room 0x60),17.918,no,the far wall faces the other way (it belongs to floor which isn't linked here),
wall of tile 2F5D19 (room 0x48),door 0x1e8350 (preset 0x003f),37.795,no,the far wall faces the other way (it belongs to floor which isn't linked here),
wall of tile 2F5D19 (room 0x48),door 0x1e8350 (preset 0x003f),37.794,no,the far wall faces the other way (it belongs to floor which isn't linked here),
wall of tile 2F5D19 (room 0x48),door 0x1e8350 (preset 0x003f),37.794,no,the far wall faces the other way (it belongs to floor which isn't linked here),
wall of tile 2F5D19 (room 0x48),door 0x1e8350 (preset 0x003f),38.029,no,the far wall faces the other way (it belongs to floor which isn't linked here),
wall of tile 2F5D19 (room 0x48),door 0x1e8350 (preset 0x003f),52.160,no,the far wall faces the other way (it belongs to floor which isn't linked here),
wall of tile 2F5D19 (room 0x48),door 0x1e8350 (preset 0x003f),51.926,no,the far wall faces the other way (it belongs to floor which isn't linked here),
wall of tile 2F5D19 (room 0x48),glass 0x1e8778 (preset 0x274e),59.069,no,the far wall faces the other way (it belongs to floor which isn't linked here),
wall of tile 2F5D19 (room 0x48),glass 0x1e8778 (preset 0x274e),59.069,no,the far wall faces the other way (it belongs to floor which isn't linked here),
wall of tile 2F5F18 (room 0x48),wall of tile 2FBF19 (room 0x48),15.313,no,"the line between them leaves the walkable area (a wall's thickness, or another floor)",
wall of tile 2F5F18 (room 0x48),wall of tile 2FBE18 (room 0x48),15.313,no,"the line between them leaves the walkable area (a wall's thickness, or another floor)",
wall of tile 2F5F18 (room 0x48),wall of tile 2F7018 (room 0x49),21.040,no,the far wall faces the other way (it belongs to floor which isn't linked here),
wall of tile 2F5F18 (room 0x48),wall of tile 2F7018 (room 0x49),34.064,no,the far wall faces the other way (it belongs to floor which isn't linked here),
wall of tile 2F5F18 (room 0x48),door 0x1e8350 (preset 0x003f),49.636,no,the far wall faces the other way (it belongs to floor which isn't linked here),
wall of tile 2F5F18 (room 0x48),door 0x1e8350 (preset 0x003f),49.636,no,the far wall faces the other way (it belongs to floor which isn't linked here),
wall of tile 2F5F18 (room 0x48),door 0x1e8350 (preset 0x003f),49.638,no,the far wall faces the other way (it belongs to floor which isn't linked here),
wall of tile 2F6019 (room 0x48),wall of tile 2F571A (room 0x48),28.712,no,the line between them touches another wall,wall of tile 2F5E18 (room 0x48)
wall of tile 2F6019 (room 0x48),wall of tile 2FBF19 (room 0x48),23.037,no,"the line between them leaves the walkable area (a wall's thickness, or another floor)",
wall of tile 2F6019 (room 0x48),wall of tile 2FBE18 (room 0x48),23.049,no,"the line between them leaves the walkable area (a wall's thickness, or another floor)",
wall of tile 2F6019 (room 0x48),wall of tile 2FC018 (room 0x48),23.037,no,"the line between them leaves the walkable area (a wall's thickness, or another floor)",
wall of tile 2F6019 (room 0x48),wall of tile 2F7018 (room 0x49),18.535,no,the far wall faces the other way (it belongs to floor which isn't linked here),
wall of tile 2F6019 (room 0x48),wall of tile 2F7018 (room 0x49),53.601,no,the far wall faces the other way (it belongs to floor which isn't linked here),
wall of tile 2F6019 (room 0x48),wall of tile 33B918 (room 0x60),42.154,no,the far wall faces the other way (it belongs to floor which isn't linked here),
wall of tile 2F6019 (room 0x48),wall of tile 11B318 (room 0x60),2.925,no,"the line between them leaves the walkable area (a wall's thickness, or another floor)",
wall of tile 2F601A (room 0x48),wall of tile 2D1D10 (room 0x44),49.914,no,the far wall faces the other way (it belongs to floor which isn't linked here),
wall of tile 2F5E18 (room 0x48),wall of tile 2FBF19 (room 0x48),17.227,no,"the line between them leaves the walkable area (a wall's thickness, or another floor)",
wall of tile 2F5E18 (room 0x48),wall of tile 2FC018 (room 0x48),17.227,no,"the line between them leaves the walkable area (a wall's thickness, or another floor)",
wall of tile 2F5E18 (room 0x48),wall of tile 2F7018 (room 0x49),18.535,no,the far wall faces the other way (it belongs to floor which isn't linked here),
wall of tile 2F5E18 (room 0x48),wall of tile 33B918 (room 0x60),21.209,no,the far wall faces the other way (it belongs to floor which isn't linked here),
wall of tile 2F571A (room 0x48),wall of tile 328D18 (room 0x48),32.596,no,the line between them touches another wall,wall of tile 2F561A (room 0x48)
wall of tile 2F571A (room 0x48),wall of tile 2FBF19 (room 0x48),21.575,no,"the line between them leaves the walkable area (a wall's thickness, or another floor)",
wall of tile 2F571A (room 0x48),wall of tile 2FC018 (room 0x48),21.575,no,"the line between them leaves the walkable area (a wall's thickness, or another floor)",
wall of tile 2F571A (room 0x48),wall of tile 2FC018 (room 0x48),21.824,no,"the line between them leaves the walkable area (a wall's thickness, or another floor)",
wall of tile 2F571A (room 0x48),wall of tile 2F7018 (room 0x49),38.072,no,the far wall faces the other way (it belongs to floor which isn't linked here),
wall of tile 2F571A (room 0x48),wall of tile 33B918 (room 0x60),21.209,no,the far wall faces the other way (it belongs to floor which isn't linked here),
wall of tile 2F571A (room 0x48),wall of tile 11B318 (room 0x60),16.821,no,the far wall faces the other way (it belongs to floor which isn't linked here),
wall of tile 2F561A (room 0x48),wall of tile 2FC018 (room 0x48),12.364,no,"the line between them leaves the walkable area (a wall's thickness, or another floor)",
wall of tile 2F561A (room 0x48),wall of tile 2FC018 (room 0x48),12.364,no,"the line between them leaves the walkable area (a wall's thickness, or another floor)",
wall of tile 2F561A (room 0x48),wall of tile 33B918 (room 0x60),21.209,no,the far wall faces the other way (it belongs to floor which isn't linked here),
wall of tile 328D18 (room 0x48),wall of tile 2FC018 (room 0x48),19.141,no,"the line between them leaves the walkable area (a wall's thickness, or another floor)",
wall of tile 328D18 (room 0x48),wall of tile 2FC018 (room 0x48),19.063,no,"the line between them leaves the walkable area (a wall's thickness, or another floor)",
wall of tile 328D18 (room 0x48),wall of tile 33B918 (room 0x60),44.978,no,the far wall faces the other way (it belongs to floor which isn't linked here),
wall of tile 2FBD19 (room 0x48),wall of tile 2F541A (room 0x48),50.097,no,the line between them touches another wall,wall of tile 2F5518 (room 0x48)
wall of tile 2FBD19 (room 0x48),wall of tile 2FBE18 (room 0x48),53.595,no,"the line between them leaves the walkable area (a wall's thickness, or another floor)",
wall of tile 2F5518 (room 0x48),wall of tile 2FBE18 (room 0x48),17.647,no,"the line between them leaves the walkable area (a wall's thickness, or another floor)",
wall of tile 2F5518 (room 0x48),wall of tile 2FBE18 (room 0x48),17.595,no,"the line between them leaves the walkable area (a wall's thickness, or another floor)",
wall of tile 2F541A (room 0x48),wall of tile 2FBE18 (room 0x48),11.485,no,"the line between them leaves the walkable area (a wall's thickness, or another floor)",
wall of tile 2F541A (room 0x48),wall of tile 2FBE18 (room 0x48),11.485,no,"the line between them leaves the walkable area (a wall's thickness, or another floor)",
wall of tile 2F541A (room 0x48),glass 0x1e8778 (preset 0x274e),59.069,no,the far wall faces the other way (it belongs to floor which isn't linked here),
wall of tile 2F541A (room 0x48),glass 0x1e8778 (preset 0x274e),59.069,no,the far wall faces the other way (it belongs to floor which isn't linked here),
wall of tile 2FBF19 (room 0x48),wall of tile 2F7018 (room 0x49),41.579,no,"the line between them leaves the walkable area (a wall's thickness, or another floor)",
wall of tile 2FBF19 (room 0x48),wall of tile 2F7018 (room 0x49),53.100,no,"the line between them leaves the walkable area (a wall's thickness, or another floor)",
wall of tile 2FBF19 (room 0x48),wall of tile 33B918 (room 0x60),42.784,no,"the line between them leaves the walkable area (a wall's thickness, or another floor)",
wall of tile 2FBF19 (room 0x48),wall of tile 11B318 (room 0x60),20.112,no,"the line between them leaves the walkable area (a wall's thickness, or another floor)",
wall of tile 2FBE18 (room 0x48),wall of tile 2F7018 (room 0x49),44.083,no,"the line between them leaves the walkable area (a wall's thickness, or another floor)",
wall of tile 2FBE18 (room 0x48),wall of tile 2F7018 (room 0x49),53.100,no,"the line between them leaves the walkable area (a wall's thickness, or another floor)",
wall of tile 2FBE18 (room 0x48),wall of tile 11B318 (room 0x60),20.112,no,"the line between them leaves the walkable area (a wall's thickness, or another floor)",
wall of tile 2FBE18 (room 0x48),door 0x1e8350 (preset 0x003f),56.810,no,"the line between them leaves the walkable area (a wall's thickness, or another floor)",
wall of tile 2FBE18 (room 0x48),door 0x1e8350 (preset 0x003f),56.809,no,"the line between them leaves the walkable area (a wall's thickness, or another floor)",
wall of tile 2FBE18 (room 0x48),door 0x1e8350 (preset 0x003f),56.809,no,"the line between them leaves the walkable area (a wall's thickness, or another floor)",
wall of tile 2FBE18 (room 0x48),door 0x1e8350 (preset 0x003f),57.044,no,"the line between them leaves the walkable area (a wall's thickness, or another floor)",
wall of tile 2FC018 (room 0x48),wall of tile 2F7018 (room 0x49),41.579,no,"the line between them leaves the walkable area (a wall's thickness, or another floor)",
wall of tile 2FC018 (room 0x48),wall of tile 33B918 (room 0x60),42.784,no,"the line between them leaves the walkable area (a wall's thickness, or another floor)",
wall of tile 2FC018 (room 0x48),wall of tile 11B318 (room 0x60),20.112,no,"the line between them leaves the walkable area (a wall's thickness, or another floor)",
wall of tile 2FC018 (room 0x48),wall of tile 33B918 (room 0x60),42.784,no,"the line between them leaves the walkable area (a wall's thickness, or another floor)",
wall of tile 2F5919 (room 0x48),wall of tile 2D1F10 (room 0x44),56.296,no,the far wall faces the other way (it belongs to floor which isn't linked here),
wall of tile 2F5919 (room 0x48),wall of tile 2D2512 (room 0x44),56.296,no,the far wall faces the other way (it belongs to floor which isn't linked here),
wall of tile 2F5A1A (room 0x48),wall of tile 2D2512 (room 0x44),4.060,no,"the line between them leaves the walkable area (a wall's thickness, or another floor)",
wall of tile 2F5A19 (room 0x48),wall of tile 2D1F10 (room 0x44),8.135,no,"the line between them leaves the walkable area (a wall's thickness, or another floor)",
wall of tile 2F5A19 (room 0x48),wall of tile 2D2512 (room 0x44),52.706,no,the far wall faces the other way (it belongs to floor which isn't linked here),
wall of tile 2F5A19 (room 0x48),wall of tile 2D2512 (room 0x44),39.460,no,"the line between them leaves the walkable area (a wall's thickness, or another floor)",
wall of tile 2F5A19 (room 0x48),wall of tile 2D2512 (room 0x44),31.555,no,the far wall faces the other way (it belongs to floor which isn't linked here),
wall of tile 2D1F10 (room 0x44),wall of tile 2CC010 (room 0x44),50.079,no,"the line between them leaves the walkable area (a wall's thickness, or another floor)",
wall of tile 03CE10 (room 0x44),wall of tile 2D1D10 (room 0x44),54.120,no,"the line between them leaves the walkable area (a wall's thickness, or another floor)",
wall of tile 03CE10 (room 0x44),door 0x1e7c50 (preset 0x000c),46.081,no,the far wall faces the other way (it belongs to floor which isn't linked here),
wall of tile 03CE10 (room 0x44),door 0x1e7c50 (preset 0x000c),57.583,no,the far wall faces the other way (it belongs to floor which isn't linked here),
wall of tile 03CE10 (room 0x44),door 0x1e7c50 (preset 0x000c),46.081,no,the far wall faces the other way (it belongs to floor which isn't linked here),
wall of tile 2D1D10 (room 0x44),wall of tile 2F7018 (room 0x49),42.154,no,"the line between them leaves the walkable area (a wall's thickness, or another floor)",
wall of tile 2D1D10 (room 0x44),wall of tile 2F7018 (room 0x49),42.154,no,"the line between them leaves the walkable area (a wall's thickness, or another floor)",
wall of tile 2D1D10 (room 0x44),door 0x1e7c50 (preset 0x000c),46.081,no,the far wall faces the other way (it belongs to floor which isn't linked here),
wall of tile 2D1D10 (room 0x44),door 0x1e7c50 (preset 0x000c),57.583,no,the far wall faces the other way (it belongs to floor which isn't linked here),
wall of tile 2D1D10 (room 0x44),door 0x1e7c50 (preset 0x000c),46.081,no,the far wall faces the other way (it belongs to floor which isn't linked here),
wall of tile 2F7018 (room 0x49),wall of tile 33B918 (room 0x60),21.040,no,the far wall faces the other way (it belongs to floor which isn't linked here),
wall of tile 2F7018 (room 0x49),wall of tile 11B318 (room 0x60),21.040,no,the far wall faces the other way (it belongs to floor which isn't linked here),
wall of tile 2F7018 (room 0x49),door 0x1e8350 (preset 0x003f),3.720,no,"another wall pokes into the space between them, so a tighter pair covers this gap",wall of tile 33BC1A (room 0x49)
wall of tile 2F7018 (room 0x49),door 0x1e8350 (preset 0x003f),3.720,no,"another wall pokes into the space between them, so a tighter pair covers this gap",wall of tile 33BC1A (room 0x49)
wall of tile 2F7018 (room 0x49),door 0x1e8350 (preset 0x003f),3.721,no,"another wall pokes into the space between them, so a tighter pair covers this gap",wall of tile 33BC1A (room 0x49)
wall of tile 2F7018 (room 0x49),door 0x1e8350 (preset 0x003f),17.611,no,"another wall pokes into the space between them, so a tighter pair covers this gap",wall of tile 33BC1A (room 0x49)
wall of tile 11B318 (room 0x60),door 0x1e8350 (preset 0x003f),50.092,no,"the line between them leaves the walkable area (a wall's thickness, or another floor)",
wall of tile 11B318 (room 0x60),door 0x1e8350 (preset 0x003f),50.093,no,"the line between them leaves the walkable area (a wall's thickness, or another floor)",
wall of tile 11B318 (room 0x60),door 0x1e8350 (preset 0x003f),50.098,no,"the line between them leaves the walkable area (a wall's thickness, or another floor)",
wall of tile 11B318 (room 0x60),door 0x1e8350 (preset 0x003f),51.860,no,"the line between them leaves the walkable area (a wall's thickness, or another floor)",
wall of tile 31A61A (room 0x63),wall of tile 1C5E19 (room 0x64),50.091,no,"another wall pokes into the space between them, so a tighter pair covers this gap",wall of tile 1C5E1A (room 0x64)
wall of tile 33571A (room 0x64),wall of tile 16B119 (room 0x64),51.717,no,the line between them touches another wall,wall of tile 335719 (room 0x64)
wall of tile 1EBC1A (room 0x64),generic 0x1e37e0 (preset 0x272b),20.220,no,the line between them touches another wall,generic 0x1e37e0 (preset 0x272b)
wall of tile 1EBC1A (room 0x64),generic 0x1e37e0 (preset 0x272b),11.878,no,"another wall pokes into the space between them, so a tighter pair covers this gap",wall of tile 31A91A (room 0x64)
wall of tile 1EBC1A (room 0x64),generic 0x1e37e0 (preset 0x272b),0.726,no,"another wall pokes into the space between them, so a tighter pair covers this gap",wall of tile 31A91A (room 0x64)
wall of tile 1EBC1A (room 0x64),generic 0x1e37e0 (preset 0x272b),2.163,no,"another wall pokes into the space between them, so a tighter pair covers this gap",generic 0x1e37e0 (preset 0x272b)
wall of tile 1EBC1A (room 0x64),generic 0x1e38e8 (preset 0x272c),25.122,no,the line between them touches another wall,generic 0x1e38e8 (preset 0x272c)
wall of tile 1EBC1A (room 0x64),generic 0x1e38e8 (preset 0x272c),14.115,no,"another wall pokes into the space between them, so a tighter pair covers this gap",wall of tile 31A91A (room 0x64)
wall of tile 1EBC1A (room 0x64),generic 0x1e38e8 (preset 0x272c),6.451,no,"another wall pokes into the space between them, so a tighter pair covers this gap",wall of tile 31A91A (room 0x64)
wall of tile 1EBC1A (room 0x64),generic 0x1e38e8 (preset 0x272c),7.888,no,"another wall pokes into the space between them, so a tighter pair covers this gap",generic 0x1e38e8 (preset 0x272c)
wall of tile 31A91A (room 0x64),generic 0x1e36d8 (preset 0x272a),48.278,no,"another wall pokes into the space between them, so a tighter pair covers this gap",generic 0x1e36d8 (preset 0x272a)
wall of tile 31A91A (room 0x64),generic 0x1e37e0 (preset 0x272b),15.043,no,"another wall pokes into the space between them, so a tighter pair covers this gap",generic 0x1e37e0 (preset 0x272b)
wall of tile 31A91A (room 0x64),generic 0x1e37e0 (preset 0x272b),0.385,yes,,
wall of tile 31A91A (room 0x64),generic 0x1e37e0 (preset 0x272b),0.385,yes,,
wall of tile 31A91A (room 0x64),generic 0x1e38e8 (preset 0x272c),20.614,no,"another wall pokes into the space between them, so a tighter pair covers this gap",generic 0x1e38e8 (preset 0x272c)
wall of tile 31A91A (room 0x64),generic 0x1e38e8 (preset 0x272c),6.087,yes,,
wall of tile 31A91A (room 0x64),generic 0x1e38e8 (preset 0x272c),6.087,yes,,
wall of tile 1EB41A (room 0x65),wall of tile 2D6211 (room 0x35),6.962,no,"the line between them leaves the walkable area (a wall's thickness, or another floor)",
wall of tile 31AC1A (room 0x65),wall of tile 1D0319 (room 0x66),55.798,no,"another wall pokes into the space between them, so a tighter pair covers this gap",wall of tile 1D031A (room 0x66)
wall of tile 33681A (room 0x66),wall of tile 175E19 (room 0x66),52.245,no,the line between them touches another wall,wall of tile 336819 (room 0x66)
wall of tile 1EAA19 (room 0x65),generic 0x1e39f0 (preset 0x272d),54.082,no,"another wall pokes into the space between them, so a tighter pair covers this gap",wall of tile 1EBA19 (room 0x64)
wall of tile 1EAA19 (room 0x65),generic 0x1e39f0 (preset 0x272d),54.140,no,"the line between them leaves the walkable area (a wall's thickness, or another floor)",
wall of tile 1EAA19 (room 0x65),generic 0x1e3af8 (preset 0x272e),48.122,no,"another wall pokes into the space between them, so a tighter pair covers this gap",generic 0x1e3af8 (preset 0x272e)
wall of tile 1EAA19 (room 0x65),generic 0x1e3af8 (preset 0x272e),33.646,no,"another wall pokes into the space between them, so a tighter pair covers this gap",generic 0x1e3af8 (preset 0x272e)
wall of tile 1EBA19 (room 0x64),generic 0x1e39f0 (preset 0x272d),12.888,no,the line between them touches another wall,generic 0x1e39f0 (preset 0x272d)
wall of tile 1EBA19 (room 0x64),generic 0x1e39f0 (preset 0x272d),1.597,no,"the line between them leaves the walkable area (a wall's thickness, or another floor)",
wall of tile 1E941A (room 0x67),wall of tile 2D6211 (room 0x35),48.106,no,"the line between them leaves the walkable area (a wall's thickness, or another floor)",
wall of tile 1E941A (room 0x67),generic 0x1e35d0 (preset 0x2729),38.831,no,"another wall pokes into the space between them, so a tighter pair covers this gap",generic 0x1e35d0 (preset 0x2729)
wall of tile 1E941A (room 0x67),generic 0x1e35d0 (preset 0x2729),51.024,no,the line between them touches another wall,generic 0x1e35d0 (preset 0x2729)
wall of tile 1E9C1A (room 0x67),wall of tile 2D6211 (room 0x35),29.590,no,"the line between them leaves the walkable area (a wall's thickness, or another floor)",
wall of tile 1E9C1A (room 0x67),generic 0x1e35d0 (preset 0x2729),43.893,no,"another wall pokes into the space between them, so a tighter pair covers this gap",wall of tile 1E941A (room 0x67)
wall of tile 1E9C1A (room 0x67),generic 0x1e35d0 (preset 0x2729),43.918,no,"another wall pokes into the space between them, so a tighter pair covers this gap",wall of tile 1E941A (room 0x67)
wall of tile 1E9C1A (room 0x67),generic 0x1e35d0 (preset 0x2729),55.659,no,"another wall pokes into the space between them, so a tighter pair covers this gap",wall of tile 1E941A (room 0x67)
wall of tile 32371A (room 0x67),wall of tile 1DA819 (room 0x68),55.677,no,"another wall pokes into the space between them, so a tighter pair covers this gap",wall of tile 1DA81A (room 0x68)
wall of tile 32371A (room 0x67),wall of tile 2D6211 (room 0x35),27.263,no,the far wall faces the other way (it belongs to floor which isn't linked here),
wall of tile 323619 (room 0x67),generic 0x1e34c8 (preset 0x2728),57.604,no,"another wall pokes into the space between them, so a tighter pair covers this gap",wall of tile 1E9A19 (room 0x67)
wall of tile 33821A (room 0x68),wall of tile 180B19 (room 0x68),52.230,no,"another wall pokes into the space between them, so a tighter pair covers this gap",wall of tile 33821A (room 0x68)
wall of tile 1E9A19 (room 0x67),generic 0x1e3448 (preset 0x2727),2.536,yes,,
wall of tile 1E9A19 (room 0x67),generic 0x1e3448 (preset 0x2727),16.837,no,"another wall pokes into the space between them, so a tighter pair covers this gap",generic 0x1e3448 (preset 0x2727)
wall of tile 1E9A19 (room 0x67),generic 0x1e3448 (preset 0x2727),2.661,no,"another wall pokes into the space between them, so a tighter pair covers this gap",generic 0x1e3448 (preset 0x2727)
wall of tile 1E9A19 (room 0x67),generic 0x1e3448 (preset 0x2727),2.536,yes,,
wall of tile 1E9A19 (room 0x67),generic 0x1e34c8 (preset 0x2728),53.185,no,"another wall pokes into the space between them, so a tighter pair covers this gap",generic 0x1e34c8 (preset 0x2728)
wall of tile 1E9A19 (room 0x67),generic 0x1e34c8 (preset 0x2728),9.079,yes,,
wall of tile 1E9A19 (room 0x67),generic 0x1e34c8 (preset 0x2728),9.079,yes,,
wall of tile 1E9219 (room 0x67),generic 0x1e3448 (preset 0x2727),58.912,no,"another wall pokes into the space between them, so a tighter pair covers this gap",wall of tile 1E9A19 (room 0x67)
wall of tile 1E9219 (room 0x67),generic 0x1e3448 (preset 0x2727),58.912,no,"another wall pokes into the space between them, so a tighter pair covers this gap",wall of tile 1E9A19 (room 0x67)
wall of tile 1E8C1A (room 0x68),door 0x1e7510 (preset 0x0015),2.271,no,"the line between them leaves the walkable area (a wall's thickness, or another floor)",
wall of tile 1E8C1A (room 0x68),door 0x1e7510 (preset 0x0015),2.317,no,"the line between them leaves the walkable area (a wall's thickness, or another floor)",
wall of tile 1E8C1A (room 0x68),door 0x1e7510 (preset 0x0015),0.292,no,"the line between them leaves the walkable area (a wall's thickness, or another floor)",
wall of tile 323D1A (room 0x68),door 0x1e7510 (preset 0x0015),0.469,no,"the line between them leaves the walkable area (a wall's thickness, or another floor)",
wall of tile 323D1A (room 0x68),door 0x1e7510 (preset 0x0015),0.466,no,"the line between them leaves the walkable area (a wall's thickness, or another floor)",
wall of tile 323D1A (room 0x68),door 0x1e7510 (preset 0x0015),36.817,no,the line between them touches another wall,door 0x1e7510 (preset 0x0015)
wall of tile 32BB19 (room 0x6b),generic 0x1e5f70 (preset 0x0060),26.768,no,the line between them touches another wall,generic 0x1e5f70 (preset 0x0060)
wall of tile 32BB19 (room 0x6b),generic 0x1e5f70 (preset 0x0060),26.763,yes,,
wall of tile 32BB19 (room 0x6b),generic 0x1e5f70 (preset 0x0060),26.763,yes,,
wall of tile 32BB19 (room 0x6b),generic 0x1e5f70 (preset 0x0060),28.011,no,"another wall pokes into the space between them, so a tighter pair covers this gap",generic 0x1e5f70 (preset 0x0060)
wall of tile 32BB19 (room 0x6b),generic 0x1e61f0 (preset 0x0063),27.388,no,the line between them touches another wall,generic 0x1e61f0 (preset 0x0063)
wall of tile 32BB19 (room 0x6b),generic 0x1e61f0 (preset 0x0063),27.382,yes,,
wall of tile 32BB19 (room 0x6b),generic 0x1e61f0 (preset 0x0063),27.382,yes,,
wall of tile 32BB19 (room 0x6b),glass 0x1e6580 (preset 0x2712),8.711,no,"another wall pokes into the space between them, so a tighter pair covers this gap",glass 0x1e6580 (preset 0x2712)
wall of tile 32BB19 (room 0x6b),glass 0x1e6600 (preset 0x2714),17.828,no,the line between them touches another wall,glass 0x1e6600 (preset 0x2714)
wall of tile 32BB19 (room 0x6b),glass 0x1e6600 (preset 0x2714),14.405,no,"the line between them leaves the walkable area (a wall's thickness, or another floor)",
wall of tile 32BB19 (room 0x6b),glass 0x1e6600 (preset 0x2714),13.060,no,"another wall pokes into the space between them, so a tighter pair covers this gap",wall of tile 32BA18 (room 0x6c)
wall of tile 32D018 (room 0x6a),generic 0x1e61f0 (preset 0x0063),34.898,no,the line between them touches another wall,generic 0x1e61f0 (preset 0x0063)
wall of tile 32D018 (room 0x6a),generic 0x1e61f0 (preset 0x0063),34.894,no,"another wall pokes into the space between them, so a tighter pair covers this gap",wall of tile 32BB19 (room 0x6b)
wall of tile 32D018 (room 0x6a),generic 0x1e61f0 (preset 0x0063),27.191,yes,,
wall of tile 32D018 (room 0x6a),generic 0x1e61f0 (preset 0x0063),27.191,yes,,
wall of tile 32D018 (room 0x6a),glass 0x1e6470 (preset 0x2711),9.066,no,"another wall pokes into the space between them, so a tighter pair covers this gap",glass 0x1e6470 (preset 0x2711)
wall of tile 32BA18 (room 0x6c),wall of tile 2F7F22 (room 0x72),3.424,no,"the line between them leaves the walkable area (a wall's thickness, or another floor)",
wall of tile 32BA18 (room 0x6c),wall of tile 2CC520 (room 0x74),57.138,no,"the line between them leaves the walkable area (a wall's thickness, or another floor)",
wall of tile 32BA18 (room 0x6c),wall of tile 2CC520 (room 0x74),57.353,no,"the line between them leaves the walkable area (a wall's thickness, or another floor)",
wall of tile 32BA18 (room 0x6c),generic 0x1e32c8 (preset 0x0055),59.241,no,the far wall faces the other way (it belongs to floor which isn't linked here),
wall of tile 32BA18 (room 0x6c),generic 0x1e32c8 (preset 0x0055),52.004,no,the far wall faces the other way (it belongs to floor which isn't linked here),
wall of tile 32BA18 (room 0x6c),generic 0x1e5a70 (preset 0x005a),26.108,no,"another wall pokes into the space between them, so a tighter pair covers this gap",wall of tile 32B819 (room 0x6d)
wall of tile 32BA18 (room 0x6c),generic 0x1e5a70 (preset 0x005a),26.120,no,"another wall pokes into the space between them, so a tighter pair covers this gap",generic 0x1e5a70 (preset 0x005a)
wall of tile 32BA18 (room 0x6c),generic 0x1e5cf0 (preset 0x005d),27.527,no,the line between them touches another wall,generic 0x1e5cf0 (preset 0x005d)
wall of tile 32BA18 (room 0x6c),generic 0x1e5cf0 (preset 0x005d),27.521,yes,,
wall of tile 32BA18 (room 0x6c),generic 0x1e5cf0 (preset 0x005d),27.521,yes,,
wall of tile 32BA18 (room 0x6c),generic 0x1e5cf0 (preset 0x005d),27.832,no,"another wall pokes into the space between them, so a tighter pair covers this gap",generic 0x1e5cf0 (preset 0x005d)
wall of tile 32BA18 (room 0x6c),generic 0x1e5f70 (preset 0x0060),30.776,no,"another wall pokes into the space between them, so a tighter pair covers this gap",wall of tile 32BB19 (room 0x6b)
wall of tile 32BA18 (room 0x6c),generic 0x1e5f70 (preset 0x0060),30.770,no,"another wall pokes into the space between them, so a tighter pair covers this gap",wall of tile 32BB19 (room 0x6b)
wall of tile 32BA18 (room 0x6c),generic 0x1e5f70 (preset 0x0060),30.770,no,"another wall pokes into the space between them, so a tighter pair covers this gap",wall of tile 32BB19 (room 0x6b)
wall of tile 32BA18 (room 0x6c),glass 0x1e6600 (preset 0x2714),9.973,no,"another wall pokes into the space between them, so a tighter pair covers this gap",glass 0x1e6600 (preset 0x2714)
wall of tile 32BA18 (room 0x6c),glass 0x1e6680 (preset 0x2715),6.660,no,"another wall pokes into the space between them, so a tighter pair covers this gap",glass 0x1e6680 (preset 0x2715)
wall of tile 32D118 (room 0x6c),glass 0x1e6500 (preset 0x2713),4.093,no,"another wall pokes into the space between them, so a tighter pair covers this gap",glass 0x1e6500 (preset 0x2713)
wall of tile 32D118 (room 0x6c),generic 0x1e6710 (preset 0x0064),40.586,yes,,
wall of tile 32D118 (room 0x6c),generic 0x1e6710 (preset 0x0064),40.806,no,"another wall pokes into the space between them, so a tighter pair covers this gap",generic 0x1e6710 (preset 0x0064)
wall of tile 32B71A (room 0x6d),glass 0x1e6500 (preset 0x2713),39.209,no,"another wall pokes into the space between them, so a tighter pair covers this gap",wall of tile 32D118 (room 0x6c)
wall of tile 32B71A (room 0x6d),glass 0x1e6500 (preset 0x2713),40.327,no,the line between them touches another wall,glass 0x1e6500 (preset 0x2713)
wall of tile 32B71A (room 0x6d),glass 0x1e6500 (preset 0x2713),40.051,no,"the line between them leaves the walkable area (a wall's thickness, or another floor)",
wall of tile 32B71A (room 0x6d),generic 0x1e6710 (preset 0x0064),40.586,yes,,
wall of tile 32B71A (room 0x6d),generic 0x1e6710 (preset 0x0064),40.720,no,"another wall pokes into the space between them, so a tighter pair covers this gap",generic 0x1e6710 (preset 0x0064)
wall of tile 32B71A (room 0x6d),generic 0x1e6710 (preset 0x0064),53.279,no,"another wall pokes into the space between them, so a tighter pair covers this gap",wall of tile 32D118 (room 0x6c)
wall of tile 32B71A (room 0x6d),generic 0x1e67a0 (preset 0x0065),41.364,yes,,
wall of tile 32B71A (room 0x6d),generic 0x1e67a0 (preset 0x0065),41.577,no,"another wall pokes into the space between them, so a tighter pair covers this gap",generic 0x1e67a0 (preset 0x0065)
wall of tile 32B71A (room 0x6d),generic 0x1e67a0 (preset 0x0065),41.364,yes,,
wall of tile 32B819 (room 0x6d),wall of tile 2F7F22 (room 0x72),3.424,no,"the line between them leaves the walkable area (a wall's thickness, or another floor)",
wall of tile 32B819 (room 0x6d),wall of tile 2CC520 (room 0x74),55.631,no,"the line between them leaves the walkable area (a wall's thickness, or another floor)",
wall of tile 32B819 (room 0x6d),generic 0x1e32c8 (preset 0x0055),32.242,no,the far wall faces the other way (it belongs to floor which isn't linked here),
wall of tile 32B819 (room 0x6d),generic 0x1e32c8 (preset 0x0055),32.242,no,the far wall faces the other way (it belongs to floor which isn't linked here),
wall of tile 32B819 (room 0x6d),generic 0x1e5a70 (preset 0x005a),25.405,no,the line between them touches another wall,generic 0x1e5a70 (preset 0x005a)
wall of tile 32B819 (room 0x6d),generic 0x1e5a70 (preset 0x005a),25.399,yes,,
wall of tile 32B819 (room 0x6d),generic 0x1e5a70 (preset 0x005a),25.399,yes,,
wall of tile 32B819 (room 0x6d),generic 0x1e5a70 (preset 0x005a),26.664,no,"another wall pokes into the space between them, so a tighter pair covers this gap",wall of tile 32BA18 (room 0x6c)
wall of tile 32B819 (room 0x6d),glass 0x1e6680 (preset 0x2715),45.282,no,"another wall pokes into the space between them, so a tighter pair covers this gap",wall of tile 32BA18 (room 0x6c)
wall of tile 32B819 (room 0x6d),glass 0x1e6680 (preset 0x2715),45.003,no,"another wall pokes into the space between them, so a tighter pair covers this gap",wall of tile 32BA18 (room 0x6c)
wall of tile 32B819 (room 0x6d),glass 0x1e6680 (preset 0x2715),46.519,no,"the line between them leaves the walkable area (a wall's thickness, or another floor)",
wall of tile 32B819 (room 0x6d),wall of tile 2F7F22 (room 0x72),4.280,no,"the line between them leaves the walkable area (a wall's thickness, or another floor)",
wall of tile 32B819 (room 0x6d),wall of tile 2CC520 (room 0x74),55.631,no,"the line between them leaves the walkable area (a wall's thickness, or another floor)",
wall of tile 192918 (room 0x6a),wall of tile 192518 (room 0x6a),52.245,no,the line between them touches another wall,wall of tile 192119 (room 0x6a)
wall of tile 1E8A19 (room 0x68),door 0x1e7510 (preset 0x0015),0.000,no,"another wall pokes into the space between them, so a tighter pair covers this gap",wall of tile 323E19 (room 0x68)
wall of tile 1E8A19 (room 0x68),door 0x1e7510 (preset 0x0015),0.184,no,"the line between them leaves the walkable area (a wall's thickness, or another floor)",
wall of tile 323E19 (room 0x68),door 0x1e7510 (preset 0x0015),0.000,no,"another wall pokes into the space between them, so a tighter pair covers this gap",door 0x1e7510 (preset 0x0015)
wall of tile 323E19 (room 0x68),door 0x1e7510 (preset 0x0015),39.088,no,"the line between them leaves the walkable area (a wall's thickness, or another floor)",
wall of tile 323E19 (room 0x68),door 0x1e7510 (preset 0x0015),39.087,no,"the line between them leaves the walkable area (a wall's thickness, or another floor)",
wall of tile 323E19 (room 0x68),door 0x1e7510 (preset 0x0015),0.000,no,"another wall pokes into the space between them, so a tighter pair covers this gap",wall of tile 1E8A19 (room 0x68)
wall of tile 1DA819 (room 0x68),wall of tile 2D6211 (room 0x35),20.983,no,"the line between them leaves the walkable area (a wall's thickness, or another floor)",
wall of tile 1D031A (room 0x66),wall of tile 2D6211 (room 0x35),29.699,no,the far wall faces the other way (it belongs to floor which isn't linked here),
wall of tile 1C5E1A (room 0x64),wall of tile 2D7911 (room 0x35),42.724,no,"the line between them leaves the walkable area (a wall's thickness, or another floor)",
wall of tile 1C5E19 (room 0x64),wall of tile 2D7911 (room 0x35),7.866,no,"the line between them leaves the walkable area (a wall's thickness, or another floor)",
wall of tile 1C5E19 (room 0x64),wall of tile 2D7911 (room 0x35),7.866,no,"the line between them leaves the walkable area (a wall's thickness, or another floor)",
wall of tile 1BB91A (room 0x61),wall of tile 2D8D11 (room 0x36),33.312,no,the far wall faces the other way (it belongs to floor which isn't linked here),
wall of tile 1BB919 (room 0x61),wall of tile 2D8D11 (room 0x36),52.073,no,the far wall faces the other way (it belongs to floor which isn't linked here),
wall of tile 1BB919 (room 0x61),wall of tile 03D310 (room 0x35),52.073,no,the far wall faces the other way (it belongs to floor which isn't linked here),
wall of tile 1BB919 (room 0x61),generic 0x1e4020 (preset 0x2733),27.938,no,the line between them touches another wall,generic 0x1e4020 (preset 0x2733)
wall of tile 1BB919 (room 0x61),generic 0x1e4020 (preset 0x2733),27.938,no,"another wall pokes into the space between them, so a tighter pair covers this gap",generic 0x1e4020 (preset 0x2733)
wall of tile 1BB919 (room 0x61),generic 0x1e4020 (preset 0x2733),2.884,yes,,
wall of tile 1BB919 (room 0x61),generic 0x1e4020 (preset 0x2733),2.884,yes,,
wall of tile 30F21A (room 0x4e),wall of tile 30401A (room 0x4e),53.157,no,"the line between them leaves the walkable area (a wall's thickness, or another floor)",
wall of tile 30F219 (room 0x4e),wall of tile 303E1A (room 0x4e),42.035,no,the far wall faces the other way (it belongs to floor which isn't linked here),
wall of tile 30411A (room 0x4e),wall of tile 304419 (room 0x4e),28.712,no,the line between them touches another wall,wall of tile 304318 (room 0x4e)
wall of tile 30411A (room 0x4e),wall of tile 303918 (room 0x4e),28.712,no,the line between them touches another wall,wall of tile 30381A (room 0x4e)
wall of tile 30411A (room 0x4e),wall of tile 30A319 (room 0x4e),19.015,no,"the line between them leaves the walkable area (a wall's thickness, or another floor)",
wall of tile 30411A (room 0x4e),wall of tile 30A218 (room 0x4e),19.141,no,"the line between them leaves the walkable area (a wall's thickness, or another floor)",
wall of tile 30411A (room 0x4e),wall of tile 30A218 (room 0x4e),19.015,no,"the line between them leaves the walkable area (a wall's thickness, or another floor)",
wall of tile 30411A (room 0x4e),door 0x1e8550 (preset 0x0044),38.029,no,the far wall faces the other way (it belongs to floor which isn't linked here),
wall of tile 30411A (room 0x4e),door 0x1e8550 (preset 0x0044),37.798,no,the far wall faces the other way (it belongs to floor which isn't linked here),
wall of tile 30411A (room 0x4e),door 0x1e8550 (preset 0x0044),37.798,no,the far wall faces the other way (it belongs to floor which isn't linked here),
wall of tile 30411A (room 0x4e),door 0x1e8550 (preset 0x0044),51.924,no,the far wall faces the other way (it belongs to floor which isn't linked here),
wall of tile 30411A (room 0x4e),door 0x1e8550 (preset 0x0044),51.926,no,the far wall faces the other way (it belongs to floor which isn't linked here),
wall of tile 30411A (room 0x4e),door 0x1e8550 (preset 0x0044),38.031,no,the far wall faces the other way (it belongs to floor which isn't linked here),
wall of tile 30411A (room 0x4e),glass 0x1e88a0 (preset 0x2753),58.449,no,the far wall faces the other way (it belongs to floor which isn't linked here),
wall of tile 30411A (room 0x4e),glass 0x1e88a0 (preset 0x2753),57.944,no,the far wall faces the other way (it belongs to floor which isn't linked here),
wall of tile 30411A (room 0x4e),glass 0x1e88a0 (preset 0x2753),57.944,no,the far wall faces the other way (it belongs to floor which isn't linked here),
wall of tile 304318 (room 0x4e),wall of tile 30A319 (room 0x4e),15.313,no,"the line between them leaves the walkable area (a wall's thickness, or another floor)",
wall of tile 304318 (room 0x4e),wall of tile 30A218 (room 0x4e),15.313,no,"the line between them leaves the walkable area (a wall's thickness, or another floor)",
wall of tile 304318 (room 0x4e),door 0x1e8550 (preset 0x0044),49.638,no,the far wall faces the other way (it belongs to floor which isn't linked here),
wall of tile 304318 (room 0x4e),door 0x1e8550 (preset 0x0044),49.638,no,the far wall faces the other way (it belongs to floor which isn't linked here),
wall of tile 304419 (room 0x4e),wall of tile 30C41A (room 0x4e),28.712,no,the line between them touches another wall,wall of tile 304218 (room 0x4e)
wall of tile 304419 (room 0x4e),wall of tile 30A319 (room 0x4e),23.037,no,"the line between them leaves the walkable area (a wall's thickness, or another floor)",
wall of tile 304419 (room 0x4e),wall of tile 30A418 (room 0x4e),23.037,no,"the line between them leaves the walkable area (a wall's thickness, or another floor)",
wall of tile 304419 (room 0x4e),wall of tile 30A218 (room 0x4e),23.049,no,"the line between them leaves the walkable area (a wall's thickness, or another floor)",
wall of tile 304218 (room 0x4e),wall of tile 30A319 (room 0x4e),17.227,no,"the line between them leaves the walkable area (a wall's thickness, or another floor)",
wall of tile 304218 (room 0x4e),wall of tile 30A418 (room 0x4e),17.227,no,"the line between them leaves the walkable area (a wall's thickness, or another floor)",
wall of tile 30C41A (room 0x4e),wall of tile 328F18 (room 0x4e),32.596,no,the line between them touches another wall,wall of tile 303A19 (room 0x4e)
wall of tile 30C41A (room 0x4e),wall of tile 30A319 (room 0x4e),21.575,no,"the line between them leaves the walkable area (a wall's thickness, or another floor)",
wall of tile 30C41A (room 0x4e),wall of tile 30A418 (room 0x4e),21.575,no,"the line between them leaves the walkable area (a wall's thickness, or another floor)",
wall of tile 30C41A (room 0x4e),wall of tile 30A418 (room 0x4e),21.824,no,"the line between them leaves the walkable area (a wall's thickness, or another floor)",
wall of tile 30C41A (room 0x4e),generic 0x1e4ef0 (preset 0x2746),17.686,no,the far wall faces the other way (it belongs to floor which isn't linked here),
wall of tile 30C41A (room 0x4e),generic 0x1e4ef0 (preset 0x2746),33.656,no,"the line between them leaves the walkable area (a wall's thickness, or another floor)",
wall of tile 30C41A (room 0x4e),generic 0x1e4ef0 (preset 0x2746),56.488,no,the far wall faces the other way (it belongs to floor which isn't linked here),
wall of tile 30C41A (room 0x4e),generic 0x1e4f70 (preset 0x2747),29.961,no,the far wall faces the other way (it belongs to floor which isn't linked here),
wall of tile 30C41A (room 0x4e),generic 0x1e4f70 (preset 0x2747),10.284,no,"the line between them leaves the walkable area (a wall's thickness, or another floor)",
wall of tile 30C41A (room 0x4e),generic 0x1e4f70 (preset 0x2747),59.987,no,"the line between them leaves the walkable area (a wall's thickness, or another floor)",
wall of tile 303A19 (room 0x4e),wall of tile 30A418 (room 0x4e),12.364,no,"the line between them leaves the walkable area (a wall's thickness, or another floor)",
wall of tile 303A19 (room 0x4e),wall of tile 30A418 (room 0x4e),12.364,no,"the line between them leaves the walkable area (a wall's thickness, or another floor)",
wall of tile 303A19 (room 0x4e),generic 0x1e4ef0 (preset 0x2746),17.686,no,the far wall faces the other way (it belongs to floor which isn't linked here),
wall of tile 303A19 (room 0x4e),generic 0x1e4ef0 (preset 0x2746),4.661,no,the far wall faces the other way (it belongs to floor which isn't linked here),
wall of tile 303A19 (room 0x4e),generic 0x1e4ef0 (preset 0x2746),43.829,no,"the line between them leaves the walkable area (a wall's thickness, or another floor)",
wall of tile 303A19 (room 0x4e),generic 0x1e4ef0 (preset 0x2746),24.130,no,the far wall faces the other way (it belongs to floor which isn't linked here),
wall of tile 303A19 (room 0x4e),generic 0x1e4f70 (preset 0x2747),17.187,no,the far wall faces the other way (it belongs to floor which isn't linked here),
wall of tile 303A19 (room 0x4e),generic 0x1e4f70 (preset 0x2747),0.066,no,the far wall faces the other way (it belongs to floor which isn't linked here),
wall of tile 303A19 (room 0x4e),generic 0x1e4f70 (preset 0x2747),30.093,no,"the line between them leaves the walkable area (a wall's thickness, or another floor)",
wall of tile 303A19 (room 0x4e),generic 0x1e4f70 (preset 0x2747),29.998,no,the far wall faces the other way (it belongs to floor which isn't linked here),
wall of tile 328F18 (room 0x4e),wall of tile 30A418 (room 0x4e),19.141,no,"the line between them leaves the walkable area (a wall's thickness, or another floor)",
wall of tile 328F18 (room 0x4e),wall of tile 30A418 (room 0x4e),19.063,no,"the line between them leaves the walkable area (a wall's thickness, or another floor)",
wall of tile 328F18 (room 0x4e),generic 0x1e4ef0 (preset 0x2746),21.617,no,the far wall faces the other way (it belongs to floor which isn't linked here),
wall of tile 328F18 (room 0x4e),generic 0x1e4ef0 (preset 0x2746),37.020,no,"the line between them leaves the walkable area (a wall's thickness, or another floor)",
wall of tile 328F18 (room 0x4e),generic 0x1e4ef0 (preset 0x2746),10.282,no,"the line between them leaves the walkable area (a wall's thickness, or another floor)",
wall of tile 328F18 (room 0x4e),generic 0x1e4f70 (preset 0x2747),17.187,no,the far wall faces the other way (it belongs to floor which isn't linked here),
wall of tile 328F18 (room 0x4e),generic 0x1e4f70 (preset 0x2747),30.055,no,the far wall faces the other way (it belongs to floor which isn't linked here),
wall of tile 328F18 (room 0x4e),generic 0x1e4f70 (preset 0x2747),30.539,no,"the line between them leaves the walkable area (a wall's thickness, or another floor)",
wall of tile 30A119 (room 0x4e),generic 0x1e4ef0 (preset 0x2746),54.734,no,"the line between them leaves the walkable area (a wall's thickness, or another floor)",
wall of tile 30A119 (room 0x4e),generic 0x1e4ef0 (preset 0x2746),54.734,no,"the line between them leaves the walkable area (a wall's thickness, or another floor)",
wall of tile 303918 (room 0x4e),wall of tile 30A218 (room 0x4e),17.595,no,"the line between them leaves the walkable area (a wall's thickness, or another floor)",
wall of tile 303918 (room 0x4e),wall of tile 30A218 (room 0x4e),17.647,no,"the line between them leaves the walkable area (a wall's thickness, or another floor)",
wall of tile 30381A (room 0x4e),wall of tile 30A11A (room 0x4e),50.097,no,the line between them touches another wall,wall of tile 303918 (room 0x4e)
wall of tile 30381A (room 0x4e),wall of tile 30A218 (room 0x4e),11.485,no,"the line between them leaves the walkable area (a wall's thickness, or another floor)",
wall of tile 30381A (room 0x4e),wall of tile 30A218 (room 0x4e),11.485,no,"the line between them leaves the walkable area (a wall's thickness, or another floor)",
wall of tile 30381A (room 0x4e),glass 0x1e88a0 (preset 0x2753),58.449,no,the far wall faces the other way (it belongs to floor which isn't linked here),
wall of tile 30381A (room 0x4e),glass 0x1e88a0 (preset 0x2753),57.944,no,the far wall faces the other way (it belongs to floor which isn't linked here),
wall of tile 30381A (room 0x4e),glass 0x1e88a0 (preset 0x2753),57.944,no,the far wall faces the other way (it belongs to floor which isn't linked here),
wall of tile 30A11A (room 0x4e),wall of tile 30A218 (room 0x4e),53.595,no,"the line between them leaves the walkable area (a wall's thickness, or another floor)",
wall of tile 30A418 (room 0x4e),generic 0x1e4ef0 (preset 0x2746),32.129,no,"the line between them leaves the walkable area (a wall's thickness, or another floor)",
wall of tile 30A418 (room 0x4e),generic 0x1e4ef0 (preset 0x2746),12.081,no,the far wall faces the other way (it belongs to floor which isn't linked here),
wall of tile 30A418 (room 0x4e),generic 0x1e4ef0 (preset 0x2746),40.127,no,"the line between them leaves the walkable area (a wall's thickness, or another floor)",
wall of tile 30A418 (room 0x4e),generic 0x1e4f70 (preset 0x2747),34.288,no,"the line between them leaves the walkable area (a wall's thickness, or another floor)",
wall of tile 30A418 (room 0x4e),generic 0x1e4f70 (preset 0x2747),11.291,no,"the line between them leaves the walkable area (a wall's thickness, or another floor)",
wall of tile 30A418 (room 0x4e),generic 0x1e4f70 (preset 0x2747),38.596,no,"the line between them leaves the walkable area (a wall's thickness, or another floor)",
wall of tile 30A418 (room 0x4e),generic 0x1e4ef0 (preset 0x2746),32.129,no,"the line between them leaves the walkable area (a wall's thickness, or another floor)",
wall of tile 30A418 (room 0x4e),generic 0x1e4ef0 (preset 0x2746),21.023,no,"the line between them leaves the walkable area (a wall's thickness, or another floor)",
wall of tile 30A418 (room 0x4e),generic 0x1e4ef0 (preset 0x2746),10.660,no,"the line between them leaves the walkable area (a wall's thickness, or another floor)",
wall of tile 30A418 (room 0x4e),generic 0x1e4f70 (preset 0x2747),34.288,no,"the line between them leaves the walkable area (a wall's thickness, or another floor)",
wall of tile 30A418 (room 0x4e),generic 0x1e4f70 (preset 0x2747),21.457,no,"the line between them leaves the walkable area (a wall's thickness, or another floor)",
wall of tile 30A418 (room 0x4e),generic 0x1e4f70 (preset 0x2747),9.830,no,the far wall faces the other way (it belongs to floor which isn't linked here),
wall of tile 30A218 (room 0x4e),door 0x1e8550 (preset 0x0044),57.044,no,"the line between them leaves the walkable area (a wall's thickness, or another floor)",
wall of tile 30A218 (room 0x4e),door 0x1e8550 (preset 0x0044),56.813,no,"the line between them leaves the walkable area (a wall's thickness, or another floor)",
wall of tile 30A218 (room 0x4e),door 0x1e8550 (preset 0x0044),56.813,no,"the line between them leaves the walkable area (a wall's thickness, or another floor)",
wall of tile 30A218 (room 0x4e),door 0x1e8550 (preset 0x0044),57.046,no,"the line between them leaves the walkable area (a wall's thickness, or another floor)",
wall of tile 2D8D11 (room 0x36),generic 0x1e3e10 (preset 0x2731),29.414,no,the far wall faces the other way (it belongs to floor which isn't linked here),
wall of tile 2D8D11 (room 0x36),generic 0x1e3e10 (preset 0x2731),29.413,no,the far wall faces the other way (it belongs to floor which isn't linked here),
wall of tile 2D8D11 (room 0x36),generic 0x1e3e10 (preset 0x2731),29.413,no,the far wall faces the other way (it belongs to floor which isn't linked here),
wall of tile 2D8D11 (room 0x36),generic 0x1e3f18 (preset 0x2732),30.868,no,the far wall faces the other way (it belongs to floor which isn't linked here),
wall of tile 2D8D11 (room 0x36),generic 0x1e3f18 (preset 0x2732),43.422,no,the far wall faces the other way (it belongs to floor which isn't linked here),
wall of tile 2D8D11 (room 0x36),generic 0x1e3f18 (preset 0x2732),43.423,no,the far wall faces the other way (it belongs to floor which isn't linked here),
wall of tile 2D8D11 (room 0x36),generic 0x1e3f18 (preset 0x2732),44.404,no,the far wall faces the other way (it belongs to floor which isn't linked here),
wall of tile 2D8D11 (room 0x36),generic 0x1e4020 (preset 0x2733),39.968,no,"the line between them leaves the walkable area (a wall's thickness, or another floor)",
wall of tile 2D8D11 (room 0x36),generic 0x1e4020 (preset 0x2733),39.968,no,"the line between them leaves the walkable area (a wall's thickness, or another floor)",
wall of tile 2D8D11 (room 0x36),generic 0x1e4020 (preset 0x2733),30.957,no,the far wall faces the other way (it belongs to floor which isn't linked here),
wall of tile 2D8D11 (room 0x36),generic 0x1e4020 (preset 0x2733),30.957,no,the far wall faces the other way (it belongs to floor which isn't linked here),
wall of tile 03D310 (room 0x35),generic 0x1e3e10 (preset 0x2731),45.043,no,the far wall faces the other way (it belongs to floor which isn't linked here),
wall of tile 03D310 (room 0x35),generic 0x1e3e10 (preset 0x2731),45.043,no,the far wall faces the other way (it belongs to floor which isn't linked here),
wall of tile 03D310 (room 0x35),generic 0x1e3e10 (preset 0x2731),33.396,no,the far wall faces the other way (it belongs to floor which isn't linked here),
wall of tile 03D310 (room 0x35),generic 0x1e3e10 (preset 0x2731),33.618,no,the far wall faces the other way (it belongs to floor which isn't linked here),
wall of tile 03D310 (room 0x35),generic 0x1e3f18 (preset 0x2732),17.341,no,the far wall faces the other way (it belongs to floor which isn't linked here),
wall of tile 03D310 (room 0x35),generic 0x1e3f18 (preset 0x2732),17.341,no,the far wall faces the other way (it belongs to floor which isn't linked here),
wall of tile 03D310 (room 0x35),generic 0x1e3f18 (preset 0x2732),17.341,no,the far wall faces the other way (it belongs to floor which isn't linked here),
wall of tile 03D310 (room 0x35),generic 0x1e4020 (preset 0x2733),37.099,no,the far wall faces the other way (it belongs to floor which isn't linked here),
wall of tile 03D310 (room 0x35),generic 0x1e4020 (preset 0x2733),44.825,no,the far wall faces the other way (it belongs to floor which isn't linked here),
wall of tile 03D310 (room 0x35),generic 0x1e4020 (preset 0x2733),44.825,no,the far wall faces the other way (it belongs to floor which isn't linked here),
wall of tile 2D6211 (room 0x35),generic 0x1e35d0 (preset 0x2729),48.473,no,the far wall faces the other way (it belongs to floor which isn't linked here),
wall of tile 2D6211 (room 0x35),generic 0x1e35d0 (preset 0x2729),48.473,no,the far wall faces the other way (it belongs to floor which isn't linked here),
wall of tile 2D2F11 (room 0x35),door 0x1e7610 (preset 0x000a),0.069,no,"the line between them leaves the walkable area (a wall's thickness, or another floor)",
wall of tile 2D2F11 (room 0x35),door 0x1e7610 (preset 0x000a),2.548,no,"the line between them leaves the walkable area (a wall's thickness, or another floor)",
wall of tile 2D2F11 (room 0x35),door 0x1e7610 (preset 0x000a),2.548,no,"the line between them leaves the walkable area (a wall's thickness, or another floor)",
wall of tile 2D2F11 (room 0x35),door 0x1e7610 (preset 0x000a),15.482,no,"the line between them leaves the walkable area (a wall's thickness, or another floor)",
wall of tile 2F7D21 (room 0x72),generic 0x1e6710 (preset 0x0064),1.987,no,"the line between them leaves the walkable area (a wall's thickness, or another floor)",
wall of tile 2F7D21 (room 0x72),generic 0x1e6710 (preset 0x0064),1.987,no,"the line between them leaves the walkable area (a wall's thickness, or another floor)",
wall of tile 2F7D21 (room 0x72),generic 0x1e6710 (preset 0x0064),2.199,no,"the line between them leaves the walkable area (a wall's thickness, or another floor)",
wall of tile 2F7D21 (room 0x72),generic 0x1e67a0 (preset 0x0065),1.130,no,"the line between them leaves the walkable area (a wall's thickness, or another floor)",
wall of tile 2F7D21 (room 0x72),generic 0x1e67a0 (preset 0x0065),1.130,no,"the line between them leaves the walkable area (a wall's thickness, or another floor)",
wall of tile 2F7D21 (room 0x72),generic 0x1e67a0 (preset 0x0065),1.343,no,"the line between them leaves the walkable area (a wall's thickness, or another floor)",
wall of tile 2F7F22 (room 0x72),wall of tile 012320 (room 0x74),50.505,no,"the line between them leaves the walkable area (a wall's thickness, or another floor)",
wall of tile 2F7F22 (room 0x72),wall of tile 2CC520 (room 0x74),50.505,no,"the line between them leaves the walkable area (a wall's thickness, or another floor)",
wall of tile 2F7F22 (room 0x72),wall of tile 2CC520 (room 0x74),53.929,no,"the line between them leaves the walkable area (a wall's thickness, or another floor)",
wall of tile 2F7F22 (room 0x72),generic 0x1e32c8 (preset 0x0055),35.811,yes,,
wall of tile 2F7F22 (room 0x72),generic 0x1e32c8 (preset 0x0055),35.811,yes,,
wall of tile 2F7F22 (room 0x72),generic 0x1e5a70 (preset 0x005a),29.239,no,the far wall faces the other way (it belongs to floor which isn't linked here),
wall of tile 2F7F22 (room 0x72),generic 0x1e5a70 (preset 0x005a),29.233,no,the far wall faces the other way (it belongs to floor which isn't linked here),
wall of tile 2F7F22 (room 0x72),generic 0x1e5a70 (preset 0x005a),29.233,no,the far wall faces the other way (it belongs to floor which isn't linked here),
wall of tile 2F7F22 (room 0x72),generic 0x1e5a70 (preset 0x005a),29.544,no,the far wall faces the other way (it belongs to floor which isn't linked here),
wall of tile 2F7F22 (room 0x72),generic 0x1e5cf0 (preset 0x005d),31.053,no,the far wall faces the other way (it belongs to floor which isn't linked here),
wall of tile 2F7F22 (room 0x72),generic 0x1e5cf0 (preset 0x005d),31.047,no,the far wall faces the other way (it belongs to floor which isn't linked here),
wall of tile 2F7F22 (room 0x72),generic 0x1e5cf0 (preset 0x005d),31.047,no,the far wall faces the other way (it belongs to floor which isn't linked here),
wall of tile 2F7F22 (room 0x72),glass 0x1e6680 (preset 0x2715),10.084,no,the far wall faces the other way (it belongs to floor which isn't linked here),
wall of tile 012C22 (room 0x72),wall of tile 2CC520 (room 0x74),54.812,no,the line between them touches another wall,wall of tile 2CC520 (room 0x74)
wall of tile 012C22 (room 0x72),door 0x1e8250 (preset 0x003d),2.003,no,"the line between them leaves the walkable area (a wall's thickness, or another floor)",
wall of tile 012C22 (room 0x72),door 0x1e8250 (preset 0x003d),2.600,no,"the line between them leaves the walkable area (a wall's thickness, or another floor)",
wall of tile 012C22 (room 0x72),door 0x1e8250 (preset 0x003d),0.002,no,the line between them touches another wall,door 0x1e8250 (preset 0x003d)
wall of tile 012720 (room 0x74),wall of tile 012B22 (room 0x74),27.406,no,the line between them touches another wall,wall of tile 012620 (room 0x74)
wall of tile 012720 (room 0x74),wall of tile 011920 (room 0x75),54.812,no,"the line between them leaves the walkable area (a wall's thickness, or another floor)",
wall of tile 012720 (room 0x74),wall of tile 2CCA20 (room 0x75),54.812,no,"the line between them leaves the walkable area (a wall's thickness, or another floor)",
wall of tile 012720 (room 0x74),door 0x1e78b0 (preset 0x0014),51.919,no,"the line between them leaves the walkable area (a wall's thickness, or another floor)",
wall of tile 012720 (room 0x74),door 0x1e78b0 (preset 0x0014),51.919,no,"the line between them leaves the walkable area (a wall's thickness, or another floor)",
wall of tile 012720 (room 0x74),door 0x1e78b0 (preset 0x0014),51.879,no,"the line between them leaves the walkable area (a wall's thickness, or another floor)",
wall of tile 012720 (room 0x74),door 0x1e78b0 (preset 0x0014),51.879,no,"the line between them leaves the walkable area (a wall's thickness, or another floor)",
wall of tile 012720 (room 0x74),door 0x1e8250 (preset 0x003d),0.205,no,"another wall pokes into the space between them, so a tighter pair covers this gap",door 0x1e8250 (preset 0x003d)
wall of tile 012720 (room 0x74),door 0x1e8250 (preset 0x003d),17.971,no,"the line between them leaves the walkable area (a wall's thickness, or another floor)",
wall of tile 012720 (room 0x74),door 0x1e8250 (preset 0x003d),17.973,no,"the line between them leaves the walkable area (a wall's thickness, or another floor)",
wall of tile 012320 (room 0x74),wall of tile 011420 (room 0x75),54.812,no,"the line between them leaves the walkable area (a wall's thickness, or another floor)",
wall of tile 012320 (room 0x74),wall of tile 2CC820 (room 0x75),54.812,no,"the line between them leaves the walkable area (a wall's thickness, or another floor)",
wall of tile 2CC520 (room 0x74),glass 0x1e6680 (preset 0x2715),27.302,no,"the line between them leaves the walkable area (a wall's thickness, or another floor)",
wall of tile 2CC520 (room 0x74),glass 0x1e6680 (preset 0x2715),27.302,no,"the line between them leaves the walkable area (a wall's thickness, or another floor)",
wall of tile 2CC520 (room 0x74),door 0x1e8250 (preset 0x003d),52.207,no,"the line between them leaves the walkable area (a wall's thickness, or another floor)",
wall of tile 2CC520 (room 0x74),door 0x1e8250 (preset 0x003d),52.207,no,"the line between them leaves the walkable area (a wall's thickness, or another floor)",
wall of tile 2CC520 (room 0x74),door 0x1e8250 (preset 0x003d),52.211,no,"the line between them leaves the walkable area (a wall's thickness, or another floor)",
wall of tile 2CC520 (room 0x74),door 0x1e8250 (preset 0x003d),55.874,no,"the line between them leaves the walkable area (a wall's thickness, or another floor)",
wall of tile 2CC520 (room 0x74),glass 0x1e6680 (preset 0x2715),27.302,no,"the line between them leaves the walkable area (a wall's thickness, or another floor)",
wall of tile 2CC520 (room 0x74),glass 0x1e6680 (preset 0x2715),27.302,no,"the line between them leaves the walkable area (a wall's thickness, or another floor)",
wall of tile 2CC520 (room 0x74),door 0x1e8250 (preset 0x003d),0.086,no,"the line between them leaves the walkable area (a wall's thickness, or another floor)",
wall of tile 2CC520 (room 0x74),door 0x1e8250 (preset 0x003d),0.084,no,"the line between them leaves the walkable area (a wall's thickness, or another floor)",
wall of tile 2CC520 (room 0x74),door 0x1e8250 (preset 0x003d),18.175,no,the line between them touches another wall,door 0x1e8250 (preset 0x003d)
wall of tile 012420 (room 0x74),wall of tile 011420 (room 0x75),54.780,no,"the line between them leaves the walkable area (a wall's thickness, or another floor)",
wall of tile 012420 (room 0x74),wall of tile 2CC820 (room 0x75),54.780,no,"the line between them leaves the walkable area (a wall's thickness, or another floor)",
wall of tile 012B22 (room 0x74),wall of tile 2CCA20 (room 0x75),27.389,no,"another wall pokes into the space between them, so a tighter pair covers this gap",wall of tile 011920 (room 0x75)
wall of tile 012620 (room 0x74),wall of tile 011920 (room 0x75),54.812,no,"the line between them leaves the walkable area (a wall's thickness, or another floor)",
wall of tile 012620 (room 0x74),wall of tile 2CCA20 (room 0x75),54.812,no,"the line between them leaves the walkable area (a wall's thickness, or another floor)",
wall of tile 011920 (room 0x75),wall of tile 2CF721 (room 0x7b),54.773,no,"the line between them leaves the walkable area (a wall's thickness, or another floor)",
wall of tile 2CC820 (room 0x75),wall of tile 07ED20 (room 0x7b),50.505,no,"the line between them leaves the walkable area (a wall's thickness, or another floor)",
wall of tile 2CC820 (room 0x75),door 0x1e7b50 (preset 0x0012),15.375,no,"the line between them leaves the walkable area (a wall's thickness, or another floor)",
wall of tile 2CC820 (room 0x75),door 0x1e7b50 (preset 0x0012),15.375,no,"the line between them leaves the walkable area (a wall's thickness, or another floor)",
wall of tile 2CC820 (room 0x75),door 0x1e7b50 (preset 0x0012),15.375,no,"the line between them leaves the walkable area (a wall's thickness, or another floor)",
wall of tile 2CC820 (room 0x75),door 0x1e7b50 (preset 0x0012),36.763,no,"the line between them leaves the walkable area (a wall's thickness, or another floor)",
wall of tile 2CC820 (room 0x75),wall of tile 011E21 (room 0x75),54.700,no,"the line between them leaves the walkable area (a wall's thickness, or another floor)",
wall of tile 2CC820 (room 0x75),wall of tile 07ED20 (room 0x7b),50.505,no,"the line between them leaves the walkable area (a wall's thickness, or another floor)",
wall of tile 2CC820 (room 0x75),door 0x1e7b50 (preset 0x0012),55.641,no,"the line between them leaves the walkable area (a wall's thickness, or another floor)",
wall of tile 2CC820 (room 0x75),door 0x1e7b50 (preset 0x0012),55.641,no,"the line between them leaves the walkable area (a wall's thickness, or another floor)",
wall of tile 2CC820 (room 0x75),door 0x1e7b50 (preset 0x0012),55.641,no,"the line between them leaves the walkable area (a wall's thickness, or another floor)",
wall of tile 011E21 (room 0x75),door 0x1e7b50 (preset 0x0012),0.351,no,"the line between them leaves the walkable area (a wall's thickness, or another floor)",
wall of tile 011E21 (room 0x75),door 0x1e7b50 (preset 0x0012),0.310,no,"another wall pokes into the space between them, so a tighter pair covers this gap",door 0x1e7b50 (preset 0x0012)
wall of tile 011E22 (room 0x75),wall of tile 2CCA20 (room 0x75),52.223,no,"another wall pokes into the space between them, so a tighter pair covers this gap",wall of tile 2CCA20 (room 0x75)
wall of tile 011E22 (room 0x75),door 0x1e7b50 (preset 0x0012),3.756,no,"the line between them leaves the walkable area (a wall's thickness, or another floor)",
wall of tile 011E22 (room 0x75),door 0x1e7b50 (preset 0x0012),3.095,no,"the line between them leaves the walkable area (a wall's thickness, or another floor)",
wall of tile 07ED20 (room 0x7b),door 0x1e7b50 (preset 0x0012),36.818,no,"the line between them leaves the walkable area (a wall's thickness, or another floor)",
wall of tile 07ED20 (room 0x7b),door 0x1e7b50 (preset 0x0012),36.818,no,"the line between them leaves the walkable area (a wall's thickness, or another floor)",
wall of tile 07ED20 (room 0x7b),door 0x1e7b50 (preset 0x0012),15.430,no,"another wall pokes into the space between them, so a tighter pair covers this gap",wall of tile 011E21 (room 0x75)
wall of tile 07ED20 (room 0x7b),door 0x1e7b50 (preset 0x0012),15.430,no,"another wall pokes into the space between them, so a tighter pair covers this gap",wall of tile 011E21 (room 0x75)
wall of tile 07EB20 (room 0x7b),wall of tile 2CCA20 (room 0x75),50.505,no,"the line between them leaves the walkable area (a wall's thickness, or another floor)",
wall of tile 07EB20 (room 0x7b),wall of tile 2CCA20 (room 0x75),50.505,no,"the line between them leaves the walkable area (a wall's thickness, or another floor)",
wall of tile 07EB20 (room 0x7b),door 0x1e7b50 (preset 0x0012),36.188,no,"the line between them leaves the walkable area (a wall's thickness, or another floor)",
wall of tile 07EB20 (room 0x7b),door 0x1e7b50 (preset 0x0012),14.787,no,"the line between them leaves the walkable area (a wall's thickness, or another floor)",
wall of tile 07EB20 (room 0x7b),door 0x1e7b50 (preset 0x0012),14.787,no,"the line between them leaves the walkable area (a wall's thickness, or another floor)",
wall of tile 07EB20 (room 0x7b),door 0x1e7b50 (preset 0x0012),14.788,no,"the line between them leaves the walkable area (a wall's thickness, or another floor)",
wall of tile 07EE20 (room 0x7b),wall of tile 07F320 (room 0x7b),27.382,no,"the line between them leaves the walkable area (a wall's thickness, or another floor)",
wall of tile 07F420 (room 0x7b),wall of tile 07F720 (room 0x7b),27.382,no,"the line between them leaves the walkable area (a wall's thickness, or another floor)",
wall of tile 07F920 (room 0x7b),wall of tile 07FC20 (room 0x7b),24.732,no,"the line between them leaves the walkable area (a wall's thickness, or another floor)",
wall of tile 07FB20 (room 0x7b),wall of tile 2CD720 (room 0x79),27.406,no,the line between them touches another wall,wall of tile 2CF322 (room 0x79)
wall of tile 2CF721 (room 0x7b),wall of tile 2CCA20 (room 0x75),53.397,no,"the line between them leaves the walkable area (a wall's thickness, or another floor)",
wall of tile 2CF721 (room 0x7b),wall of tile 2CCA20 (room 0x75),53.397,no,"the line between them leaves the walkable area (a wall's thickness, or another floor)",
wall of tile 2CCA20 (room 0x75),door 0x1e7b50 (preset 0x0012),15.937,no,"the line between them leaves the walkable area (a wall's thickness, or another floor)",
wall of tile 2CCA20 (room 0x75),door 0x1e7b50 (preset 0x0012),37.327,no,"the line between them leaves the walkable area (a wall's thickness, or another floor)",
wall of tile 2CCA20 (room 0x75),door 0x1e7b50 (preset 0x0012),37.327,no,"the line between them leaves the walkable area (a wall's thickness, or another floor)",
wall of tile 2CCA20 (room 0x75),door 0x1e7b50 (preset 0x0012),15.937,no,"the line between them leaves the walkable area (a wall's thickness, or another floor)",
wall of tile 2CCA20 (room 0x75),door 0x1e7b50 (preset 0x0012),51.669,no,"the line between them leaves the walkable area (a wall's thickness, or another floor)",
wall of tile 2CCA20 (room 0x75),door 0x1e7b50 (preset 0x0012),51.669,no,"the line between them leaves the walkable area (a wall's thickness, or another floor)",
wall of tile 30AB20 (room 0x7a),wall of tile 2EA221 (room 0x7a),24.202,no,"the line between them leaves the walkable area (a wall's thickness, or another floor)",
wall of tile 30AB20 (room 0x7a),wall of tile 2EA021 (room 0x7a),45.294,no,"the line between them leaves the walkable area (a wall's thickness, or another floor)",
wall of tile 30AB20 (room 0x7a),wall of tile 30A020 (room 0x7a),52.878,no,"the line between them leaves the walkable area (a wall's thickness, or another floor)",
wall of tile 30AB20 (room 0x7a),wall of tile 309F20 (room 0x7a),34.241,no,the far wall faces the other way (it belongs to floor which isn't linked here),
wall of tile 30AB20 (room 0x7a),wall of tile 309E22 (room 0x7a),52.878,no,"the line between them leaves the walkable area (a wall's thickness, or another floor)",
wall of tile 30AB20 (room 0x7a),wall of tile 309B22 (room 0x7a),25.681,no,the far wall faces the other way (it belongs to floor which isn't linked here),
wall of tile 30AB20 (room 0x7a),wall of tile 2EDF21 (room 0x73),52.878,no,"the line between them leaves the walkable area (a wall's thickness, or another floor)",
wall of tile 30AB20 (room 0x7a),wall of tile 2EDF22 (room 0x73),52.878,no,"the line between them leaves the walkable area (a wall's thickness, or another floor)",
wall of tile 30AB20 (room 0x7a),wall of tile 2EED21 (room 0x73),58.034,no,"the line between them leaves the walkable area (a wall's thickness, or another floor)",
wall of tile 30AB20 (room 0x7a),wall of tile 2ED921 (room 0x73),58.375,no,"the line between them leaves the walkable area (a wall's thickness, or another floor)",
wall of tile 30AB20 (room 0x7a),wall of tile 2EDE21 (room 0x73),57.139,no,"the line between them leaves the walkable area (a wall's thickness, or another floor)",
wall of tile 30AB20 (room 0x7a),wall of tile 2EDC21 (room 0x73),57.139,no,"the line between them leaves the walkable area (a wall's thickness, or another floor)",
wall of tile 30AB20 (room 0x7a),wall of tile 2ED521 (room 0x73),59.866,no,"the line between them leaves the walkable area (a wall's thickness, or another floor)",
wall of tile 30AB20 (room 0x7a),wall of tile 2EE921 (room 0x73),59.866,no,"the line between them leaves the walkable area (a wall's thickness, or another floor)",
wall of tile 30AB20 (room 0x7a),wall of tile 2EBC22 (room 0x73),59.568,no,"the line between them leaves the walkable area (a wall's thickness, or another floor)",
wall of tile 30AB20 (room 0x7a),wall of tile 2EBD20 (room 0x73),52.878,no,"the line between them leaves the walkable area (a wall's thickness, or another floor)",
wall of tile 30AB20 (room 0x7a),wall of tile 2EBC21 (room 0x73),52.878,no,"the line between them leaves the walkable area (a wall's thickness, or another floor)",
wall of tile 30AB20 (room 0x7a),wall of tile 308F21 (room 0x7a),55.094,no,"the line between them leaves the walkable area (a wall's thickness, or another floor)",
wall of tile 30AB20 (room 0x7a),glass 0x1e1bd0 (preset 0x2765),53.560,no,"the line between them leaves the walkable area (a wall's thickness, or another floor)",
wall of tile 2EA422 (room 0x7a),wall of tile 2EA222 (room 0x7a),24.212,no,the line between them touches another wall,wall of tile 2EA622 (room 0x7a)
wall of tile 2EA422 (room 0x7a),wall of tile 2EA022 (room 0x7a),45.498,no,"the line between them leaves the walkable area (a wall's thickness, or another floor)",
wall of tile 2EA422 (room 0x7a),wall of tile 309B22 (room 0x7a),45.498,no,"the line between them leaves the walkable area (a wall's thickness, or another floor)",
wall of tile 2EA422 (room 0x7a),wall of tile 309B22 (room 0x7a),29.961,no,the far wall faces the other way (it belongs to floor which isn't linked here),
wall of tile 2EA622 (room 0x7a),wall of tile 2EA022 (room 0x7a),21.400,no,the line between them touches another wall,wall of tile 2EA222 (room 0x7a)
wall of tile 2EA622 (room 0x7a),wall of tile 2E9E22 (room 0x7a),45.498,no,"another wall pokes into the space between them, so a tighter pair covers this gap",wall of tile 2EA222 (room 0x7a)
wall of tile 2EA622 (room 0x7a),wall of tile 309B22 (room 0x7a),21.400,no,the line between them touches another wall,wall of tile 2EA222 (room 0x7a)
wall of tile 2EA622 (room 0x7a),wall of tile 309B22 (room 0x7a),12.840,no,the far wall faces the other way (it belongs to floor which isn't linked here),
wall of tile 2EA621 (room 0x7a),wall of tile 2EA021 (room 0x7a),21.400,no,the line between them touches another wall,wall of tile 2EA221 (room 0x7a)
wall of tile 2EA621 (room 0x7a),wall of tile 309B22 (room 0x7a),42.819,no,the far wall faces the other way (it belongs to floor which isn't linked here),
wall of tile 2EA621 (room 0x7a),wall of tile 309B22 (room 0x7a),25.681,no,the far wall faces the other way (it belongs to floor which isn't linked here),
wall of tile 2EA222 (room 0x7a),wall of tile 2E9E22 (room 0x7a),24.212,no,the line between them touches another wall,wall of tile 2EA022 (room 0x7a)
wall of tile 2EA222 (room 0x7a),wall of tile 2E9C22 (room 0x7a),48.424,no,the line between them touches another wall,wall of tile 2EA022 (room 0x7a)
wall of tile 2EA221 (room 0x7a),wall of tile 309C20 (room 0x7a),55.641,no,"the line between them leaves the walkable area (a wall's thickness, or another floor)",
wall of tile 2EA221 (room 0x7a),wall of tile 309B22 (room 0x7a),23.280,no,the far wall faces the other way (it belongs to floor which isn't linked here),
wall of tile 2EA221 (room 0x7a),wall of tile 309B22 (room 0x7a),42.801,no,the far wall faces the other way (it belongs to floor which isn't linked here),
wall of tile 2EA221 (room 0x7a),wall of tile 309A22 (room 0x7a),55.641,no,"the line between them leaves the walkable area (a wall's thickness, or another floor)",
wall of tile 2EA221 (room 0x7a),wall of tile 2EE921 (room 0x73),55.641,no,"the line between them leaves the walkable area (a wall's thickness, or another floor)",
wall of tile 2EA221 (room 0x7a),wall of tile 2EE921 (room 0x73),55.641,no,"the line between them leaves the walkable area (a wall's thickness, or another floor)",
wall of tile 2EA022 (room 0x7a),wall of tile 2E9C22 (room 0x7a),24.212,no,the line between them touches another wall,wall of tile 2E9E22 (room 0x7a)
wall of tile 2EA022 (room 0x7a),wall of tile 2E9A22 (room 0x7a),48.424,no,the line between them touches another wall,wall of tile 2E9E22 (room 0x7a)
wall of tile 2EA021 (room 0x7a),wall of tile 309621 (room 0x7a),55.641,no,"another wall pokes into the space between them, so a tighter pair covers this gap",wall of tile 309A22 (room 0x7a)
wall of tile 2EA021 (room 0x7a),wall of tile 309C20 (room 0x7a),51.450,no,"the line between them leaves the walkable area (a wall's thickness, or another floor)",
wall of tile 2EA021 (room 0x7a),wall of tile 309B22 (room 0x7a),59.921,no,the far wall faces the other way (it belongs to floor which isn't linked here),
wall of tile 2EA021 (room 0x7a),wall of tile 309A22 (room 0x7a),51.450,no,"the line between them leaves the walkable area (a wall's thickness, or another floor)",
wall of tile 2EA021 (room 0x7a),wall of tile 2EE921 (room 0x73),51.450,no,"the line between them leaves the walkable area (a wall's thickness, or another floor)",
wall of tile 2EA021 (room 0x7a),wall of tile 2EE921 (room 0x73),51.450,no,"the line between them leaves the walkable area (a wall's thickness, or another floor)",
wall of tile 2EA021 (room 0x7a),glass 0x1e19d0 (preset 0x2761),55.640,no,"another wall pokes into the space between them, so a tighter pair covers this gap",wall of tile 309A22 (room 0x7a)
wall of tile 2E9E22 (room 0x7a),wall of tile 2E9A22 (room 0x7a),24.212,no,the line between them touches another wall,wall of tile 2E9C22 (room 0x7a)
wall of tile 2E9E22 (room 0x7a),wall of tile 2E9822 (room 0x7a),48.424,no,the line between them touches another wall,wall of tile 2E9C22 (room 0x7a)
wall of tile 2E9E22 (room 0x7a),wall of tile 309B22 (room 0x7a),23.280,no,the far wall faces the other way (it belongs to floor which isn't linked here),
wall of tile 2E9E22 (room 0x7a),wall of tile 309B22 (room 0x7a),24.212,no,the line between them touches another wall,wall of tile 2EA022 (room 0x7a)
wall of tile 2E9C22 (room 0x7a),wall of tile 2E9822 (room 0x7a),24.212,no,the line between them touches another wall,wall of tile 2E9A22 (room 0x7a)
wall of tile 2E9C22 (room 0x7a),wall of tile 2E9622 (room 0x7a),48.424,no,the line between them touches another wall,wall of tile 2E9A22 (room 0x7a)
wall of tile 2E9C22 (room 0x7a),wall of tile 309B22 (room 0x7a),46.561,no,the far wall faces the other way (it belongs to floor which isn't linked here),
wall of tile 2E9C22 (room 0x7a),wall of tile 309B22 (room 0x7a),48.424,no,the line between them touches another wall,wall of tile 2E9E22 (room 0x7a)
wall of tile 2E9A22 (room 0x7a),wall of tile 2E9622 (room 0x7a),24.212,no,the line between them touches another wall,wall of tile 2E9822 (room 0x7a)
wall of tile 2E9A22 (room 0x7a),wall of tile 2E9422 (room 0x7a),48.424,no,the line between them touches another wall,wall of tile 2E9822 (room 0x7a)
wall of tile 2E9822 (room 0x7a),wall of tile 2E9422 (room 0x7a),24.212,no,the line between them touches another wall,wall of tile 2E9622 (room 0x7a)
wall of tile 2E9822 (room 0x7a),wall of tile 2E8D22 (room 0x7a),48.424,no,the line between them touches another wall,wall of tile 2E9622 (room 0x7a)
wall of tile 2E9622 (room 0x7a),wall of tile 2E8D22 (room 0x7a),24.212,no,the line between them touches another wall,wall of tile 2E9422 (room 0x7a)
wall of tile 2E9622 (room 0x7a),wall of tile 2E8B22 (room 0x7a),48.424,no,the line between them touches another wall,wall of tile 2E9422 (room 0x7a)
wall of tile 2E9422 (room 0x7a),wall of tile 2E8B22 (room 0x7a),24.212,no,the line between them touches another wall,wall of tile 2E8D22 (room 0x7a)
wall of tile 2E9422 (room 0x7a),wall of tile 2E8922 (room 0x7a),45.498,no,"another wall pokes into the space between them, so a tighter pair covers this gap",wall of tile 2E8B22 (room 0x7a)
wall of tile 2E8D22 (room 0x7a),wall of tile 2E8922 (room 0x7a),21.400,no,the line between them touches another wall,wall of tile 2E8B22 (room 0x7a)
wall of tile 2E8D22 (room 0x7a),wall of tile 2E8722 (room 0x7a),45.498,no,"the line between them leaves the walkable area (a wall's thickness, or another floor)",
wall of tile 2E8B22 (room 0x7a),wall of tile 2E8722 (room 0x7a),24.212,no,the line between them touches another wall,wall of tile 2E8922 (room 0x7a)
wall of tile 2E8B22 (room 0x7a),wall of tile 2E8522 (room 0x7a),48.424,no,the line between them touches another wall,wall of tile 2E8922 (room 0x7a)
wall of tile 2E8922 (room 0x7a),wall of tile 2E8522 (room 0x7a),24.212,no,the line between them touches another wall,wall of tile 2E8722 (room 0x7a)
wall of tile 2E8922 (room 0x7a),wall of tile 2E8322 (room 0x7a),48.424,no,the line between them touches another wall,wall of tile 2E8722 (room 0x7a)
wall of tile 2E8722 (room 0x7a),wall of tile 2E8322 (room 0x7a),24.212,no,the line between them touches another wall,wall of tile 2E8522 (room 0x7a)
wall of tile 2E8722 (room 0x7a),wall of tile 2E8F22 (room 0x7a),48.424,no,the line between them touches another wall,wall of tile 2E8522 (room 0x7a)
wall of tile 2E8522 (room 0x7a),wall of tile 2E8F22 (room 0x7a),24.212,no,the line between them touches another wall,wall of tile 2E8322 (room 0x7a)
wall of tile 2E8522 (room 0x7a),wall of tile 308A20 (room 0x7a),48.424,no,the line between them touches another wall,wall of tile 2E8322 (room 0x7a)
wall of tile 2E8322 (room 0x7a),wall of tile 308A20 (room 0x7a),24.212,no,the line between them touches another wall,wall of tile 2E8F22 (room 0x7a)
wall of tile 2E8322 (room 0x7a),wall of tile 308B20 (room 0x7a),48.424,no,the line between them touches another wall,wall of tile 2E8F22 (room 0x7a)
wall of tile 2E8F22 (room 0x7a),wall of tile 308B20 (room 0x7a),24.212,no,the line between them touches another wall,wall of tile 308A20 (room 0x7a)
wall of tile 308822 (room 0x7a),wall of tile 2EB522 (room 0x73),54.477,no,the far wall faces the other way (it belongs to floor which isn't linked here),
wall of tile 308822 (room 0x7a),glass 0x1e19d0 (preset 0x2761),24.212,no,"the line between them leaves the walkable area (a wall's thickness, or another floor)",
wall of tile 308822 (room 0x7a),glass 0x1e1ad0 (preset 0x2763),0.001,no,"the line between them leaves the walkable area (a wall's thickness, or another floor)",
wall of tile 308822 (room 0x7a),glass 0x1e1ad0 (preset 0x2763),0.000,no,the line between them touches another wall,glass 0x1e1ad0 (preset 0x2763)
wall of tile 308320 (room 0x7a),wall of tile 30A320 (room 0x7a),24.212,no,the line between them touches another wall,wall of tile 30A220 (room 0x7a)
wall of tile 308320 (room 0x7a),wall of tile 2F2A20 (room 0x7a),54.477,no,the far wall faces the other way (it belongs to floor which isn't linked here),
wall of tile 308320 (room 0x7a),glass 0x1e1a50 (preset 0x2762),24.211,no,"another wall pokes into the space between them, so a tighter pair covers this gap",wall of tile 30A220 (room 0x7a)
wall of tile 308320 (room 0x7a),glass 0x1e1ad0 (preset 0x2763),3.025,yes,,
wall of tile 308320 (room 0x7a),glass 0x1e1ad0 (preset 0x2763),3.025,yes,,
wall of tile 308320 (room 0x7a),glass 0x1e1ad0 (preset 0x2763),3.027,no,"another wall pokes into the space between them, so a tighter pair covers this gap",glass 0x1e1ad0 (preset 0x2763)
wall of tile 30A120 (room 0x7a),wall of tile 2F2A20 (room 0x7a),32.091,no,the far wall faces the other way (it belongs to floor which isn't linked here),
wall of tile 30A220 (room 0x7a),wall of tile 2ED321 (room 0x73),48.424,no,the line between them touches another wall,wall of tile 30A320 (room 0x7a)
wall of tile 30A220 (room 0x7a),wall of tile 2F2A20 (room 0x7a),54.477,no,the far wall faces the other way (it belongs to floor which isn't linked here),
wall of tile 30A220 (room 0x7a),glass 0x1e1a50 (preset 0x2762),0.001,no,"another wall pokes into the space between them, so a tighter pair covers this gap",wall of tile 30A320 (room 0x7a)
wall of tile 30A220 (room 0x7a),glass 0x1e1ad0 (preset 0x2763),24.401,no,"another wall pokes into the space between them, so a tighter pair covers this gap",wall of tile 308320 (room 0x7a)
wall of tile 30A220 (room 0x7a),glass 0x1e1ad0 (preset 0x2763),24.402,no,"another wall pokes into the space between them, so a tighter pair covers this gap",wall of tile 308320 (room 0x7a)
wall of tile 30A220 (room 0x7a),glass 0x1e1ad0 (preset 0x2763),24.401,no,"another wall pokes into the space between them, so a tighter pair covers this gap",wall of tile 308320 (room 0x7a)
wall of tile 30A320 (room 0x7a),wall of tile 30AA20 (room 0x7a),30.265,no,the line between them touches another wall,wall of tile 30A520 (room 0x7a)
wall of tile 30A320 (room 0x7a),wall of tile 2ED121 (room 0x73),24.212,no,the line between them touches another wall,wall of tile 30A220 (room 0x7a)
wall of tile 30A320 (room 0x7a),wall of tile 2EFD21 (room 0x73),30.265,no,the line between them touches another wall,wall of tile 30A520 (room 0x7a)
wall of tile 30A320 (room 0x7a),wall of tile 2EBE21 (room 0x73),24.212,no,the line between them touches another wall,wall of tile 30A220 (room 0x7a)
wall of tile 30A320 (room 0x7a),glass 0x1e1a50 (preset 0x2762),0.001,no,"another wall pokes into the space between them, so a tighter pair covers this gap",wall of tile 30A520 (room 0x7a)
wall of tile 30A320 (room 0x7a),glass 0x1e1ad0 (preset 0x2763),36.444,no,"the line between them leaves the walkable area (a wall's thickness, or another floor)",
wall of tile 30A320 (room 0x7a),glass 0x1e1ad0 (preset 0x2763),36.444,no,"the line between them leaves the walkable area (a wall's thickness, or another floor)",
wall of tile 30A320 (room 0x7a),glass 0x1e1ad0 (preset 0x2763),36.444,no,"the line between them leaves the walkable area (a wall's thickness, or another floor)",
wall of tile 30A520 (room 0x7a),wall of tile 30A920 (room 0x7a),33.429,no,the line between them touches another wall,wall of tile 30AA20 (room 0x7a)
wall of tile 30A520 (room 0x7a),wall of tile 2ED121 (room 0x73),12.106,no,the line between them touches another wall,wall of tile 30A320 (room 0x7a)
wall of tile 30A520 (room 0x7a),wall of tile 2EF921 (room 0x73),33.429,no,the line between them touches another wall,wall of tile 30AA20 (room 0x7a)
wall of tile 30A520 (room 0x7a),glass 0x1e1a50 (preset 0x2762),0.000,yes,,
wall of tile 30AA20 (room 0x7a),wall of tile 30A822 (room 0x7a),33.429,no,the line between them touches another wall,wall of tile 30A920 (room 0x7a)
wall of tile 30AA20 (room 0x7a),wall of tile 2ED121 (room 0x73),42.371,no,the line between them touches another wall,wall of tile 30A320 (room 0x7a)
wall of tile 30AA20 (room 0x7a),wall of tile 2ED321 (room 0x73),30.265,no,the line between them touches another wall,wall of tile 30A520 (room 0x7a)
wall of tile 30AA20 (room 0x7a),wall of tile 2EF321 (room 0x73),33.429,no,the line between them touches another wall,wall of tile 30A920 (room 0x7a)
wall of tile 30AA20 (room 0x7a),glass 0x1e1a50 (preset 0x2762),0.000,yes,,
wall of tile 30A920 (room 0x7a),wall of tile 30A722 (room 0x7a),30.265,no,the line between them touches another wall,wall of tile 30A822 (room 0x7a)
wall of tile 30A920 (room 0x7a),wall of tile 2ED021 (room 0x73),33.429,no,the line between them touches another wall,wall of tile 30AA20 (room 0x7a)
wall of tile 30A920 (room 0x7a),wall of tile 2EF721 (room 0x73),30.265,no,the line between them touches another wall,wall of tile 30A822 (room 0x7a)
wall of tile 30A920 (room 0x7a),glass 0x1e1a50 (preset 0x2762),0.000,no,"another wall pokes into the space between them, so a tighter pair covers this gap",wall of tile 30A822 (room 0x7a)
wall of tile 30A822 (room 0x7a),wall of tile 30A620 (room 0x7a),33.429,no,the line between them touches another wall,wall of tile 30A722 (room 0x7a)
wall of tile 30A822 (room 0x7a),wall of tile 2EFD21 (room 0x73),33.429,no,the line between them touches another wall,wall of tile 30A920 (room 0x7a)
wall of tile 30A822 (room 0x7a),wall of tile 2EDF21 (room 0x73),33.429,no,the line between them touches another wall,wall of tile 30A722 (room 0x7a)
wall of tile 30A822 (room 0x7a),glass 0x1e1a50 (preset 0x2762),0.000,yes,,
wall of tile 30A722 (room 0x7a),wall of tile 30A020 (room 0x7a),51.539,no,the line between them touches another wall,wall of tile 30A620 (room 0x7a)
wall of tile 30A722 (room 0x7a),wall of tile 2EF921 (room 0x73),30.265,no,the line between them touches another wall,wall of tile 30A822 (room 0x7a)
wall of tile 30A722 (room 0x7a),glass 0x1e1a50 (preset 0x2762),0.000,yes,,
wall of tile 30A620 (room 0x7a),wall of tile 309E22 (room 0x7a),24.212,no,the line between them touches another wall,wall of tile 30A020 (room 0x7a)
wall of tile 30A620 (room 0x7a),wall of tile 2EF321 (room 0x73),33.429,no,the line between them touches another wall,wall of tile 30A722 (room 0x7a)
wall of tile 30A620 (room 0x7a),wall of tile 2EDF22 (room 0x73),24.192,no,"the line between them leaves the walkable area (a wall's thickness, or another floor)",
wall of tile 30A620 (room 0x7a),wall of tile 2EBC21 (room 0x73),24.205,no,"the line between them leaves the walkable area (a wall's thickness, or another floor)",
wall of tile 30A620 (room 0x7a),glass 0x1e1a50 (preset 0x2762),0.000,no,"another wall pokes into the space between them, so a tighter pair covers this gap",wall of tile 30A020 (room 0x7a)
wall of tile 30A620 (room 0x7a),glass 0x1e1bd0 (preset 0x2765),34.240,no,"the line between them leaves the walkable area (a wall's thickness, or another floor)",
wall of tile 30A020 (room 0x7a),wall of tile 2EF721 (room 0x73),51.539,no,the line between them touches another wall,wall of tile 30A620 (room 0x7a)
wall of tile 30A020 (room 0x7a),glass 0x1e1a50 (preset 0x2762),0.000,yes,,
wall of tile 30A020 (room 0x7a),glass 0x1e1bd0 (preset 0x2765),24.211,no,"the line between them leaves the walkable area (a wall's thickness, or another floor)",
wall of tile 309E22 (room 0x7a),wall of tile 2EED21 (room 0x73),3.026,no,"the line between them leaves the walkable area (a wall's thickness, or another floor)",
wall of tile 309E22 (room 0x7a),wall of tile 2ED921 (room 0x73),9.571,no,the far wall faces the other way (it belongs to floor which isn't linked here),
wall of tile 309E22 (room 0x7a),wall of tile 2EDE21 (room 0x73),39.460,no,the far wall faces the other way (it belongs to floor which isn't linked here),
wall of tile 309E22 (room 0x7a),wall of tile 2EBC22 (room 0x73),51.539,no,the far wall faces the other way (it belongs to floor which isn't linked here),
wall of tile 309E22 (room 0x7a),glass 0x1e1a50 (preset 0x2762),24.212,no,"another wall pokes into the space between them, so a tighter pair covers this gap",wall of tile 30A020 (room 0x7a)
wall of tile 309E22 (room 0x7a),glass 0x1e1bd0 (preset 0x2765),0.000,no,"the line between them leaves the walkable area (a wall's thickness, or another floor)",
wall of tile 309621 (room 0x7a),wall of tile 309B22 (room 0x7a),55.641,no,"another wall pokes into the space between them, so a tighter pair covers this gap",wall of tile 309A22 (room 0x7a)
wall of tile 309621 (room 0x7a),wall of tile 2ED521 (room 0x73),51.539,no,the far wall faces the other way (it belongs to floor which isn't linked here),
wall of tile 309621 (room 0x7a),wall of tile 2EE921 (room 0x73),0.968,no,the far wall faces the other way (it belongs to floor which isn't linked here),
wall of tile 309621 (room 0x7a),wall of tile 2EFA22 (room 0x73),48.424,no,the far wall faces the other way (it belongs to floor which isn't linked here),
wall of tile 309621 (room 0x7a),glass 0x1e19d0 (preset 0x2761),0.000,yes,,
wall of tile 309621 (room 0x7a),glass 0x1e1b50 (preset 0x2764),0.001,yes,,
wall of tile 309C20 (room 0x7a),wall of tile 309B22 (room 0x7a),51.539,no,"another wall pokes into the space between them, so a tighter pair covers this gap",wall of tile 309A22 (room 0x7a)
wall of tile 309C20 (room 0x7a),wall of tile 2ED521 (room 0x73),51.539,no,the far wall faces the other way (it belongs to floor which isn't linked here),
wall of tile 309C20 (room 0x7a),glass 0x1e19d0 (preset 0x2761),24.211,no,"another wall pokes into the space between them, so a tighter pair covers this gap",wall of tile 309A22 (room 0x7a)
wall of tile 309C20 (room 0x7a),glass 0x1e1b50 (preset 0x2764),0.001,no,"another wall pokes into the space between them, so a tighter pair covers this gap",wall of tile 309621 (room 0x7a)
wall of tile 309B22 (room 0x7a),wall of tile 309A22 (room 0x7a),51.450,yes,,
wall of tile 309B22 (room 0x7a),wall of tile 2EE921 (room 0x73),51.450,no,the far wall faces the other way (it belongs to floor which isn't linked here),
wall of tile 309B22 (room 0x7a),wall of tile 2EE921 (room 0x73),51.539,no,the far wall faces the other way (it belongs to floor which isn't linked here),
wall of tile 309B22 (room 0x7a),glass 0x1e19d0 (preset 0x2761),55.640,no,"another wall pokes into the space between them, so a tighter pair covers this gap",wall of tile 309A22 (room 0x7a)
wall of tile 309A22 (room 0x7a),wall of tile 2EFA22 (room 0x73),48.424,no,the far wall faces the other way (it belongs to floor which isn't linked here),
wall of tile 309A22 (room 0x7a),glass 0x1e19d0 (preset 0x2761),0.000,yes,,
wall of tile 309A22 (room 0x7a),glass 0x1e1b50 (preset 0x2764),24.212,no,"the line between them leaves the walkable area (a wall's thickness, or another floor)",
wall of tile 308022 (room 0x7a),wall of tile 2EB522 (room 0x73),54.477,no,the far wall faces the other way (it belongs to floor which isn't linked here),
wall of tile 308022 (room 0x7a),glass 0x1e1ad0 (preset 0x2763),0.001,no,"the line between them leaves the walkable area (a wall's thickness, or another floor)",
wall of tile 308022 (room 0x7a),glass 0x1e1ad0 (preset 0x2763),0.000,no,the line between them touches another wall,glass 0x1e1ad0 (preset 0x2763)
wall of tile 308122 (room 0x7a),glass 0x1e19d0 (preset 0x2761),0.000,no,"another wall pokes into the space between them, so a tighter pair covers this gap",wall of tile 308022 (room 0x7a)
wall of tile 308122 (room 0x7a),glass 0x1e1ad0 (preset 0x2763),24.210,no,"the line between them leaves the walkable area (a wall's thickness, or another floor)",
wall of tile 308122 (room 0x7a),glass 0x1e1ad0 (preset 0x2763),24.210,no,"the line between them leaves the walkable area (a wall's thickness, or another floor)",
wall of tile 308122 (room 0x7a),glass 0x1e1ad0 (preset 0x2763),24.211,no,"another wall pokes into the space between them, so a tighter pair covers this gap",wall of tile 308822 (room 0x7a)
wall of tile 2ED121 (room 0x73),wall of tile 2ED021 (room 0x73),12.106,no,the line between them touches another wall,wall of tile 2ED321 (room 0x73)
wall of tile 2ED121 (room 0x73),wall of tile 2EFD21 (room 0x73),42.371,no,the line between them touches another wall,wall of tile 2ED321 (room 0x73)
wall of tile 2ED121 (room 0x73),wall of tile 2F2A20 (room 0x7a),54.477,no,"the line between them leaves the walkable area (a wall's thickness, or another floor)",
wall of tile 2ED121 (room 0x73),glass 0x1e1a50 (preset 0x2762),0.001,no,"the line between them leaves the walkable area (a wall's thickness, or another floor)",
wall of tile 2ED121 (room 0x73),glass 0x1e1ad0 (preset 0x2763),24.401,no,"the line between them leaves the walkable area (a wall's thickness, or another floor)",
wall of tile 2ED121 (room 0x73),glass 0x1e1ad0 (preset 0x2763),24.402,no,"the line between them leaves the walkable area (a wall's thickness, or another floor)",
wall of tile 2ED121 (room 0x73),glass 0x1e1ad0 (preset 0x2763),24.401,no,"the line between them leaves the walkable area (a wall's thickness, or another floor)",
wall of tile 2ED121 (room 0x73),wall of tile 2F2A20 (room 0x7a),54.477,no,"the line between them leaves the walkable area (a wall's thickness, or another floor)",
wall of tile 2ED121 (room 0x73),glass 0x1e1a50 (preset 0x2762),24.211,no,"the line between them leaves the walkable area (a wall's thickness, or another floor)",
wall of tile 2ED121 (room 0x73),glass 0x1e1ad0 (preset 0x2763),3.025,yes,,
wall of tile 2ED121 (room 0x73),glass 0x1e1ad0 (preset 0x2763),3.025,yes,,
wall of tile 2ED121 (room 0x73),glass 0x1e1ad0 (preset 0x2763),3.027,no,"another wall pokes into the space between them, so a tighter pair covers this gap",glass 0x1e1ad0 (preset 0x2763)
wall of tile 2ED321 (room 0x73),wall of tile 2EFD21 (room 0x73),30.265,no,the line between them touches another wall,wall of tile 2ED021 (room 0x73)
wall of tile 2ED321 (room 0x73),glass 0x1e1a50 (preset 0x2762),0.001,no,"the line between them leaves the walkable area (a wall's thickness, or another floor)",
wall of tile 2F1222 (room 0x73),wall of tile 2EFD22 (room 0x73),36.318,no,the line between them touches another wall,wall of tile 2ED022 (room 0x73)
wall of tile 2ED021 (room 0x73),wall of tile 2EF921 (room 0x73),33.429,no,the line between them touches another wall,wall of tile 2EFD21 (room 0x73)
wall of tile 2ED021 (room 0x73),glass 0x1e1a50 (preset 0x2762),0.000,no,"the line between them leaves the walkable area (a wall's thickness, or another floor)",
wall of tile 2ED022 (room 0x73),wall of tile 2EF922 (room 0x73),30.265,no,the line between them touches another wall,wall of tile 2EFD22 (room 0x73)
wall of tile 2ED022 (room 0x73),wall of tile 308F21 (room 0x7a),0.075,no,"the line between them leaves the walkable area (a wall's thickness, or another floor)",
wall of tile 2EFD21 (room 0x73),wall of tile 2EF321 (room 0x73),33.429,no,the line between them touches another wall,wall of tile 2EF921 (room 0x73)
wall of tile 2EFD21 (room 0x73),glass 0x1e1a50 (preset 0x2762),0.000,no,"the line between them leaves the walkable area (a wall's thickness, or another floor)",
wall of tile 2EFD22 (room 0x73),wall of tile 2EF322 (room 0x73),30.265,no,the line between them touches another wall,wall of tile 2EF922 (room 0x73)
wall of tile 2EFD22 (room 0x73),wall of tile 308F21 (room 0x7a),0.523,no,"the line between them leaves the walkable area (a wall's thickness, or another floor)",
wall of tile 2EF921 (room 0x73),wall of tile 2EF721 (room 0x73),30.265,no,the line between them touches another wall,wall of tile 2EF321 (room 0x73)
wall of tile 2EF921 (room 0x73),glass 0x1e1a50 (preset 0x2762),0.000,no,"the line between them leaves the walkable area (a wall's thickness, or another floor)",
wall of tile 2EF922 (room 0x73),wall of tile 2EF722 (room 0x73),33.429,no,the line between them touches another wall,wall of tile 2EF322 (room 0x73)
wall of tile 2EF922 (room 0x73),wall of tile 308F21 (room 0x7a),0.897,no,"the line between them leaves the walkable area (a wall's thickness, or another floor)",
wall of tile 2EF321 (room 0x73),wall of tile 2EDF21 (room 0x73),33.429,no,the line between them touches another wall,wall of tile 2EF721 (room 0x73)
wall of tile 2EF321 (room 0x73),glass 0x1e1a50 (preset 0x2762),0.000,no,"the line between them leaves the walkable area (a wall's thickness, or another floor)",
wall of tile 2EF322 (room 0x73),wall of tile 2EED22 (room 0x73),33.291,no,"the line between them leaves the walkable area (a wall's thickness, or another floor)",
wall of tile 2EF322 (room 0x73),wall of tile 2ED922 (room 0x73),34.507,no,"the line between them leaves the walkable area (a wall's thickness, or another floor)",
wall of tile 2EF322 (room 0x73),wall of tile 2EDE22 (room 0x73),51.539,no,"the line between them leaves the walkable area (a wall's thickness, or another floor)",
wall of tile 2EF721 (room 0x73),glass 0x1e1a50 (preset 0x2762),0.000,no,"the line between them leaves the walkable area (a wall's thickness, or another floor)",
wall of tile 2EF722 (room 0x73),wall of tile 2ED922 (room 0x73),12.056,no,"the line between them leaves the walkable area (a wall's thickness, or another floor)",
wall of tile 2EF722 (room 0x73),wall of tile 2EDE22 (room 0x73),42.197,no,"the line between them leaves the walkable area (a wall's thickness, or another floor)",
wall of tile 2EF722 (room 0x73),wall of tile 2EB621 (room 0x73),56.993,no,"the line between them leaves the walkable area (a wall's thickness, or another floor)",
wall of tile 2EF722 (room 0x73),wall of tile 2EBC22 (room 0x73),56.993,no,"the line between them leaves the walkable area (a wall's thickness, or another floor)",
wall of tile 2EDF21 (room 0x73),glass 0x1e1a50 (preset 0x2762),0.968,no,"the line between them leaves the walkable area (a wall's thickness, or another floor)",
wall of tile 2EDF21 (room 0x73),glass 0x1e1bd0 (preset 0x2765),24.192,no,"the line between them leaves the walkable area (a wall's thickness, or another floor)",
wall of tile 2EDF22 (room 0x73),wall of tile 2ED921 (room 0x73),12.106,no,the line between them touches another wall,wall of tile 2EED21 (room 0x73)
wall of tile 2EDF22 (room 0x73),wall of tile 2EDE21 (room 0x73),42.371,no,the line between them touches another wall,wall of tile 2EED21 (room 0x73)
wall of tile 2EDF22 (room 0x73),wall of tile 2EBC22 (room 0x73),54.477,no,the line between them touches another wall,wall of tile 2EED21 (room 0x73)
wall of tile 2EDF22 (room 0x73),wall of tile 308F21 (room 0x7a),2.989,no,the far wall faces the other way (it belongs to floor which isn't linked here),
wall of tile 2EDF22 (room 0x73),glass 0x1e1a50 (preset 0x2762),24.192,no,"the line between them leaves the walkable area (a wall's thickness, or another floor)",
wall of tile 2EDF22 (room 0x73),glass 0x1e1bd0 (preset 0x2765),0.967,no,"the line between them leaves the walkable area (a wall's thickness, or another floor)",
wall of tile 2EED22 (room 0x73),wall of tile 2EDE22 (room 0x73),30.265,no,the line between them touches another wall,wall of tile 2ED922 (room 0x73)
wall of tile 2EED22 (room 0x73),wall of tile 2EB621 (room 0x73),45.498,no,"the line between them leaves the walkable area (a wall's thickness, or another floor)",
wall of tile 2EED22 (room 0x73),wall of tile 2EBC22 (room 0x73),45.240,no,the far wall faces the other way (it belongs to floor which isn't linked here),
wall of tile 2EED21 (room 0x73),wall of tile 2EDE21 (room 0x73),30.265,no,the line between them touches another wall,wall of tile 2ED921 (room 0x73)
wall of tile 2EED21 (room 0x73),wall of tile 2EBC22 (room 0x73),42.371,no,the line between them touches another wall,wall of tile 2ED921 (room 0x73)
wall of tile 2EED21 (room 0x73),wall of tile 2EBC21 (room 0x73),0.985,no,"the line between them leaves the walkable area (a wall's thickness, or another floor)",
wall of tile 2EED21 (room 0x73),glass 0x1e1bd0 (preset 0x2765),3.025,no,"the line between them leaves the walkable area (a wall's thickness, or another floor)",
wall of tile 2ED921 (room 0x73),wall of tile 2EDC21 (room 0x73),33.429,no,the line between them touches another wall,wall of tile 2EDE21 (room 0x73)
wall of tile 2ED921 (room 0x73),wall of tile 2EBC22 (room 0x73),12.106,no,the far wall faces the other way (it belongs to floor which isn't linked here),
wall of tile 2ED921 (room 0x73),wall of tile 2EBC21 (room 0x73),0.281,no,"the line between them leaves the walkable area (a wall's thickness, or another floor)",
wall of tile 2ED921 (room 0x73),wall of tile 308F21 (room 0x7a),9.116,no,"the line between them leaves the walkable area (a wall's thickness, or another floor)",
wall of tile 2ED921 (room 0x73),glass 0x1e1bd0 (preset 0x2765),3.025,no,"the line between them leaves the walkable area (a wall's thickness, or another floor)",
wall of tile 2ED922 (room 0x73),wall of tile 2EDC22 (room 0x73),33.429,no,the line between them touches another wall,wall of tile 2EDE22 (room 0x73)
wall of tile 2ED922 (room 0x73),wall of tile 2EB621 (room 0x73),15.432,no,"the line between them leaves the walkable area (a wall's thickness, or another floor)",
wall of tile 2ED922 (room 0x73),wall of tile 2EBC22 (room 0x73),14.999,no,the far wall faces the other way (it belongs to floor which isn't linked here),
wall of tile 2ED922 (room 0x73),wall of tile 308F21 (room 0x7a),10.013,no,the far wall faces the other way (it belongs to floor which isn't linked here),
wall of tile 2EDE21 (room 0x73),wall of tile 2ED721 (room 0x73),33.429,no,the line between them touches another wall,wall of tile 2EDC21 (room 0x73)
wall of tile 2EDE21 (room 0x73),wall of tile 2EBC22 (room 0x73),1.096,no,the far wall faces the other way (it belongs to floor which isn't linked here),
wall of tile 2EDE21 (room 0x73),wall of tile 308F21 (room 0x7a),39.379,no,"the line between them leaves the walkable area (a wall's thickness, or another floor)",
wall of tile 2EDE21 (room 0x73),glass 0x1e1bd0 (preset 0x2765),21.402,no,"the line between them leaves the walkable area (a wall's thickness, or another floor)",
wall of tile 2EDE22 (room 0x73),wall of tile 2ED722 (room 0x73),33.429,no,the line between them touches another wall,wall of tile 2EDC22 (room 0x73)
wall of tile 2EDE22 (room 0x73),wall of tile 308F21 (room 0x7a),40.275,no,the far wall faces the other way (it belongs to floor which isn't linked here),
wall of tile 2EDC21 (room 0x73),wall of tile 2ED521 (room 0x73),30.265,no,the line between them touches another wall,wall of tile 2ED721 (room 0x73)
wall of tile 2EDC21 (room 0x73),wall of tile 2EBC22 (room 0x73),21.400,no,the far wall faces the other way (it belongs to floor which isn't linked here),
wall of tile 2EDC21 (room 0x73),wall of tile 2EBC21 (room 0x73),21.400,no,the far wall faces the other way (it belongs to floor which isn't linked here),
wall of tile 2EDC21 (room 0x73),glass 0x1e1b50 (preset 0x2764),42.371,no,"the line between them leaves the walkable area (a wall's thickness, or another floor)",
wall of tile 2EDC21 (room 0x73),glass 0x1e1bd0 (preset 0x2765),54.478,no,"the line between them leaves the walkable area (a wall's thickness, or another floor)",
wall of tile 2EDC22 (room 0x73),wall of tile 2ED522 (room 0x73),30.265,no,the line between them touches another wall,wall of tile 2ED722 (room 0x73)
wall of tile 2EDC22 (room 0x73),wall of tile 2EB920 (room 0x73),30.265,no,the line between them touches another wall,wall of tile 2ED722 (room 0x73)
wall of tile 2EDC22 (room 0x73),wall of tile 2EBC22 (room 0x73),18.159,no,"the line between them leaves the walkable area (a wall's thickness, or another floor)",
wall of tile 2ED721 (room 0x73),wall of tile 2EE921 (room 0x73),33.429,no,the line between them touches another wall,wall of tile 2ED521 (room 0x73)
wall of tile 2ED721 (room 0x73),wall of tile 2EBC22 (room 0x73),54.433,no,the far wall faces the other way (it belongs to floor which isn't linked here),
wall of tile 2ED721 (room 0x73),wall of tile 2EBC21 (room 0x73),54.477,no,the far wall faces the other way (it belongs to floor which isn't linked here),
wall of tile 2ED721 (room 0x73),glass 0x1e1b50 (preset 0x2764),12.106,no,the far wall faces the other way (it belongs to floor which isn't linked here),
wall of tile 2ED722 (room 0x73),wall of tile 2EFA21 (room 0x73),33.429,no,the line between them touches another wall,wall of tile 2ED522 (room 0x73)
wall of tile 2ED722 (room 0x73),wall of tile 2EF522 (room 0x73),47.081,no,"the line between them leaves the walkable area (a wall's thickness, or another floor)",
wall of tile 2ED722 (room 0x73),wall of tile 2EBC22 (room 0x73),51.530,no,"the line between them leaves the walkable area (a wall's thickness, or another floor)",
wall of tile 2ED521 (room 0x73),glass 0x1e1b50 (preset 0x2764),1.095,no,the far wall faces the other way (it belongs to floor which isn't linked here),
wall of tile 2ED522 (room 0x73),wall of tile 2EF522 (room 0x73),30.265,no,the line between them touches another wall,wall of tile 2EFA21 (room 0x73)
wall of tile 2EE921 (room 0x73),wall of tile 2EF521 (room 0x73),33.429,no,the line between them touches another wall,wall of tile 2EFA22 (room 0x73)
wall of tile 2EE921 (room 0x73),glass 0x1e19d0 (preset 0x2761),0.000,no,"the line between them leaves the walkable area (a wall's thickness, or another floor)",
wall of tile 2EE921 (room 0x73),glass 0x1e1b50 (preset 0x2764),24.212,no,the far wall faces the other way (it belongs to floor which isn't linked here),
wall of tile 2EE921 (room 0x73),glass 0x1e19d0 (preset 0x2761),24.211,no,"the line between them leaves the walkable area (a wall's thickness, or another floor)",
wall of tile 2EE921 (room 0x73),glass 0x1e1b50 (preset 0x2764),0.968,no,the far wall faces the other way (it belongs to floor which isn't linked here),
wall of tile 2EFA22 (room 0x73),wall of tile 2EB821 (room 0x73),33.429,no,the line between them touches another wall,wall of tile 2EF521 (room 0x73)
wall of tile 2EFA22 (room 0x73),glass 0x1e19d0 (preset 0x2761),0.000,no,"the line between them leaves the walkable area (a wall's thickness, or another floor)",
wall of tile 2EFA21 (room 0x73),wall of tile 2EB920 (room 0x73),14.043,no,"the line between them leaves the walkable area (a wall's thickness, or another floor)",
wall of tile 2EFA21 (room 0x73),wall of tile 2EB621 (room 0x73),33.429,no,the line between them touches another wall,wall of tile 2ED522 (room 0x73)
wall of tile 2EF521 (room 0x73),glass 0x1e19d0 (preset 0x2761),0.000,no,"the line between them leaves the walkable area (a wall's thickness, or another floor)",
wall of tile 2EF522 (room 0x73),wall of tile 2EB621 (room 0x73),47.081,no,"the line between them leaves the walkable area (a wall's thickness, or another floor)",
wall of tile 2EB821 (room 0x73),glass 0x1e1ad0 (preset 0x2763),24.210,no,the far wall faces the other way (it belongs to floor which isn't linked here),
wall of tile 2EB821 (room 0x73),glass 0x1e1ad0 (preset 0x2763),24.210,no,the far wall faces the other way (it belongs to floor which isn't linked here),
wall of tile 2EB821 (room 0x73),glass 0x1e1ad0 (preset 0x2763),24.211,no,"the line between them leaves the walkable area (a wall's thickness, or another floor)",
wall of tile 2EB822 (room 0x73),glass 0x1e19d0 (preset 0x2761),24.212,no,the far wall faces the other way (it belongs to floor which isn't linked here),
wall of tile 2EB822 (room 0x73),glass 0x1e1ad0 (preset 0x2763),0.001,no,the far wall faces the other way (it belongs to floor which isn't linked here),
wall of tile 2EB822 (room 0x73),glass 0x1e1ad0 (preset 0x2763),0.000,no,"the line between them leaves the walkable area (a wall's thickness, or another floor)",
wall of tile 2EB621 (room 0x73),wall of tile 308F21 (room 0x7a),55.444,no,the far wall faces the other way (it belongs to floor which isn't linked here),
wall of tile 2EB522 (room 0x73),glass 0x1e1ad0 (preset 0x2763),0.001,no,the far wall faces the other way (it belongs to floor which isn't linked here),
wall of tile 2EB522 (room 0x73),glass 0x1e1ad0 (preset 0x2763),54.477,no,"the line between them leaves the walkable area (a wall's thickness, or another floor)",
wall of tile 2F2A20 (room 0x7a),wall of tile 2EBE21 (room 0x73),54.477,no,"the line between them leaves the walkable area (a wall's thickness, or another floor)",
wall of tile 2F2A20 (room 0x7a),wall of tile 2EBD20 (room 0x73),54.477,no,"the line between them leaves the walkable area (a wall's thickness, or another floor)",
wall of tile 2F2A20 (room 0x7a),glass 0x1e1ad0 (preset 0x2763),51.450,no,"the line between them leaves the walkable area (a wall's thickness, or another floor)",
wall of tile 2F2A20 (room 0x7a),glass 0x1e1ad0 (preset 0x2763),51.451,no,"the line between them leaves the walkable area (a wall's thickness, or another floor)",
wall of tile 2F2A20 (room 0x7a),glass 0x1e1ad0 (preset 0x2763),51.450,no,"the line between them leaves the walkable area (a wall's thickness, or another floor)",
wall of tile 2EBE21 (room 0x73),glass 0x1e1a50 (preset 0x2762),24.211,no,"the line between them leaves the walkable area (a wall's thickness, or another floor)",
wall of tile 2EBE21 (room 0x73),glass 0x1e1ad0 (preset 0x2763),3.025,no,"the line between them leaves the walkable area (a wall's thickness, or another floor)",
wall of tile 2EBE21 (room 0x73),glass 0x1e1ad0 (preset 0x2763),3.025,no,"the line between them leaves the walkable area (a wall's thickness, or another floor)",
wall of tile 2EBE21 (room 0x73),glass 0x1e1ad0 (preset 0x2763),3.027,no,"the line between them leaves the walkable area (a wall's thickness, or another floor)",
wall of tile 2EBC22 (room 0x73),wall of tile 308F21 (room 0x7a),51.484,no,the far wall faces the other way (it belongs to floor which isn't linked here),
wall of tile 2EBC22 (room 0x73),glass 0x1e1bd0 (preset 0x2765),33.430,no,"the line between them leaves the walkable area (a wall's thickness, or another floor)",
wall of tile 2EBD20 (room 0x73),glass 0x1e1a50 (preset 0x2762),0.000,no,"the line between them leaves the walkable area (a wall's thickness, or another floor)",
wall of tile 2EBD20 (room 0x73),glass 0x1e1ad0 (preset 0x2763),24.401,no,"the line between them leaves the walkable area (a wall's thickness, or another floor)",
wall of tile 2EBD20 (room 0x73),glass 0x1e1ad0 (preset 0x2763),24.402,no,"the line between them leaves the walkable area (a wall's thickness, or another floor)",
wall of tile 2EBD20 (room 0x73),glass 0x1e1ad0 (preset 0x2763),24.401,no,"the line between them leaves the walkable area (a wall's thickness, or another floor)",
wall of tile 2EBD20 (room 0x73),glass 0x1e1bd0 (preset 0x2765),24.211,no,"the line between them leaves the walkable area (a wall's thickness, or another floor)",
wall of tile 2EBC21 (room 0x73),glass 0x1e1a50 (preset 0x2762),24.205,no,"the line between them leaves the walkable area (a wall's thickness, or another floor)",
wall of tile 2EBC21 (room 0x73),glass 0x1e1bd0 (preset 0x2765),0.563,no,"the line between them leaves the walkable area (a wall's thickness, or another floor)",
wall of tile 2FF120 (room 0x6f),wall of tile 2F8A22 (room 0x6f),34.241,no,the line between them touches another wall,wall of tile 2FFA20 (room 0x6f)
wall of tile 2FF120 (room 0x6f),wall of tile 2F8822 (room 0x6f),36.569,no,"the line between them leaves the walkable area (a wall's thickness, or another floor)",
wall of tile 2FF120 (room 0x6f),wall of tile 2F8D22 (room 0x6f),54.366,no,"the line between them leaves the walkable area (a wall's thickness, or another floor)",
wall of tile 2FF120 (room 0x6f),wall of tile 2F8320 (room 0x6f),42.570,no,"the line between them leaves the walkable area (a wall's thickness, or another floor)",
wall of tile 2FF120 (room 0x6f),wall of tile 2F8220 (room 0x6f),42.570,no,"the line between them leaves the walkable area (a wall's thickness, or another floor)",
wall of tile 2FF120 (room 0x6f),wall of tile 2FE320 (room 0x6f),45.134,no,"the line between them leaves the walkable area (a wall's thickness, or another floor)",
wall of tile 2FF120 (room 0x6f),wall of tile 2FE320 (room 0x6f),43.698,no,"the line between them leaves the walkable area (a wall's thickness, or another floor)",
wall of tile 2FFA20 (room 0x6f),wall of tile 2F8822 (room 0x6f),12.840,no,the line between them touches another wall,wall of tile 2F8A22 (room 0x6f)
wall of tile 2FFA20 (room 0x6f),wall of tile 2F8D22 (room 0x6f),42.801,no,the line between them touches another wall,wall of tile 2F8A22 (room 0x6f)
wall of tile 2FFA20 (room 0x6f),wall of tile 2FE320 (room 0x6f),42.801,no,"the line between them leaves the walkable area (a wall's thickness, or another floor)",
wall of tile 2FFA20 (room 0x6f),wall of tile 2FE320 (room 0x6f),42.801,no,"the line between them leaves the walkable area (a wall's thickness, or another floor)",
wall of tile 2FFC20 (room 0x6f),wall of tile 2F8821 (room 0x6f),12.840,no,the line between them touches another wall,wall of tile 2F8A21 (room 0x6f)
wall of tile 2FFC20 (room 0x6f),wall of tile 2F8D21 (room 0x6f),42.801,no,the line between them touches another wall,wall of tile 2F8A21 (room 0x6f)
wall of tile 2FFC20 (room 0x6f),wall of tile 2F8120 (room 0x6f),42.801,no,"the line between them leaves the walkable area (a wall's thickness, or another floor)",
wall of tile 2FFC20 (room 0x6f),wall of tile 2F8120 (room 0x6f),42.801,no,"the line between them leaves the walkable area (a wall's thickness, or another floor)",
wall of tile 2FFC20 (room 0x6f),generic 0x1e59f0 (preset 0x016d),44.627,no,"another wall pokes into the space between them, so a tighter pair covers this gap",wall of tile 2FFE20 (room 0x6f)
wall of tile 2F8A21 (room 0x6f),wall of tile 2F8D21 (room 0x6f),29.961,no,the line between them touches another wall,wall of tile 2F8821 (room 0x6f)
wall of tile 2F8A21 (room 0x6f),wall of tile 2F8F21 (room 0x6f),55.641,no,the line between them touches another wall,wall of tile 2F8D21 (room 0x6f)
wall of tile 2F8A21 (room 0x6f),wall of tile 2F8120 (room 0x6f),32.596,no,"the line between them leaves the walkable area (a wall's thickness, or another floor)",
wall of tile 2F8A21 (room 0x6f),wall of tile 2F8120 (room 0x6f),32.596,no,"the line between them leaves the walkable area (a wall's thickness, or another floor)",
wall of tile 2F8A21 (room 0x6f),wall of tile 2FFE20 (room 0x6f),34.241,no,the line between them touches another wall,wall of tile 2FFC20 (room 0x6f)
wall of tile 2F8A22 (room 0x6f),wall of tile 2F8D22 (room 0x6f),29.961,no,the line between them touches another wall,wall of tile 2F8822 (room 0x6f)
wall of tile 2F8A22 (room 0x6f),wall of tile 2F8F22 (room 0x6f),55.641,no,the line between them touches another wall,wall of tile 2F8D22 (room 0x6f)
wall of tile 2F8A22 (room 0x6f),wall of tile 2FE320 (room 0x6f),32.596,no,"the line between them leaves the walkable area (a wall's thickness, or another floor)",
wall of tile 2F8A22 (room 0x6f),wall of tile 2FE320 (room 0x6f),32.596,no,"the line between them leaves the walkable area (a wall's thickness, or another floor)",
wall of tile 2F8821 (room 0x6f),wall of tile 2F8F21 (room 0x6f),25.681,no,the line between them touches another wall,wall of tile 2F8D21 (room 0x6f)
wall of tile 2F8821 (room 0x6f),wall of tile 300A22 (room 0x6f),51.361,no,the line between them touches another wall,wall of tile 2F8F21 (room 0x6f)
wall of tile 2F8821 (room 0x6f),wall of tile 2F8120 (room 0x6f),12.840,no,"the line between them leaves the walkable area (a wall's thickness, or another floor)",
wall of tile 2F8821 (room 0x6f),wall of tile 2F8120 (room 0x6f),12.840,no,"the line between them leaves the walkable area (a wall's thickness, or another floor)",
wall of tile 2F8821 (room 0x6f),wall of tile 2FFE20 (room 0x6f),36.569,no,"the line between them leaves the walkable area (a wall's thickness, or another floor)",
wall of tile 2F8822 (room 0x6f),wall of tile 2F8F22 (room 0x6f),25.681,no,the line between them touches another wall,wall of tile 2F8D22 (room 0x6f)
wall of tile 2F8822 (room 0x6f),wall of tile 300A21 (room 0x6f),51.361,no,the line between them touches another wall,wall of tile 2F8F22 (room 0x6f)
wall of tile 2F8822 (room 0x6f),wall of tile 2FE320 (room 0x6f),12.840,no,"the line between them leaves the walkable area (a wall's thickness, or another floor)",
wall of tile 2F8822 (room 0x6f),wall of tile 2FE320 (room 0x6f),12.840,no,"the line between them leaves the walkable area (a wall's thickness, or another floor)",
wall of tile 2F8D21 (room 0x6f),wall of tile 300A22 (room 0x6f),25.681,no,the line between them touches another wall,wall of tile 2F8F21 (room 0x6f)
wall of tile 2F8D21 (room 0x6f),wall of tile 2F8120 (room 0x6f),12.840,no,"the line between them leaves the walkable area (a wall's thickness, or another floor)",
wall of tile 2F8D21 (room 0x6f),wall of tile 2F8120 (room 0x6f),12.840,no,"the line between them leaves the walkable area (a wall's thickness, or another floor)",
wall of tile 2F8D21 (room 0x6f),wall of tile 2FFE20 (room 0x6f),54.366,no,"the line between them leaves the walkable area (a wall's thickness, or another floor)",
wall of tile 2F8D22 (room 0x6f),wall of tile 300A21 (room 0x6f),25.681,no,the line between them touches another wall,wall of tile 2F8F22 (room 0x6f)
wall of tile 2F8D22 (room 0x6f),wall of tile 2FE320 (room 0x6f),12.840,no,"the line between them leaves the walkable area (a wall's thickness, or another floor)",
wall of tile 2F8D22 (room 0x6f),wall of tile 2FE320 (room 0x6f),12.840,no,"the line between them leaves the walkable area (a wall's thickness, or another floor)",
wall of tile 2F8F21 (room 0x6f),wall of tile 2F8522 (room 0x6f),55.641,no,the line between them touches another wall,wall of tile 300A22 (room 0x6f)
wall of tile 2F8F21 (room 0x6f),wall of tile 2F8120 (room 0x6f),27.238,no,"the line between them leaves the walkable area (a wall's thickness, or another floor)",
wall of tile 2F8F21 (room 0x6f),wall of tile 2F8120 (room 0x6f),12.840,no,"the line between them leaves the walkable area (a wall's thickness, or another floor)",
wall of tile 2F8F22 (room 0x6f),wall of tile 2F8522 (room 0x6f),55.641,no,the line between them touches another wall,wall of tile 300A21 (room 0x6f)
wall of tile 2F8F22 (room 0x6f),wall of tile 2FE320 (room 0x6f),12.840,no,"the line between them leaves the walkable area (a wall's thickness, or another floor)",
wall of tile 2F8F22 (room 0x6f),wall of tile 2FE320 (room 0x6f),27.238,no,"the line between them leaves the walkable area (a wall's thickness, or another floor)",
wall of tile 300A21 (room 0x6f),wall of tile 2FE320 (room 0x6f),12.840,no,"the line between them leaves the walkable area (a wall's thickness, or another floor)",
wall of tile 300A21 (room 0x6f),wall of tile 2FE320 (room 0x6f),45.397,no,"the line between them leaves the walkable area (a wall's thickness, or another floor)",
wall of tile 300A22 (room 0x6f),wall of tile 2F8120 (room 0x6f),45.397,no,"the line between them leaves the walkable area (a wall's thickness, or another floor)",
wall of tile 300A22 (room 0x6f),wall of tile 2F8120 (room 0x6f),12.840,no,"the line between them leaves the walkable area (a wall's thickness, or another floor)",
wall of tile 2F8420 (room 0x6f),wall of tile 2FE821 (room 0x6f),17.460,no,"the line between them leaves the walkable area (a wall's thickness, or another floor)",
wall of tile 2F8420 (room 0x6f),wall of tile 2FFE20 (room 0x6f),42.570,no,"the line between them leaves the walkable area (a wall's thickness, or another floor)",
wall of tile 2F8120 (room 0x6f),wall of tile 2FFE20 (room 0x6f),42.570,no,"the line between them leaves the walkable area (a wall's thickness, or another floor)",
wall of tile 2F8120 (room 0x6f),wall of tile 2FFE20 (room 0x6f),45.134,no,"the line between them leaves the walkable area (a wall's thickness, or another floor)",
wall of tile 300720 (room 0x6f),wall of tile 2FED21 (room 0x6f),51.539,yes,,
wall of tile 300720 (room 0x6f),wall of tile 300420 (room 0x6f),51.539,yes,,
wall of tile 300720 (room 0x6f),wall of tile 2FE822 (room 0x6f),54.477,no,"another wall pokes into the space between them, so a tighter pair covers this gap",wall of tile 300420 (room 0x6f)
wall of tile 300720 (room 0x6f),wall of tile 2FEC22 (room 0x6f),59.921,no,"another wall pokes into the space between them, so a tighter pair covers this gap",wall of tile 2FE821 (room 0x6f)
wall of tile 2FED21 (room 0x6f),wall of tile 2FE721 (room 0x6f),18.159,no,"the line between them leaves the walkable area (a wall's thickness, or another floor)",
wall of tile 2FED21 (room 0x6f),wall of tile 2FE821 (room 0x6f),51.539,yes,,
wall of tile 2FED21 (room 0x6f),wall of tile 2FEC22 (room 0x6f),42.371,no,the line between them touches another wall,wall of tile 2FE822 (room 0x6f)
wall of tile 300420 (room 0x6f),wall of tile 2F8020 (room 0x6f),51.539,yes,,
wall of tile 300420 (room 0x6f),wall of tile 2FE722 (room 0x6f),51.539,yes,,
wall of tile 300420 (room 0x6f),wall of tile 2FE821 (room 0x6f),51.539,yes,,
wall of tile 300420 (room 0x6f),wall of tile 2FE822 (room 0x6f),2.568,no,"the line between them leaves the walkable area (a wall's thickness, or another floor)",
wall of tile 300420 (room 0x6f),wall of tile 2FEC22 (room 0x6f),44.513,no,"the line between them leaves the walkable area (a wall's thickness, or another floor)",
wall of tile 300522 (room 0x6f),wall of tile 2FE522 (room 0x6f),12.181,no,"the line between them leaves the walkable area (a wall's thickness, or another floor)",
wall of tile 2F8020 (room 0x6f),wall of tile 2FE621 (room 0x6f),8.508,no,"the line between them leaves the walkable area (a wall's thickness, or another floor)",
wall of tile 2F8020 (room 0x6f),wall of tile 2FE721 (room 0x6f),51.539,yes,,
wall of tile 2F8020 (room 0x6f),wall of tile 2F8020 (room 0x6f),51.361,yes,,
wall of tile 2F8020 (room 0x6f),wall of tile 2FF022 (room 0x6f),51.361,yes,,
wall of tile 2F8020 (room 0x6f),wall of tile 2FE521 (room 0x6f),55.641,no,the line between them touches another wall,wall of tile 2FF022 (room 0x6f)
wall of tile 2F8020 (room 0x6f),wall of tile 2F8020 (room 0x6f),55.641,no,"another wall pokes into the space between them, so a tighter pair covers this gap",wall of tile 2FE622 (room 0x6f)
wall of tile 2F8020 (room 0x6f),wall of tile 2FE621 (room 0x6f),55.641,no,"another wall pokes into the space between them, so a tighter pair covers this gap",wall of tile 2FE622 (room 0x6f)
wall of tile 2F8020 (room 0x6f),wall of tile 2FE522 (room 0x6f),51.361,yes,,
wall of tile 2F8020 (room 0x6f),wall of tile 2FE622 (room 0x6f),55.301,yes,,
wall of tile 2F8020 (room 0x6f),wall of tile 2FE722 (room 0x6f),7.899,no,"the line between them leaves the walkable area (a wall's thickness, or another floor)",
wall of tile 2FE622 (room 0x6f),wall of tile 2FE621 (room 0x6f),55.301,yes,,
wall of tile 2FE622 (room 0x6f),wall of tile 2FF022 (room 0x6f),17.120,no,the line between them touches another wall,wall of tile 2F8020 (room 0x6f)
wall of tile 2FE622 (room 0x6f),wall of tile 2FE521 (room 0x6f),17.120,no,the line between them touches another wall,wall of tile 2F8020 (room 0x6f)
wall of tile 2FE621 (room 0x6f),wall of tile 2FE722 (room 0x6f),15.382,no,"the line between them leaves the walkable area (a wall's thickness, or another floor)",
wall of tile 2FF022 (room 0x6f),wall of tile 2FE522 (room 0x6f),51.361,yes,,
wall of tile 2FE521 (room 0x6f),wall of tile 2FE522 (room 0x6f),55.641,no,the line between them touches another wall,wall of tile 2FF022 (room 0x6f)
wall of tile 2FE721 (room 0x6f),wall of tile 2FE722 (room 0x6f),51.539,yes,,
wall of tile 2FE721 (room 0x6f),wall of tile 2FE822 (room 0x6f),18.159,no,"the line between them leaves the walkable area (a wall's thickness, or another floor)",
wall of tile 2FE721 (room 0x6f),wall of tile 2FEC22 (room 0x6f),18.159,no,"the line between them leaves the walkable area (a wall's thickness, or another floor)",
wall of tile 2FE821 (room 0x6f),wall of tile 2FE822 (room 0x6f),54.477,no,"another wall pokes into the space between them, so a tighter pair covers this gap",wall of tile 300420 (room 0x6f)
wall of tile 2FE821 (room 0x6f),wall of tile 2FEC22 (room 0x6f),52.381,yes,,
wall of tile 2F8220 (room 0x6f),wall of tile 2FE320 (room 0x6f),59.921,no,"another wall pokes into the space between them, so a tighter pair covers this gap",wall of tile 2FE320 (room 0x6f)
wall of tile 2FFE20 (room 0x6f),generic 0x1e59f0 (preset 0x016d),24.183,yes,,
wall of tile 2FFE20 (room 0x6f),generic 0x1e59f0 (preset 0x016d),24.183,yes,,
wall of tile 306220 (room 0x6f),wall of tile 2D9221 (room 0x6f),25.669,no,"the line between them leaves the walkable area (a wall's thickness, or another floor)",
wall of tile 306220 (room 0x6f),wall of tile 2D9021 (room 0x6f),47.060,no,"the line between them leaves the walkable area (a wall's thickness, or another floor)",
wall of tile 306220 (room 0x6f),wall of tile 304420 (room 0x6f),53.006,no,"the line between them leaves the walkable area (a wall's thickness, or another floor)",
wall of tile 306220 (room 0x6f),wall of tile 304320 (room 0x6f),33.291,no,the far wall faces the other way (it belongs to floor which isn't linked here),
wall of tile 306220 (room 0x6f),wall of tile 304222 (room 0x6f),53.006,no,"the line between them leaves the walkable area (a wall's thickness, or another floor)",
wall of tile 306220 (room 0x6f),wall of tile 303F22 (room 0x6f),24.212,no,the far wall faces the other way (it belongs to floor which isn't linked here),
wall of tile 306220 (room 0x6f),wall of tile 2D4021 (room 0x70),53.006,no,"the line between them leaves the walkable area (a wall's thickness, or another floor)",
wall of tile 306220 (room 0x6f),wall of tile 2D4022 (room 0x70),53.006,no,"the line between them leaves the walkable area (a wall's thickness, or another floor)",
wall of tile 306220 (room 0x6f),wall of tile 2D4F21 (room 0x70),55.188,no,"the line between them leaves the walkable area (a wall's thickness, or another floor)",
wall of tile 306220 (room 0x6f),wall of tile 2D3A21 (room 0x70),55.573,no,"the line between them leaves the walkable area (a wall's thickness, or another floor)",
wall of tile 306220 (room 0x6f),wall of tile 2D3F21 (room 0x70),56.472,no,"the line between them leaves the walkable area (a wall's thickness, or another floor)",
wall of tile 306220 (room 0x6f),wall of tile 2D3D21 (room 0x70),57.499,no,"the line between them leaves the walkable area (a wall's thickness, or another floor)",
wall of tile 306220 (room 0x6f),wall of tile 2D3721 (room 0x70),58.397,no,"the line between them leaves the walkable area (a wall's thickness, or another floor)",
wall of tile 306220 (room 0x6f),wall of tile 2D3521 (room 0x70),59.424,no,"the line between them leaves the walkable area (a wall's thickness, or another floor)",
wall of tile 306220 (room 0x6f),wall of tile 2D1E22 (room 0x70),56.857,no,"the line between them leaves the walkable area (a wall's thickness, or another floor)",
wall of tile 306220 (room 0x6f),wall of tile 2D1F20 (room 0x70),53.006,no,"the line between them leaves the walkable area (a wall's thickness, or another floor)",
wall of tile 306220 (room 0x6f),wall of tile 2D1E21 (room 0x70),53.006,no,"the line between them leaves the walkable area (a wall's thickness, or another floor)",
wall of tile 306220 (room 0x6f),wall of tile 303321 (room 0x6f),55.188,no,"the line between them leaves the walkable area (a wall's thickness, or another floor)",
wall of tile 306220 (room 0x6f),glass 0x1e18d0 (preset 0x275f),59.680,no,"the line between them leaves the walkable area (a wall's thickness, or another floor)",
wall of tile 306220 (room 0x6f),glass 0x1e1950 (preset 0x2760),53.648,no,"the line between them leaves the walkable area (a wall's thickness, or another floor)",
wall of tile 2D9622 (room 0x6f),wall of tile 2D9222 (room 0x6f),25.681,no,the line between them touches another wall,wall of tile 2D9422 (room 0x6f)
wall of tile 2D9622 (room 0x6f),wall of tile 2D9022 (room 0x6f),47.081,no,the line between them touches another wall,wall of tile 2D9422 (room 0x6f)
wall of tile 2D9622 (room 0x6f),wall of tile 303F22 (room 0x6f),47.081,no,the line between them touches another wall,wall of tile 2D9422 (room 0x6f)
wall of tile 2D9622 (room 0x6f),wall of tile 303F22 (room 0x6f),33.291,no,the far wall faces the other way (it belongs to floor which isn't linked here),
wall of tile 2D9422 (room 0x6f),wall of tile 2D9022 (room 0x6f),21.400,no,the line between them touches another wall,wall of tile 2D9222 (room 0x6f)
wall of tile 2D9422 (room 0x6f),wall of tile 2D8E22 (room 0x6f),47.081,no,the line between them touches another wall,wall of tile 2D9222 (room 0x6f)
wall of tile 2D9422 (room 0x6f),wall of tile 303F22 (room 0x6f),21.400,no,the line between them touches another wall,wall of tile 2D9222 (room 0x6f)
wall of tile 2D9422 (room 0x6f),wall of tile 303F22 (room 0x6f),15.132,no,the far wall faces the other way (it belongs to floor which isn't linked here),
wall of tile 2D9422 (room 0x6f),wall of tile 2E1B20 (room 0x6f),3.708,no,the far wall faces the other way (it belongs to floor which isn't linked here),
wall of tile 2D9421 (room 0x6f),wall of tile 2D9021 (room 0x6f),21.400,no,the line between them touches another wall,wall of tile 2D9221 (room 0x6f)
wall of tile 2D9421 (room 0x6f),wall of tile 303F22 (room 0x6f),44.896,no,the far wall faces the other way (it belongs to floor which isn't linked here),
wall of tile 2D9421 (room 0x6f),wall of tile 303F22 (room 0x6f),24.212,no,the far wall faces the other way (it belongs to floor which isn't linked here),
wall of tile 2D9222 (room 0x6f),wall of tile 2D8E22 (room 0x6f),25.681,no,the line between them touches another wall,wall of tile 2D9022 (room 0x6f)
wall of tile 2D9222 (room 0x6f),wall of tile 2D8C22 (room 0x6f),47.081,no,the line between them touches another wall,wall of tile 2D9022 (room 0x6f)
wall of tile 2D9222 (room 0x6f),wall of tile 2E1B20 (room 0x6f),8.157,no,the far wall faces the other way (it belongs to floor which isn't linked here),
wall of tile 2D9221 (room 0x6f),wall of tile 304020 (room 0x6f),54.139,no,"the line between them leaves the walkable area (a wall's thickness, or another floor)",
wall of tile 2D9221 (room 0x6f),wall of tile 303F22 (room 0x6f),24.489,no,the far wall faces the other way (it belongs to floor which isn't linked here),
wall of tile 2D9221 (room 0x6f),wall of tile 303F22 (room 0x6f),42.371,no,the far wall faces the other way (it belongs to floor which isn't linked here),
wall of tile 2D9221 (room 0x6f),wall of tile 303E22 (room 0x6f),54.139,no,"the line between them leaves the walkable area (a wall's thickness, or another floor)",
wall of tile 2D9221 (room 0x6f),wall of tile 2D4B21 (room 0x70),54.139,no,"the line between them leaves the walkable area (a wall's thickness, or another floor)",
wall of tile 2D9221 (room 0x6f),wall of tile 2D4B21 (room 0x70),54.139,no,"the line between them leaves the walkable area (a wall's thickness, or another floor)",
wall of tile 2D9022 (room 0x6f),wall of tile 2D8C22 (room 0x6f),21.400,no,the line between them touches another wall,wall of tile 2D8E22 (room 0x6f)
wall of tile 2D9022 (room 0x6f),wall of tile 2D8A22 (room 0x6f),47.081,no,the line between them touches another wall,wall of tile 2D8E22 (room 0x6f)
wall of tile 2D9022 (room 0x6f),wall of tile 2E1B20 (room 0x6f),11.865,no,the far wall faces the other way (it belongs to floor which isn't linked here),
wall of tile 2D9021 (room 0x6f),wall of tile 303A21 (room 0x6f),54.139,no,"another wall pokes into the space between them, so a tighter pair covers this gap",wall of tile 303E22 (room 0x6f)
wall of tile 2D9021 (room 0x6f),wall of tile 304020 (room 0x6f),51.361,no,"the line between them leaves the walkable area (a wall's thickness, or another floor)",
wall of tile 2D9021 (room 0x6f),wall of tile 303F22 (room 0x6f),57.503,no,the far wall faces the other way (it belongs to floor which isn't linked here),
wall of tile 2D9021 (room 0x6f),wall of tile 303E22 (room 0x6f),51.361,no,"the line between them leaves the walkable area (a wall's thickness, or another floor)",
wall of tile 2D9021 (room 0x6f),wall of tile 2D4B21 (room 0x70),51.361,no,"the line between them leaves the walkable area (a wall's thickness, or another floor)",
wall of tile 2D9021 (room 0x6f),wall of tile 2D4B21 (room 0x70),51.361,no,"the line between them leaves the walkable area (a wall's thickness, or another floor)",
wall of tile 2D9021 (room 0x6f),glass 0x1e1750 (preset 0x275c),54.139,no,"the line between them leaves the walkable area (a wall's thickness, or another floor)",
wall of tile 2D8E22 (room 0x6f),wall of tile 2D8A22 (room 0x6f),25.681,no,the line between them touches another wall,wall of tile 2D8C22 (room 0x6f)
wall of tile 2D8E22 (room 0x6f),wall of tile 2D8822 (room 0x6f),51.361,no,the line between them touches another wall,wall of tile 2D8C22 (room 0x6f)
wall of tile 2D8E22 (room 0x6f),wall of tile 303F22 (room 0x6f),24.489,no,the far wall faces the other way (it belongs to floor which isn't linked here),
wall of tile 2D8E22 (room 0x6f),wall of tile 303F22 (room 0x6f),25.681,no,the line between them touches another wall,wall of tile 2D9022 (room 0x6f)
wall of tile 2D8E22 (room 0x6f),wall of tile 2E1B20 (room 0x6f),16.315,no,the far wall faces the other way (it belongs to floor which isn't linked here),
wall of tile 2D8C22 (room 0x6f),wall of tile 2D8822 (room 0x6f),25.681,no,the line between them touches another wall,wall of tile 2D8A22 (room 0x6f)
wall of tile 2D8C22 (room 0x6f),wall of tile 2D8622 (room 0x6f),47.081,no,the line between them touches another wall,wall of tile 2D8A22 (room 0x6f)
wall of tile 2D8C22 (room 0x6f),wall of tile 303F22 (room 0x6f),44.896,no,the far wall faces the other way (it belongs to floor which isn't linked here),
wall of tile 2D8C22 (room 0x6f),wall of tile 303F22 (room 0x6f),47.081,no,the line between them touches another wall,wall of tile 2D9022 (room 0x6f)
wall of tile 2D8C22 (room 0x6f),wall of tile 2E1B20 (room 0x6f),20.023,no,the far wall faces the other way (it belongs to floor which isn't linked here),
wall of tile 2D8A22 (room 0x6f),wall of tile 2D8622 (room 0x6f),21.400,no,the line between them touches another wall,wall of tile 2D8822 (room 0x6f)
wall of tile 2D8A22 (room 0x6f),wall of tile 2D8422 (room 0x6f),47.081,no,the line between them touches another wall,wall of tile 2D8822 (room 0x6f)
wall of tile 2D8A22 (room 0x6f),wall of tile 2E1B20 (room 0x6f),24.472,no,the far wall faces the other way (it belongs to floor which isn't linked here),
wall of tile 2D8822 (room 0x6f),wall of tile 2D8422 (room 0x6f),25.681,no,the line between them touches another wall,wall of tile 2D8622 (room 0x6f)
wall of tile 2D8822 (room 0x6f),wall of tile 2D8222 (room 0x6f),47.081,no,the line between them touches another wall,wall of tile 2D8622 (room 0x6f)
wall of tile 2D8822 (room 0x6f),wall of tile 2E1B20 (room 0x6f),28.922,no,the far wall faces the other way (it belongs to floor which isn't linked here),
wall of tile 2D8622 (room 0x6f),wall of tile 2D8222 (room 0x6f),21.400,no,the line between them touches another wall,wall of tile 2D8422 (room 0x6f)
wall of tile 2D8622 (room 0x6f),wall of tile 2D8022 (room 0x6f),47.081,no,the line between them touches another wall,wall of tile 2D8222 (room 0x6f)
wall of tile 2D8622 (room 0x6f),wall of tile 2E1B20 (room 0x6f),32.630,no,the far wall faces the other way (it belongs to floor which isn't linked here),
wall of tile 2D8422 (room 0x6f),wall of tile 2D8022 (room 0x6f),25.681,no,the line between them touches another wall,wall of tile 2D8222 (room 0x6f)
wall of tile 2D8422 (room 0x6f),wall of tile 2D7E22 (room 0x6f),47.081,no,the line between them touches another wall,wall of tile 2D8022 (room 0x6f)
wall of tile 2D8422 (room 0x6f),wall of tile 2E1B20 (room 0x6f),37.080,no,the far wall faces the other way (it belongs to floor which isn't linked here),
wall of tile 2D8222 (room 0x6f),wall of tile 2D7E22 (room 0x6f),21.400,no,the line between them touches another wall,wall of tile 2D8022 (room 0x6f)
wall of tile 2D8222 (room 0x6f),wall of tile 2D7C22 (room 0x6f),47.081,no,the line between them touches another wall,wall of tile 2D7E22 (room 0x6f)
wall of tile 2D8222 (room 0x6f),wall of tile 2E1B20 (room 0x6f),40.787,no,the far wall faces the other way (it belongs to floor which isn't linked here),
wall of tile 2D8022 (room 0x6f),wall of tile 2D7C22 (room 0x6f),25.681,no,the line between them touches another wall,wall of tile 2D7E22 (room 0x6f)
wall of tile 2D8022 (room 0x6f),wall of tile 2D7A22 (room 0x6f),47.081,no,the line between them touches another wall,wall of tile 2D7C22 (room 0x6f)
wall of tile 2D8022 (room 0x6f),wall of tile 2E1B20 (room 0x6f),45.237,no,the far wall faces the other way (it belongs to floor which isn't linked here),
wall of tile 2D7E22 (room 0x6f),wall of tile 2D7A22 (room 0x6f),21.400,no,the line between them touches another wall,wall of tile 2D7C22 (room 0x6f)
wall of tile 2D7E22 (room 0x6f),wall of tile 2D7822 (room 0x6f),47.081,no,the line between them touches another wall,wall of tile 2D7A22 (room 0x6f)
wall of tile 2D7E22 (room 0x6f),wall of tile 2E1B20 (room 0x6f),48.945,no,the far wall faces the other way (it belongs to floor which isn't linked here),
wall of tile 2D7C22 (room 0x6f),wall of tile 2D7822 (room 0x6f),25.681,no,the line between them touches another wall,wall of tile 2D7A22 (room 0x6f)
wall of tile 2D7C22 (room 0x6f),wall of tile 2D7622 (room 0x6f),51.361,no,the line between them touches another wall,wall of tile 2D7822 (room 0x6f)
wall of tile 2D7C22 (room 0x6f),wall of tile 2E1B20 (room 0x6f),53.394,no,the far wall faces the other way (it belongs to floor which isn't linked here),
wall of tile 2D7A22 (room 0x6f),wall of tile 2D7622 (room 0x6f),25.681,no,the line between them touches another wall,wall of tile 2D7822 (room 0x6f)
wall of tile 2D7A22 (room 0x6f),wall of tile 302E20 (room 0x6f),47.081,no,the line between them touches another wall,wall of tile 2D7822 (room 0x6f)
wall of tile 2D7A22 (room 0x6f),wall of tile 2E1B20 (room 0x6f),57.102,no,the far wall faces the other way (it belongs to floor which isn't linked here),
wall of tile 2D7822 (room 0x6f),wall of tile 302E20 (room 0x6f),21.400,no,the line between them touches another wall,wall of tile 2D7622 (room 0x6f)
wall of tile 2D7822 (room 0x6f),wall of tile 302F20 (room 0x6f),47.081,no,the line between them touches another wall,wall of tile 302E20 (room 0x6f)
wall of tile 2D7622 (room 0x6f),wall of tile 302F20 (room 0x6f),25.681,no,the line between them touches another wall,wall of tile 302E20 (room 0x6f)
wall of tile 302F20 (room 0x6f),wall of tile 2D0820 (room 0x6f),33.291,no,the far wall faces the other way (it belongs to floor which isn't linked here),
wall of tile 302F20 (room 0x6f),wall of tile 2E1B20 (room 0x6f),33.291,no,the far wall faces the other way (it belongs to floor which isn't linked here),
wall of tile 302C22 (room 0x6f),wall of tile 2D1722 (room 0x70),51.361,no,the far wall faces the other way (it belongs to floor which isn't linked here),
wall of tile 302C22 (room 0x6f),wall of tile 2D0820 (room 0x6f),55.641,no,the far wall faces the other way (it belongs to floor which isn't linked here),
wall of tile 302C22 (room 0x6f),glass 0x1e1750 (preset 0x275c),21.401,no,"the line between them leaves the walkable area (a wall's thickness, or another floor)",
wall of tile 302C22 (room 0x6f),glass 0x1e1850 (preset 0x275e),0.001,no,"the line between them leaves the walkable area (a wall's thickness, or another floor)",
wall of tile 302720 (room 0x6f),wall of tile 304720 (room 0x6f),21.400,no,the line between them touches another wall,wall of tile 304620 (room 0x6f)
wall of tile 302720 (room 0x6f),wall of tile 2D0722 (room 0x6f),55.641,no,the far wall faces the other way (it belongs to floor which isn't linked here),
wall of tile 302720 (room 0x6f),wall of tile 07D020 (room 0x6f),55.641,no,the far wall faces the other way (it belongs to floor which isn't linked here),
wall of tile 302720 (room 0x6f),glass 0x1e17d0 (preset 0x275d),21.401,no,"the line between them leaves the walkable area (a wall's thickness, or another floor)",
wall of tile 302720 (room 0x6f),glass 0x1e1850 (preset 0x275e),0.001,yes,,
wall of tile 304520 (room 0x6f),wall of tile 2D0722 (room 0x6f),33.291,no,the far wall faces the other way (it belongs to floor which isn't linked here),
wall of tile 304520 (room 0x6f),wall of tile 07D020 (room 0x6f),33.291,no,the far wall faces the other way (it belongs to floor which isn't linked here),
wall of tile 304620 (room 0x6f),wall of tile 2D0722 (room 0x6f),55.641,no,the far wall faces the other way (it belongs to floor which isn't linked here),
wall of tile 304620 (room 0x6f),wall of tile 07D020 (room 0x6f),55.641,no,the far wall faces the other way (it belongs to floor which isn't linked here),
wall of tile 304620 (room 0x6f),glass 0x1e17d0 (preset 0x275d),0.001,no,"the line between them leaves the walkable area (a wall's thickness, or another floor)",
wall of tile 304620 (room 0x6f),glass 0x1e1850 (preset 0x275e),21.401,no,"the line between them leaves the walkable area (a wall's thickness, or another floor)",
wall of tile 304720 (room 0x6f),wall of tile 304E20 (room 0x6f),29.961,no,the line between them touches another wall,wall of tile 304920 (room 0x6f)
wall of tile 304720 (room 0x6f),wall of tile 305E21 (room 0x70),21.400,no,the line between them touches another wall,wall of tile 304620 (room 0x6f)
wall of tile 304720 (room 0x6f),wall of tile 2D5F21 (room 0x70),29.961,no,the line between them touches another wall,wall of tile 304920 (room 0x6f)
wall of tile 304720 (room 0x6f),wall of tile 2D2021 (room 0x70),21.400,no,the line between them touches another wall,wall of tile 304620 (room 0x6f)
wall of tile 304720 (room 0x6f),wall of tile 07D020 (room 0x6f),55.641,no,the far wall faces the other way (it belongs to floor which isn't linked here),
wall of tile 304720 (room 0x6f),glass 0x1e17d0 (preset 0x275d),0.001,no,"the line between them leaves the walkable area (a wall's thickness, or another floor)",
wall of tile 304720 (room 0x6f),glass 0x1e1850 (preset 0x275e),30.264,no,"the line between them leaves the walkable area (a wall's thickness, or another floor)",
wall of tile 304920 (room 0x6f),wall of tile 304D20 (room 0x6f),34.241,no,the line between them touches another wall,wall of tile 304E20 (room 0x6f)
wall of tile 304920 (room 0x6f),wall of tile 2D5B21 (room 0x70),34.241,no,the line between them touches another wall,wall of tile 304E20 (room 0x6f)
wall of tile 304920 (room 0x6f),wall of tile 07D020 (room 0x6f),55.641,no,the far wall faces the other way (it belongs to floor which isn't linked here),
wall of tile 304920 (room 0x6f),glass 0x1e17d0 (preset 0x275d),0.001,no,"the line between them leaves the walkable area (a wall's thickness, or another floor)",
wall of tile 304E20 (room 0x6f),wall of tile 304C22 (room 0x6f),29.961,no,the line between them touches another wall,wall of tile 304D20 (room 0x6f)
wall of tile 304E20 (room 0x6f),wall of tile 305E21 (room 0x70),29.961,no,the line between them touches another wall,wall of tile 304920 (room 0x6f)
wall of tile 304E20 (room 0x6f),wall of tile 2D5521 (room 0x70),29.961,no,the line between them touches another wall,wall of tile 304D20 (room 0x6f)
wall of tile 304E20 (room 0x6f),wall of tile 07D020 (room 0x6f),55.641,no,the far wall faces the other way (it belongs to floor which isn't linked here),
wall of tile 304E20 (room 0x6f),glass 0x1e17d0 (preset 0x275d),0.001,no,"the line between them leaves the walkable area (a wall's thickness, or another floor)",
wall of tile 304D20 (room 0x6f),wall of tile 304B22 (room 0x6f),34.241,no,the line between them touches another wall,wall of tile 304C22 (room 0x6f)
wall of tile 304D20 (room 0x6f),wall of tile 2D3021 (room 0x70),34.241,no,the line between them touches another wall,wall of tile 304E20 (room 0x6f)
wall of tile 304D20 (room 0x6f),wall of tile 2D5921 (room 0x70),34.241,no,the line between them touches another wall,wall of tile 304C22 (room 0x6f)
wall of tile 304D20 (room 0x6f),wall of tile 07D020 (room 0x6f),55.641,no,the far wall faces the other way (it belongs to floor which isn't linked here),
wall of tile 304D20 (room 0x6f),glass 0x1e17d0 (preset 0x275d),0.001,no,"the line between them leaves the walkable area (a wall's thickness, or another floor)",
wall of tile 304C22 (room 0x6f),wall of tile 304A20 (room 0x6f),29.961,no,the line between them touches another wall,wall of tile 304B22 (room 0x6f)
wall of tile 304C22 (room 0x6f),wall of tile 2D5F21 (room 0x70),29.961,no,the line between them touches another wall,wall of tile 304D20 (room 0x6f)
wall of tile 304C22 (room 0x6f),wall of tile 2D4021 (room 0x70),29.961,no,the line between them touches another wall,wall of tile 304B22 (room 0x6f)
wall of tile 304C22 (room 0x6f),wall of tile 07D020 (room 0x6f),55.641,no,the far wall faces the other way (it belongs to floor which isn't linked here),
wall of tile 304C22 (room 0x6f),glass 0x1e17d0 (preset 0x275d),0.001,no,"the line between them leaves the walkable area (a wall's thickness, or another floor)",
wall of tile 304B22 (room 0x6f),wall of tile 304420 (room 0x6f),51.361,no,the line between them touches another wall,wall of tile 304A20 (room 0x6f)
wall of tile 304B22 (room 0x6f),wall of tile 2D5B21 (room 0x70),34.241,no,the line between them touches another wall,wall of tile 304C22 (room 0x6f)
wall of tile 304B22 (room 0x6f),wall of tile 07D020 (room 0x6f),55.641,no,the far wall faces the other way (it belongs to floor which isn't linked here),
wall of tile 304B22 (room 0x6f),glass 0x1e17d0 (preset 0x275d),0.001,no,"the line between them leaves the walkable area (a wall's thickness, or another floor)",
wall of tile 304A20 (room 0x6f),wall of tile 304222 (room 0x6f),25.681,no,the line between them touches another wall,wall of tile 304420 (room 0x6f)
wall of tile 304A20 (room 0x6f),wall of tile 2D5521 (room 0x70),29.961,no,the line between them touches another wall,wall of tile 304B22 (room 0x6f)
wall of tile 304A20 (room 0x6f),wall of tile 2D4022 (room 0x70),25.681,no,the line between them touches another wall,wall of tile 304420 (room 0x6f)
wall of tile 304A20 (room 0x6f),wall of tile 2D1E21 (room 0x70),25.681,no,the line between them touches another wall,wall of tile 304420 (room 0x6f)
wall of tile 304A20 (room 0x6f),wall of tile 07D020 (room 0x6f),55.641,no,the far wall faces the other way (it belongs to floor which isn't linked here),
wall of tile 304A20 (room 0x6f),glass 0x1e17d0 (preset 0x275d),0.001,no,"the line between them leaves the walkable area (a wall's thickness, or another floor)",
wall of tile 304A20 (room 0x6f),glass 0x1e1950 (preset 0x2760),33.429,no,"the line between them leaves the walkable area (a wall's thickness, or another floor)",
wall of tile 304420 (room 0x6f),wall of tile 2D5921 (room 0x70),51.361,no,the line between them touches another wall,wall of tile 304A20 (room 0x6f)
wall of tile 304420 (room 0x6f),wall of tile 07D020 (room 0x6f),55.641,no,the far wall faces the other way (it belongs to floor which isn't linked here),
wall of tile 304420 (room 0x6f),glass 0x1e17d0 (preset 0x275d),0.001,no,"the line between them leaves the walkable area (a wall's thickness, or another floor)",
wall of tile 304420 (room 0x6f),glass 0x1e1950 (preset 0x2760),21.401,no,"another wall pokes into the space between them, so a tighter pair covers this gap",wall of tile 304222 (room 0x6f)
wall of tile 304320 (room 0x6f),wall of tile 07D020 (room 0x6f),33.291,no,the far wall faces the other way (it belongs to floor which isn't linked here),
wall of tile 304222 (room 0x6f),wall of tile 2D3A21 (room 0x70),12.840,no,the far wall faces the other way (it belongs to floor which isn't linked here),
wall of tile 304222 (room 0x6f),wall of tile 2D3F21 (room 0x70),42.801,no,the far wall faces the other way (it belongs to floor which isn't linked here),
wall of tile 304222 (room 0x6f),wall of tile 2D1E22 (room 0x70),55.641,no,the far wall faces the other way (it belongs to floor which isn't linked here),
wall of tile 304222 (room 0x6f),wall of tile 07D020 (room 0x6f),55.641,no,the far wall faces the other way (it belongs to floor which isn't linked here),
wall of tile 304222 (room 0x6f),glass 0x1e17d0 (preset 0x275d),25.679,no,"the line between them leaves the walkable area (a wall's thickness, or another floor)",
wall of tile 304222 (room 0x6f),glass 0x1e1950 (preset 0x2760),0.000,yes,,
wall of tile 303A21 (room 0x6f),wall of tile 303F22 (room 0x6f),54.139,no,"another wall pokes into the space between them, so a tighter pair covers this gap",wall of tile 303E22 (room 0x6f)
wall of tile 303A21 (room 0x6f),wall of tile 2D3521 (room 0x70),51.361,no,the far wall faces the other way (it belongs to floor which isn't linked here),
wall of tile 303A21 (room 0x6f),wall of tile 2D5C22 (room 0x70),51.361,no,the far wall faces the other way (it belongs to floor which isn't linked here),
wall of tile 303A21 (room 0x6f),glass 0x1e18d0 (preset 0x275f),0.000,yes,,
wall of tile 304020 (room 0x6f),wall of tile 303F22 (room 0x6f),52.070,no,"another wall pokes into the space between them, so a tighter pair covers this gap",wall of tile 303E22 (room 0x6f)
wall of tile 304020 (room 0x6f),wall of tile 2D3521 (room 0x70),51.361,no,the far wall faces the other way (it belongs to floor which isn't linked here),
wall of tile 304020 (room 0x6f),glass 0x1e1750 (preset 0x275c),25.679,no,"the line between them leaves the walkable area (a wall's thickness, or another floor)",
wall of tile 304020 (room 0x6f),glass 0x1e18d0 (preset 0x275f),0.000,yes,,
wall of tile 303F22 (room 0x6f),wall of tile 303E22 (room 0x6f),51.361,yes,,
wall of tile 303F22 (room 0x6f),wall of tile 2D4B21 (room 0x70),51.361,no,the far wall faces the other way (it belongs to floor which isn't linked here),
wall of tile 303F22 (room 0x6f),wall of tile 2D4B21 (room 0x70),52.070,no,the far wall faces the other way (it belongs to floor which isn't linked here),
wall of tile 303F22 (room 0x6f),glass 0x1e1750 (preset 0x275c),54.139,no,"the line between them leaves the walkable area (a wall's thickness, or another floor)",
wall of tile 303E22 (room 0x6f),wall of tile 2D5C22 (room 0x70),51.361,no,the far wall faces the other way (it belongs to floor which isn't linked here),
wall of tile 303E22 (room 0x6f),glass 0x1e1750 (preset 0x275c),0.000,no,"the line between them leaves the walkable area (a wall's thickness, or another floor)",
wall of tile 303E22 (room 0x6f),glass 0x1e18d0 (preset 0x275f),25.680,no,"another wall pokes into the space between them, so a tighter pair covers this gap",wall of tile 304020 (room 0x6f)
wall of tile 302422 (room 0x6f),wall of tile 2D1722 (room 0x70),51.361,no,the far wall faces the other way (it belongs to floor which isn't linked here),
wall of tile 302422 (room 0x6f),wall of tile 2D0820 (room 0x6f),55.641,no,the far wall faces the other way (it belongs to floor which isn't linked here),
wall of tile 302422 (room 0x6f),glass 0x1e1750 (preset 0x275c),0.001,yes,,
wall of tile 302422 (room 0x6f),glass 0x1e1850 (preset 0x275e),0.000,yes,,
wall of tile 302522 (room 0x6f),wall of tile 2D0820 (room 0x6f),55.641,no,the far wall faces the other way (it belongs to floor which isn't linked here),
wall of tile 302522 (room 0x6f),glass 0x1e1750 (preset 0x275c),0.001,yes,,
wall of tile 302522 (room 0x6f),glass 0x1e1850 (preset 0x275e),25.680,no,"the line between them leaves the walkable area (a wall's thickness, or another floor)",
wall of tile 305E21 (room 0x70),wall of tile 2D5F21 (room 0x70),29.961,no,the line between them touches another wall,wall of tile 2D3021 (room 0x70)
wall of tile 305E21 (room 0x70),wall of tile 2D0722 (room 0x6f),55.641,no,"the line between them leaves the walkable area (a wall's thickness, or another floor)",
wall of tile 305E21 (room 0x70),wall of tile 07D020 (room 0x6f),55.641,no,"the line between them leaves the walkable area (a wall's thickness, or another floor)",
wall of tile 305E21 (room 0x70),glass 0x1e17d0 (preset 0x275d),0.001,yes,,
wall of tile 305E21 (room 0x70),glass 0x1e1850 (preset 0x275e),21.401,no,"another wall pokes into the space between them, so a tighter pair covers this gap",wall of tile 305E21 (room 0x70)
wall of tile 305E21 (room 0x70),wall of tile 2D0722 (room 0x6f),55.641,no,"the line between them leaves the walkable area (a wall's thickness, or another floor)",
wall of tile 305E21 (room 0x70),wall of tile 07D020 (room 0x6f),55.641,no,"the line between them leaves the walkable area (a wall's thickness, or another floor)",
wall of tile 305E21 (room 0x70),glass 0x1e17d0 (preset 0x275d),21.401,no,"another wall pokes into the space between them, so a tighter pair covers this gap",wall of tile 305E21 (room 0x70)
wall of tile 305E21 (room 0x70),glass 0x1e1850 (preset 0x275e),0.001,yes,,
wall of tile 305D20 (room 0x70),wall of tile 2D5F22 (room 0x70),29.961,no,the line between them touches another wall,wall of tile 2D3022 (room 0x70)
wall of tile 2D3021 (room 0x70),wall of tile 2D5B21 (room 0x70),34.241,no,the line between them touches another wall,wall of tile 2D5F21 (room 0x70)
wall of tile 2D3021 (room 0x70),wall of tile 07D020 (room 0x6f),55.641,no,"the line between them leaves the walkable area (a wall's thickness, or another floor)",
wall of tile 2D3021 (room 0x70),glass 0x1e17d0 (preset 0x275d),0.001,yes,,
wall of tile 2D3022 (room 0x70),wall of tile 2D5B22 (room 0x70),34.241,no,the line between them touches another wall,wall of tile 2D5F22 (room 0x70)
wall of tile 2D5F21 (room 0x70),wall of tile 2D5521 (room 0x70),29.961,no,the line between them touches another wall,wall of tile 2D5B21 (room 0x70)
wall of tile 2D5F21 (room 0x70),wall of tile 07D020 (room 0x6f),55.641,no,"the line between them leaves the walkable area (a wall's thickness, or another floor)",
wall of tile 2D5F21 (room 0x70),glass 0x1e17d0 (preset 0x275d),0.001,yes,,
wall of tile 2D5F22 (room 0x70),wall of tile 2D5522 (room 0x70),29.961,no,the line between them touches another wall,wall of tile 2D5B22 (room 0x70)
wall of tile 2D5B21 (room 0x70),wall of tile 2D5921 (room 0x70),34.241,no,the line between them touches another wall,wall of tile 2D5521 (room 0x70)
wall of tile 2D5B21 (room 0x70),wall of tile 07D020 (room 0x6f),55.641,no,"the line between them leaves the walkable area (a wall's thickness, or another floor)",
wall of tile 2D5B21 (room 0x70),glass 0x1e17d0 (preset 0x275d),0.001,yes,,
wall of tile 2D5B22 (room 0x70),wall of tile 2D5922 (room 0x70),34.241,no,the line between them touches another wall,wall of tile 2D5522 (room 0x70)
wall of tile 2D5521 (room 0x70),wall of tile 2D4021 (room 0x70),29.961,no,the line between them touches another wall,wall of tile 2D5921 (room 0x70)
wall of tile 2D5521 (room 0x70),wall of tile 07D020 (room 0x6f),55.641,no,"the line between them leaves the walkable area (a wall's thickness, or another floor)",
wall of tile 2D5521 (room 0x70),glass 0x1e17d0 (preset 0x275d),0.001,yes,,
wall of tile 2D5522 (room 0x70),wall of tile 2D4F22 (room 0x70),29.961,no,the line between them touches another wall,wall of tile 2D5922 (room 0x70)
wall of tile 2D5522 (room 0x70),wall of tile 2D3A22 (room 0x70),32.596,no,"the line between them leaves the walkable area (a wall's thickness, or another floor)",
wall of tile 2D5522 (room 0x70),wall of tile 2D3F22 (room 0x70),52.245,no,"the line between them leaves the walkable area (a wall's thickness, or another floor)",
wall of tile 2D5921 (room 0x70),wall of tile 07D020 (room 0x6f),55.641,no,"the line between them leaves the walkable area (a wall's thickness, or another floor)",
wall of tile 2D5921 (room 0x70),glass 0x1e17d0 (preset 0x275d),0.001,yes,,
wall of tile 2D5922 (room 0x70),wall of tile 2D3A22 (room 0x70),12.840,no,the line between them touches another wall,wall of tile 2D4F22 (room 0x70)
wall of tile 2D5922 (room 0x70),wall of tile 2D3F22 (room 0x70),42.801,no,the line between them touches another wall,wall of tile 2D3A22 (room 0x70)
wall of tile 2D5922 (room 0x70),wall of tile 2D1821 (room 0x70),59.921,no,the line between them touches another wall,wall of tile 2D3A22 (room 0x70)
wall of tile 2D5922 (room 0x70),wall of tile 2D1E22 (room 0x70),59.829,no,the far wall faces the other way (it belongs to floor which isn't linked here),
wall of tile 2D4021 (room 0x70),wall of tile 07D020 (room 0x6f),55.641,no,"the line between them leaves the walkable area (a wall's thickness, or another floor)",
wall of tile 2D4021 (room 0x70),glass 0x1e17d0 (preset 0x275d),0.001,yes,,
wall of tile 2D4021 (room 0x70),glass 0x1e1950 (preset 0x2760),21.401,no,"the line between them leaves the walkable area (a wall's thickness, or another floor)",
wall of tile 2D4022 (room 0x70),wall of tile 2D3A21 (room 0x70),12.840,no,the line between them touches another wall,wall of tile 2D4F21 (room 0x70)
wall of tile 2D4022 (room 0x70),wall of tile 2D3F21 (room 0x70),42.801,no,the line between them touches another wall,wall of tile 2D4F21 (room 0x70)
wall of tile 2D4022 (room 0x70),wall of tile 2D1E22 (room 0x70),55.641,no,the line between them touches another wall,wall of tile 2D4F21 (room 0x70)
wall of tile 2D4022 (room 0x70),wall of tile 07D020 (room 0x6f),55.641,no,"the line between them leaves the walkable area (a wall's thickness, or another floor)",
wall of tile 2D4022 (room 0x70),glass 0x1e17d0 (preset 0x275d),25.679,no,"another wall pokes into the space between them, so a tighter pair covers this gap",wall of tile 2D4021 (room 0x70)
wall of tile 2D4022 (room 0x70),glass 0x1e1950 (preset 0x2760),0.000,no,"the line between them leaves the walkable area (a wall's thickness, or another floor)",
wall of tile 2D4F22 (room 0x70),wall of tile 2D3F22 (room 0x70),29.961,no,the line between them touches another wall,wall of tile 2D3A22 (room 0x70)
wall of tile 2D4F22 (room 0x70),wall of tile 2D1821 (room 0x70),47.081,no,the line between them touches another wall,wall of tile 2D3A22 (room 0x70)
wall of tile 2D4F22 (room 0x70),wall of tile 2D1E22 (room 0x70),47.008,no,the far wall faces the other way (it belongs to floor which isn't linked here),
wall of tile 2D4F21 (room 0x70),wall of tile 2D3F21 (room 0x70),29.961,no,the line between them touches another wall,wall of tile 2D3A21 (room 0x70)
wall of tile 2D4F21 (room 0x70),wall of tile 2D1E22 (room 0x70),42.801,no,the line between them touches another wall,wall of tile 2D3A21 (room 0x70)
wall of tile 2D4F21 (room 0x70),glass 0x1e1950 (preset 0x2760),0.000,no,"the line between them leaves the walkable area (a wall's thickness, or another floor)",
wall of tile 2D3A21 (room 0x70),wall of tile 2D3D21 (room 0x70),34.241,no,the line between them touches another wall,wall of tile 2D3F21 (room 0x70)
wall of tile 2D3A21 (room 0x70),wall of tile 2D1E22 (room 0x70),12.840,no,the line between them touches another wall,wall of tile 2D3F21 (room 0x70)
wall of tile 2D3A21 (room 0x70),wall of tile 303321 (room 0x6f),12.840,no,the line between them touches another wall,wall of tile 2D4F21 (room 0x70)
wall of tile 2D3A21 (room 0x70),glass 0x1e1950 (preset 0x2760),0.000,no,"the line between them leaves the walkable area (a wall's thickness, or another floor)",
wall of tile 2D3A22 (room 0x70),wall of tile 2D3D22 (room 0x70),34.241,no,the line between them touches another wall,wall of tile 2D3F22 (room 0x70)
wall of tile 2D3A22 (room 0x70),wall of tile 2D1821 (room 0x70),17.120,no,the line between them touches another wall,wall of tile 2D3F22 (room 0x70)
wall of tile 2D3A22 (room 0x70),wall of tile 2D1E22 (room 0x70),17.094,no,the far wall faces the other way (it belongs to floor which isn't linked here),
wall of tile 2D3A22 (room 0x70),wall of tile 303321 (room 0x6f),12.840,no,the line between them touches another wall,wall of tile 2D4F22 (room 0x70)
wall of tile 2D3F21 (room 0x70),wall of tile 2D3721 (room 0x70),29.961,no,the line between them touches another wall,wall of tile 2D3D21 (room 0x70)
wall of tile 2D3F21 (room 0x70),wall of tile 303321 (room 0x6f),42.801,no,the line between them touches another wall,wall of tile 2D3A21 (room 0x70)
wall of tile 2D3F21 (room 0x70),glass 0x1e1950 (preset 0x2760),21.400,no,"the line between them leaves the walkable area (a wall's thickness, or another floor)",
wall of tile 2D3F22 (room 0x70),wall of tile 2D3722 (room 0x70),29.961,no,the line between them touches another wall,wall of tile 2D3D22 (room 0x70)
wall of tile 2D3F22 (room 0x70),wall of tile 2D1B20 (room 0x70),59.921,no,the line between them touches another wall,wall of tile 2D3D22 (room 0x70)
wall of tile 2D3F22 (room 0x70),wall of tile 303321 (room 0x6f),42.801,no,the line between them touches another wall,wall of tile 2D3A22 (room 0x70)
wall of tile 2D3D21 (room 0x70),wall of tile 2D3521 (room 0x70),34.241,no,the line between them touches another wall,wall of tile 2D3721 (room 0x70)
wall of tile 2D3D21 (room 0x70),wall of tile 2D1E22 (room 0x70),21.367,no,the far wall faces the other way (it belongs to floor which isn't linked here),
wall of tile 2D3D21 (room 0x70),wall of tile 2D1E21 (room 0x70),21.400,no,the line between them touches another wall,wall of tile 2D3F21 (room 0x70)
wall of tile 2D3D21 (room 0x70),glass 0x1e18d0 (preset 0x275f),42.801,no,"the line between them leaves the walkable area (a wall's thickness, or another floor)",
wall of tile 2D3D21 (room 0x70),glass 0x1e1950 (preset 0x2760),55.640,no,"the line between them leaves the walkable area (a wall's thickness, or another floor)",
wall of tile 2D3D22 (room 0x70),wall of tile 2D3522 (room 0x70),34.241,no,the line between them touches another wall,wall of tile 2D3722 (room 0x70)
wall of tile 2D3D22 (room 0x70),wall of tile 2D1B20 (room 0x70),29.961,no,the line between them touches another wall,wall of tile 2D3722 (room 0x70)
wall of tile 2D3D22 (room 0x70),wall of tile 2D1E22 (room 0x70),17.120,no,the line between them touches another wall,wall of tile 2D3F22 (room 0x70)
wall of tile 2D3721 (room 0x70),wall of tile 2D4B21 (room 0x70),29.961,no,the line between them touches another wall,wall of tile 2D3521 (room 0x70)
wall of tile 2D3721 (room 0x70),wall of tile 2D1E22 (room 0x70),51.282,no,the far wall faces the other way (it belongs to floor which isn't linked here),
wall of tile 2D3721 (room 0x70),wall of tile 2D1E21 (room 0x70),51.361,no,the line between them touches another wall,wall of tile 2D3D21 (room 0x70)
wall of tile 2D3721 (room 0x70),glass 0x1e18d0 (preset 0x275f),8.561,no,"the line between them leaves the walkable area (a wall's thickness, or another floor)",
wall of tile 2D3722 (room 0x70),wall of tile 2D5C21 (room 0x70),29.961,no,the line between them touches another wall,wall of tile 2D3522 (room 0x70)
wall of tile 2D3722 (room 0x70),wall of tile 2D5722 (room 0x70),42.371,no,"the line between them leaves the walkable area (a wall's thickness, or another floor)",
wall of tile 2D3722 (room 0x70),wall of tile 2D1E22 (room 0x70),47.081,no,the line between them touches another wall,wall of tile 2D3D22 (room 0x70)
wall of tile 2D3521 (room 0x70),glass 0x1e18d0 (preset 0x275f),0.000,no,"the line between them leaves the walkable area (a wall's thickness, or another floor)",
wall of tile 2D3522 (room 0x70),wall of tile 2D5722 (room 0x70),29.961,no,the line between them touches another wall,wall of tile 2D5C21 (room 0x70)
wall of tile 2D3522 (room 0x70),wall of tile 2D1B20 (room 0x70),3.777,no,"the line between them leaves the walkable area (a wall's thickness, or another floor)",
wall of tile 2D3522 (room 0x70),wall of tile 2D1821 (room 0x70),4.280,no,the line between them touches another wall,wall of tile 2D3722 (room 0x70)
wall of tile 2D4B21 (room 0x70),wall of tile 2D5721 (room 0x70),29.961,no,the line between them touches another wall,wall of tile 2D5C22 (room 0x70)
wall of tile 2D4B21 (room 0x70),glass 0x1e1750 (preset 0x275c),0.000,no,the far wall faces the other way (it belongs to floor which isn't linked here),
wall of tile 2D4B21 (room 0x70),glass 0x1e18d0 (preset 0x275f),25.680,no,"the line between them leaves the walkable area (a wall's thickness, or another floor)",
wall of tile 2D4B21 (room 0x70),glass 0x1e1750 (preset 0x275c),25.679,no,the far wall faces the other way (it belongs to floor which isn't linked here),
wall of tile 2D4B21 (room 0x70),glass 0x1e18d0 (preset 0x275f),0.000,no,"the line between them leaves the walkable area (a wall's thickness, or another floor)",
wall of tile 2D5C22 (room 0x70),wall of tile 2D1A21 (room 0x70),34.241,no,the line between them touches another wall,wall of tile 2D5721 (room 0x70)
wall of tile 2D5C22 (room 0x70),glass 0x1e1750 (preset 0x275c),0.000,no,the far wall faces the other way (it belongs to floor which isn't linked here),
wall of tile 2D5C21 (room 0x70),wall of tile 2D1B20 (room 0x70),16.113,no,"the line between them leaves the walkable area (a wall's thickness, or another floor)",
wall of tile 2D5C21 (room 0x70),wall of tile 2D1821 (room 0x70),34.241,no,the line between them touches another wall,wall of tile 2D3522 (room 0x70)
wall of tile 2D5721 (room 0x70),glass 0x1e1750 (preset 0x275c),0.000,no,the far wall faces the other way (it belongs to floor which isn't linked here),
wall of tile 2D5722 (room 0x70),wall of tile 2D1821 (room 0x70),45.498,no,"the line between them leaves the walkable area (a wall's thickness, or another floor)",
wall of tile 2D1A21 (room 0x70),wall of tile 2D0820 (room 0x6f),55.641,no,"the line between them leaves the walkable area (a wall's thickness, or another floor)",
wall of tile 2D1A21 (room 0x70),glass 0x1e1750 (preset 0x275c),0.000,no,the far wall faces the other way (it belongs to floor which isn't linked here),
wall of tile 2D1A21 (room 0x70),glass 0x1e1850 (preset 0x275e),25.680,no,the far wall faces the other way (it belongs to floor which isn't linked here),
wall of tile 2D1A22 (room 0x70),wall of tile 2D0820 (room 0x6f),55.641,no,"the line between them leaves the walkable area (a wall's thickness, or another floor)",
wall of tile 2D1A22 (room 0x70),glass 0x1e1750 (preset 0x275c),21.401,no,the far wall faces the other way (it belongs to floor which isn't linked here),
wall of tile 2D1A22 (room 0x70),glass 0x1e1850 (preset 0x275e),0.001,no,the far wall faces the other way (it belongs to floor which isn't linked here),
wall of tile 2D1821 (room 0x70),wall of tile 303321 (room 0x6f),59.921,no,the far wall faces the other way (it belongs to floor which isn't linked here),
wall of tile 2D1721 (room 0x70),glass 0x1e1850 (preset 0x275e),0.001,no,the far wall faces the other way (it belongs to floor which isn't linked here),
wall of tile 2D1722 (room 0x70),glass 0x1e1850 (preset 0x275e),0.001,no,the far wall faces the other way (it belongs to floor which isn't linked here),
wall of tile 2D0820 (room 0x6f),glass 0x1e1850 (preset 0x275e),55.642,no,"the line between them leaves the walkable area (a wall's thickness, or another floor)",
wall of tile 2D0820 (room 0x6f),wall of tile 2D2021 (room 0x70),55.641,no,"the line between them leaves the walkable area (a wall's thickness, or another floor)",
wall of tile 2D0820 (room 0x6f),glass 0x1e1850 (preset 0x275e),55.642,no,"the line between them leaves the walkable area (a wall's thickness, or another floor)",
wall of tile 2D0722 (room 0x6f),wall of tile 2D2021 (room 0x70),55.641,no,"the line between them leaves the walkable area (a wall's thickness, or another floor)",
wall of tile 2D0722 (room 0x6f),wall of tile 2D1F20 (room 0x70),55.641,no,"the line between them leaves the walkable area (a wall's thickness, or another floor)",
wall of tile 2D0722 (room 0x6f),glass 0x1e1850 (preset 0x275e),55.642,no,"the line between them leaves the walkable area (a wall's thickness, or another floor)",
wall of tile 2D2021 (room 0x70),wall of tile 07D020 (room 0x6f),55.641,no,"the line between them leaves the walkable area (a wall's thickness, or another floor)",
wall of tile 2D2021 (room 0x70),glass 0x1e17d0 (preset 0x275d),21.401,no,the far wall faces the other way (it belongs to floor which isn't linked here),
wall of tile 2D2021 (room 0x70),glass 0x1e1850 (preset 0x275e),0.001,no,the far wall faces the other way (it belongs to floor which isn't linked here),
wall of tile 2D1E22 (room 0x70),wall of tile 303321 (room 0x6f),55.641,no,the line between them touches another wall,wall of tile 2D1E21 (room 0x70)
wall of tile 2D1E22 (room 0x70),glass 0x1e1950 (preset 0x2760),34.240,no,"the line between them leaves the walkable area (a wall's thickness, or another floor)",
wall of tile 2D1F20 (room 0x70),wall of tile 07D020 (room 0x6f),55.641,no,"the line between them leaves the walkable area (a wall's thickness, or another floor)",
wall of tile 2D1F20 (room 0x70),glass 0x1e17d0 (preset 0x275d),0.001,no,the far wall faces the other way (it belongs to floor which isn't linked here),
wall of tile 2D1F20 (room 0x70),glass 0x1e1850 (preset 0x275e),21.401,no,the far wall faces the other way (it belongs to floor which isn't linked here),
wall of tile 2D1F20 (room 0x70),glass 0x1e1950 (preset 0x2760),21.401,no,"the line between them leaves the walkable area (a wall's thickness, or another floor)",
wall of tile 2D1E21 (room 0x70),wall of tile 07D020 (room 0x6f),55.641,no,"the line between them leaves the walkable area (a wall's thickness, or another floor)",
wall of tile 2D1E21 (room 0x70),glass 0x1e17d0 (preset 0x275d),25.679,no,the far wall faces the other way (it belongs to floor which isn't linked here),
wall of tile 2D1E21 (room 0x70),glass 0x1e1950 (preset 0x2760),0.000,no,"the line between them leaves the walkable area (a wall's thickness, or another floor)",
wall of tile 303321 (room 0x6f),glass 0x1e1950 (preset 0x2760),0.000,yes,,
wall of tile 07D020 (room 0x6f),glass 0x1e17d0 (preset 0x275d),55.642,no,"the line between them leaves the walkable area (a wall's thickness, or another floor)",
wall of tile 00D130 (room 0x84),wall of tile 00D531 (room 0x84),51.717,no,the line between them touches another wall,wall of tile 00D430 (room 0x84)
wall of tile 00D130 (room 0x84),wall of tile 00CC30 (room 0x84),54.812,no,the line between them touches another wall,wall of tile 00CF30 (room 0x84)
wall of tile 00D430 (room 0x84),wall of tile 00CF30 (room 0x84),42.801,no,the line between them touches another wall,wall of tile 00D130 (room 0x84)
wall of tile 00B230 (room 0x84),wall of tile 00CB30 (room 0x84),42.801,no,the line between them touches another wall,wall of tile 00B430 (room 0x84)
wall of tile 00B330 (room 0x84),wall of tile 00AD31 (room 0x84),42.800,no,"another wall pokes into the space between them, so a tighter pair covers this gap",wall of tile 00AC31 (room 0x84)
wall of tile 00B430 (room 0x84),wall of tile 00CC30 (room 0x84),55.641,no,the line between them touches another wall,wall of tile 00CB30 (room 0x84)
wall of tile 00B531 (room 0x84),wall of tile 00B731 (room 0x84),54.812,no,the line between them touches another wall,wall of tile 00B631 (room 0x84)
wall of tile 00B531 (room 0x84),wall of tile 00AD32 (room 0x84),55.641,no,the line between them touches another wall,wall of tile 00AC32 (room 0x84)
wall of tile 00B631 (room 0x84),wall of tile 00AC32 (room 0x84),40.378,no,the line between them touches another wall,wall of tile 00B531 (room 0x84)
wall of tile 00A432 (room 0x84),wall of tile 009F32 (room 0x84),42.801,no,the line between them touches another wall,wall of tile 00A732 (room 0x84)
wall of tile 009431 (room 0x84),wall of tile 009731 (room 0x84),40.378,no,the line between them touches another wall,wall of tile 009532 (room 0x84)
wall of tile 009630 (room 0x84),wall of tile 08F432 (room 0x88),56.141,no,"the line between them leaves the walkable area (a wall's thickness, or another floor)",
wall of tile 009630 (room 0x84),wall of tile 08F431 (room 0x88),56.141,no,"the line between them leaves the walkable area (a wall's thickness, or another floor)",
wall of tile 009630 (room 0x84),wall of tile 08C130 (room 0x84),56.141,no,"the line between them leaves the walkable area (a wall's thickness, or another floor)",
wall of tile 009630 (room 0x84),wall of tile 08E330 (room 0x84),34.497,no,the far wall faces the other way (it belongs to floor which isn't linked here),
wall of tile 009630 (room 0x84),wall of tile 08E430 (room 0x84),56.141,no,"the line between them leaves the walkable area (a wall's thickness, or another floor)",
wall of tile 009630 (room 0x84),wall of tile 05BC31 (room 0x88),56.141,no,"the line between them leaves the walkable area (a wall's thickness, or another floor)",
wall of tile 009630 (room 0x84),wall of tile 05BB30 (room 0x88),56.141,no,"the line between them leaves the walkable area (a wall's thickness, or another floor)",
wall of tile 009630 (room 0x84),glass 0x1e1d50 (preset 0x276c),54.904,no,"the line between them leaves the walkable area (a wall's thickness, or another floor)",
wall of tile 009630 (room 0x84),glass 0x1e1d50 (preset 0x276c),54.904,no,"the line between them leaves the walkable area (a wall's thickness, or another floor)",
wall of tile 009731 (room 0x84),wall of tile 00A332 (room 0x84),42.801,no,the line between them touches another wall,wall of tile 008531 (room 0x84)
wall of tile 009130 (room 0x84),wall of tile 05DD32 (room 0x88),56.707,no,"the line between them leaves the walkable area (a wall's thickness, or another floor)",
wall of tile 009130 (room 0x84),wall of tile 05DD31 (room 0x88),55.291,no,"the line between them leaves the walkable area (a wall's thickness, or another floor)",
wall of tile 009130 (room 0x84),wall of tile 05F531 (room 0x88),55.291,no,"the line between them leaves the walkable area (a wall's thickness, or another floor)",
wall of tile 009130 (room 0x84),wall of tile 05F131 (room 0x88),57.123,no,"the line between them leaves the walkable area (a wall's thickness, or another floor)",
wall of tile 009130 (room 0x84),wall of tile 05F731 (room 0x88),56.540,no,"the line between them leaves the walkable area (a wall's thickness, or another floor)",
wall of tile 009130 (room 0x84),wall of tile 05FB31 (room 0x88),56.540,no,"the line between them leaves the walkable area (a wall's thickness, or another floor)",
wall of tile 009130 (room 0x84),wall of tile 05CE31 (room 0x88),56.790,no,"the line between them leaves the walkable area (a wall's thickness, or another floor)",
wall of tile 009130 (room 0x84),wall of tile 08F432 (room 0x88),56.790,no,"the line between them leaves the walkable area (a wall's thickness, or another floor)",
wall of tile 009130 (room 0x84),wall of tile 08F431 (room 0x88),59.704,no,"the line between them leaves the walkable area (a wall's thickness, or another floor)",
wall of tile 009130 (room 0x84),wall of tile 08C130 (room 0x84),59.704,no,"the line between them leaves the walkable area (a wall's thickness, or another floor)",
wall of tile 009130 (room 0x84),wall of tile 08E330 (room 0x84),34.497,no,the far wall faces the other way (it belongs to floor which isn't linked here),
wall of tile 009130 (room 0x84),wall of tile 08E430 (room 0x84),57.040,no,"the line between them leaves the walkable area (a wall's thickness, or another floor)",
wall of tile 009130 (room 0x84),wall of tile 08EC30 (room 0x84),56.790,no,"the line between them leaves the walkable area (a wall's thickness, or another floor)",
wall of tile 009130 (room 0x84),wall of tile 08EE30 (room 0x84),56.790,no,"the line between them leaves the walkable area (a wall's thickness, or another floor)",
wall of tile 009130 (room 0x84),wall of tile 08F330 (room 0x84),56.540,no,"the line between them leaves the walkable area (a wall's thickness, or another floor)",
wall of tile 009130 (room 0x84),wall of tile 08F230 (room 0x84),56.540,no,"the line between them leaves the walkable area (a wall's thickness, or another floor)",
wall of tile 009130 (room 0x84),wall of tile 08F132 (room 0x84),57.123,no,"the line between them leaves the walkable area (a wall's thickness, or another floor)",
wall of tile 009130 (room 0x84),wall of tile 08F032 (room 0x84),55.291,no,"the line between them leaves the walkable area (a wall's thickness, or another floor)",
wall of tile 009130 (room 0x84),wall of tile 08EF30 (room 0x84),55.291,no,"the line between them leaves the walkable area (a wall's thickness, or another floor)",
wall of tile 009130 (room 0x84),wall of tile 08E230 (room 0x84),56.707,no,"the line between them leaves the walkable area (a wall's thickness, or another floor)",
wall of tile 009130 (room 0x84),wall of tile 08E130 (room 0x84),36.631,no,the far wall faces the other way (it belongs to floor which isn't linked here),
wall of tile 009130 (room 0x84),wall of tile 05BC31 (room 0x88),59.704,no,"the line between them leaves the walkable area (a wall's thickness, or another floor)",
wall of tile 009130 (room 0x84),wall of tile 05BB30 (room 0x88),56.707,no,"the line between them leaves the walkable area (a wall's thickness, or another floor)",
wall of tile 009130 (room 0x84),wall of tile 05BA31 (room 0x88),56.707,no,"the line between them leaves the walkable area (a wall's thickness, or another floor)",
wall of tile 009130 (room 0x84),glass 0x1e1cd0 (preset 0x276b),56.789,no,"the line between them leaves the walkable area (a wall's thickness, or another floor)",
wall of tile 009031 (room 0x84),wall of tile 009230 (room 0x84),42.794,no,"another wall pokes into the space between them, so a tighter pair covers this gap",wall of tile 009230 (room 0x84)
wall of tile 008830 (room 0x84),wall of tile 007A32 (room 0x84),57.583,no,the line between them touches another wall,wall of tile 007932 (room 0x84)
wall of tile 008830 (room 0x84),wall of tile 006F31 (room 0x84),55.641,no,the line between them touches another wall,wall of tile 006E32 (room 0x84)
wall of tile 007932 (room 0x84),wall of tile 006E32 (room 0x84),39.460,no,the line between them touches another wall,wall of tile 008830 (room 0x84)
wall of tile 007B32 (room 0x84),wall of tile 007031 (room 0x84),36.819,no,the line between them touches another wall,wall of tile 007C30 (room 0x84)
wall of tile 085C32 (room 0x85),wall of tile 085730 (room 0x85),15.432,no,the line between them touches another wall,wall of tile 085730 (room 0x85)
wall of tile 085C32 (room 0x85),wall of tile 07E231 (room 0x85),42.801,no,"another wall pokes into the space between them, so a tighter pair covers this gap",wall of tile 07F830 (room 0x87)
wall of tile 085C32 (room 0x85),wall of tile 07F830 (room 0x87),15.432,no,the line between them touches another wall,wall of tile 085730 (room 0x85)
wall of tile 085C32 (room 0x85),wall of tile 07F830 (room 0x87),15.432,no,the line between them touches another wall,wall of tile 085730 (room 0x85)
wall of tile 085C32 (room 0x85),wall of tile 085931 (room 0x84),43.649,no,the line between them touches another wall,wall of tile 085B30 (room 0x85)
wall of tile 085C31 (room 0x85),wall of tile 06B331 (room 0x87),21.824,no,the line between them touches another wall,wall of tile 085330 (room 0x85)
wall of tile 085C31 (room 0x85),wall of tile 080D30 (room 0x84),38.282,no,the line between them touches another wall,wall of tile 085530 (room 0x85)
wall of tile 085730 (room 0x85),wall of tile 07E231 (room 0x85),27.406,no,the line between them touches another wall,wall of tile 085730 (room 0x85)
wall of tile 07E231 (room 0x85),wall of tile 07F830 (room 0x87),27.238,no,"the line between them leaves the walkable area (a wall's thickness, or another floor)",
wall of tile 002A32 (room 0x87),wall of tile 008232 (room 0x87),54.812,no,the line between them touches another wall,wall of tile 008132 (room 0x87)
wall of tile 002A32 (room 0x87),wall of tile 002E32 (room 0x87),55.641,no,the line between them touches another wall,wall of tile 07FC32 (room 0x87)
wall of tile 008132 (room 0x87),wall of tile 07FC32 (room 0x87),40.378,no,the line between them touches another wall,wall of tile 002A32 (room 0x87)
wall of tile 008332 (room 0x87),wall of tile 001A32 (room 0x87),40.378,no,the line between them touches another wall,wall of tile 008430 (room 0x87)
wall of tile 002D31 (room 0x87),wall of tile 002130 (room 0x87),42.801,no,the line between them touches another wall,wall of tile 083C30 (room 0x85)
wall of tile 06B531 (room 0x87),wall of tile 083C30 (room 0x85),54.812,no,the line between them touches another wall,wall of tile 002D31 (room 0x87)
wall of tile 083C30 (room 0x85),wall of tile 002232 (room 0x87),55.641,no,the line between them touches another wall,wall of tile 002130 (room 0x87)
wall of tile 07FD30 (room 0x87),wall of tile 085131 (room 0x85),41.924,no,"the line between them leaves the walkable area (a wall's thickness, or another floor)",
wall of tile 085131 (room 0x85),wall of tile 085931 (room 0x84),44.685,no,the line between them touches another wall,wall of tile 084F30 (room 0x85)
wall of tile 085132 (room 0x85),wall of tile 07B031 (room 0x85),21.400,no,"the line between them leaves the walkable area (a wall's thickness, or another floor)",
wall of tile 085132 (room 0x85),wall of tile 083B31 (room 0x85),24.839,no,"the line between them leaves the walkable area (a wall's thickness, or another floor)",
wall of tile 07AD31 (room 0x85),wall of tile 007732 (room 0x84),39.460,no,the line between them touches another wall,wall of tile 007830 (room 0x84)
wall of tile 007632 (room 0x84),wall of tile 008B30 (room 0x84),54.812,no,the line between them touches another wall,wall of tile 007532 (room 0x84)
wall of tile 007532 (room 0x84),wall of tile 008C32 (room 0x84),39.460,no,the line between them touches another wall,wall of tile 008B30 (room 0x84)
wall of tile 008D32 (room 0x84),wall of tile 008B30 (room 0x84),55.641,no,the line between them touches another wall,wall of tile 008C32 (room 0x84)
wall of tile 07AF31 (room 0x85),wall of tile 00AE31 (room 0x84),40.378,no,the line between them touches another wall,wall of tile 00AF30 (room 0x84)
wall of tile 001B30 (room 0x87),wall of tile 06B731 (room 0x87),42.801,no,the line between them touches another wall,wall of tile 000930 (room 0x87)
wall of tile 081E30 (room 0x87),wall of tile 000B32 (room 0x87),39.366,no,"another wall pokes into the space between them, so a tighter pair covers this gap",wall of tile 081E30 (room 0x87)
wall of tile 000A31 (room 0x87),wall of tile 000C32 (room 0x87),36.819,no,the line between them touches another wall,wall of tile 000B31 (room 0x87)
wall of tile 007F32 (room 0x87),wall of tile 001F32 (room 0x87),39.460,no,the line between them touches another wall,wall of tile 008030 (room 0x87)
wall of tile 007E32 (room 0x87),wall of tile 002530 (room 0x87),54.812,no,the line between them touches another wall,wall of tile 007D32 (room 0x87)
wall of tile 007D32 (room 0x87),wall of tile 002832 (room 0x87),36.819,no,the line between them touches another wall,wall of tile 002530 (room 0x87)
wall of tile 002530 (room 0x87),wall of tile 002932 (room 0x87),55.641,no,the line between them touches another wall,wall of tile 002832 (room 0x87)
wall of tile 001C30 (room 0x87),wall of tile 001E30 (room 0x87),39.460,no,the line between them touches another wall,wall of tile 001C30 (room 0x87)
wall of tile 000530 (room 0x87),door 0x1e7410 (preset 0x0013),52.292,no,"the line between them leaves the walkable area (a wall's thickness, or another floor)",
wall of tile 000530 (room 0x87),door 0x1e7410 (preset 0x0013),52.290,no,"the line between them leaves the walkable area (a wall's thickness, or another floor)",
wall of tile 000530 (room 0x87),door 0x1e7410 (preset 0x0013),0.069,no,"the line between them leaves the walkable area (a wall's thickness, or another floor)",
wall of tile 000530 (room 0x87),door 0x1e7410 (preset 0x0013),2.170,no,the line between them touches another wall,door 0x1e7410 (preset 0x0013)
wall of tile 000530 (room 0x87),door 0x1e7410 (preset 0x0013),52.292,no,"the line between them leaves the walkable area (a wall's thickness, or another floor)",
wall of tile 000530 (room 0x87),door 0x1e7410 (preset 0x0013),52.290,no,"the line between them leaves the walkable area (a wall's thickness, or another floor)",
wall of tile 000530 (room 0x87),door 0x1e7410 (preset 0x0013),0.069,no,"the line between them leaves the walkable area (a wall's thickness, or another floor)",
wall of tile 000730 (room 0x87),door 0x1e7410 (preset 0x0013),0.000,no,"the line between them leaves the walkable area (a wall's thickness, or another floor)",
wall of tile 000730 (room 0x87),door 0x1e7410 (preset 0x0013),0.000,no,"the line between them leaves the walkable area (a wall's thickness, or another floor)",
wall of tile 000730 (room 0x87),door 0x1e7410 (preset 0x0013),0.070,no,"the line between them leaves the walkable area (a wall's thickness, or another floor)",
wall of tile 000730 (room 0x87),door 0x1e7410 (preset 0x0013),54.784,no,"the line between them leaves the walkable area (a wall's thickness, or another floor)",
wall of tile 000730 (room 0x87),door 0x1e7410 (preset 0x0013),0.000,no,"the line between them leaves the walkable area (a wall's thickness, or another floor)",
wall of tile 000730 (room 0x87),door 0x1e7410 (preset 0x0013),0.070,no,"the line between them leaves the walkable area (a wall's thickness, or another floor)",
wall of tile 000730 (room 0x87),door 0x1e7410 (preset 0x0013),52.614,no,"the line between them leaves the walkable area (a wall's thickness, or another floor)",
wall of tile 001531 (room 0x87),wall of tile 001132 (room 0x87),55.641,no,the line between them touches another wall,wall of tile 001230 (room 0x87)
wall of tile 001230 (room 0x87),wall of tile 001030 (room 0x87),36.819,no,the line between them touches another wall,wall of tile 001132 (room 0x87)
wall of tile 001132 (room 0x87),wall of tile 000F30 (room 0x87),54.812,no,the line between them touches another wall,wall of tile 001030 (room 0x87)
wall of tile 05B332 (room 0x84),wall of tile 08C632 (room 0x84),54.812,no,"the line between them leaves the walkable area (a wall's thickness, or another floor)",
wall of tile 05B332 (room 0x84),wall of tile 08BE32 (room 0x84),54.812,no,"the line between them leaves the walkable area (a wall's thickness, or another floor)",
wall of tile 05B332 (room 0x84),glass 0x1e1d50 (preset 0x276c),54.810,no,"the line between them leaves the walkable area (a wall's thickness, or another floor)",
wall of tile 05B431 (room 0x88),wall of tile 05F332 (room 0x88),47.853,no,"the line between them leaves the walkable area (a wall's thickness, or another floor)",
wall of tile 05B431 (room 0x88),wall of tile 05F831 (room 0x88),36.717,no,"the line between them leaves the walkable area (a wall's thickness, or another floor)",
wall of tile 05B431 (room 0x88),wall of tile 05D332 (room 0x88),4.280,no,"the line between them leaves the walkable area (a wall's thickness, or another floor)",
wall of tile 05B431 (room 0x88),wall of tile 05D532 (room 0x88),0.668,no,"the line between them leaves the walkable area (a wall's thickness, or another floor)",
wall of tile 05B431 (room 0x88),wall of tile 05DC32 (room 0x88),1.644,no,the far wall faces the other way (it belongs to floor which isn't linked here),
wall of tile 05B431 (room 0x88),wall of tile 05D732 (room 0x88),15.432,no,the far wall faces the other way (it belongs to floor which isn't linked here),
wall of tile 05B431 (room 0x88),wall of tile 05EB32 (room 0x88),46.296,no,the far wall faces the other way (it belongs to floor which isn't linked here),
wall of tile 05B431 (room 0x88),wall of tile 05F532 (room 0x88),58.216,no,the far wall faces the other way (it belongs to floor which isn't linked here),
wall of tile 05B730 (room 0x88),wall of tile 05F831 (room 0x88),16.612,no,"the line between them leaves the walkable area (a wall's thickness, or another floor)",
wall of tile 05B730 (room 0x88),wall of tile 05D332 (room 0x88),4.280,no,"the line between them leaves the walkable area (a wall's thickness, or another floor)",
wall of tile 05B730 (room 0x88),wall of tile 05D532 (room 0x88),2.488,no,"the line between them leaves the walkable area (a wall's thickness, or another floor)",
wall of tile 05B730 (room 0x88),wall of tile 05DA32 (room 0x88),33.429,no,"the line between them leaves the walkable area (a wall's thickness, or another floor)",
wall of tile 05B632 (room 0x88),wall of tile 083930 (room 0x84),54.795,no,"the line between them leaves the walkable area (a wall's thickness, or another floor)",
wall of tile 05B632 (room 0x88),glass 0x1e1c50 (preset 0x276a),24.871,no,"the line between them leaves the walkable area (a wall's thickness, or another floor)",
wall of tile 05B632 (room 0x88),glass 0x1e1d50 (preset 0x276c),2.300,no,"the line between them leaves the walkable area (a wall's thickness, or another floor)",
wall of tile 05B632 (room 0x88),glass 0x1e1d50 (preset 0x276c),1.820,no,"the line between them leaves the walkable area (a wall's thickness, or another floor)",
wall of tile 05B632 (room 0x88),glass 0x1e1d50 (preset 0x276c),1.819,no,"the line between them leaves the walkable area (a wall's thickness, or another floor)",
wall of tile 05B631 (room 0x88),wall of tile 05F832 (room 0x88),33.429,no,the line between them touches another wall,wall of tile 05F331 (room 0x88)
wall of tile 05B631 (room 0x88),wall of tile 08BE32 (room 0x84),2.454,no,the far wall faces the other way (it belongs to floor which isn't linked here),
wall of tile 05B631 (room 0x88),wall of tile 083930 (room 0x84),56.158,no,"the line between them leaves the walkable area (a wall's thickness, or another floor)",
wall of tile 05B631 (room 0x88),glass 0x1e1c50 (preset 0x276a),0.240,no,"the line between them leaves the walkable area (a wall's thickness, or another floor)",
wall of tile 05B631 (room 0x88),glass 0x1e1d50 (preset 0x276c),24.957,no,"the line between them leaves the walkable area (a wall's thickness, or another floor)",
wall of tile 05B631 (room 0x88),glass 0x1e1d50 (preset 0x276c),24.958,no,"the line between them leaves the walkable area (a wall's thickness, or another floor)",
wall of tile 05B631 (room 0x88),glass 0x1e1d50 (preset 0x276c),24.957,no,"the line between them leaves the walkable area (a wall's thickness, or another floor)",
wall of tile 05F332 (room 0x88),wall of tile 05D332 (room 0x88),33.429,no,the line between them touches another wall,wall of tile 05F831 (room 0x88)
wall of tile 05F332 (room 0x88),wall of tile 05D532 (room 0x88),47.275,no,"the line between them leaves the walkable area (a wall's thickness, or another floor)",
wall of tile 05F331 (room 0x88),wall of tile 05E731 (room 0x88),30.864,no,the line between them touches another wall,wall of tile 05F832 (room 0x88)
wall of tile 05F831 (room 0x88),wall of tile 05D532 (room 0x88),33.429,no,the line between them touches another wall,wall of tile 05D332 (room 0x88)
wall of tile 05F832 (room 0x88),wall of tile 08DC32 (room 0x84),54.812,no,"the line between them leaves the walkable area (a wall's thickness, or another floor)",
wall of tile 05F832 (room 0x88),wall of tile 08D831 (room 0x84),54.812,no,"the line between them leaves the walkable area (a wall's thickness, or another floor)",
wall of tile 05F832 (room 0x88),glass 0x1e1c50 (preset 0x276a),0.334,no,the far wall faces the other way (it belongs to floor which isn't linked here),
wall of tile 05E731 (room 0x88),wall of tile 08DD32 (room 0x84),53.843,no,"the line between them leaves the walkable area (a wall's thickness, or another floor)",
wall of tile 05E731 (room 0x88),glass 0x1e1c50 (preset 0x276a),0.228,no,the far wall faces the other way (it belongs to floor which isn't linked here),
wall of tile 05E731 (room 0x88),glass 0x1e1dd0 (preset 0x276d),27.393,no,the far wall faces the other way (it belongs to floor which isn't linked here),
wall of tile 05E731 (room 0x88),glass 0x1e1dd0 (preset 0x276d),27.394,no,the far wall faces the other way (it belongs to floor which isn't linked here),
wall of tile 05E731 (room 0x88),glass 0x1e1dd0 (preset 0x276d),27.393,no,the far wall faces the other way (it belongs to floor which isn't linked here),
wall of tile 05E731 (room 0x88),wall of tile 05D531 (room 0x88),34.507,no,the line between them touches another wall,wall of tile 05D331 (room 0x88)
wall of tile 05E731 (room 0x88),wall of tile 08DD32 (room 0x84),54.477,no,"the line between them leaves the walkable area (a wall's thickness, or another floor)",
wall of tile 05E731 (room 0x88),wall of tile 08D831 (room 0x84),3.125,no,the far wall faces the other way (it belongs to floor which isn't linked here),
wall of tile 05E731 (room 0x88),glass 0x1e1c50 (preset 0x276a),21.401,no,the far wall faces the other way (it belongs to floor which isn't linked here),
wall of tile 05E731 (room 0x88),glass 0x1e1dd0 (preset 0x276d),1.327,no,the far wall faces the other way (it belongs to floor which isn't linked here),
wall of tile 05E731 (room 0x88),glass 0x1e1dd0 (preset 0x276d),24.955,no,"the line between them leaves the walkable area (a wall's thickness, or another floor)",
wall of tile 05E731 (room 0x88),glass 0x1e1dd0 (preset 0x276d),1.325,no,the far wall faces the other way (it belongs to floor which isn't linked here),
wall of tile 05E731 (room 0x88),glass 0x1e1dd0 (preset 0x276d),1.325,no,the far wall faces the other way (it belongs to floor which isn't linked here),
wall of tile 05D332 (room 0x88),wall of tile 05DA32 (room 0x88),36.819,no,the line between them touches another wall,wall of tile 05D532 (room 0x88)
wall of tile 05D331 (room 0x88),wall of tile 05DA31 (room 0x88),33.429,no,the line between them touches another wall,wall of tile 05D531 (room 0x88)
wall of tile 05D331 (room 0x88),wall of tile 08DE30 (room 0x84),51.539,no,the far wall faces the other way (it belongs to floor which isn't linked here),
wall of tile 05D331 (room 0x88),wall of tile 08D831 (room 0x84),51.539,no,the far wall faces the other way (it belongs to floor which isn't linked here),
wall of tile 05D331 (room 0x88),glass 0x1e1dd0 (preset 0x276d),0.529,no,"the line between them leaves the walkable area (a wall's thickness, or another floor)",
wall of tile 05D331 (room 0x88),glass 0x1e1dd0 (preset 0x276d),48.858,no,the far wall faces the other way (it belongs to floor which isn't linked here),
wall of tile 05D532 (room 0x88),wall of tile 05DC32 (room 0x88),30.864,no,the line between them touches another wall,wall of tile 05DA32 (room 0x88)
wall of tile 05D532 (room 0x88),wall of tile 05BA32 (room 0x88),48.801,no,the far wall faces the other way (it belongs to floor which isn't linked here),
wall of tile 05D531 (room 0x88),wall of tile 05DC31 (room 0x88),33.429,no,the line between them touches another wall,wall of tile 05DA31 (room 0x88)
wall of tile 05D531 (room 0x88),wall of tile 05BA32 (room 0x88),54.606,no,the far wall faces the other way (it belongs to floor which isn't linked here),
wall of tile 05D531 (room 0x88),wall of tile 05BA31 (room 0x88),54.812,no,"the line between them leaves the walkable area (a wall's thickness, or another floor)",
wall of tile 05D531 (room 0x88),glass 0x1e1dd0 (preset 0x276d),9.572,no,"the line between them leaves the walkable area (a wall's thickness, or another floor)",
wall of tile 05D531 (room 0x88),glass 0x1e1dd0 (preset 0x276d),9.571,no,"the line between them leaves the walkable area (a wall's thickness, or another floor)",
wall of tile 05D531 (room 0x88),glass 0x1e1dd0 (preset 0x276d),9.571,no,"the line between them leaves the walkable area (a wall's thickness, or another floor)",
wall of tile 05DA32 (room 0x88),wall of tile 05D732 (room 0x88),33.429,no,the line between them touches another wall,wall of tile 05DC32 (room 0x88)
wall of tile 05DA32 (room 0x88),wall of tile 05BA32 (room 0x88),18.159,no,the far wall faces the other way (it belongs to floor which isn't linked here),
wall of tile 05DA31 (room 0x88),wall of tile 05D731 (room 0x88),30.864,no,the line between them touches another wall,wall of tile 05DC31 (room 0x88)
wall of tile 05DA31 (room 0x88),wall of tile 05BA32 (room 0x88),21.367,no,the line between them touches another wall,wall of tile 05DC31 (room 0x88)
wall of tile 05DA31 (room 0x88),wall of tile 05BA31 (room 0x88),21.400,no,"the line between them leaves the walkable area (a wall's thickness, or another floor)",
wall of tile 05DA31 (room 0x88),wall of tile 078730 (room 0x84),57.874,no,"the line between them leaves the walkable area (a wall's thickness, or another floor)",
wall of tile 05DA31 (room 0x88),glass 0x1e1dd0 (preset 0x276d),42.803,no,"the line between them leaves the walkable area (a wall's thickness, or another floor)",
wall of tile 05DA31 (room 0x88),glass 0x1e1dd0 (preset 0x276d),42.802,no,"the line between them leaves the walkable area (a wall's thickness, or another floor)",
wall of tile 05DA31 (room 0x88),glass 0x1e1dd0 (preset 0x276d),42.802,no,"the line between them leaves the walkable area (a wall's thickness, or another floor)",
wall of tile 05DA31 (room 0x88),glass 0x1e1e50 (preset 0x276e),52.244,no,"the line between them leaves the walkable area (a wall's thickness, or another floor)",
wall of tile 05DC32 (room 0x88),wall of tile 05EB32 (room 0x88),30.864,no,the line between them touches another wall,wall of tile 05D732 (room 0x88)
wall of tile 05DC32 (room 0x88),wall of tile 05F532 (room 0x88),42.801,no,"another wall pokes into the space between them, so a tighter pair covers this gap",wall of tile 05D732 (room 0x88)
wall of tile 05DC32 (room 0x88),wall of tile 05F132 (room 0x88),55.641,no,"the line between them leaves the walkable area (a wall's thickness, or another floor)",
wall of tile 05DC32 (room 0x88),wall of tile 05BA32 (room 0x88),1.644,no,the far wall faces the other way (it belongs to floor which isn't linked here),
wall of tile 05DC31 (room 0x88),wall of tile 05EB31 (room 0x88),33.429,no,the line between them touches another wall,wall of tile 05D731 (room 0x88)
wall of tile 05DC31 (room 0x88),wall of tile 05DD32 (room 0x88),46.296,no,"another wall pokes into the space between them, so a tighter pair covers this gap",wall of tile 05D731 (room 0x88)
wall of tile 05DC31 (room 0x88),wall of tile 05BA31 (room 0x88),1.187,no,"the line between them leaves the walkable area (a wall's thickness, or another floor)",
wall of tile 05DC31 (room 0x88),wall of tile 078730 (room 0x84),57.874,no,"the line between them leaves the walkable area (a wall's thickness, or another floor)",
wall of tile 05DC31 (room 0x88),glass 0x1e1e50 (preset 0x276e),21.400,no,the far wall faces the other way (it belongs to floor which isn't linked here),
wall of tile 05D732 (room 0x88),wall of tile 05F532 (room 0x88),12.056,no,"the line between them leaves the walkable area (a wall's thickness, or another floor)",
wall of tile 05D732 (room 0x88),wall of tile 05F132 (room 0x88),34.507,no,"the line between them leaves the walkable area (a wall's thickness, or another floor)",
wall of tile 05D732 (room 0x88),wall of tile 05BA32 (room 0x88),15.432,no,the far wall faces the other way (it belongs to floor which isn't linked here),
wall of tile 05D731 (room 0x88),wall of tile 05DD32 (room 0x88),13.535,no,the line between them touches another wall,wall of tile 05EB31 (room 0x88)
wall of tile 05D731 (room 0x88),wall of tile 05BA32 (room 0x88),9.497,no,the line between them touches another wall,wall of tile 05DC31 (room 0x88)
wall of tile 05D731 (room 0x88),wall of tile 078730 (room 0x84),55.873,no,"the line between them leaves the walkable area (a wall's thickness, or another floor)",
wall of tile 05D731 (room 0x88),glass 0x1e1e50 (preset 0x276e),1.096,no,the far wall faces the other way (it belongs to floor which isn't linked here),
wall of tile 05EB31 (room 0x88),wall of tile 05BA32 (room 0x88),42.801,no,"the line between them leaves the walkable area (a wall's thickness, or another floor)",
wall of tile 05EB31 (room 0x88),wall of tile 078730 (room 0x84),55.873,no,"the line between them leaves the walkable area (a wall's thickness, or another floor)",
wall of tile 05EB32 (room 0x88),wall of tile 05F132 (room 0x88),33.291,no,"the line between them leaves the walkable area (a wall's thickness, or another floor)",
wall of tile 05EB32 (room 0x88),wall of tile 05BA32 (room 0x88),46.296,no,the line between them touches another wall,wall of tile 05D732 (room 0x88)
wall of tile 05DD32 (room 0x88),wall of tile 08EF30 (room 0x84),21.395,no,the far wall faces the other way (it belongs to floor which isn't linked here),
wall of tile 05DD32 (room 0x88),wall of tile 05BA32 (room 0x88),55.793,no,the line between them touches another wall,wall of tile 05D731 (room 0x88)
wall of tile 05DD32 (room 0x88),wall of tile 078730 (room 0x84),55.664,no,"the line between them leaves the walkable area (a wall's thickness, or another floor)",
wall of tile 05DD32 (room 0x88),glass 0x1e1cd0 (preset 0x276b),21.394,no,the far wall faces the other way (it belongs to floor which isn't linked here),
wall of tile 05DD32 (room 0x88),glass 0x1e1e50 (preset 0x276e),1.264,no,"the line between them leaves the walkable area (a wall's thickness, or another floor)",
wall of tile 05DD31 (room 0x88),wall of tile 05F131 (room 0x88),30.864,no,the line between them touches another wall,wall of tile 05F531 (room 0x88)
wall of tile 05DD31 (room 0x88),wall of tile 08F132 (room 0x84),30.864,no,the line between them touches another wall,wall of tile 05F531 (room 0x88)
wall of tile 05DD31 (room 0x88),wall of tile 078730 (room 0x84),55.664,no,"the line between them leaves the walkable area (a wall's thickness, or another floor)",
wall of tile 05DD31 (room 0x88),glass 0x1e1cd0 (preset 0x276b),0.480,no,the far wall faces the other way (it belongs to floor which isn't linked here),
wall of tile 05DD31 (room 0x88),glass 0x1e1e50 (preset 0x276e),24.839,no,"the line between them leaves the walkable area (a wall's thickness, or another floor)",
wall of tile 05F532 (room 0x88),wall of tile 05F732 (room 0x88),33.429,no,the line between them touches another wall,wall of tile 05F132 (room 0x88)
wall of tile 05F532 (room 0x88),wall of tile 05BA32 (room 0x88),58.167,no,the far wall faces the other way (it belongs to floor which isn't linked here),
wall of tile 05F531 (room 0x88),wall of tile 05F731 (room 0x88),36.819,no,the line between them touches another wall,wall of tile 05F131 (room 0x88)
wall of tile 05F531 (room 0x88),wall of tile 08F230 (room 0x84),36.819,no,the line between them touches another wall,wall of tile 05F131 (room 0x88)
wall of tile 05F531 (room 0x88),wall of tile 08E230 (room 0x84),54.812,no,the far wall faces the other way (it belongs to floor which isn't linked here),
wall of tile 05F531 (room 0x88),wall of tile 05BB30 (room 0x88),0.554,no,the far wall faces the other way (it belongs to floor which isn't linked here),
wall of tile 05F531 (room 0x88),glass 0x1e1cd0 (preset 0x276b),0.168,no,"another wall pokes into the space between them, so a tighter pair covers this gap",wall of tile 05F131 (room 0x88)
wall of tile 05F132 (room 0x88),wall of tile 05FB32 (room 0x88),34.507,no,the line between them touches another wall,wall of tile 05F732 (room 0x88)
wall of tile 05F131 (room 0x88),wall of tile 05FB31 (room 0x88),33.429,no,the line between them touches another wall,wall of tile 05F731 (room 0x88)
wall of tile 05F131 (room 0x88),wall of tile 08F330 (room 0x84),33.429,no,the line between them touches another wall,wall of tile 05F731 (room 0x88)
wall of tile 05F131 (room 0x88),wall of tile 08EF30 (room 0x84),30.864,no,the line between them touches another wall,wall of tile 05F531 (room 0x88)
wall of tile 05F732 (room 0x88),wall of tile 05CE32 (room 0x88),33.429,no,the line between them touches another wall,wall of tile 05FB32 (room 0x88)
wall of tile 05F731 (room 0x88),wall of tile 05CE31 (room 0x88),30.864,no,the line between them touches another wall,wall of tile 05FB31 (room 0x88)
wall of tile 05F731 (room 0x88),wall of tile 08EE30 (room 0x84),30.864,no,the line between them touches another wall,wall of tile 05FB31 (room 0x88)
wall of tile 05F731 (room 0x88),wall of tile 08F032 (room 0x84),36.819,no,the line between them touches another wall,wall of tile 05F131 (room 0x88)
wall of tile 05FB32 (room 0x88),wall of tile 08F530 (room 0x88),30.864,no,the line between them touches another wall,wall of tile 05CE32 (room 0x88)
wall of tile 05FB31 (room 0x88),wall of tile 08F432 (room 0x88),33.429,no,the line between them touches another wall,wall of tile 05CE31 (room 0x88)
wall of tile 05FB31 (room 0x88),wall of tile 08EC30 (room 0x84),33.429,no,the line between them touches another wall,wall of tile 05CE31 (room 0x88)
wall of tile 05FB31 (room 0x88),wall of tile 08F132 (room 0x84),33.429,no,the line between them touches another wall,wall of tile 05F731 (room 0x88)
wall of tile 05FB31 (room 0x88),wall of tile 05BB30 (room 0x88),0.222,no,the far wall faces the other way (it belongs to floor which isn't linked here),
wall of tile 05CE31 (room 0x88),wall of tile 08F230 (room 0x84),30.864,no,the line between them touches another wall,wall of tile 05FB31 (room 0x88)
wall of tile 05CE31 (room 0x88),wall of tile 05BB30 (room 0x88),0.222,no,the far wall faces the other way (it belongs to floor which isn't linked here),
wall of tile 08F432 (room 0x88),wall of tile 08F330 (room 0x84),33.429,no,the line between them touches another wall,wall of tile 05CE31 (room 0x88)
wall of tile 08F432 (room 0x88),glass 0x1e1d50 (preset 0x276c),21.447,no,"the line between them leaves the walkable area (a wall's thickness, or another floor)",
wall of tile 08F432 (room 0x88),glass 0x1e1d50 (preset 0x276c),21.447,no,"the line between them leaves the walkable area (a wall's thickness, or another floor)",
wall of tile 08F431 (room 0x88),wall of tile 08EC30 (room 0x84),24.957,no,"the line between them leaves the walkable area (a wall's thickness, or another floor)",
wall of tile 08F431 (room 0x88),glass 0x1e1cd0 (preset 0x276b),24.855,no,"the line between them leaves the walkable area (a wall's thickness, or another floor)",
wall of tile 08F431 (room 0x88),glass 0x1e1d50 (preset 0x276c),1.416,no,the line between them touches another wall,glass 0x1e1d50 (preset 0x276c)
wall of tile 08F431 (room 0x88),glass 0x1e1d50 (preset 0x276c),1.416,yes,,
wall of tile 068D32 (room 0x84),wall of tile 068932 (room 0x84),24.957,no,the line between them touches another wall,wall of tile 068B32 (room 0x84)
wall of tile 068D32 (room 0x84),wall of tile 068732 (room 0x84),48.801,no,"another wall pokes into the space between them, so a tighter pair covers this gap",wall of tile 068932 (room 0x84)
wall of tile 068D32 (room 0x84),wall of tile 069832 (room 0x84),46.296,no,"another wall pokes into the space between them, so a tighter pair covers this gap",wall of tile 069432 (room 0x84)
wall of tile 068D32 (room 0x84),wall of tile 069632 (room 0x84),21.400,no,the line between them touches another wall,wall of tile 069432 (room 0x84)
wall of tile 069432 (room 0x84),wall of tile 068B32 (room 0x84),27.406,no,the line between them touches another wall,wall of tile 068D32 (room 0x84)
wall of tile 069432 (room 0x84),wall of tile 068932 (room 0x84),52.245,no,"the line between them leaves the walkable area (a wall's thickness, or another floor)",
wall of tile 069432 (room 0x84),wall of tile 069A32 (room 0x84),48.801,no,"the line between them leaves the walkable area (a wall's thickness, or another floor)",
wall of tile 069432 (room 0x84),wall of tile 069832 (room 0x84),24.957,no,the line between them touches another wall,wall of tile 069632 (room 0x84)
wall of tile 068B32 (room 0x84),wall of tile 068732 (room 0x84),24.212,no,the line between them touches another wall,wall of tile 068932 (room 0x84)
wall of tile 068B32 (room 0x84),wall of tile 068532 (room 0x84),48.801,no,"the line between them leaves the walkable area (a wall's thickness, or another floor)",
wall of tile 068B32 (room 0x84),wall of tile 069632 (room 0x84),48.801,no,"another wall pokes into the space between them, so a tighter pair covers this gap",wall of tile 069432 (room 0x84)
wall of tile 068932 (room 0x84),wall of tile 068532 (room 0x84),24.957,no,the line between them touches another wall,wall of tile 068732 (room 0x84)
wall of tile 068932 (room 0x84),wall of tile 068332 (room 0x84),48.801,no,"another wall pokes into the space between them, so a tighter pair covers this gap",wall of tile 068532 (room 0x84)
wall of tile 068732 (room 0x84),wall of tile 068332 (room 0x84),24.212,no,the line between them touches another wall,wall of tile 068532 (room 0x84)
wall of tile 068732 (room 0x84),wall of tile 068F32 (room 0x84),48.801,no,"the line between them leaves the walkable area (a wall's thickness, or another floor)",
wall of tile 068532 (room 0x84),wall of tile 068F32 (room 0x84),24.957,no,the line between them touches another wall,wall of tile 068332 (room 0x84)
wall of tile 068532 (room 0x84),wall of tile 08C830 (room 0x84),46.296,no,"another wall pokes into the space between them, so a tighter pair covers this gap",wall of tile 068F32 (room 0x84)
wall of tile 068332 (room 0x84),wall of tile 08C830 (room 0x84),21.400,no,the line between them touches another wall,wall of tile 068F32 (room 0x84)
wall of tile 068332 (room 0x84),wall of tile 08C930 (room 0x84),48.801,no,"another wall pokes into the space between them, so a tighter pair covers this gap",wall of tile 08C830 (room 0x84)
wall of tile 068F32 (room 0x84),wall of tile 08C930 (room 0x84),27.406,no,the line between them touches another wall,wall of tile 08C830 (room 0x84)
wall of tile 08C930 (room 0x84),wall of tile 083930 (room 0x84),34.497,no,the far wall faces the other way (it belongs to floor which isn't linked here),
wall of tile 08C632 (room 0x84),wall of tile 083930 (room 0x84),53.432,no,the far wall faces the other way (it belongs to floor which isn't linked here),
wall of tile 08C632 (room 0x84),glass 0x1e1c50 (preset 0x276a),24.871,no,"another wall pokes into the space between them, so a tighter pair covers this gap",wall of tile 08BF32 (room 0x84)
wall of tile 08C632 (room 0x84),glass 0x1e1d50 (preset 0x276c),0.001,no,"another wall pokes into the space between them, so a tighter pair covers this gap",wall of tile 08BE32 (room 0x84)
wall of tile 08C632 (room 0x84),glass 0x1e1d50 (preset 0x276c),0.002,no,"another wall pokes into the space between them, so a tighter pair covers this gap",glass 0x1e1d50 (preset 0x276c)
wall of tile 08C632 (room 0x84),glass 0x1e1d50 (preset 0x276c),0.001,no,"the line between them leaves the walkable area (a wall's thickness, or another floor)",
wall of tile 08BE32 (room 0x84),wall of tile 083930 (room 0x84),53.432,no,the far wall faces the other way (it belongs to floor which isn't linked here),
wall of tile 08BE32 (room 0x84),glass 0x1e1c50 (preset 0x276a),3.397,no,"another wall pokes into the space between them, so a tighter pair covers this gap",wall of tile 08BF32 (room 0x84)
wall of tile 08BE32 (room 0x84),glass 0x1e1d50 (preset 0x276c),0.001,yes,,
wall of tile 08BE32 (room 0x84),glass 0x1e1d50 (preset 0x276c),0.002,no,"another wall pokes into the space between them, so a tighter pair covers this gap",glass 0x1e1d50 (preset 0x276c)
wall of tile 08BE32 (room 0x84),glass 0x1e1d50 (preset 0x276c),0.001,yes,,
wall of tile 08BF32 (room 0x84),wall of tile 083930 (room 0x84),56.158,no,the far wall faces the other way (it belongs to floor which isn't linked here),
wall of tile 08BF32 (room 0x84),glass 0x1e1c50 (preset 0x276a),3.382,yes,,
wall of tile 08BF32 (room 0x84),glass 0x1e1d50 (preset 0x276c),24.957,no,"the line between them leaves the walkable area (a wall's thickness, or another floor)",
wall of tile 08BF32 (room 0x84),glass 0x1e1d50 (preset 0x276c),24.958,no,"the line between them leaves the walkable area (a wall's thickness, or another floor)",
wall of tile 08BF32 (room 0x84),glass 0x1e1d50 (preset 0x276c),24.957,no,"the line between them leaves the walkable area (a wall's thickness, or another floor)",
wall of tile 08C130 (room 0x84),wall of tile 08EC30 (room 0x84),24.957,no,the line between them touches another wall,wall of tile 08E430 (room 0x84)
wall of tile 08C130 (room 0x84),glass 0x1e1cd0 (preset 0x276b),24.855,no,"the line between them leaves the walkable area (a wall's thickness, or another floor)",
wall of tile 08C130 (room 0x84),glass 0x1e1d50 (preset 0x276c),1.416,no,the line between them touches another wall,glass 0x1e1d50 (preset 0x276c)
wall of tile 08C130 (room 0x84),glass 0x1e1d50 (preset 0x276c),1.416,yes,,
wall of tile 08E430 (room 0x84),glass 0x1e1cd0 (preset 0x276b),1.407,no,"the line between them leaves the walkable area (a wall's thickness, or another floor)",
wall of tile 08E430 (room 0x84),glass 0x1e1d50 (preset 0x276c),21.447,no,"another wall pokes into the space between them, so a tighter pair covers this gap",wall of tile 08C130 (room 0x84)
wall of tile 08E430 (room 0x84),glass 0x1e1d50 (preset 0x276c),21.447,no,"another wall pokes into the space between them, so a tighter pair covers this gap",wall of tile 08C130 (room 0x84)
wall of tile 08EC30 (room 0x84),wall of tile 08F330 (room 0x84),33.429,no,the line between them touches another wall,wall of tile 08EE30 (room 0x84)
wall of tile 08EC30 (room 0x84),wall of tile 05BC31 (room 0x88),24.957,no,the line between them touches another wall,wall of tile 08E430 (room 0x84)
wall of tile 08EC30 (room 0x84),wall of tile 05BB30 (room 0x88),2.107,no,"the line between them leaves the walkable area (a wall's thickness, or another floor)",
wall of tile 08EC30 (room 0x84),glass 0x1e1cd0 (preset 0x276b),1.288,no,"the line between them leaves the walkable area (a wall's thickness, or another floor)",
wall of tile 08EC30 (room 0x84),glass 0x1e1d50 (preset 0x276c),35.539,no,"the line between them leaves the walkable area (a wall's thickness, or another floor)",
wall of tile 08EC30 (room 0x84),glass 0x1e1d50 (preset 0x276c),35.539,no,"the line between them leaves the walkable area (a wall's thickness, or another floor)",
wall of tile 08EE30 (room 0x84),wall of tile 08F230 (room 0x84),30.864,no,the line between them touches another wall,wall of tile 08F330 (room 0x84)
wall of tile 08EE30 (room 0x84),wall of tile 05BB30 (room 0x88),0.222,no,"the line between them leaves the walkable area (a wall's thickness, or another floor)",
wall of tile 08F330 (room 0x84),wall of tile 08F132 (room 0x84),33.429,no,the line between them touches another wall,wall of tile 08F230 (room 0x84)
wall of tile 08F330 (room 0x84),wall of tile 05BB30 (room 0x88),0.222,no,"the line between them leaves the walkable area (a wall's thickness, or another floor)",
wall of tile 08F230 (room 0x84),wall of tile 08F032 (room 0x84),36.819,no,the line between them touches another wall,wall of tile 08F132 (room 0x84)
wall of tile 08F132 (room 0x84),wall of tile 08EF30 (room 0x84),30.864,no,the line between them touches another wall,wall of tile 08F032 (room 0x84)
wall of tile 08F032 (room 0x84),wall of tile 08E230 (room 0x84),54.812,no,the line between them touches another wall,wall of tile 08EF30 (room 0x84)
wall of tile 08F032 (room 0x84),wall of tile 05BB30 (room 0x88),0.554,no,"the line between them leaves the walkable area (a wall's thickness, or another floor)",
wall of tile 08F032 (room 0x84),glass 0x1e1cd0 (preset 0x276b),0.168,no,"the line between them leaves the walkable area (a wall's thickness, or another floor)",
wall of tile 08EF30 (room 0x84),wall of tile 05BB30 (room 0x88),0.111,no,"the line between them leaves the walkable area (a wall's thickness, or another floor)",
wall of tile 08EF30 (room 0x84),wall of tile 05BA31 (room 0x88),21.400,no,the line between them touches another wall,wall of tile 08E230 (room 0x84)
wall of tile 08EF30 (room 0x84),glass 0x1e1e50 (preset 0x276e),33.244,no,"the line between them leaves the walkable area (a wall's thickness, or another floor)",
wall of tile 08E230 (room 0x84),wall of tile 078730 (room 0x84),55.664,no,the far wall faces the other way (it belongs to floor which isn't linked here),
wall of tile 08E230 (room 0x84),glass 0x1e1cd0 (preset 0x276b),0.000,no,"another wall pokes into the space between them, so a tighter pair covers this gap",wall of tile 08EF30 (room 0x84)
wall of tile 08E230 (room 0x84),glass 0x1e1e50 (preset 0x276e),24.839,no,"another wall pokes into the space between them, so a tighter pair covers this gap",wall of tile 08E032 (room 0x84)
wall of tile 08E130 (room 0x84),wall of tile 078730 (room 0x84),36.631,no,the far wall faces the other way (it belongs to floor which isn't linked here),
wall of tile 05BC31 (room 0x88),glass 0x1e1cd0 (preset 0x276b),24.855,no,"the line between them leaves the walkable area (a wall's thickness, or another floor)",
wall of tile 05BC31 (room 0x88),glass 0x1e1d50 (preset 0x276c),1.543,no,"the line between them leaves the walkable area (a wall's thickness, or another floor)",
wall of tile 05BC31 (room 0x88),glass 0x1e1d50 (preset 0x276c),1.543,no,"the line between them leaves the walkable area (a wall's thickness, or another floor)",
wall of tile 05BA32 (room 0x88),wall of tile 078730 (room 0x84),57.207,no,"the line between them leaves the walkable area (a wall's thickness, or another floor)",
wall of tile 05BA32 (room 0x88),glass 0x1e1e50 (preset 0x276e),30.863,no,the far wall faces the other way (it belongs to floor which isn't linked here),
wall of tile 05BB30 (room 0x88),wall of tile 078730 (room 0x84),55.664,no,"the line between them leaves the walkable area (a wall's thickness, or another floor)",
wall of tile 05BB30 (room 0x88),glass 0x1e1cd0 (preset 0x276b),0.111,no,"the line between them leaves the walkable area (a wall's thickness, or another floor)",
wall of tile 05BB30 (room 0x88),glass 0x1e1d50 (preset 0x276c),21.447,no,"the line between them leaves the walkable area (a wall's thickness, or another floor)",
wall of tile 05BB30 (room 0x88),glass 0x1e1d50 (preset 0x276c),21.447,no,"the line between them leaves the walkable area (a wall's thickness, or another floor)",
wall of tile 05BB30 (room 0x88),glass 0x1e1e50 (preset 0x276e),24.839,no,"the line between them leaves the walkable area (a wall's thickness, or another floor)",
wall of tile 05BA31 (room 0x88),wall of tile 078730 (room 0x84),55.664,no,"the line between them leaves the walkable area (a wall's thickness, or another floor)",
wall of tile 05BA31 (room 0x88),glass 0x1e1cd0 (preset 0x276b),21.399,no,"the line between them leaves the walkable area (a wall's thickness, or another floor)",
wall of tile 083930 (room 0x84),glass 0x1e1d50 (preset 0x276c),53.432,no,"the line between them leaves the walkable area (a wall's thickness, or another floor)",
wall of tile 083930 (room 0x84),glass 0x1e1d50 (preset 0x276c),52.962,no,the far wall faces the other way (it belongs to floor which isn't linked here),
wall of tile 083930 (room 0x84),glass 0x1e1d50 (preset 0x276c),52.963,no,the far wall faces the other way (it belongs to floor which isn't linked here),
wall of tile 078730 (room 0x84),wall of tile 08DD32 (room 0x84),28.994,no,the far wall faces the other way (it belongs to floor which isn't linked here),
wall of tile 078730 (room 0x84),glass 0x1e1e50 (preset 0x276e),55.732,no,"the line between them leaves the walkable area (a wall's thickness, or another floor)",
wall of tile 069C32 (room 0x84),wall of tile 08DD32 (room 0x84),46.256,no,the far wall faces the other way (it belongs to floor which isn't linked here),
wall of tile 069C32 (room 0x84),wall of tile 08DD32 (room 0x84),48.801,no,"the line between them leaves the walkable area (a wall's thickness, or another floor)",
wall of tile 069C32 (room 0x84),wall of tile 069832 (room 0x84),24.957,no,the line between them touches another wall,wall of tile 069A32 (room 0x84)
wall of tile 069C32 (room 0x84),wall of tile 069632 (room 0x84),48.801,no,"another wall pokes into the space between them, so a tighter pair covers this gap",wall of tile 069832 (room 0x84)
wall of tile 08DC32 (room 0x84),wall of tile 08DD32 (room 0x84),52.850,yes,,
wall of tile 08DC32 (room 0x84),glass 0x1e1c50 (preset 0x276a),2.200,no,"the line between them leaves the walkable area (a wall's thickness, or another floor)",
wall of tile 08DC32 (room 0x84),glass 0x1e1dd0 (preset 0x276d),27.396,no,"another wall pokes into the space between them, so a tighter pair covers this gap",wall of tile 08DE30 (room 0x84)
wall of tile 08DC32 (room 0x84),glass 0x1e1dd0 (preset 0x276d),27.397,no,"another wall pokes into the space between them, so a tighter pair covers this gap",wall of tile 08DE30 (room 0x84)
wall of tile 08DC32 (room 0x84),glass 0x1e1dd0 (preset 0x276d),27.396,no,"another wall pokes into the space between them, so a tighter pair covers this gap",wall of tile 08DE30 (room 0x84)
wall of tile 08DE30 (room 0x84),wall of tile 08DD32 (room 0x84),54.477,no,"another wall pokes into the space between them, so a tighter pair covers this gap",wall of tile 08DC32 (room 0x84)
wall of tile 08DE30 (room 0x84),glass 0x1e1c50 (preset 0x276a),21.287,no,"the line between them leaves the walkable area (a wall's thickness, or another floor)",
wall of tile 08DE30 (room 0x84),glass 0x1e1dd0 (preset 0x276d),3.164,yes,,
wall of tile 08DE30 (room 0x84),glass 0x1e1dd0 (preset 0x276d),3.166,no,"another wall pokes into the space between them, so a tighter pair covers this gap",glass 0x1e1dd0 (preset 0x276d)
wall of tile 08DE30 (room 0x84),glass 0x1e1dd0 (preset 0x276d),3.164,yes,,
wall of tile 08DD32 (room 0x84),wall of tile 08D831 (room 0x84),54.139,no,"another wall pokes into the space between them, so a tighter pair covers this gap",wall of tile 08DC32 (room 0x84)
wall of tile 08DD32 (room 0x84),glass 0x1e1c50 (preset 0x276a),55.639,no,"the line between them leaves the walkable area (a wall's thickness, or another floor)",
wall of tile 08D831 (room 0x84),glass 0x1e1dd0 (preset 0x276d),3.164,yes,,
wall of tile 08D831 (room 0x84),glass 0x1e1dd0 (preset 0x276d),3.166,no,"another wall pokes into the space between them, so a tighter pair covers this gap",glass 0x1e1dd0 (preset 0x276d)
wall of tile 08D831 (room 0x84),glass 0x1e1dd0 (preset 0x276d),3.164,yes,,
wall of tile 069A32 (room 0x84),wall of tile 069632 (room 0x84),24.212,no,the line between them touches another wall,wall of tile 069832 (room 0x84)
glass 0x1e1750 (preset 0x275c),glass 0x1e1850 (preset 0x275e),33.428,no,"another wall pokes into the space between them, so a tighter pair covers this gap",wall of tile 302C22 (room 0x6f)
glass 0x1e1750 (preset 0x275c),glass 0x1e18d0 (preset 0x275f),36.317,no,neither wall could be placed on a tile,
glass 0x1e17d0 (preset 0x275d),glass 0x1e1850 (preset 0x275e),30.265,no,"another wall pokes into the space between them, so a tighter pair covers this gap",wall of tile 305E21 (room 0x70)
glass 0x1e17d0 (preset 0x275d),glass 0x1e1950 (preset 0x2760),33.428,no,"the line between them leaves the walkable area (a wall's thickness, or another floor)",
glass 0x1e19d0 (preset 0x2761),glass 0x1e1ad0 (preset 0x2763),34.238,no,neither wall could be placed on a tile,
glass 0x1e19d0 (preset 0x2761),glass 0x1e1ad0 (preset 0x2763),34.238,no,neither wall could be placed on a tile,
glass 0x1e19d0 (preset 0x2761),glass 0x1e1ad0 (preset 0x2763),34.240,no,neither wall could be placed on a tile,
glass 0x1e19d0 (preset 0x2761),glass 0x1e1b50 (preset 0x2764),34.240,no,"the line between them leaves the walkable area (a wall's thickness, or another floor)",
glass 0x1e1a50 (preset 0x2762),glass 0x1e1ad0 (preset 0x2763),36.444,no,"the line between them leaves the walkable area (a wall's thickness, or another floor)",
glass 0x1e1a50 (preset 0x2762),glass 0x1e1ad0 (preset 0x2763),36.444,no,"the line between them leaves the walkable area (a wall's thickness, or another floor)",
glass 0x1e1a50 (preset 0x2762),glass 0x1e1ad0 (preset 0x2763),36.444,no,"the line between them leaves the walkable area (a wall's thickness, or another floor)",
glass 0x1e1a50 (preset 0x2762),glass 0x1e1bd0 (preset 0x2765),34.240,no,"the line between them leaves the walkable area (a wall's thickness, or another floor)",
glass 0x1e1ad0 (preset 0x2763),glass 0x1e1ad0 (preset 0x2763),0.001,no,the line between them touches another wall,glass 0x1e1ad0 (preset 0x2763)
glass 0x1e1c50 (preset 0x276a),glass 0x1e1d50 (preset 0x276c),37.552,no,"the line between them leaves the walkable area (a wall's thickness, or another floor)",
glass 0x1e1c50 (preset 0x276a),glass 0x1e1d50 (preset 0x276c),37.554,no,"the line between them leaves the walkable area (a wall's thickness, or another floor)",
glass 0x1e1c50 (preset 0x276a),glass 0x1e1d50 (preset 0x276c),37.552,no,"the line between them leaves the walkable area (a wall's thickness, or another floor)",
glass 0x1e1c50 (preset 0x276a),glass 0x1e1dd0 (preset 0x276d),34.325,no,neither wall could be placed on a tile,
glass 0x1e1c50 (preset 0x276a),glass 0x1e1dd0 (preset 0x276d),34.327,no,neither wall could be placed on a tile,
glass 0x1e1c50 (preset 0x276a),glass 0x1e1dd0 (preset 0x276d),34.325,no,neither wall could be placed on a tile,
glass 0x1e1cd0 (preset 0x276b),glass 0x1e1d50 (preset 0x276c),34.604,no,neither wall could be placed on a tile,
glass 0x1e1cd0 (preset 0x276b),glass 0x1e1d50 (preset 0x276c),34.604,no,neither wall could be placed on a tile,
glass 0x1e1cd0 (preset 0x276b),glass 0x1e1e50 (preset 0x276e),33.244,no,"the line between them leaves the walkable area (a wall's thickness, or another floor)",
glass 0x1e1dd0 (preset 0x276d),glass 0x1e1dd0 (preset 0x276d),0.002,no,the line between them touches another wall,glass 0x1e1dd0 (preset 0x276d)
generic 0x1e1ed0 (preset 0x0166),generic 0x1e1f50 (preset 0x0167),17.003,no,"another wall pokes into the space between them, so a tighter pair covers this gap",generic 0x1e1ed0 (preset 0x0166)
generic 0x1e1ed0 (preset 0x0166),generic 0x1e1f50 (preset 0x0167),37.357,no,the line between them touches another wall,generic 0x1e1ed0 (preset 0x0166)
generic 0x1e1ed0 (preset 0x0166),generic 0x1e2050 (preset 0x0169),52.513,no,the line between them touches another wall,generic 0x1e1ed0 (preset 0x0166)
generic 0x1e1ed0 (preset 0x0166),generic 0x1e2050 (preset 0x0169),5.958,no,the line between them touches another wall,generic 0x1e2050 (preset 0x0169)
generic 0x1e1ed0 (preset 0x0166),generic 0x1e2050 (preset 0x0169),3.779,no,the line between them touches another wall,generic 0x1e1ed0 (preset 0x0166)
generic 0x1e1ed0 (preset 0x0166),generic 0x1e2050 (preset 0x0169),3.779,no,the line between them touches another wall,generic 0x1e1ed0 (preset 0x0166)
generic 0x1e1ed0 (preset 0x0166),generic 0x1e1f50 (preset 0x0167),23.797,no,"another wall pokes into the space between them, so a tighter pair covers this gap",generic 0x1e1ed0 (preset 0x0166)
generic 0x1e1ed0 (preset 0x0166),generic 0x1e1f50 (preset 0x0167),42.750,no,"another wall pokes into the space between them, so a tighter pair covers this gap",generic 0x1e1f50 (preset 0x0167)
generic 0x1e1ed0 (preset 0x0166),generic 0x1e1f50 (preset 0x0167),42.750,no,"another wall pokes into the space between them, so a tighter pair covers this gap",generic 0x1e1f50 (preset 0x0167)
generic 0x1e1ed0 (preset 0x0166),generic 0x1e2050 (preset 0x0169),57.778,no,the line between them touches another wall,generic 0x1e2050 (preset 0x0169)
generic 0x1e1ed0 (preset 0x0166),generic 0x1e2050 (preset 0x0169),38.584,no,"another wall pokes into the space between them, so a tighter pair covers this gap",generic 0x1e1ed0 (preset 0x0166)
generic 0x1e1ed0 (preset 0x0166),generic 0x1e2050 (preset 0x0169),5.958,no,the line between them touches another wall,generic 0x1e2050 (preset 0x0169)
generic 0x1e1f50 (preset 0x0167),generic 0x1e1fd0 (preset 0x0168),51.237,no,"another wall pokes into the space between them, so a tighter pair covers this gap",generic 0x1e1f50 (preset 0x0167)
generic 0x1e1f50 (preset 0x0167),generic 0x1e1fd0 (preset 0x0168),51.237,no,"another wall pokes into the space between them, so a tighter pair covers this gap",generic 0x1e1f50 (preset 0x0167)
generic 0x1e1f50 (preset 0x0167),generic 0x1e2050 (preset 0x0169),58.953,no,the line between them touches another wall,generic 0x1e1f50 (preset 0x0167)
generic 0x1e1f50 (preset 0x0167),generic 0x1e20d0 (preset 0x016a),37.713,no,"another wall pokes into the space between them, so a tighter pair covers this gap",generic 0x1e1f50 (preset 0x0167)
generic 0x1e1f50 (preset 0x0167),generic 0x1e20d0 (preset 0x016a),58.384,no,"another wall pokes into the space between them, so a tighter pair covers this gap",generic 0x1e1f50 (preset 0x0167)
generic 0x1e1f50 (preset 0x0167),generic 0x1e2050 (preset 0x0169),54.059,no,the line between them touches another wall,generic 0x1e2050 (preset 0x0169)
generic 0x1e1f50 (preset 0x0167),generic 0x1e1fd0 (preset 0x0168),23.365,no,"another wall pokes into the space between them, so a tighter pair covers this gap",generic 0x1e1fd0 (preset 0x0168)
generic 0x1e1f50 (preset 0x0167),generic 0x1e2050 (preset 0x0169),57.815,no,"another wall pokes into the space between them, so a tighter pair covers this gap",generic 0x1e1f50 (preset 0x0167)
generic 0x1e1f50 (preset 0x0167),generic 0x1e20d0 (preset 0x016a),58.644,no,the line between them touches another wall,generic 0x1e1f50 (preset 0x0167)
generic 0x1e1f50 (preset 0x0167),generic 0x1e20d0 (preset 0x016a),56.179,no,the line between them touches another wall,generic 0x1e20d0 (preset 0x016a)
generic 0x1e1f50 (preset 0x0167),generic 0x1e1fd0 (preset 0x0168),29.524,no,"another wall pokes into the space between them, so a tighter pair covers this gap",generic 0x1e1fd0 (preset 0x0168)
generic 0x1e1f50 (preset 0x0167),generic 0x1e1fd0 (preset 0x0168),40.000,no,the line between them touches another wall,generic 0x1e1fd0 (preset 0x0168)
generic 0x1e1f50 (preset 0x0167),generic 0x1e20d0 (preset 0x016a),24.472,no,the line between them touches another wall,generic 0x1e20d0 (preset 0x016a)
generic 0x1e1f50 (preset 0x0167),generic 0x1e20d0 (preset 0x016a),56.179,no,the line between them touches another wall,generic 0x1e20d0 (preset 0x016a)
generic 0x1e1f50 (preset 0x0167),generic 0x1e20d0 (preset 0x016a),57.451,no,"another wall pokes into the space between them, so a tighter pair covers this gap",generic 0x1e20d0 (preset 0x016a)
generic 0x1e1fd0 (preset 0x0168),generic 0x1e20d0 (preset 0x016a),13.313,no,the line between them touches another wall,generic 0x1e20d0 (preset 0x016a)
generic 0x1e1fd0 (preset 0x0168),generic 0x1e20d0 (preset 0x016a),27.771,no,the line between them touches another wall,generic 0x1e1fd0 (preset 0x0168)
generic 0x1e1fd0 (preset 0x0168),generic 0x1e20d0 (preset 0x016a),13.313,no,the line between them touches another wall,generic 0x1e20d0 (preset 0x016a)
generic 0x1e1fd0 (preset 0x0168),generic 0x1e20d0 (preset 0x016a),59.670,no,"another wall pokes into the space between them, so a tighter pair covers this gap",generic 0x1e20d0 (preset 0x016a)
generic 0x1e1fd0 (preset 0x0168),generic 0x1e20d0 (preset 0x016a),39.921,no,the line between them touches another wall,generic 0x1e20d0 (preset 0x016a)
generic 0x1e1fd0 (preset 0x0168),generic 0x1e20d0 (preset 0x016a),10.057,no,the line between them touches another wall,generic 0x1e1fd0 (preset 0x0168)
generic 0x1e1fd0 (preset 0x0168),generic 0x1e20d0 (preset 0x016a),10.057,no,the line between them touches another wall,generic 0x1e1fd0 (preset 0x0168)
generic 0x1e2050 (preset 0x0169),generic 0x1e20d0 (preset 0x016a),19.761,yes,,
generic 0x1e2050 (preset 0x0169),generic 0x1e20d0 (preset 0x016a),20.789,no,"another wall pokes into the space between them, so a tighter pair covers this gap",generic 0x1e20d0 (preset 0x016a)
generic 0x1e2050 (preset 0x0169),generic 0x1e20d0 (preset 0x016a),19.761,yes,,
generic 0x1e2050 (preset 0x0169),generic 0x1e20d0 (preset 0x016a),20.826,no,"another wall pokes into the space between them, so a tighter pair covers this gap",generic 0x1e20d0 (preset 0x016a)
generic 0x1e2150 (preset 0x0151),generic 0x1e2258 (preset 0x014c),33.510,yes,,
generic 0x1e2150 (preset 0x0151),generic 0x1e2258 (preset 0x014c),46.777,no,"another wall pokes into the space between them, so a tighter pair covers this gap",generic 0x1e2258 (preset 0x014c)
generic 0x1e2150 (preset 0x0151),generic 0x1e2258 (preset 0x014c),33.510,yes,,
generic 0x1e2150 (preset 0x0151),generic 0x1e2258 (preset 0x014c),48.827,no,"another wall pokes into the space between them, so a tighter pair covers this gap",generic 0x1e2150 (preset 0x0151)
generic 0x1e2258 (preset 0x014c),generic 0x1e2570 (preset 0x0155),57.114,yes,,
generic 0x1e2258 (preset 0x014c),generic 0x1e2570 (preset 0x0155),57.114,yes,,
generic 0x1e2258 (preset 0x014c),generic 0x1e2780 (preset 0x0157),58.004,yes,,
generic 0x1e2258 (preset 0x014c),generic 0x1e2780 (preset 0x0157),58.004,yes,,
generic 0x1e2258 (preset 0x014c),generic 0x1e2780 (preset 0x0157),58.545,no,"another wall pokes into the space between them, so a tighter pair covers this gap",generic 0x1e2258 (preset 0x014c)
generic 0x1e2258 (preset 0x014c),generic 0x1e2780 (preset 0x0157),58.545,no,"another wall pokes into the space between them, so a tighter pair covers this gap",generic 0x1e2258 (preset 0x014c)
generic 0x1e2360 (preset 0x0153),generic 0x1e2678 (preset 0x0156),55.161,yes,,
generic 0x1e2360 (preset 0x0153),generic 0x1e2678 (preset 0x0156),55.161,yes,,
generic 0x1e2360 (preset 0x0153),generic 0x1e2888 (preset 0x0158),29.601,no,"another wall pokes into the space between them, so a tighter pair covers this gap",generic 0x1e2360 (preset 0x0153)
generic 0x1e2360 (preset 0x0153),generic 0x1e2468 (preset 0x0154),30.327,no,"another wall pokes into the space between them, so a tighter pair covers this gap",generic 0x1e2360 (preset 0x0153)
generic 0x1e2360 (preset 0x0153),generic 0x1e2468 (preset 0x0154),30.327,no,"another wall pokes into the space between them, so a tighter pair covers this gap",generic 0x1e2360 (preset 0x0153)
generic 0x1e2360 (preset 0x0153),generic 0x1e2888 (preset 0x0158),36.032,no,"another wall pokes into the space between them, so a tighter pair covers this gap",generic 0x1e2360 (preset 0x0153)
generic 0x1e2360 (preset 0x0153),generic 0x1e2468 (preset 0x0154),22.447,yes,,
generic 0x1e2360 (preset 0x0153),generic 0x1e2468 (preset 0x0154),22.447,yes,,
generic 0x1e2360 (preset 0x0153),generic 0x1e2468 (preset 0x0154),30.327,no,"another wall pokes into the space between them, so a tighter pair covers this gap",generic 0x1e2468 (preset 0x0154)
generic 0x1e2360 (preset 0x0153),generic 0x1e2888 (preset 0x0158),50.957,no,"another wall pokes into the space between them, so a tighter pair covers this gap",generic 0x1e2360 (preset 0x0153)
generic 0x1e2360 (preset 0x0153),generic 0x1e2468 (preset 0x0154),22.447,yes,,
generic 0x1e2360 (preset 0x0153),generic 0x1e2468 (preset 0x0154),30.327,no,"another wall pokes into the space between them, so a tighter pair covers this gap",generic 0x1e2468 (preset 0x0154)
generic 0x1e2360 (preset 0x0153),generic 0x1e2678 (preset 0x0156),55.161,yes,,
generic 0x1e2360 (preset 0x0153),generic 0x1e2678 (preset 0x0156),55.161,yes,,
generic 0x1e2360 (preset 0x0153),generic 0x1e2888 (preset 0x0158),46.634,no,"another wall pokes into the space between them, so a tighter pair covers this gap",generic 0x1e2360 (preset 0x0153)
generic 0x1e2468 (preset 0x0154),generic 0x1e2888 (preset 0x0158),14.599,yes,,
generic 0x1e2468 (preset 0x0154),generic 0x1e2888 (preset 0x0158),14.599,yes,,
generic 0x1e2468 (preset 0x0154),generic 0x1e2570 (preset 0x0155),20.548,yes,,
generic 0x1e2468 (preset 0x0154),generic 0x1e2570 (preset 0x0155),25.968,no,"another wall pokes into the space between them, so a tighter pair covers this gap",generic 0x1e2570 (preset 0x0155)
generic 0x1e2468 (preset 0x0154),generic 0x1e2780 (preset 0x0157),21.835,no,the line between them touches another wall,generic 0x1e2468 (preset 0x0154)
generic 0x1e2468 (preset 0x0154),generic 0x1e2780 (preset 0x0157),17.783,no,"another wall pokes into the space between them, so a tighter pair covers this gap",generic 0x1e2468 (preset 0x0154)
generic 0x1e2468 (preset 0x0154),generic 0x1e2888 (preset 0x0158),20.770,no,"another wall pokes into the space between them, so a tighter pair covers this gap",generic 0x1e2468 (preset 0x0154)
generic 0x1e2468 (preset 0x0154),generic 0x1e2888 (preset 0x0158),20.770,no,"another wall pokes into the space between them, so a tighter pair covers this gap",generic 0x1e2468 (preset 0x0154)
generic 0x1e2468 (preset 0x0154),generic 0x1e2570 (preset 0x0155),20.548,yes,,
generic 0x1e2468 (preset 0x0154),generic 0x1e2570 (preset 0x0155),25.968,no,"another wall pokes into the space between them, so a tighter pair covers this gap",generic 0x1e2570 (preset 0x0155)
generic 0x1e2468 (preset 0x0154),generic 0x1e2570 (preset 0x0155),20.548,yes,,
generic 0x1e2468 (preset 0x0154),generic 0x1e2780 (preset 0x0157),52.714,no,"another wall pokes into the space between them, so a tighter pair covers this gap",generic 0x1e2780 (preset 0x0157)
generic 0x1e2468 (preset 0x0154),generic 0x1e2570 (preset 0x0155),25.968,no,"another wall pokes into the space between them, so a tighter pair covers this gap",generic 0x1e2468 (preset 0x0154)
generic 0x1e2468 (preset 0x0154),generic 0x1e2570 (preset 0x0155),25.968,no,"another wall pokes into the space between them, so a tighter pair covers this gap",generic 0x1e2468 (preset 0x0154)
generic 0x1e2468 (preset 0x0154),generic 0x1e2780 (preset 0x0157),41.600,no,"another wall pokes into the space between them, so a tighter pair covers this gap",generic 0x1e2468 (preset 0x0154)
generic 0x1e2468 (preset 0x0154),generic 0x1e2780 (preset 0x0157),52.714,no,"another wall pokes into the space between them, so a tighter pair covers this gap",generic 0x1e2780 (preset 0x0157)
generic 0x1e2468 (preset 0x0154),generic 0x1e2888 (preset 0x0158),59.725,no,"another wall pokes into the space between them, so a tighter pair covers this gap",generic 0x1e2468 (preset 0x0154)
generic 0x1e2570 (preset 0x0155),generic 0x1e2780 (preset 0x0157),39.208,no,"another wall pokes into the space between them, so a tighter pair covers this gap",generic 0x1e2780 (preset 0x0157)
generic 0x1e2570 (preset 0x0155),generic 0x1e2780 (preset 0x0157),44.070,no,"another wall pokes into the space between them, so a tighter pair covers this gap",generic 0x1e2780 (preset 0x0157)
generic 0x1e2570 (preset 0x0155),generic 0x1e2780 (preset 0x0157),40.978,no,"another wall pokes into the space between them, so a tighter pair covers this gap",generic 0x1e2780 (preset 0x0157)
generic 0x1e2570 (preset 0x0155),generic 0x1e2780 (preset 0x0157),35.697,no,"another wall pokes into the space between them, so a tighter pair covers this gap",generic 0x1e2780 (preset 0x0157)
generic 0x1e2678 (preset 0x0156),generic 0x1e2990 (preset 0x0159),53.210,no,"another wall pokes into the space between them, so a tighter pair covers this gap",generic 0x1e2990 (preset 0x0159)
generic 0x1e2678 (preset 0x0156),generic 0x1e2990 (preset 0x0159),23.179,no,"another wall pokes into the space between them, so a tighter pair covers this gap",generic 0x1e2990 (preset 0x0159)
generic 0x1e2678 (preset 0x0156),generic 0x1e2990 (preset 0x0159),0.377,no,the line between them touches another wall,generic 0x1e2990 (preset 0x0159)
generic 0x1e2678 (preset 0x0156),generic 0x1e2990 (preset 0x0159),56.378,no,"another wall pokes into the space between them, so a tighter pair covers this gap",generic 0x1e2990 (preset 0x0159)
generic 0x1e2678 (preset 0x0156),generic 0x1e2990 (preset 0x0159),41.417,no,the line between them touches another wall,generic 0x1e2990 (preset 0x0159)
generic 0x1e2678 (preset 0x0156),generic 0x1e2990 (preset 0x0159),0.377,no,the line between them touches another wall,generic 0x1e2990 (preset 0x0159)
generic 0x1e2888 (preset 0x0158),generic 0x1e2990 (preset 0x0159),50.552,yes,,
generic 0x1e2888 (preset 0x0158),generic 0x1e2990 (preset 0x0159),55.423,no,"another wall pokes into the space between them, so a tighter pair covers this gap",generic 0x1e2990 (preset 0x0159)
generic 0x1e2888 (preset 0x0158),generic 0x1e2990 (preset 0x0159),50.552,yes,,
generic 0x1e2888 (preset 0x0158),generic 0x1e2990 (preset 0x0159),55.423,no,"another wall pokes into the space between them, so a tighter pair covers this gap",generic 0x1e2990 (preset 0x0159)
generic 0x1e2a98 (preset 0x015e),generic 0x1e2db0 (preset 0x015c),49.722,no,the line between them touches another wall,generic 0x1e2a98 (preset 0x015e)
generic 0x1e2a98 (preset 0x015e),generic 0x1e2db0 (preset 0x015c),49.722,no,the line between them touches another wall,generic 0x1e2a98 (preset 0x015e)
generic 0x1e2a98 (preset 0x015e),generic 0x1e2db0 (preset 0x015c),50.097,no,"another wall pokes into the space between them, so a tighter pair covers this gap",generic 0x1e2db0 (preset 0x015c)
generic 0x1e2a98 (preset 0x015e),generic 0x1e2ba0 (preset 0x015f),19.434,yes,,
generic 0x1e2a98 (preset 0x015e),generic 0x1e2ba0 (preset 0x015f),25.333,no,"another wall pokes into the space between them, so a tighter pair covers this gap",generic 0x1e2ba0 (preset 0x015f)
generic 0x1e2a98 (preset 0x015e),generic 0x1e2db0 (preset 0x015c),6.120,no,the line between them touches another wall,generic 0x1e2a98 (preset 0x015e)
generic 0x1e2a98 (preset 0x015e),generic 0x1e2db0 (preset 0x015c),6.120,no,the line between them touches another wall,generic 0x1e2a98 (preset 0x015e)
generic 0x1e2a98 (preset 0x015e),generic 0x1e2db0 (preset 0x015c),50.097,no,"another wall pokes into the space between them, so a tighter pair covers this gap",generic 0x1e2db0 (preset 0x015c)
generic 0x1e2a98 (preset 0x015e),generic 0x1e2ba0 (preset 0x015f),19.434,yes,,
generic 0x1e2a98 (preset 0x015e),generic 0x1e2ba0 (preset 0x015f),25.333,no,"another wall pokes into the space between them, so a tighter pair covers this gap",generic 0x1e2ba0 (preset 0x015f)
generic 0x1e2a98 (preset 0x015e),generic 0x1e2ba0 (preset 0x015f),19.434,no,"another wall pokes into the space between them, so a tighter pair covers this gap",generic 0x1e2ba0 (preset 0x015f)
generic 0x1e2a98 (preset 0x015e),generic 0x1e2db0 (preset 0x015c),59.216,no,the line between them touches another wall,generic 0x1e2db0 (preset 0x015c)
generic 0x1e2a98 (preset 0x015e),generic 0x1e2db0 (preset 0x015c),49.722,no,the line between them touches another wall,generic 0x1e2db0 (preset 0x015c)
generic 0x1e2a98 (preset 0x015e),generic 0x1e2db0 (preset 0x015c),6.120,no,the line between them touches another wall,generic 0x1e2db0 (preset 0x015c)
generic 0x1e2a98 (preset 0x015e),generic 0x1e2ba0 (preset 0x015f),25.334,no,"another wall pokes into the space between them, so a tighter pair covers this gap",generic 0x1e2a98 (preset 0x015e)
generic 0x1e2a98 (preset 0x015e),generic 0x1e2ba0 (preset 0x015f),25.334,no,"another wall pokes into the space between them, so a tighter pair covers this gap",generic 0x1e2a98 (preset 0x015e)
generic 0x1e2a98 (preset 0x015e),generic 0x1e2db0 (preset 0x015c),49.722,no,the line between them touches another wall,generic 0x1e2db0 (preset 0x015c)
generic 0x1e2a98 (preset 0x015e),generic 0x1e2db0 (preset 0x015c),6.120,no,the line between them touches another wall,generic 0x1e2db0 (preset 0x015c)
generic 0x1e2ba0 (preset 0x015f),generic 0x1e2db0 (preset 0x015c),30.288,no,the line between them touches another wall,generic 0x1e2ba0 (preset 0x015f)
generic 0x1e2ba0 (preset 0x015f),generic 0x1e2db0 (preset 0x015c),22.372,no,the line between them touches another wall,generic 0x1e2db0 (preset 0x015c)
generic 0x1e2ba0 (preset 0x015f),generic 0x1e2db0 (preset 0x015c),22.372,no,the line between them touches another wall,generic 0x1e2ba0 (preset 0x015f)
generic 0x1e2ba0 (preset 0x015f),generic 0x1e2db0 (preset 0x015c),22.372,no,the line between them touches another wall,generic 0x1e2ba0 (preset 0x015f)
generic 0x1e2ba0 (preset 0x015f),generic 0x1e2eb8 (preset 0x015b),50.302,no,the line between them touches another wall,generic 0x1e2ba0 (preset 0x015f)
generic 0x1e2ba0 (preset 0x015f),generic 0x1e2eb8 (preset 0x015b),50.302,no,the line between them touches another wall,generic 0x1e2ba0 (preset 0x015f)
generic 0x1e2ba0 (preset 0x015f),generic 0x1e2ca8 (preset 0x015a),45.322,no,"another wall pokes into the space between them, so a tighter pair covers this gap",generic 0x1e2ba0 (preset 0x015f)
generic 0x1e2ba0 (preset 0x015f),generic 0x1e2ca8 (preset 0x015a),8.796,yes,,
generic 0x1e2ba0 (preset 0x015f),generic 0x1e2ca8 (preset 0x015a),39.857,no,"another wall pokes into the space between them, so a tighter pair covers this gap",generic 0x1e2ca8 (preset 0x015a)
generic 0x1e2ba0 (preset 0x015f),generic 0x1e2eb8 (preset 0x015b),38.495,no,the line between them touches another wall,generic 0x1e2ba0 (preset 0x015f)
generic 0x1e2ba0 (preset 0x015f),generic 0x1e2eb8 (preset 0x015b),50.303,no,the line between them touches another wall,generic 0x1e2eb8 (preset 0x015b)
generic 0x1e2ba0 (preset 0x015f),generic 0x1e2ca8 (preset 0x015a),42.901,no,"another wall pokes into the space between them, so a tighter pair covers this gap",generic 0x1e2ca8 (preset 0x015a)
generic 0x1e2ba0 (preset 0x015f),generic 0x1e2ca8 (preset 0x015a),8.796,yes,,
generic 0x1e2ba0 (preset 0x015f),generic 0x1e2db0 (preset 0x015c),22.372,no,the line between them touches another wall,generic 0x1e2db0 (preset 0x015c)
generic 0x1e2ba0 (preset 0x015f),generic 0x1e2eb8 (preset 0x015b),58.635,no,the line between them touches another wall,generic 0x1e2eb8 (preset 0x015b)
generic 0x1e2ba0 (preset 0x015f),generic 0x1e2eb8 (preset 0x015b),50.303,no,the line between them touches another wall,generic 0x1e2eb8 (preset 0x015b)
generic 0x1e2ca8 (preset 0x015a),generic 0x1e2eb8 (preset 0x015b),23.882,no,the line between them touches another wall,generic 0x1e2eb8 (preset 0x015b)
generic 0x1e2ca8 (preset 0x015a),generic 0x1e2eb8 (preset 0x015b),36.118,no,the line between them touches another wall,generic 0x1e2ca8 (preset 0x015a)
generic 0x1e2ca8 (preset 0x015a),generic 0x1e2eb8 (preset 0x015b),23.882,no,the line between them touches another wall,generic 0x1e2eb8 (preset 0x015b)
generic 0x1e2ca8 (preset 0x015a),generic 0x1e2eb8 (preset 0x015b),7.194,no,the line between them touches another wall,generic 0x1e2eb8 (preset 0x015b)
generic 0x1e2ca8 (preset 0x015a),generic 0x1e2eb8 (preset 0x015b),30.586,no,the line between them touches another wall,generic 0x1e2eb8 (preset 0x015b)
generic 0x1e2ca8 (preset 0x015a),generic 0x1e2eb8 (preset 0x015b),7.402,no,the line between them touches another wall,generic 0x1e2eb8 (preset 0x015b)
generic 0x1e2ca8 (preset 0x015a),generic 0x1e2eb8 (preset 0x015b),7.194,no,the line between them touches another wall,generic 0x1e2eb8 (preset 0x015b)
generic 0x1e2ca8 (preset 0x015a),generic 0x1e2eb8 (preset 0x015b),31.576,no,the line between them touches another wall,generic 0x1e2ca8 (preset 0x015a)
generic 0x1e2ca8 (preset 0x015a),generic 0x1e2eb8 (preset 0x015b),31.576,no,the line between them touches another wall,generic 0x1e2ca8 (preset 0x015a)
generic 0x1e2db0 (preset 0x015c),generic 0x1e2eb8 (preset 0x015b),48.914,no,"another wall pokes into the space between them, so a tighter pair covers this gap",generic 0x1e2db0 (preset 0x015c)
generic 0x1e2db0 (preset 0x015c),generic 0x1e2eb8 (preset 0x015b),48.914,no,"another wall pokes into the space between them, so a tighter pair covers this gap",generic 0x1e2db0 (preset 0x015c)
generic 0x1e2db0 (preset 0x015c),generic 0x1e2eb8 (preset 0x015b),40.155,yes,,
generic 0x1e2db0 (preset 0x015c),generic 0x1e2eb8 (preset 0x015b),40.155,yes,,
generic 0x1e2db0 (preset 0x015c),generic 0x1e2eb8 (preset 0x015b),48.914,no,"another wall pokes into the space between them, so a tighter pair covers this gap",generic 0x1e2eb8 (preset 0x015b)
generic 0x1e2db0 (preset 0x015c),generic 0x1e2eb8 (preset 0x015b),40.155,yes,,
generic 0x1e2db0 (preset 0x015c),generic 0x1e2eb8 (preset 0x015b),48.914,no,"another wall pokes into the space between them, so a tighter pair covers this gap",generic 0x1e2eb8 (preset 0x015b)
generic 0x1e30c8 (preset 0x0162),generic 0x1e5970 (preset 0x016c),52.737,no,"another wall pokes into the space between them, so a tighter pair covers this gap",generic 0x1e30c8 (preset 0x0162)
generic 0x1e30c8 (preset 0x0162),generic 0x1e5970 (preset 0x016c),45.287,yes,,
generic 0x1e30c8 (preset 0x0162),generic 0x1e5970 (preset 0x016c),50.737,no,"another wall pokes into the space between them, so a tighter pair covers this gap",generic 0x1e5970 (preset 0x016c)
generic 0x1e30c8 (preset 0x0162),generic 0x1e5970 (preset 0x016c),45.287,yes,,
generic 0x1e3148 (preset 0x0052),generic 0x1e33c8 (preset 0x0057),46.338,yes,,
generic 0x1e3148 (preset 0x0052),generic 0x1e33c8 (preset 0x0057),46.338,yes,,
generic 0x1e3148 (preset 0x0052),generic 0x1e5c70 (preset 0x0066),41.488,no,the far wall faces the other way (it belongs to floor which isn't linked here),
generic 0x1e3148 (preset 0x0052),generic 0x1e5c70 (preset 0x0066),49.637,no,the far wall faces the other way (it belongs to floor which isn't linked here),
generic 0x1e3148 (preset 0x0052),generic 0x1e5c70 (preset 0x0066),22.754,no,the line between them touches another wall,generic 0x1e3148 (preset 0x0052)
generic 0x1e3148 (preset 0x0052),glass 0x1e6680 (preset 0x2715),7.664,no,the far wall faces the other way (it belongs to floor which isn't linked here),
generic 0x1e3148 (preset 0x0052),glass 0x1e6680 (preset 0x2715),9.407,no,the far wall faces the other way (it belongs to floor which isn't linked here),
generic 0x1e3148 (preset 0x0052),glass 0x1e6680 (preset 0x2715),57.327,no,the far wall faces the other way (it belongs to floor which isn't linked here),
generic 0x1e3148 (preset 0x0052),generic 0x1e32c8 (preset 0x0055),48.863,no,"another wall pokes into the space between them, so a tighter pair covers this gap",generic 0x1e3148 (preset 0x0052)
generic 0x1e3148 (preset 0x0052),generic 0x1e5a70 (preset 0x005a),45.801,no,the far wall faces the other way (it belongs to floor which isn't linked here),
generic 0x1e3148 (preset 0x0052),generic 0x1e5c70 (preset 0x0066),41.488,no,the far wall faces the other way (it belongs to floor which isn't linked here),
generic 0x1e3148 (preset 0x0052),generic 0x1e5c70 (preset 0x0066),47.848,no,the far wall faces the other way (it belongs to floor which isn't linked here),
generic 0x1e3148 (preset 0x0052),generic 0x1e5c70 (preset 0x0066),15.763,no,the far wall faces the other way (it belongs to floor which isn't linked here),
generic 0x1e3148 (preset 0x0052),generic 0x1e32c8 (preset 0x0055),25.413,no,"another wall pokes into the space between them, so a tighter pair covers this gap",generic 0x1e3148 (preset 0x0052)
generic 0x1e3148 (preset 0x0052),generic 0x1e5a70 (preset 0x005a),35.804,no,the far wall faces the other way (it belongs to floor which isn't linked here),
generic 0x1e3148 (preset 0x0052),generic 0x1e5a70 (preset 0x005a),39.853,no,the far wall faces the other way (it belongs to floor which isn't linked here),
generic 0x1e3148 (preset 0x0052),generic 0x1e5a70 (preset 0x005a),41.548,no,the line between them touches another wall,generic 0x1e3148 (preset 0x0052)
generic 0x1e3148 (preset 0x0052),generic 0x1e5cf0 (preset 0x005d),55.348,no,the far wall faces the other way (it belongs to floor which isn't linked here),
generic 0x1e3148 (preset 0x0052),glass 0x1e6680 (preset 0x2715),14.788,no,the far wall faces the other way (it belongs to floor which isn't linked here),
generic 0x1e3148 (preset 0x0052),glass 0x1e6680 (preset 0x2715),59.564,no,the far wall faces the other way (it belongs to floor which isn't linked here),
generic 0x1e3148 (preset 0x0052),glass 0x1e6680 (preset 0x2715),16.531,no,the far wall faces the other way (it belongs to floor which isn't linked here),
generic 0x1e3148 (preset 0x0052),generic 0x1e32c8 (preset 0x0055),43.200,no,"another wall pokes into the space between them, so a tighter pair covers this gap",generic 0x1e3148 (preset 0x0052)
generic 0x1e3148 (preset 0x0052),generic 0x1e33c8 (preset 0x0057),46.338,yes,,
generic 0x1e3148 (preset 0x0052),generic 0x1e33c8 (preset 0x0057),46.338,yes,,
generic 0x1e3148 (preset 0x0052),generic 0x1e5a70 (preset 0x005a),27.804,no,the line between them touches another wall,generic 0x1e3148 (preset 0x0052)
generic 0x1e3148 (preset 0x0052),generic 0x1e5a70 (preset 0x005a),45.582,no,the far wall faces the other way (it belongs to floor which isn't linked here),
generic 0x1e3148 (preset 0x0052),generic 0x1e5a70 (preset 0x005a),24.843,no,the far wall faces the other way (it belongs to floor which isn't linked here),
generic 0x1e3148 (preset 0x0052),generic 0x1e5a70 (preset 0x005a),27.803,no,the line between them touches another wall,generic 0x1e3148 (preset 0x0052)
generic 0x1e3148 (preset 0x0052),generic 0x1e5cf0 (preset 0x005d),52.108,no,the far wall faces the other way (it belongs to floor which isn't linked here),
generic 0x1e3148 (preset 0x0052),generic 0x1e5cf0 (preset 0x005d),52.108,no,the far wall faces the other way (it belongs to floor which isn't linked here),
generic 0x1e3148 (preset 0x0052),glass 0x1e6680 (preset 0x2715),7.664,no,the far wall faces the other way (it belongs to floor which isn't linked here),
generic 0x1e3148 (preset 0x0052),glass 0x1e6680 (preset 0x2715),59.564,no,the far wall faces the other way (it belongs to floor which isn't linked here),
generic 0x1e3148 (preset 0x0052),glass 0x1e6680 (preset 0x2715),9.407,no,the far wall faces the other way (it belongs to floor which isn't linked here),
generic 0x1e3148 (preset 0x0052),glass 0x1e6680 (preset 0x2715),57.327,no,the far wall faces the other way (it belongs to floor which isn't linked here),
generic 0x1e31c8 (preset 0x0053),generic 0x1e3248 (preset 0x0054),3.966,no,the line between them touches another wall,generic 0x1e3248 (preset 0x0054)
generic 0x1e31c8 (preset 0x0053),generic 0x1e3348 (preset 0x0056),52.460,no,"another wall pokes into the space between them, so a tighter pair covers this gap",generic 0x1e3348 (preset 0x0056)
generic 0x1e31c8 (preset 0x0053),generic 0x1e3348 (preset 0x0056),15.924,yes,,
generic 0x1e31c8 (preset 0x0053),generic 0x1e3348 (preset 0x0056),35.385,no,"another wall pokes into the space between them, so a tighter pair covers this gap",generic 0x1e3348 (preset 0x0056)
generic 0x1e31c8 (preset 0x0053),generic 0x1e33c8 (preset 0x0057),29.003,no,"another wall pokes into the space between them, so a tighter pair covers this gap",generic 0x1e31c8 (preset 0x0053)
generic 0x1e31c8 (preset 0x0053),generic 0x1e5ef0 (preset 0x0067),45.102,no,the line between them touches another wall,generic 0x1e31c8 (preset 0x0053)
generic 0x1e31c8 (preset 0x0053),generic 0x1e5ef0 (preset 0x0067),48.462,no,the line between them touches another wall,generic 0x1e31c8 (preset 0x0053)
generic 0x1e31c8 (preset 0x0053),generic 0x1e5ef0 (preset 0x0067),45.102,no,the line between them touches another wall,generic 0x1e31c8 (preset 0x0053)
generic 0x1e31c8 (preset 0x0053),glass 0x1e6680 (preset 0x2715),28.206,no,the far wall faces the other way (it belongs to floor which isn't linked here),
generic 0x1e31c8 (preset 0x0053),glass 0x1e6680 (preset 0x2715),29.029,no,the far wall faces the other way (it belongs to floor which isn't linked here),
generic 0x1e31c8 (preset 0x0053),glass 0x1e6680 (preset 0x2715),26.902,no,the far wall faces the other way (it belongs to floor which isn't linked here),
generic 0x1e31c8 (preset 0x0053),generic 0x1e33c8 (preset 0x0057),50.629,no,"another wall pokes into the space between them, so a tighter pair covers this gap",generic 0x1e31c8 (preset 0x0053)
generic 0x1e31c8 (preset 0x0053),generic 0x1e5cf0 (preset 0x005d),34.479,no,the far wall faces the other way (it belongs to floor which isn't linked here),
generic 0x1e31c8 (preset 0x0053),generic 0x1e5cf0 (preset 0x005d),49.965,no,the far wall faces the other way (it belongs to floor which isn't linked here),
generic 0x1e31c8 (preset 0x0053),generic 0x1e5ef0 (preset 0x0067),8.837,no,the line between them touches another wall,generic 0x1e31c8 (preset 0x0053)
generic 0x1e31c8 (preset 0x0053),generic 0x1e5ef0 (preset 0x0067),8.837,no,the line between them touches another wall,generic 0x1e31c8 (preset 0x0053)
generic 0x1e31c8 (preset 0x0053),generic 0x1e5ef0 (preset 0x0067),13.121,no,the far wall faces the other way (it belongs to floor which isn't linked here),
generic 0x1e31c8 (preset 0x0053),glass 0x1e6680 (preset 0x2715),28.206,no,the far wall faces the other way (it belongs to floor which isn't linked here),
generic 0x1e31c8 (preset 0x0053),glass 0x1e6680 (preset 0x2715),29.029,no,the far wall faces the other way (it belongs to floor which isn't linked here),
generic 0x1e31c8 (preset 0x0053),glass 0x1e6680 (preset 0x2715),26.902,no,the far wall faces the other way (it belongs to floor which isn't linked here),
generic 0x1e31c8 (preset 0x0053),generic 0x1e33c8 (preset 0x0057),53.056,no,"another wall pokes into the space between them, so a tighter pair covers this gap",generic 0x1e31c8 (preset 0x0053)
generic 0x1e31c8 (preset 0x0053),generic 0x1e5cf0 (preset 0x005d),34.479,no,the far wall faces the other way (it belongs to floor which isn't linked here),
generic 0x1e31c8 (preset 0x0053),generic 0x1e5cf0 (preset 0x005d),49.965,no,the far wall faces the other way (it belongs to floor which isn't linked here),
generic 0x1e31c8 (preset 0x0053),generic 0x1e5ef0 (preset 0x0067),1.478,no,the far wall faces the other way (it belongs to floor which isn't linked here),
generic 0x1e31c8 (preset 0x0053),generic 0x1e3248 (preset 0x0054),1.212,no,"another wall pokes into the space between them, so a tighter pair covers this gap",generic 0x1e3248 (preset 0x0054)
generic 0x1e31c8 (preset 0x0053),generic 0x1e3348 (preset 0x0056),15.924,yes,,
generic 0x1e31c8 (preset 0x0053),generic 0x1e3348 (preset 0x0056),35.328,no,"another wall pokes into the space between them, so a tighter pair covers this gap",generic 0x1e3348 (preset 0x0056)
generic 0x1e31c8 (preset 0x0053),generic 0x1e33c8 (preset 0x0057),33.058,no,"another wall pokes into the space between them, so a tighter pair covers this gap",generic 0x1e31c8 (preset 0x0053)
generic 0x1e31c8 (preset 0x0053),generic 0x1e5ef0 (preset 0x0067),34.787,no,the line between them touches another wall,generic 0x1e31c8 (preset 0x0053)
generic 0x1e31c8 (preset 0x0053),generic 0x1e5ef0 (preset 0x0067),31.462,no,the far wall faces the other way (it belongs to floor which isn't linked here),
generic 0x1e31c8 (preset 0x0053),generic 0x1e5ef0 (preset 0x0067),31.462,no,the far wall faces the other way (it belongs to floor which isn't linked here),
generic 0x1e3248 (preset 0x0054),generic 0x1e3348 (preset 0x0056),45.669,no,"another wall pokes into the space between them, so a tighter pair covers this gap",generic 0x1e3248 (preset 0x0054)
generic 0x1e3248 (preset 0x0054),generic 0x1e3348 (preset 0x0056),38.437,no,"another wall pokes into the space between them, so a tighter pair covers this gap",generic 0x1e3248 (preset 0x0054)
generic 0x1e3248 (preset 0x0054),generic 0x1e33c8 (preset 0x0057),58.493,no,"another wall pokes into the space between them, so a tighter pair covers this gap",generic 0x1e3248 (preset 0x0054)
generic 0x1e3248 (preset 0x0054),generic 0x1e33c8 (preset 0x0057),58.493,no,"another wall pokes into the space between them, so a tighter pair covers this gap",generic 0x1e3248 (preset 0x0054)
generic 0x1e3248 (preset 0x0054),glass 0x1e6500 (preset 0x2713),58.214,no,the far wall faces the other way (it belongs to floor which isn't linked here),
generic 0x1e3248 (preset 0x0054),glass 0x1e6500 (preset 0x2713),58.214,no,the far wall faces the other way (it belongs to floor which isn't linked here),
generic 0x1e3248 (preset 0x0054),generic 0x1e3348 (preset 0x0056),34.168,no,"another wall pokes into the space between them, so a tighter pair covers this gap",generic 0x1e3248 (preset 0x0054)
generic 0x1e3248 (preset 0x0054),generic 0x1e33c8 (preset 0x0057),3.012,yes,,
generic 0x1e3248 (preset 0x0054),generic 0x1e33c8 (preset 0x0057),44.358,no,"another wall pokes into the space between them, so a tighter pair covers this gap",generic 0x1e33c8 (preset 0x0057)
generic 0x1e3248 (preset 0x0054),generic 0x1e33c8 (preset 0x0057),25.613,no,"another wall pokes into the space between them, so a tighter pair covers this gap",generic 0x1e3248 (preset 0x0054)
generic 0x1e3248 (preset 0x0054),generic 0x1e5ef0 (preset 0x0067),54.729,no,the far wall faces the other way (it belongs to floor which isn't linked here),
generic 0x1e3248 (preset 0x0054),generic 0x1e5ef0 (preset 0x0067),54.729,no,the far wall faces the other way (it belongs to floor which isn't linked here),
generic 0x1e3248 (preset 0x0054),generic 0x1e3348 (preset 0x0056),42.139,no,"another wall pokes into the space between them, so a tighter pair covers this gap",generic 0x1e3248 (preset 0x0054)
generic 0x1e3248 (preset 0x0054),generic 0x1e33c8 (preset 0x0057),3.012,yes,,
generic 0x1e3248 (preset 0x0054),generic 0x1e33c8 (preset 0x0057),23.533,no,"another wall pokes into the space between them, so a tighter pair covers this gap",generic 0x1e33c8 (preset 0x0057)
generic 0x1e3248 (preset 0x0054),generic 0x1e5ef0 (preset 0x0067),54.729,no,the far wall faces the other way (it belongs to floor which isn't linked here),
generic 0x1e3248 (preset 0x0054),generic 0x1e5ef0 (preset 0x0067),54.729,no,the far wall faces the other way (it belongs to floor which isn't linked here),
generic 0x1e32c8 (preset 0x0055),generic 0x1e5a70 (preset 0x005a),20.859,no,the far wall faces the other way (it belongs to floor which isn't linked here),
generic 0x1e32c8 (preset 0x0055),generic 0x1e5a70 (preset 0x005a),44.674,no,the far wall faces the other way (it belongs to floor which isn't linked here),
generic 0x1e32c8 (preset 0x0055),generic 0x1e5c70 (preset 0x0066),34.243,no,the far wall faces the other way (it belongs to floor which isn't linked here),
generic 0x1e32c8 (preset 0x0055),generic 0x1e5c70 (preset 0x0066),3.190,no,the far wall faces the other way (it belongs to floor which isn't linked here),
generic 0x1e32c8 (preset 0x0055),generic 0x1e5c70 (preset 0x0066),3.190,no,the far wall faces the other way (it belongs to floor which isn't linked here),
generic 0x1e32c8 (preset 0x0055),glass 0x1e6680 (preset 0x2715),50.335,no,the far wall faces the other way (it belongs to floor which isn't linked here),
generic 0x1e32c8 (preset 0x0055),glass 0x1e6680 (preset 0x2715),52.078,no,the far wall faces the other way (it belongs to floor which isn't linked here),
generic 0x1e32c8 (preset 0x0055),generic 0x1e5a70 (preset 0x005a),44.674,no,the far wall faces the other way (it belongs to floor which isn't linked here),
generic 0x1e32c8 (preset 0x0055),generic 0x1e5a70 (preset 0x005a),6.384,no,the far wall faces the other way (it belongs to floor which isn't linked here),
generic 0x1e32c8 (preset 0x0055),generic 0x1e5a70 (preset 0x005a),54.953,no,the far wall faces the other way (it belongs to floor which isn't linked here),
generic 0x1e32c8 (preset 0x0055),generic 0x1e5c70 (preset 0x0066),34.243,no,the far wall faces the other way (it belongs to floor which isn't linked here),
generic 0x1e32c8 (preset 0x0055),generic 0x1e5c70 (preset 0x0066),28.093,no,the far wall faces the other way (it belongs to floor which isn't linked here),
generic 0x1e32c8 (preset 0x0055),generic 0x1e5c70 (preset 0x0066),53.747,no,the far wall faces the other way (it belongs to floor which isn't linked here),
generic 0x1e32c8 (preset 0x0055),generic 0x1e5a70 (preset 0x005a),40.443,no,the line between them touches another wall,generic 0x1e32c8 (preset 0x0055)
generic 0x1e32c8 (preset 0x0055),generic 0x1e5a70 (preset 0x005a),6.384,no,the far wall faces the other way (it belongs to floor which isn't linked here),
generic 0x1e32c8 (preset 0x0055),generic 0x1e5a70 (preset 0x005a),40.438,no,the line between them touches another wall,generic 0x1e32c8 (preset 0x0055)
generic 0x1e32c8 (preset 0x0055),generic 0x1e5cf0 (preset 0x005d),46.438,no,the far wall faces the other way (it belongs to floor which isn't linked here),
generic 0x1e32c8 (preset 0x0055),generic 0x1e5cf0 (preset 0x005d),39.064,no,the far wall faces the other way (it belongs to floor which isn't linked here),
generic 0x1e32c8 (preset 0x0055),glass 0x1e6680 (preset 0x2715),0.329,no,the far wall faces the other way (it belongs to floor which isn't linked here),
generic 0x1e32c8 (preset 0x0055),generic 0x1e5a70 (preset 0x005a),25.019,no,the line between them touches another wall,generic 0x1e32c8 (preset 0x0055)
generic 0x1e32c8 (preset 0x0055),generic 0x1e5a70 (preset 0x005a),25.022,no,the line between them touches another wall,generic 0x1e32c8 (preset 0x0055)
generic 0x1e32c8 (preset 0x0055),generic 0x1e5a70 (preset 0x005a),25.019,no,the line between them touches another wall,generic 0x1e32c8 (preset 0x0055)
generic 0x1e32c8 (preset 0x0055),generic 0x1e5c70 (preset 0x0066),55.378,no,the far wall faces the other way (it belongs to floor which isn't linked here),
generic 0x1e32c8 (preset 0x0055),generic 0x1e5c70 (preset 0x0066),50.267,no,the far wall faces the other way (it belongs to floor which isn't linked here),
generic 0x1e32c8 (preset 0x0055),generic 0x1e5cf0 (preset 0x005d),46.287,no,the far wall faces the other way (it belongs to floor which isn't linked here),
generic 0x1e32c8 (preset 0x0055),generic 0x1e5cf0 (preset 0x005d),39.064,no,the far wall faces the other way (it belongs to floor which isn't linked here),
generic 0x1e32c8 (preset 0x0055),glass 0x1e6680 (preset 0x2715),0.329,no,the far wall faces the other way (it belongs to floor which isn't linked here),
generic 0x1e3348 (preset 0x0056),glass 0x1e6500 (preset 0x2713),57.523,no,the far wall faces the other way (it belongs to floor which isn't linked here),
generic 0x1e3348 (preset 0x0056),glass 0x1e6500 (preset 0x2713),54.878,no,the far wall faces the other way (it belongs to floor which isn't linked here),
generic 0x1e3348 (preset 0x0056),glass 0x1e6500 (preset 0x2713),54.359,no,the far wall faces the other way (it belongs to floor which isn't linked here),
generic 0x1e3348 (preset 0x0056),generic 0x1e33c8 (preset 0x0057),21.690,yes,,
generic 0x1e3348 (preset 0x0056),generic 0x1e33c8 (preset 0x0057),21.921,no,"another wall pokes into the space between them, so a tighter pair covers this gap",generic 0x1e33c8 (preset 0x0057)
generic 0x1e3348 (preset 0x0056),glass 0x1e6500 (preset 0x2713),57.523,no,the far wall faces the other way (it belongs to floor which isn't linked here),
generic 0x1e3348 (preset 0x0056),glass 0x1e6500 (preset 0x2713),52.899,no,the far wall faces the other way (it belongs to floor which isn't linked here),
generic 0x1e3348 (preset 0x0056),glass 0x1e6500 (preset 0x2713),52.899,no,the far wall faces the other way (it belongs to floor which isn't linked here),
generic 0x1e3348 (preset 0x0056),generic 0x1e33c8 (preset 0x0057),21.690,yes,,
generic 0x1e3348 (preset 0x0056),generic 0x1e33c8 (preset 0x0057),21.921,no,"another wall pokes into the space between them, so a tighter pair covers this gap",generic 0x1e33c8 (preset 0x0057)
generic 0x1e3348 (preset 0x0056),generic 0x1e33c8 (preset 0x0057),21.690,no,"another wall pokes into the space between them, so a tighter pair covers this gap",generic 0x1e33c8 (preset 0x0057)
generic 0x1e3348 (preset 0x0056),generic 0x1e33c8 (preset 0x0057),21.921,no,"another wall pokes into the space between them, so a tighter pair covers this gap",generic 0x1e3348 (preset 0x0056)
generic 0x1e3348 (preset 0x0056),generic 0x1e33c8 (preset 0x0057),21.921,no,"another wall pokes into the space between them, so a tighter pair covers this gap",generic 0x1e3348 (preset 0x0056)
generic 0x1e33c8 (preset 0x0057),generic 0x1e5ef0 (preset 0x0067),50.688,no,the line between them touches another wall,generic 0x1e33c8 (preset 0x0057)
generic 0x1e33c8 (preset 0x0057),generic 0x1e5ef0 (preset 0x0067),50.688,no,the line between them touches another wall,generic 0x1e33c8 (preset 0x0057)
generic 0x1e33c8 (preset 0x0057),glass 0x1e6680 (preset 0x2715),47.403,no,the far wall faces the other way (it belongs to floor which isn't linked here),
generic 0x1e33c8 (preset 0x0057),glass 0x1e6680 (preset 0x2715),47.403,no,the far wall faces the other way (it belongs to floor which isn't linked here),
generic 0x1e33c8 (preset 0x0057),generic 0x1e5ef0 (preset 0x0067),18.053,no,the line between them touches another wall,generic 0x1e33c8 (preset 0x0057)
generic 0x1e33c8 (preset 0x0057),generic 0x1e5ef0 (preset 0x0067),18.053,no,the line between them touches another wall,generic 0x1e33c8 (preset 0x0057)
generic 0x1e33c8 (preset 0x0057),glass 0x1e6680 (preset 0x2715),38.067,no,the far wall faces the other way (it belongs to floor which isn't linked here),
generic 0x1e33c8 (preset 0x0057),glass 0x1e6680 (preset 0x2715),36.324,no,the far wall faces the other way (it belongs to floor which isn't linked here),
generic 0x1e33c8 (preset 0x0057),glass 0x1e6680 (preset 0x2715),39.456,no,the far wall faces the other way (it belongs to floor which isn't linked here),
generic 0x1e33c8 (preset 0x0057),generic 0x1e5ef0 (preset 0x0067),22.682,no,the line between them touches another wall,generic 0x1e33c8 (preset 0x0057)
generic 0x1e33c8 (preset 0x0057),generic 0x1e5ef0 (preset 0x0067),3.366,no,the line between them touches another wall,generic 0x1e33c8 (preset 0x0057)
generic 0x1e33c8 (preset 0x0057),glass 0x1e6680 (preset 0x2715),38.067,no,the far wall faces the other way (it belongs to floor which isn't linked here),
generic 0x1e33c8 (preset 0x0057),glass 0x1e6680 (preset 0x2715),36.324,no,the far wall faces the other way (it belongs to floor which isn't linked here),
generic 0x1e33c8 (preset 0x0057),generic 0x1e5ef0 (preset 0x0067),36.000,no,the line between them touches another wall,generic 0x1e33c8 (preset 0x0057)
generic 0x1e33c8 (preset 0x0057),generic 0x1e5ef0 (preset 0x0067),0.434,no,the line between them touches another wall,generic 0x1e33c8 (preset 0x0057)
generic 0x1e33c8 (preset 0x0057),generic 0x1e5ef0 (preset 0x0067),0.434,no,the line between them touches another wall,generic 0x1e33c8 (preset 0x0057)
generic 0x1e3448 (preset 0x2727),generic 0x1e3448 (preset 0x2727),14.301,no,the line between them touches another wall,generic 0x1e3448 (preset 0x2727)
generic 0x1e3448 (preset 0x2727),generic 0x1e3448 (preset 0x2727),14.301,no,the line between them touches another wall,generic 0x1e3448 (preset 0x2727)
generic 0x1e34c8 (preset 0x2728),generic 0x1e34c8 (preset 0x2728),12.595,no,the line between them touches another wall,generic 0x1e34c8 (preset 0x2728)
generic 0x1e34c8 (preset 0x2728),generic 0x1e34c8 (preset 0x2728),12.595,no,the line between them touches another wall,generic 0x1e34c8 (preset 0x2728)
generic 0x1e35d0 (preset 0x2729),generic 0x1e35d0 (preset 0x2729),12.313,no,the line between them touches another wall,generic 0x1e35d0 (preset 0x2729)
generic 0x1e35d0 (preset 0x2729),generic 0x1e35d0 (preset 0x2729),12.313,no,the line between them touches another wall,generic 0x1e35d0 (preset 0x2729)
generic 0x1e36d8 (preset 0x272a),generic 0x1e36d8 (preset 0x272a),14.652,no,the line between them touches another wall,generic 0x1e36d8 (preset 0x272a)
generic 0x1e36d8 (preset 0x272a),generic 0x1e36d8 (preset 0x272a),14.652,no,the line between them touches another wall,generic 0x1e36d8 (preset 0x272a)
generic 0x1e37e0 (preset 0x272b),generic 0x1e37e0 (preset 0x272b),14.750,no,the line between them touches another wall,generic 0x1e37e0 (preset 0x272b)
generic 0x1e37e0 (preset 0x272b),generic 0x1e38e8 (preset 0x272c),0.700,no,the line between them touches another wall,generic 0x1e38e8 (preset 0x272c)
generic 0x1e37e0 (preset 0x272b),generic 0x1e38e8 (preset 0x272c),0.223,no,the line between them touches another wall,generic 0x1e38e8 (preset 0x272c)
generic 0x1e37e0 (preset 0x272b),generic 0x1e38e8 (preset 0x272c),8.990,no,the line between them touches another wall,generic 0x1e38e8 (preset 0x272c)
generic 0x1e37e0 (preset 0x272b),generic 0x1e38e8 (preset 0x272c),4.855,no,the line between them touches another wall,generic 0x1e38e8 (preset 0x272c)
generic 0x1e37e0 (preset 0x272b),generic 0x1e38e8 (preset 0x272c),5.635,no,the line between them touches another wall,generic 0x1e38e8 (preset 0x272c)
generic 0x1e37e0 (preset 0x272b),generic 0x1e38e8 (preset 0x272c),0.223,no,the line between them touches another wall,generic 0x1e38e8 (preset 0x272c)
generic 0x1e37e0 (preset 0x272b),generic 0x1e38e8 (preset 0x272c),20.381,no,the line between them touches another wall,generic 0x1e38e8 (preset 0x272c)
generic 0x1e37e0 (preset 0x272b),generic 0x1e38e8 (preset 0x272c),5.767,no,"another wall pokes into the space between them, so a tighter pair covers this gap",generic 0x1e37e0 (preset 0x272b)
generic 0x1e37e0 (preset 0x272b),generic 0x1e38e8 (preset 0x272c),5.725,no,the line between them touches another wall,generic 0x1e37e0 (preset 0x272b)
generic 0x1e37e0 (preset 0x272b),generic 0x1e38e8 (preset 0x272c),5.725,no,"another wall pokes into the space between them, so a tighter pair covers this gap",generic 0x1e37e0 (preset 0x272b)
generic 0x1e37e0 (preset 0x272b),generic 0x1e37e0 (preset 0x272b),14.750,no,the line between them touches another wall,generic 0x1e37e0 (preset 0x272b)
generic 0x1e37e0 (preset 0x272b),generic 0x1e38e8 (preset 0x272c),0.043,no,the line between them touches another wall,generic 0x1e38e8 (preset 0x272c)
generic 0x1e37e0 (preset 0x272b),generic 0x1e38e8 (preset 0x272c),4.988,no,the line between them touches another wall,generic 0x1e38e8 (preset 0x272c)
generic 0x1e37e0 (preset 0x272b),generic 0x1e38e8 (preset 0x272c),19.589,no,the line between them touches another wall,generic 0x1e38e8 (preset 0x272c)
generic 0x1e37e0 (preset 0x272b),generic 0x1e38e8 (preset 0x272c),0.043,no,the line between them touches another wall,generic 0x1e38e8 (preset 0x272c)
generic 0x1e37e0 (preset 0x272b),generic 0x1e38e8 (preset 0x272c),0.466,no,the line between them touches another wall,generic 0x1e38e8 (preset 0x272c)
generic 0x1e37e0 (preset 0x272b),generic 0x1e38e8 (preset 0x272c),4.855,no,the line between them touches another wall,generic 0x1e38e8 (preset 0x272c)
generic 0x1e37e0 (preset 0x272b),generic 0x1e38e8 (preset 0x272c),0.700,no,the line between them touches another wall,generic 0x1e38e8 (preset 0x272c)
generic 0x1e37e0 (preset 0x272b),generic 0x1e38e8 (preset 0x272c),9.795,no,the line between them touches another wall,generic 0x1e38e8 (preset 0x272c)
generic 0x1e37e0 (preset 0x272b),generic 0x1e38e8 (preset 0x272c),0.466,no,the line between them touches another wall,generic 0x1e38e8 (preset 0x272c)
generic 0x1e37e0 (preset 0x272b),generic 0x1e38e8 (preset 0x272c),4.855,no,the line between them touches another wall,generic 0x1e38e8 (preset 0x272c)
generic 0x1e38e8 (preset 0x272c),generic 0x1e38e8 (preset 0x272c),14.617,no,the line between them touches another wall,generic 0x1e38e8 (preset 0x272c)
generic 0x1e38e8 (preset 0x272c),generic 0x1e38e8 (preset 0x272c),14.617,no,the line between them touches another wall,generic 0x1e38e8 (preset 0x272c)
generic 0x1e39f0 (preset 0x272d),generic 0x1e39f0 (preset 0x272d),14.485,no,"the line between them leaves the walkable area (a wall's thickness, or another floor)",
generic 0x1e39f0 (preset 0x272d),generic 0x1e39f0 (preset 0x272d),14.485,no,the line between them touches another wall,generic 0x1e39f0 (preset 0x272d)
generic 0x1e3af8 (preset 0x272e),generic 0x1e3af8 (preset 0x272e),14.479,no,the line between them touches another wall,generic 0x1e3af8 (preset 0x272e)
generic 0x1e3af8 (preset 0x272e),generic 0x1e3af8 (preset 0x272e),14.479,no,the line between them touches another wall,generic 0x1e3af8 (preset 0x272e)
generic 0x1e3c00 (preset 0x272f),generic 0x1e3d08 (preset 0x2730),28.201,no,the line between them touches another wall,generic 0x1e3d08 (preset 0x2730)
generic 0x1e3c00 (preset 0x272f),generic 0x1e3d08 (preset 0x2730),28.200,no,"another wall pokes into the space between them, so a tighter pair covers this gap",generic 0x1e3c00 (preset 0x272f)
generic 0x1e3c00 (preset 0x272f),generic 0x1e3d08 (preset 0x2730),13.081,no,the line between them touches another wall,generic 0x1e3d08 (preset 0x2730)
generic 0x1e3c00 (preset 0x272f),generic 0x1e3d08 (preset 0x2730),21.555,no,"another wall pokes into the space between them, so a tighter pair covers this gap",generic 0x1e3c00 (preset 0x272f)
generic 0x1e3c00 (preset 0x272f),generic 0x1e3d08 (preset 0x2730),25.078,no,the line between them touches another wall,generic 0x1e3d08 (preset 0x2730)
generic 0x1e3c00 (preset 0x272f),generic 0x1e3d08 (preset 0x2730),25.077,no,"another wall pokes into the space between them, so a tighter pair covers this gap",generic 0x1e3c00 (preset 0x272f)
generic 0x1e3c00 (preset 0x272f),generic 0x1e3d08 (preset 0x2730),20.500,no,"another wall pokes into the space between them, so a tighter pair covers this gap",generic 0x1e3c00 (preset 0x272f)
generic 0x1e3c00 (preset 0x272f),generic 0x1e3d08 (preset 0x2730),15.641,no,the line between them touches another wall,generic 0x1e3d08 (preset 0x2730)
generic 0x1e3d08 (preset 0x2730),generic 0x1e3d08 (preset 0x2730),0.001,no,the line between them touches another wall,generic 0x1e3d08 (preset 0x2730)
generic 0x1e3d08 (preset 0x2730),generic 0x1e3d08 (preset 0x2730),0.001,no,the line between them touches another wall,generic 0x1e3d08 (preset 0x2730)
generic 0x1e3e10 (preset 0x2731),generic 0x1e3e10 (preset 0x2731),0.000,no,the line between them touches another wall,generic 0x1e3e10 (preset 0x2731)
generic 0x1e3e10 (preset 0x2731),generic 0x1e3f18 (preset 0x2732),26.453,no,the line between them touches another wall,generic 0x1e3f18 (preset 0x2732)
generic 0x1e3e10 (preset 0x2731),generic 0x1e3f18 (preset 0x2732),26.453,no,"another wall pokes into the space between them, so a tighter pair covers this gap",generic 0x1e3e10 (preset 0x2731)
generic 0x1e3e10 (preset 0x2731),generic 0x1e4020 (preset 0x2733),1.415,no,the line between them touches another wall,generic 0x1e3e10 (preset 0x2731)
generic 0x1e3e10 (preset 0x2731),generic 0x1e4020 (preset 0x2733),1.872,no,the line between them touches another wall,generic 0x1e3e10 (preset 0x2731)
generic 0x1e3e10 (preset 0x2731),generic 0x1e3f18 (preset 0x2732),11.217,no,the line between them touches another wall,generic 0x1e3e10 (preset 0x2731)
generic 0x1e3e10 (preset 0x2731),generic 0x1e3f18 (preset 0x2732),19.653,no,"another wall pokes into the space between them, so a tighter pair covers this gap",generic 0x1e3e10 (preset 0x2731)
generic 0x1e3e10 (preset 0x2731),generic 0x1e4020 (preset 0x2733),1.415,no,the line between them touches another wall,generic 0x1e3e10 (preset 0x2731)
generic 0x1e3e10 (preset 0x2731),generic 0x1e4020 (preset 0x2733),2.292,no,the line between them touches another wall,generic 0x1e3e10 (preset 0x2731)
generic 0x1e3e10 (preset 0x2731),generic 0x1e4020 (preset 0x2733),1.803,no,the line between them touches another wall,generic 0x1e3e10 (preset 0x2731)
generic 0x1e3e10 (preset 0x2731),generic 0x1e3f18 (preset 0x2732),16.208,no,the line between them touches another wall,generic 0x1e3f18 (preset 0x2732)
generic 0x1e3e10 (preset 0x2731),generic 0x1e3f18 (preset 0x2732),19.653,no,"another wall pokes into the space between them, so a tighter pair covers this gap",generic 0x1e3e10 (preset 0x2731)
generic 0x1e3e10 (preset 0x2731),generic 0x1e4020 (preset 0x2733),1.323,no,the line between them touches another wall,generic 0x1e3e10 (preset 0x2731)
generic 0x1e3e10 (preset 0x2731),generic 0x1e4020 (preset 0x2733),1.323,no,the line between them touches another wall,generic 0x1e3e10 (preset 0x2731)
generic 0x1e3e10 (preset 0x2731),generic 0x1e3e10 (preset 0x2731),0.000,no,the line between them touches another wall,generic 0x1e3e10 (preset 0x2731)
generic 0x1e3e10 (preset 0x2731),generic 0x1e3f18 (preset 0x2732),24.256,no,the line between them touches another wall,generic 0x1e3f18 (preset 0x2732)
generic 0x1e3e10 (preset 0x2731),generic 0x1e3f18 (preset 0x2732),24.255,no,"another wall pokes into the space between them, so a tighter pair covers this gap",generic 0x1e3e10 (preset 0x2731)
generic 0x1e3e10 (preset 0x2731),generic 0x1e3f18 (preset 0x2732),24.959,no,"another wall pokes into the space between them, so a tighter pair covers this gap",generic 0x1e3e10 (preset 0x2731)
generic 0x1e3e10 (preset 0x2731),generic 0x1e3f18 (preset 0x2732),12.178,no,the line between them touches another wall,generic 0x1e3e10 (preset 0x2731)
generic 0x1e3e10 (preset 0x2731),generic 0x1e3f18 (preset 0x2732),24.959,no,"another wall pokes into the space between them, so a tighter pair covers this gap",generic 0x1e3e10 (preset 0x2731)
generic 0x1e3e10 (preset 0x2731),generic 0x1e3f18 (preset 0x2732),13.202,no,the line between them touches another wall,generic 0x1e3f18 (preset 0x2732)
generic 0x1e3f18 (preset 0x2732),generic 0x1e3f18 (preset 0x2732),0.000,no,the line between them touches another wall,generic 0x1e3f18 (preset 0x2732)
generic 0x1e3f18 (preset 0x2732),generic 0x1e4020 (preset 0x2733),9.290,no,"another wall pokes into the space between them, so a tighter pair covers this gap",generic 0x1e4020 (preset 0x2733)
generic 0x1e3f18 (preset 0x2732),generic 0x1e4020 (preset 0x2733),9.290,yes,,
generic 0x1e3f18 (preset 0x2732),generic 0x1e4020 (preset 0x2733),9.290,yes,,
generic 0x1e3f18 (preset 0x2732),generic 0x1e3f18 (preset 0x2732),0.000,no,the line between them touches another wall,generic 0x1e3f18 (preset 0x2732)
generic 0x1e3f18 (preset 0x2732),generic 0x1e4020 (preset 0x2733),19.706,no,the line between them touches another wall,generic 0x1e4020 (preset 0x2733)
generic 0x1e3f18 (preset 0x2732),generic 0x1e4020 (preset 0x2733),19.705,no,"another wall pokes into the space between them, so a tighter pair covers this gap",generic 0x1e3f18 (preset 0x2732)
generic 0x1e3f18 (preset 0x2732),generic 0x1e4020 (preset 0x2733),10.874,no,"another wall pokes into the space between them, so a tighter pair covers this gap",generic 0x1e3f18 (preset 0x2732)
generic 0x1e4020 (preset 0x2733),generic 0x1e4020 (preset 0x2733),0.000,no,the line between them touches another wall,generic 0x1e4020 (preset 0x2733)
generic 0x1e4020 (preset 0x2733),generic 0x1e4020 (preset 0x2733),0.000,no,the line between them touches another wall,generic 0x1e4020 (preset 0x2733)
generic 0x1e4128 (preset 0x2734),generic 0x1e4128 (preset 0x2734),12.323,no,the line between them touches another wall,generic 0x1e4128 (preset 0x2734)
generic 0x1e4128 (preset 0x2734),generic 0x1e4128 (preset 0x2734),12.323,no,the line between them touches another wall,generic 0x1e4128 (preset 0x2734)
generic 0x1e4230 (preset 0x2735),generic 0x1e4230 (preset 0x2735),12.324,no,"the line between them leaves the walkable area (a wall's thickness, or another floor)",
generic 0x1e4230 (preset 0x2735),generic 0x1e4230 (preset 0x2735),12.324,no,the line between them touches another wall,generic 0x1e4230 (preset 0x2735)
generic 0x1e4338 (preset 0x2736),generic 0x1e4338 (preset 0x2736),12.324,no,the line between them touches another wall,generic 0x1e4338 (preset 0x2736)
generic 0x1e4338 (preset 0x2736),generic 0x1e4440 (preset 0x2737),0.166,no,the line between them touches another wall,generic 0x1e4338 (preset 0x2736)
generic 0x1e4338 (preset 0x2736),generic 0x1e4440 (preset 0x2737),0.011,no,the line between them touches another wall,generic 0x1e4338 (preset 0x2736)
generic 0x1e4338 (preset 0x2736),generic 0x1e4440 (preset 0x2737),0.011,no,the line between them touches another wall,generic 0x1e4338 (preset 0x2736)
generic 0x1e4338 (preset 0x2736),generic 0x1e4440 (preset 0x2737),12.323,no,the line between them touches another wall,generic 0x1e4338 (preset 0x2736)
generic 0x1e4338 (preset 0x2736),generic 0x1e4338 (preset 0x2736),12.324,no,the line between them touches another wall,generic 0x1e4338 (preset 0x2736)
generic 0x1e4338 (preset 0x2736),generic 0x1e4440 (preset 0x2737),0.165,no,the line between them touches another wall,generic 0x1e4338 (preset 0x2736)
generic 0x1e4338 (preset 0x2736),generic 0x1e4440 (preset 0x2737),0.165,no,the line between them touches another wall,generic 0x1e4338 (preset 0x2736)
generic 0x1e4338 (preset 0x2736),generic 0x1e4440 (preset 0x2737),0.166,no,the line between them touches another wall,generic 0x1e4338 (preset 0x2736)
generic 0x1e4338 (preset 0x2736),generic 0x1e4440 (preset 0x2737),12.323,no,the line between them touches another wall,generic 0x1e4338 (preset 0x2736)
generic 0x1e4338 (preset 0x2736),generic 0x1e4440 (preset 0x2737),12.158,no,the line between them touches another wall,generic 0x1e4338 (preset 0x2736)
generic 0x1e4338 (preset 0x2736),generic 0x1e4440 (preset 0x2737),0.000,no,the line between them touches another wall,generic 0x1e4338 (preset 0x2736)
generic 0x1e4338 (preset 0x2736),generic 0x1e4440 (preset 0x2737),0.000,no,the line between them touches another wall,generic 0x1e4338 (preset 0x2736)
generic 0x1e4338 (preset 0x2736),generic 0x1e4440 (preset 0x2737),0.000,no,the line between them touches another wall,generic 0x1e4338 (preset 0x2736)
generic 0x1e4338 (preset 0x2736),generic 0x1e4440 (preset 0x2737),0.000,no,the line between them touches another wall,generic 0x1e4338 (preset 0x2736)
generic 0x1e4338 (preset 0x2736),generic 0x1e4440 (preset 0x2737),12.158,no,the line between them touches another wall,generic 0x1e4338 (preset 0x2736)
generic 0x1e4338 (preset 0x2736),generic 0x1e4440 (preset 0x2737),0.000,no,the line between them touches another wall,generic 0x1e4338 (preset 0x2736)
generic 0x1e4338 (preset 0x2736),generic 0x1e4440 (preset 0x2737),0.000,no,the line between them touches another wall,generic 0x1e4338 (preset 0x2736)
generic 0x1e4440 (preset 0x2737),generic 0x1e4440 (preset 0x2737),12.158,no,the line between them touches another wall,generic 0x1e4440 (preset 0x2737)
generic 0x1e4440 (preset 0x2737),generic 0x1e4440 (preset 0x2737),12.158,no,the line between them touches another wall,generic 0x1e4440 (preset 0x2737)
generic 0x1e4548 (preset 0x2738),generic 0x1e4650 (preset 0x2739),0.000,no,the line between them touches another wall,generic 0x1e4548 (preset 0x2738)
generic 0x1e4548 (preset 0x2738),generic 0x1e4548 (preset 0x2738),12.324,no,the line between them touches another wall,generic 0x1e4548 (preset 0x2738)
generic 0x1e4548 (preset 0x2738),generic 0x1e4650 (preset 0x2739),0.166,no,the line between them touches another wall,generic 0x1e4548 (preset 0x2738)
generic 0x1e4548 (preset 0x2738),generic 0x1e4650 (preset 0x2739),0.011,no,the line between them touches another wall,generic 0x1e4548 (preset 0x2738)
generic 0x1e4548 (preset 0x2738),generic 0x1e4650 (preset 0x2739),0.011,no,the line between them touches another wall,generic 0x1e4548 (preset 0x2738)
generic 0x1e4548 (preset 0x2738),generic 0x1e4650 (preset 0x2739),12.323,no,"another wall pokes into the space between them, so a tighter pair covers this gap",generic 0x1e4548 (preset 0x2738)
generic 0x1e4548 (preset 0x2738),generic 0x1e4548 (preset 0x2738),12.324,no,the line between them touches another wall,generic 0x1e4548 (preset 0x2738)
generic 0x1e4548 (preset 0x2738),generic 0x1e4650 (preset 0x2739),0.165,no,the line between them touches another wall,generic 0x1e4548 (preset 0x2738)
generic 0x1e4548 (preset 0x2738),generic 0x1e4650 (preset 0x2739),0.165,no,the line between them touches another wall,generic 0x1e4548 (preset 0x2738)
generic 0x1e4548 (preset 0x2738),generic 0x1e4650 (preset 0x2739),0.166,no,"another wall pokes into the space between them, so a tighter pair covers this gap",generic 0x1e4548 (preset 0x2738)
generic 0x1e4548 (preset 0x2738),generic 0x1e4650 (preset 0x2739),12.323,no,the line between them touches another wall,generic 0x1e4650 (preset 0x2739)
generic 0x1e4548 (preset 0x2738),generic 0x1e4650 (preset 0x2739),0.000,no,the line between them touches another wall,generic 0x1e4548 (preset 0x2738)
generic 0x1e4548 (preset 0x2738),generic 0x1e4650 (preset 0x2739),12.158,no,"another wall pokes into the space between them, so a tighter pair covers this gap",generic 0x1e4548 (preset 0x2738)
generic 0x1e4548 (preset 0x2738),generic 0x1e4650 (preset 0x2739),0.000,no,the line between them touches another wall,generic 0x1e4548 (preset 0x2738)
generic 0x1e4548 (preset 0x2738),generic 0x1e4650 (preset 0x2739),0.000,no,the line between them touches another wall,generic 0x1e4548 (preset 0x2738)
generic 0x1e4548 (preset 0x2738),generic 0x1e4650 (preset 0x2739),0.000,no,the line between them touches another wall,generic 0x1e4548 (preset 0x2738)
generic 0x1e4548 (preset 0x2738),generic 0x1e4650 (preset 0x2739),0.000,no,"another wall pokes into the space between them, so a tighter pair covers this gap",generic 0x1e4548 (preset 0x2738)
generic 0x1e4548 (preset 0x2738),generic 0x1e4650 (preset 0x2739),12.158,no,the line between them touches another wall,generic 0x1e4650 (preset 0x2739)
generic 0x1e4548 (preset 0x2738),generic 0x1e4650 (preset 0x2739),0.000,no,the line between them touches another wall,generic 0x1e4548 (preset 0x2738)
generic 0x1e4548 (preset 0x2738),generic 0x1e4650 (preset 0x2739),0.000,no,the line between them touches another wall,generic 0x1e4548 (preset 0x2738)
generic 0x1e4650 (preset 0x2739),generic 0x1e4650 (preset 0x2739),12.158,no,the line between them touches another wall,generic 0x1e4650 (preset 0x2739)
generic 0x1e4650 (preset 0x2739),generic 0x1e4650 (preset 0x2739),12.158,no,the line between them touches another wall,generic 0x1e4650 (preset 0x2739)
generic 0x1e4758 (preset 0x273a),generic 0x1e4860 (preset 0x273b),2.085,no,the line between them touches another wall,generic 0x1e4758 (preset 0x273a)
generic 0x1e4758 (preset 0x273a),generic 0x1e4860 (preset 0x273b),23.049,no,"another wall pokes into the space between them, so a tighter pair covers this gap",generic 0x1e4758 (preset 0x273a)
generic 0x1e4758 (preset 0x273a),generic 0x1e4860 (preset 0x273b),2.085,no,the line between them touches another wall,generic 0x1e4758 (preset 0x273a)
generic 0x1e4758 (preset 0x273a),generic 0x1e4968 (preset 0x273c),26.184,no,"another wall pokes into the space between them, so a tighter pair covers this gap",generic 0x1e4968 (preset 0x273c)
generic 0x1e4758 (preset 0x273a),generic 0x1e4968 (preset 0x273c),24.409,no,"another wall pokes into the space between them, so a tighter pair covers this gap",generic 0x1e4968 (preset 0x273c)
generic 0x1e4758 (preset 0x273a),generic 0x1e4968 (preset 0x273c),22.950,yes,,
generic 0x1e4758 (preset 0x273a),generic 0x1e4968 (preset 0x273c),22.950,no,"another wall pokes into the space between them, so a tighter pair covers this gap",generic 0x1e4968 (preset 0x273c)
generic 0x1e4758 (preset 0x273a),generic 0x1e4860 (preset 0x273b),1.729,no,the line between them touches another wall,generic 0x1e4860 (preset 0x273b)
generic 0x1e4758 (preset 0x273a),generic 0x1e4860 (preset 0x273b),8.401,no,the line between them touches another wall,generic 0x1e4758 (preset 0x273a)
generic 0x1e4758 (preset 0x273a),generic 0x1e4968 (preset 0x273c),26.184,no,"another wall pokes into the space between them, so a tighter pair covers this gap",generic 0x1e4968 (preset 0x273c)
generic 0x1e4758 (preset 0x273a),generic 0x1e4968 (preset 0x273c),24.409,no,"another wall pokes into the space between them, so a tighter pair covers this gap",generic 0x1e4968 (preset 0x273c)
generic 0x1e4758 (preset 0x273a),generic 0x1e4968 (preset 0x273c),22.950,yes,,
generic 0x1e4758 (preset 0x273a),generic 0x1e4860 (preset 0x273b),11.073,no,the line between them touches another wall,generic 0x1e4860 (preset 0x273b)
generic 0x1e4758 (preset 0x273a),generic 0x1e4860 (preset 0x273b),1.729,no,the line between them touches another wall,generic 0x1e4860 (preset 0x273b)
generic 0x1e4758 (preset 0x273a),generic 0x1e4860 (preset 0x273b),55.532,no,"another wall pokes into the space between them, so a tighter pair covers this gap",generic 0x1e4758 (preset 0x273a)
generic 0x1e4758 (preset 0x273a),generic 0x1e4860 (preset 0x273b),24.837,no,"another wall pokes into the space between them, so a tighter pair covers this gap",generic 0x1e4758 (preset 0x273a)
generic 0x1e4758 (preset 0x273a),generic 0x1e4968 (preset 0x273c),24.388,no,"another wall pokes into the space between them, so a tighter pair covers this gap",generic 0x1e4758 (preset 0x273a)
generic 0x1e4758 (preset 0x273a),generic 0x1e4968 (preset 0x273c),24.388,no,"another wall pokes into the space between them, so a tighter pair covers this gap",generic 0x1e4758 (preset 0x273a)
generic 0x1e4860 (preset 0x273b),generic 0x1e4968 (preset 0x273c),32.676,no,"another wall pokes into the space between them, so a tighter pair covers this gap",generic 0x1e4968 (preset 0x273c)
generic 0x1e4860 (preset 0x273b),generic 0x1e4968 (preset 0x273c),30.101,no,"another wall pokes into the space between them, so a tighter pair covers this gap",generic 0x1e4968 (preset 0x273c)
generic 0x1e4860 (preset 0x273b),generic 0x1e4968 (preset 0x273c),25.035,yes,,
generic 0x1e4860 (preset 0x273b),generic 0x1e4968 (preset 0x273c),47.275,no,"another wall pokes into the space between them, so a tighter pair covers this gap",generic 0x1e4860 (preset 0x273b)
generic 0x1e4860 (preset 0x273b),generic 0x1e4968 (preset 0x273c),47.275,no,"another wall pokes into the space between them, so a tighter pair covers this gap",generic 0x1e4860 (preset 0x273b)
generic 0x1e4860 (preset 0x273b),generic 0x1e4968 (preset 0x273c),32.676,no,"another wall pokes into the space between them, so a tighter pair covers this gap",generic 0x1e4968 (preset 0x273c)
generic 0x1e4860 (preset 0x273b),generic 0x1e4968 (preset 0x273c),30.101,no,"another wall pokes into the space between them, so a tighter pair covers this gap",generic 0x1e4968 (preset 0x273c)
generic 0x1e4860 (preset 0x273b),generic 0x1e4968 (preset 0x273c),25.035,yes,,
generic 0x1e4860 (preset 0x273b),generic 0x1e4968 (preset 0x273c),41.017,no,"another wall pokes into the space between them, so a tighter pair covers this gap",generic 0x1e4968 (preset 0x273c)
generic 0x1e4968 (preset 0x273c),generic 0x1e4968 (preset 0x273c),4.272,no,the line between them touches another wall,generic 0x1e4968 (preset 0x273c)
generic 0x1e4968 (preset 0x273c),generic 0x1e4968 (preset 0x273c),4.272,no,the line between them touches another wall,generic 0x1e4968 (preset 0x273c)
generic 0x1e4a70 (preset 0x273d),generic 0x1e4a70 (preset 0x273d),0.000,no,the line between them touches another wall,generic 0x1e4a70 (preset 0x273d)
generic 0x1e4a70 (preset 0x273d),generic 0x1e4af0 (preset 0x273e),3.723,no,the line between them touches another wall,generic 0x1e4af0 (preset 0x273e)
generic 0x1e4a70 (preset 0x273d),generic 0x1e4af0 (preset 0x273e),3.723,no,the line between them touches another wall,generic 0x1e4af0 (preset 0x273e)
generic 0x1e4a70 (preset 0x273d),generic 0x1e4af0 (preset 0x273e),29.730,no,"another wall pokes into the space between them, so a tighter pair covers this gap",generic 0x1e4af0 (preset 0x273e)
generic 0x1e4a70 (preset 0x273d),generic 0x1e4af0 (preset 0x273e),3.723,no,the line between them touches another wall,generic 0x1e4af0 (preset 0x273e)
generic 0x1e4a70 (preset 0x273d),generic 0x1e4af0 (preset 0x273e),3.723,no,the line between them touches another wall,generic 0x1e4af0 (preset 0x273e)
generic 0x1e4a70 (preset 0x273d),generic 0x1e4af0 (preset 0x273e),0.066,no,the line between them touches another wall,generic 0x1e4a70 (preset 0x273d)
generic 0x1e4a70 (preset 0x273d),generic 0x1e4af0 (preset 0x273e),59.575,no,the line between them touches another wall,generic 0x1e4af0 (preset 0x273e)
generic 0x1e4a70 (preset 0x273d),generic 0x1e4af0 (preset 0x273e),3.191,no,the line between them touches another wall,generic 0x1e4af0 (preset 0x273e)
generic 0x1e4a70 (preset 0x273d),generic 0x1e4af0 (preset 0x273e),3.191,no,"another wall pokes into the space between them, so a tighter pair covers this gap",generic 0x1e4af0 (preset 0x273e)
generic 0x1e4a70 (preset 0x273d),generic 0x1e4af0 (preset 0x273e),59.575,no,the line between them touches another wall,generic 0x1e4a70 (preset 0x273d)
generic 0x1e4a70 (preset 0x273d),generic 0x1e4a70 (preset 0x273d),0.000,no,the line between them touches another wall,generic 0x1e4a70 (preset 0x273d)
generic 0x1e4a70 (preset 0x273d),generic 0x1e4af0 (preset 0x273e),58.222,no,"another wall pokes into the space between them, so a tighter pair covers this gap",generic 0x1e4a70 (preset 0x273d)
generic 0x1e4a70 (preset 0x273d),generic 0x1e4af0 (preset 0x273e),58.222,no,"another wall pokes into the space between them, so a tighter pair covers this gap",generic 0x1e4a70 (preset 0x273d)
generic 0x1e4a70 (preset 0x273d),generic 0x1e4af0 (preset 0x273e),58.222,no,"another wall pokes into the space between them, so a tighter pair covers this gap",generic 0x1e4a70 (preset 0x273d)
generic 0x1e4a70 (preset 0x273d),generic 0x1e4af0 (preset 0x273e),29.960,no,"another wall pokes into the space between them, so a tighter pair covers this gap",generic 0x1e4a70 (preset 0x273d)
generic 0x1e4a70 (preset 0x273d),generic 0x1e4af0 (preset 0x273e),30.901,no,"another wall pokes into the space between them, so a tighter pair covers this gap",generic 0x1e4a70 (preset 0x273d)
generic 0x1e4af0 (preset 0x273e),generic 0x1e4af0 (preset 0x273e),0.000,no,the line between them touches another wall,generic 0x1e4af0 (preset 0x273e)
generic 0x1e4af0 (preset 0x273e),generic 0x1e4af0 (preset 0x273e),0.000,no,the line between them touches another wall,generic 0x1e4af0 (preset 0x273e)
generic 0x1e4b70 (preset 0x273f),generic 0x1e4b70 (preset 0x273f),0.000,no,neither wall could be placed on a tile,
generic 0x1e4b70 (preset 0x273f),generic 0x1e4b70 (preset 0x273f),0.000,no,the line between them touches another wall,generic 0x1e4b70 (preset 0x273f)
generic 0x1e4bf0 (preset 0x2740),generic 0x1e4c70 (preset 0x2741),23.135,no,"another wall pokes into the space between them, so a tighter pair covers this gap",generic 0x1e4bf0 (preset 0x2740)
generic 0x1e4bf0 (preset 0x2740),generic 0x1e4c70 (preset 0x2741),43.300,no,"another wall pokes into the space between them, so a tighter pair covers this gap",generic 0x1e4bf0 (preset 0x2740)
generic 0x1e4bf0 (preset 0x2740),generic 0x1e4c70 (preset 0x2741),21.321,no,"another wall pokes into the space between them, so a tighter pair covers this gap",generic 0x1e4bf0 (preset 0x2740)
generic 0x1e4bf0 (preset 0x2740),generic 0x1e4c70 (preset 0x2741),40.730,no,"another wall pokes into the space between them, so a tighter pair covers this gap",generic 0x1e4bf0 (preset 0x2740)
generic 0x1e4bf0 (preset 0x2740),generic 0x1e4cf0 (preset 0x2742),29.366,no,"another wall pokes into the space between them, so a tighter pair covers this gap",generic 0x1e4bf0 (preset 0x2740)
generic 0x1e4bf0 (preset 0x2740),generic 0x1e4cf0 (preset 0x2742),33.992,no,"another wall pokes into the space between them, so a tighter pair covers this gap",generic 0x1e4cf0 (preset 0x2742)
generic 0x1e4bf0 (preset 0x2740),generic 0x1e4cf0 (preset 0x2742),51.639,no,"another wall pokes into the space between them, so a tighter pair covers this gap",generic 0x1e4bf0 (preset 0x2740)
generic 0x1e4bf0 (preset 0x2740),generic 0x1e4d70 (preset 0x2743),15.249,no,"another wall pokes into the space between them, so a tighter pair covers this gap",generic 0x1e4bf0 (preset 0x2740)
generic 0x1e4bf0 (preset 0x2740),generic 0x1e4d70 (preset 0x2743),15.249,no,"another wall pokes into the space between them, so a tighter pair covers this gap",generic 0x1e4bf0 (preset 0x2740)
generic 0x1e4bf0 (preset 0x2740),generic 0x1e4c70 (preset 0x2741),44.519,no,"another wall pokes into the space between them, so a tighter pair covers this gap",generic 0x1e4bf0 (preset 0x2740)
generic 0x1e4bf0 (preset 0x2740),generic 0x1e4c70 (preset 0x2741),20.720,no,"another wall pokes into the space between them, so a tighter pair covers this gap",generic 0x1e4bf0 (preset 0x2740)
generic 0x1e4bf0 (preset 0x2740),generic 0x1e4cf0 (preset 0x2742),4.194,yes,,
generic 0x1e4bf0 (preset 0x2740),generic 0x1e4cf0 (preset 0x2742),33.992,no,"another wall pokes into the space between them, so a tighter pair covers this gap",generic 0x1e4cf0 (preset 0x2742)
generic 0x1e4bf0 (preset 0x2740),generic 0x1e4cf0 (preset 0x2742),59.701,no,"another wall pokes into the space between them, so a tighter pair covers this gap",generic 0x1e4cf0 (preset 0x2742)
generic 0x1e4bf0 (preset 0x2740),generic 0x1e4cf0 (preset 0x2742),4.194,yes,,
generic 0x1e4bf0 (preset 0x2740),generic 0x1e4d70 (preset 0x2743),12.727,yes,,
generic 0x1e4bf0 (preset 0x2740),generic 0x1e4d70 (preset 0x2743),12.727,yes,,
generic 0x1e4bf0 (preset 0x2740),generic 0x1e4d70 (preset 0x2743),17.966,no,"another wall pokes into the space between them, so a tighter pair covers this gap",generic 0x1e4d70 (preset 0x2743)
generic 0x1e4bf0 (preset 0x2740),generic 0x1e4c70 (preset 0x2741),24.889,no,"another wall pokes into the space between them, so a tighter pair covers this gap",generic 0x1e4bf0 (preset 0x2740)
generic 0x1e4bf0 (preset 0x2740),generic 0x1e4c70 (preset 0x2741),44.812,no,"another wall pokes into the space between them, so a tighter pair covers this gap",generic 0x1e4bf0 (preset 0x2740)
generic 0x1e4bf0 (preset 0x2740),generic 0x1e4cf0 (preset 0x2742),9.554,no,"another wall pokes into the space between them, so a tighter pair covers this gap",generic 0x1e4bf0 (preset 0x2740)
generic 0x1e4bf0 (preset 0x2740),generic 0x1e4cf0 (preset 0x2742),59.701,no,"another wall pokes into the space between them, so a tighter pair covers this gap",generic 0x1e4cf0 (preset 0x2742)
generic 0x1e4bf0 (preset 0x2740),generic 0x1e4cf0 (preset 0x2742),9.531,no,"another wall pokes into the space between them, so a tighter pair covers this gap",generic 0x1e4bf0 (preset 0x2740)
generic 0x1e4bf0 (preset 0x2740),generic 0x1e4d70 (preset 0x2743),12.727,no,"another wall pokes into the space between them, so a tighter pair covers this gap",generic 0x1e4bf0 (preset 0x2740)
generic 0x1e4bf0 (preset 0x2740),generic 0x1e4d70 (preset 0x2743),53.198,no,"another wall pokes into the space between them, so a tighter pair covers this gap",generic 0x1e4bf0 (preset 0x2740)
generic 0x1e4bf0 (preset 0x2740),generic 0x1e4d70 (preset 0x2743),17.966,no,"another wall pokes into the space between them, so a tighter pair covers this gap",generic 0x1e4d70 (preset 0x2743)
generic 0x1e4c70 (preset 0x2741),generic 0x1e4d70 (preset 0x2743),59.413,no,"another wall pokes into the space between them, so a tighter pair covers this gap",generic 0x1e4c70 (preset 0x2741)
generic 0x1e4c70 (preset 0x2741),generic 0x1e4d70 (preset 0x2743),59.413,no,"another wall pokes into the space between them, so a tighter pair covers this gap",generic 0x1e4c70 (preset 0x2741)
generic 0x1e4c70 (preset 0x2741),generic 0x1e4cf0 (preset 0x2742),9.782,no,"another wall pokes into the space between them, so a tighter pair covers this gap",generic 0x1e4c70 (preset 0x2741)
generic 0x1e4c70 (preset 0x2741),generic 0x1e4cf0 (preset 0x2742),27.358,no,"another wall pokes into the space between them, so a tighter pair covers this gap",generic 0x1e4cf0 (preset 0x2742)
generic 0x1e4c70 (preset 0x2741),generic 0x1e4cf0 (preset 0x2742),35.424,no,"another wall pokes into the space between them, so a tighter pair covers this gap",generic 0x1e4cf0 (preset 0x2742)
generic 0x1e4c70 (preset 0x2741),generic 0x1e4d70 (preset 0x2743),7.518,no,"another wall pokes into the space between them, so a tighter pair covers this gap",generic 0x1e4d70 (preset 0x2743)
generic 0x1e4c70 (preset 0x2741),generic 0x1e4d70 (preset 0x2743),55.641,no,the line between them touches another wall,generic 0x1e4d70 (preset 0x2743)
generic 0x1e4c70 (preset 0x2741),generic 0x1e4cf0 (preset 0x2742),9.782,yes,,
generic 0x1e4c70 (preset 0x2741),generic 0x1e4cf0 (preset 0x2742),27.358,no,"another wall pokes into the space between them, so a tighter pair covers this gap",generic 0x1e4cf0 (preset 0x2742)
generic 0x1e4c70 (preset 0x2741),generic 0x1e4cf0 (preset 0x2742),9.782,yes,,
generic 0x1e4c70 (preset 0x2741),generic 0x1e4d70 (preset 0x2743),8.692,no,the line between them touches another wall,generic 0x1e4d70 (preset 0x2743)
generic 0x1e4c70 (preset 0x2741),generic 0x1e4d70 (preset 0x2743),27.804,no,"another wall pokes into the space between them, so a tighter pair covers this gap",generic 0x1e4d70 (preset 0x2743)
generic 0x1e4c70 (preset 0x2741),generic 0x1e4cf0 (preset 0x2742),29.119,no,"another wall pokes into the space between them, so a tighter pair covers this gap",generic 0x1e4c70 (preset 0x2741)
generic 0x1e4c70 (preset 0x2741),generic 0x1e4cf0 (preset 0x2742),29.119,no,"another wall pokes into the space between them, so a tighter pair covers this gap",generic 0x1e4c70 (preset 0x2741)
generic 0x1e4c70 (preset 0x2741),generic 0x1e4d70 (preset 0x2743),30.718,no,"another wall pokes into the space between them, so a tighter pair covers this gap",generic 0x1e4c70 (preset 0x2741)
generic 0x1e4c70 (preset 0x2741),generic 0x1e4d70 (preset 0x2743),30.812,no,"another wall pokes into the space between them, so a tighter pair covers this gap",generic 0x1e4c70 (preset 0x2741)
generic 0x1e4cf0 (preset 0x2742),generic 0x1e4cf0 (preset 0x2742),59.596,no,the line between them touches another wall,generic 0x1e4cf0 (preset 0x2742)
generic 0x1e4cf0 (preset 0x2742),generic 0x1e4d70 (preset 0x2743),39.727,no,"another wall pokes into the space between them, so a tighter pair covers this gap",generic 0x1e4cf0 (preset 0x2742)
generic 0x1e4cf0 (preset 0x2742),generic 0x1e4d70 (preset 0x2743),22.913,no,"another wall pokes into the space between them, so a tighter pair covers this gap",generic 0x1e4cf0 (preset 0x2742)
generic 0x1e4cf0 (preset 0x2742),generic 0x1e4cf0 (preset 0x2742),59.596,no,the line between them touches another wall,generic 0x1e4cf0 (preset 0x2742)
generic 0x1e4cf0 (preset 0x2742),generic 0x1e4d70 (preset 0x2743),22.917,no,"another wall pokes into the space between them, so a tighter pair covers this gap",generic 0x1e4cf0 (preset 0x2742)
generic 0x1e4cf0 (preset 0x2742),generic 0x1e4d70 (preset 0x2743),44.943,no,"another wall pokes into the space between them, so a tighter pair covers this gap",generic 0x1e4cf0 (preset 0x2742)
generic 0x1e4cf0 (preset 0x2742),generic 0x1e4ff0 (preset 0x2748),48.193,yes,,
generic 0x1e4cf0 (preset 0x2742),generic 0x1e4ff0 (preset 0x2748),48.193,yes,,
generic 0x1e4cf0 (preset 0x2742),generic 0x1e4d70 (preset 0x2743),43.915,no,"another wall pokes into the space between them, so a tighter pair covers this gap",generic 0x1e4cf0 (preset 0x2742)
generic 0x1e4cf0 (preset 0x2742),generic 0x1e4d70 (preset 0x2743),24.819,no,"another wall pokes into the space between them, so a tighter pair covers this gap",generic 0x1e4cf0 (preset 0x2742)
generic 0x1e4cf0 (preset 0x2742),generic 0x1e4ff0 (preset 0x2748),48.193,yes,,
generic 0x1e4cf0 (preset 0x2742),generic 0x1e4ff0 (preset 0x2748),48.193,yes,,
generic 0x1e4cf0 (preset 0x2742),generic 0x1e4d70 (preset 0x2743),43.906,no,"another wall pokes into the space between them, so a tighter pair covers this gap",generic 0x1e4cf0 (preset 0x2742)
generic 0x1e4cf0 (preset 0x2742),generic 0x1e4d70 (preset 0x2743),19.008,no,"another wall pokes into the space between them, so a tighter pair covers this gap",generic 0x1e4cf0 (preset 0x2742)
generic 0x1e4d70 (preset 0x2743),generic 0x1e4ff0 (preset 0x2748),48.528,yes,,
generic 0x1e4d70 (preset 0x2743),generic 0x1e4ff0 (preset 0x2748),48.528,yes,,
generic 0x1e4d70 (preset 0x2743),generic 0x1e4ff0 (preset 0x2748),48.528,yes,,
generic 0x1e4d70 (preset 0x2743),generic 0x1e4ff0 (preset 0x2748),48.528,yes,,
generic 0x1e4df0 (preset 0x2744),generic 0x1e4e70 (preset 0x2745),24.823,no,"another wall pokes into the space between them, so a tighter pair covers this gap",generic 0x1e4df0 (preset 0x2744)
generic 0x1e4df0 (preset 0x2744),generic 0x1e4e70 (preset 0x2745),43.906,no,"another wall pokes into the space between them, so a tighter pair covers this gap",generic 0x1e4df0 (preset 0x2744)
generic 0x1e4df0 (preset 0x2744),generic 0x1e4e70 (preset 0x2745),21.268,no,"another wall pokes into the space between them, so a tighter pair covers this gap",generic 0x1e4df0 (preset 0x2744)
generic 0x1e4df0 (preset 0x2744),generic 0x1e4e70 (preset 0x2745),39.718,no,"another wall pokes into the space between them, so a tighter pair covers this gap",generic 0x1e4df0 (preset 0x2744)
generic 0x1e4df0 (preset 0x2744),generic 0x1e4e70 (preset 0x2745),40.862,no,"another wall pokes into the space between them, so a tighter pair covers this gap",generic 0x1e4df0 (preset 0x2744)
generic 0x1e4df0 (preset 0x2744),generic 0x1e4e70 (preset 0x2745),19.008,no,"another wall pokes into the space between them, so a tighter pair covers this gap",generic 0x1e4df0 (preset 0x2744)
generic 0x1e4df0 (preset 0x2744),generic 0x1e4e70 (preset 0x2745),22.916,no,"another wall pokes into the space between them, so a tighter pair covers this gap",generic 0x1e4df0 (preset 0x2744)
generic 0x1e4df0 (preset 0x2744),generic 0x1e4e70 (preset 0x2745),44.943,no,"another wall pokes into the space between them, so a tighter pair covers this gap",generic 0x1e4df0 (preset 0x2744)
generic 0x1e4e70 (preset 0x2745),generic 0x1e4e70 (preset 0x2745),59.596,no,the line between them touches another wall,generic 0x1e4e70 (preset 0x2745)
generic 0x1e4e70 (preset 0x2745),generic 0x1e4e70 (preset 0x2745),59.596,no,the line between them touches another wall,generic 0x1e4e70 (preset 0x2745)
generic 0x1e4ef0 (preset 0x2746),generic 0x1e4f70 (preset 0x2747),44.943,no,"another wall pokes into the space between them, so a tighter pair covers this gap",wall of tile 33D719 (room 0x53)
generic 0x1e4ef0 (preset 0x2746),generic 0x1e4f70 (preset 0x2747),24.111,no,"another wall pokes into the space between them, so a tighter pair covers this gap",generic 0x1e4ef0 (preset 0x2746)
generic 0x1e4ef0 (preset 0x2746),generic 0x1e4f70 (preset 0x2747),21.269,no,"another wall pokes into the space between them, so a tighter pair covers this gap",wall of tile 274B18 (room 0x53)
generic 0x1e4ef0 (preset 0x2746),generic 0x1e4f70 (preset 0x2747),42.385,no,"another wall pokes into the space between them, so a tighter pair covers this gap",generic 0x1e4ef0 (preset 0x2746)
generic 0x1e4ef0 (preset 0x2746),generic 0x1e4f70 (preset 0x2747),44.943,no,"another wall pokes into the space between them, so a tighter pair covers this gap",generic 0x1e4ef0 (preset 0x2746)
generic 0x1e4ef0 (preset 0x2746),generic 0x1e4f70 (preset 0x2747),24.111,no,"another wall pokes into the space between them, so a tighter pair covers this gap",generic 0x1e4ef0 (preset 0x2746)
generic 0x1e4ef0 (preset 0x2746),generic 0x1e4f70 (preset 0x2747),42.385,no,"another wall pokes into the space between them, so a tighter pair covers this gap",generic 0x1e4ef0 (preset 0x2746)
generic 0x1e4ef0 (preset 0x2746),generic 0x1e4f70 (preset 0x2747),21.269,no,"another wall pokes into the space between them, so a tighter pair covers this gap",generic 0x1e4ef0 (preset 0x2746)
generic 0x1e5a70 (preset 0x005a),generic 0x1e5a70 (preset 0x005a),0.006,no,the line between them touches another wall,generic 0x1e5a70 (preset 0x005a)
generic 0x1e5a70 (preset 0x005a),generic 0x1e5c70 (preset 0x0066),48.949,yes,,
generic 0x1e5a70 (preset 0x005a),generic 0x1e5c70 (preset 0x0066),48.949,yes,,
generic 0x1e5a70 (preset 0x005a),generic 0x1e5c70 (preset 0x0066),48.959,no,"another wall pokes into the space between them, so a tighter pair covers this gap",generic 0x1e5c70 (preset 0x0066)
generic 0x1e5a70 (preset 0x005a),glass 0x1e6680 (preset 0x2715),39.814,yes,,
generic 0x1e5a70 (preset 0x005a),glass 0x1e6680 (preset 0x2715),41.557,no,the line between them touches another wall,glass 0x1e6680 (preset 0x2715)
generic 0x1e5a70 (preset 0x005a),generic 0x1e5a70 (preset 0x005a),0.006,no,the line between them touches another wall,generic 0x1e5a70 (preset 0x005a)
generic 0x1e5a70 (preset 0x005a),generic 0x1e5c70 (preset 0x0066),52.847,no,"another wall pokes into the space between them, so a tighter pair covers this gap",generic 0x1e5a70 (preset 0x005a)
generic 0x1e5a70 (preset 0x005a),generic 0x1e5c70 (preset 0x0066),52.847,no,"another wall pokes into the space between them, so a tighter pair covers this gap",generic 0x1e5a70 (preset 0x005a)
generic 0x1e5a70 (preset 0x005a),glass 0x1e6680 (preset 0x2715),39.469,yes,,
generic 0x1e5a70 (preset 0x005a),glass 0x1e6680 (preset 0x2715),43.969,no,"another wall pokes into the space between them, so a tighter pair covers this gap",wall of tile 32BA18 (room 0x6c)
generic 0x1e5a70 (preset 0x005a),glass 0x1e6680 (preset 0x2715),41.212,no,the line between them touches another wall,glass 0x1e6680 (preset 0x2715)
generic 0x1e5a70 (preset 0x005a),glass 0x1e6680 (preset 0x2715),39.469,yes,,
generic 0x1e5a70 (preset 0x005a),glass 0x1e6680 (preset 0x2715),43.969,no,"another wall pokes into the space between them, so a tighter pair covers this gap",wall of tile 32BA18 (room 0x6c)
generic 0x1e5a70 (preset 0x005a),glass 0x1e6680 (preset 0x2715),41.212,no,the line between them touches another wall,glass 0x1e6680 (preset 0x2715)
generic 0x1e5a70 (preset 0x005a),glass 0x1e6680 (preset 0x2715),39.814,yes,,
generic 0x1e5a70 (preset 0x005a),glass 0x1e6680 (preset 0x2715),41.557,no,the line between them touches another wall,glass 0x1e6680 (preset 0x2715)
generic 0x1e5cf0 (preset 0x005d),generic 0x1e5cf0 (preset 0x005d),0.006,no,the line between them touches another wall,generic 0x1e5cf0 (preset 0x005d)
generic 0x1e5cf0 (preset 0x005d),generic 0x1e5ef0 (preset 0x0067),35.479,yes,,
generic 0x1e5cf0 (preset 0x005d),generic 0x1e5ef0 (preset 0x0067),35.479,yes,,
generic 0x1e5cf0 (preset 0x005d),glass 0x1e6600 (preset 0x2714),53.861,no,"another wall pokes into the space between them, so a tighter pair covers this gap",generic 0x1e5cf0 (preset 0x005d)
generic 0x1e5cf0 (preset 0x005d),glass 0x1e6600 (preset 0x2714),55.599,no,the line between them touches another wall,glass 0x1e6600 (preset 0x2714)
generic 0x1e5cf0 (preset 0x005d),glass 0x1e6680 (preset 0x2715),40.371,no,the line between them touches another wall,glass 0x1e6680 (preset 0x2715)
generic 0x1e5cf0 (preset 0x005d),glass 0x1e6680 (preset 0x2715),38.629,yes,,
generic 0x1e5cf0 (preset 0x005d),generic 0x1e5cf0 (preset 0x005d),0.006,no,the line between them touches another wall,generic 0x1e5cf0 (preset 0x005d)
generic 0x1e5cf0 (preset 0x005d),glass 0x1e6680 (preset 0x2715),40.371,no,the line between them touches another wall,glass 0x1e6680 (preset 0x2715)
generic 0x1e5cf0 (preset 0x005d),glass 0x1e6680 (preset 0x2715),45.792,no,the line between them touches another wall,glass 0x1e6680 (preset 0x2715)
generic 0x1e5cf0 (preset 0x005d),glass 0x1e6680 (preset 0x2715),38.629,yes,,
generic 0x1e5cf0 (preset 0x005d),glass 0x1e6680 (preset 0x2715),40.717,no,the line between them touches another wall,glass 0x1e6680 (preset 0x2715)
generic 0x1e5cf0 (preset 0x005d),glass 0x1e6680 (preset 0x2715),45.789,no,the line between them touches another wall,glass 0x1e6680 (preset 0x2715)
generic 0x1e5cf0 (preset 0x005d),glass 0x1e6680 (preset 0x2715),38.974,yes,,
generic 0x1e5cf0 (preset 0x005d),glass 0x1e6600 (preset 0x2714),53.516,yes,,
generic 0x1e5cf0 (preset 0x005d),glass 0x1e6600 (preset 0x2714),56.382,no,"another wall pokes into the space between them, so a tighter pair covers this gap",wall of tile 32BA18 (room 0x6c)
generic 0x1e5cf0 (preset 0x005d),glass 0x1e6600 (preset 0x2714),55.254,no,the line between them touches another wall,glass 0x1e6600 (preset 0x2714)
generic 0x1e5cf0 (preset 0x005d),glass 0x1e6680 (preset 0x2715),40.717,no,the line between them touches another wall,glass 0x1e6680 (preset 0x2715)
generic 0x1e5cf0 (preset 0x005d),glass 0x1e6680 (preset 0x2715),45.789,no,the line between them touches another wall,glass 0x1e6680 (preset 0x2715)
generic 0x1e5cf0 (preset 0x005d),glass 0x1e6680 (preset 0x2715),38.974,yes,,
generic 0x1e5cf0 (preset 0x005d),glass 0x1e6600 (preset 0x2714),53.516,yes,,
generic 0x1e5cf0 (preset 0x005d),glass 0x1e6600 (preset 0x2714),56.382,no,"another wall pokes into the space between them, so a tighter pair covers this gap",wall of tile 32BA18 (room 0x6c)
generic 0x1e5cf0 (preset 0x005d),glass 0x1e6600 (preset 0x2714),55.254,no,the line between them touches another wall,glass 0x1e6600 (preset 0x2714)
generic 0x1e5cf0 (preset 0x005d),glass 0x1e6600 (preset 0x2714),53.861,no,"another wall pokes into the space between them, so a tighter pair covers this gap",generic 0x1e5cf0 (preset 0x005d)
generic 0x1e5cf0 (preset 0x005d),glass 0x1e6600 (preset 0x2714),55.599,no,the line between them touches another wall,glass 0x1e6600 (preset 0x2714)
generic 0x1e5ef0 (preset 0x0067),glass 0x1e6680 (preset 0x2715),57.565,no,the line between them touches another wall,glass 0x1e6680 (preset 0x2715)
generic 0x1e5ef0 (preset 0x0067),glass 0x1e6680 (preset 0x2715),55.822,yes,,
generic 0x1e5ef0 (preset 0x0067),glass 0x1e6680 (preset 0x2715),57.565,no,the line between them touches another wall,glass 0x1e6680 (preset 0x2715)
generic 0x1e5ef0 (preset 0x0067),glass 0x1e6680 (preset 0x2715),55.822,yes,,
generic 0x1e5f70 (preset 0x0060),generic 0x1e5f70 (preset 0x0060),0.006,no,the line between them touches another wall,generic 0x1e5f70 (preset 0x0060)
generic 0x1e5f70 (preset 0x0060),generic 0x1e6170 (preset 0x0068),41.840,yes,,
generic 0x1e5f70 (preset 0x0060),generic 0x1e6170 (preset 0x0068),41.840,yes,,
generic 0x1e5f70 (preset 0x0060),generic 0x1e6170 (preset 0x0068),49.603,no,"another wall pokes into the space between them, so a tighter pair covers this gap",generic 0x1e6170 (preset 0x0068)
generic 0x1e5f70 (preset 0x0060),glass 0x1e6580 (preset 0x2712),41.885,yes,,
generic 0x1e5f70 (preset 0x0060),glass 0x1e6580 (preset 0x2712),43.624,no,the line between them touches another wall,glass 0x1e6580 (preset 0x2712)
generic 0x1e5f70 (preset 0x0060),glass 0x1e6600 (preset 0x2714),29.754,no,the line between them touches another wall,glass 0x1e6600 (preset 0x2714)
generic 0x1e5f70 (preset 0x0060),glass 0x1e6600 (preset 0x2714),28.016,yes,,
generic 0x1e5f70 (preset 0x0060),generic 0x1e5f70 (preset 0x0060),0.006,no,the line between them touches another wall,generic 0x1e5f70 (preset 0x0060)
generic 0x1e5f70 (preset 0x0060),generic 0x1e6170 (preset 0x0068),59.892,no,"another wall pokes into the space between them, so a tighter pair covers this gap",generic 0x1e5f70 (preset 0x0060)
generic 0x1e5f70 (preset 0x0060),generic 0x1e6170 (preset 0x0068),59.892,no,"another wall pokes into the space between them, so a tighter pair covers this gap",generic 0x1e5f70 (preset 0x0060)
generic 0x1e5f70 (preset 0x0060),glass 0x1e6600 (preset 0x2714),29.754,no,the line between them touches another wall,glass 0x1e6600 (preset 0x2714)
generic 0x1e5f70 (preset 0x0060),glass 0x1e6600 (preset 0x2714),34.451,no,the line between them touches another wall,glass 0x1e6600 (preset 0x2714)
generic 0x1e5f70 (preset 0x0060),glass 0x1e6600 (preset 0x2714),28.016,yes,,
generic 0x1e5f70 (preset 0x0060),glass 0x1e6600 (preset 0x2714),30.099,no,the line between them touches another wall,glass 0x1e6600 (preset 0x2714)
generic 0x1e5f70 (preset 0x0060),glass 0x1e6600 (preset 0x2714),34.448,no,the line between them touches another wall,glass 0x1e6600 (preset 0x2714)
generic 0x1e5f70 (preset 0x0060),glass 0x1e6600 (preset 0x2714),28.361,yes,,
generic 0x1e5f70 (preset 0x0060),glass 0x1e6580 (preset 0x2712),41.540,yes,,
generic 0x1e5f70 (preset 0x0060),glass 0x1e6580 (preset 0x2712),45.881,no,"another wall pokes into the space between them, so a tighter pair covers this gap",wall of tile 32BB19 (room 0x6b)
generic 0x1e5f70 (preset 0x0060),glass 0x1e6580 (preset 0x2712),43.278,no,the line between them touches another wall,glass 0x1e6580 (preset 0x2712)
generic 0x1e5f70 (preset 0x0060),glass 0x1e6600 (preset 0x2714),30.099,no,the line between them touches another wall,glass 0x1e6600 (preset 0x2714)
generic 0x1e5f70 (preset 0x0060),glass 0x1e6600 (preset 0x2714),34.448,no,the line between them touches another wall,glass 0x1e6600 (preset 0x2714)
generic 0x1e5f70 (preset 0x0060),glass 0x1e6600 (preset 0x2714),28.361,yes,,
generic 0x1e5f70 (preset 0x0060),glass 0x1e6580 (preset 0x2712),41.540,yes,,
generic 0x1e5f70 (preset 0x0060),glass 0x1e6580 (preset 0x2712),45.881,no,"another wall pokes into the space between them, so a tighter pair covers this gap",wall of tile 32BB19 (room 0x6b)
generic 0x1e5f70 (preset 0x0060),glass 0x1e6580 (preset 0x2712),43.278,no,the line between them touches another wall,glass 0x1e6580 (preset 0x2712)
generic 0x1e5f70 (preset 0x0060),glass 0x1e6580 (preset 0x2712),41.885,yes,,
generic 0x1e5f70 (preset 0x0060),glass 0x1e6580 (preset 0x2712),43.624,no,the line between them touches another wall,glass 0x1e6580 (preset 0x2712)
generic 0x1e61f0 (preset 0x0063),generic 0x1e61f0 (preset 0x0063),0.006,no,the line between them touches another wall,generic 0x1e61f0 (preset 0x0063)
generic 0x1e61f0 (preset 0x0063),generic 0x1e63f0 (preset 0x0069),31.239,yes,,
generic 0x1e61f0 (preset 0x0063),generic 0x1e63f0 (preset 0x0069),31.239,yes,,
generic 0x1e61f0 (preset 0x0063),glass 0x1e6580 (preset 0x2712),41.730,no,the line between them touches another wall,glass 0x1e6580 (preset 0x2712)
generic 0x1e61f0 (preset 0x0063),glass 0x1e6580 (preset 0x2712),39.991,yes,,
generic 0x1e61f0 (preset 0x0063),generic 0x1e61f0 (preset 0x0063),0.006,no,the line between them touches another wall,generic 0x1e61f0 (preset 0x0063)
generic 0x1e61f0 (preset 0x0063),glass 0x1e6580 (preset 0x2712),41.730,no,the line between them touches another wall,glass 0x1e6580 (preset 0x2712)
generic 0x1e61f0 (preset 0x0063),glass 0x1e6580 (preset 0x2712),45.960,no,the line between them touches another wall,glass 0x1e6580 (preset 0x2712)
generic 0x1e61f0 (preset 0x0063),glass 0x1e6580 (preset 0x2712),39.991,yes,,
generic 0x1e61f0 (preset 0x0063),glass 0x1e6580 (preset 0x2712),42.075,no,the line between them touches another wall,glass 0x1e6580 (preset 0x2712)
generic 0x1e61f0 (preset 0x0063),glass 0x1e6580 (preset 0x2712),45.958,no,the line between them touches another wall,glass 0x1e6580 (preset 0x2712)
generic 0x1e61f0 (preset 0x0063),glass 0x1e6580 (preset 0x2712),40.337,yes,,
generic 0x1e61f0 (preset 0x0063),glass 0x1e6580 (preset 0x2712),42.075,no,the line between them touches another wall,glass 0x1e6580 (preset 0x2712)
generic 0x1e61f0 (preset 0x0063),glass 0x1e6580 (preset 0x2712),45.958,no,the line between them touches another wall,glass 0x1e6580 (preset 0x2712)
generic 0x1e61f0 (preset 0x0063),glass 0x1e6580 (preset 0x2712),40.337,yes,,
generic 0x1e61f0 (preset 0x0063),generic 0x1e63f0 (preset 0x0069),31.245,no,"another wall pokes into the space between them, so a tighter pair covers this gap",generic 0x1e61f0 (preset 0x0063)
generic 0x1e61f0 (preset 0x0063),generic 0x1e63f0 (preset 0x0069),31.245,no,"another wall pokes into the space between them, so a tighter pair covers this gap",generic 0x1e61f0 (preset 0x0063)
generic 0x1e61f0 (preset 0x0063),generic 0x1e63f0 (preset 0x0069),31.239,yes,,
generic 0x1e61f0 (preset 0x0063),generic 0x1e63f0 (preset 0x0069),31.239,yes,,
generic 0x1e63f0 (preset 0x0069),glass 0x1e6470 (preset 0x2711),22.028,yes,,
generic 0x1e63f0 (preset 0x0069),glass 0x1e6470 (preset 0x2711),23.771,no,the line between them touches another wall,glass 0x1e6470 (preset 0x2711)
generic 0x1e63f0 (preset 0x0069),glass 0x1e6470 (preset 0x2711),52.861,no,the line between them touches another wall,glass 0x1e6470 (preset 0x2711)
generic 0x1e63f0 (preset 0x0069),glass 0x1e6470 (preset 0x2711),22.028,yes,,
generic 0x1e63f0 (preset 0x0069),glass 0x1e6470 (preset 0x2711),23.771,no,the line between them touches another wall,glass 0x1e6470 (preset 0x2711)
generic 0x1e63f0 (preset 0x0069),glass 0x1e6470 (preset 0x2711),49.956,no,the line between them touches another wall,glass 0x1e6470 (preset 0x2711)
glass 0x1e6470 (preset 0x2711),glass 0x1e6470 (preset 0x2711),1.743,no,the line between them touches another wall,glass 0x1e6470 (preset 0x2711)
glass 0x1e6500 (preset 0x2713),glass 0x1e6500 (preset 0x2713),0.951,no,the line between them touches another wall,glass 0x1e6500 (preset 0x2713)
glass 0x1e6500 (preset 0x2713),generic 0x1e6710 (preset 0x0064),4.515,no,"another wall pokes into the space between them, so a tighter pair covers this gap",generic 0x1e6710 (preset 0x0064)
glass 0x1e6500 (preset 0x2713),generic 0x1e6710 (preset 0x0064),4.106,yes,,
glass 0x1e6500 (preset 0x2713),generic 0x1e6710 (preset 0x0064),4.106,yes,,
glass 0x1e6500 (preset 0x2713),generic 0x1e6710 (preset 0x0064),5.466,no,the line between them touches another wall,glass 0x1e6500 (preset 0x2713)
glass 0x1e6500 (preset 0x2713),generic 0x1e6710 (preset 0x0064),5.058,no,the line between them touches another wall,glass 0x1e6500 (preset 0x2713)
glass 0x1e6500 (preset 0x2713),generic 0x1e6710 (preset 0x0064),5.058,no,the line between them touches another wall,glass 0x1e6500 (preset 0x2713)
glass 0x1e6500 (preset 0x2713),generic 0x1e6710 (preset 0x0064),37.178,no,the line between them touches another wall,glass 0x1e6500 (preset 0x2713)
glass 0x1e6500 (preset 0x2713),generic 0x1e6710 (preset 0x0064),37.178,no,the line between them touches another wall,glass 0x1e6500 (preset 0x2713)
glass 0x1e6580 (preset 0x2712),glass 0x1e6580 (preset 0x2712),1.738,no,the line between them touches another wall,glass 0x1e6580 (preset 0x2712)
glass 0x1e6600 (preset 0x2714),glass 0x1e6600 (preset 0x2714),1.738,no,the line between them touches another wall,glass 0x1e6600 (preset 0x2714)
glass 0x1e6680 (preset 0x2715),glass 0x1e6680 (preset 0x2715),1.743,no,the line between them touches another wall,glass 0x1e6680 (preset 0x2715)
generic 0x1e6710 (preset 0x0064),generic 0x1e67a0 (preset 0x0065),41.000,no,"another wall pokes into the space between them, so a tighter pair covers this gap",generic 0x1e6710 (preset 0x0064)
generic 0x1e6710 (preset 0x0064),generic 0x1e67a0 (preset 0x0065),41.000,no,"another wall pokes into the space between them, so a tighter pair covers this gap",generic 0x1e6710 (preset 0x0064)
generic 0x1e6710 (preset 0x0064),generic 0x1e67a0 (preset 0x0065),40.997,no,"another wall pokes into the space between them, so a tighter pair covers this gap",generic 0x1e67a0 (preset 0x0065)
generic 0x1e6710 (preset 0x0064),generic 0x1e67a0 (preset 0x0065),41.000,no,"another wall pokes into the space between them, so a tighter pair covers this gap",generic 0x1e67a0 (preset 0x0065)
generic 0x1e6710 (preset 0x0064),generic 0x1e67a0 (preset 0x0065),40.997,yes,,
generic 0x1e6710 (preset 0x0064),generic 0x1e67a0 (preset 0x0065),41.000,no,"another wall pokes into the space between them, so a tighter pair covers this gap",generic 0x1e67a0 (preset 0x0065)
generic 0x1e6710 (preset 0x0064),generic 0x1e67a0 (preset 0x0065),40.997,yes,,
door 0x1e6840 (preset 0x0006),door 0x1e6840 (preset 0x0006),31.033,no,the line between them touches another wall,door 0x1e6840 (preset 0x0006)
door 0x1e6840 (preset 0x0006),door 0x1e6840 (preset 0x0006),34.240,no,the line between them touches another wall,door 0x1e6840 (preset 0x0006)
door 0x1e6840 (preset 0x0006),monitor 0x1e6ca4 (preset 0x2767),55.115,no,"the line between them leaves the walkable area (a wall's thickness, or another floor)",
door 0x1e6840 (preset 0x0006),monitor 0x1e6ca4 (preset 0x2767),55.117,no,"the line between them leaves the walkable area (a wall's thickness, or another floor)",
door 0x1e6840 (preset 0x0006),monitor 0x1e6ca4 (preset 0x2767),53.881,no,"the line between them leaves the walkable area (a wall's thickness, or another floor)",
door 0x1e6840 (preset 0x0006),monitor 0x1e6ca4 (preset 0x2767),53.881,no,"the line between them leaves the walkable area (a wall's thickness, or another floor)",
door 0x1e6840 (preset 0x0006),monitor 0x1e6ca4 (preset 0x2767),55.115,no,"the line between them leaves the walkable area (a wall's thickness, or another floor)",
door 0x1e6840 (preset 0x0006),monitor 0x1e6ca4 (preset 0x2767),55.117,no,"the line between them leaves the walkable area (a wall's thickness, or another floor)",
door 0x1e6840 (preset 0x0006),monitor 0x1e6ca4 (preset 0x2767),53.881,no,"the line between them leaves the walkable area (a wall's thickness, or another floor)",
door 0x1e6840 (preset 0x0006),monitor 0x1e6ca4 (preset 0x2767),53.881,no,"the line between them leaves the walkable area (a wall's thickness, or another floor)",
door 0x1e6940 (preset 0x0009),door 0x1e6940 (preset 0x0009),0.000,no,the line between them touches another wall,door 0x1e6940 (preset 0x0009)
door 0x1e6940 (preset 0x0009),door 0x1e6940 (preset 0x0009),38.521,no,the line between them touches another wall,door 0x1e6940 (preset 0x0009)
door 0x1e6940 (preset 0x0009),door 0x1e6940 (preset 0x0009),38.521,no,neither wall could be placed on a tile,
door 0x1e6940 (preset 0x0009),door 0x1e6940 (preset 0x0009),38.521,no,neither wall could be placed on a tile,
door 0x1e6940 (preset 0x0009),monitor 0x1e716c (preset 0x2769),38.545,no,neither wall could be placed on a tile,
door 0x1e6940 (preset 0x0009),monitor 0x1e716c (preset 0x2769),38.547,no,neither wall could be placed on a tile,
door 0x1e6940 (preset 0x0009),monitor 0x1e716c (preset 0x2769),36.758,no,neither wall could be placed on a tile,
door 0x1e6940 (preset 0x0009),monitor 0x1e716c (preset 0x2769),36.758,no,neither wall could be placed on a tile,
door 0x1e6940 (preset 0x0009),door 0x1e6940 (preset 0x0009),0.000,no,neither wall could be placed on a tile,
door 0x1e6940 (preset 0x0009),monitor 0x1e716c (preset 0x2769),38.545,no,neither wall could be placed on a tile,
door 0x1e6940 (preset 0x0009),monitor 0x1e716c (preset 0x2769),38.547,no,neither wall could be placed on a tile,
door 0x1e6940 (preset 0x0009),monitor 0x1e716c (preset 0x2769),36.758,no,neither wall could be placed on a tile,
door 0x1e6940 (preset 0x0009),monitor 0x1e716c (preset 0x2769),36.758,no,neither wall could be placed on a tile,
door 0x1e6940 (preset 0x0009),monitor 0x1e716c (preset 0x2769),53.244,no,neither wall could be placed on a tile,
door 0x1e6940 (preset 0x0009),monitor 0x1e716c (preset 0x2769),53.244,no,neither wall could be placed on a tile,
door 0x1e6940 (preset 0x0009),monitor 0x1e716c (preset 0x2769),53.244,no,neither wall could be placed on a tile,
door 0x1e6940 (preset 0x0009),monitor 0x1e716c (preset 0x2769),53.244,no,neither wall could be placed on a tile,
monitor 0x1e6a40 (preset 0x2766),monitor 0x1e6a40 (preset 0x2766),50.600,no,the line between them touches another wall,monitor 0x1e6a40 (preset 0x2766)
monitor 0x1e6a40 (preset 0x2766),monitor 0x1e6a40 (preset 0x2766),51.910,no,the line between them touches another wall,monitor 0x1e6a40 (preset 0x2766)
monitor 0x1e6a40 (preset 0x2766),monitor 0x1e6a40 (preset 0x2766),11.601,no,the line between them touches another wall,monitor 0x1e6a40 (preset 0x2766)
monitor 0x1e6a40 (preset 0x2766),monitor 0x1e6a40 (preset 0x2766),11.601,no,neither wall could be placed on a tile,
monitor 0x1e6a40 (preset 0x2766),monitor 0x1e6a40 (preset 0x2766),11.601,no,neither wall could be placed on a tile,
monitor 0x1e6a40 (preset 0x2766),monitor 0x1e6a40 (preset 0x2766),0.002,no,the line between them touches another wall,monitor 0x1e6a40 (preset 0x2766)
monitor 0x1e6a40 (preset 0x2766),monitor 0x1e6a40 (preset 0x2766),0.002,no,the line between them touches another wall,monitor 0x1e6a40 (preset 0x2766)
monitor 0x1e6a40 (preset 0x2766),monitor 0x1e6a40 (preset 0x2766),50.602,no,the line between them touches another wall,monitor 0x1e6a40 (preset 0x2766)
monitor 0x1e6a40 (preset 0x2766),monitor 0x1e6a40 (preset 0x2766),50.600,no,the line between them touches another wall,monitor 0x1e6a40 (preset 0x2766)
monitor 0x1e6ca4 (preset 0x2767),monitor 0x1e6ca4 (preset 0x2767),50.600,no,the line between them touches another wall,monitor 0x1e6ca4 (preset 0x2767)
monitor 0x1e6ca4 (preset 0x2767),monitor 0x1e6ca4 (preset 0x2767),51.910,no,"the line between them leaves the walkable area (a wall's thickness, or another floor)",
monitor 0x1e6ca4 (preset 0x2767),monitor 0x1e6ca4 (preset 0x2767),11.601,no,"the line between them leaves the walkable area (a wall's thickness, or another floor)",
monitor 0x1e6ca4 (preset 0x2767),monitor 0x1e6ca4 (preset 0x2767),11.601,no,"the line between them leaves the walkable area (a wall's thickness, or another floor)",
monitor 0x1e6ca4 (preset 0x2767),monitor 0x1e6ca4 (preset 0x2767),11.601,no,"the line between them leaves the walkable area (a wall's thickness, or another floor)",
monitor 0x1e6ca4 (preset 0x2767),monitor 0x1e6ca4 (preset 0x2767),0.002,no,the line between them touches another wall,monitor 0x1e6ca4 (preset 0x2767)
monitor 0x1e6ca4 (preset 0x2767),monitor 0x1e6ca4 (preset 0x2767),0.002,no,neither wall could be placed on a tile,
monitor 0x1e6ca4 (preset 0x2767),monitor 0x1e6ca4 (preset 0x2767),50.602,no,the line between them touches another wall,monitor 0x1e6ca4 (preset 0x2767)
monitor 0x1e6ca4 (preset 0x2767),monitor 0x1e6ca4 (preset 0x2767),50.600,no,neither wall could be placed on a tile,
monitor 0x1e6f08 (preset 0x2768),monitor 0x1e6f08 (preset 0x2768),50.600,no,neither wall could be placed on a tile,
monitor 0x1e6f08 (preset 0x2768),monitor 0x1e6f08 (preset 0x2768),51.910,no,neither wall could be placed on a tile,
monitor 0x1e6f08 (preset 0x2768),monitor 0x1e6f08 (preset 0x2768),11.600,no,neither wall could be placed on a tile,
monitor 0x1e6f08 (preset 0x2768),monitor 0x1e6f08 (preset 0x2768),11.600,no,neither wall could be placed on a tile,
monitor 0x1e6f08 (preset 0x2768),monitor 0x1e6f08 (preset 0x2768),11.601,no,neither wall could be placed on a tile,
monitor 0x1e6f08 (preset 0x2768),monitor 0x1e6f08 (preset 0x2768),0.002,no,neither wall could be placed on a tile,
monitor 0x1e6f08 (preset 0x2768),monitor 0x1e6f08 (preset 0x2768),0.002,no,the line between them touches another wall,monitor 0x1e6f08 (preset 0x2768)
monitor 0x1e6f08 (preset 0x2768),monitor 0x1e6f08 (preset 0x2768),50.602,no,the line between them touches another wall,monitor 0x1e6f08 (preset 0x2768)
monitor 0x1e6f08 (preset 0x2768),monitor 0x1e6f08 (preset 0x2768),50.600,no,the line between them touches another wall,monitor 0x1e6f08 (preset 0x2768)
monitor 0x1e716c (preset 0x2769),monitor 0x1e716c (preset 0x2769),50.600,no,"the line between them leaves the walkable area (a wall's thickness, or another floor)",
monitor 0x1e716c (preset 0x2769),monitor 0x1e716c (preset 0x2769),51.910,no,"the line between them leaves the walkable area (a wall's thickness, or another floor)",
monitor 0x1e716c (preset 0x2769),monitor 0x1e716c (preset 0x2769),11.600,no,"the line between them leaves the walkable area (a wall's thickness, or another floor)",
monitor 0x1e716c (preset 0x2769),monitor 0x1e716c (preset 0x2769),11.600,no,neither wall could be placed on a tile,
monitor 0x1e716c (preset 0x2769),monitor 0x1e716c (preset 0x2769),11.601,no,neither wall could be placed on a tile,
monitor 0x1e716c (preset 0x2769),monitor 0x1e716c (preset 0x2769),0.002,no,the line between them touches another wall,monitor 0x1e716c (preset 0x2769)
monitor 0x1e716c (preset 0x2769),monitor 0x1e716c (preset 0x2769),0.002,no,neither wall could be placed on a tile,
monitor 0x1e716c (preset 0x2769),monitor 0x1e716c (preset 0x2769),50.602,no,neither wall could be placed on a tile,
monitor 0x1e716c (preset 0x2769),monitor 0x1e716c (preset 0x2769),50.600,no,neither wall could be placed on a tile,
door 0x1e7410 (preset 0x0013),door 0x1e7410 (preset 0x0013),0.070,no,neither wall could be placed on a tile,
door 0x1e7410 (preset 0x0013),door 0x1e7410 (preset 0x0013),54.784,no,"the line between them leaves the walkable area (a wall's thickness, or another floor)",
door 0x1e7410 (preset 0x0013),door 0x1e7410 (preset 0x0013),54.783,no,neither wall could be placed on a tile,
door 0x1e7410 (preset 0x0013),door 0x1e7410 (preset 0x0013),54.783,no,neither wall could be placed on a tile,
door 0x1e7410 (preset 0x0013),door 0x1e7410 (preset 0x0013),0.070,no,neither wall could be placed on a tile,
door 0x1e7510 (preset 0x0015),door 0x1e7510 (preset 0x0015),0.001,no,neither wall could be placed on a tile,
door 0x1e7510 (preset 0x0015),door 0x1e7510 (preset 0x0015),39.088,no,"the line between them leaves the walkable area (a wall's thickness, or another floor)",
door 0x1e7510 (preset 0x0015),door 0x1e7510 (preset 0x0015),39.087,no,"the line between them leaves the walkable area (a wall's thickness, or another floor)",
door 0x1e7510 (preset 0x0015),door 0x1e7510 (preset 0x0015),39.087,no,neither wall could be placed on a tile,
door 0x1e7510 (preset 0x0015),door 0x1e7510 (preset 0x0015),0.001,no,neither wall could be placed on a tile,
door 0x1e7610 (preset 0x000a),door 0x1e7610 (preset 0x000a),0.000,no,neither wall could be placed on a tile,
door 0x1e7610 (preset 0x000a),door 0x1e7610 (preset 0x000a),15.414,no,neither wall could be placed on a tile,
door 0x1e7610 (preset 0x000a),door 0x1e7610 (preset 0x000a),15.413,no,the line between them touches another wall,door 0x1e7610 (preset 0x000a)
door 0x1e7610 (preset 0x000a),door 0x1e7710 (preset 0x000b),0.000,no,the line between them touches another wall,door 0x1e7610 (preset 0x000a)
door 0x1e7610 (preset 0x000a),door 0x1e7710 (preset 0x000b),0.000,no,the line between them touches another wall,door 0x1e7610 (preset 0x000a)
door 0x1e7610 (preset 0x000a),door 0x1e7710 (preset 0x000b),0.000,no,the line between them touches another wall,door 0x1e7710 (preset 0x000b)
door 0x1e7610 (preset 0x000a),door 0x1e7710 (preset 0x000b),15.483,no,the line between them touches another wall,door 0x1e7610 (preset 0x000a)
door 0x1e7610 (preset 0x000a),door 0x1e7610 (preset 0x000a),15.413,no,neither wall could be placed on a tile,
door 0x1e7610 (preset 0x000a),door 0x1e7610 (preset 0x000a),0.000,no,the line between them touches another wall,door 0x1e7610 (preset 0x000a)
door 0x1e7610 (preset 0x000a),door 0x1e7710 (preset 0x000b),15.413,no,the line between them touches another wall,door 0x1e7610 (preset 0x000a)
door 0x1e7610 (preset 0x000a),door 0x1e7710 (preset 0x000b),15.413,no,the line between them touches another wall,door 0x1e7610 (preset 0x000a)
door 0x1e7610 (preset 0x000a),door 0x1e7710 (preset 0x000b),0.069,no,"another wall pokes into the space between them, so a tighter pair covers this gap",door 0x1e7710 (preset 0x000b)
door 0x1e7610 (preset 0x000a),door 0x1e7710 (preset 0x000b),15.413,no,the line between them touches another wall,door 0x1e7610 (preset 0x000a)
door 0x1e7610 (preset 0x000a),door 0x1e7710 (preset 0x000b),15.432,no,the line between them touches another wall,door 0x1e7610 (preset 0x000a)
door 0x1e7610 (preset 0x000a),door 0x1e7710 (preset 0x000b),0.761,no,the line between them touches another wall,door 0x1e7610 (preset 0x000a)
door 0x1e7610 (preset 0x000a),door 0x1e7710 (preset 0x000b),0.069,no,the line between them touches another wall,door 0x1e7710 (preset 0x000b)
door 0x1e7610 (preset 0x000a),door 0x1e7710 (preset 0x000b),0.761,no,the line between them touches another wall,door 0x1e7610 (preset 0x000a)
door 0x1e7610 (preset 0x000a),door 0x1e7710 (preset 0x000b),0.761,no,the line between them touches another wall,door 0x1e7610 (preset 0x000a)
door 0x1e7610 (preset 0x000a),door 0x1e7710 (preset 0x000b),0.069,no,the line between them touches another wall,door 0x1e7610 (preset 0x000a)
door 0x1e7710 (preset 0x000b),door 0x1e7710 (preset 0x000b),0.000,no,the line between them touches another wall,door 0x1e7710 (preset 0x000b)
door 0x1e7710 (preset 0x000b),door 0x1e7710 (preset 0x000b),15.483,no,the line between them touches another wall,door 0x1e7710 (preset 0x000b)
door 0x1e7710 (preset 0x000b),door 0x1e7710 (preset 0x000b),15.482,no,the line between them touches another wall,door 0x1e7710 (preset 0x000b)
door 0x1e7710 (preset 0x000b),door 0x1e7710 (preset 0x000b),15.482,no,the line between them touches another wall,door 0x1e7710 (preset 0x000b)
door 0x1e7710 (preset 0x000b),door 0x1e7710 (preset 0x000b),0.000,no,the line between them touches another wall,door 0x1e7710 (preset 0x000b)
door 0x1e78b0 (preset 0x0014),door 0x1e78b0 (preset 0x0014),0.000,no,neither wall could be placed on a tile,
door 0x1e78b0 (preset 0x0014),door 0x1e78b0 (preset 0x0014),15.414,no,neither wall could be placed on a tile,
door 0x1e78b0 (preset 0x0014),door 0x1e78b0 (preset 0x0014),15.413,no,neither wall could be placed on a tile,
door 0x1e78b0 (preset 0x0014),door 0x1e78b0 (preset 0x0014),15.413,no,neither wall could be placed on a tile,
door 0x1e78b0 (preset 0x0014),door 0x1e78b0 (preset 0x0014),0.000,no,neither wall could be placed on a tile,
door 0x1e7b50 (preset 0x0012),door 0x1e7b50 (preset 0x0012),0.000,no,neither wall could be placed on a tile,
door 0x1e7b50 (preset 0x0012),door 0x1e7b50 (preset 0x0012),21.400,no,the line between them touches another wall,door 0x1e7b50 (preset 0x0012)
door 0x1e7b50 (preset 0x0012),door 0x1e7b50 (preset 0x0012),21.400,no,neither wall could be placed on a tile,
door 0x1e7b50 (preset 0x0012),door 0x1e7b50 (preset 0x0012),21.400,no,neither wall could be placed on a tile,
door 0x1e7b50 (preset 0x0012),door 0x1e7b50 (preset 0x0012),0.000,no,neither wall could be placed on a tile,
door 0x1e7c50 (preset 0x000c),door 0x1e7c50 (preset 0x000c),13.530,no,neither wall could be placed on a tile,
door 0x1e7c50 (preset 0x000c),door 0x1e7d50 (preset 0x000d),4.170,no,"another wall pokes into the space between them, so a tighter pair covers this gap",door 0x1e7c50 (preset 0x000c)
door 0x1e7c50 (preset 0x000c),door 0x1e7d50 (preset 0x000d),4.170,no,"another wall pokes into the space between them, so a tighter pair covers this gap",door 0x1e7c50 (preset 0x000c)
door 0x1e7c50 (preset 0x000c),door 0x1e7d50 (preset 0x000d),15.157,no,"another wall pokes into the space between them, so a tighter pair covers this gap",door 0x1e7c50 (preset 0x000c)
door 0x1e7c50 (preset 0x000c),door 0x1e7d50 (preset 0x000d),3.970,yes,,
door 0x1e7c50 (preset 0x000c),door 0x1e7d50 (preset 0x000d),4.023,no,"another wall pokes into the space between them, so a tighter pair covers this gap",door 0x1e7d50 (preset 0x000d)
door 0x1e7c50 (preset 0x000c),door 0x1e7d50 (preset 0x000d),4.115,no,"another wall pokes into the space between them, so a tighter pair covers this gap",door 0x1e7d50 (preset 0x000d)
door 0x1e7c50 (preset 0x000c),door 0x1e7d50 (preset 0x000d),3.970,yes,,
door 0x1e7c50 (preset 0x000c),door 0x1e7d50 (preset 0x000d),13.064,no,"another wall pokes into the space between them, so a tighter pair covers this gap",door 0x1e7c50 (preset 0x000c)
door 0x1e7c50 (preset 0x000c),door 0x1e7d50 (preset 0x000d),4.115,no,"another wall pokes into the space between them, so a tighter pair covers this gap",door 0x1e7d50 (preset 0x000d)
door 0x1e7d50 (preset 0x000d),door 0x1e7d50 (preset 0x000d),13.528,no,neither wall could be placed on a tile,
door 0x1e7e50 (preset 0x000e),door 0x1e7e50 (preset 0x000e),8.787,no,neither wall could be placed on a tile,
door 0x1e7e50 (preset 0x000e),door 0x1e7f50 (preset 0x000f),0.004,no,"another wall pokes into the space between them, so a tighter pair covers this gap",door 0x1e7e50 (preset 0x000e)
door 0x1e7e50 (preset 0x000e),door 0x1e7f50 (preset 0x000f),0.004,no,"another wall pokes into the space between them, so a tighter pair covers this gap",door 0x1e7e50 (preset 0x000e)
door 0x1e7e50 (preset 0x000e),door 0x1e7f50 (preset 0x000f),8.787,no,the line between them touches another wall,door 0x1e7e50 (preset 0x000e)
door 0x1e7e50 (preset 0x000e),door 0x1e7f50 (preset 0x000f),0.001,no,"another wall pokes into the space between them, so a tighter pair covers this gap",door 0x1e7f50 (preset 0x000f)
door 0x1e7e50 (preset 0x000e),door 0x1e7f50 (preset 0x000f),0.000,no,the line between them touches another wall,door 0x1e7f50 (preset 0x000f)
door 0x1e7e50 (preset 0x000e),door 0x1e7f50 (preset 0x000f),0.000,no,the line between them touches another wall,door 0x1e7e50 (preset 0x000e)
door 0x1e7e50 (preset 0x000e),door 0x1e7f50 (preset 0x000f),8.783,no,the line between them touches another wall,door 0x1e7f50 (preset 0x000f)
door 0x1e7f50 (preset 0x000f),door 0x1e7f50 (preset 0x000f),8.783,no,neither wall could be placed on a tile,
door 0x1e8050 (preset 0x0010),door 0x1e8050 (preset 0x0010),0.000,no,the line between them touches another wall,door 0x1e8050 (preset 0x0010)
door 0x1e8050 (preset 0x0010),door 0x1e8050 (preset 0x0010),10.158,no,neither wall could be placed on a tile,
door 0x1e8050 (preset 0x0010),door 0x1e8050 (preset 0x0010),10.158,no,neither wall could be placed on a tile,
door 0x1e8050 (preset 0x0010),door 0x1e8150 (preset 0x0011),2.565,no,the line between them touches another wall,door 0x1e8150 (preset 0x0011)
door 0x1e8050 (preset 0x0010),door 0x1e8150 (preset 0x0011),10.960,no,the line between them touches another wall,door 0x1e8050 (preset 0x0010)
door 0x1e8050 (preset 0x0010),door 0x1e8050 (preset 0x0010),10.158,no,the line between them touches another wall,door 0x1e8050 (preset 0x0010)
door 0x1e8050 (preset 0x0010),door 0x1e8150 (preset 0x0011),2.565,no,the line between them touches another wall,door 0x1e8150 (preset 0x0011)
door 0x1e8050 (preset 0x0010),door 0x1e8150 (preset 0x0011),10.965,no,the line between them touches another wall,door 0x1e8050 (preset 0x0010)
door 0x1e8050 (preset 0x0010),door 0x1e8150 (preset 0x0011),1.058,no,the line between them touches another wall,door 0x1e8050 (preset 0x0010)
door 0x1e8050 (preset 0x0010),door 0x1e8150 (preset 0x0011),2.565,no,the line between them touches another wall,door 0x1e8050 (preset 0x0010)
door 0x1e8050 (preset 0x0010),door 0x1e8150 (preset 0x0011),0.807,no,the line between them touches another wall,door 0x1e8150 (preset 0x0011)
door 0x1e8050 (preset 0x0010),door 0x1e8150 (preset 0x0011),1.058,no,the line between them touches another wall,door 0x1e8050 (preset 0x0010)
door 0x1e8050 (preset 0x0010),door 0x1e8050 (preset 0x0010),0.000,no,neither wall could be placed on a tile,
door 0x1e8050 (preset 0x0010),door 0x1e8150 (preset 0x0011),12.723,no,the line between them touches another wall,door 0x1e8150 (preset 0x0011)
door 0x1e8050 (preset 0x0010),door 0x1e8150 (preset 0x0011),0.803,no,"another wall pokes into the space between them, so a tighter pair covers this gap",door 0x1e8150 (preset 0x0011)
door 0x1e8150 (preset 0x0011),door 0x1e8150 (preset 0x0011),13.530,no,neither wall could be placed on a tile,
door 0x1e8250 (preset 0x003d),door 0x1e8250 (preset 0x003d),0.005,no,neither wall could be placed on a tile,
door 0x1e8250 (preset 0x003d),door 0x1e8250 (preset 0x003d),18.176,no,neither wall could be placed on a tile,
door 0x1e8250 (preset 0x003d),door 0x1e8250 (preset 0x003d),18.176,no,"the line between them leaves the walkable area (a wall's thickness, or another floor)",
door 0x1e8250 (preset 0x003d),door 0x1e8250 (preset 0x003d),18.177,no,neither wall could be placed on a tile,
door 0x1e8250 (preset 0x003d),door 0x1e8250 (preset 0x003d),0.005,no,neither wall could be placed on a tile,
door 0x1e8350 (preset 0x003f),door 0x1e8350 (preset 0x003f),0.005,no,the line between them touches another wall,door 0x1e8350 (preset 0x003f)
door 0x1e8350 (preset 0x003f),door 0x1e8350 (preset 0x003f),14.131,no,the line between them touches another wall,door 0x1e8350 (preset 0x003f)
door 0x1e8350 (preset 0x003f),door 0x1e8350 (preset 0x003f),14.131,no,"the line between them leaves the walkable area (a wall's thickness, or another floor)",
door 0x1e8350 (preset 0x003f),door 0x1e8350 (preset 0x003f),14.133,no,the line between them touches another wall,door 0x1e8350 (preset 0x003f)
door 0x1e8350 (preset 0x003f),door 0x1e8350 (preset 0x003f),0.005,no,neither wall could be placed on a tile,
door 0x1e8450 (preset 0x0041),door 0x1e8450 (preset 0x0041),0.006,no,neither wall could be placed on a tile,
door 0x1e8450 (preset 0x0041),door 0x1e8450 (preset 0x0041),17.125,no,neither wall could be placed on a tile,
door 0x1e8450 (preset 0x0041),door 0x1e8450 (preset 0x0041),17.125,no,neither wall could be placed on a tile,
door 0x1e8450 (preset 0x0041),door 0x1e8450 (preset 0x0041),17.126,no,neither wall could be placed on a tile,
door 0x1e8450 (preset 0x0041),door 0x1e8450 (preset 0x0041),0.006,no,neither wall could be placed on a tile,
door 0x1e8550 (preset 0x0044),door 0x1e8550 (preset 0x0044),14.126,no,"the line between them leaves the walkable area (a wall's thickness, or another floor)",
door 0x1e8550 (preset 0x0044),door 0x1e8550 (preset 0x0044),14.126,no,the line between them touches another wall,door 0x1e8550 (preset 0x0044)
door 0x1e8550 (preset 0x0044),door 0x1e8550 (preset 0x0044),14.128,no,"the line between them leaves the walkable area (a wall's thickness, or another floor)",
door 0x1e8550 (preset 0x0044),door 0x1e8550 (preset 0x0044),0.006,no,the line between them touches another wall,door 0x1e8550 (preset 0x0044)
door 0x1e8550 (preset 0x0044),door 0x1e8550 (preset 0x0044),0.006,no,the line between them touches another wall,door 0x1e8550 (preset 0x0044)
glass 0x1e880c (preset 0x2750),glass 0x1e880c (preset 0x2750),0.005,no,neither wall could be placed on a tile,
